slug	route	subject	predicate	source_target	target	source	fact_type	sub	object	prior	status	reason
2-Methylbutyryl-CoA_Dehydrogenase_Deficiency	ordo	ORDO:79157	skos:broadMatch	ICD-10:E71.1	ICD10:E71.1	ordo.db	ProperSubClassOf	ORDO:79157	ICD10:E71.1	0.9	INCLUDED	NA
3-Hydroxy-3-Methylglutaric_Aciduria	ordo	ORDO:20	skos:broadMatch	ICD-10:E71.1	ICD10:E71.1	ordo.db	ProperSubClassOf	ORDO:20	ICD10:E71.1	0.9	INCLUDED	NA
3-Hydroxy-3-Methylglutaryl-CoA_Synthase_Deficiency	ordo	ORDO:35701	skos:broadMatch	ICD-10:E71.3	ICD10:E71.3	ordo.db	ProperSubClassOf	ORDO:35701	ICD10:E71.3	0.9	INCLUDED	NA
3-Hydroxyisobutyryl-CoA_Hydrolase_Deficiency	ordo	ORDO:88639	skos:broadMatch	ICD-10:E71.1	ICD10:E71.1	ordo.db	ProperSubClassOf	ORDO:88639	ICD10:E71.1	0.9	INCLUDED	NA
3-M_Syndrome	ordo	ORDO:2616	skos:broadMatch	ICD-10:Q87.1	ICD10:Q87.1	ordo.db	ProperSubClassOf	ORDO:2616	ICD10:Q87.1	0.9	INCLUDED	NA
3-Methylcrotonyl-CoA_Carboxylase_Deficiency	ordo	ORDO:6	skos:broadMatch	ICD-10:E71.1	ICD10:E71.1	ordo.db	ProperSubClassOf	ORDO:6	ICD10:E71.1	0.9	INCLUDED	NA
3-Methylglutaconic_Aciduria_Type_I	ordo	ORDO:67046	skos:broadMatch	ICD-10:E71.1	ICD10:E71.1	ordo.db	ProperSubClassOf	ORDO:67046	ICD10:E71.1	0.9	INCLUDED	NA
3-Phosphoglycerate_Dehydrogenase_Deficiency	ordo	ORDO:583607	skos:broadMatch	ICD-10:Q87.8	ICD10:Q87.8	ordo.db	ProperSubClassOf	ORDO:583607	ICD10:Q87.8	0.9	INCLUDED	NA
3-Phosphoglycerate_Dehydrogenase_Deficiency	ordo	ORDO:79351	skos:broadMatch	ICD-10:E72.8	ICD10:E72.8	ordo.db	ProperSubClassOf	ORDO:79351	ICD10:E72.8	0.9	INCLUDED	NA
3-methylglutaconic_Aciduria_With_Deafness_Encephalopathy_And_Leigh-like_Syndrome	ordo	ORDO:352328	skos:broadMatch	ICD-10:E71.1	ICD10:E71.1	ordo.db	ProperSubClassOf	ORDO:352328	ICD10:E71.1	0.9	INCLUDED	NA
3MC_Syndrome	ordo	ORDO:293843	skos:broadMatch	ICD-10:Q87.8	ICD10:Q87.8	ordo.db	ProperSubClassOf	ORDO:293843	ICD10:Q87.8	0.9	INCLUDED	NA
46_XX_Gonadal_Dysgenesis	ordo	ORDO:243	skos:exactMatch	ICD-10:Q99.1	ICD10:Q99.1	ordo.db	EquivalentTo	ORDO:243	ICD10:Q99.1	0.95	INCLUDED	NA
46_XX_Gonadal_Dysgenesis	ordo	ORDO:444048	skos:broadMatch	ICD-10:Q96.8	ICD10:Q96.8	ordo.db	ProperSubClassOf	ORDO:444048	ICD10:Q96.8	0.9	INCLUDED	NA
46_XX_Testicular_DSD	ordo	ORDO:393	skos:broadMatch	ICD-10:Q99.1	ICD10:Q99.1	ordo.db	ProperSubClassOf	ORDO:393	ICD10:Q99.1	0.9	INCLUDED	NA
46_XY_DSD_Due_to_17_Beta_Hydroxysteroid_Dehydrogenase_3_Deficiency	ordo	ORDO:752	skos:broadMatch	ICD-10:E29.1	ICD10:E29.1	ordo.db	ProperSubClassOf	ORDO:752	ICD10:E29.1	0.9	INCLUDED	NA
46_XY_DSD_Due_to_5_Alpha_Reductase_2_Deficiency	ordo	ORDO:753	skos:broadMatch	ICD-10:E29.1	ICD10:E29.1	ordo.db	ProperSubClassOf	ORDO:753	ICD10:E29.1	0.9	INCLUDED	NA
46_XY_Partial_Gonadal_Dysgenesis	ordo	ORDO:251510	skos:broadMatch	ICD-10:Q56.1	ICD10:Q56.1	ordo.db	ProperSubClassOf	ORDO:251510	ICD10:Q56.1	0.9	INCLUDED	NA
46_XY_complete_gonadal_dysgenesis	ordo	ORDO:242	skos:broadMatch	ICD-10:Q99.1	ICD10:Q99.1	ordo.db	ProperSubClassOf	ORDO:242	ICD10:Q99.1	0.9	INCLUDED	NA
5-Oxoprolinase_Deficiency	ordo	ORDO:33572	skos:broadMatch	ICD-10:E72.8	ICD10:E72.8	ordo.db	ProperSubClassOf	ORDO:33572	ICD10:E72.8	0.9	INCLUDED	NA
ACAD9_Deficiency	ordo	ORDO:99901	skos:broadMatch	ICD-10:E71.3	ICD10:E71.3	ordo.db	ProperSubClassOf	ORDO:99901	ICD10:E71.3	0.9	INCLUDED	NA
ACys_Amyloidosis	ordo	ORDO:100008	skos:broadMatch	ICD-10:E85.4+	ICD10:E85.4+	ordo.db	NA	NA	NA	NA	REVIEW	Target absent from classification; retain code qualifiers for review
ACys_Amyloidosis	ordo	ORDO:100008	skos:broadMatch	ICD-10:I68.0*	ICD10:I68.0*	ordo.db	NA	NA	NA	NA	REVIEW	Target absent from classification; retain code qualifiers for review
ADCA-DN	ordo	ORDO:314404	skos:broadMatch	ICD-10:G11.2	ICD10:G11.2	ordo.db	ProperSubClassOf	ORDO:314404	ICD10:G11.2	0.9	INCLUDED	NA
ADGRG1_Bilateral_Frontoparietal_Polymicrogyria	ordo	ORDO:101070	skos:broadMatch	ICD-10:Q04.3	ICD10:Q04.3	ordo.db	ProperSubClassOf	ORDO:101070	ICD10:Q04.3	0.9	INCLUDED	NA
ADNP-Related_Syndrome	ordo	ORDO:404448	skos:broadMatch	ICD-10:Q87.0	ICD10:Q87.0	ordo.db	ProperSubClassOf	ORDO:404448	ICD10:Q87.0	0.9	INCLUDED	NA
ADan_amyloidosis	ordo	ORDO:97346	skos:broadMatch	ICD-10:E85.4+	ICD10:E85.4+	ordo.db	NA	NA	NA	NA	REVIEW	Target absent from classification; retain code qualifiers for review
ADan_amyloidosis	ordo	ORDO:97346	skos:broadMatch	ICD-10:I68.0*	ICD10:I68.0*	ordo.db	NA	NA	NA	NA	REVIEW	Target absent from classification; retain code qualifiers for review
AFG2A-Related_Encephalopathy	ordo	ORDO:457351	skos:broadMatch	ICD-10:Q02	ICD10:Q02	ordo.db	ProperSubClassOf	ORDO:457351	ICD10:Q02	0.9	INCLUDED	NA
AGAT_Deficiency	ordo	ORDO:35704	skos:broadMatch	ICD-10:E72.8	ICD10:E72.8	ordo.db	ProperSubClassOf	ORDO:35704	ICD10:E72.8	0.9	INCLUDED	NA
AHCY_Deficiency	ordo	ORDO:88618	skos:broadMatch	ICD-10:E72.1	ICD10:E72.1	ordo.db	ProperSubClassOf	ORDO:88618	ICD10:E72.1	0.9	INCLUDED	NA
ALDH18A1_De_Barsy_Spectrum	ordo	ORDO:35664	skos:broadMatch	ICD-10:Q87.8	ICD10:Q87.8	ordo.db	ProperSubClassOf	ORDO:35664	ICD10:Q87.8	0.9	INCLUDED	NA
ALDH18A1_De_Barsy_Spectrum	ordo	ORDO:447753	skos:broadMatch	ICD-10:G11.4	ICD10:G11.4	ordo.db	ProperSubClassOf	ORDO:447753	ICD10:G11.4	0.9	INCLUDED	NA
ALDH18A1_De_Barsy_Spectrum	ordo	ORDO:447760	skos:broadMatch	ICD-10:G11.4	ICD10:G11.4	ordo.db	ProperSubClassOf	ORDO:447760	ICD10:G11.4	0.9	INCLUDED	NA
ALG1-Congenital_Disorder_of_Glycosylation	ordo	ORDO:79327	skos:broadMatch	ICD-10:E77.8	ICD10:E77.8	ordo.db	ProperSubClassOf	ORDO:79327	ICD10:E77.8	0.9	INCLUDED	NA
ALG11-Congenital_Disorder_of_Glycosylation	ordo	ORDO:280071	skos:broadMatch	ICD-10:E77.8	ICD10:E77.8	ordo.db	ProperSubClassOf	ORDO:280071	ICD10:E77.8	0.9	INCLUDED	NA
ALG12_Congenital_Disorder_of_Glycosylation	ordo	ORDO:79324	skos:broadMatch	ICD-10:E77.8	ICD10:E77.8	ordo.db	ProperSubClassOf	ORDO:79324	ICD10:E77.8	0.9	INCLUDED	NA
ALG3-Congenital_Disorder_of_Glycosylation	ordo	ORDO:79321	skos:broadMatch	ICD-10:E77.8	ICD10:E77.8	ordo.db	ProperSubClassOf	ORDO:79321	ICD10:E77.8	0.9	INCLUDED	NA
ALG6-Congenital_Disorder_of_Glycosylation	ordo	ORDO:79320	skos:broadMatch	ICD-10:E77.8	ICD10:E77.8	ordo.db	ProperSubClassOf	ORDO:79320	ICD10:E77.8	0.9	INCLUDED	NA
ALG9-congenital_disorder_of_glycosylation	ordo	ORDO:79328	skos:broadMatch	ICD-10:E77.8	ICD10:E77.8	ordo.db	ProperSubClassOf	ORDO:79328	ICD10:E77.8	0.9	INCLUDED	NA
ARX-Related_Lissencephaly_and_Interneuronopathy	ordo	ORDO:452	skos:broadMatch	ICD-10:Q04.3	ICD10:Q04.3	ordo.db	ProperSubClassOf	ORDO:452	ICD10:Q04.3	0.9	INCLUDED	NA
AR_Cerebellar_Ataxia-Saccadic_Intrusion_Syndrome	ordo	ORDO:95434	skos:broadMatch	ICD-10:G11.1	ICD10:G11.1	ordo.db	ProperSubClassOf	ORDO:95434	ICD10:G11.1	0.9	INCLUDED	NA
ATRX_Syndrome	ordo	ORDO:847	skos:broadMatch	ICD-10:D56.0	ICD10:D56.0	ordo.db	ProperSubClassOf	ORDO:847	ICD10:D56.0	0.9	INCLUDED	NA
ATTR_Amyloidosis	ordo	ORDO:271861	skos:broadMatch	ICD-10:E85.1	ICD10:E85.1	ordo.db	ProperSubClassOf	ORDO:271861	ICD10:E85.1	0.9	INCLUDED	NA
Abetalipoproteinemia	ordo	ORDO:14	skos:broadMatch	ICD-10:E78.6	ICD10:E78.6	ordo.db	ProperSubClassOf	ORDO:14	ICD10:E78.6	0.9	INCLUDED	NA
Acatalasia	ordo	ORDO:926	skos:exactMatch	ICD-10:E80.3	ICD10:E80.3	ordo.db	EquivalentTo	ORDO:926	ICD10:E80.3	0.95	INCLUDED	NA
Achondrogenesis_Type_II	ordo	ORDO:93296	skos:broadMatch	ICD-10:Q77.0	ICD10:Q77.0	ordo.db	ProperSubClassOf	ORDO:93296	ICD10:Q77.0	0.9	INCLUDED	NA
Achondroplasia	ordo	ORDO:15	skos:exactMatch	ICD-10:Q77.4	ICD10:Q77.4	ordo.db	EquivalentTo	ORDO:15	ICD10:Q77.4	0.95	INCLUDED	NA
Achromatopsia	ordo	ORDO:49382	skos:broadMatch	ICD-10:H53.5	ICD10:H53.5	ordo.db	ProperSubClassOf	ORDO:49382	ICD10:H53.5	0.9	INCLUDED	NA
Acrocallosal_Syndrome	ordo	ORDO:36	skos:broadMatch	ICD-10:Q04.0	ICD10:Q04.0	ordo.db	ProperSubClassOf	ORDO:36	ICD10:Q04.0	0.9	INCLUDED	NA
Acrodysostosis	ordo	ORDO:950	skos:broadMatch	ICD-10:Q75.4	ICD10:Q75.4	ordo.db	ProperSubClassOf	ORDO:950	ICD10:Q75.4	0.9	INCLUDED	NA
Acromesomelic_Dysplasia_Grebe_Type	ordo	ORDO:2098	skos:broadMatch	ICD-10:Q78.8	ICD10:Q78.8	ordo.db	ProperSubClassOf	ORDO:2098	ICD10:Q78.8	0.9	INCLUDED	NA
Acromesomelic_Dysplasia_Grebe_Type	ordo	ORDO:968	skos:broadMatch	ICD-10:Q78.8	ICD10:Q78.8	ordo.db	ProperSubClassOf	ORDO:968	ICD10:Q78.8	0.9	INCLUDED	NA
Acromesomelic_Dysplasia_Maroteaux_Type	ordo	ORDO:40	skos:broadMatch	ICD-10:Q77.8	ICD10:Q77.8	ordo.db	ProperSubClassOf	ORDO:40	ICD10:Q77.8	0.9	INCLUDED	NA
Activated_PI3K-delta_Syndrome	ordo	ORDO:397596	skos:broadMatch	ICD-10:D81.8	ICD10:D81.8	ordo.db	ProperSubClassOf	ORDO:397596	ICD10:D81.8	0.9	INCLUDED	NA
Acute_Intermittent_Porphyria	ordo	ORDO:79276	skos:broadMatch	ICD-10:E80.2	ICD10:E80.2	ordo.db	ProperSubClassOf	ORDO:79276	ICD10:E80.2	0.9	INCLUDED	NA
Adenine_Phosphoribosyltransferase_Deficiency	ordo	ORDO:976	skos:broadMatch	ICD-10:E79.8	ICD10:E79.8	ordo.db	ProperSubClassOf	ORDO:976	ICD10:E79.8	0.9	INCLUDED	NA
Adenosine_Kinase_Deficiency	ordo	ORDO:289290	skos:broadMatch	ICD-10:E72.1	ICD10:E72.1	ordo.db	ProperSubClassOf	ORDO:289290	ICD10:E72.1	0.9	INCLUDED	NA
Adenylosuccinate_Lyase_Deficiency	ordo	ORDO:46	skos:broadMatch	ICD-10:E79.8	ICD10:E79.8	ordo.db	ProperSubClassOf	ORDO:46	ICD10:E79.8	0.9	INCLUDED	NA
Adult-Onset_Proximal_Spinal_Muscular_Atrophy_Autosomal_Dominant	dismech	dismech:Adult-Onset_Proximal_Spinal_Muscular_Atrophy_Autosomal_Dominant	skos:broadMatch	ICD10CM:G12.1	ICD10CM:G12.1	ORPHA:209335	NA	NA	NA	NA	REVIEW	WHO evidence does not verify ICD10CM identity or direction
Adult-Onset_Proximal_Spinal_Muscular_Atrophy_Autosomal_Dominant	ordo	ORDO:209335	skos:broadMatch	ICD-10:G12.1	ICD10:G12.1	ordo.db	ProperSubClassOf	ORDO:209335	ICD10:G12.1	0.9	INCLUDED	NA
Adult_Polyglucosan_Body_Disease	ordo	ORDO:206583	skos:broadMatch	ICD-10:E74.0	ICD10:E74.0	ordo.db	ProperSubClassOf	ORDO:206583	ICD10:E74.0	0.9	INCLUDED	NA
Advanced_Sleep_Phase_Syndrome	ordo	ORDO:164736	skos:broadMatch	ICD-10:G47.2	ICD10:G47.2	ordo.db	ProperSubClassOf	ORDO:164736	ICD10:G47.2	0.9	INCLUDED	NA
Agenesis_of_the_Corpus_Callosum_with_Peripheral_Neuropathy	ordo	ORDO:1496	skos:broadMatch	ICD-10:G60.0	ICD10:G60.0	ordo.db	ProperSubClassOf	ORDO:1496	ICD10:G60.0	0.9	INCLUDED	NA
Agnathia-Otocephaly_Complex	ordo	ORDO:990	skos:broadMatch	ICD-10:Q87.8	ICD10:Q87.8	ordo.db	ProperSubClassOf	ORDO:990	ICD10:Q87.8	0.9	INCLUDED	NA
Aicardi_Goutieres_Syndrome	ordo	ORDO:51	skos:broadMatch	ICD-10:G31.8	ICD10:G31.8	ordo.db	ProperSubClassOf	ORDO:51	ICD10:G31.8	0.9	INCLUDED	NA
Aicardi_Syndrome	ordo	ORDO:50	skos:broadMatch	ICD-10:Q04.0	ICD10:Q04.0	ordo.db	ProperSubClassOf	ORDO:50	ICD10:Q04.0	0.9	INCLUDED	NA
Alagille_syndrome	dismech	dismech:Alagille_syndrome	skos:narrowMatch	ICD10CM:Q44.7	ICD10CM:Q44.7	ORPHA:52	NA	NA	NA	NA	REVIEW	WHO evidence does not verify ICD10CM identity or direction
Alagille_syndrome	ordo	ORDO:261600	skos:broadMatch	ICD-10:Q44.7	ICD10:Q44.7	ordo.db	ProperSubClassOf	ORDO:261600	ICD10:Q44.7	0.9	INCLUDED	NA
Alagille_syndrome	ordo	ORDO:261619	skos:broadMatch	ICD-10:Q44.7	ICD10:Q44.7	ordo.db	ProperSubClassOf	ORDO:261619	ICD10:Q44.7	0.9	INCLUDED	NA
Alagille_syndrome	ordo	ORDO:261629	skos:broadMatch	ICD-10:Q44.7	ICD10:Q44.7	ordo.db	ProperSubClassOf	ORDO:261629	ICD10:Q44.7	0.9	INCLUDED	NA
Alagille_syndrome	ordo	ORDO:52	skos:broadMatch	ICD-10:Q44.7	ICD10:Q44.7	ordo.db	ProperSubClassOf	ORDO:52	ICD10:Q44.7	0.9	INCLUDED	NA
Aland_Island_Eye_Disease	ordo	ORDO:178333	skos:broadMatch	ICD-10:H35.5	ICD10:H35.5	ordo.db	ProperSubClassOf	ORDO:178333	ICD10:H35.5	0.9	INCLUDED	NA
Alexander_Disease	ordo	ORDO:58	skos:broadMatch	ICD-10:G93.8	ICD10:G93.8	ordo.db	ProperSubClassOf	ORDO:58	ICD10:G93.8	0.9	INCLUDED	NA
Alkaptonuria	ordo	ORDO:56	skos:broadMatch	ICD-10:E70.2	ICD10:E70.2	ordo.db	ProperSubClassOf	ORDO:56	ICD10:E70.2	0.9	INCLUDED	NA
Allan-Herndon-Dudley_Syndrome	ordo	ORDO:59	skos:broadMatch	ICD-10:G31.8	ICD10:G31.8	ordo.db	ProperSubClassOf	ORDO:59	ICD10:G31.8	0.9	INCLUDED	NA
Alpha_1_Antitrypsin_Deficiency	ordo	ORDO:60	skos:broadMatch	ICD-10:E88.0	ICD10:E88.0	ordo.db	ProperSubClassOf	ORDO:60	ICD10:E88.0	0.9	INCLUDED	NA
Alpha_Mannosidosis	ordo	ORDO:309282	skos:broadMatch	ICD-10:E77.1	ICD10:E77.1	ordo.db	ProperSubClassOf	ORDO:309282	ICD10:E77.1	0.9	INCLUDED	NA
Alpha_Mannosidosis	ordo	ORDO:309288	skos:broadMatch	ICD-10:E77.1	ICD10:E77.1	ordo.db	ProperSubClassOf	ORDO:309288	ICD10:E77.1	0.9	INCLUDED	NA
Alpha_Mannosidosis	ordo	ORDO:61	skos:broadMatch	ICD-10:E77.1	ICD10:E77.1	ordo.db	ProperSubClassOf	ORDO:61	ICD10:E77.1	0.9	INCLUDED	NA
Alpha_Thalassemia	ordo	ORDO:846	skos:exactMatch	ICD-10:D56.0	ICD10:D56.0	ordo.db	EquivalentTo	ORDO:846	ICD10:D56.0	0.95	INCLUDED	NA
Alternating_Hemiplegia_of_Childhood	ordo	ORDO:2131	skos:broadMatch	ICD-10:G98	ICD10:G98	ordo.db	ProperSubClassOf	ORDO:2131	ICD10:G98	0.9	INCLUDED	NA
Alveolar_Capillary_Dysplasia_with_Misalignment_of_Pulmonary_Veins	ordo	ORDO:210122	skos:broadMatch	ICD-10:Q33.6	ICD10:Q33.6	ordo.db	ProperSubClassOf	ORDO:210122	ICD10:Q33.6	0.9	INCLUDED	NA
Amelogenesis_Imperfecta	ordo	ORDO:88661	skos:broadMatch	ICD-10:K00.5	ICD10:K00.5	ordo.db	ProperSubClassOf	ORDO:88661	ICD10:K00.5	0.9	INCLUDED	NA
Aminoacylase_1_Deficiency	ordo	ORDO:137754	skos:broadMatch	ICD-10:E72.8	ICD10:E72.8	ordo.db	ProperSubClassOf	ORDO:137754	ICD10:E72.8	0.9	INCLUDED	NA
Anauxetic_Dysplasia	ordo	ORDO:93347	skos:broadMatch	ICD-10:Q77.7	ICD10:Q77.7	ordo.db	ProperSubClassOf	ORDO:93347	ICD10:Q77.7	0.9	INCLUDED	NA
Androgen_Insensitivity_Syndrome	ordo	ORDO:754	skos:exactMatch	ICD-10:E34.5	ICD10:E34.5	ordo.db	EquivalentTo	ORDO:754	ICD10:E34.5	0.95	INCLUDED	NA
Androgen_Insensitivity_Syndrome	ordo	ORDO:90797	skos:broadMatch	ICD-10:E34.5	ICD10:E34.5	ordo.db	ProperSubClassOf	ORDO:90797	ICD10:E34.5	0.9	INCLUDED	NA
Androgen_Insensitivity_Syndrome	ordo	ORDO:99429	skos:broadMatch	ICD-10:E34.5	ICD10:E34.5	ordo.db	ProperSubClassOf	ORDO:99429	ICD10:E34.5	0.9	INCLUDED	NA
Aneurysm-Osteoarthritis_Syndrome	ordo	ORDO:284984	skos:broadMatch	ICD-10:Q87.8	ICD10:Q87.8	ordo.db	ProperSubClassOf	ORDO:284984	ICD10:Q87.8	0.9	INCLUDED	NA
Angelman_Syndrome	dismech	dismech:Angelman_Syndrome	skos:narrowMatch	ICD10CM:Q93.5	ICD10CM:Q93.5	ORPHA:72	NA	NA	NA	NA	REVIEW	WHO evidence does not verify ICD10CM identity or direction
Angelman_Syndrome	ordo	ORDO:72	skos:broadMatch	ICD-10:Q93.5	ICD10:Q93.5	ordo.db	ProperSubClassOf	ORDO:72	ICD10:Q93.5	0.9	INCLUDED	NA
Aniridia	ordo	ORDO:250923	skos:broadMatch	ICD-10:Q13.1	ICD10:Q13.1	ordo.db	ProperSubClassOf	ORDO:250923	ICD10:Q13.1	0.9	INCLUDED	NA
Aniridia	ordo	ORDO:893	skos:broadMatch	ICD-10:C64	ICD10:C64	ordo.db	ProperSubClassOf	ORDO:893	ICD10:C64	0.9	INCLUDED	NA
Antley-Bixler_Syndrome_FGFR2-Related	ordo	ORDO:596008	skos:broadMatch	ICD-10:Q87.8	ICD10:Q87.8	ordo.db	ProperSubClassOf	ORDO:596008	ICD10:Q87.8	0.9	INCLUDED	NA
Apert_Syndrome	ordo	ORDO:87	skos:broadMatch	ICD-10:Q87.0	ICD10:Q87.0	ordo.db	ProperSubClassOf	ORDO:87	ICD10:Q87.0	0.9	INCLUDED	NA
Apparent_Mineralocorticoid_Excess	ordo	ORDO:320	skos:broadMatch	ICD-10:E26.8	ICD10:E26.8	ordo.db	ProperSubClassOf	ORDO:320	ICD10:E26.8	0.9	INCLUDED	NA
Arboleda-Tham_Syndrome	ordo	ORDO:457193	skos:broadMatch	ICD-10:Q87.8	ICD10:Q87.8	ordo.db	ProperSubClassOf	ORDO:457193	ICD10:Q87.8	0.9	INCLUDED	NA
Arginase_Deficiency	ordo	ORDO:90	skos:broadMatch	ICD-10:E72.2	ICD10:E72.2	ordo.db	ProperSubClassOf	ORDO:90	ICD10:E72.2	0.9	INCLUDED	NA
Argininosuccinic_Aciduria	ordo	ORDO:23	skos:broadMatch	ICD-10:E72.2	ICD10:E72.2	ordo.db	ProperSubClassOf	ORDO:23	ICD10:E72.2	0.9	INCLUDED	NA
Aromatase_Deficiency	ordo	ORDO:91	skos:broadMatch	ICD-10:E25.8	ICD10:E25.8	ordo.db	ProperSubClassOf	ORDO:91	ICD10:E25.8	0.9	INCLUDED	NA
Aromatase_Excess_Syndrome	ordo	ORDO:178345	skos:broadMatch	ICD-10:E30.1	ICD10:E30.1	ordo.db	ProperSubClassOf	ORDO:178345	ICD10:E30.1	0.9	INCLUDED	NA
Arterial_Calcification_of_Infancy	ordo	ORDO:51608	skos:broadMatch	ICD-10:Q28.8	ICD10:Q28.8	ordo.db	ProperSubClassOf	ORDO:51608	ICD10:Q28.8	0.9	INCLUDED	NA
Arterial_Dissection_Lentiginosis_Syndrome	ordo	ORDO:1682	skos:broadMatch	ICD-10:Q87.8	ICD10:Q87.8	ordo.db	ProperSubClassOf	ORDO:1682	ICD10:Q87.8	0.9	INCLUDED	NA
Arterial_Tortuosity_Syndrome	ordo	ORDO:3342	skos:broadMatch	ICD-10:I77.1	ICD10:I77.1	ordo.db	ProperSubClassOf	ORDO:3342	ICD10:I77.1	0.9	INCLUDED	NA
Arthrogryposis-Renal_Dysfunction-Cholestasis_Syndrome	ordo	ORDO:2697	skos:broadMatch	ICD-10:Q89.7	ICD10:Q89.7	ordo.db	ProperSubClassOf	ORDO:2697	ICD10:Q89.7	0.9	INCLUDED	NA
Arts_syndrome	ordo	ORDO:1187	skos:broadMatch	ICD-10:E79.8	ICD10:E79.8	ordo.db	ProperSubClassOf	ORDO:1187	ICD10:E79.8	0.9	INCLUDED	NA
Asparagine_Synthetase_Deficiency	ordo	ORDO:391376	skos:broadMatch	ICD-10:E72.8	ICD10:E72.8	ordo.db	ProperSubClassOf	ORDO:391376	ICD10:E72.8	0.9	INCLUDED	NA
Aspartylglucosaminuria	ordo	ORDO:93	skos:broadMatch	ICD-10:E77.1	ICD10:E77.1	ordo.db	ProperSubClassOf	ORDO:93	ICD10:E77.1	0.9	INCLUDED	NA
Ataxia_Telangiectasia	ordo	ORDO:100	skos:broadMatch	ICD-10:G11.3	ICD10:G11.3	ordo.db	ProperSubClassOf	ORDO:100	ICD10:G11.3	0.9	INCLUDED	NA
Ataxia_With_Oculomotor_Apraxia_Type_1	ordo	ORDO:1168	skos:broadMatch	ICD-10:G11.3	ICD10:G11.3	ordo.db	ProperSubClassOf	ORDO:1168	ICD10:G11.3	0.9	INCLUDED	NA
Atelosteogenesis_Type_I	ordo	ORDO:1190	skos:broadMatch	ICD-10:Q78.8	ICD10:Q78.8	ordo.db	ProperSubClassOf	ORDO:1190	ICD10:Q78.8	0.9	INCLUDED	NA
Atelosteogenesis_Type_II	ordo	ORDO:56304	skos:broadMatch	ICD-10:Q77.5	ICD10:Q77.5	ordo.db	ProperSubClassOf	ORDO:56304	ICD10:Q77.5	0.9	INCLUDED	NA
Atelosteogenesis_Type_III	ordo	ORDO:56305	skos:broadMatch	ICD-10:Q78.8	ICD10:Q78.8	ordo.db	ProperSubClassOf	ORDO:56305	ICD10:Q78.8	0.9	INCLUDED	NA
Atransferrinemia	ordo	ORDO:1195	skos:broadMatch	ICD-10:E88.0	ICD10:E88.0	ordo.db	ProperSubClassOf	ORDO:1195	ICD10:E88.0	0.9	INCLUDED	NA
Atypical_Hemolytic_Uremic_Syndrome	ordo	ORDO:2134	skos:broadMatch	ICD-10:D59.3	ICD10:D59.3	ordo.db	ProperSubClassOf	ORDO:2134	ICD10:D59.3	0.9	INCLUDED	NA
Auriculocondylar_Syndrome	ordo	ORDO:137888	skos:broadMatch	ICD-10:Q75.8	ICD10:Q75.8	ordo.db	ProperSubClassOf	ORDO:137888	ICD10:Q75.8	0.9	INCLUDED	NA
Autism_Spectrum_Disorder-Epilepsy-Arthrogryposis_Syndrome	ordo	ORDO:370943	skos:broadMatch	ICD-10:Q87.8	ICD10:Q87.8	ordo.db	ProperSubClassOf	ORDO:370943	ICD10:Q87.8	0.9	INCLUDED	NA
Autoimmune_Lymphoproliferative_Syndrome	ordo	ORDO:3261	skos:broadMatch	ICD-10:D47.9	ICD10:D47.9	ordo.db	ProperSubClassOf	ORDO:3261	ICD10:D47.9	0.9	INCLUDED	NA
Autoimmune_Polyendocrine_Syndrome_Type_1	ordo	ORDO:3453	skos:broadMatch	ICD-10:E31.0	ICD10:E31.0	ordo.db	ProperSubClassOf	ORDO:3453	ICD10:E31.0	0.9	INCLUDED	NA
Autosomal_Agammaglobulinemia	ordo	ORDO:33110	skos:broadMatch	ICD-10:D80.0	ICD10:D80.0	ordo.db	ProperSubClassOf	ORDO:33110	ICD10:D80.0	0.9	INCLUDED	NA
Autosomal_Dominant_Aplasia_And_Myelodysplasia	ordo	ORDO:314399	skos:broadMatch	ICD-10:D61.0	ICD10:D61.0	ordo.db	ProperSubClassOf	ORDO:314399	ICD10:D61.0	0.9	INCLUDED	NA
Autosomal_Dominant_Charcot-Marie-Tooth_Disease_Type_2W	ordo	ORDO:488333	skos:broadMatch	ICD-10:G60.0	ICD10:G60.0	ordo.db	ProperSubClassOf	ORDO:488333	ICD10:G60.0	0.9	INCLUDED	NA
Autosomal_Dominant_Epilepsy_with_Auditory_Features	ordo	ORDO:101046	skos:broadMatch	ICD-10:G40.0	ICD10:G40.0	ordo.db	ProperSubClassOf	ORDO:101046	ICD10:G40.0	0.9	INCLUDED	NA
Autosomal_Dominant_Hyper-IgE_Syndrome	ordo	ORDO:2314	skos:broadMatch	ICD-10:D82.4	ICD10:D82.4	ordo.db	ProperSubClassOf	ORDO:2314	ICD10:D82.4	0.9	INCLUDED	NA
Autosomal_Dominant_Optic_Atrophy_Plus	ordo	ORDO:1215	skos:broadMatch	ICD-10:H47.2	ICD10:H47.2	ordo.db	ProperSubClassOf	ORDO:1215	ICD10:H47.2	0.9	INCLUDED	NA
Autosomal_Dominant_Osteopetrosis_Type_I	ordo	ORDO:2783	skos:broadMatch	ICD-10:Q78.2	ICD10:Q78.2	ordo.db	ProperSubClassOf	ORDO:2783	ICD10:Q78.2	0.9	INCLUDED	NA
Autosomal_Dominant_Osteopetrosis_Type_II	ordo	ORDO:53	skos:broadMatch	ICD-10:Q78.2	ICD10:Q78.2	ordo.db	ProperSubClassOf	ORDO:53	ICD10:Q78.2	0.9	INCLUDED	NA
Autosomal_Dominant_Polycystic_Kidney_Disease	ordo	ORDO:730	skos:exactMatch	ICD-10:Q61.2	ICD10:Q61.2	ordo.db	EquivalentTo	ORDO:730	ICD10:Q61.2	0.95	INCLUDED	NA
Autosomal_Dominant_Polycystic_Liver_Disease	ordo	ORDO:2924	skos:exactMatch	ICD-10:Q44.6	ICD10:Q44.6	ordo.db	EquivalentTo	ORDO:2924	ICD10:Q44.6	0.95	INCLUDED	NA
Autosomal_Dominant_Progressive_External_Ophthalmoplegia	ordo	ORDO:254892	skos:broadMatch	ICD-10:H49.4	ICD10:H49.4	ordo.db	ProperSubClassOf	ORDO:254892	ICD10:H49.4	0.9	INCLUDED	NA
Autosomal_Dominant_Progressive_External_Ophthalmoplegia	ordo	ORDO:352470	skos:broadMatch	ICD-10:G71.3	ICD10:G71.3	ordo.db	ProperSubClassOf	ORDO:352470	ICD10:G71.3	0.9	INCLUDED	NA
Autosomal_Dominant_Striatal_Neurodegeneration	ordo	ORDO:228169	skos:broadMatch	ICD-10:G31.8	ICD10:G31.8	ordo.db	ProperSubClassOf	ORDO:228169	ICD10:G31.8	0.9	INCLUDED	NA
Autosomal_Recessive_Ataxia_Beauce_Type	ordo	ORDO:88644	skos:broadMatch	ICD-10:G11.2	ICD10:G11.2	ordo.db	ProperSubClassOf	ORDO:88644	ICD10:G11.2	0.9	INCLUDED	NA
Autosomal_Recessive_Ataxia_Due_to_Ubiquinone_Deficiency	ordo	ORDO:139485	skos:broadMatch	ICD-10:G11.1	ICD10:G11.1	ordo.db	ProperSubClassOf	ORDO:139485	ICD10:G11.1	0.9	INCLUDED	NA
Autosomal_Recessive_Cerebellar_Ataxia_With_Late_Onset_Spasticity	ordo	ORDO:352641	skos:broadMatch	ICD-10:G11.8	ICD10:G11.8	ordo.db	ProperSubClassOf	ORDO:352641	ICD10:G11.8	0.9	INCLUDED	NA
Autosomal_Recessive_Congenital_Ichthyosis	ordo	ORDO:313	skos:exactMatch	ICD-10:Q80.2	ICD10:Q80.2	ordo.db	EquivalentTo	ORDO:313	ICD10:Q80.2	0.95	INCLUDED	NA
Autosomal_Recessive_Congenital_Ichthyosis	ordo	ORDO:457	skos:exactMatch	ICD-10:Q80.4	ICD10:Q80.4	ordo.db	EquivalentTo	ORDO:457	ICD10:Q80.4	0.95	INCLUDED	NA
Autosomal_Recessive_Congenital_Ichthyosis	ordo	ORDO:79394	skos:broadMatch	ICD-10:Q80.2	ICD10:Q80.2	ordo.db	ProperSubClassOf	ORDO:79394	ICD10:Q80.2	0.9	INCLUDED	NA
Autosomal_Recessive_Cutis_Laxa_Type_2A	ordo	ORDO:357058	skos:broadMatch	ICD-10:Q82.8	ICD10:Q82.8	ordo.db	ProperSubClassOf	ORDO:357058	ICD10:Q82.8	0.9	INCLUDED	NA
Autosomal_Recessive_Multiple_Pterygium_Syndrome	dismech	dismech:Autosomal_Recessive_Multiple_Pterygium_Syndrome	skos:broadMatch	ICD10CM:Q79.8	ICD10CM:Q79.8	ORPHA:2990	NA	NA	NA	NA	REVIEW	WHO evidence does not verify ICD10CM identity or direction
Autosomal_Recessive_Multiple_Pterygium_Syndrome	ordo	ORDO:2990	skos:broadMatch	ICD-10:Q79.8	ICD10:Q79.8	ordo.db	ProperSubClassOf	ORDO:2990	ICD10:Q79.8	0.9	INCLUDED	NA
Autosomal_Recessive_Primary_Microcephaly	ordo	ORDO:2512	skos:broadMatch	ICD-10:Q02	ICD10:Q02	ordo.db	ProperSubClassOf	ORDO:2512	ICD10:Q02	0.9	INCLUDED	NA
Autosomal_Recessive_Primary_Microcephaly	ordo	ORDO:329228	skos:broadMatch	ICD-10:Q87.1	ICD10:Q87.1	ordo.db	ProperSubClassOf	ORDO:329228	ICD10:Q87.1	0.9	INCLUDED	NA
Autosomal_Recessive_Robinow_Syndrome	ordo	ORDO:1507	skos:broadMatch	ICD-10:Q87.1	ICD10:Q87.1	ordo.db	ProperSubClassOf	ORDO:1507	ICD10:Q87.1	0.9	INCLUDED	NA
Autosomal_Recessive_Spinocerebellar_Ataxia_15	ordo	ORDO:404499	skos:broadMatch	ICD-10:G11.1	ICD10:G11.1	ordo.db	ProperSubClassOf	ORDO:404499	ICD10:G11.1	0.9	INCLUDED	NA
Autosomal_Recessive_Spinocerebellar_Ataxia_20	ordo	ORDO:397709	skos:broadMatch	ICD-10:Q87.8	ICD10:Q87.8	ordo.db	ProperSubClassOf	ORDO:397709	ICD10:Q87.8	0.9	INCLUDED	NA
Autosomal_Recessive_Spondylometaphyseal_Dysplasia_Megarbane_Type	ordo	ORDO:401979	skos:broadMatch	ICD-10:Q77.8	ICD10:Q77.8	ordo.db	ProperSubClassOf	ORDO:401979	ICD10:Q77.8	0.9	INCLUDED	NA
BBSome-Related_Retinitis_Pigmentosa	ordo	ORDO:791	skos:broadMatch	ICD-10:H35.5	ICD10:H35.5	ordo.db	ProperSubClassOf	ORDO:791	ICD10:H35.5	0.9	INCLUDED	NA
BCKDK_Deficiency	ordo	ORDO:308410	skos:broadMatch	ICD-10:E71.1	ICD10:E71.1	ordo.db	ProperSubClassOf	ORDO:308410	ICD10:E71.1	0.9	INCLUDED	NA
BLOC1S1-related_Complex_Neurodevelopmental_Disorder_with_Leukodystrophy	ordo	ORDO:528084	skos:broadMatch	ICD-10:F84.8	ICD10:F84.8	ordo.db	ProperSubClassOf	ORDO:528084	ICD10:F84.8	0.9	INCLUDED	NA
Bachmann-Bupp_Syndrome	ordo	ORDO:544488	skos:broadMatch	ICD-10:E72.4	ICD10:E72.4	ordo.db	ProperSubClassOf	ORDO:544488	ICD10:E72.4	0.9	INCLUDED	NA
Bailey-Bloch_Congenital_Myopathy	ordo	ORDO:168572	skos:broadMatch	ICD-10:G71.2	ICD10:G71.2	ordo.db	ProperSubClassOf	ORDO:168572	ICD10:G71.2	0.9	INCLUDED	NA
Bainbridge-Ropers_Syndrome	ordo	ORDO:352577	skos:broadMatch	ICD-10:Q87.0	ICD10:Q87.0	ordo.db	ProperSubClassOf	ORDO:352577	ICD10:Q87.0	0.9	INCLUDED	NA
Bannayan-Riley-Ruvalcaba_Syndrome	ordo	ORDO:109	skos:broadMatch	ICD-10:Q87.8	ICD10:Q87.8	ordo.db	ProperSubClassOf	ORDO:109	ICD10:Q87.8	0.9	INCLUDED	NA
Baraitser-Winter_Cerebrofrontofacial_Syndrome	ordo	ORDO:2995	skos:broadMatch	ICD-10:Q87.0	ICD10:Q87.0	ordo.db	ProperSubClassOf	ORDO:2995	ICD10:Q87.0	0.9	INCLUDED	NA
Bardet-Biedl_Syndrome	ordo	ORDO:110	skos:broadMatch	ICD-10:Q87.8	ICD10:Q87.8	ordo.db	ProperSubClassOf	ORDO:110	ICD10:Q87.8	0.9	INCLUDED	NA
Barth_Syndrome	ordo	ORDO:111	skos:broadMatch	ICD-10:E71.1	ICD10:E71.1	ordo.db	ProperSubClassOf	ORDO:111	ICD10:E71.1	0.9	INCLUDED	NA
Bartter_Syndrome	ordo	ORDO:112	skos:broadMatch	ICD-10:E26.8	ICD10:E26.8	ordo.db	ProperSubClassOf	ORDO:112	ICD10:E26.8	0.9	INCLUDED	NA
Bartter_Syndrome	ordo	ORDO:620217	skos:broadMatch	ICD-10:E26.8	ICD10:E26.8	ordo.db	ProperSubClassOf	ORDO:620217	ICD10:E26.8	0.9	INCLUDED	NA
Bartter_Syndrome	ordo	ORDO:620220	skos:broadMatch	ICD-10:E26.8	ICD10:E26.8	ordo.db	ProperSubClassOf	ORDO:620220	ICD10:E26.8	0.9	INCLUDED	NA
Bartter_Syndrome	ordo	ORDO:93605	skos:broadMatch	ICD-10:E26.8	ICD10:E26.8	ordo.db	ProperSubClassOf	ORDO:93605	ICD10:E26.8	0.9	INCLUDED	NA
Basel-Vanagaite-Smirin-Yosef_Syndrome	ordo	ORDO:464738	skos:broadMatch	ICD-10:Q87.8	ICD10:Q87.8	ordo.db	ProperSubClassOf	ORDO:464738	ICD10:Q87.8	0.9	INCLUDED	NA
Bazex_Dupre_Christol_Syndrome	ordo	ORDO:113	skos:broadMatch	ICD-10:L98.8	ICD10:L98.8	ordo.db	ProperSubClassOf	ORDO:113	ICD10:L98.8	0.9	INCLUDED	NA
Bazex_Dupre_Christol_Syndrome	ordo	ORDO:166113	skos:broadMatch	ICD-10:L44.8	ICD10:L44.8	ordo.db	ProperSubClassOf	ORDO:166113	ICD10:L44.8	0.9	INCLUDED	NA
Beare-Stevenson_Cutis_Gyrata_Syndrome	ordo	ORDO:1555	skos:broadMatch	ICD-10:Q87.8	ICD10:Q87.8	ordo.db	ProperSubClassOf	ORDO:1555	ICD10:Q87.8	0.9	INCLUDED	NA
Becker_Muscular_Dystrophy	ordo	ORDO:98895	skos:broadMatch	ICD-10:G71.0	ICD10:G71.0	ordo.db	ProperSubClassOf	ORDO:98895	ICD10:G71.0	0.9	INCLUDED	NA
Beckwith-Wiedemann_Syndrome	ordo	ORDO:116	skos:broadMatch	ICD-10:Q87.3	ICD10:Q87.3	ordo.db	ProperSubClassOf	ORDO:116	ICD10:Q87.3	0.9	INCLUDED	NA
Behr_Syndrome	ordo	ORDO:1239	skos:broadMatch	ICD-10:H47.2	ICD10:H47.2	ordo.db	ProperSubClassOf	ORDO:1239	ICD10:H47.2	0.9	INCLUDED	NA
Benign_Familial_Infantile_Epilepsy	ordo	ORDO:140927	skos:broadMatch	ICD-10:G40.4	ICD10:G40.4	ordo.db	ProperSubClassOf	ORDO:140927	ICD10:G40.4	0.9	INCLUDED	NA
Benign_Familial_Infantile_Epilepsy	ordo	ORDO:306	skos:broadMatch	ICD-10:G40.3	ICD10:G40.3	ordo.db	ProperSubClassOf	ORDO:306	ICD10:G40.3	0.9	INCLUDED	NA
Benign_Familial_Infantile_Epilepsy	ordo	ORDO:31709	skos:broadMatch	ICD-10:G40.4	ICD10:G40.4	ordo.db	ProperSubClassOf	ORDO:31709	ICD10:G40.4	0.9	INCLUDED	NA
Benign_Neonatal_Seizures	ordo	ORDO:1949	skos:broadMatch	ICD-10:G40.3	ICD10:G40.3	ordo.db	ProperSubClassOf	ORDO:1949	ICD10:G40.3	0.9	INCLUDED	NA
Berardinelli_Seip_Congenital_Lipodystrophy	ordo	ORDO:528	skos:broadMatch	ICD-10:E88.1	ICD10:E88.1	ordo.db	ProperSubClassOf	ORDO:528	ICD10:E88.1	0.9	INCLUDED	NA
Bernard-Soulier_Syndrome	ordo	ORDO:274	skos:broadMatch	ICD-10:D69.1	ICD10:D69.1	ordo.db	ProperSubClassOf	ORDO:274	ICD10:D69.1	0.9	INCLUDED	NA
Beta-Ketothiolase_Deficiency	ordo	ORDO:134	skos:broadMatch	ICD-10:E71.1	ICD10:E71.1	ordo.db	ProperSubClassOf	ORDO:134	ICD10:E71.1	0.9	INCLUDED	NA
Beta_Mannosidosis	ordo	ORDO:118	skos:broadMatch	ICD-10:E77.1	ICD10:E77.1	ordo.db	ProperSubClassOf	ORDO:118	ICD10:E77.1	0.9	INCLUDED	NA
Beta_Thalassemia	ordo	ORDO:848	skos:exactMatch	ICD-10:D56.1	ICD10:D56.1	ordo.db	EquivalentTo	ORDO:848	ICD10:D56.1	0.95	INCLUDED	NA
Bethlem_Myopathy	ordo	ORDO:610	skos:broadMatch	ICD-10:G71.0	ICD10:G71.0	ordo.db	ProperSubClassOf	ORDO:610	ICD10:G71.0	0.9	INCLUDED	NA
Bietti_Crystalline_Dystrophy	ordo	ORDO:41751	skos:broadMatch	ICD-10:H35.5	ICD10:H35.5	ordo.db	ProperSubClassOf	ORDO:41751	ICD10:H35.5	0.9	INCLUDED	NA
Bilateral_Microtia-Deafness-Cleft_Palate_Syndrome	ordo	ORDO:140963	skos:broadMatch	ICD-10:Q87.0	ICD10:Q87.0	ordo.db	ProperSubClassOf	ORDO:140963	ICD10:Q87.0	0.9	INCLUDED	NA
Bilateral_Striopallidodentate_Calcinosis	ordo	ORDO:1980	skos:broadMatch	ICD-10:G23.8	ICD10:G23.8	ordo.db	ProperSubClassOf	ORDO:1980	ICD10:G23.8	0.9	INCLUDED	NA
Biotin_Thiamine_Responsive_Basal_Ganglia_Disease	ordo	ORDO:199348	skos:broadMatch	ICD-10:E51.2	ICD10:E51.2	ordo.db	ProperSubClassOf	ORDO:199348	ICD10:E51.2	0.9	INCLUDED	NA
Biotin_Thiamine_Responsive_Basal_Ganglia_Disease	ordo	ORDO:65284	skos:broadMatch	ICD-10:G93.8	ICD10:G93.8	ordo.db	ProperSubClassOf	ORDO:65284	ICD10:G93.8	0.9	INCLUDED	NA
Biotinidase_Deficiency	ordo	ORDO:79241	skos:broadMatch	ICD-10:E53.8	ICD10:E53.8	ordo.db	ProperSubClassOf	ORDO:79241	ICD10:E53.8	0.9	INCLUDED	NA
Bjornstad_Syndrome	ordo	ORDO:123	skos:broadMatch	ICD-10:E88.8	ICD10:E88.8	ordo.db	ProperSubClassOf	ORDO:123	ICD10:E88.8	0.9	INCLUDED	NA
Blau_Syndrome	ordo	ORDO:90340	skos:broadMatch	ICD-10:D89.8	ICD10:D89.8	ordo.db	ProperSubClassOf	ORDO:90340	ICD10:D89.8	0.9	INCLUDED	NA
Blepharophimosis-Impaired_Intellectual_Development_Syndrome	ordo	ORDO:637013	skos:broadMatch	ICD-10:Q87.0	ICD10:Q87.0	ordo.db	ProperSubClassOf	ORDO:637013	ICD10:Q87.0	0.9	INCLUDED	NA
Blepharophimosis_Intellectual_Disability_Syndrome_MKB_Type	ordo	ORDO:293707	skos:broadMatch	ICD-10:Q87.8	ICD10:Q87.8	ordo.db	ProperSubClassOf	ORDO:293707	ICD10:Q87.8	0.9	INCLUDED	NA
Blepharophimosis_Ptosis_and_Epicanthus_Inversus_Syndrome	ordo	ORDO:126	skos:broadMatch	ICD-10:Q10.3	ICD10:Q10.3	ordo.db	ProperSubClassOf	ORDO:126	ICD10:Q10.3	0.9	INCLUDED	NA
Bloom_Syndrome	ordo	ORDO:125	skos:broadMatch	ICD-10:Q82.8	ICD10:Q82.8	ordo.db	ProperSubClassOf	ORDO:125	ICD10:Q82.8	0.9	INCLUDED	NA
Blue_Cone_Monochromacy	ordo	ORDO:16	skos:broadMatch	ICD-10:H53.5	ICD10:H53.5	ordo.db	ProperSubClassOf	ORDO:16	ICD10:H53.5	0.9	INCLUDED	NA
Bohring-Opitz_syndrome	ordo	ORDO:97297	skos:broadMatch	ICD-10:Q87.8	ICD10:Q87.8	ordo.db	ProperSubClassOf	ORDO:97297	ICD10:Q87.8	0.9	INCLUDED	NA
Borjeson-Forssman-Lehmann_syndrome	ordo	ORDO:127	skos:broadMatch	ICD-10:Q87.8	ICD10:Q87.8	ordo.db	ProperSubClassOf	ORDO:127	ICD10:Q87.8	0.9	INCLUDED	NA
Bosch-Boonstra-Schaaf_Optic_Atrophy_Syndrome	ordo	ORDO:401777	skos:broadMatch	ICD-10:H47.2	ICD10:H47.2	ordo.db	ProperSubClassOf	ORDO:401777	ICD10:H47.2	0.9	INCLUDED	NA
Bosma_Arhinia_Microphthalmia_Syndrome	ordo	ORDO:2250	skos:broadMatch	ICD-10:Q87.0	ICD10:Q87.0	ordo.db	ProperSubClassOf	ORDO:2250	ICD10:Q87.0	0.9	INCLUDED	NA
Boucher-Neuhauser_Syndrome	ordo	ORDO:1180	skos:broadMatch	ICD-10:G11.8	ICD10:G11.8	ordo.db	ProperSubClassOf	ORDO:1180	ICD10:G11.8	0.9	INCLUDED	NA
Brachydactyly_Type_A1	ordo	ORDO:93388	skos:broadMatch	ICD-10:Q73.8	ICD10:Q73.8	ordo.db	ProperSubClassOf	ORDO:93388	ICD10:Q73.8	0.9	INCLUDED	NA
Brachydactyly_Type_A2	ordo	ORDO:93396	skos:broadMatch	ICD-10:Q73.8	ICD10:Q73.8	ordo.db	ProperSubClassOf	ORDO:93396	ICD10:Q73.8	0.9	INCLUDED	NA
Brachydactyly_Type_B1	ordo	ORDO:572385	skos:broadMatch	ICD-10:Q73.8	ICD10:Q73.8	ordo.db	ProperSubClassOf	ORDO:572385	ICD10:Q73.8	0.9	INCLUDED	NA
Brachydactyly_Type_B2	ordo	ORDO:140908	skos:broadMatch	ICD-10:Q73.8	ICD10:Q73.8	ordo.db	ProperSubClassOf	ORDO:140908	ICD10:Q73.8	0.9	INCLUDED	NA
Brachydactyly_Type_C	ordo	ORDO:93384	skos:broadMatch	ICD-10:Q73.8	ICD10:Q73.8	ordo.db	ProperSubClassOf	ORDO:93384	ICD10:Q73.8	0.9	INCLUDED	NA
Brachyolmia	ordo	ORDO:93304	skos:broadMatch	ICD-10:Q76.3	ICD10:Q76.3	ordo.db	ProperSubClassOf	ORDO:93304	ICD10:Q76.3	0.9	INCLUDED	NA
Brachyolmia-Amelogenesis_Imperfecta_Syndrome	ordo	ORDO:2899	skos:broadMatch	ICD-10:Q76.3	ICD10:Q76.3	ordo.db	ProperSubClassOf	ORDO:2899	ICD10:Q76.3	0.9	INCLUDED	NA
Brain_Small_Vessel_Disease_1_With_Or_Without_Ocular_Anomalies	ordo	ORDO:36383	skos:broadMatch	ICD-10:I67.8	ICD10:I67.8	ordo.db	ProperSubClassOf	ORDO:36383	ICD10:I67.8	0.9	INCLUDED	NA
Brittle_Cornea_Syndrome	ordo	ORDO:90354	skos:broadMatch	ICD-10:Q79.6	ICD10:Q79.6	ordo.db	ProperSubClassOf	ORDO:90354	ICD10:Q79.6	0.9	INCLUDED	NA
Brody_Myopathy	ordo	ORDO:53347	skos:broadMatch	ICD-10:G71.8	ICD10:G71.8	ordo.db	ProperSubClassOf	ORDO:53347	ICD10:G71.8	0.9	INCLUDED	NA
Brown-Vialetto-Van_Laere_Syndrome	ordo	ORDO:572543	skos:broadMatch	ICD-10:G12.1	ICD10:G12.1	ordo.db	ProperSubClassOf	ORDO:572543	ICD10:G12.1	0.9	INCLUDED	NA
Brown-Vialetto-Van_Laere_Syndrome	ordo	ORDO:572550	skos:broadMatch	ICD-10:G12.1	ICD10:G12.1	ordo.db	ProperSubClassOf	ORDO:572550	ICD10:G12.1	0.9	INCLUDED	NA
Brown-Vialetto-Van_Laere_Syndrome	ordo	ORDO:97229	skos:broadMatch	ICD-10:G12.2	ICD10:G12.2	ordo.db	ProperSubClassOf	ORDO:97229	ICD10:G12.2	0.9	INCLUDED	NA
Burn-McKeown_Syndrome	ordo	ORDO:1200	skos:broadMatch	ICD-10:Q87.8	ICD10:Q87.8	ordo.db	ProperSubClassOf	ORDO:1200	ICD10:Q87.8	0.9	INCLUDED	NA
CADASIL_Type_1	ordo	ORDO:136	skos:broadMatch	ICD-10:I67.8	ICD10:I67.8	ordo.db	ProperSubClassOf	ORDO:136	ICD10:I67.8	0.9	INCLUDED	NA
CAGSSS_Syndrome	ordo	ORDO:436174	skos:broadMatch	ICD-10:E88.8	ICD10:E88.8	ordo.db	ProperSubClassOf	ORDO:436174	ICD10:E88.8	0.9	INCLUDED	NA
CALFAN_Syndrome	ordo	ORDO:466794	skos:broadMatch	ICD-10:G11.0	ICD10:G11.0	ordo.db	ProperSubClassOf	ORDO:466794	ICD10:G11.0	0.9	INCLUDED	NA
CANVAS	ordo	ORDO:139564	skos:broadMatch	ICD-10:G60.8	ICD10:G60.8	ordo.db	ProperSubClassOf	ORDO:139564	ICD10:G60.8	0.9	INCLUDED	NA
CANVAS	ordo	ORDO:504476	skos:broadMatch	ICD-10:G11.2	ICD10:G11.2	ordo.db	ProperSubClassOf	ORDO:504476	ICD10:G11.2	0.9	INCLUDED	NA
CAPN5-Related_Vitreoretinopathy	ordo	ORDO:329211	skos:broadMatch	ICD-10:H35.2	ICD10:H35.2	ordo.db	ProperSubClassOf	ORDO:329211	ICD10:H35.2	0.9	INCLUDED	NA
CAPOS_Syndrome	ordo	ORDO:1171	skos:broadMatch	ICD-10:G11.1	ICD10:G11.1	ordo.db	ProperSubClassOf	ORDO:1171	ICD10:G11.1	0.9	INCLUDED	NA
CATSHL_Syndrome	ordo	ORDO:85164	skos:broadMatch	ICD-10:Q87.2	ICD10:Q87.2	ordo.db	ProperSubClassOf	ORDO:85164	ICD10:Q87.2	0.9	INCLUDED	NA
CBL-related_Disorder	ordo	ORDO:363972	skos:narrowMatch	ICD-10:C93.3	ICD10:C93.3	ordo.db	ProperSubClassOf	ICD10:C93.3	ORDO:363972	0.9	INCLUDED	NA
CCDC115-CDG	ordo	ORDO:468684	skos:broadMatch	ICD-10:E77.8	ICD10:E77.8	ordo.db	ProperSubClassOf	ORDO:468684	ICD10:E77.8	0.9	INCLUDED	NA
CD16_Deficiency	ordo	ORDO:437552	skos:broadMatch	ICD-10:D84.8	ICD10:D84.8	ordo.db	ProperSubClassOf	ORDO:437552	ICD10:D84.8	0.9	INCLUDED	NA
CD27-related_lymphoproliferative_and_immune_disorder	ordo	ORDO:238505	skos:broadMatch	ICD-10:D47.9	ICD10:D47.9	ordo.db	ProperSubClassOf	ORDO:238505	ICD10:D47.9	0.9	INCLUDED	NA
CHARGE_Syndrome	ordo	ORDO:138	skos:broadMatch	ICD-10:Q87.8	ICD10:Q87.8	ordo.db	ProperSubClassOf	ORDO:138	ICD10:Q87.8	0.9	INCLUDED	NA
CHD8-Related_Neurodevelopmental_Disorder_with_Overgrowth	ordo	ORDO:642675	skos:broadMatch	ICD-10:Q87.3	ICD10:Q87.3	ordo.db	ProperSubClassOf	ORDO:642675	ICD10:Q87.3	0.9	INCLUDED	NA
CHILD_Syndrome	ordo	ORDO:139	skos:broadMatch	ICD-10:Q87.8	ICD10:Q87.8	ordo.db	ProperSubClassOf	ORDO:139	ICD10:Q87.8	0.9	INCLUDED	NA
CHOPS_Syndrome	ordo	ORDO:444077	skos:broadMatch	ICD-10:Q87.8	ICD10:Q87.8	ordo.db	ProperSubClassOf	ORDO:444077	ICD10:Q87.8	0.9	INCLUDED	NA
CHRNA1-associated_Fetal_Hypo-akinesia_Disorder_of_Prenatal_Onset	ordo	ORDO:33108	skos:broadMatch	ICD-10:Q79.8	ICD10:Q79.8	ordo.db	ProperSubClassOf	ORDO:33108	ICD10:Q79.8	0.9	INCLUDED	NA
CHST3-Related_Skeletal_Dysplasia	ordo	ORDO:263463	skos:broadMatch	ICD-10:Q74.8	ICD10:Q74.8	ordo.db	ProperSubClassOf	ORDO:263463	ICD10:Q74.8	0.9	INCLUDED	NA
CINCA_Syndrome	ordo	ORDO:1451	skos:broadMatch	ICD-10:E85.0	ICD10:E85.0	ordo.db	ProperSubClassOf	ORDO:1451	ICD10:E85.0	0.9	INCLUDED	NA
CLCN2-Related_Leukoencephalopathy	ordo	ORDO:363540	skos:broadMatch	ICD-10:E75.2	ICD10:E75.2	ordo.db	ProperSubClassOf	ORDO:363540	ICD10:E75.2	0.9	INCLUDED	NA
COG1-congenital_disorder_of_glycosylation	ordo	ORDO:263508	skos:broadMatch	ICD-10:E77.8	ICD10:E77.8	ordo.db	ProperSubClassOf	ORDO:263508	ICD10:E77.8	0.9	INCLUDED	NA
COG4-Congenital_Disorder_of_Glycosylation	ordo	ORDO:263501	skos:broadMatch	ICD-10:E77.8	ICD10:E77.8	ordo.db	ProperSubClassOf	ORDO:263501	ICD10:E77.8	0.9	INCLUDED	NA
COG7-Congenital_Disorder_of_Glycosylation	ordo	ORDO:79333	skos:broadMatch	ICD-10:E77.8	ICD10:E77.8	ordo.db	ProperSubClassOf	ORDO:79333	ICD10:E77.8	0.9	INCLUDED	NA
COL11A2_Skeletal_Spectrum	ordo	ORDO:166100	skos:broadMatch	ICD-10:Q87.0	ICD10:Q87.0	ordo.db	ProperSubClassOf	ORDO:166100	ICD10:Q87.0	0.9	INCLUDED	NA
COPA_Syndrome	ordo	ORDO:444092	skos:broadMatch	ICD-10:M35.8	ICD10:M35.8	ordo.db	ProperSubClassOf	ORDO:444092	ICD10:M35.8	0.9	INCLUDED	NA
COQ4-Related_Neonatal_Encephalomyopathy	ordo	ORDO:457185	skos:broadMatch	ICD-10:E88.8	ICD10:E88.8	ordo.db	ProperSubClassOf	ORDO:457185	ICD10:E88.8	0.9	INCLUDED	NA
COX4I2-Related_Pancreatic_Insufficiency-Anemia-Hyperostosis_Syndrome	ordo	ORDO:199337	skos:broadMatch	ICD-10:E88.8	ICD10:E88.8	ordo.db	ProperSubClassOf	ORDO:199337	ICD10:E88.8	0.9	INCLUDED	NA
CPT1C-Related_Hereditary_Spastic_Paraplegia	ordo	ORDO:444099	skos:broadMatch	ICD-10:G11.4	ICD10:G11.4	ordo.db	ProperSubClassOf	ORDO:444099	ICD10:G11.4	0.9	INCLUDED	NA
CTCF-related_Neurodevelopmental_Disorder	ordo	ORDO:363611	skos:broadMatch	ICD-10:Q87.8	ICD10:Q87.8	ordo.db	ProperSubClassOf	ORDO:363611	ICD10:Q87.8	0.9	INCLUDED	NA
CTLA4_Haploinsufficiency	ordo	ORDO:436159	skos:broadMatch	ICD-10:D84.8	ICD10:D84.8	ordo.db	ProperSubClassOf	ORDO:436159	ICD10:D84.8	0.9	INCLUDED	NA
CTNNB1_Neurodevelopmental_Disorder	ordo	ORDO:404473	skos:narrowMatch	ICD-10:G80.1	ICD10:G80.1	ordo.db	ProperSubClassOf	ICD10:G80.1	ORDO:404473	0.9	INCLUDED	NA
Calvarial_Doughnut_Lesions-bone_Fragility_Syndrome	ordo	ORDO:85192	skos:broadMatch	ICD-10:M85.8	ICD10:M85.8	ordo.db	ProperSubClassOf	ORDO:85192	ICD10:M85.8	0.9	INCLUDED	NA
Campomelic_Dysplasia	ordo	ORDO:140	skos:broadMatch	ICD-10:Q87.1	ICD10:Q87.1	ordo.db	ProperSubClassOf	ORDO:140	ICD10:Q87.1	0.9	INCLUDED	NA
Camurati-Engelmann_Disease	ordo	ORDO:1328	skos:exactMatch	ICD-10:Q78.3	ICD10:Q78.3	ordo.db	EquivalentTo	ORDO:1328	ICD10:Q78.3	0.95	INCLUDED	NA
Canavan_Disease	ordo	ORDO:141	skos:broadMatch	ICD-10:E75.2	ICD10:E75.2	ordo.db	ProperSubClassOf	ORDO:141	ICD10:E75.2	0.9	INCLUDED	NA
Capillary_Malformation-Arteriovenous_Malformation_Syndrome	ordo	ORDO:137667	skos:broadMatch	ICD-10:Q27.3	ICD10:Q27.3	ordo.db	ProperSubClassOf	ORDO:137667	ICD10:Q27.3	0.9	INCLUDED	NA
Carbamoyl_Phosphate_Synthetase_I_Deficiency	ordo	ORDO:147	skos:broadMatch	ICD-10:E72.2	ICD10:E72.2	ordo.db	ProperSubClassOf	ORDO:147	ICD10:E72.2	0.9	INCLUDED	NA
Carbonic_Anhydrase_VA_Deficiency	ordo	ORDO:401948	skos:broadMatch	ICD-10:E74.8	ICD10:E74.8	ordo.db	ProperSubClassOf	ORDO:401948	ICD10:E74.8	0.9	INCLUDED	NA
Cardiac_Facial_And_Digital_Anomalies_With_Developmental_Delay	ordo	ORDO:592570	skos:broadMatch	ICD-10:Q87.8	ICD10:Q87.8	ordo.db	ProperSubClassOf	ORDO:592570	ICD10:Q87.8	0.9	INCLUDED	NA
Cardiac_Valvular_Ehlers-Danlos_Syndrome	ordo	ORDO:230851	skos:broadMatch	ICD-10:Q79.6	ICD10:Q79.6	ordo.db	ProperSubClassOf	ORDO:230851	ICD10:Q79.6	0.9	INCLUDED	NA
Cardiofaciocutaneous_Syndrome	ordo	ORDO:1340	skos:broadMatch	ICD-10:Q87.8	ICD10:Q87.8	ordo.db	ProperSubClassOf	ORDO:1340	ICD10:Q87.8	0.9	INCLUDED	NA
Cardiomyopathy-Hypotonia-Lactic_Acidosis_Syndrome	ordo	ORDO:91130	skos:broadMatch	ICD-10:G71.3	ICD10:G71.3	ordo.db	ProperSubClassOf	ORDO:91130	ICD10:G71.3	0.9	INCLUDED	NA
Cardiospondylocarpofacial_Syndrome	ordo	ORDO:3238	skos:broadMatch	ICD-10:Q87.8	ICD10:Q87.8	ordo.db	ProperSubClassOf	ORDO:3238	ICD10:Q87.8	0.9	INCLUDED	NA
Carney_Complex	ordo	ORDO:1359	skos:broadMatch	ICD-10:D44.8	ICD10:D44.8	ordo.db	ProperSubClassOf	ORDO:1359	ICD10:D44.8	0.9	INCLUDED	NA
Carnitine-Acylcarnitine_Translocase_Deficiency	ordo	ORDO:159	skos:broadMatch	ICD-10:E71.3	ICD10:E71.3	ordo.db	ProperSubClassOf	ORDO:159	ICD10:E71.3	0.9	INCLUDED	NA
Carnitine_Palmitoyltransferase_1A_Deficiency	ordo	ORDO:156	skos:broadMatch	ICD-10:E71.3	ICD10:E71.3	ordo.db	ProperSubClassOf	ORDO:156	ICD10:E71.3	0.9	INCLUDED	NA
Carnitine_Palmitoyltransferase_II_Deficiency	ordo	ORDO:157	skos:broadMatch	ICD-10:E71.3	ICD10:E71.3	ordo.db	ProperSubClassOf	ORDO:157	ICD10:E71.3	0.9	INCLUDED	NA
Carnitine_Palmitoyltransferase_II_Deficiency	ordo	ORDO:228302	skos:broadMatch	ICD-10:E71.3	ICD10:E71.3	ordo.db	ProperSubClassOf	ORDO:228302	ICD10:E71.3	0.9	INCLUDED	NA
Carnitine_Palmitoyltransferase_II_Deficiency	ordo	ORDO:228305	skos:broadMatch	ICD-10:E71.3	ICD10:E71.3	ordo.db	ProperSubClassOf	ORDO:228305	ICD10:E71.3	0.9	INCLUDED	NA
Carnitine_Palmitoyltransferase_II_Deficiency	ordo	ORDO:228308	skos:broadMatch	ICD-10:E71.3	ICD10:E71.3	ordo.db	ProperSubClassOf	ORDO:228308	ICD10:E71.3	0.9	INCLUDED	NA
Caroli_Disease	ordo	ORDO:480520	skos:broadMatch	ICD-10:Q44.6	ICD10:Q44.6	ordo.db	ProperSubClassOf	ORDO:480520	ICD10:Q44.6	0.9	INCLUDED	NA
Caroli_Disease	ordo	ORDO:53035	skos:broadMatch	ICD-10:Q44.6	ICD10:Q44.6	ordo.db	ProperSubClassOf	ORDO:53035	ICD10:Q44.6	0.9	INCLUDED	NA
Cartilage-Hair_Hypoplasia	ordo	ORDO:175	skos:broadMatch	ICD-10:Q78.8	ICD10:Q78.8	ordo.db	ProperSubClassOf	ORDO:175	ICD10:Q78.8	0.9	INCLUDED	NA
Central_Areolar_Choroidal_Dystrophy	ordo	ORDO:75377	skos:broadMatch	ICD-10:H31.2	ICD10:H31.2	ordo.db	ProperSubClassOf	ORDO:75377	ICD10:H31.2	0.9	INCLUDED	NA
Central_Core_Myopathy	ordo	ORDO:597	skos:broadMatch	ICD-10:G71.2	ICD10:G71.2	ordo.db	ProperSubClassOf	ORDO:597	ICD10:G71.2	0.9	INCLUDED	NA
Centronuclear_Myopathy	ordo	ORDO:169186	skos:broadMatch	ICD-10:G71.2	ICD10:G71.2	ordo.db	ProperSubClassOf	ORDO:169186	ICD10:G71.2	0.9	INCLUDED	NA
Centronuclear_Myopathy	ordo	ORDO:169189	skos:broadMatch	ICD-10:G71.2	ICD10:G71.2	ordo.db	ProperSubClassOf	ORDO:169189	ICD10:G71.2	0.9	INCLUDED	NA
Centronuclear_Myopathy	ordo	ORDO:596	skos:broadMatch	ICD-10:G71.2	ICD10:G71.2	ordo.db	ProperSubClassOf	ORDO:596	ICD10:G71.2	0.9	INCLUDED	NA
Cerebellar_Ataxia-Hypogonadism_Syndrome	ordo	ORDO:1173	skos:broadMatch	ICD-10:G11.8	ICD10:G11.8	ordo.db	ProperSubClassOf	ORDO:1173	ICD10:G11.8	0.9	INCLUDED	NA
Cerebellar_Ataxia_Intellectual_Disability_and_Dysequilibrium	ordo	ORDO:1766	skos:broadMatch	ICD-10:G11.8	ICD10:G11.8	ordo.db	ProperSubClassOf	ORDO:1766	ICD10:G11.8	0.9	INCLUDED	NA
Cerebral_Cavernous_Malformation	ordo	ORDO:221061	skos:broadMatch	ICD-10:Q28.3	ICD10:Q28.3	ordo.db	ProperSubClassOf	ORDO:221061	ICD10:Q28.3	0.9	INCLUDED	NA
Cerebrocostomandibular_Syndrome	ordo	ORDO:1393	skos:broadMatch	ICD-10:Q87.8	ICD10:Q87.8	ordo.db	ProperSubClassOf	ORDO:1393	ICD10:Q87.8	0.9	INCLUDED	NA
Cerebrotendinous_Xanthomatosis	ordo	ORDO:909	skos:broadMatch	ICD-10:E75.5	ICD10:E75.5	ordo.db	ProperSubClassOf	ORDO:909	ICD10:E75.5	0.9	INCLUDED	NA
Cernunnos-XLF_deficiency	ordo	ORDO:169079	skos:broadMatch	ICD-10:D81.1	ICD10:D81.1	ordo.db	ProperSubClassOf	ORDO:169079	ICD10:D81.1	0.9	INCLUDED	NA
Charcot-Marie-Tooth_Disease_Axonal_Type_2C	ordo	ORDO:99937	skos:broadMatch	ICD-10:G60.0	ICD10:G60.0	ordo.db	ProperSubClassOf	ORDO:99937	ICD10:G60.0	0.9	INCLUDED	NA
Charcot-Marie-Tooth_Disease_Axonal_Type_2P	ordo	ORDO:300319	skos:broadMatch	ICD-10:G60.0	ICD10:G60.0	ordo.db	ProperSubClassOf	ORDO:300319	ICD10:G60.0	0.9	INCLUDED	NA
Charcot-Marie-Tooth_Disease_Axonal_Type_2T	ordo	ORDO:495274	skos:broadMatch	ICD-10:G60.0	ICD10:G60.0	ordo.db	ProperSubClassOf	ORDO:495274	ICD10:G60.0	0.9	INCLUDED	NA
Charcot-Marie-Tooth_Disease_Dominant_Intermediate_B	ordo	ORDO:100044	skos:broadMatch	ICD-10:G60.0	ICD10:G60.0	ordo.db	ProperSubClassOf	ORDO:100044	ICD10:G60.0	0.9	INCLUDED	NA
Charcot-Marie-Tooth_Disease_Dominant_Intermediate_E	ordo	ORDO:93114	skos:broadMatch	ICD-10:G60.0	ICD10:G60.0	ordo.db	ProperSubClassOf	ORDO:93114	ICD10:G60.0	0.9	INCLUDED	NA
Charcot-Marie-Tooth_Disease_Recessive_Intermediate_D	ordo	ORDO:435998	skos:broadMatch	ICD-10:G60.0	ICD10:G60.0	ordo.db	ProperSubClassOf	ORDO:435998	ICD10:G60.0	0.9	INCLUDED	NA
Charcot-Marie-Tooth_Disease_Type_4B3	ordo	ORDO:363981	skos:broadMatch	ICD-10:G60.0	ICD10:G60.0	ordo.db	ProperSubClassOf	ORDO:363981	ICD10:G60.0	0.9	INCLUDED	NA
Charcot-Marie-Tooth_Disease_Type_4D	ordo	ORDO:99950	skos:broadMatch	ICD-10:G60.0	ICD10:G60.0	ordo.db	ProperSubClassOf	ORDO:99950	ICD10:G60.0	0.9	INCLUDED	NA
Charcot-Marie-Tooth_Disease_Type_4K	ordo	ORDO:391351	skos:broadMatch	ICD-10:G60.0	ICD10:G60.0	ordo.db	ProperSubClassOf	ORDO:391351	ICD10:G60.0	0.9	INCLUDED	NA
Charcot-Marie-Tooth_Disease_Type_X	ordo	ORDO:101075	skos:broadMatch	ICD-10:G60.0	ICD10:G60.0	ordo.db	ProperSubClassOf	ORDO:101075	ICD10:G60.0	0.9	INCLUDED	NA
Charcot-Marie-Tooth_Disease_Type_X	ordo	ORDO:352675	skos:broadMatch	ICD-10:G60.0	ICD10:G60.0	ordo.db	ProperSubClassOf	ORDO:352675	ICD10:G60.0	0.9	INCLUDED	NA
Charlevoix-Saguenay_spastic_ataxia	ordo	ORDO:98	skos:broadMatch	ICD-10:G11.1	ICD10:G11.1	ordo.db	ProperSubClassOf	ORDO:98	ICD10:G11.1	0.9	INCLUDED	NA
Chediak-Higashi_Syndrome	ordo	ORDO:167	skos:broadMatch	ICD-10:E70.3	ICD10:E70.3	ordo.db	ProperSubClassOf	ORDO:167	ICD10:E70.3	0.9	INCLUDED	NA
Cherubism	ordo	ORDO:184	skos:broadMatch	ICD-10:K10.8	ICD10:K10.8	ordo.db	ProperSubClassOf	ORDO:184	ICD10:K10.8	0.9	INCLUDED	NA
Cholesteryl_Ester_Storage_Disease	ordo	ORDO:75234	skos:broadMatch	ICD-10:E75.5	ICD10:E75.5	ordo.db	ProperSubClassOf	ORDO:75234	ICD10:E75.5	0.9	INCLUDED	NA
Chondrodysplasia_Blomstrand_Type	ordo	ORDO:50945	skos:broadMatch	ICD-10:Q78.8	ICD10:Q78.8	ordo.db	ProperSubClassOf	ORDO:50945	ICD10:Q78.8	0.9	INCLUDED	NA
Chondrodysplasia_Punctata_Tibial-metacarpal_Type	ordo	ORDO:79346	skos:broadMatch	ICD-10:Q77.3	ICD10:Q77.3	ordo.db	ProperSubClassOf	ORDO:79346	ICD10:Q77.3	0.9	INCLUDED	NA
Chondrodysplasia_With_Joint_Dislocations_gPAPP_Type	ordo	ORDO:280586	skos:broadMatch	ICD-10:M85.0	ICD10:M85.0	ordo.db	ProperSubClassOf	ORDO:280586	ICD10:M85.0	0.9	INCLUDED	NA
Chorea-acanthocytosis	ordo	ORDO:2388	skos:broadMatch	ICD-10:E78.6	ICD10:E78.6	ordo.db	ProperSubClassOf	ORDO:2388	ICD10:E78.6	0.9	INCLUDED	NA
Choroideremia	ordo	ORDO:180	skos:broadMatch	ICD-10:H31.2	ICD10:H31.2	ordo.db	ProperSubClassOf	ORDO:180	ICD10:H31.2	0.9	INCLUDED	NA
Chromosome_17q12_Deletion_Syndrome	ordo	ORDO:261265	skos:broadMatch	ICD-10:Q93.5	ICD10:Q93.5	ordo.db	ProperSubClassOf	ORDO:261265	ICD10:Q93.5	0.9	INCLUDED	NA
Chromosome_18p_Deletion_Syndrome	ordo	ORDO:1598	skos:broadMatch	ICD-10:Q93.5	ICD10:Q93.5	ordo.db	ProperSubClassOf	ORDO:1598	ICD10:Q93.5	0.9	INCLUDED	NA
Chromosome_2q32-q33_Deletion_Syndrome	ordo	ORDO:251019	skos:broadMatch	ICD-10:Q93.5	ICD10:Q93.5	ordo.db	ProperSubClassOf	ORDO:251019	ICD10:Q93.5	0.9	INCLUDED	NA
Chromosome_2q32-q33_Deletion_Syndrome	ordo	ORDO:576283	skos:broadMatch	ICD-10:Q87.8	ICD10:Q87.8	ordo.db	ProperSubClassOf	ORDO:576283	ICD10:Q87.8	0.9	INCLUDED	NA
Chronic_Granulomatous_Disease	ordo	ORDO:379	skos:broadMatch	ICD-10:D71	ICD10:D71	ordo.db	ProperSubClassOf	ORDO:379	ICD10:D71	0.9	INCLUDED	NA
Chronic_Mucocutaneous_Candidiasis	ordo	ORDO:1334	skos:broadMatch	ICD-10:B37.2	ICD10:B37.2	ordo.db	ProperSubClassOf	ORDO:1334	ICD10:B37.2	0.9	INCLUDED	NA
Chronic_Mucocutaneous_Candidiasis	ordo	ORDO:3453	skos:broadMatch	ICD-10:E31.0	ICD10:E31.0	ordo.db	ProperSubClassOf	ORDO:3453	ICD10:E31.0	0.9	INCLUDED	NA
Chronic_Mucocutaneous_Candidiasis	ordo	ORDO:391487	skos:broadMatch	ICD-10:K63.9	ICD10:K63.9	ordo.db	ProperSubClassOf	ORDO:391487	ICD10:K63.9	0.9	INCLUDED	NA
Chronic_Neurovisceral_Acid_Sphingomyelinase_Deficiency	ordo	ORDO:618891	skos:broadMatch	ICD-10:E75.2	ICD10:E75.2	ordo.db	ProperSubClassOf	ORDO:618891	ICD10:E75.2	0.9	INCLUDED	NA
Chung-Jansen_Syndrome	ordo	ORDO:589905	skos:broadMatch	ICD-10:Q87.8	ICD10:Q87.8	ordo.db	ProperSubClassOf	ORDO:589905	ICD10:Q87.8	0.9	INCLUDED	NA
Chuvash_Polycythemia	ordo	ORDO:238557	skos:broadMatch	ICD-10:D75.1	ICD10:D75.1	ordo.db	ProperSubClassOf	ORDO:238557	ICD10:D75.1	0.9	INCLUDED	NA
Citrin_Deficiency	ordo	ORDO:247598	skos:broadMatch	ICD-10:E72.2	ICD10:E72.2	ordo.db	ProperSubClassOf	ORDO:247598	ICD10:E72.2	0.9	INCLUDED	NA
Citrullinemia_Type_I	ordo	ORDO:247525	skos:broadMatch	ICD-10:E72.2	ICD10:E72.2	ordo.db	ProperSubClassOf	ORDO:247525	ICD10:E72.2	0.9	INCLUDED	NA
Citrullinemia_Type_I	ordo	ORDO:247546	skos:broadMatch	ICD-10:E72.2	ICD10:E72.2	ordo.db	ProperSubClassOf	ORDO:247546	ICD10:E72.2	0.9	INCLUDED	NA
Citrullinemia_Type_I	ordo	ORDO:247573	skos:broadMatch	ICD-10:E72.2	ICD10:E72.2	ordo.db	ProperSubClassOf	ORDO:247573	ICD10:E72.2	0.9	INCLUDED	NA
Classic_Familial_Adenomatous_Polyposis	ordo	ORDO:733	skos:broadMatch	ICD-10:D12.6	ICD10:D12.6	ordo.db	ProperSubClassOf	ORDO:733	ICD10:D12.6	0.9	INCLUDED	NA
Cleidocranial_Dysplasia	ordo	ORDO:1452	skos:broadMatch	ICD-10:Q74.0	ICD10:Q74.0	ordo.db	ProperSubClassOf	ORDO:1452	ICD10:Q74.0	0.9	INCLUDED	NA
Clouston_Syndrome	ordo	ORDO:189	skos:broadMatch	ICD-10:Q82.8	ICD10:Q82.8	ordo.db	ProperSubClassOf	ORDO:189	ICD10:Q82.8	0.9	INCLUDED	NA
Coffin-Lowry_Syndrome	ordo	ORDO:192	skos:broadMatch	ICD-10:Q87.0	ICD10:Q87.0	ordo.db	ProperSubClassOf	ORDO:192	ICD10:Q87.0	0.9	INCLUDED	NA
Coffin_Siris_Syndrome	ordo	ORDO:1465	skos:broadMatch	ICD-10:Q87.1	ICD10:Q87.1	ordo.db	ProperSubClassOf	ORDO:1465	ICD10:Q87.1	0.9	INCLUDED	NA
Cole-Carpenter_Syndrome	ordo	ORDO:2050	skos:broadMatch	ICD-10:Q78.0	ICD10:Q78.0	ordo.db	ProperSubClassOf	ORDO:2050	ICD10:Q78.0	0.9	INCLUDED	NA
Colobomatous_Microphthalmia-Rhizomelic_Dysplasia_Syndrome	ordo	ORDO:424099	skos:broadMatch	ICD-10:Q87.5	ICD10:Q87.5	ordo.db	ProperSubClassOf	ORDO:424099	ICD10:Q87.5	0.9	INCLUDED	NA
Combined_Immunodeficiency_Due_To_CD3gamma_Deficiency	ordo	ORDO:169082	skos:broadMatch	ICD-10:D81.2	ICD10:D81.2	ordo.db	ProperSubClassOf	ORDO:169082	ICD10:D81.2	0.9	INCLUDED	NA
Combined_Immunodeficiency_Due_To_CTPS1_Deficiency	ordo	ORDO:420573	skos:broadMatch	ICD-10:D81.2	ICD10:D81.2	ordo.db	ProperSubClassOf	ORDO:420573	ICD10:D81.2	0.9	INCLUDED	NA
Combined_Immunodeficiency_Due_To_GINS1_Deficiency	ordo	ORDO:505227	skos:broadMatch	ICD-10:D81.8	ICD10:D81.8	ordo.db	ProperSubClassOf	ORDO:505227	ICD10:D81.8	0.9	INCLUDED	NA
Combined_Malonic_and_Methylmalonic_Aciduria	ordo	ORDO:289504	skos:broadMatch	ICD-10:E71.1	ICD10:E71.1	ordo.db	ProperSubClassOf	ORDO:289504	ICD10:E71.1	0.9	INCLUDED	NA
Combined_Oxidative_Phosphorylation_Defect_Type_13	ordo	ORDO:319514	skos:broadMatch	ICD-10:E88.8	ICD10:E88.8	ordo.db	ProperSubClassOf	ORDO:319514	ICD10:E88.8	0.9	INCLUDED	NA
Combined_Oxidative_Phosphorylation_Defect_Type_21	ordo	ORDO:420733	skos:broadMatch	ICD-10:E88.8	ICD10:E88.8	ordo.db	ProperSubClassOf	ORDO:420733	ICD10:E88.8	0.9	INCLUDED	NA
Combined_Oxidative_Phosphorylation_Defect_Type_26	ordo	ORDO:477684	skos:broadMatch	ICD-10:E88.8	ICD10:E88.8	ordo.db	ProperSubClassOf	ORDO:477684	ICD10:E88.8	0.9	INCLUDED	NA
Combined_Oxidative_Phosphorylation_Defect_Type_30	ordo	ORDO:478042	skos:broadMatch	ICD-10:E88.8	ICD10:E88.8	ordo.db	ProperSubClassOf	ORDO:478042	ICD10:E88.8	0.9	INCLUDED	NA
Combined_Oxidative_Phosphorylation_Defect_Type_4	ordo	ORDO:254925	skos:broadMatch	ICD-10:E88.8	ICD10:E88.8	ordo.db	ProperSubClassOf	ORDO:254925	ICD10:E88.8	0.9	INCLUDED	NA
Combined_Oxidative_Phosphorylation_Defect_Type_7	ordo	ORDO:254930	skos:broadMatch	ICD-10:E88.8	ICD10:E88.8	ordo.db	ProperSubClassOf	ORDO:254930	ICD10:E88.8	0.9	INCLUDED	NA
Combined_Saposin_Deficiency	ordo	ORDO:139406	skos:broadMatch	ICD-10:E75.2	ICD10:E75.2	ordo.db	ProperSubClassOf	ORDO:139406	ICD10:E75.2	0.9	INCLUDED	NA
Congenital_Adrenal_Hyperplasia	ordo	ORDO:315306	skos:broadMatch	ICD-10:E25.0	ICD10:E25.0	ordo.db	ProperSubClassOf	ORDO:315306	ICD10:E25.0	0.9	INCLUDED	NA
Congenital_Adrenal_Hyperplasia	ordo	ORDO:315311	skos:broadMatch	ICD-10:E25.0	ICD10:E25.0	ordo.db	ProperSubClassOf	ORDO:315311	ICD10:E25.0	0.9	INCLUDED	NA
Congenital_Adrenal_Hyperplasia	ordo	ORDO:418	skos:exactMatch	ICD-10:E25.0	ICD10:E25.0	ordo.db	EquivalentTo	ORDO:418	ICD10:E25.0	0.95	INCLUDED	NA
Congenital_Adrenal_Hyperplasia	ordo	ORDO:90790	skos:broadMatch	ICD-10:E25.0	ICD10:E25.0	ordo.db	ProperSubClassOf	ORDO:90790	ICD10:E25.0	0.9	INCLUDED	NA
Congenital_Adrenal_Hyperplasia	ordo	ORDO:90791	skos:broadMatch	ICD-10:E25.0	ICD10:E25.0	ordo.db	ProperSubClassOf	ORDO:90791	ICD10:E25.0	0.9	INCLUDED	NA
Congenital_Adrenal_Hyperplasia	ordo	ORDO:90793	skos:broadMatch	ICD-10:E25.0	ICD10:E25.0	ordo.db	ProperSubClassOf	ORDO:90793	ICD10:E25.0	0.9	INCLUDED	NA
Congenital_Adrenal_Hyperplasia	ordo	ORDO:90794	skos:broadMatch	ICD-10:E25.0	ICD10:E25.0	ordo.db	ProperSubClassOf	ORDO:90794	ICD10:E25.0	0.9	INCLUDED	NA
Congenital_Adrenal_Hyperplasia	ordo	ORDO:90795	skos:broadMatch	ICD-10:E25.0	ICD10:E25.0	ordo.db	ProperSubClassOf	ORDO:90795	ICD10:E25.0	0.9	INCLUDED	NA
Congenital_Bilateral_Absence_of_Vas_Deferens	ordo	ORDO:48	skos:broadMatch	ICD-10:Q55.4	ICD10:Q55.4	ordo.db	ProperSubClassOf	ORDO:48	ICD10:Q55.4	0.9	INCLUDED	NA
Congenital_Chloride_Diarrhea	ordo	ORDO:53689	skos:broadMatch	ICD-10:P78.3	ICD10:P78.3	ordo.db	ProperSubClassOf	ORDO:53689	ICD10:P78.3	0.9	INCLUDED	NA
Congenital_Dyserythropoietic_Anemia	ordo	ORDO:85	skos:exactMatch	ICD-10:D64.4	ICD10:D64.4	ordo.db	EquivalentTo	ORDO:85	ICD10:D64.4	0.95	INCLUDED	NA
Congenital_Dyserythropoietic_Anemia	ordo	ORDO:98869	skos:broadMatch	ICD-10:D64.4	ICD10:D64.4	ordo.db	ProperSubClassOf	ORDO:98869	ICD10:D64.4	0.9	INCLUDED	NA
Congenital_Dyserythropoietic_Anemia	ordo	ORDO:98870	skos:broadMatch	ICD-10:D64.4	ICD10:D64.4	ordo.db	ProperSubClassOf	ORDO:98870	ICD10:D64.4	0.9	INCLUDED	NA
Congenital_Dyserythropoietic_Anemia	ordo	ORDO:98873	skos:broadMatch	ICD-10:D64.4	ICD10:D64.4	ordo.db	ProperSubClassOf	ORDO:98873	ICD10:D64.4	0.9	INCLUDED	NA
Congenital_Fibrosis_of_the_Extraocular_Muscles	ordo	ORDO:45358	skos:broadMatch	ICD-10:H49.8	ICD10:H49.8	ordo.db	ProperSubClassOf	ORDO:45358	ICD10:H49.8	0.9	INCLUDED	NA
Congenital_Glaucoma	ordo	ORDO:98976	skos:exactMatch	ICD-10:Q15.0	ICD10:Q15.0	ordo.db	EquivalentTo	ORDO:98976	ICD10:Q15.0	0.95	INCLUDED	NA
Congenital_Heart_Defects_and_Skeletal_Malformations_Syndrome	ordo	ORDO:643503	skos:broadMatch	ICD-10:Q87.8	ICD10:Q87.8	ordo.db	ProperSubClassOf	ORDO:643503	ICD10:Q87.8	0.9	INCLUDED	NA
Congenital_Hypomyelinating_Neuropathy	ordo	ORDO:99951	skos:broadMatch	ICD-10:G60.0	ICD10:G60.0	ordo.db	ProperSubClassOf	ORDO:99951	ICD10:G60.0	0.9	INCLUDED	NA
Congenital_Insensitivity_to_Pain	ordo	ORDO:391397	skos:broadMatch	ICD-10:G60.8	ICD10:G60.8	ordo.db	ProperSubClassOf	ORDO:391397	ICD10:G60.8	0.9	INCLUDED	NA
Congenital_Insensitivity_to_Pain	ordo	ORDO:478664	skos:broadMatch	ICD-10:G60.8	ICD10:G60.8	ordo.db	ProperSubClassOf	ORDO:478664	ICD10:G60.8	0.9	INCLUDED	NA
Congenital_Insensitivity_to_Pain	ordo	ORDO:642	skos:broadMatch	ICD-10:G60.8	ICD10:G60.8	ordo.db	ProperSubClassOf	ORDO:642	ICD10:G60.8	0.9	INCLUDED	NA
Congenital_Insensitivity_to_Pain	ordo	ORDO:64752	skos:broadMatch	ICD-10:G60.8	ICD10:G60.8	ordo.db	ProperSubClassOf	ORDO:64752	ICD10:G60.8	0.9	INCLUDED	NA
Congenital_Insensitivity_to_Pain	ordo	ORDO:88642	skos:broadMatch	ICD-10:G60.8	ICD10:G60.8	ordo.db	ProperSubClassOf	ORDO:88642	ICD10:G60.8	0.9	INCLUDED	NA
Congenital_Lactase_Deficiency	ordo	ORDO:53690	skos:exactMatch	ICD-10:E73.0	ICD10:E73.0	ordo.db	EquivalentTo	ORDO:53690	ICD10:E73.0	0.95	INCLUDED	NA
Congenital_Myasthenic_Syndrome	ordo	ORDO:590	skos:exactMatch	ICD-10:G70.2	ICD10:G70.2	ordo.db	EquivalentTo	ORDO:590	ICD10:G70.2	0.95	INCLUDED	NA
Congenital_Sialidosis_Type_2	ordo	ORDO:93400	skos:broadMatch	ICD-10:E77.1	ICD10:E77.1	ordo.db	ProperSubClassOf	ORDO:93400	ICD10:E77.1	0.9	INCLUDED	NA
Congenital_Sodium_Diarrhea	ordo	ORDO:103908	skos:broadMatch	ICD-10:K90.8	ICD10:K90.8	ordo.db	ProperSubClassOf	ORDO:103908	ICD10:K90.8	0.9	INCLUDED	NA
Congenital_Stationary_Night_Blindness	ordo	ORDO:215	skos:broadMatch	ICD-10:H53.6	ICD10:H53.6	ordo.db	ProperSubClassOf	ORDO:215	ICD10:H53.6	0.9	INCLUDED	NA
Congenital_Sucrase-Isomaltase_Deficiency	ordo	ORDO:35122	skos:broadMatch	ICD-10:E74.3	ICD10:E74.3	ordo.db	ProperSubClassOf	ORDO:35122	ICD10:E74.3	0.9	INCLUDED	NA
Congenital_Thrombotic_Thrombocytopenic_Purpura	ordo	ORDO:93583	skos:broadMatch	ICD-10:M31.1	ICD10:M31.1	ordo.db	ProperSubClassOf	ORDO:93583	ICD10:M31.1	0.9	INCLUDED	NA
Congenital_Tufting_Enteropathy	ordo	ORDO:92050	skos:broadMatch	ICD-10:P78.3	ICD10:P78.3	ordo.db	ProperSubClassOf	ORDO:92050	ICD10:P78.3	0.9	INCLUDED	NA
Congenital_Vertebral-Cardiac-Renal_Anomalies_Syndrome	ordo	ORDO:521438	skos:broadMatch	ICD-10:Q87.8	ICD10:Q87.8	ordo.db	ProperSubClassOf	ORDO:521438	ICD10:Q87.8	0.9	INCLUDED	NA
Cooks_Syndrome	ordo	ORDO:1487	skos:broadMatch	ICD-10:Q84.6	ICD10:Q84.6	ordo.db	ProperSubClassOf	ORDO:1487	ICD10:Q84.6	0.9	INCLUDED	NA
Cori_Forbes_Disease	ordo	ORDO:366	skos:broadMatch	ICD-10:E74.0	ICD10:E74.0	ordo.db	ProperSubClassOf	ORDO:366	ICD10:E74.0	0.9	INCLUDED	NA
Corneal_Dystrophy	ordo	ORDO:34533	skos:exactMatch	ICD-10:H18.5	ICD10:H18.5	ordo.db	EquivalentTo	ORDO:34533	ICD10:H18.5	0.95	INCLUDED	NA
Corpus_Callosum_Agenesis-Intellectual_Disability-Coloboma-Micrognathia_Syndrome	ordo	ORDO:52055	skos:broadMatch	ICD-10:Q87.8	ICD10:Q87.8	ordo.db	ProperSubClassOf	ORDO:52055	ICD10:Q87.8	0.9	INCLUDED	NA
Cortisone_Reductase_Deficiency	ordo	ORDO:168588	skos:broadMatch	ICD-10:E25.8	ICD10:E25.8	ordo.db	ProperSubClassOf	ORDO:168588	ICD10:E25.8	0.9	INCLUDED	NA
Costello_Syndrome	ordo	ORDO:3071	skos:broadMatch	ICD-10:Q87.8	ICD10:Q87.8	ordo.db	ProperSubClassOf	ORDO:3071	ICD10:Q87.8	0.9	INCLUDED	NA
Cowden_Syndrome	ordo	ORDO:201	skos:broadMatch	ICD-10:Q85.8	ICD10:Q85.8	ordo.db	ProperSubClassOf	ORDO:201	ICD10:Q85.8	0.9	INCLUDED	NA
Cranioectodermal_Dysplasia	ordo	ORDO:1515	skos:broadMatch	ICD-10:Q87.5	ICD10:Q87.5	ordo.db	ProperSubClassOf	ORDO:1515	ICD10:Q87.5	0.9	INCLUDED	NA
Craniofacial-Deafness-Hand_Syndrome	ordo	ORDO:1529	skos:broadMatch	ICD-10:Q87.0	ICD10:Q87.0	ordo.db	ProperSubClassOf	ORDO:1529	ICD10:Q87.0	0.9	INCLUDED	NA
Craniometaphyseal_Dysplasia	ordo	ORDO:1522	skos:broadMatch	ICD-10:Q78.8	ICD10:Q78.8	ordo.db	ProperSubClassOf	ORDO:1522	ICD10:Q78.8	0.9	INCLUDED	NA
Creatine_Transporter_Deficiency	ordo	ORDO:52503	skos:broadMatch	ICD-10:E72.8	ICD10:E72.8	ordo.db	ProperSubClassOf	ORDO:52503	ICD10:E72.8	0.9	INCLUDED	NA
Crigler-Najjar_Syndrome	ordo	ORDO:205	skos:exactMatch	ICD-10:E80.5	ICD10:E80.5	ordo.db	EquivalentTo	ORDO:205	ICD10:E80.5	0.95	INCLUDED	NA
Crigler-Najjar_Syndrome	ordo	ORDO:79234	skos:broadMatch	ICD-10:E80.5	ICD10:E80.5	ordo.db	ProperSubClassOf	ORDO:79234	ICD10:E80.5	0.9	INCLUDED	NA
Crigler-Najjar_Syndrome	ordo	ORDO:79235	skos:broadMatch	ICD-10:E80.5	ICD10:E80.5	ordo.db	ProperSubClassOf	ORDO:79235	ICD10:E80.5	0.9	INCLUDED	NA
Crouzon_Syndrome	ordo	ORDO:207	skos:broadMatch	ICD-10:Q75.1	ICD10:Q75.1	ordo.db	ProperSubClassOf	ORDO:207	ICD10:Q75.1	0.9	INCLUDED	NA
Crouzon_Syndrome_with_Acanthosis_Nigricans	ordo	ORDO:93262	skos:broadMatch	ICD-10:Q75.1	ICD10:Q75.1	ordo.db	ProperSubClassOf	ORDO:93262	ICD10:Q75.1	0.9	INCLUDED	NA
Cyanosis_Transient_Neonatal	ordo	ORDO:280615	skos:broadMatch	ICD-10:D58.2	ICD10:D58.2	ordo.db	ProperSubClassOf	ORDO:280615	ICD10:D58.2	0.9	INCLUDED	NA
Cystinosis	ordo	ORDO:213	skos:broadMatch	ICD-10:E72.0	ICD10:E72.0	ordo.db	ProperSubClassOf	ORDO:213	ICD10:E72.0	0.9	INCLUDED	NA
Cystinosis	ordo	ORDO:411634	skos:broadMatch	ICD-10:E72.0+	ICD10:E72.0+	ordo.db	NA	NA	NA	NA	REVIEW	Target absent from classification; retain code qualifiers for review
Cystinosis	ordo	ORDO:411634	skos:broadMatch	ICD-10:N16.3*	ICD10:N16.3*	ordo.db	NA	NA	NA	NA	REVIEW	Target absent from classification; retain code qualifiers for review
Cystinosis	ordo	ORDO:411641	skos:broadMatch	ICD-10:E72.0	ICD10:E72.0	ordo.db	ProperSubClassOf	ORDO:411641	ICD10:E72.0	0.9	INCLUDED	NA
Cystinuria	ordo	ORDO:214	skos:broadMatch	ICD-10:E72.0	ICD10:E72.0	ordo.db	ProperSubClassOf	ORDO:214	ICD10:E72.0	0.9	INCLUDED	NA
Cystinuria	ordo	ORDO:93612	skos:broadMatch	ICD-10:E72.0	ICD10:E72.0	ordo.db	ProperSubClassOf	ORDO:93612	ICD10:E72.0	0.9	INCLUDED	NA
Cystinuria	ordo	ORDO:93613	skos:broadMatch	ICD-10:E72.0	ICD10:E72.0	ordo.db	ProperSubClassOf	ORDO:93613	ICD10:E72.0	0.9	INCLUDED	NA
Czech_Dysplasia	ordo	ORDO:137678	skos:broadMatch	ICD-10:Q77.7	ICD10:Q77.7	ordo.db	ProperSubClassOf	ORDO:137678	ICD10:Q77.7	0.9	INCLUDED	NA
D-2-Hydroxyglutaric_Aciduria	ordo	ORDO:79315	skos:broadMatch	ICD-10:E72.8	ICD10:E72.8	ordo.db	ProperSubClassOf	ORDO:79315	ICD10:E72.8	0.9	INCLUDED	NA
DECR_Deficiency	ordo	ORDO:431361	skos:broadMatch	ICD-10:G31.8	ICD10:G31.8	ordo.db	ProperSubClassOf	ORDO:431361	ICD10:G31.8	0.9	INCLUDED	NA
DGAT1_Deficiency	ordo	ORDO:329242	skos:broadMatch	ICD-10:P78.3	ICD10:P78.3	ordo.db	ProperSubClassOf	ORDO:329242	ICD10:P78.3	0.9	INCLUDED	NA
DICER1_Tumor_Predisposition_Syndrome	ordo	ORDO:284343	skos:broadMatch	ICD-10:C34.8	ICD10:C34.8	ordo.db	ProperSubClassOf	ORDO:284343	ICD10:C34.8	0.9	INCLUDED	NA
DK1-congenital_disorder_of_glycosylation	ordo	ORDO:91131	skos:broadMatch	ICD-10:E77.8	ICD10:E77.8	ordo.db	ProperSubClassOf	ORDO:91131	ICD10:E77.8	0.9	INCLUDED	NA
DONSON-Related_Microcephalic_Primordial_Dwarfism	ordo	ORDO:572761	skos:broadMatch	ICD-10:Q87.1	ICD10:Q87.1	ordo.db	ProperSubClassOf	ORDO:572761	ICD10:Q87.1	0.9	INCLUDED	NA
DONSON-Related_Microcephalic_Primordial_Dwarfism	ordo	ORDO:572768	skos:broadMatch	ICD-10:Q87.1	ICD10:Q87.1	ordo.db	ProperSubClassOf	ORDO:572768	ICD10:Q87.1	0.9	INCLUDED	NA
DONSON-Related_Microcephalic_Primordial_Dwarfism	ordo	ORDO:572773	skos:broadMatch	ICD-10:Q87.1	ICD10:Q87.1	ordo.db	ProperSubClassOf	ORDO:572773	ICD10:Q87.1	0.9	INCLUDED	NA
DOORS_Syndrome	ordo	ORDO:79500	skos:broadMatch	ICD-10:Q87.8	ICD10:Q87.8	ordo.db	ProperSubClassOf	ORDO:79500	ICD10:Q87.8	0.9	INCLUDED	NA
DPM2-congenital_disorder_of_glycosylation	ordo	ORDO:329178	skos:broadMatch	ICD-10:E77.8	ICD10:E77.8	ordo.db	ProperSubClassOf	ORDO:329178	ICD10:E77.8	0.9	INCLUDED	NA
DYRK1A_Syndrome	ordo	ORDO:464306	skos:broadMatch	ICD-10:Q87.8	ICD10:Q87.8	ordo.db	ProperSubClassOf	ORDO:464306	ICD10:Q87.8	0.9	INCLUDED	NA
Danon_disease	ordo	ORDO:34587	skos:broadMatch	ICD-10:E74.0	ICD10:E74.0	ordo.db	ProperSubClassOf	ORDO:34587	ICD10:E74.0	0.9	INCLUDED	NA
DeSanto-Shinawi_Syndrome	ordo	ORDO:284169	skos:broadMatch	ICD-10:Q87.8	ICD10:Q87.8	ordo.db	ProperSubClassOf	ORDO:284169	ICD10:Q87.8	0.9	INCLUDED	NA
DeSanto-Shinawi_Syndrome	ordo	ORDO:466943	skos:broadMatch	ICD-10:Q87.0	ICD10:Q87.0	ordo.db	ProperSubClassOf	ORDO:466943	ICD10:Q87.0	0.9	INCLUDED	NA
DeSanto-Shinawi_Syndrome	ordo	ORDO:466950	skos:broadMatch	ICD-10:Q87.8	ICD10:Q87.8	ordo.db	ProperSubClassOf	ORDO:466950	ICD10:Q87.8	0.9	INCLUDED	NA
Deficiency_of_Adenosine_Deaminase_2	ordo	ORDO:404553	skos:broadMatch	ICD-10:M30.8	ICD10:M30.8	ordo.db	ProperSubClassOf	ORDO:404553	ICD10:M30.8	0.9	INCLUDED	NA
Delpire-McNeill_Syndrome	ordo	ORDO:633024	skos:broadMatch	ICD-10:Q87.8	ICD10:Q87.8	ordo.db	ProperSubClassOf	ORDO:633024	ICD10:Q87.8	0.9	INCLUDED	NA
Dentatorubral-Pallidoluysian_Atrophy	ordo	ORDO:101	skos:broadMatch	ICD-10:G11.8	ICD10:G11.8	ordo.db	ProperSubClassOf	ORDO:101	ICD10:G11.8	0.9	INCLUDED	NA
Denys-Drash_Syndrome	ordo	ORDO:220	skos:broadMatch	ICD-10:N04.1	ICD10:N04.1	ordo.db	NA	NA	NA	NA	REVIEW	Target absent from classification; retain code qualifiers for review
Dermatosparaxis_Ehlers-Danlos_Syndrome	ordo	ORDO:1901	skos:broadMatch	ICD-10:Q79.6	ICD10:Q79.6	ordo.db	ProperSubClassOf	ORDO:1901	ICD10:Q79.6	0.9	INCLUDED	NA
Developmental_And_Epileptic_Encephalopathy_50	ordo	ORDO:448010	skos:broadMatch	ICD-10:E77.8	ICD10:E77.8	ordo.db	ProperSubClassOf	ORDO:448010	ICD10:E77.8	0.9	INCLUDED	NA
Diamond-Blackfan_Anemia	ordo	ORDO:124	skos:broadMatch	ICD-10:D61.0	ICD10:D61.0	ordo.db	ProperSubClassOf	ORDO:124	ICD10:D61.0	0.9	INCLUDED	NA
Diaphyseal_Medullary_Stenosis_With_Malignant_Fibrous_Histiocytoma	ordo	ORDO:85182	skos:broadMatch	ICD-10:M89.8	ICD10:M89.8	ordo.db	ProperSubClassOf	ORDO:85182	ICD10:M89.8	0.9	INCLUDED	NA
Diastrophic_Dysplasia	ordo	ORDO:628	skos:exactMatch	ICD-10:Q77.5	ICD10:Q77.5	ordo.db	EquivalentTo	ORDO:628	ICD10:Q77.5	0.95	INCLUDED	NA
Diffuse_Nonepidermolytic_Palmoplantar_Keratoderma	ordo	ORDO:530838	skos:broadMatch	ICD-10:Q82.8	ICD10:Q82.8	ordo.db	ProperSubClassOf	ORDO:530838	ICD10:Q82.8	0.9	INCLUDED	NA
Dihydropyrimidine_Dehydrogenase_Deficiency	ordo	ORDO:1675	skos:broadMatch	ICD-10:E79.8	ICD10:E79.8	ordo.db	ProperSubClassOf	ORDO:1675	ICD10:E79.8	0.9	INCLUDED	NA
Dimethylglycine_Dehydrogenase_Deficiency	ordo	ORDO:243343	skos:broadMatch	ICD-10:E72.5	ICD10:E72.5	ordo.db	ProperSubClassOf	ORDO:243343	ICD10:E72.5	0.9	INCLUDED	NA
Dominant_Deafness-Onychodystrophy_Syndrome	ordo	ORDO:79499	skos:broadMatch	ICD-10:Q87.8	ICD10:Q87.8	ordo.db	ProperSubClassOf	ORDO:79499	ICD10:Q87.8	0.9	INCLUDED	NA
Donnai-Barrow_syndrome	ordo	ORDO:2143	skos:broadMatch	ICD-10:Q87.8	ICD10:Q87.8	ordo.db	ProperSubClassOf	ORDO:2143	ICD10:Q87.8	0.9	INCLUDED	NA
Dorfman_Chanarin_Disease	ordo	ORDO:98907	skos:broadMatch	ICD-10:E75.5	ICD10:E75.5	ordo.db	ProperSubClassOf	ORDO:98907	ICD10:E75.5	0.9	INCLUDED	NA
Dowling-Degos_Disease	ordo	ORDO:79145	skos:broadMatch	ICD-10:L81.8	ICD10:L81.8	ordo.db	ProperSubClassOf	ORDO:79145	ICD10:L81.8	0.9	INCLUDED	NA
Du_Pan_Syndrome	ordo	ORDO:2639	skos:broadMatch	ICD-10:Q73.8	ICD10:Q73.8	ordo.db	ProperSubClassOf	ORDO:2639	ICD10:Q73.8	0.9	INCLUDED	NA
Duane_Radial_Ray_Syndrome	ordo	ORDO:93293	skos:broadMatch	ICD-10:Q87.8	ICD10:Q87.8	ordo.db	ProperSubClassOf	ORDO:93293	ICD10:Q87.8	0.9	INCLUDED	NA
Duane_Radial_Ray_Syndrome	ordo	ORDO:959	skos:broadMatch	ICD-10:Q87.8	ICD10:Q87.8	ordo.db	ProperSubClassOf	ORDO:959	ICD10:Q87.8	0.9	INCLUDED	NA
Duane_Retraction_Syndrome	ordo	ORDO:233	skos:broadMatch	ICD-10:H50.8	ICD10:H50.8	ordo.db	ProperSubClassOf	ORDO:233	ICD10:H50.8	0.9	INCLUDED	NA
Dubin-Johnson_Syndrome	ordo	ORDO:234	skos:broadMatch	ICD-10:E80.6	ICD10:E80.6	ordo.db	ProperSubClassOf	ORDO:234	ICD10:E80.6	0.9	INCLUDED	NA
Dyskeratosis_Congenita	ordo	ORDO:1775	skos:broadMatch	ICD-10:Q82.8	ICD10:Q82.8	ordo.db	ProperSubClassOf	ORDO:1775	ICD10:Q82.8	0.9	INCLUDED	NA
Dystroglycanopathy	ordo	ORDO:899	skos:broadMatch	ICD-10:G71.0	ICD10:G71.0	ordo.db	ProperSubClassOf	ORDO:899	ICD10:G71.0	0.9	INCLUDED	NA
Dystrophic_Epidermolysis_Bullosa	dismech	dismech:Dystrophic_Epidermolysis_Bullosa	skos:exactMatch	ICD10CM:Q81.2	ICD10CM:Q81.2	ICD-10-CM	EquivalentTo	dismech:Dystrophic_Epidermolysis_Bullosa	ICD10CM:Q81.2	0.95	INCLUDED	NA
Dystrophic_Epidermolysis_Bullosa	ordo	ORDO:231568	skos:broadMatch	ICD-10:Q81.2	ICD10:Q81.2	ordo.db	ProperSubClassOf	ORDO:231568	ICD10:Q81.2	0.9	INCLUDED	NA
Dystrophic_Epidermolysis_Bullosa	ordo	ORDO:303	skos:exactMatch	ICD-10:Q81.2	ICD10:Q81.2	ordo.db	EquivalentTo	ORDO:303	ICD10:Q81.2	0.95	INCLUDED	NA
Dystrophic_Epidermolysis_Bullosa	ordo	ORDO:79408	skos:broadMatch	ICD-10:Q81.2	ICD10:Q81.2	ordo.db	ProperSubClassOf	ORDO:79408	ICD10:Q81.2	0.9	INCLUDED	NA
Dystrophic_Epidermolysis_Bullosa	ordo	ORDO:79409	skos:broadMatch	ICD-10:Q81.2	ICD10:Q81.2	ordo.db	ProperSubClassOf	ORDO:79409	ICD10:Q81.2	0.9	INCLUDED	NA
Dystrophic_Epidermolysis_Bullosa	ordo	ORDO:89842	skos:broadMatch	ICD-10:Q81.2	ICD10:Q81.2	ordo.db	ProperSubClassOf	ORDO:89842	ICD10:Q81.2	0.9	INCLUDED	NA
ECHS1_Deficiency	ordo	ORDO:653880	skos:broadMatch	ICD-10:E71.1	ICD10:E71.1	ordo.db	ProperSubClassOf	ORDO:653880	ICD10:E71.1	0.9	INCLUDED	NA
EML1_Ribbon_Heterotopia	ordo	ORDO:99796	skos:broadMatch	ICD-10:Q04.3	ICD10:Q04.3	ordo.db	ProperSubClassOf	ORDO:99796	ICD10:Q04.3	0.9	INCLUDED	NA
EVEN-PLUS_Syndrome	ordo	ORDO:496751	skos:broadMatch	ICD-10:Q87.8	ICD10:Q87.8	ordo.db	ProperSubClassOf	ORDO:496751	ICD10:Q87.8	0.9	INCLUDED	NA
Ellis-van_Creveld_Syndrome	ordo	ORDO:289	skos:broadMatch	ICD-10:Q77.6	ICD10:Q77.6	ordo.db	ProperSubClassOf	ORDO:289	ICD10:Q77.6	0.9	INCLUDED	NA
Elsahy-Waters_Syndrome	ordo	ORDO:1299	skos:broadMatch	ICD-10:Q87.8	ICD10:Q87.8	ordo.db	ProperSubClassOf	ORDO:1299	ICD10:Q87.8	0.9	INCLUDED	NA
Emery_Dreifuss_Muscular_Dystrophy	ordo	ORDO:261	skos:broadMatch	ICD-10:G71.0	ICD10:G71.0	ordo.db	ProperSubClassOf	ORDO:261	ICD10:G71.0	0.9	INCLUDED	NA
Epidermolysis_Bullosa	dismech	dismech:Epidermolysis_Bullosa	skos:closeMatch	ICD10CM:Q81.9	ICD10CM:Q81.9	ICD-10-CM	NA	NA	NA	NA	REVIEW	Predicate has no supported logical translation
Epidermolysis_Bullosa_Simplex	dismech	dismech:Epidermolysis_Bullosa_Simplex	skos:exactMatch	ICD10CM:Q81.0	ICD10CM:Q81.0	ICD-10-CM	EquivalentTo	dismech:Epidermolysis_Bullosa_Simplex	ICD10CM:Q81.0	0.95	INCLUDED	NA
Epidermolysis_Bullosa_Simplex	ordo	ORDO:304	skos:exactMatch	ICD-10:Q81.0	ICD10:Q81.0	ordo.db	EquivalentTo	ORDO:304	ICD10:Q81.0	0.95	INCLUDED	NA
Episodic_Ataxia	ordo	ORDO:37612	skos:broadMatch	ICD-10:G11.8	ICD10:G11.8	ordo.db	ProperSubClassOf	ORDO:37612	ICD10:G11.8	0.9	INCLUDED	NA
Episodic_Ataxia	ordo	ORDO:97	skos:broadMatch	ICD-10:G11.8	ICD10:G11.8	ordo.db	ProperSubClassOf	ORDO:97	ICD10:G11.8	0.9	INCLUDED	NA
Erythrokeratodermia_Variabilis	ordo	ORDO:316	skos:broadMatch	ICD-10:Q82.8	ICD10:Q82.8	ordo.db	ProperSubClassOf	ORDO:316	ICD10:Q82.8	0.9	INCLUDED	NA
Erythrokeratodermia_Variabilis	ordo	ORDO:317	skos:broadMatch	ICD-10:Q82.8	ICD10:Q82.8	ordo.db	ProperSubClassOf	ORDO:317	ICD10:Q82.8	0.9	INCLUDED	NA
Ethylmalonic_Encephalopathy	ordo	ORDO:51188	skos:broadMatch	ICD-10:E88.8	ICD10:E88.8	ordo.db	ProperSubClassOf	ORDO:51188	ICD10:E88.8	0.9	INCLUDED	NA
FADD-related_Immunodeficiency	ordo	ORDO:306550	skos:broadMatch	ICD-10:D89.8	ICD10:D89.8	ordo.db	ProperSubClassOf	ORDO:306550	ICD10:D89.8	0.9	INCLUDED	NA
FAM111A-Related_Skeletal_Dysplasia	ordo	ORDO:2763	skos:broadMatch	ICD-10:Q78.0	ICD10:Q78.0	ordo.db	ProperSubClassOf	ORDO:2763	ICD10:Q78.0	0.9	INCLUDED	NA
FAM111A-Related_Skeletal_Dysplasia	ordo	ORDO:93325	skos:broadMatch	ICD-10:Q87.1	ICD10:Q87.1	ordo.db	ProperSubClassOf	ORDO:93325	ICD10:Q87.1	0.9	INCLUDED	NA
FGFR2-Related_Bent_Bone_Dysplasia	ordo	ORDO:313855	skos:broadMatch	ICD-10:M85.8	ICD10:M85.8	ordo.db	ProperSubClassOf	ORDO:313855	ICD10:M85.8	0.9	INCLUDED	NA
FG_Syndrome_1	ordo	ORDO:93932	skos:broadMatch	ICD-10:Q87.8	ICD10:Q87.8	ordo.db	ProperSubClassOf	ORDO:93932	ICD10:Q87.8	0.9	INCLUDED	NA
FILS_Syndrome	ordo	ORDO:352712	skos:broadMatch	ICD-10:Q87.1	ICD10:Q87.1	ordo.db	ProperSubClassOf	ORDO:352712	ICD10:Q87.1	0.9	INCLUDED	NA
FLVCR1-Related_Retinopathy	ordo	ORDO:88628	skos:broadMatch	ICD-10:G11.1	ICD10:G11.1	ordo.db	ProperSubClassOf	ORDO:88628	ICD10:G11.1	0.9	INCLUDED	NA
FOLR1-Related_Cerebral_Folate_Transport_Deficiency	ordo	ORDO:217382	skos:broadMatch	ICD-10:G31.8	ICD10:G31.8	ordo.db	ProperSubClassOf	ORDO:217382	ICD10:G31.8	0.9	INCLUDED	NA
FOXP1_Syndrome	ordo	ORDO:391372	skos:broadMatch	ICD-10:Q87.0	ICD10:Q87.0	ordo.db	ProperSubClassOf	ORDO:391372	ICD10:Q87.0	0.9	INCLUDED	NA
Fabry_Disease	dismech	dismech:Fabry_Disease	skos:narrowMatch	ICD10CM:E75.2	ICD10CM:E75.2	ORPHA:324	NA	NA	NA	NA	REVIEW	WHO evidence does not verify ICD10CM identity or direction
Fabry_Disease	ordo	ORDO:324	skos:broadMatch	ICD-10:E75.2	ICD10:E75.2	ordo.db	ProperSubClassOf	ORDO:324	ICD10:E75.2	0.9	INCLUDED	NA
Familial_Chylomicronemia_Syndrome	ordo	ORDO:444490	skos:broadMatch	ICD-10:E78.3	ICD10:E78.3	ordo.db	ProperSubClassOf	ORDO:444490	ICD10:E78.3	0.9	INCLUDED	NA
Familial_Cold_Autoinflammatory_Syndrome	ordo	ORDO:247868	skos:broadMatch	ICD-10:E85.0	ICD10:E85.0	ordo.db	ProperSubClassOf	ORDO:247868	ICD10:E85.0	0.9	INCLUDED	NA
Familial_Cold_Autoinflammatory_Syndrome	ordo	ORDO:300359	skos:broadMatch	ICD-10:L50.2	ICD10:L50.2	ordo.db	ProperSubClassOf	ORDO:300359	ICD10:L50.2	0.9	INCLUDED	NA
Familial_Cold_Autoinflammatory_Syndrome	ordo	ORDO:47045	skos:broadMatch	ICD-10:L50.2	ICD10:L50.2	ordo.db	ProperSubClassOf	ORDO:47045	ICD10:L50.2	0.9	INCLUDED	NA
Familial_Cold_Autoinflammatory_Syndrome	ordo	ORDO:576349	skos:broadMatch	ICD-10:D89.8	ICD10:D89.8	ordo.db	ProperSubClassOf	ORDO:576349	ICD10:D89.8	0.9	INCLUDED	NA
Familial_Congenital_Mirror_Movements	ordo	ORDO:238722	skos:broadMatch	ICD-10:G25.8	ICD10:G25.8	ordo.db	ProperSubClassOf	ORDO:238722	ICD10:G25.8	0.9	INCLUDED	NA
Familial_Episodic_Pain_Syndrome_With_Predominantly_Lower_Limb_Involvement	ordo	ORDO:391392	skos:broadMatch	ICD-10:M79.6	ICD10:M79.6	ordo.db	ProperSubClassOf	ORDO:391392	ICD10:M79.6	0.9	INCLUDED	NA
Familial_Exudative_Vitreoretinopathy	ordo	ORDO:891	skos:broadMatch	ICD-10:H35.0	ICD10:H35.0	ordo.db	ProperSubClassOf	ORDO:891	ICD10:H35.0	0.9	INCLUDED	NA
Familial_Focal_Epilepsy_With_Variable_Foci	ordo	ORDO:98820	skos:broadMatch	ICD-10:G40.0	ICD10:G40.0	ordo.db	ProperSubClassOf	ORDO:98820	ICD10:G40.0	0.9	INCLUDED	NA
Familial_Glucocorticoid_Deficiency	ordo	ORDO:361	skos:broadMatch	ICD-10:E27.1	ICD10:E27.1	ordo.db	ProperSubClassOf	ORDO:361	ICD10:E27.1	0.9	INCLUDED	NA
Familial_Hemiplegic_Migraine	dismech	dismech:Familial_Hemiplegic_Migraine	skos:broadMatch	ICD10CM:G43.4	ICD10CM:G43.4	ICD10CM	ProperSubClassOf	dismech:Familial_Hemiplegic_Migraine	ICD10CM:G43.4	0.9	INCLUDED	NA
Familial_Hyperaldosteronism	ordo	ORDO:251274	skos:broadMatch	ICD-10:E26.0	ICD10:E26.0	ordo.db	ProperSubClassOf	ORDO:251274	ICD10:E26.0	0.9	INCLUDED	NA
Familial_Hyperaldosteronism	ordo	ORDO:403	skos:broadMatch	ICD-10:E26.0	ICD10:E26.0	ordo.db	ProperSubClassOf	ORDO:403	ICD10:E26.0	0.9	INCLUDED	NA
Familial_Hyperaldosteronism	ordo	ORDO:404	skos:broadMatch	ICD-10:E26.0	ICD10:E26.0	ordo.db	ProperSubClassOf	ORDO:404	ICD10:E26.0	0.9	INCLUDED	NA
Familial_Hyperaldosteronism	ordo	ORDO:642671	skos:broadMatch	ICD-10:E26.0	ICD10:E26.0	ordo.db	ProperSubClassOf	ORDO:642671	ICD10:E26.0	0.9	INCLUDED	NA
Familial_Hyperaldosteronism_Type_I	ordo	ORDO:403	skos:broadMatch	ICD-10:E26.0	ICD10:E26.0	ordo.db	ProperSubClassOf	ORDO:403	ICD10:E26.0	0.9	INCLUDED	NA
Familial_Hypercholesterolemia	ordo	ORDO:391665	skos:broadMatch	ICD-10:E78.0	ICD10:E78.0	ordo.db	ProperSubClassOf	ORDO:391665	ICD10:E78.0	0.9	INCLUDED	NA
Familial_Hypocalciuric_Hypercalcemia_1	ordo	ORDO:93372	skos:broadMatch	ICD-10:E83.5	ICD10:E83.5	ordo.db	ProperSubClassOf	ORDO:93372	ICD10:E83.5	0.9	INCLUDED	NA
Familial_Isolated_Vitamin_E_Deficiency	ordo	ORDO:96	skos:broadMatch	ICD-10:G11.1	ICD10:G11.1	ordo.db	ProperSubClassOf	ORDO:96	ICD10:G11.1	0.9	INCLUDED	NA
Familial_Mediterranean_Fever	ordo	ORDO:342	skos:broadMatch	ICD-10:E85.0	ICD10:E85.0	ordo.db	ProperSubClassOf	ORDO:342	ICD10:E85.0	0.9	INCLUDED	NA
Familial_Partial_Lipodystrophy	ordo	ORDO:2348	skos:broadMatch	ICD-10:E88.1	ICD10:E88.1	ordo.db	ProperSubClassOf	ORDO:2348	ICD10:E88.1	0.9	INCLUDED	NA
Familial_Partial_Lipodystrophy	ordo	ORDO:280356	skos:broadMatch	ICD-10:E88.1	ICD10:E88.1	ordo.db	ProperSubClassOf	ORDO:280356	ICD10:E88.1	0.9	INCLUDED	NA
Familial_Partial_Lipodystrophy	ordo	ORDO:435651	skos:broadMatch	ICD-10:E88.1	ICD10:E88.1	ordo.db	ProperSubClassOf	ORDO:435651	ICD10:E88.1	0.9	INCLUDED	NA
Familial_Partial_Lipodystrophy	ordo	ORDO:435660	skos:broadMatch	ICD-10:E88.1	ICD10:E88.1	ordo.db	ProperSubClassOf	ORDO:435660	ICD10:E88.1	0.9	INCLUDED	NA
Familial_Partial_Lipodystrophy	ordo	ORDO:79083	skos:broadMatch	ICD-10:E88.1	ICD10:E88.1	ordo.db	ProperSubClassOf	ORDO:79083	ICD10:E88.1	0.9	INCLUDED	NA
Familial_Partial_Lipodystrophy	ordo	ORDO:79084	skos:broadMatch	ICD-10:E88.1	ICD10:E88.1	ordo.db	ProperSubClassOf	ORDO:79084	ICD10:E88.1	0.9	INCLUDED	NA
Familial_Partial_Lipodystrophy	ordo	ORDO:79085	skos:broadMatch	ICD-10:E88.1	ICD10:E88.1	ordo.db	ProperSubClassOf	ORDO:79085	ICD10:E88.1	0.9	INCLUDED	NA
Familial_Renal_Glucosuria	ordo	ORDO:69076	skos:broadMatch	ICD-10:E74.8	ICD10:E74.8	ordo.db	ProperSubClassOf	ORDO:69076	ICD10:E74.8	0.9	INCLUDED	NA
Familial_Sleep_Related_Hypermotor_Epilepsy	ordo	ORDO:98784	skos:broadMatch	ICD-10:G40.0	ICD10:G40.0	ordo.db	ProperSubClassOf	ORDO:98784	ICD10:G40.0	0.9	INCLUDED	NA
Familial_Thoracic_Aortic_Aneurysm_and_Aortic_Dissection	ordo	ORDO:229	skos:broadMatch	ICD-10:I71.0	ICD10:I71.0	ordo.db	ProperSubClassOf	ORDO:229	ICD10:I71.0	0.9	INCLUDED	NA
Familial_Thoracic_Aortic_Aneurysm_and_Aortic_Dissection	ordo	ORDO:91387	skos:broadMatch	ICD-10:I71.2	ICD10:I71.2	ordo.db	ProperSubClassOf	ORDO:91387	ICD10:I71.2	0.9	INCLUDED	NA
Familial_Vesicoureteral_Reflux	ordo	ORDO:289365	skos:broadMatch	ICD-10:N13.7	ICD10:N13.7	ordo.db	ProperSubClassOf	ORDO:289365	ICD10:N13.7	0.9	INCLUDED	NA
Familial_Visceral_Amyloidosis	ordo	ORDO:238269	skos:broadMatch	ICD-10:E85.0	ICD10:E85.0	ordo.db	ProperSubClassOf	ORDO:238269	ICD10:E85.0	0.9	INCLUDED	NA
Familial_Visceral_Amyloidosis	ordo	ORDO:85450	skos:broadMatch	ICD-10:E85.0	ICD10:E85.0	ordo.db	ProperSubClassOf	ORDO:85450	ICD10:E85.0	0.9	INCLUDED	NA
Familial_Visceral_Amyloidosis	ordo	ORDO:93560	skos:broadMatch	ICD-10:E85.0	ICD10:E85.0	ordo.db	ProperSubClassOf	ORDO:93560	ICD10:E85.0	0.9	INCLUDED	NA
Familial_Visceral_Amyloidosis	ordo	ORDO:93561	skos:broadMatch	ICD-10:E85.0	ICD10:E85.0	ordo.db	ProperSubClassOf	ORDO:93561	ICD10:E85.0	0.9	INCLUDED	NA
Familial_Visceral_Amyloidosis	ordo	ORDO:93562	skos:broadMatch	ICD-10:E85.0	ICD10:E85.0	ordo.db	ProperSubClassOf	ORDO:93562	ICD10:E85.0	0.9	INCLUDED	NA
Fanconi-Bickel_Syndrome	ordo	ORDO:2088	skos:broadMatch	ICD-10:E74.0	ICD10:E74.0	ordo.db	ProperSubClassOf	ORDO:2088	ICD10:E74.0	0.9	INCLUDED	NA
Farber_Disease	ordo	ORDO:333	skos:broadMatch	ICD-10:E75.2	ICD10:E75.2	ordo.db	ProperSubClassOf	ORDO:333	ICD10:E75.2	0.9	INCLUDED	NA
Fatal_Familial_Insomnia	ordo	ORDO:466	skos:broadMatch	ICD-10:A81.8	ICD10:A81.8	ordo.db	ProperSubClassOf	ORDO:466	ICD10:A81.8	0.9	INCLUDED	NA
Feingold_Syndrome	ordo	ORDO:1305	skos:broadMatch	ICD-10:Q87.8	ICD10:Q87.8	ordo.db	ProperSubClassOf	ORDO:1305	ICD10:Q87.8	0.9	INCLUDED	NA
Feingold_Syndrome	ordo	ORDO:391641	skos:broadMatch	ICD-10:Q87.8	ICD10:Q87.8	ordo.db	ProperSubClassOf	ORDO:391641	ICD10:Q87.8	0.9	INCLUDED	NA
Feingold_Syndrome	ordo	ORDO:391646	skos:broadMatch	ICD-10:Q87.8	ICD10:Q87.8	ordo.db	ProperSubClassOf	ORDO:391646	ICD10:Q87.8	0.9	INCLUDED	NA
Fibrochondrogenesis	ordo	ORDO:2021	skos:broadMatch	ICD-10:Q77.7	ICD10:Q77.7	ordo.db	ProperSubClassOf	ORDO:2021	ICD10:Q77.7	0.9	INCLUDED	NA
Filippi_Syndrome	ordo	ORDO:3255	skos:broadMatch	ICD-10:Q87.8	ICD10:Q87.8	ordo.db	ProperSubClassOf	ORDO:3255	ICD10:Q87.8	0.9	INCLUDED	NA
Finnish_Type_Amyloidosis	ordo	ORDO:85448	skos:broadMatch	ICD-10:E85.1	ICD10:E85.1	ordo.db	ProperSubClassOf	ORDO:85448	ICD10:E85.1	0.9	INCLUDED	NA
Floating-Harbor_syndrome	ordo	ORDO:2044	skos:broadMatch	ICD-10:Q87.8	ICD10:Q87.8	ordo.db	ProperSubClassOf	ORDO:2044	ICD10:Q87.8	0.9	INCLUDED	NA
Focal_Dermal_Hypoplasia	ordo	ORDO:2092	skos:broadMatch	ICD-10:Q82.8	ICD10:Q82.8	ordo.db	ProperSubClassOf	ORDO:2092	ICD10:Q82.8	0.9	INCLUDED	NA
Fontaine_Progeroid_Syndrome	ordo	ORDO:2095	skos:broadMatch	ICD-10:Q87.0	ICD10:Q87.0	ordo.db	ProperSubClassOf	ORDO:2095	ICD10:Q87.0	0.9	INCLUDED	NA
Fontaine_Progeroid_Syndrome	ordo	ORDO:2963	skos:broadMatch	ICD-10:E34.8	ICD10:E34.8	ordo.db	ProperSubClassOf	ORDO:2963	ICD10:E34.8	0.9	INCLUDED	NA
Fontaine_Progeroid_Syndrome	ordo	ORDO:697101	skos:broadMatch	ICD-10:Q87.8	ICD10:Q87.8	ordo.db	ProperSubClassOf	ORDO:697101	ICD10:Q87.8	0.9	INCLUDED	NA
Fountain_Syndrome	ordo	ORDO:3219	skos:broadMatch	ICD-10:Q87.8	ICD10:Q87.8	ordo.db	ProperSubClassOf	ORDO:3219	ICD10:Q87.8	0.9	INCLUDED	NA
Fragile_X-Associated_Primary_Ovarian_Insufficiency	ordo	ORDO:642691	skos:broadMatch	ICD-10:E28.3	ICD10:E28.3	ordo.db	ProperSubClassOf	ORDO:642691	ICD10:E28.3	0.9	INCLUDED	NA
Fragile_X-Associated_Tremor_Ataxia_Syndrome	ordo	ORDO:93256	skos:broadMatch	ICD-10:G11.2	ICD10:G11.2	ordo.db	ProperSubClassOf	ORDO:93256	ICD10:G11.2	0.9	INCLUDED	NA
Frasier_Syndrome	ordo	ORDO:347	skos:broadMatch	ICD-10:N04.1	ICD10:N04.1	ordo.db	NA	NA	NA	NA	REVIEW	Target absent from classification; retain code qualifiers for review
Free_Sialic_Acid_Storage_Disease	ordo	ORDO:309324	skos:broadMatch	ICD-10:E77.8	ICD10:E77.8	ordo.db	ProperSubClassOf	ORDO:309324	ICD10:E77.8	0.9	INCLUDED	NA
Free_Sialic_Acid_Storage_Disease	ordo	ORDO:309331	skos:broadMatch	ICD-10:E77.8	ICD10:E77.8	ordo.db	ProperSubClassOf	ORDO:309331	ICD10:E77.8	0.9	INCLUDED	NA
Free_Sialic_Acid_Storage_Disease	ordo	ORDO:309334	skos:broadMatch	ICD-10:E77.8	ICD10:E77.8	ordo.db	ProperSubClassOf	ORDO:309334	ICD10:E77.8	0.9	INCLUDED	NA
Free_Sialic_Acid_Storage_Disease	ordo	ORDO:834	skos:broadMatch	ICD-10:E77.8	ICD10:E77.8	ordo.db	ProperSubClassOf	ORDO:834	ICD10:E77.8	0.9	INCLUDED	NA
Frias_Syndrome	ordo	ORDO:264200	skos:broadMatch	ICD-10:Q93.5	ICD10:Q93.5	ordo.db	ProperSubClassOf	ORDO:264200	ICD10:Q93.5	0.9	INCLUDED	NA
Friedreich_Ataxia	ordo	ORDO:95	skos:broadMatch	ICD-10:G11.1	ICD10:G11.1	ordo.db	ProperSubClassOf	ORDO:95	ICD10:G11.1	0.9	INCLUDED	NA
Frontonasal_Dysplasia	ordo	ORDO:228390	skos:broadMatch	ICD-10:Q87.0	ICD10:Q87.0	ordo.db	ProperSubClassOf	ORDO:228390	ICD10:Q87.0	0.9	INCLUDED	NA
Frontonasal_Dysplasia	ordo	ORDO:306542	skos:broadMatch	ICD-10:Q87.0	ICD10:Q87.0	ordo.db	ProperSubClassOf	ORDO:306542	ICD10:Q87.0	0.9	INCLUDED	NA
Frontonasal_Dysplasia	ordo	ORDO:391474	skos:broadMatch	ICD-10:Q75.8	ICD10:Q75.8	ordo.db	ProperSubClassOf	ORDO:391474	ICD10:Q75.8	0.9	INCLUDED	NA
Fucosidosis	ordo	ORDO:349	skos:broadMatch	ICD-10:E77.1	ICD10:E77.1	ordo.db	ProperSubClassOf	ORDO:349	ICD10:E77.1	0.9	INCLUDED	NA
Fuhrmann_Syndrome	ordo	ORDO:2854	skos:broadMatch	ICD-10:Q74.8	ICD10:Q74.8	ordo.db	ProperSubClassOf	ORDO:2854	ICD10:Q74.8	0.9	INCLUDED	NA
G6PC3_Deficiency	ordo	ORDO:331176	skos:broadMatch	ICD-10:D70	ICD10:D70	ordo.db	ProperSubClassOf	ORDO:331176	ICD10:D70	0.9	INCLUDED	NA
GLUT1_Deficiency_Syndrome	ordo	ORDO:71277	skos:broadMatch	ICD-10:E74.8	ICD10:E74.8	ordo.db	ProperSubClassOf	ORDO:71277	ICD10:E74.8	0.9	INCLUDED	NA
GM1_Gangliosidosis_Type_1	ordo	ORDO:79255	skos:broadMatch	ICD-10:E75.1	ICD10:E75.1	ordo.db	ProperSubClassOf	ORDO:79255	ICD10:E75.1	0.9	INCLUDED	NA
GM1_Gangliosidosis_Type_2	ordo	ORDO:79256	skos:broadMatch	ICD-10:E75.1	ICD10:E75.1	ordo.db	ProperSubClassOf	ORDO:79256	ICD10:E75.1	0.9	INCLUDED	NA
GM1_Gangliosidosis_Type_3	ordo	ORDO:79257	skos:broadMatch	ICD-10:E75.1	ICD10:E75.1	ordo.db	ProperSubClassOf	ORDO:79257	ICD10:E75.1	0.9	INCLUDED	NA
GM3_Synthase_Deficiency	ordo	ORDO:370933	skos:broadMatch	ICD-10:E77.8	ICD10:E77.8	ordo.db	ProperSubClassOf	ORDO:370933	ICD10:E77.8	0.9	INCLUDED	NA
GNE_Myopathy	ordo	ORDO:602	skos:broadMatch	ICD-10:G71.8	ICD10:G71.8	ordo.db	ProperSubClassOf	ORDO:602	ICD10:G71.8	0.9	INCLUDED	NA
GNPTG-Mucolipidosis	ordo	ORDO:423470	skos:broadMatch	ICD-10:E77.0	ICD10:E77.0	ordo.db	ProperSubClassOf	ORDO:423470	ICD10:E77.0	0.9	INCLUDED	NA
GRIN2A-Related_Epileptic_Encephalopathy_and_Intellectual_Disability	ordo	ORDO:289266	skos:broadMatch	ICD-10:E72.1	ICD10:E72.1	ordo.db	ProperSubClassOf	ORDO:289266	ICD10:E72.1	0.9	INCLUDED	NA
Galactosialidosis	ordo	ORDO:351	skos:broadMatch	ICD-10:E77.1	ICD10:E77.1	ordo.db	ProperSubClassOf	ORDO:351	ICD10:E77.1	0.9	INCLUDED	NA
Galloway-Mowat_Syndrome	ordo	ORDO:2065	skos:broadMatch	ICD-10:Q04.3	ICD10:Q04.3	ordo.db	ProperSubClassOf	ORDO:2065	ICD10:Q04.3	0.9	INCLUDED	NA
Gaucher_Disease_Due_To_Saposin_C_Deficiency	ordo	ORDO:309252	skos:broadMatch	ICD-10:E75.2	ICD10:E75.2	ordo.db	ProperSubClassOf	ORDO:309252	ICD10:E75.2	0.9	INCLUDED	NA
Geleophysic_Dysplasia	ordo	ORDO:2623	skos:broadMatch	ICD-10:Q87.1	ICD10:Q87.1	ordo.db	ProperSubClassOf	ORDO:2623	ICD10:Q87.1	0.9	INCLUDED	NA
Generalized_Epilepsy_with_Febrile_Seizures_Plus	ordo	ORDO:36387	skos:broadMatch	ICD-10:G40.3	ICD10:G40.3	ordo.db	ProperSubClassOf	ORDO:36387	ICD10:G40.3	0.9	INCLUDED	NA
Genitopatellar_Syndrome	ordo	ORDO:85201	skos:broadMatch	ICD-10:Q87.8	ICD10:Q87.8	ordo.db	ProperSubClassOf	ORDO:85201	ICD10:Q87.8	0.9	INCLUDED	NA
Gerstmann-Straussler-Scheinker_Syndrome	ordo	ORDO:356	skos:broadMatch	ICD-10:A81.8	ICD10:A81.8	ordo.db	ProperSubClassOf	ORDO:356	ICD10:A81.8	0.9	INCLUDED	NA
Giant_Axonal_Neuropathy_1	ordo	ORDO:643	skos:broadMatch	ICD-10:G60.8	ICD10:G60.8	ordo.db	ProperSubClassOf	ORDO:643	ICD10:G60.8	0.9	INCLUDED	NA
Gitelman_Syndrome	ordo	ORDO:358	skos:broadMatch	ICD-10:N15.8	ICD10:N15.8	ordo.db	ProperSubClassOf	ORDO:358	ICD10:N15.8	0.9	INCLUDED	NA
Glanzmann_Thrombasthenia	ordo	ORDO:849	skos:broadMatch	ICD-10:D69.1	ICD10:D69.1	ordo.db	ProperSubClassOf	ORDO:849	ICD10:D69.1	0.9	INCLUDED	NA
Glucose-Galactose_Malabsorption	ordo	ORDO:35710	skos:broadMatch	ICD-10:E74.3	ICD10:E74.3	ordo.db	ProperSubClassOf	ORDO:35710	ICD10:E74.3	0.9	INCLUDED	NA
Glutaryl-CoA_Dehydrogenase_Deficiency	ordo	ORDO:25	skos:broadMatch	ICD-10:E72.3	ICD10:E72.3	ordo.db	ProperSubClassOf	ORDO:25	ICD10:E72.3	0.9	INCLUDED	NA
Glutathione_Synthetase_Deficiency	ordo	ORDO:289846	skos:broadMatch	ICD-10:D55.1	ICD10:D55.1	ordo.db	ProperSubClassOf	ORDO:289846	ICD10:D55.1	0.9	INCLUDED	NA
Glutathione_Synthetase_Deficiency	ordo	ORDO:289849	skos:broadMatch	ICD-10:D55.1	ICD10:D55.1	ordo.db	ProperSubClassOf	ORDO:289849	ICD10:D55.1	0.9	INCLUDED	NA
Glutathione_Synthetase_Deficiency	ordo	ORDO:32	skos:broadMatch	ICD-10:D55.1	ICD10:D55.1	ordo.db	ProperSubClassOf	ORDO:32	ICD10:D55.1	0.9	INCLUDED	NA
Glycogen_Storage_Disease_Due_To_Aldolase_A_Deficiency	ordo	ORDO:57	skos:broadMatch	ICD-10:E74.0	ICD10:E74.0	ordo.db	ProperSubClassOf	ORDO:57	ICD10:E74.0	0.9	INCLUDED	NA
Glycogen_Storage_Disease_Due_To_Lactate_Dehydrogenase_M-subunit_Deficiency	ordo	ORDO:284426	skos:broadMatch	ICD-10:E74.0	ICD10:E74.0	ordo.db	ProperSubClassOf	ORDO:284426	ICD10:E74.0	0.9	INCLUDED	NA
Glycogen_Storage_Disease_Due_to_Muscle_Beta-Enolase_Deficiency	ordo	ORDO:99849	skos:broadMatch	ICD-10:E74.0	ICD10:E74.0	ordo.db	ProperSubClassOf	ORDO:99849	ICD10:E74.0	0.9	INCLUDED	NA
Glycogen_Storage_Disease_Type_0b	ordo	ORDO:137625	skos:broadMatch	ICD-10:E74.0	ICD10:E74.0	ordo.db	ProperSubClassOf	ORDO:137625	ICD10:E74.0	0.9	INCLUDED	NA
Glycogen_Storage_Disease_Type_I	ordo	ORDO:364	skos:broadMatch	ICD-10:E74.0	ICD10:E74.0	ordo.db	ProperSubClassOf	ORDO:364	ICD10:E74.0	0.9	INCLUDED	NA
Glycogen_Storage_Disease_Type_IV	ordo	ORDO:206583	skos:broadMatch	ICD-10:E74.0	ICD10:E74.0	ordo.db	ProperSubClassOf	ORDO:206583	ICD10:E74.0	0.9	INCLUDED	NA
Glycogen_Storage_Disease_Type_IV	ordo	ORDO:367	skos:broadMatch	ICD-10:E74.0	ICD10:E74.0	ordo.db	ProperSubClassOf	ORDO:367	ICD10:E74.0	0.9	INCLUDED	NA
Glycogen_Storage_Disease_Type_IX	ordo	ORDO:715	skos:broadMatch	ICD-10:E74.0	ICD10:E74.0	ordo.db	ProperSubClassOf	ORDO:715	ICD10:E74.0	0.9	INCLUDED	NA
Glycogen_Storage_Disease_Type_IX	ordo	ORDO:79240	skos:broadMatch	ICD-10:E74.0	ICD10:E74.0	ordo.db	ProperSubClassOf	ORDO:79240	ICD10:E74.0	0.9	INCLUDED	NA
Glycogen_Storage_Disease_Type_V	ordo	ORDO:368	skos:broadMatch	ICD-10:E74.0	ICD10:E74.0	ordo.db	ProperSubClassOf	ORDO:368	ICD10:E74.0	0.9	INCLUDED	NA
Glycogen_Storage_Disease_Type_VI	ordo	ORDO:369	skos:broadMatch	ICD-10:E74.0	ICD10:E74.0	ordo.db	ProperSubClassOf	ORDO:369	ICD10:E74.0	0.9	INCLUDED	NA
Glycogen_Storage_Disease_Type_VII	ordo	ORDO:371	skos:broadMatch	ICD-10:E74.0	ICD10:E74.0	ordo.db	ProperSubClassOf	ORDO:371	ICD10:E74.0	0.9	INCLUDED	NA
Glycogen_Storage_Disease_XV	ordo	ORDO:263297	skos:broadMatch	ICD-10:E74.0	ICD10:E74.0	ordo.db	ProperSubClassOf	ORDO:263297	ICD10:E74.0	0.9	INCLUDED	NA
Gnathodiaphyseal_Dysplasia	ordo	ORDO:53697	skos:broadMatch	ICD-10:M85.8	ICD10:M85.8	ordo.db	ProperSubClassOf	ORDO:53697	ICD10:M85.8	0.9	INCLUDED	NA
Gorlin_Syndrome	ordo	ORDO:377	skos:broadMatch	ICD-10:C44.9	ICD10:C44.9	ordo.db	ProperSubClassOf	ORDO:377	ICD10:C44.9	0.9	INCLUDED	NA
Gray_Platelet_Syndrome	ordo	ORDO:721	skos:broadMatch	ICD-10:D69.1	ICD10:D69.1	ordo.db	ProperSubClassOf	ORDO:721	ICD10:D69.1	0.9	INCLUDED	NA
Greenberg_Dysplasia	ordo	ORDO:1426	skos:broadMatch	ICD-10:Q77.3	ICD10:Q77.3	ordo.db	ProperSubClassOf	ORDO:1426	ICD10:Q77.3	0.9	INCLUDED	NA
Greig_Cephalopolysyndactyly	ordo	ORDO:380	skos:broadMatch	ICD-10:Q87.0	ICD10:Q87.0	ordo.db	ProperSubClassOf	ORDO:380	ICD10:Q87.0	0.9	INCLUDED	NA
Growth_Hormone_Insensitivity_Syndrome	ordo	ORDO:633	skos:broadMatch	ICD-10:E34.3	ICD10:E34.3	ordo.db	ProperSubClassOf	ORDO:633	ICD10:E34.3	0.9	INCLUDED	NA
Growth_Hormone_Insensitivity_Syndrome	ordo	ORDO:73272	skos:broadMatch	ICD-10:E34.3	ICD10:E34.3	ordo.db	ProperSubClassOf	ORDO:73272	ICD10:E34.3	0.9	INCLUDED	NA
Guanidinoacetate_Methyltransferase_Deficiency	ordo	ORDO:382	skos:broadMatch	ICD-10:E72.8	ICD10:E72.8	ordo.db	ProperSubClassOf	ORDO:382	ICD10:E72.8	0.9	INCLUDED	NA
HHAT-Related_Chondrodysplasia_with_46XY_Disorder_of_Sex_Development	ordo	ORDO:1422	skos:broadMatch	ICD-10:Q87.1	ICD10:Q87.1	ordo.db	ProperSubClassOf	ORDO:1422	ICD10:Q87.1	0.9	INCLUDED	NA
HSD10_Mitochondrial_Disease	ordo	ORDO:391417	skos:broadMatch	ICD-10:E72.8	ICD10:E72.8	ordo.db	ProperSubClassOf	ORDO:391417	ICD10:E72.8	0.9	INCLUDED	NA
H_Syndrome	ordo	ORDO:168569	skos:broadMatch	ICD-10:D76.3	ICD10:D76.3	ordo.db	ProperSubClassOf	ORDO:168569	ICD10:D76.3	0.9	INCLUDED	NA
Hajdu-Cheney_Syndrome	ordo	ORDO:955	skos:broadMatch	ICD-10:M89.5	ICD10:M89.5	ordo.db	ProperSubClassOf	ORDO:955	ICD10:M89.5	0.9	INCLUDED	NA
Hallermann-Streiff_Syndrome	ordo	ORDO:2108	skos:broadMatch	ICD-10:Q87.0	ICD10:Q87.0	ordo.db	ProperSubClassOf	ORDO:2108	ICD10:Q87.0	0.9	INCLUDED	NA
Hand-Foot-Genital_Syndrome	ordo	ORDO:2438	skos:broadMatch	ICD-10:Q51.2	ICD10:Q51.2	ordo.db	ProperSubClassOf	ORDO:2438	ICD10:Q51.2	0.9	INCLUDED	NA
Hao-Fountain_syndrome	ordo	ORDO:643549	skos:broadMatch	ICD-10:Q87.0	ICD10:Q87.0	ordo.db	ProperSubClassOf	ORDO:643549	ICD10:Q87.0	0.9	INCLUDED	NA
Harderoporphyria	ordo	ORDO:659672	skos:broadMatch	ICD-10:E80.2	ICD10:E80.2	ordo.db	ProperSubClassOf	ORDO:659672	ICD10:E80.2	0.9	INCLUDED	NA
Hartnup_Disease	ordo	ORDO:2116	skos:broadMatch	ICD-10:E72.0	ICD10:E72.0	ordo.db	ProperSubClassOf	ORDO:2116	ICD10:E72.0	0.9	INCLUDED	NA
Hartsfield_Syndrome	ordo	ORDO:2117	skos:broadMatch	ICD-10:Q87.8	ICD10:Q87.8	ordo.db	ProperSubClassOf	ORDO:2117	ICD10:Q87.8	0.9	INCLUDED	NA
Heart_Defect_Tongue_Hamartoma_Polysyndactyly_Syndrome	ordo	ORDO:1338	skos:broadMatch	ICD-10:Q87.8	ICD10:Q87.8	ordo.db	ProperSubClassOf	ORDO:1338	ICD10:Q87.8	0.9	INCLUDED	NA
Heme_Oxygenase_1_Deficiency	ordo	ORDO:562509	skos:broadMatch	ICD-10:E88.8	ICD10:E88.8	ordo.db	ProperSubClassOf	ORDO:562509	ICD10:E88.8	0.9	INCLUDED	NA
Hemochromatosis	ordo	ORDO:225123	skos:broadMatch	ICD-10:E83.1	ICD10:E83.1	ordo.db	ProperSubClassOf	ORDO:225123	ICD10:E83.1	0.9	INCLUDED	NA
Hemophagocytic_Lymphohistiocytosis	ordo	ORDO:540	skos:broadMatch	ICD-10:D76.1	ICD10:D76.1	ordo.db	ProperSubClassOf	ORDO:540	ICD10:D76.1	0.9	INCLUDED	NA
Hepatic_Veno-occlusive_Disease-Immunodeficiency_Syndrome	ordo	ORDO:79124	skos:broadMatch	ICD-10:K76.5	ICD10:K76.5	ordo.db	ProperSubClassOf	ORDO:79124	ICD10:K76.5	0.9	INCLUDED	NA
Hereditary_Angioedema	ordo	ORDO:100050	skos:broadMatch	ICD-10:D84.1	ICD10:D84.1	ordo.db	ProperSubClassOf	ORDO:100050	ICD10:D84.1	0.9	INCLUDED	NA
Hereditary_Angioedema	ordo	ORDO:100051	skos:broadMatch	ICD-10:D84.1	ICD10:D84.1	ordo.db	ProperSubClassOf	ORDO:100051	ICD10:D84.1	0.9	INCLUDED	NA
Hereditary_Angioedema	ordo	ORDO:100054	skos:broadMatch	ICD-10:T78.3	ICD10:T78.3	ordo.db	ProperSubClassOf	ORDO:100054	ICD10:T78.3	0.9	INCLUDED	NA
Hereditary_Angioedema	ordo	ORDO:528623	skos:broadMatch	ICD-10:D84.1	ICD10:D84.1	ordo.db	ProperSubClassOf	ORDO:528623	ICD10:D84.1	0.9	INCLUDED	NA
Hereditary_Angioedema	ordo	ORDO:528647	skos:broadMatch	ICD-10:T78.3	ICD10:T78.3	ordo.db	ProperSubClassOf	ORDO:528647	ICD10:T78.3	0.9	INCLUDED	NA
Hereditary_Angioedema	ordo	ORDO:537072	skos:broadMatch	ICD-10:T78.3	ICD10:T78.3	ordo.db	ProperSubClassOf	ORDO:537072	ICD10:T78.3	0.9	INCLUDED	NA
Hereditary_Angioedema	ordo	ORDO:599418	skos:broadMatch	ICD-10:T78.3	ICD10:T78.3	ordo.db	ProperSubClassOf	ORDO:599418	ICD10:T78.3	0.9	INCLUDED	NA
Hereditary_Arterial_and_Articular_Multiple_Calcification_Syndrome	ordo	ORDO:289601	skos:broadMatch	ICD-10:I77.8	ICD10:I77.8	ordo.db	ProperSubClassOf	ORDO:289601	ICD10:I77.8	0.9	INCLUDED	NA
Hereditary_Diffuse_Leukoencephalopathy_with_Spheroids	ordo	ORDO:313808	skos:broadMatch	ICD-10:G93.4	ICD10:G93.4	ordo.db	ProperSubClassOf	ORDO:313808	ICD10:G93.4	0.9	INCLUDED	NA
Hereditary_Elliptocytosis	dismech	dismech:Hereditary_Elliptocytosis	skos:exactMatch	ICD10CM:D58.1	ICD10CM:D58.1	ORPHA:288	NA	NA	NA	NA	REVIEW	WHO evidence does not verify ICD10CM identity or direction
Hereditary_Elliptocytosis	ordo	ORDO:288	skos:exactMatch	ICD-10:D58.1	ICD10:D58.1	ordo.db	EquivalentTo	ORDO:288	ICD10:D58.1	0.95	INCLUDED	NA
Hereditary_Elliptocytosis	ordo	ORDO:98868	skos:broadMatch	ICD-10:D58.1	ICD10:D58.1	ordo.db	ProperSubClassOf	ORDO:98868	ICD10:D58.1	0.9	INCLUDED	NA
Hereditary_Gingival_Fibromatosis	ordo	ORDO:2024	skos:broadMatch	ICD-10:K06.1	ICD10:K06.1	ordo.db	ProperSubClassOf	ORDO:2024	ICD10:K06.1	0.9	INCLUDED	NA
Hereditary_Hemorrhagic_Telangiectasia	ordo	ORDO:774	skos:exactMatch	ICD-10:I78.0	ICD10:I78.0	ordo.db	EquivalentTo	ORDO:774	ICD10:I78.0	0.95	INCLUDED	NA
Hereditary_Hyperekplexia	ordo	ORDO:3197	skos:broadMatch	ICD-10:G25.8	ICD10:G25.8	ordo.db	ProperSubClassOf	ORDO:3197	ICD10:G25.8	0.9	INCLUDED	NA
Hereditary_Intrinsic_Factor_Deficiency	ordo	ORDO:332	skos:broadMatch	ICD-10:D51.0	ICD10:D51.0	ordo.db	ProperSubClassOf	ORDO:332	ICD10:D51.0	0.9	INCLUDED	NA
Hereditary_Leiomyomatosis_and_Renal_Cell_Cancer	ordo	ORDO:523	skos:broadMatch	ICD-10:C64	ICD10:C64	ordo.db	ProperSubClassOf	ORDO:523	ICD10:C64	0.9	INCLUDED	NA
Hereditary_Methemoglobinemia	ordo	ORDO:621	skos:broadMatch	ICD-10:D74.0	ICD10:D74.0	ordo.db	ProperSubClassOf	ORDO:621	ICD10:D74.0	0.9	INCLUDED	NA
Hereditary_Neuropathy_with_Liability_to_Pressure_Palsies	ordo	ORDO:640	skos:broadMatch	ICD-10:G60.0	ICD10:G60.0	ordo.db	ProperSubClassOf	ORDO:640	ICD10:G60.0	0.9	INCLUDED	NA
Hereditary_Orotic_Aciduria	ordo	ORDO:30	skos:broadMatch	ICD-10:E79.8	ICD10:E79.8	ordo.db	ProperSubClassOf	ORDO:30	ICD10:E79.8	0.9	INCLUDED	NA
Hereditary_Pancreatitis	ordo	ORDO:676	skos:broadMatch	ICD-10:K86.1	ICD10:K86.1	ordo.db	ProperSubClassOf	ORDO:676	ICD10:K86.1	0.9	INCLUDED	NA
Hereditary_Pheochromocytoma-Paraganglioma_Syndrome	ordo	ORDO:29072	skos:broadMatch	ICD-10:C74.1	ICD10:C74.1	ordo.db	ProperSubClassOf	ORDO:29072	ICD10:C74.1	0.9	INCLUDED	NA
Hereditary_Pheochromocytoma-Paraganglioma_Syndrome	ordo	ORDO:29072	skos:broadMatch	ICD-10:C75.5	ICD10:C75.5	ordo.db	ProperSubClassOf	ORDO:29072	ICD10:C75.5	0.9	INCLUDED	NA
Hereditary_Pheochromocytoma-Paraganglioma_Syndrome	ordo	ORDO:29072	skos:broadMatch	ICD-10:D35.0	ICD10:D35.0	ordo.db	ProperSubClassOf	ORDO:29072	ICD10:D35.0	0.9	INCLUDED	NA
Hereditary_Pheochromocytoma-Paraganglioma_Syndrome	ordo	ORDO:29072	skos:broadMatch	ICD-10:D35.6	ICD10:D35.6	ordo.db	ProperSubClassOf	ORDO:29072	ICD10:D35.6	0.9	INCLUDED	NA
Hereditary_Sensory_and_Autonomic_Neuropathy_Type_2	ordo	ORDO:970	skos:broadMatch	ICD-10:G60.8	ICD10:G60.8	ordo.db	ProperSubClassOf	ORDO:970	ICD10:G60.8	0.9	INCLUDED	NA
Hereditary_Sensory_and_Autonomic_Neuropathy_Type_6	ordo	ORDO:314381	skos:broadMatch	ICD-10:G60.8	ICD10:G60.8	ordo.db	ProperSubClassOf	ORDO:314381	ICD10:G60.8	0.9	INCLUDED	NA
Hereditary_Spastic_Paraplegia	ordo	ORDO:685	skos:exactMatch	ICD-10:G11.4	ICD10:G11.4	ordo.db	EquivalentTo	ORDO:685	ICD10:G11.4	0.95	INCLUDED	NA
Hereditary_Spastic_Paraplegia_11	ordo	ORDO:2822	skos:broadMatch	ICD-10:G11.4	ICD10:G11.4	ordo.db	ProperSubClassOf	ORDO:2822	ICD10:G11.4	0.9	INCLUDED	NA
Hereditary_Spastic_Paraplegia_44	ordo	ORDO:320401	skos:broadMatch	ICD-10:G11.4	ICD10:G11.4	ordo.db	ProperSubClassOf	ORDO:320401	ICD10:G11.4	0.9	INCLUDED	NA
Hereditary_Spastic_Paraplegia_46	ordo	ORDO:320391	skos:broadMatch	ICD-10:G11.4	ICD10:G11.4	ordo.db	ProperSubClassOf	ORDO:320391	ICD10:G11.4	0.9	INCLUDED	NA
Hereditary_Spastic_Paraplegia_48	ordo	ORDO:306511	skos:broadMatch	ICD-10:G11.4	ICD10:G11.4	ordo.db	ProperSubClassOf	ORDO:306511	ICD10:G11.4	0.9	INCLUDED	NA
Hereditary_Spastic_Paraplegia_49	ordo	ORDO:320385	skos:broadMatch	ICD-10:G11.4	ICD10:G11.4	ordo.db	ProperSubClassOf	ORDO:320385	ICD10:G11.4	0.9	INCLUDED	NA
Hereditary_Spastic_Paraplegia_7	ordo	ORDO:99013	skos:broadMatch	ICD-10:G11.4	ICD10:G11.4	ordo.db	ProperSubClassOf	ORDO:99013	ICD10:G11.4	0.9	INCLUDED	NA
Hereditary_Spherocytosis	dismech	dismech:Hereditary_Spherocytosis	skos:exactMatch	ICD10CM:D58.0	ICD10CM:D58.0	ORPHA:822	NA	NA	NA	NA	REVIEW	WHO evidence does not verify ICD10CM identity or direction
Hereditary_Spherocytosis	ordo	ORDO:822	skos:exactMatch	ICD-10:D58.0	ICD10:D58.0	ordo.db	EquivalentTo	ORDO:822	ICD10:D58.0	0.95	INCLUDED	NA
Heyn-Sproul-Jackson_syndrome	ordo	ORDO:658595	skos:broadMatch	ICD-10:Q87.1	ICD10:Q87.1	ordo.db	ProperSubClassOf	ORDO:658595	ICD10:Q87.1	0.9	INCLUDED	NA
Histiocytoid_Cardiomyopathy	ordo	ORDO:137675	skos:broadMatch	ICD-10:I42.0	ICD10:I42.0	ordo.db	ProperSubClassOf	ORDO:137675	ICD10:I42.0	0.9	INCLUDED	NA
Holocarboxylase_Synthetase_Deficiency	ordo	ORDO:79242	skos:broadMatch	ICD-10:E53.8	ICD10:E53.8	ordo.db	ProperSubClassOf	ORDO:79242	ICD10:E53.8	0.9	INCLUDED	NA
Holoprosencephaly_9	ordo	ORDO:420584	skos:broadMatch	ICD-10:Q87.8	ICD10:Q87.8	ordo.db	ProperSubClassOf	ORDO:420584	ICD10:Q87.8	0.9	INCLUDED	NA
Houge-Janssens_Syndrome	ordo	ORDO:457284	skos:broadMatch	ICD-10:Q87.0	ICD10:Q87.0	ordo.db	ProperSubClassOf	ORDO:457284	ICD10:Q87.0	0.9	INCLUDED	NA
Humeroradial_Synostosis	ordo	ORDO:3265	skos:broadMatch	ICD-10:Q74.0	ICD10:Q74.0	ordo.db	ProperSubClassOf	ORDO:3265	ICD10:Q74.0	0.9	INCLUDED	NA
Hunter_syndrome	ordo	ORDO:217085	skos:broadMatch	ICD-10:E76.1	ICD10:E76.1	ordo.db	ProperSubClassOf	ORDO:217085	ICD10:E76.1	0.9	INCLUDED	NA
Hunter_syndrome	ordo	ORDO:217093	skos:broadMatch	ICD-10:E76.1	ICD10:E76.1	ordo.db	ProperSubClassOf	ORDO:217093	ICD10:E76.1	0.9	INCLUDED	NA
Hunter_syndrome	ordo	ORDO:580	skos:exactMatch	ICD-10:E76.1	ICD10:E76.1	ordo.db	EquivalentTo	ORDO:580	ICD10:E76.1	0.95	INCLUDED	NA
Huntington_Disease	ordo	ORDO:248111	skos:broadMatch	ICD-10:G10	ICD10:G10	ordo.db	ProperSubClassOf	ORDO:248111	ICD10:G10	0.9	INCLUDED	NA
Huntington_Disease	ordo	ORDO:399	skos:exactMatch	ICD-10:G10	ICD10:G10	ordo.db	EquivalentTo	ORDO:399	ICD10:G10	0.95	INCLUDED	NA
Huppke-Brendel_syndrome	ordo	ORDO:300313	skos:broadMatch	ICD-10:E88.8	ICD10:E88.8	ordo.db	ProperSubClassOf	ORDO:300313	ICD10:E88.8	0.9	INCLUDED	NA
Hurler_syndrome	ordo	ORDO:93473	skos:broadMatch	ICD-10:E76.0	ICD10:E76.0	ordo.db	ProperSubClassOf	ORDO:93473	ICD10:E76.0	0.9	INCLUDED	NA
Hutchinson-Gilford_Progeria_Syndrome	ordo	ORDO:740	skos:broadMatch	ICD-10:E34.8	ICD10:E34.8	ordo.db	ProperSubClassOf	ORDO:740	ICD10:E34.8	0.9	INCLUDED	NA
Hyperornithinemia_Hyperammonemia_Homocitrullinuria_Syndrome	ordo	ORDO:415	skos:broadMatch	ICD-10:E72.4	ICD10:E72.4	ordo.db	ProperSubClassOf	ORDO:415	ICD10:E72.4	0.9	INCLUDED	NA
Hyperostosis_Cranialis_Interna	ordo	ORDO:443098	skos:broadMatch	ICD-10:M85.2	ICD10:M85.2	ordo.db	ProperSubClassOf	ORDO:443098	ICD10:M85.2	0.9	INCLUDED	NA
Hypochondrogenesis	ordo	ORDO:93297	skos:broadMatch	ICD-10:Q77.0	ICD10:Q77.0	ordo.db	ProperSubClassOf	ORDO:93297	ICD10:Q77.0	0.9	INCLUDED	NA
Hypochondroplasia	ordo	ORDO:429	skos:broadMatch	ICD-10:Q77.4	ICD10:Q77.4	ordo.db	ProperSubClassOf	ORDO:429	ICD10:Q77.4	0.9	INCLUDED	NA
Hypomyelinating_Leukodystrophy_10	ordo	ORDO:481152	skos:broadMatch	ICD-10:Q87.8	ICD10:Q87.8	ordo.db	ProperSubClassOf	ORDO:481152	ICD10:Q87.8	0.9	INCLUDED	NA
Hypophosphatasia	ordo	ORDO:436	skos:broadMatch	ICD-10:E83.3	ICD10:E83.3	ordo.db	ProperSubClassOf	ORDO:436	ICD10:E83.3	0.9	INCLUDED	NA
Hypoplasminogenemia	ordo	ORDO:722	skos:broadMatch	ICD-10:L90.5	ICD10:L90.5	ordo.db	ProperSubClassOf	ORDO:722	ICD10:L90.5	0.9	INCLUDED	NA
Hypotonia-Cystinuria_Syndrome	ordo	ORDO:163690	skos:broadMatch	ICD-10:E72.0	ICD10:E72.0	ordo.db	ProperSubClassOf	ORDO:163690	ICD10:E72.0	0.9	INCLUDED	NA
Hypotonia_Infantile_with_Psychomotor_Retardation_and_Characteristic_Facies_3	ordo	ORDO:488632	skos:broadMatch	ICD-10:Q87.0	ICD10:Q87.0	ordo.db	ProperSubClassOf	ORDO:488632	ICD10:Q87.0	0.9	INCLUDED	NA
Hypotrichosis_with_Juvenile_Macular_Dystrophy	ordo	ORDO:1573	skos:broadMatch	ICD-10:Q84.0	ICD10:Q84.0	ordo.db	ProperSubClassOf	ORDO:1573	ICD10:Q84.0	0.9	INCLUDED	NA
Hypotrichosis_with_Juvenile_Macular_Dystrophy	ordo	ORDO:1897	skos:broadMatch	ICD-10:Q87.8	ICD10:Q87.8	ordo.db	ProperSubClassOf	ORDO:1897	ICD10:Q87.8	0.9	INCLUDED	NA
IGF1_Deficiency	ordo	ORDO:73272	skos:broadMatch	ICD-10:E34.3	ICD10:E34.3	ordo.db	ProperSubClassOf	ORDO:73272	ICD10:E34.3	0.9	INCLUDED	NA
IKK2_Deficiency	ordo	ORDO:397787	skos:broadMatch	ICD-10:D81.2	ICD10:D81.2	ordo.db	ProperSubClassOf	ORDO:397787	ICD10:D81.2	0.9	INCLUDED	NA
IL21R_Deficiency	ordo	ORDO:357329	skos:broadMatch	ICD-10:D81.8	ICD10:D81.8	ordo.db	ProperSubClassOf	ORDO:357329	ICD10:D81.8	0.9	INCLUDED	NA
IMAGe_Syndrome	ordo	ORDO:85173	skos:broadMatch	ICD-10:Q87.1	ICD10:Q87.1	ordo.db	ProperSubClassOf	ORDO:85173	ICD10:Q87.1	0.9	INCLUDED	NA
IPEX_Syndrome	ordo	ORDO:37042	skos:broadMatch	ICD-10:E31.0	ICD10:E31.0	ordo.db	ProperSubClassOf	ORDO:37042	ICD10:E31.0	0.9	INCLUDED	NA
IRF1_Deficiency	ordo	ORDO:699615	skos:broadMatch	ICD-10:D84.8	ICD10:D84.8	ordo.db	ProperSubClassOf	ORDO:699615	ICD10:D84.8	0.9	INCLUDED	NA
IRF2BPL-Related_Neurodevelopmental_Disorder_with_Regression	ordo	ORDO:597623	skos:broadMatch	ICD-10:G93.8	ICD10:G93.8	ordo.db	ProperSubClassOf	ORDO:597623	ICD10:G93.8	0.9	INCLUDED	NA
IRIDA_Syndrome	ordo	ORDO:209981	skos:broadMatch	ICD-10:D50.8	ICD10:D50.8	ordo.db	ProperSubClassOf	ORDO:209981	ICD10:D50.8	0.9	INCLUDED	NA
IRX5-related_Craniofacial_Dysostosis_with_Osteopenia_Intellectual_Disability_and_Dental_Anomalies	ordo	ORDO:314555	skos:broadMatch	ICD-10:Q87.5	ICD10:Q87.5	ordo.db	ProperSubClassOf	ORDO:314555	ICD10:Q87.5	0.9	INCLUDED	NA
Immunodeficiency_32B	ordo	ORDO:2566	skos:broadMatch	ICD-10:B27.0	ICD10:B27.0	ordo.db	ProperSubClassOf	ORDO:2566	ICD10:B27.0	0.9	INCLUDED	NA
Immunodeficiency_64	ordo	ORDO:664699	skos:broadMatch	ICD-10:D82.3	ICD10:D82.3	ordo.db	ProperSubClassOf	ORDO:664699	ICD10:D82.3	0.9	INCLUDED	NA
Immunodeficiency_69	ordo	ORDO:699618	skos:broadMatch	ICD-10:D84.8	ICD10:D84.8	ordo.db	ProperSubClassOf	ORDO:699618	ICD10:D84.8	0.9	INCLUDED	NA
Immunodeficiency_92	ordo	ORDO:697394	skos:broadMatch	ICD-10:D81.8	ICD10:D81.8	ordo.db	ProperSubClassOf	ORDO:697394	ICD10:D81.8	0.9	INCLUDED	NA
Immunodeficiency_Centromeric_Instability_Facial_Anomalies_Syndrome	ordo	ORDO:2268	skos:broadMatch	ICD-10:D84.8	ICD10:D84.8	ordo.db	ProperSubClassOf	ORDO:2268	ICD10:D84.8	0.9	INCLUDED	NA
Inborn_Disorder_of_Bile_Acid_Synthesis	ordo	ORDO:79095	skos:broadMatch	ICD-10:K76.8	ICD10:K76.8	ordo.db	ProperSubClassOf	ORDO:79095	ICD10:K76.8	0.9	INCLUDED	NA
Inborn_Disorder_of_Bile_Acid_Synthesis	ordo	ORDO:79301	skos:broadMatch	ICD-10:K76.8	ICD10:K76.8	ordo.db	ProperSubClassOf	ORDO:79301	ICD10:K76.8	0.9	INCLUDED	NA
Inborn_Disorder_of_Bile_Acid_Synthesis	ordo	ORDO:79302	skos:broadMatch	ICD-10:K76.8	ICD10:K76.8	ordo.db	ProperSubClassOf	ORDO:79302	ICD10:K76.8	0.9	INCLUDED	NA
Inborn_Disorder_of_Bile_Acid_Synthesis	ordo	ORDO:79303	skos:broadMatch	ICD-10:K76.8	ICD10:K76.8	ordo.db	ProperSubClassOf	ORDO:79303	ICD10:K76.8	0.9	INCLUDED	NA
Inborn_Disorder_of_Bile_Acid_Synthesis	ordo	ORDO:909	skos:broadMatch	ICD-10:E75.5	ICD10:E75.5	ordo.db	ProperSubClassOf	ORDO:909	ICD10:E75.5	0.9	INCLUDED	NA
Inborn_Disorder_of_Methionine_Cycle_and_Sulfur_Amino_Acid_Metabolism	ordo	ORDO:168598	skos:broadMatch	ICD-10:E72.1	ICD10:E72.1	ordo.db	ProperSubClassOf	ORDO:168598	ICD10:E72.1	0.9	INCLUDED	NA
Inborn_Disorder_of_Methionine_Cycle_and_Sulfur_Amino_Acid_Metabolism	ordo	ORDO:394	skos:broadMatch	ICD-10:E72.1	ICD10:E72.1	ordo.db	ProperSubClassOf	ORDO:394	ICD10:E72.1	0.9	INCLUDED	NA
Inborn_Disorder_of_Methionine_Cycle_and_Sulfur_Amino_Acid_Metabolism	ordo	ORDO:395	skos:broadMatch	ICD-10:E72.1	ICD10:E72.1	ordo.db	ProperSubClassOf	ORDO:395	ICD10:E72.1	0.9	INCLUDED	NA
Inborn_Disorder_of_Methionine_Cycle_and_Sulfur_Amino_Acid_Metabolism	ordo	ORDO:79173	skos:exactMatch	ICD-10:E72.1	ICD10:E72.1	ordo.db	EquivalentTo	ORDO:79173	ICD10:E72.1	0.95	INCLUDED	NA
Inborn_Disorder_of_Methionine_Cycle_and_Sulfur_Amino_Acid_Metabolism	ordo	ORDO:79282	skos:broadMatch	ICD-10:D58.8	ICD10:D58.8	ordo.db	ProperSubClassOf	ORDO:79282	ICD10:D58.8	0.9	INCLUDED	NA
Inclusion_Body_Myopathy_with_Paget_Disease_of_Bone_and_Frontotemporal_Dementia	ordo	ORDO:52430	skos:broadMatch	ICD-10:G71.8	ICD10:G71.8	ordo.db	ProperSubClassOf	ORDO:52430	ICD10:G71.8	0.9	INCLUDED	NA
Incontinentia_Pigmenti	ordo	ORDO:464	skos:exactMatch	ICD-10:Q82.3	ICD10:Q82.3	ordo.db	EquivalentTo	ORDO:464	ICD10:Q82.3	0.95	INCLUDED	NA
Infantile-Onset_Pompe_Disease	ordo	ORDO:308552	skos:broadMatch	ICD-10:E74.0	ICD10:E74.0	ordo.db	ProperSubClassOf	ORDO:308552	ICD10:E74.0	0.9	INCLUDED	NA
Infantile_Hypercalcemia	ordo	ORDO:300547	skos:broadMatch	ICD-10:E83.5	ICD10:E83.5	ordo.db	ProperSubClassOf	ORDO:300547	ICD10:E83.5	0.9	INCLUDED	NA
Infantile_Liver_Failure_Syndrome_1	ordo	ORDO:370088	skos:broadMatch	ICD-10:K72.0	ICD10:K72.0	ordo.db	ProperSubClassOf	ORDO:370088	ICD10:K72.0	0.9	INCLUDED	NA
Infantile_Parkinsonism-Dystonia	ordo	ORDO:238455	skos:broadMatch	ICD-10:G24.8	ICD10:G24.8	ordo.db	ProperSubClassOf	ORDO:238455	ICD10:G24.8	0.9	INCLUDED	NA
Inherited_Ichthyosis	ordo	ORDO:461	skos:broadMatch	ICD-10:Q80.1	ICD10:Q80.1	ordo.db	ProperSubClassOf	ORDO:461	ICD10:Q80.1	0.9	INCLUDED	NA
Inherited_Ichthyosis	ordo	ORDO:634	skos:broadMatch	ICD-10:Q80.8	ICD10:Q80.8	ordo.db	ProperSubClassOf	ORDO:634	ICD10:Q80.8	0.9	INCLUDED	NA
Inherited_Porphyria	ordo	ORDO:100924	skos:broadMatch	ICD-10:E80.2	ICD10:E80.2	ordo.db	ProperSubClassOf	ORDO:100924	ICD10:E80.2	0.9	INCLUDED	NA
Inherited_Porphyria	ordo	ORDO:443062	skos:broadMatch	ICD-10:E80.1	ICD10:E80.1	ordo.db	ProperSubClassOf	ORDO:443062	ICD10:E80.1	0.9	INCLUDED	NA
Inherited_Porphyria	ordo	ORDO:738	skos:narrowMatch	ICD-10:E80.1	ICD10:E80.1	ordo.db	ProperSubClassOf	ICD10:E80.1	ORDO:738	0.9	INCLUDED	NA
Inherited_Porphyria	ordo	ORDO:738	skos:narrowMatch	ICD-10:E80.2	ICD10:E80.2	ordo.db	ProperSubClassOf	ICD10:E80.2	ORDO:738	0.9	INCLUDED	NA
Inherited_Porphyria	ordo	ORDO:79273	skos:broadMatch	ICD-10:E80.2	ICD10:E80.2	ordo.db	ProperSubClassOf	ORDO:79273	ICD10:E80.2	0.9	INCLUDED	NA
Inherited_Porphyria	ordo	ORDO:79276	skos:broadMatch	ICD-10:E80.2	ICD10:E80.2	ordo.db	ProperSubClassOf	ORDO:79276	ICD10:E80.2	0.9	INCLUDED	NA
Inherited_Porphyria	ordo	ORDO:79473	skos:broadMatch	ICD-10:E80.2	ICD10:E80.2	ordo.db	ProperSubClassOf	ORDO:79473	ICD10:E80.2	0.9	INCLUDED	NA
Inherited_Porphyria	ordo	ORDO:95159	skos:broadMatch	ICD-10:E80.2	ICD10:E80.2	ordo.db	ProperSubClassOf	ORDO:95159	ICD10:E80.2	0.9	INCLUDED	NA
Inherited_Retinal_Dystrophy	ordo	ORDO:180	skos:broadMatch	ICD-10:H31.2	ICD10:H31.2	ordo.db	ProperSubClassOf	ORDO:180	ICD10:H31.2	0.9	INCLUDED	NA
Inherited_Retinal_Dystrophy	ordo	ORDO:1872	skos:broadMatch	ICD-10:H35.5	ICD10:H35.5	ordo.db	ProperSubClassOf	ORDO:1872	ICD10:H35.5	0.9	INCLUDED	NA
Inherited_Retinal_Dystrophy	ordo	ORDO:65	skos:broadMatch	ICD-10:H35.5	ICD10:H35.5	ordo.db	ProperSubClassOf	ORDO:65	ICD10:H35.5	0.9	INCLUDED	NA
Inherited_Retinal_Dystrophy	ordo	ORDO:791	skos:broadMatch	ICD-10:H35.5	ICD10:H35.5	ordo.db	ProperSubClassOf	ORDO:791	ICD10:H35.5	0.9	INCLUDED	NA
Intellectual_Developmental_Disorder_Autosomal_Dominant_72	ordo	ORDO:652487	skos:broadMatch	ICD-10:Q87.3	ICD10:Q87.3	ordo.db	ProperSubClassOf	ORDO:652487	ICD10:Q87.3	0.9	INCLUDED	NA
Intellectual_Disability_Anterior_Maxillary_Protrusion_and_Strabismus	ordo	ORDO:562559	skos:broadMatch	ICD-10:F72.8	ICD10:F72.8	ordo.db	NA	NA	NA	NA	REVIEW	Target absent from classification; retain code qualifiers for review
Intellectual_Disability_Autosomal_Dominant_6	ordo	ORDO:589547	skos:broadMatch	ICD-10:G93.4	ICD10:G93.4	ordo.db	ProperSubClassOf	ORDO:589547	ICD10:G93.4	0.9	INCLUDED	NA
Isobutyryl-CoA_Dehydrogenase_Deficiency	ordo	ORDO:79159	skos:broadMatch	ICD-10:E71.1	ICD10:E71.1	ordo.db	ProperSubClassOf	ORDO:79159	ICD10:E71.1	0.9	INCLUDED	NA
Isolated_Anophthalmia-Microphthalmia_Syndrome	ordo	ORDO:251279	skos:broadMatch	ICD-10:Q15.8	ICD10:Q15.8	ordo.db	ProperSubClassOf	ORDO:251279	ICD10:Q15.8	0.9	INCLUDED	NA
Isolated_Anophthalmia-Microphthalmia_Syndrome	ordo	ORDO:35612	skos:exactMatch	ICD-10:Q11.2	ICD10:Q11.2	ordo.db	EquivalentTo	ORDO:35612	ICD10:Q11.2	0.95	INCLUDED	NA
Isolated_Anophthalmia-Microphthalmia_Syndrome	ordo	ORDO:98938	skos:broadMatch	ICD-10:Q11.2	ICD10:Q11.2	ordo.db	ProperSubClassOf	ORDO:98938	ICD10:Q11.2	0.9	INCLUDED	NA
Isolated_Sedoheptulokinase_Deficiency	ordo	ORDO:440713	skos:broadMatch	ICD-10:E88.8	ICD10:E88.8	ordo.db	ProperSubClassOf	ORDO:440713	ICD10:E88.8	0.9	INCLUDED	NA
Isolated_Sulfite_Oxidase_Deficiency	ordo	ORDO:99731	skos:broadMatch	ICD-10:E72.1	ICD10:E72.1	ordo.db	ProperSubClassOf	ORDO:99731	ICD10:E72.1	0.9	INCLUDED	NA
Isolated_Woolly_Hair	ordo	ORDO:170	skos:broadMatch	ICD-10:Q84.1	ICD10:Q84.1	ordo.db	ProperSubClassOf	ORDO:170	ICD10:Q84.1	0.9	INCLUDED	NA
Isovaleric_Acidemia	ordo	ORDO:33	skos:broadMatch	ICD-10:E71.1	ICD10:E71.1	ordo.db	ProperSubClassOf	ORDO:33	ICD10:E71.1	0.9	INCLUDED	NA
Jackson-Weiss_Syndrome	ordo	ORDO:1540	skos:broadMatch	ICD-10:Q87.8	ICD10:Q87.8	ordo.db	ProperSubClassOf	ORDO:1540	ICD10:Q87.8	0.9	INCLUDED	NA
Jeune_Asphyxiating_Thoracic_Dystrophy	ordo	ORDO:474	skos:broadMatch	ICD-10:Q77.2	ICD10:Q77.2	ordo.db	ProperSubClassOf	ORDO:474	ICD10:Q77.2	0.9	INCLUDED	NA
Joint_Laxity_Short_Stature_and_Myopia	ordo	ORDO:527450	skos:broadMatch	ICD-10:Q87.5	ICD10:Q87.5	ordo.db	ProperSubClassOf	ORDO:527450	ICD10:Q87.5	0.9	INCLUDED	NA
Junctional_Epidermolysis_Bullosa	dismech	dismech:Junctional_Epidermolysis_Bullosa	skos:closeMatch	ICD10CM:Q81.1	ICD10CM:Q81.1	ICD-10-CM	NA	NA	NA	NA	REVIEW	Predicate has no supported logical translation
Juvenile-Onset_Diabetes_Mellitus_with_Central_and_Peripheral_Neurodegeneration	ordo	ORDO:445062	skos:broadMatch	ICD-10:G31.8	ICD10:G31.8	ordo.db	ProperSubClassOf	ORDO:445062	ICD10:G31.8	0.9	INCLUDED	NA
Juvenile_Amyotrophic_Lateral_Sclerosis	ordo	ORDO:300605	skos:broadMatch	ICD-10:G12.2	ICD10:G12.2	ordo.db	ProperSubClassOf	ORDO:300605	ICD10:G12.2	0.9	INCLUDED	NA
Juvenile_Amyotrophic_Lateral_Sclerosis	ordo	ORDO:357043	skos:broadMatch	ICD-10:G12.2	ICD10:G12.2	ordo.db	ProperSubClassOf	ORDO:357043	ICD10:G12.2	0.9	INCLUDED	NA
Juvenile_Open_Angle_Glaucoma	ordo	ORDO:98977	skos:broadMatch	ICD-10:H40.1	ICD10:H40.1	ordo.db	ProperSubClassOf	ORDO:98977	ICD10:H40.1	0.9	INCLUDED	NA
Juvenile_Polyposis_Syndrome	ordo	ORDO:2929	skos:broadMatch	ICD-10:D12.6	ICD10:D12.6	ordo.db	ProperSubClassOf	ORDO:2929	ICD10:D12.6	0.9	INCLUDED	NA
Juvenile_Sialidosis_Type_2	ordo	ORDO:93399	skos:broadMatch	ICD-10:E77.1	ICD10:E77.1	ordo.db	ProperSubClassOf	ORDO:93399	ICD10:E77.1	0.9	INCLUDED	NA
KBG_Syndrome	ordo	ORDO:2332	skos:broadMatch	ICD-10:Q87.8	ICD10:Q87.8	ordo.db	ProperSubClassOf	ORDO:2332	ICD10:Q87.8	0.9	INCLUDED	NA
KCNH1_Associated_Disorder	ordo	ORDO:420561	skos:broadMatch	ICD-10:Q87.2	ICD10:Q87.2	ordo.db	ProperSubClassOf	ORDO:420561	ICD10:Q87.2	0.9	INCLUDED	NA
KCNQ2_Developmental_and_Epileptic_Encephalopathy	ordo	ORDO:439218	skos:broadMatch	ICD-10:G40.4	ICD10:G40.4	ordo.db	ProperSubClassOf	ORDO:439218	ICD10:G40.4	0.9	INCLUDED	NA
KDM1A-Related_Neurodevelopmental_Disorder	ordo	ORDO:477993	skos:broadMatch	ICD-10:Q87.8	ICD10:Q87.8	ordo.db	ProperSubClassOf	ORDO:477993	ICD10:Q87.8	0.9	INCLUDED	NA
KMT2B-Related_Dystonia	ordo	ORDO:589618	skos:broadMatch	ICD-10:G24.8	ICD10:G24.8	ordo.db	ProperSubClassOf	ORDO:589618	ICD10:G24.8	0.9	INCLUDED	NA
Kabuki_Syndrome	ordo	ORDO:2322	skos:broadMatch	ICD-10:Q87.0	ICD10:Q87.0	ordo.db	ProperSubClassOf	ORDO:2322	ICD10:Q87.0	0.9	INCLUDED	NA
Kallmann_Syndrome	ordo	ORDO:478	skos:broadMatch	ICD-10:E23.0	ICD10:E23.0	ordo.db	ProperSubClassOf	ORDO:478	ICD10:E23.0	0.9	INCLUDED	NA
Kanzaki_Disease	ordo	ORDO:79280	skos:broadMatch	ICD-10:E77.1	ICD10:E77.1	ordo.db	ProperSubClassOf	ORDO:79280	ICD10:E77.1	0.9	INCLUDED	NA
Karyomegalic_Interstitial_Nephritis	ordo	ORDO:401996	skos:broadMatch	ICD-10:N11.8	ICD10:N11.8	ordo.db	ProperSubClassOf	ORDO:401996	ICD10:N11.8	0.9	INCLUDED	NA
Kearns-Sayre_Syndrome	ordo	ORDO:480	skos:broadMatch	ICD-10:H49.8	ICD10:H49.8	ordo.db	ProperSubClassOf	ORDO:480	ICD10:H49.8	0.9	INCLUDED	NA
Keipert_syndrome	ordo	ORDO:2662	skos:broadMatch	ICD-10:Q87.0	ICD10:Q87.0	ordo.db	ProperSubClassOf	ORDO:2662	ICD10:Q87.0	0.9	INCLUDED	NA
Kennedy_Disease	ordo	ORDO:481	skos:broadMatch	ICD-10:G12.2	ICD10:G12.2	ordo.db	ProperSubClassOf	ORDO:481	ICD10:G12.2	0.9	INCLUDED	NA
Keratoderma_Hereditarium_Mutilans	ordo	ORDO:494	skos:broadMatch	ICD-10:Q82.8	ICD10:Q82.8	ordo.db	ProperSubClassOf	ORDO:494	ICD10:Q82.8	0.9	INCLUDED	NA
Keratosis_Follicularis_Spinulosa_Decalvans	ordo	ORDO:2340	skos:broadMatch	ICD-10:Q82.8	ICD10:Q82.8	ordo.db	ProperSubClassOf	ORDO:2340	ICD10:Q82.8	0.9	INCLUDED	NA
Keratosis_Pilaris_Atrophicans	ordo	ORDO:2340	skos:broadMatch	ICD-10:Q82.8	ICD10:Q82.8	ordo.db	ProperSubClassOf	ORDO:2340	ICD10:Q82.8	0.9	INCLUDED	NA
Keratosis_Pilaris_Atrophicans	ordo	ORDO:79100	skos:broadMatch	ICD-10:L66.4	ICD10:L66.4	ordo.db	ProperSubClassOf	ORDO:79100	ICD10:L66.4	0.9	INCLUDED	NA
Keutel_Syndrome	ordo	ORDO:85202	skos:broadMatch	ICD-10:Q87.8	ICD10:Q87.8	ordo.db	ProperSubClassOf	ORDO:85202	ICD10:Q87.8	0.9	INCLUDED	NA
Kilquist_Syndrome	ordo	ORDO:633021	skos:broadMatch	ICD-10:Q87.8	ICD10:Q87.8	ordo.db	ProperSubClassOf	ORDO:633021	ICD10:Q87.8	0.9	INCLUDED	NA
Kindler_Epidermolysis_Bullosa	dismech	dismech:Kindler_Epidermolysis_Bullosa	skos:closeMatch	ICD10CM:Q81.8	ICD10CM:Q81.8	ICD-10-CM	NA	NA	NA	NA	REVIEW	Predicate has no supported logical translation
Kindler_Epidermolysis_Bullosa	ordo	ORDO:2908	skos:broadMatch	ICD-10:Q81.8	ICD10:Q81.8	ordo.db	ProperSubClassOf	ORDO:2908	ICD10:Q81.8	0.9	INCLUDED	NA
Kleefstra_Syndrome	ordo	ORDO:261494	skos:broadMatch	ICD-10:Q87.8	ICD10:Q87.8	ordo.db	ProperSubClassOf	ORDO:261494	ICD10:Q87.8	0.9	INCLUDED	NA
Kleefstra_Syndrome	ordo	ORDO:261652	skos:broadMatch	ICD-10:Q87.8	ICD10:Q87.8	ordo.db	ProperSubClassOf	ORDO:261652	ICD10:Q87.8	0.9	INCLUDED	NA
Kleefstra_Syndrome	ordo	ORDO:96147	skos:broadMatch	ICD-10:Q87.8	ICD10:Q87.8	ordo.db	ProperSubClassOf	ORDO:96147	ICD10:Q87.8	0.9	INCLUDED	NA
Klippel-Feil_Syndrome	ordo	ORDO:2345	skos:exactMatch	ICD-10:Q76.1	ICD10:Q76.1	ordo.db	EquivalentTo	ORDO:2345	ICD10:Q76.1	0.95	INCLUDED	NA
Kniest_Dysplasia	ordo	ORDO:485	skos:broadMatch	ICD-10:Q77.7	ICD10:Q77.7	ordo.db	ProperSubClassOf	ORDO:485	ICD10:Q77.7	0.9	INCLUDED	NA
Koolen_de_Vries_syndrome	ordo	ORDO:96169	skos:broadMatch	ICD-10:Q87.8	ICD10:Q87.8	ordo.db	ProperSubClassOf	ORDO:96169	ICD10:Q87.8	0.9	INCLUDED	NA
Kufor-Rakeb_syndrome	ordo	ORDO:306674	skos:broadMatch	ICD-10:G23.0	ICD10:G23.0	ordo.db	ProperSubClassOf	ORDO:306674	ICD10:G23.0	0.9	INCLUDED	NA
L-2-Hydroxyglutaric_Aciduria	ordo	ORDO:79314	skos:broadMatch	ICD-10:E72.8	ICD10:E72.8	ordo.db	ProperSubClassOf	ORDO:79314	ICD10:E72.8	0.9	INCLUDED	NA
L1_Syndrome	ordo	ORDO:275543	skos:broadMatch	ICD-10:Q04.8	ICD10:Q04.8	ordo.db	ProperSubClassOf	ORDO:275543	ICD10:Q04.8	0.9	INCLUDED	NA
LAMB1-Related_Cobblestone_Lissencephaly	ordo	ORDO:352682	skos:broadMatch	ICD-10:Q04.3	ICD10:Q04.3	ordo.db	ProperSubClassOf	ORDO:352682	ICD10:Q04.3	0.9	INCLUDED	NA
LIFR-Related_Stuve-Wiedemann_Syndrome	ordo	ORDO:3206	skos:broadMatch	ICD-10:Q78.8	ICD10:Q78.8	ordo.db	ProperSubClassOf	ORDO:3206	ICD10:Q78.8	0.9	INCLUDED	NA
LRBA_Deficiency	ordo	ORDO:445018	skos:broadMatch	ICD-10:D81.8	ICD10:D81.8	ordo.db	ProperSubClassOf	ORDO:445018	ICD10:D81.8	0.9	INCLUDED	NA
Lafora_Disease	ordo	ORDO:501	skos:broadMatch	ICD-10:G40.3	ICD10:G40.3	ordo.db	ProperSubClassOf	ORDO:501	ICD10:G40.3	0.9	INCLUDED	NA
Landau-Kleffner_Syndrome	ordo	ORDO:98818	skos:exactMatch	ICD-10:F80.3	ICD10:F80.3	ordo.db	EquivalentTo	ORDO:98818	ICD10:F80.3	0.95	INCLUDED	NA
Langer_Mesomelic_Dysplasia	ordo	ORDO:2632	skos:broadMatch	ICD-10:Q87.1	ICD10:Q87.1	ordo.db	ProperSubClassOf	ORDO:2632	ICD10:Q87.1	0.9	INCLUDED	NA
Larsen-like_Syndrome_B3GAT3_Type	ordo	ORDO:284139	skos:broadMatch	ICD-10:Q74.8	ICD10:Q74.8	ordo.db	ProperSubClassOf	ORDO:284139	ICD10:Q74.8	0.9	INCLUDED	NA
Larsen_Syndrome	ordo	ORDO:503	skos:broadMatch	ICD-10:Q74.8	ICD10:Q74.8	ordo.db	ProperSubClassOf	ORDO:503	ICD10:Q74.8	0.9	INCLUDED	NA
Late-Onset_Pompe_Disease	ordo	ORDO:420429	skos:broadMatch	ICD-10:E74.0	ICD10:E74.0	ordo.db	ProperSubClassOf	ORDO:420429	ICD10:E74.0	0.9	INCLUDED	NA
Late_Complement_Component_Deficiency	ordo	ORDO:169150	skos:broadMatch	ICD-10:D84.1	ICD10:D84.1	ordo.db	ProperSubClassOf	ORDO:169150	ICD10:D84.1	0.9	INCLUDED	NA
Leber_Hereditary_Optic_Neuropathy	ordo	ORDO:104	skos:broadMatch	ICD-10:H47.2	ICD10:H47.2	ordo.db	ProperSubClassOf	ORDO:104	ICD10:H47.2	0.9	INCLUDED	NA
Leigh_Syndrome	ordo	ORDO:255210	skos:broadMatch	ICD-10:E88.8	ICD10:E88.8	ordo.db	ProperSubClassOf	ORDO:255210	ICD10:E88.8	0.9	INCLUDED	NA
Leigh_Syndrome	ordo	ORDO:506	skos:broadMatch	ICD-10:G31.8	ICD10:G31.8	ordo.db	ProperSubClassOf	ORDO:506	ICD10:G31.8	0.9	INCLUDED	NA
Leigh_Syndrome	ordo	ORDO:70472	skos:broadMatch	ICD-10:G31.8	ICD10:G31.8	ordo.db	ProperSubClassOf	ORDO:70472	ICD10:G31.8	0.9	INCLUDED	NA
Lenz-Majewski_hyperostotic_dwarfism	ordo	ORDO:2658	skos:broadMatch	ICD-10:Q87.1	ICD10:Q87.1	ordo.db	ProperSubClassOf	ORDO:2658	ICD10:Q87.1	0.9	INCLUDED	NA
Leri-Weill_Dyschondrosteosis	ordo	ORDO:240	skos:broadMatch	ICD-10:Q77.8	ICD10:Q77.8	ordo.db	ProperSubClassOf	ORDO:240	ICD10:Q77.8	0.9	INCLUDED	NA
Lesch-Nyhan_Syndrome	ordo	ORDO:510	skos:exactMatch	ICD-10:E79.1	ICD10:E79.1	ordo.db	EquivalentTo	ORDO:510	ICD10:E79.1	0.95	INCLUDED	NA
Lethal_Congenital_Contracture_Syndrome	ordo	ORDO:137776	skos:broadMatch	ICD-10:Q68.8	ICD10:Q68.8	ordo.db	ProperSubClassOf	ORDO:137776	ICD10:Q68.8	0.9	INCLUDED	NA
Lethal_Congenital_Contracture_Syndrome	ordo	ORDO:137783	skos:broadMatch	ICD-10:Q68.8	ICD10:Q68.8	ordo.db	ProperSubClassOf	ORDO:137783	ICD10:Q68.8	0.9	INCLUDED	NA
Lethal_Congenital_Contracture_Syndrome	ordo	ORDO:1486	skos:broadMatch	ICD-10:Q68.8	ICD10:Q68.8	ordo.db	ProperSubClassOf	ORDO:1486	ICD10:Q68.8	0.9	INCLUDED	NA
Lethal_Congenital_Contracture_Syndrome	ordo	ORDO:363409	skos:broadMatch	ICD-10:G71.2	ICD10:G71.2	ordo.db	ProperSubClassOf	ORDO:363409	ICD10:G71.2	0.9	INCLUDED	NA
Lethal_Congenital_Contracture_Syndrome	ordo	ORDO:464366	skos:broadMatch	ICD-10:Q77.2	ICD10:Q77.2	ordo.db	ProperSubClassOf	ORDO:464366	ICD10:Q77.2	0.9	INCLUDED	NA
Lethal_Polymalformative_Syndrome_Boissel_Type	ordo	ORDO:210144	skos:broadMatch	ICD-10:Q87.8	ICD10:Q87.8	ordo.db	ProperSubClassOf	ORDO:210144	ICD10:Q87.8	0.9	INCLUDED	NA
Leukocyte_Adhesion_Deficiency_Type_II	ordo	ORDO:99843	skos:broadMatch	ICD-10:D84.8	ICD10:D84.8	ordo.db	ProperSubClassOf	ORDO:99843	ICD10:D84.8	0.9	INCLUDED	NA
Liberfarb_syndrome	ordo	ORDO:589442	skos:broadMatch	ICD-10:Q87.8	ICD10:Q87.8	ordo.db	ProperSubClassOf	ORDO:589442	ICD10:Q87.8	0.9	INCLUDED	NA
Lichtenstein-Knorr_Syndrome	ordo	ORDO:448251	skos:broadMatch	ICD-10:G11.1	ICD10:G11.1	ordo.db	ProperSubClassOf	ORDO:448251	ICD10:G11.1	0.9	INCLUDED	NA
Liddle_Syndrome	ordo	ORDO:526	skos:broadMatch	ICD-10:I15.1	ICD10:I15.1	ordo.db	ProperSubClassOf	ORDO:526	ICD10:I15.1	0.9	INCLUDED	NA
Limb-Girdle_Muscular_Dystrophy_Autosomal_Dominant	ordo	ORDO:34516	skos:broadMatch	ICD-10:G71.0	ICD10:G71.0	ordo.db	ProperSubClassOf	ORDO:34516	ICD10:G71.0	0.9	INCLUDED	NA
Limb-Girdle_Muscular_Dystrophy_Autosomal_Dominant	ordo	ORDO:55595	skos:broadMatch	ICD-10:G71.0	ICD10:G71.0	ordo.db	ProperSubClassOf	ORDO:55595	ICD10:G71.0	0.9	INCLUDED	NA
Limb-Girdle_Muscular_Dystrophy_Autosomal_Dominant	ordo	ORDO:55596	skos:broadMatch	ICD-10:G71.0	ICD10:G71.0	ordo.db	ProperSubClassOf	ORDO:55596	ICD10:G71.0	0.9	INCLUDED	NA
Limb-Girdle_Muscular_Dystrophy_Autosomal_Dominant	ordo	ORDO:565909	skos:broadMatch	ICD-10:G71.0	ICD10:G71.0	ordo.db	ProperSubClassOf	ORDO:565909	ICD10:G71.0	0.9	INCLUDED	NA
Lipoic_Acid_Synthetase_Deficiency	ordo	ORDO:401859	skos:broadMatch	ICD-10:E88.8	ICD10:E88.8	ordo.db	ProperSubClassOf	ORDO:401859	ICD10:E88.8	0.9	INCLUDED	NA
Lipoid_Proteinosis	ordo	ORDO:530	skos:broadMatch	ICD-10:E78.8	ICD10:E78.8	ordo.db	ProperSubClassOf	ORDO:530	ICD10:E78.8	0.9	INCLUDED	NA
Lipoyl_Transferase_1_Deficiency	ordo	ORDO:401862	skos:broadMatch	ICD-10:E88.8	ICD10:E88.8	ordo.db	ProperSubClassOf	ORDO:401862	ICD10:E88.8	0.9	INCLUDED	NA
Lissencephaly_Spectrum_Disorders	ordo	ORDO:452	skos:broadMatch	ICD-10:Q04.3	ICD10:Q04.3	ordo.db	ProperSubClassOf	ORDO:452	ICD10:Q04.3	0.9	INCLUDED	NA
Loeys-Dietz_Syndrome	ordo	ORDO:284973	skos:broadMatch	ICD-10:Q87.4	ICD10:Q87.4	ordo.db	ProperSubClassOf	ORDO:284973	ICD10:Q87.4	0.9	INCLUDED	NA
Loeys-Dietz_Syndrome	ordo	ORDO:284984	skos:broadMatch	ICD-10:Q87.8	ICD10:Q87.8	ordo.db	ProperSubClassOf	ORDO:284984	ICD10:Q87.8	0.9	INCLUDED	NA
Loeys-Dietz_Syndrome	ordo	ORDO:60030	skos:broadMatch	ICD-10:Q87.4	ICD10:Q87.4	ordo.db	ProperSubClassOf	ORDO:60030	ICD10:Q87.4	0.9	INCLUDED	NA
Long-Chain_3-Hydroxyacyl-CoA_Dehydrogenase_Deficiency	ordo	ORDO:5	skos:broadMatch	ICD-10:E71.3	ICD10:E71.3	ordo.db	ProperSubClassOf	ORDO:5	ICD10:E71.3	0.9	INCLUDED	NA
Lowe_Syndrome	ordo	ORDO:534	skos:broadMatch	ICD-10:E72.0	ICD10:E72.0	ordo.db	ProperSubClassOf	ORDO:534	ICD10:E72.0	0.9	INCLUDED	NA
Lymphatic_Malformation_6	ordo	ORDO:568062	skos:broadMatch	ICD-10:Q82.0	ICD10:Q82.0	ordo.db	ProperSubClassOf	ORDO:568062	ICD10:Q82.0	0.9	INCLUDED	NA
Lysinuric_Protein_Intolerance	ordo	ORDO:470	skos:broadMatch	ICD-10:E72.0	ICD10:E72.0	ordo.db	ProperSubClassOf	ORDO:470	ICD10:E72.0	0.9	INCLUDED	NA
Lysosomal_Acid_Phosphatase_Deficiency	ordo	ORDO:35121	skos:broadMatch	ICD-10:E83.3	ICD10:E83.3	ordo.db	ProperSubClassOf	ORDO:35121	ICD10:E83.3	0.9	INCLUDED	NA
MED13L_Syndrome	ordo	ORDO:369891	skos:broadMatch	ICD-10:Q87.0	ICD10:Q87.0	ordo.db	ProperSubClassOf	ORDO:369891	ICD10:Q87.0	0.9	INCLUDED	NA
MED17-Related_Disorder	ordo	ORDO:402364	skos:broadMatch	ICD-10:Q04.3	ICD10:Q04.3	ordo.db	ProperSubClassOf	ORDO:402364	ICD10:Q04.3	0.9	INCLUDED	NA
MEDNIK_syndrome	ordo	ORDO:171851	skos:broadMatch	ICD-10:E83.0	ICD10:E83.0	ordo.db	ProperSubClassOf	ORDO:171851	ICD10:E83.0	0.9	INCLUDED	NA
MELAS_Syndrome	dismech	dismech:MELAS_Syndrome	skos:exactMatch	ICD10CM:E88.41	ICD10CM:E88.41	ICD-10-CM	EquivalentTo	dismech:MELAS_Syndrome	ICD10CM:E88.41	0.95	INCLUDED	NA
MELAS_Syndrome	ordo	ORDO:550	skos:broadMatch	ICD-10:G71.3	ICD10:G71.3	ordo.db	ProperSubClassOf	ORDO:550	ICD10:G71.3	0.9	INCLUDED	NA
MEND_Syndrome	ordo	ORDO:401973	skos:broadMatch	ICD-10:Q87.8	ICD10:Q87.8	ordo.db	ProperSubClassOf	ORDO:401973	ICD10:Q87.8	0.9	INCLUDED	NA
MEPAN_Syndrome	ordo	ORDO:508093	skos:broadMatch	ICD-10:E88.8	ICD10:E88.8	ordo.db	ProperSubClassOf	ORDO:508093	ICD10:E88.8	0.9	INCLUDED	NA
MERRF_Syndrome	ordo	ORDO:551	skos:broadMatch	ICD-10:G71.3	ICD10:G71.3	ordo.db	ProperSubClassOf	ORDO:551	ICD10:G71.3	0.9	INCLUDED	NA
MGAT2-congenital_disorder_of_glycosylation	ordo	ORDO:79329	skos:broadMatch	ICD-10:E77.8	ICD10:E77.8	ordo.db	ProperSubClassOf	ORDO:79329	ICD10:E77.8	0.9	INCLUDED	NA
MHC_Class_II_Deficiency	ordo	ORDO:572	skos:exactMatch	ICD-10:D81.7	ICD10:D81.7	ordo.db	EquivalentTo	ORDO:572	ICD10:D81.7	0.95	INCLUDED	NA
MICPCH_Syndrome	ordo	ORDO:163937	skos:broadMatch	ICD-10:Q04.3	ICD10:Q04.3	ordo.db	ProperSubClassOf	ORDO:163937	ICD10:Q04.3	0.9	INCLUDED	NA
MMACHC-related_Methylmalonic_Aciduria_and_Homocystinuria_cblC_Type	ordo	ORDO:79282	skos:broadMatch	ICD-10:D58.8	ICD10:D58.8	ordo.db	ProperSubClassOf	ORDO:79282	ICD10:D58.8	0.9	INCLUDED	NA
MPDU1-congenital_disorder_of_glycosylation	ordo	ORDO:79323	skos:broadMatch	ICD-10:E77.8	ICD10:E77.8	ordo.db	ProperSubClassOf	ORDO:79323	ICD10:E77.8	0.9	INCLUDED	NA
MPI-Congenital_Disorder_of_Glycosylation	ordo	ORDO:79319	skos:broadMatch	ICD-10:E77.8	ICD10:E77.8	ordo.db	ProperSubClassOf	ORDO:79319	ICD10:E77.8	0.9	INCLUDED	NA
MSMO1_Deficiency	ordo	ORDO:488168	skos:broadMatch	ICD-10:E88.8	ICD10:E88.8	ordo.db	ProperSubClassOf	ORDO:488168	ICD10:E88.8	0.9	INCLUDED	NA
MSTO1-Related_Mitochondrial_Myopathy	ordo	ORDO:502423	skos:broadMatch	ICD-10:G71.3	ICD10:G71.3	ordo.db	ProperSubClassOf	ORDO:502423	ICD10:G71.3	0.9	INCLUDED	NA
MTHFD1_Deficiency	ordo	ORDO:658813	skos:broadMatch	ICD-10:E88.8	ICD10:E88.8	ordo.db	ProperSubClassOf	ORDO:658813	ICD10:E88.8	0.9	INCLUDED	NA
MTO1_Deficiency	ordo	ORDO:314637	skos:broadMatch	ICD-10:E88.8	ICD10:E88.8	ordo.db	ProperSubClassOf	ORDO:314637	ICD10:E88.8	0.9	INCLUDED	NA
MUTYH-Associated_Polyposis	ordo	ORDO:247798	skos:broadMatch	ICD-10:D12.6	ICD10:D12.6	ordo.db	ProperSubClassOf	ORDO:247798	ICD10:D12.6	0.9	INCLUDED	NA
MYO6_Hearing_Loss	ordo	ORDO:87884	skos:exactMatch	ICD-10:H90.5	ICD10:H90.5	ordo.db	EquivalentTo	ORDO:87884	ICD10:H90.5	0.95	INCLUDED	NA
Mabry_Syndrome	ordo	ORDO:247262	skos:broadMatch	ICD-10:Q87.8	ICD10:Q87.8	ordo.db	ProperSubClassOf	ORDO:247262	ICD10:Q87.8	0.9	INCLUDED	NA
Machado_Joseph_Disease	ordo	ORDO:276238	skos:broadMatch	ICD-10:G11.8	ICD10:G11.8	ordo.db	ProperSubClassOf	ORDO:276238	ICD10:G11.8	0.9	INCLUDED	NA
Machado_Joseph_Disease	ordo	ORDO:276241	skos:broadMatch	ICD-10:G11.8	ICD10:G11.8	ordo.db	ProperSubClassOf	ORDO:276241	ICD10:G11.8	0.9	INCLUDED	NA
Machado_Joseph_Disease	ordo	ORDO:276244	skos:broadMatch	ICD-10:G11.8	ICD10:G11.8	ordo.db	ProperSubClassOf	ORDO:276244	ICD10:G11.8	0.9	INCLUDED	NA
Machado_Joseph_Disease	ordo	ORDO:98757	skos:broadMatch	ICD-10:G11.8	ICD10:G11.8	ordo.db	ProperSubClassOf	ORDO:98757	ICD10:G11.8	0.9	INCLUDED	NA
Malan_Syndrome	ordo	ORDO:420179	skos:broadMatch	ICD-10:Q87.3	ICD10:Q87.3	ordo.db	ProperSubClassOf	ORDO:420179	ICD10:Q87.3	0.9	INCLUDED	NA
Mandibulofacial_Dysostosis_With_Alopecia	ordo	ORDO:443995	skos:broadMatch	ICD-10:Q75.4	ICD10:Q75.4	ordo.db	ProperSubClassOf	ORDO:443995	ICD10:Q75.4	0.9	INCLUDED	NA
Mandibulofacial_Dysostosis_with_Microcephaly	ordo	ORDO:79113	skos:broadMatch	ICD-10:Q87.0	ICD10:Q87.0	ordo.db	ProperSubClassOf	ORDO:79113	ICD10:Q87.0	0.9	INCLUDED	NA
Marden-Walker_Syndrome	ordo	ORDO:2461	skos:broadMatch	ICD-10:Q87.0	ICD10:Q87.0	ordo.db	ProperSubClassOf	ORDO:2461	ICD10:Q87.0	0.9	INCLUDED	NA
Marfanoid_Progeroid_Lipodystrophy_Syndrome	ordo	ORDO:300382	skos:broadMatch	ICD-10:E88.1	ICD10:E88.1	ordo.db	ProperSubClassOf	ORDO:300382	ICD10:E88.1	0.9	INCLUDED	NA
Marinesco-Sjogren_Syndrome	ordo	ORDO:559	skos:broadMatch	ICD-10:G11.1	ICD10:G11.1	ordo.db	ProperSubClassOf	ORDO:559	ICD10:G11.1	0.9	INCLUDED	NA
Maroteaux-Lamy_syndrome	ordo	ORDO:276212	skos:broadMatch	ICD-10:E76.2	ICD10:E76.2	ordo.db	ProperSubClassOf	ORDO:276212	ICD10:E76.2	0.9	INCLUDED	NA
Maroteaux-Lamy_syndrome	ordo	ORDO:276223	skos:broadMatch	ICD-10:E76.2	ICD10:E76.2	ordo.db	ProperSubClassOf	ORDO:276223	ICD10:E76.2	0.9	INCLUDED	NA
Maroteaux-Lamy_syndrome	ordo	ORDO:583	skos:broadMatch	ICD-10:E76.2	ICD10:E76.2	ordo.db	ProperSubClassOf	ORDO:583	ICD10:E76.2	0.9	INCLUDED	NA
Marshall-Smith_Syndrome	ordo	ORDO:561	skos:broadMatch	ICD-10:Q87.3	ICD10:Q87.3	ordo.db	ProperSubClassOf	ORDO:561	ICD10:Q87.3	0.9	INCLUDED	NA
McKusick-Kaufman_Syndrome	ordo	ORDO:2473	skos:broadMatch	ICD-10:Q87.8	ICD10:Q87.8	ordo.db	ProperSubClassOf	ORDO:2473	ICD10:Q87.8	0.9	INCLUDED	NA
McLeod_Neuroacanthocytosis_Syndrome	ordo	ORDO:59306	skos:broadMatch	ICD-10:G10	ICD10:G10	ordo.db	ProperSubClassOf	ORDO:59306	ICD10:G10	0.9	INCLUDED	NA
Meacham_syndrome	ordo	ORDO:3097	skos:broadMatch	ICD-10:Q87.8	ICD10:Q87.8	ordo.db	ProperSubClassOf	ORDO:3097	ICD10:Q87.8	0.9	INCLUDED	NA
Meier-Gorlin_Syndrome	ordo	ORDO:2554	skos:broadMatch	ICD-10:Q87.1	ICD10:Q87.1	ordo.db	ProperSubClassOf	ORDO:2554	ICD10:Q87.1	0.9	INCLUDED	NA
Mendelian_Susceptibility_To_Mycobacterial_Diseases_Due_To_Complete_IL12B_Deficiency	ordo	ORDO:319558	skos:broadMatch	ICD-10:D84.8	ICD10:D84.8	ordo.db	ProperSubClassOf	ORDO:319558	ICD10:D84.8	0.9	INCLUDED	NA
Mendelian_Susceptibility_To_Mycobacterial_Diseases_Due_To_Partial_IRF8_Deficiency	ordo	ORDO:319600	skos:broadMatch	ICD-10:D84.8	ICD10:D84.8	ordo.db	ProperSubClassOf	ORDO:319600	ICD10:D84.8	0.9	INCLUDED	NA
Mesomelia-Synostoses_Syndrome	ordo	ORDO:2496	skos:broadMatch	ICD-10:Q74.8	ICD10:Q74.8	ordo.db	ProperSubClassOf	ORDO:2496	ICD10:Q74.8	0.9	INCLUDED	NA
Mesomelic_Dysplasia_Kantaputra_Type	ordo	ORDO:1836	skos:broadMatch	ICD-10:Q78.8	ICD10:Q78.8	ordo.db	ProperSubClassOf	ORDO:1836	ICD10:Q78.8	0.9	INCLUDED	NA
Mesomelic_Dysplasia_Savarirayan_Type	ordo	ORDO:85170	skos:broadMatch	ICD-10:Q78.8	ICD10:Q78.8	ordo.db	ProperSubClassOf	ORDO:85170	ICD10:Q78.8	0.9	INCLUDED	NA
Metaphyseal_Anadysplasia	ordo	ORDO:1040	skos:broadMatch	ICD-10:Q78.5	ICD10:Q78.5	ordo.db	ProperSubClassOf	ORDO:1040	ICD10:Q78.5	0.9	INCLUDED	NA
Metaphyseal_Chondrodysplasia_Jansen_Type	ordo	ORDO:33067	skos:broadMatch	ICD-10:Q78.5	ICD10:Q78.5	ordo.db	ProperSubClassOf	ORDO:33067	ICD10:Q78.5	0.9	INCLUDED	NA
Metaphyseal_Chondrodysplasia_Schmid_Type	ordo	ORDO:174	skos:broadMatch	ICD-10:Q78.5	ICD10:Q78.5	ordo.db	ProperSubClassOf	ORDO:174	ICD10:Q78.5	0.9	INCLUDED	NA
Metaphyseal_Dysplasia_Spahr_Type	ordo	ORDO:2501	skos:broadMatch	ICD-10:Q78.5	ICD10:Q78.5	ordo.db	ProperSubClassOf	ORDO:2501	ICD10:Q78.5	0.9	INCLUDED	NA
Metaphyseal_Dysplasia_with_Maxillary_Hypoplasia_and_Brachydactyly	ordo	ORDO:2504	skos:broadMatch	ICD-10:Q77.8	ICD10:Q77.8	ordo.db	ProperSubClassOf	ORDO:2504	ICD10:Q77.8	0.9	INCLUDED	NA
Metatropic_Dysplasia	ordo	ORDO:2635	skos:broadMatch	ICD-10:Q77.8	ICD10:Q77.8	ordo.db	ProperSubClassOf	ORDO:2635	ICD10:Q77.8	0.9	INCLUDED	NA
Methylcobalamin_Deficiency_Type_cblE	ordo	ORDO:2169	skos:broadMatch	ICD-10:E72.1	ICD10:E72.1	ordo.db	ProperSubClassOf	ORDO:2169	ICD10:E72.1	0.9	INCLUDED	NA
Methylcobalamin_Deficiency_Type_cblG	ordo	ORDO:2170	skos:broadMatch	ICD-10:E72.1	ICD10:E72.1	ordo.db	ProperSubClassOf	ORDO:2170	ICD10:E72.1	0.9	INCLUDED	NA
Methylmalonate_Semialdehyde_Dehydrogenase_Deficiency	ordo	ORDO:289307	skos:broadMatch	ICD-10:E71.1	ICD10:E71.1	ordo.db	ProperSubClassOf	ORDO:289307	ICD10:E71.1	0.9	INCLUDED	NA
Methylmalonic_Acidemia_With_Homocystinuria_Type_cblJ	ordo	ORDO:369955	skos:broadMatch	ICD-10:E71.1	ICD10:E71.1	ordo.db	ProperSubClassOf	ORDO:369955	ICD10:E71.1	0.9	INCLUDED	NA
Methylmalonic_Aciduria_cblA_Type	ordo	ORDO:79310	skos:broadMatch	ICD-10:E71.1	ICD10:E71.1	ordo.db	ProperSubClassOf	ORDO:79310	ICD10:E71.1	0.9	INCLUDED	NA
Mevalonate_Kinase_Deficiency	ordo	ORDO:309025	skos:broadMatch	ICD-10:E88.8	ICD10:E88.8	ordo.db	ProperSubClassOf	ORDO:309025	ICD10:E88.8	0.9	INCLUDED	NA
Microcephalic_Osteodysplastic_Primordial_Dwarfism_Type_II	ordo	ORDO:2637	skos:broadMatch	ICD-10:Q87.1	ICD10:Q87.1	ordo.db	ProperSubClassOf	ORDO:2637	ICD10:Q87.1	0.9	INCLUDED	NA
Microcephaly-Capillary_Malformation_Syndrome	ordo	ORDO:294016	skos:broadMatch	ICD-10:Q87.8	ICD10:Q87.8	ordo.db	ProperSubClassOf	ORDO:294016	ICD10:Q87.8	0.9	INCLUDED	NA
Microcytic_Anemia_With_Liver_Iron_Overload	ordo	ORDO:83642	skos:broadMatch	ICD-10:D50.8	ICD10:D50.8	ordo.db	ProperSubClassOf	ORDO:83642	ICD10:D50.8	0.9	INCLUDED	NA
Microphthalmia_with_Coloboma	ordo	ORDO:98938	skos:broadMatch	ICD-10:Q11.2	ICD10:Q11.2	ordo.db	ProperSubClassOf	ORDO:98938	ICD10:Q11.2	0.9	INCLUDED	NA
Microvillus_Inclusion_Disease	ordo	ORDO:2290	skos:broadMatch	ICD-10:P78.3	ICD10:P78.3	ordo.db	ProperSubClassOf	ORDO:2290	ICD10:P78.3	0.9	INCLUDED	NA
Miller-Dieker_Lissencephaly_Syndrome	ordo	ORDO:531	skos:broadMatch	ICD-10:Q04.3	ICD10:Q04.3	ordo.db	ProperSubClassOf	ORDO:531	ICD10:Q04.3	0.9	INCLUDED	NA
Mitochondrial_Complex_II_Deficiency_Nuclear_Type_1	ordo	ORDO:3208	skos:broadMatch	ICD-10:G71.3	ICD10:G71.3	ordo.db	ProperSubClassOf	ORDO:3208	ICD10:G71.3	0.9	INCLUDED	NA
Mitochondrial_DNA_Depletion_Syndrome_7	ordo	ORDO:1186	skos:broadMatch	ICD-10:G11.1	ICD10:G11.1	ordo.db	ProperSubClassOf	ORDO:1186	ICD10:G11.1	0.9	INCLUDED	NA
Mitochondrial_Neurogastrointestinal_Encephalomyopathy	ordo	ORDO:298	skos:broadMatch	ICD-10:G71.3	ICD10:G71.3	ordo.db	ProperSubClassOf	ORDO:298	ICD10:G71.3	0.9	INCLUDED	NA
Mitochondrial_Trifunctional_Protein_Deficiency	ordo	ORDO:746	skos:broadMatch	ICD-10:G71.3	ICD10:G71.3	ordo.db	ProperSubClassOf	ORDO:746	ICD10:G71.3	0.9	INCLUDED	NA
Molybdenum_Cofactor_Deficiency_Type_A	ordo	ORDO:308386	skos:broadMatch	ICD-10:E72.1	ICD10:E72.1	ordo.db	ProperSubClassOf	ORDO:308386	ICD10:E72.1	0.9	INCLUDED	NA
Morquio_syndrome	ordo	ORDO:309297	skos:broadMatch	ICD-10:E76.2	ICD10:E76.2	ordo.db	ProperSubClassOf	ORDO:309297	ICD10:E76.2	0.9	INCLUDED	NA
Morquio_syndrome	ordo	ORDO:309310	skos:broadMatch	ICD-10:E76.2	ICD10:E76.2	ordo.db	ProperSubClassOf	ORDO:309310	ICD10:E76.2	0.9	INCLUDED	NA
Morquio_syndrome	ordo	ORDO:582	skos:broadMatch	ICD-10:E76.2	ICD10:E76.2	ordo.db	ProperSubClassOf	ORDO:582	ICD10:E76.2	0.9	INCLUDED	NA
Mosaic_Variegated_Aneuploidy_Syndrome	ordo	ORDO:1052	skos:broadMatch	ICD-10:Q99.8	ICD10:Q99.8	ordo.db	ProperSubClassOf	ORDO:1052	ICD10:Q99.8	0.9	INCLUDED	NA
Mowat-Wilson_syndrome	ordo	ORDO:2152	skos:broadMatch	ICD-10:Q43.1	ICD10:Q43.1	ordo.db	ProperSubClassOf	ORDO:2152	ICD10:Q43.1	0.9	INCLUDED	NA
Muckle-Wells_Syndrome	ordo	ORDO:575	skos:broadMatch	ICD-10:E85.0	ICD10:E85.0	ordo.db	ProperSubClassOf	ORDO:575	ICD10:E85.0	0.9	INCLUDED	NA
Mucolipidosis_Type_II	ordo	ORDO:576	skos:broadMatch	ICD-10:E77.0	ICD10:E77.0	ordo.db	ProperSubClassOf	ORDO:576	ICD10:E77.0	0.9	INCLUDED	NA
Mucolipidosis_Type_III_Alpha_Beta	ordo	ORDO:423461	skos:broadMatch	ICD-10:E77.0	ICD10:E77.0	ordo.db	ProperSubClassOf	ORDO:423461	ICD10:E77.0	0.9	INCLUDED	NA
Mucolipidosis_Type_III_Alpha_Beta	ordo	ORDO:577	skos:broadMatch	ICD-10:E77.0	ICD10:E77.0	ordo.db	ProperSubClassOf	ORDO:577	ICD10:E77.0	0.9	INCLUDED	NA
Mucolipidosis_Type_IV	ordo	ORDO:578	skos:broadMatch	ICD-10:E75.1	ICD10:E75.1	ordo.db	ProperSubClassOf	ORDO:578	ICD10:E75.1	0.9	INCLUDED	NA
Mucopolysaccharidosis-Plus_Syndrome	ordo	ORDO:505248	skos:broadMatch	ICD-10:Q87.8	ICD10:Q87.8	ordo.db	ProperSubClassOf	ORDO:505248	ICD10:Q87.8	0.9	INCLUDED	NA
Mucopolysaccharidosis_type_IX	ordo	ORDO:67041	skos:broadMatch	ICD-10:E76.2	ICD10:E76.2	ordo.db	ProperSubClassOf	ORDO:67041	ICD10:E76.2	0.9	INCLUDED	NA
Mucopolysaccharidosis_type_X	ordo	ORDO:662216	skos:broadMatch	ICD-10:E76.2	ICD10:E76.2	ordo.db	ProperSubClassOf	ORDO:662216	ICD10:E76.2	0.9	INCLUDED	NA
Muenke_Syndrome	ordo	ORDO:53271	skos:broadMatch	ICD-10:Q87.0	ICD10:Q87.0	ordo.db	ProperSubClassOf	ORDO:53271	ICD10:Q87.0	0.9	INCLUDED	NA
Muggenthaler-Chowdhury-Chioza_Syndrome	ordo	ORDO:508476	skos:broadMatch	ICD-10:Q87.8	ICD10:Q87.8	ordo.db	ProperSubClassOf	ORDO:508476	ICD10:Q87.8	0.9	INCLUDED	NA
Multiminicore_Disease	ordo	ORDO:598	skos:broadMatch	ICD-10:G71.2	ICD10:G71.2	ordo.db	ProperSubClassOf	ORDO:598	ICD10:G71.2	0.9	INCLUDED	NA
Multiple_Acyl-CoA_Dehydrogenase_Deficiency	ordo	ORDO:26791	skos:broadMatch	ICD-10:E71.3	ICD10:E71.3	ordo.db	ProperSubClassOf	ORDO:26791	ICD10:E71.3	0.9	INCLUDED	NA
Multiple_Congenital_Anomalies-Hypotonia-Seizures_Syndrome	ordo	ORDO:280633	skos:broadMatch	ICD-10:Q87.8	ICD10:Q87.8	ordo.db	ProperSubClassOf	ORDO:280633	ICD10:Q87.8	0.9	INCLUDED	NA
Multiple_Congenital_Anomalies-Hypotonia-Seizures_Syndrome	ordo	ORDO:300496	skos:broadMatch	ICD-10:Q87.8	ICD10:Q87.8	ordo.db	ProperSubClassOf	ORDO:300496	ICD10:Q87.8	0.9	INCLUDED	NA
Multiple_Congenital_Anomalies-Hypotonia-Seizures_Syndrome	ordo	ORDO:369837	skos:broadMatch	ICD-10:Q87.8	ICD10:Q87.8	ordo.db	ProperSubClassOf	ORDO:369837	ICD10:Q87.8	0.9	INCLUDED	NA
Multiple_Endocrine_Neoplasia_Type_1	ordo	ORDO:652	skos:broadMatch	ICD-10:D44.8	ICD10:D44.8	ordo.db	ProperSubClassOf	ORDO:652	ICD10:D44.8	0.9	INCLUDED	NA
Multiple_Epiphyseal_Dysplasia	ordo	ORDO:647676	skos:broadMatch	ICD-10:Q77.3	ICD10:Q77.3	ordo.db	ProperSubClassOf	ORDO:647676	ICD10:Q77.3	0.9	INCLUDED	NA
Multiple_Epiphyseal_Dysplasia	ordo	ORDO:93307	skos:broadMatch	ICD-10:Q77.3	ICD10:Q77.3	ordo.db	ProperSubClassOf	ORDO:93307	ICD10:Q77.3	0.9	INCLUDED	NA
Multiple_Epiphyseal_Dysplasia	ordo	ORDO:93308	skos:broadMatch	ICD-10:Q77.3	ICD10:Q77.3	ordo.db	ProperSubClassOf	ORDO:93308	ICD10:Q77.3	0.9	INCLUDED	NA
Multiple_Epiphyseal_Dysplasia	ordo	ORDO:93311	skos:broadMatch	ICD-10:Q77.3	ICD10:Q77.3	ordo.db	ProperSubClassOf	ORDO:93311	ICD10:Q77.3	0.9	INCLUDED	NA
Multiple_Epiphyseal_Dysplasia_Al-Gazali_Type	ordo	ORDO:166024	skos:broadMatch	ICD-10:Q77.3	ICD10:Q77.3	ordo.db	ProperSubClassOf	ORDO:166024	ICD10:Q77.3	0.9	INCLUDED	NA
Multiple_Synostoses_Syndrome	ordo	ORDO:3237	skos:broadMatch	ICD-10:Q78.8	ICD10:Q78.8	ordo.db	ProperSubClassOf	ORDO:3237	ICD10:Q78.8	0.9	INCLUDED	NA
Multisystemic_Smooth_Muscle_Dysfunction_Syndrome	ordo	ORDO:404463	skos:broadMatch	ICD-10:I73.8	ICD10:I73.8	ordo.db	ProperSubClassOf	ORDO:404463	ICD10:I73.8	0.9	INCLUDED	NA
Muscular_Dystrophy_Limb-girdle_Autosomal_Recessive_28	ordo	ORDO:653725	skos:broadMatch	ICD-10:G71.0	ICD10:G71.0	ordo.db	ProperSubClassOf	ORDO:653725	ICD10:G71.0	0.9	INCLUDED	NA
Musculocontractural_Ehlers-Danlos_Syndrome	ordo	ORDO:2953	skos:broadMatch	ICD-10:Q79.6	ICD10:Q79.6	ordo.db	ProperSubClassOf	ORDO:2953	ICD10:Q79.6	0.9	INCLUDED	NA
Myhre_Syndrome	ordo	ORDO:2588	skos:broadMatch	ICD-10:Q87.8	ICD10:Q87.8	ordo.db	ProperSubClassOf	ORDO:2588	ICD10:Q87.8	0.9	INCLUDED	NA
Myofibrillar_Myopathy	ordo	ORDO:171445	skos:broadMatch	ICD-10:G71.8	ICD10:G71.8	ordo.db	ProperSubClassOf	ORDO:171445	ICD10:G71.8	0.9	INCLUDED	NA
Myofibrillar_Myopathy	ordo	ORDO:199340	skos:broadMatch	ICD-10:G71.8	ICD10:G71.8	ordo.db	ProperSubClassOf	ORDO:199340	ICD10:G71.8	0.9	INCLUDED	NA
Myofibrillar_Myopathy	ordo	ORDO:268129	skos:broadMatch	ICD-10:G71.8	ICD10:G71.8	ordo.db	ProperSubClassOf	ORDO:268129	ICD10:G71.8	0.9	INCLUDED	NA
Myofibrillar_Myopathy	ordo	ORDO:399058	skos:broadMatch	ICD-10:G71.0	ICD10:G71.0	ordo.db	ProperSubClassOf	ORDO:399058	ICD10:G71.0	0.9	INCLUDED	NA
Myofibrillar_Myopathy	ordo	ORDO:98909	skos:broadMatch	ICD-10:G71.8	ICD10:G71.8	ordo.db	ProperSubClassOf	ORDO:98909	ICD10:G71.8	0.9	INCLUDED	NA
Myofibrillar_Myopathy	ordo	ORDO:98911	skos:broadMatch	ICD-10:G71.8	ICD10:G71.8	ordo.db	ProperSubClassOf	ORDO:98911	ICD10:G71.8	0.9	INCLUDED	NA
Myofibrillar_Myopathy	ordo	ORDO:98912	skos:broadMatch	ICD-10:G71.8	ICD10:G71.8	ordo.db	ProperSubClassOf	ORDO:98912	ICD10:G71.8	0.9	INCLUDED	NA
Myopathy_Lactic_Acidosis_and_Sideroblastic_Anemia	ordo	ORDO:2598	skos:broadMatch	ICD-10:G71.3	ICD10:G71.3	ordo.db	ProperSubClassOf	ORDO:2598	ICD10:G71.3	0.9	INCLUDED	NA
Myotonic_Dystrophy_Type_1	ordo	ORDO:273	skos:broadMatch	ICD-10:G71.1	ICD10:G71.1	ordo.db	ProperSubClassOf	ORDO:273	ICD10:G71.1	0.9	INCLUDED	NA
N-Acetylglutamate_Synthase_Deficiency	ordo	ORDO:927	skos:broadMatch	ICD-10:E72.2	ICD10:E72.2	ordo.db	ProperSubClassOf	ORDO:927	ICD10:E72.2	0.9	INCLUDED	NA
NAD_P_HX_Dehydratase_Deficiency	ordo	ORDO:555402	skos:broadMatch	ICD-10:E88.8	ICD10:E88.8	ordo.db	ProperSubClassOf	ORDO:555402	ICD10:E88.8	0.9	INCLUDED	NA
NAGA_Deficiency_Type_3	ordo	ORDO:79281	skos:broadMatch	ICD-10:E77.1	ICD10:E77.1	ordo.db	ProperSubClassOf	ORDO:79281	ICD10:E77.1	0.9	INCLUDED	NA
NARP_syndrome	ordo	ORDO:644	skos:broadMatch	ICD-10:E88.8	ICD10:E88.8	ordo.db	ProperSubClassOf	ORDO:644	ICD10:E88.8	0.9	INCLUDED	NA
NDP_Related_Vitreoretinopathy	ordo	ORDO:649	skos:broadMatch	ICD-10:H35.5	ICD10:H35.5	ordo.db	ProperSubClassOf	ORDO:649	ICD10:H35.5	0.9	INCLUDED	NA
NELABA	ordo	ORDO:447795	skos:broadMatch	ICD-10:E88.8	ICD10:E88.8	ordo.db	ProperSubClassOf	ORDO:447795	ICD10:E88.8	0.9	INCLUDED	NA
NGLY1-congenital_disorder_of_deglycosylation	ordo	ORDO:404454	skos:broadMatch	ICD-10:E77.8	ICD10:E77.8	ordo.db	ProperSubClassOf	ORDO:404454	ICD10:E77.8	0.9	INCLUDED	NA
Nail-patella_Syndrome	ordo	ORDO:2614	skos:broadMatch	ICD-10:Q87.2	ICD10:Q87.2	ordo.db	ProperSubClassOf	ORDO:2614	ICD10:Q87.2	0.9	INCLUDED	NA
Nasu-Hakola_Disease	ordo	ORDO:2770	skos:broadMatch	ICD-10:G31.8	ICD10:G31.8	ordo.db	ProperSubClassOf	ORDO:2770	ICD10:G31.8	0.9	INCLUDED	NA
Naxos_disease	ordo	ORDO:34217	skos:broadMatch	ICD-10:Q87.8	ICD10:Q87.8	ordo.db	ProperSubClassOf	ORDO:34217	ICD10:Q87.8	0.9	INCLUDED	NA
Nemaline_Myopathy	ordo	ORDO:171430	skos:broadMatch	ICD-10:G71.2	ICD10:G71.2	ordo.db	ProperSubClassOf	ORDO:171430	ICD10:G71.2	0.9	INCLUDED	NA
Nemaline_Myopathy	ordo	ORDO:171436	skos:broadMatch	ICD-10:G71.2	ICD10:G71.2	ordo.db	ProperSubClassOf	ORDO:171436	ICD10:G71.2	0.9	INCLUDED	NA
Nemaline_Myopathy	ordo	ORDO:171439	skos:broadMatch	ICD-10:G71.2	ICD10:G71.2	ordo.db	ProperSubClassOf	ORDO:171439	ICD10:G71.2	0.9	INCLUDED	NA
Nemaline_Myopathy	ordo	ORDO:171442	skos:broadMatch	ICD-10:G71.2	ICD10:G71.2	ordo.db	ProperSubClassOf	ORDO:171442	ICD10:G71.2	0.9	INCLUDED	NA
Neonatal_Epileptic_Encephalopathy_Due_to_Glutaminase_Deficiency	ordo	ORDO:557064	skos:broadMatch	ICD-10:E88.8	ICD10:E88.8	ordo.db	ProperSubClassOf	ORDO:557064	ICD10:E88.8	0.9	INCLUDED	NA
Nestor-Guillermo_progeria_syndrome	ordo	ORDO:280576	skos:broadMatch	ICD-10:E34.8	ICD10:E34.8	ordo.db	ProperSubClassOf	ORDO:280576	ICD10:E34.8	0.9	INCLUDED	NA
Netherton_Syndrome	ordo	ORDO:634	skos:broadMatch	ICD-10:Q80.8	ICD10:Q80.8	ordo.db	ProperSubClassOf	ORDO:634	ICD10:Q80.8	0.9	INCLUDED	NA
Neurodevelopmental_Disorder_with_Hearing_Loss_and_Spasticity	ordo	ORDO:659975	skos:broadMatch	ICD-10:H91.8	ICD10:H91.8	ordo.db	ProperSubClassOf	ORDO:659975	ICD10:H91.8	0.9	INCLUDED	NA
Neurodevelopmental_Disorder_with_Severe_Motor_Impairment_and_Absent_Language	ordo	ORDO:647788	skos:broadMatch	ICD-10:G11.8	ICD10:G11.8	ordo.db	ProperSubClassOf	ORDO:647788	ICD10:G11.8	0.9	INCLUDED	NA
Neurodevelopmental_Disorder_with_or_without_Anomalies_of_the_Brain_Eye_or_Heart	ordo	ORDO:494344	skos:broadMatch	ICD-10:Q87.8	ICD10:Q87.8	ordo.db	ProperSubClassOf	ORDO:494344	ICD10:Q87.8	0.9	INCLUDED	NA
Neuronal_Intranuclear_Inclusion_Disease	ordo	ORDO:2289	skos:broadMatch	ICD-10:G31.0	ICD10:G31.0	ordo.db	ProperSubClassOf	ORDO:2289	ICD10:G31.0	0.9	INCLUDED	NA
Neutral_Lipid_Storage_Myopathy	ordo	ORDO:98908	skos:broadMatch	ICD-10:E75.5	ICD10:E75.5	ordo.db	ProperSubClassOf	ORDO:98908	ICD10:E75.5	0.9	INCLUDED	NA
Neutrophil_Immunodeficiency_Syndrome	ordo	ORDO:183707	skos:broadMatch	ICD-10:D71	ICD10:D71	ordo.db	ProperSubClassOf	ORDO:183707	ICD10:D71	0.9	INCLUDED	NA
Nicolaides-Baraitser_Syndrome	ordo	ORDO:3051	skos:broadMatch	ICD-10:Q87.1	ICD10:Q87.1	ordo.db	ProperSubClassOf	ORDO:3051	ICD10:Q87.1	0.9	INCLUDED	NA
Niemann-Pick_Disease_Type_A	ordo	ORDO:77292	skos:broadMatch	ICD-10:E75.2	ICD10:E75.2	ordo.db	ProperSubClassOf	ORDO:77292	ICD10:E75.2	0.9	INCLUDED	NA
Niemann-Pick_Disease_Type_B	ordo	ORDO:77293	skos:broadMatch	ICD-10:E75.2	ICD10:E75.2	ordo.db	ProperSubClassOf	ORDO:77293	ICD10:E75.2	0.9	INCLUDED	NA
Nijmegen_Breakage_Syndrome-like_Disorder	ordo	ORDO:240760	skos:broadMatch	ICD-10:Q87.8	ICD10:Q87.8	ordo.db	ProperSubClassOf	ORDO:240760	ICD10:Q87.8	0.9	INCLUDED	NA
Nijmegen_breakage_syndrome	ordo	ORDO:647	skos:broadMatch	ICD-10:Q87.8	ICD10:Q87.8	ordo.db	ProperSubClassOf	ORDO:647	ICD10:Q87.8	0.9	INCLUDED	NA
Nonketotic_Hyperglycinemia	ordo	ORDO:407	skos:broadMatch	ICD-10:E72.5	ICD10:E72.5	ordo.db	ProperSubClassOf	ORDO:407	ICD10:E72.5	0.9	INCLUDED	NA
North_Carolina_Macular_Dystrophy	ordo	ORDO:75327	skos:broadMatch	ICD-10:H35.5	ICD10:H35.5	ordo.db	ProperSubClassOf	ORDO:75327	ICD10:H35.5	0.9	INCLUDED	NA
Northern_Epilepsy	ordo	ORDO:1947	skos:broadMatch	ICD-10:E75.4	ICD10:E75.4	ordo.db	ProperSubClassOf	ORDO:1947	ICD10:E75.4	0.9	INCLUDED	NA
Northern_Epilepsy	ordo	ORDO:530298	skos:broadMatch	ICD-10:G31.8	ICD10:G31.8	ordo.db	ProperSubClassOf	ORDO:530298	ICD10:G31.8	0.9	INCLUDED	NA
ORAI1_Deficiency	ordo	ORDO:317428	skos:broadMatch	ICD-10:D81.8	ICD10:D81.8	ordo.db	ProperSubClassOf	ORDO:317428	ICD10:D81.8	0.9	INCLUDED	NA
OTUD6B-Related_Neurodevelopmental_Disorder	ordo	ORDO:505237	skos:broadMatch	ICD-10:Q87.8	ICD10:Q87.8	ordo.db	ProperSubClassOf	ORDO:505237	ICD10:Q87.8	0.9	INCLUDED	NA
Ochoa_Syndrome	ordo	ORDO:2704	skos:broadMatch	ICD-10:N31.8	ICD10:N31.8	ordo.db	ProperSubClassOf	ORDO:2704	ICD10:N31.8	0.9	INCLUDED	NA
Oculocerebrodental_Syndrome	ordo	ORDO:557003	skos:broadMatch	ICD-10:Q87.8	ICD10:Q87.8	ordo.db	ProperSubClassOf	ORDO:557003	ICD10:Q87.8	0.9	INCLUDED	NA
Oculocutaneous_Albinism	ordo	ORDO:352745	skos:broadMatch	ICD-10:E70.3	ICD10:E70.3	ordo.db	ProperSubClassOf	ORDO:352745	ICD10:E70.3	0.9	INCLUDED	NA
Oculocutaneous_Albinism	ordo	ORDO:370091	skos:broadMatch	ICD-10:E70.3	ICD10:E70.3	ordo.db	ProperSubClassOf	ORDO:370091	ICD10:E70.3	0.9	INCLUDED	NA
Oculocutaneous_Albinism	ordo	ORDO:370097	skos:broadMatch	ICD-10:E70.3	ICD10:E70.3	ordo.db	ProperSubClassOf	ORDO:370097	ICD10:E70.3	0.9	INCLUDED	NA
Oculocutaneous_Albinism	ordo	ORDO:597733	skos:broadMatch	ICD-10:E70.3	ICD10:E70.3	ordo.db	ProperSubClassOf	ORDO:597733	ICD10:E70.3	0.9	INCLUDED	NA
Oculocutaneous_Albinism	ordo	ORDO:79431	skos:broadMatch	ICD-10:E70.3	ICD10:E70.3	ordo.db	ProperSubClassOf	ORDO:79431	ICD10:E70.3	0.9	INCLUDED	NA
Oculocutaneous_Albinism	ordo	ORDO:79432	skos:broadMatch	ICD-10:E70.3	ICD10:E70.3	ordo.db	ProperSubClassOf	ORDO:79432	ICD10:E70.3	0.9	INCLUDED	NA
Oculocutaneous_Albinism	ordo	ORDO:79433	skos:broadMatch	ICD-10:E70.3	ICD10:E70.3	ordo.db	ProperSubClassOf	ORDO:79433	ICD10:E70.3	0.9	INCLUDED	NA
Oculocutaneous_Albinism	ordo	ORDO:79434	skos:broadMatch	ICD-10:E70.3	ICD10:E70.3	ordo.db	ProperSubClassOf	ORDO:79434	ICD10:E70.3	0.9	INCLUDED	NA
Oculocutaneous_Albinism	ordo	ORDO:79435	skos:broadMatch	ICD-10:E70.3	ICD10:E70.3	ordo.db	ProperSubClassOf	ORDO:79435	ICD10:E70.3	0.9	INCLUDED	NA
Oculodentodigital_Dysplasia	ordo	ORDO:2710	skos:broadMatch	ICD-10:Q87.8	ICD10:Q87.8	ordo.db	ProperSubClassOf	ORDO:2710	ICD10:Q87.8	0.9	INCLUDED	NA
Oculofaciocardiodental_Syndrome	ordo	ORDO:2712	skos:broadMatch	ICD-10:Q87.8	ICD10:Q87.8	ordo.db	ProperSubClassOf	ORDO:2712	ICD10:Q87.8	0.9	INCLUDED	NA
Oculogastrointestinal-Neurodevelopmental_Syndrome	ordo	ORDO:611201	skos:broadMatch	ICD-10:Q87.8	ICD10:Q87.8	ordo.db	ProperSubClassOf	ORDO:611201	ICD10:Q87.8	0.9	INCLUDED	NA
Oculopharyngodistal_Myopathy	ordo	ORDO:98897	skos:broadMatch	ICD-10:G71.0	ICD10:G71.0	ordo.db	ProperSubClassOf	ORDO:98897	ICD10:G71.0	0.9	INCLUDED	NA
Odonto-Onycho-Dermal_Dysplasia	ordo	ORDO:2721	skos:broadMatch	ICD-10:Q82.4	ICD10:Q82.4	ordo.db	ProperSubClassOf	ORDO:2721	ICD10:Q82.4	0.9	INCLUDED	NA
Odonto-Onycho-Dermal_Dysplasia	ordo	ORDO:50944	skos:broadMatch	ICD-10:Q82.8	ICD10:Q82.8	ordo.db	ProperSubClassOf	ORDO:50944	ICD10:Q82.8	0.9	INCLUDED	NA
Odontochondrodysplasia	ordo	ORDO:166272	skos:broadMatch	ICD-10:Q78.8	ICD10:Q78.8	ordo.db	ProperSubClassOf	ORDO:166272	ICD10:Q78.8	0.9	INCLUDED	NA
Ogden_syndrome	ordo	ORDO:276432	skos:broadMatch	ICD-10:E34.8	ICD10:E34.8	ordo.db	ProperSubClassOf	ORDO:276432	ICD10:E34.8	0.9	INCLUDED	NA
Omodysplasia	ordo	ORDO:2733	skos:broadMatch	ICD-10:Q78.8	ICD10:Q78.8	ordo.db	ProperSubClassOf	ORDO:2733	ICD10:Q78.8	0.9	INCLUDED	NA
Omodysplasia	ordo	ORDO:93328	skos:broadMatch	ICD-10:Q78.8	ICD10:Q78.8	ordo.db	ProperSubClassOf	ORDO:93328	ICD10:Q78.8	0.9	INCLUDED	NA
Omodysplasia	ordo	ORDO:93329	skos:broadMatch	ICD-10:Q78.8	ICD10:Q78.8	ordo.db	ProperSubClassOf	ORDO:93329	ICD10:Q78.8	0.9	INCLUDED	NA
Opitz_GBBB_Syndrome	ordo	ORDO:2745	skos:broadMatch	ICD-10:Q87.8	ICD10:Q87.8	ordo.db	ProperSubClassOf	ORDO:2745	ICD10:Q87.8	0.9	INCLUDED	NA
Opsismodysplasia	ordo	ORDO:2746	skos:broadMatch	ICD-10:Q78.8	ICD10:Q78.8	ordo.db	ProperSubClassOf	ORDO:2746	ICD10:Q78.8	0.9	INCLUDED	NA
Optic_Atrophy_3	ordo	ORDO:67036	skos:broadMatch	ICD-10:H47.2	ICD10:H47.2	ordo.db	ProperSubClassOf	ORDO:67036	ICD10:H47.2	0.9	INCLUDED	NA
Ornithine_Carbamoyltransferase_Deficiency	ordo	ORDO:664	skos:broadMatch	ICD-10:E72.4	ICD10:E72.4	ordo.db	ProperSubClassOf	ORDO:664	ICD10:E72.4	0.9	INCLUDED	NA
Orofaciodigital_Syndrome	ordo	ORDO:141000	skos:broadMatch	ICD-10:Q87.0	ICD10:Q87.0	ordo.db	ProperSubClassOf	ORDO:141000	ICD10:Q87.0	0.9	INCLUDED	NA
Orofaciodigital_Syndrome	ordo	ORDO:141007	skos:broadMatch	ICD-10:Q87.0	ICD10:Q87.0	ordo.db	ProperSubClassOf	ORDO:141007	ICD10:Q87.0	0.9	INCLUDED	NA
Orofaciodigital_Syndrome	ordo	ORDO:2750	skos:broadMatch	ICD-10:Q87.0	ICD10:Q87.0	ordo.db	ProperSubClassOf	ORDO:2750	ICD10:Q87.0	0.9	INCLUDED	NA
Orofaciodigital_Syndrome	ordo	ORDO:2751	skos:broadMatch	ICD-10:Q87.0	ICD10:Q87.0	ordo.db	ProperSubClassOf	ORDO:2751	ICD10:Q87.0	0.9	INCLUDED	NA
Orofaciodigital_Syndrome	ordo	ORDO:2753	skos:broadMatch	ICD-10:Q87.0	ICD10:Q87.0	ordo.db	ProperSubClassOf	ORDO:2753	ICD10:Q87.0	0.9	INCLUDED	NA
Orofaciodigital_Syndrome	ordo	ORDO:2754	skos:broadMatch	ICD-10:Q04.3	ICD10:Q04.3	ordo.db	ProperSubClassOf	ORDO:2754	ICD10:Q04.3	0.9	INCLUDED	NA
Orofaciodigital_Syndrome	ordo	ORDO:2755	skos:broadMatch	ICD-10:Q87.0	ICD10:Q87.0	ordo.db	ProperSubClassOf	ORDO:2755	ICD10:Q87.0	0.9	INCLUDED	NA
Orofaciodigital_Syndrome	ordo	ORDO:2919	skos:broadMatch	ICD-10:Q87.0	ICD10:Q87.0	ordo.db	ProperSubClassOf	ORDO:2919	ICD10:Q87.0	0.9	INCLUDED	NA
Orofaciodigital_Syndrome	ordo	ORDO:434179	skos:broadMatch	ICD-10:Q87.0	ICD10:Q87.0	ordo.db	ProperSubClassOf	ORDO:434179	ICD10:Q87.0	0.9	INCLUDED	NA
Orofaciodigital_Syndrome	ordo	ORDO:508501	skos:broadMatch	ICD-10:Q87.0	ICD10:Q87.0	ordo.db	ProperSubClassOf	ORDO:508501	ICD10:Q87.0	0.9	INCLUDED	NA
Orofaciodigital_Syndrome_Type_I	ordo	ORDO:2750	skos:broadMatch	ICD-10:Q87.0	ICD10:Q87.0	ordo.db	ProperSubClassOf	ORDO:2750	ICD10:Q87.0	0.9	INCLUDED	NA
Osteogenesis_Imperfecta_Type_I	ordo	ORDO:216796	skos:broadMatch	ICD-10:Q78.0	ICD10:Q78.0	ordo.db	ProperSubClassOf	ORDO:216796	ICD10:Q78.0	0.9	INCLUDED	NA
Osteogenesis_Imperfecta_Type_II	ordo	ORDO:216804	skos:broadMatch	ICD-10:Q78.0	ICD10:Q78.0	ordo.db	ProperSubClassOf	ORDO:216804	ICD10:Q78.0	0.9	INCLUDED	NA
Osteogenesis_Imperfecta_Type_III	ordo	ORDO:216812	skos:broadMatch	ICD-10:Q78.0	ICD10:Q78.0	ordo.db	ProperSubClassOf	ORDO:216812	ICD10:Q78.0	0.9	INCLUDED	NA
Osteogenesis_Imperfecta_Type_IV	ordo	ORDO:216820	skos:broadMatch	ICD-10:Q78.0	ICD10:Q78.0	ordo.db	ProperSubClassOf	ORDO:216820	ICD10:Q78.0	0.9	INCLUDED	NA
Osteogenesis_Imperfecta_Type_V	ordo	ORDO:216828	skos:broadMatch	ICD-10:Q78.0	ICD10:Q78.0	ordo.db	ProperSubClassOf	ORDO:216828	ICD10:Q78.0	0.9	INCLUDED	NA
Osteoglophonic_Dysplasia	ordo	ORDO:2645	skos:broadMatch	ICD-10:Q87.1	ICD10:Q87.1	ordo.db	ProperSubClassOf	ORDO:2645	ICD10:Q87.1	0.9	INCLUDED	NA
Osteopetrosis	ordo	ORDO:2781	skos:exactMatch	ICD-10:Q78.2	ICD10:Q78.2	ordo.db	EquivalentTo	ORDO:2781	ICD10:Q78.2	0.95	INCLUDED	NA
PAICS_Deficiency	ordo	ORDO:633099	skos:broadMatch	ICD-10:E79.8	ICD10:E79.8	ordo.db	ProperSubClassOf	ORDO:633099	ICD10:E79.8	0.9	INCLUDED	NA
PCDH19_Clustering_Epilepsy	ordo	ORDO:101039	skos:broadMatch	ICD-10:G40.8	ICD10:G40.8	ordo.db	ProperSubClassOf	ORDO:101039	ICD10:G40.8	0.9	INCLUDED	NA
PCWH_syndrome	ordo	ORDO:163746	skos:broadMatch	ICD-10:E75.2	ICD10:E75.2	ordo.db	ProperSubClassOf	ORDO:163746	ICD10:E75.2	0.9	INCLUDED	NA
PGM1-Congenital_Disorder_of_Glycosylation	ordo	ORDO:319646	skos:broadMatch	ICD-10:E77.8	ICD10:E77.8	ordo.db	ProperSubClassOf	ORDO:319646	ICD10:E77.8	0.9	INCLUDED	NA
PHARC_syndrome	ordo	ORDO:171848	skos:broadMatch	ICD-10:G60.1	ICD10:G60.1	ordo.db	ProperSubClassOf	ORDO:171848	ICD10:G60.1	0.9	INCLUDED	NA
PNPO_Deficiency	ordo	ORDO:79096	skos:broadMatch	ICD-10:G40.8	ICD10:G40.8	ordo.db	ProperSubClassOf	ORDO:79096	ICD10:G40.8	0.9	INCLUDED	NA
POLR-Related_Leukodystrophy	ordo	ORDO:289494	skos:broadMatch	ICD-10:G37.8	ICD10:G37.8	ordo.db	ProperSubClassOf	ORDO:289494	ICD10:G37.8	0.9	INCLUDED	NA
POLR-Related_Leukodystrophy	ordo	ORDO:85186	skos:broadMatch	ICD-10:Q87.8	ICD10:Q87.8	ordo.db	ProperSubClassOf	ORDO:85186	ICD10:Q87.8	0.9	INCLUDED	NA
PRKAG2_Cardiac_Syndrome	ordo	ORDO:439854	skos:broadMatch	ICD-10:E74.0	ICD10:E74.0	ordo.db	ProperSubClassOf	ORDO:439854	ICD10:E74.0	0.9	INCLUDED	NA
PRMT7-Related_Short_Stature-Brachydactyly_Syndrome	ordo	ORDO:464288	skos:broadMatch	ICD-10:Q87.8	ICD10:Q87.8	ordo.db	ProperSubClassOf	ORDO:464288	ICD10:Q87.8	0.9	INCLUDED	NA
PRR12-Related_Neuroocular_Syndrome	ordo	ORDO:659904	skos:broadMatch	ICD-10:Q87.8	ICD10:Q87.8	ordo.db	ProperSubClassOf	ORDO:659904	ICD10:Q87.8	0.9	INCLUDED	NA
PTEN_Hamartoma_Tumor_Syndrome	ordo	ORDO:109	skos:broadMatch	ICD-10:Q87.8	ICD10:Q87.8	ordo.db	ProperSubClassOf	ORDO:109	ICD10:Q87.8	0.9	INCLUDED	NA
PTEN_Hamartoma_Tumor_Syndrome	ordo	ORDO:137608	skos:broadMatch	ICD-10:Q87.3	ICD10:Q87.3	ordo.db	ProperSubClassOf	ORDO:137608	ICD10:Q87.3	0.9	INCLUDED	NA
PTEN_Hamartoma_Tumor_Syndrome	ordo	ORDO:201	skos:broadMatch	ICD-10:Q85.8	ICD10:Q85.8	ordo.db	ProperSubClassOf	ORDO:201	ICD10:Q85.8	0.9	INCLUDED	NA
PTEN_Hamartoma_Tumor_Syndrome	ordo	ORDO:2969	skos:broadMatch	ICD-10:Q87.3	ICD10:Q87.3	ordo.db	ProperSubClassOf	ORDO:2969	ICD10:Q87.3	0.9	INCLUDED	NA
PTEN_Hamartoma_Tumor_Syndrome	ordo	ORDO:306498	skos:broadMatch	ICD-10:Q85.8	ICD10:Q85.8	ordo.db	ProperSubClassOf	ORDO:306498	ICD10:Q85.8	0.9	INCLUDED	NA
PTEN_Hamartoma_Tumor_Syndrome	ordo	ORDO:65285	skos:broadMatch	ICD-10:Q04.8	ICD10:Q04.8	ordo.db	ProperSubClassOf	ORDO:65285	ICD10:Q04.8	0.9	INCLUDED	NA
PUS3-Related_Neurodevelopmental_Disorder	ordo	ORDO:488627	skos:broadMatch	ICD-10:Q87.8	ICD10:Q87.8	ordo.db	ProperSubClassOf	ORDO:488627	ICD10:Q87.8	0.9	INCLUDED	NA
Pachyonychia_Congenita	ordo	ORDO:2309	skos:broadMatch	ICD-10:Q84.5	ICD10:Q84.5	ordo.db	ProperSubClassOf	ORDO:2309	ICD10:Q84.5	0.9	INCLUDED	NA
Pallister-Hall_Syndrome	ordo	ORDO:672	skos:broadMatch	ICD-10:Q87.8	ICD10:Q87.8	ordo.db	ProperSubClassOf	ORDO:672	ICD10:Q87.8	0.9	INCLUDED	NA
Pancreatic_Agenesis	ordo	ORDO:2805	skos:broadMatch	ICD-10:Q45.0	ICD10:Q45.0	ordo.db	ProperSubClassOf	ORDO:2805	ICD10:Q45.0	0.9	INCLUDED	NA
Pancytopenia-Developmental_Delay_Syndrome	ordo	ORDO:401764	skos:broadMatch	ICD-10:D61.0	ICD10:D61.0	ordo.db	ProperSubClassOf	ORDO:401764	ICD10:D61.0	0.9	INCLUDED	NA
Pantothenate_Kinase-Associated_Neurodegeneration	ordo	ORDO:157850	skos:exactMatch	ICD-10:G23.0	ICD10:G23.0	ordo.db	EquivalentTo	ORDO:157850	ICD10:G23.0	0.95	INCLUDED	NA
Paroxysmal_Dyskinesia	ordo	ORDO:31709	skos:broadMatch	ICD-10:G40.4	ICD10:G40.4	ordo.db	ProperSubClassOf	ORDO:31709	ICD10:G40.4	0.9	INCLUDED	NA
Paroxysmal_Dyskinesia	ordo	ORDO:324588	skos:broadMatch	ICD-10:G51.4	ICD10:G51.4	ordo.db	ProperSubClassOf	ORDO:324588	ICD10:G51.4	0.9	INCLUDED	NA
Paroxysmal_Dyskinesia	ordo	ORDO:79137	skos:broadMatch	ICD-10:G40.3	ICD10:G40.3	ordo.db	ProperSubClassOf	ORDO:79137	ICD10:G40.3	0.9	INCLUDED	NA
Paroxysmal_Dyskinesia	ordo	ORDO:98809	skos:broadMatch	ICD-10:G24.8	ICD10:G24.8	ordo.db	ProperSubClassOf	ORDO:98809	ICD10:G24.8	0.9	INCLUDED	NA
Paroxysmal_Dyskinesia	ordo	ORDO:98810	skos:broadMatch	ICD-10:G24.8	ICD10:G24.8	ordo.db	ProperSubClassOf	ORDO:98810	ICD10:G24.8	0.9	INCLUDED	NA
Paroxysmal_Dyskinesia	ordo	ORDO:98811	skos:broadMatch	ICD-10:G24.8	ICD10:G24.8	ordo.db	ProperSubClassOf	ORDO:98811	ICD10:G24.8	0.9	INCLUDED	NA
Paroxysmal_Extreme_Pain_Disorder	ordo	ORDO:46348	skos:broadMatch	ICD-10:G90.8	ICD10:G90.8	ordo.db	ProperSubClassOf	ORDO:46348	ICD10:G90.8	0.9	INCLUDED	NA
Patent_Ductus_Arteriosus_3	dismech	dismech:Patent_Ductus_Arteriosus_3	skos:broadMatch	ICD10CM:Q25.0	ICD10CM:Q25.0	UNSPECIFIED	NA	NA	NA	NA	REVIEW	ICD10CM provenance unspecified
Pearson_Syndrome	ordo	ORDO:699	skos:broadMatch	ICD-10:D64.0	ICD10:D64.0	ordo.db	ProperSubClassOf	ORDO:699	ICD10:D64.0	0.9	INCLUDED	NA
Pendred_Syndrome	ordo	ORDO:705	skos:broadMatch	ICD-10:E07.1	ICD10:E07.1	ordo.db	ProperSubClassOf	ORDO:705	ICD10:E07.1	0.9	INCLUDED	NA
Pentanucleotide_Repeat_Familial_Adult_Myoclonus_Epilepsy	ordo	ORDO:86814	skos:broadMatch	ICD-10:G40.3	ICD10:G40.3	ordo.db	ProperSubClassOf	ORDO:86814	ICD10:G40.3	0.9	INCLUDED	NA
Periodic_Fever_Immunodeficiency_and_Thrombocytopenia_Syndrome	ordo	ORDO:652522	skos:broadMatch	ICD-10:D84.8	ICD10:D84.8	ordo.db	ProperSubClassOf	ORDO:652522	ICD10:D84.8	0.9	INCLUDED	NA
Peroxisome_Biogenesis_Disorder_4B	ordo	ORDO:95433	skos:broadMatch	ICD-10:G11.1	ICD10:G11.1	ordo.db	ProperSubClassOf	ORDO:95433	ICD10:G11.1	0.9	INCLUDED	NA
Perrault_Syndrome	ordo	ORDO:2855	skos:broadMatch	ICD-10:Q87.8	ICD10:Q87.8	ordo.db	ProperSubClassOf	ORDO:2855	ICD10:Q87.8	0.9	INCLUDED	NA
Peters_Plus_Syndrome	ordo	ORDO:709	skos:broadMatch	ICD-10:Q13.8	ICD10:Q13.8	ordo.db	ProperSubClassOf	ORDO:709	ICD10:Q13.8	0.9	INCLUDED	NA
Pfeiffer_Syndrome	ordo	ORDO:710	skos:broadMatch	ICD-10:Q87.0	ICD10:Q87.0	ordo.db	ProperSubClassOf	ORDO:710	ICD10:Q87.0	0.9	INCLUDED	NA
Phelan-McDermid_Syndrome	ordo	ORDO:48652	skos:broadMatch	ICD-10:Q93.5	ICD10:Q93.5	ordo.db	ProperSubClassOf	ORDO:48652	ICD10:Q93.5	0.9	INCLUDED	NA
Pilarowski-Bjornsson_syndrome	ordo	ORDO:529965	skos:broadMatch	ICD-10:Q87.0	ICD10:Q87.0	ordo.db	ProperSubClassOf	ORDO:529965	ICD10:Q87.0	0.9	INCLUDED	NA
Pitt-Hopkins_Syndrome	ordo	ORDO:2896	skos:broadMatch	ICD-10:Q87.0	ICD10:Q87.0	ordo.db	ProperSubClassOf	ORDO:2896	ICD10:Q87.0	0.9	INCLUDED	NA
Platelet-type_Bleeding_Disorder_18	ordo	ORDO:420566	skos:broadMatch	ICD-10:D69.1	ICD10:D69.1	ordo.db	ProperSubClassOf	ORDO:420566	ICD10:D69.1	0.9	INCLUDED	NA
Platelet-type_Bleeding_Disorder_19	ordo	ORDO:438207	skos:broadMatch	ICD-10:D69.1	ICD10:D69.1	ordo.db	ProperSubClassOf	ORDO:438207	ICD10:D69.1	0.9	INCLUDED	NA
Platelet-type_Bleeding_Disorder_20	ordo	ORDO:466806	skos:broadMatch	ICD-10:D69.4	ICD10:D69.4	ordo.db	ProperSubClassOf	ORDO:466806	ICD10:D69.4	0.9	INCLUDED	NA
Platelet-type_Bleeding_Disorder_8	ordo	ORDO:36355	skos:broadMatch	ICD-10:D69.1	ICD10:D69.1	ordo.db	ProperSubClassOf	ORDO:36355	ICD10:D69.1	0.9	INCLUDED	NA
Polycystic_Kidney_Disease	ordo	ORDO:730	skos:exactMatch	ICD-10:Q61.2	ICD10:Q61.2	ordo.db	EquivalentTo	ORDO:730	ICD10:Q61.2	0.95	INCLUDED	NA
Polycystic_Kidney_Disease	ordo	ORDO:731	skos:exactMatch	ICD-10:Q61.1	ICD10:Q61.1	ordo.db	EquivalentTo	ORDO:731	ICD10:Q61.1	0.95	INCLUDED	NA
Pompe_Disease	ordo	ORDO:308552	skos:broadMatch	ICD-10:E74.0	ICD10:E74.0	ordo.db	ProperSubClassOf	ORDO:308552	ICD10:E74.0	0.9	INCLUDED	NA
Pompe_Disease	ordo	ORDO:365	skos:broadMatch	ICD-10:E74.0	ICD10:E74.0	ordo.db	ProperSubClassOf	ORDO:365	ICD10:E74.0	0.9	INCLUDED	NA
Pompe_Disease	ordo	ORDO:420429	skos:broadMatch	ICD-10:E74.0	ICD10:E74.0	ordo.db	ProperSubClassOf	ORDO:420429	ICD10:E74.0	0.9	INCLUDED	NA
Pontocerebellar_Hypoplasia	ordo	ORDO:166063	skos:broadMatch	ICD-10:Q04.3	ICD10:Q04.3	ordo.db	ProperSubClassOf	ORDO:166063	ICD10:Q04.3	0.9	INCLUDED	NA
Pontocerebellar_Hypoplasia	ordo	ORDO:166073	skos:broadMatch	ICD-10:Q04.3	ICD10:Q04.3	ordo.db	ProperSubClassOf	ORDO:166073	ICD10:Q04.3	0.9	INCLUDED	NA
Pontocerebellar_Hypoplasia	ordo	ORDO:2524	skos:broadMatch	ICD-10:Q04.3	ICD10:Q04.3	ordo.db	ProperSubClassOf	ORDO:2524	ICD10:Q04.3	0.9	INCLUDED	NA
Pontocerebellar_Hypoplasia	ordo	ORDO:411493	skos:broadMatch	ICD-10:Q04.3	ICD10:Q04.3	ordo.db	ProperSubClassOf	ORDO:411493	ICD10:Q04.3	0.9	INCLUDED	NA
Porokeratosis	ordo	ORDO:735	skos:broadMatch	ICD-10:Q82.8	ICD10:Q82.8	ordo.db	ProperSubClassOf	ORDO:735	ICD10:Q82.8	0.9	INCLUDED	NA
Porokeratosis	ordo	ORDO:737	skos:broadMatch	ICD-10:Q82.8	ICD10:Q82.8	ordo.db	ProperSubClassOf	ORDO:737	ICD10:Q82.8	0.9	INCLUDED	NA
Porokeratosis	ordo	ORDO:79152	skos:broadMatch	ICD-10:Q82.8	ICD10:Q82.8	ordo.db	ProperSubClassOf	ORDO:79152	ICD10:Q82.8	0.9	INCLUDED	NA
Porphyria_due_to_ALA_Dehydratase_Deficiency	ordo	ORDO:100924	skos:broadMatch	ICD-10:E80.2	ICD10:E80.2	ordo.db	ProperSubClassOf	ORDO:100924	ICD10:E80.2	0.9	INCLUDED	NA
Posterior_Polymorphous_Corneal_Dystrophy	ordo	ORDO:98973	skos:broadMatch	ICD-10:H18.5	ICD10:H18.5	ordo.db	ProperSubClassOf	ORDO:98973	ICD10:H18.5	0.9	INCLUDED	NA
Prader-Willi_Syndrome	ordo	ORDO:739	skos:broadMatch	ICD-10:Q87.1	ICD10:Q87.1	ordo.db	ProperSubClassOf	ORDO:739	ICD10:Q87.1	0.9	INCLUDED	NA
Primary_Carnitine_Deficiency	ordo	ORDO:158	skos:broadMatch	ICD-10:E71.3	ICD10:E71.3	ordo.db	ProperSubClassOf	ORDO:158	ICD10:E71.3	0.9	INCLUDED	NA
Primary_Erythermalgia	ordo	ORDO:90026	skos:broadMatch	ICD-10:I73.8	ICD10:I73.8	ordo.db	ProperSubClassOf	ORDO:90026	ICD10:I73.8	0.9	INCLUDED	NA
Primary_Triglyceride_Deposit_Cardiomyovasculopathy	ordo	ORDO:565612	skos:broadMatch	ICD-10:E75.5	ICD10:E75.5	ordo.db	ProperSubClassOf	ORDO:565612	ICD10:E75.5	0.9	INCLUDED	NA
Primrose_Syndrome	ordo	ORDO:3042	skos:broadMatch	ICD-10:Q87.8	ICD10:Q87.8	ordo.db	ProperSubClassOf	ORDO:3042	ICD10:Q87.8	0.9	INCLUDED	NA
Progressive_Familial_Intrahepatic_Cholestasis	ordo	ORDO:172	skos:broadMatch	ICD-10:K76.8	ICD10:K76.8	ordo.db	ProperSubClassOf	ORDO:172	ICD10:K76.8	0.9	INCLUDED	NA
Progressive_Familial_Intrahepatic_Cholestasis	ordo	ORDO:480476	skos:broadMatch	ICD-10:K76.8	ICD10:K76.8	ordo.db	ProperSubClassOf	ORDO:480476	ICD10:K76.8	0.9	INCLUDED	NA
Progressive_Familial_Intrahepatic_Cholestasis	ordo	ORDO:480483	skos:broadMatch	ICD-10:K76.8	ICD10:K76.8	ordo.db	ProperSubClassOf	ORDO:480483	ICD10:K76.8	0.9	INCLUDED	NA
Progressive_Familial_Intrahepatic_Cholestasis	ordo	ORDO:480491	skos:broadMatch	ICD-10:K76.8	ICD10:K76.8	ordo.db	ProperSubClassOf	ORDO:480491	ICD10:K76.8	0.9	INCLUDED	NA
Progressive_Familial_Intrahepatic_Cholestasis	ordo	ORDO:79304	skos:broadMatch	ICD-10:K76.8	ICD10:K76.8	ordo.db	ProperSubClassOf	ORDO:79304	ICD10:K76.8	0.9	INCLUDED	NA
Progressive_Familial_Intrahepatic_Cholestasis	ordo	ORDO:79305	skos:broadMatch	ICD-10:K76.8	ICD10:K76.8	ordo.db	ProperSubClassOf	ORDO:79305	ICD10:K76.8	0.9	INCLUDED	NA
Progressive_Familial_Intrahepatic_Cholestasis	ordo	ORDO:79306	skos:broadMatch	ICD-10:K76.8	ICD10:K76.8	ordo.db	ProperSubClassOf	ORDO:79306	ICD10:K76.8	0.9	INCLUDED	NA
Progressive_Myoclonic_Epilepsy_Type_8	ordo	ORDO:424027	skos:broadMatch	ICD-10:G40.3	ICD10:G40.3	ordo.db	ProperSubClassOf	ORDO:424027	ICD10:G40.3	0.9	INCLUDED	NA
Progressive_Pseudorheumatoid_Arthropathy_Of_Childhood	ordo	ORDO:1159	skos:broadMatch	ICD-10:Q77.7	ICD10:Q77.7	ordo.db	ProperSubClassOf	ORDO:1159	ICD10:Q77.7	0.9	INCLUDED	NA
Propionic_Acidemia	ordo	ORDO:35	skos:broadMatch	ICD-10:E71.1	ICD10:E71.1	ordo.db	ProperSubClassOf	ORDO:35	ICD10:E71.1	0.9	INCLUDED	NA
Proteasome_Associated_Autoinflammatory_Syndrome	ordo	ORDO:324977	skos:broadMatch	ICD-10:D89.8	ICD10:D89.8	ordo.db	ProperSubClassOf	ORDO:324977	ICD10:D89.8	0.9	INCLUDED	NA
Protein_S_Deficiency	ordo	ORDO:26349	skos:broadMatch	ICD-10:D68.8	ICD10:D68.8	ordo.db	ProperSubClassOf	ORDO:26349	ICD10:D68.8	0.9	INCLUDED	NA
Proteus_syndrome	ordo	ORDO:744	skos:broadMatch	ICD-10:Q87.3	ICD10:Q87.3	ordo.db	ProperSubClassOf	ORDO:744	ICD10:Q87.3	0.9	INCLUDED	NA
Psoriasis_14_Pustular	ordo	ORDO:163931	skos:broadMatch	ICD-10:L40.2	ICD10:L40.2	ordo.db	ProperSubClassOf	ORDO:163931	ICD10:L40.2	0.9	INCLUDED	NA
Psoriasis_14_Pustular	ordo	ORDO:404546	skos:broadMatch	ICD-10:L40.1	ICD10:L40.1	ordo.db	ProperSubClassOf	ORDO:404546	ICD10:L40.1	0.9	INCLUDED	NA
Pulmonary_Alveolar_Microlithiasis	ordo	ORDO:60025	skos:broadMatch	ICD-10:J84.0	ICD10:J84.0	ordo.db	ProperSubClassOf	ORDO:60025	ICD10:J84.0	0.9	INCLUDED	NA
Punctate_Palmoplantar_Keratoderma	ordo	ORDO:79501	skos:broadMatch	ICD-10:Q82.8	ICD10:Q82.8	ordo.db	ProperSubClassOf	ORDO:79501	ICD10:Q82.8	0.9	INCLUDED	NA
Pycnodysostosis	ordo	ORDO:763	skos:broadMatch	ICD-10:Q78.8	ICD10:Q78.8	ordo.db	ProperSubClassOf	ORDO:763	ICD10:Q78.8	0.9	INCLUDED	NA
Pyruvate_Dehydrogenase_Deficiency	ordo	ORDO:2394	skos:broadMatch	ICD-10:E74.4	ICD10:E74.4	ordo.db	ProperSubClassOf	ORDO:2394	ICD10:E74.4	0.9	INCLUDED	NA
Pyruvate_Dehydrogenase_Deficiency	ordo	ORDO:255138	skos:broadMatch	ICD-10:E74.4	ICD10:E74.4	ordo.db	ProperSubClassOf	ORDO:255138	ICD10:E74.4	0.9	INCLUDED	NA
Pyruvate_Dehydrogenase_Deficiency	ordo	ORDO:255182	skos:broadMatch	ICD-10:E74.4	ICD10:E74.4	ordo.db	ProperSubClassOf	ORDO:255182	ICD10:E74.4	0.9	INCLUDED	NA
Pyruvate_Dehydrogenase_Deficiency	ordo	ORDO:765	skos:broadMatch	ICD-10:E74.4	ICD10:E74.4	ordo.db	ProperSubClassOf	ORDO:765	ICD10:E74.4	0.9	INCLUDED	NA
Pyruvate_Dehydrogenase_Deficiency	ordo	ORDO:79243	skos:broadMatch	ICD-10:E74.4	ICD10:E74.4	ordo.db	ProperSubClassOf	ORDO:79243	ICD10:E74.4	0.9	INCLUDED	NA
Pyruvate_Dehydrogenase_Deficiency	ordo	ORDO:79244	skos:broadMatch	ICD-10:E74.4	ICD10:E74.4	ordo.db	ProperSubClassOf	ORDO:79244	ICD10:E74.4	0.9	INCLUDED	NA
Pyruvate_Dehydrogenase_Deficiency	ordo	ORDO:79246	skos:broadMatch	ICD-10:E74.4	ICD10:E74.4	ordo.db	ProperSubClassOf	ORDO:79246	ICD10:E74.4	0.9	INCLUDED	NA
Pyruvate_Kinase_Deficiency	ordo	ORDO:766	skos:broadMatch	ICD-10:D55.2	ICD10:D55.2	ordo.db	ProperSubClassOf	ORDO:766	ICD10:D55.2	0.9	INCLUDED	NA
RFT1-congenital_disorder_of_glycosylation	ordo	ORDO:244310	skos:broadMatch	ICD-10:E77.8	ICD10:E77.8	ordo.db	ProperSubClassOf	ORDO:244310	ICD10:E77.8	0.9	INCLUDED	NA
RHYNS_Syndrome	ordo	ORDO:140976	skos:broadMatch	ICD-10:Q87.8	ICD10:Q87.8	ordo.db	ProperSubClassOf	ORDO:140976	ICD10:Q87.8	0.9	INCLUDED	NA
RNU12-related_Minor_Spliceopathy	ordo	ORDO:85199	skos:broadMatch	ICD-10:Q87.8	ICD10:Q87.8	ordo.db	ProperSubClassOf	ORDO:85199	ICD10:Q87.8	0.9	INCLUDED	NA
Raine_Syndrome	ordo	ORDO:1832	skos:broadMatch	ICD-10:Q78.2	ICD10:Q78.2	ordo.db	ProperSubClassOf	ORDO:1832	ICD10:Q78.2	0.9	INCLUDED	NA
Rajab_Interstitial_Lung_Disease_With_Brain_Calcifications_1	ordo	ORDO:178506	skos:broadMatch	ICD-10:G93.8	ICD10:G93.8	ordo.db	ProperSubClassOf	ORDO:178506	ICD10:G93.8	0.9	INCLUDED	NA
Renal_Tubular_Acidosis_Distal_4_with_Hemolytic_Anemia	ordo	ORDO:93610	skos:broadMatch	ICD-10:N25.8	ICD10:N25.8	ordo.db	ProperSubClassOf	ORDO:93610	ICD10:N25.8	0.9	INCLUDED	NA
Renpenning_syndrome	ordo	ORDO:3242	skos:broadMatch	ICD-10:Q87.5	ICD10:Q87.5	ordo.db	ProperSubClassOf	ORDO:3242	ICD10:Q87.5	0.9	INCLUDED	NA
Retinal_Arterial_Tortuosity	ordo	ORDO:75326	skos:broadMatch	ICD-10:H35.0	ICD10:H35.0	ordo.db	ProperSubClassOf	ORDO:75326	ICD10:H35.0	0.9	INCLUDED	NA
Revesz_Syndrome	ordo	ORDO:3088	skos:broadMatch	ICD-10:Q82.8	ICD10:Q82.8	ordo.db	ProperSubClassOf	ORDO:3088	ICD10:Q82.8	0.9	INCLUDED	NA
Rh_Deficiency_Syndrome	ordo	ORDO:71275	skos:broadMatch	ICD-10:D58.8	ICD10:D58.8	ordo.db	ProperSubClassOf	ORDO:71275	ICD10:D58.8	0.9	INCLUDED	NA
Rhizomelic_Chondrodysplasia_Punctata_Plasmalogen_Synthesis_Defect	ordo	ORDO:177	skos:broadMatch	ICD-10:Q77.3	ICD10:Q77.3	ordo.db	ProperSubClassOf	ORDO:177	ICD10:Q77.3	0.9	INCLUDED	NA
Rhizomelic_Chondrodysplasia_Punctata_Plasmalogen_Synthesis_Defect	ordo	ORDO:309796	skos:broadMatch	ICD-10:Q77.3	ICD10:Q77.3	ordo.db	ProperSubClassOf	ORDO:309796	ICD10:Q77.3	0.9	INCLUDED	NA
Rhizomelic_Chondrodysplasia_Punctata_Plasmalogen_Synthesis_Defect	ordo	ORDO:309803	skos:broadMatch	ICD-10:Q77.3	ICD10:Q77.3	ordo.db	ProperSubClassOf	ORDO:309803	ICD10:Q77.3	0.9	INCLUDED	NA
Rhizomelic_Chondrodysplasia_Punctata_Plasmalogen_Synthesis_Defect	ordo	ORDO:438178	skos:broadMatch	ICD-10:E71.3	ICD10:E71.3	ordo.db	ProperSubClassOf	ORDO:438178	ICD10:E71.3	0.9	INCLUDED	NA
Rhizomelic_Chondrodysplasia_Punctata_Type_1	ordo	ORDO:309789	skos:broadMatch	ICD-10:Q77.3	ICD10:Q77.3	ordo.db	ProperSubClassOf	ORDO:309789	ICD10:Q77.3	0.9	INCLUDED	NA
Rhizomelic_Chondrodysplasia_Punctata_Type_5	ordo	ORDO:468717	skos:broadMatch	ICD-10:Q77.3	ICD10:Q77.3	ordo.db	ProperSubClassOf	ORDO:468717	ICD10:Q77.3	0.9	INCLUDED	NA
Ritscher-Schinzel_Syndrome	ordo	ORDO:7	skos:broadMatch	ICD-10:Q87.8	ICD10:Q87.8	ordo.db	ProperSubClassOf	ORDO:7	ICD10:Q87.8	0.9	INCLUDED	NA
Rothmund-Thomson_Syndrome	ordo	ORDO:2909	skos:broadMatch	ICD-10:Q82.8	ICD10:Q82.8	ordo.db	ProperSubClassOf	ORDO:2909	ICD10:Q82.8	0.9	INCLUDED	NA
Rotor_Syndrome	ordo	ORDO:3111	skos:broadMatch	ICD-10:E80.6	ICD10:E80.6	ordo.db	ProperSubClassOf	ORDO:3111	ICD10:E80.6	0.9	INCLUDED	NA
Rubinstein-Taybi_Syndrome	ordo	ORDO:353277	skos:broadMatch	ICD-10:Q87.2	ICD10:Q87.2	ordo.db	ProperSubClassOf	ORDO:353277	ICD10:Q87.2	0.9	INCLUDED	NA
Rubinstein-Taybi_Syndrome	ordo	ORDO:353284	skos:broadMatch	ICD-10:Q87.2	ICD10:Q87.2	ordo.db	ProperSubClassOf	ORDO:353284	ICD10:Q87.2	0.9	INCLUDED	NA
Rubinstein-Taybi_Syndrome	ordo	ORDO:783	skos:broadMatch	ICD-10:Q87.2	ICD10:Q87.2	ordo.db	ProperSubClassOf	ORDO:783	ICD10:Q87.2	0.9	INCLUDED	NA
SADDAN	ordo	ORDO:85165	skos:broadMatch	ICD-10:Q77.4	ICD10:Q77.4	ordo.db	ProperSubClassOf	ORDO:85165	ICD10:Q77.4	0.9	INCLUDED	NA
SCAD_Deficiency	ordo	ORDO:26792	skos:broadMatch	ICD-10:E71.3	ICD10:E71.3	ordo.db	ProperSubClassOf	ORDO:26792	ICD10:E71.3	0.9	INCLUDED	NA
SHORT_Syndrome	ordo	ORDO:3163	skos:broadMatch	ICD-10:Q87.1	ICD10:Q87.1	ordo.db	ProperSubClassOf	ORDO:3163	ICD10:Q87.1	0.9	INCLUDED	NA
SLC25A12-Related_Developmental_and_Epileptic_Encephalopathy	ordo	ORDO:353217	skos:broadMatch	ICD-10:E88.8	ICD10:E88.8	ordo.db	ProperSubClassOf	ORDO:353217	ICD10:E88.8	0.9	INCLUDED	NA
SLC35A2-CDG	ordo	ORDO:356961	skos:broadMatch	ICD-10:E77.8	ICD10:E77.8	ordo.db	ProperSubClassOf	ORDO:356961	ICD10:E77.8	0.9	INCLUDED	NA
SLC6A1-Related_Disorder	ordo	ORDO:1942	skos:broadMatch	ICD-10:G40.4	ICD10:G40.4	ordo.db	ProperSubClassOf	ORDO:1942	ICD10:G40.4	0.9	INCLUDED	NA
SPOP-Related_Neurodevelopmental_Disorder	ordo	ORDO:662175	skos:broadMatch	ICD-10:Q87.0	ICD10:Q87.0	ordo.db	ProperSubClassOf	ORDO:662175	ICD10:Q87.0	0.9	INCLUDED	NA
SPOP-Related_Neurodevelopmental_Disorder	ordo	ORDO:662179	skos:broadMatch	ICD-10:Q87.0	ICD10:Q87.0	ordo.db	ProperSubClassOf	ORDO:662179	ICD10:Q87.0	0.9	INCLUDED	NA
SRD5A3-Congenital_Disorder_of_Glycosylation	ordo	ORDO:324737	skos:broadMatch	ICD-10:E77.8	ICD10:E77.8	ordo.db	ProperSubClassOf	ORDO:324737	ICD10:E77.8	0.9	INCLUDED	NA
STAT2_Deficiency	ordo	ORDO:431166	skos:broadMatch	ICD-10:D84.8	ICD10:D84.8	ordo.db	ProperSubClassOf	ORDO:431166	ICD10:D84.8	0.9	INCLUDED	NA
STING_Associated_Vasculopathy_with_Onset_in_Infancy	ordo	ORDO:425120	skos:broadMatch	ICD-10:M35.8	ICD10:M35.8	ordo.db	ProperSubClassOf	ORDO:425120	ICD10:M35.8	0.9	INCLUDED	NA
STK4_Deficiency	ordo	ORDO:314689	skos:broadMatch	ICD-10:D81.8	ICD10:D81.8	ordo.db	ProperSubClassOf	ORDO:314689	ICD10:D81.8	0.9	INCLUDED	NA
STRA6-related_syndromic_microphthalmia	ordo	ORDO:2470	skos:broadMatch	ICD-10:Q11.2	ICD10:Q11.2	ordo.db	ProperSubClassOf	ORDO:2470	ICD10:Q11.2	0.9	INCLUDED	NA
STXBP1_Encephalopathy	ordo	ORDO:599373	skos:broadMatch	ICD-10:G93.8	ICD10:G93.8	ordo.db	ProperSubClassOf	ORDO:599373	ICD10:G93.8	0.9	INCLUDED	NA
SYN1-Related_Disorder	ordo	ORDO:85294	skos:broadMatch	ICD-10:Q87.8	ICD10:Q87.8	ordo.db	ProperSubClassOf	ORDO:85294	ICD10:Q87.8	0.9	INCLUDED	NA
SYNGAP1-Related_Developmental_and_Epileptic_Encephalopathy	ordo	ORDO:544254	skos:broadMatch	ICD-10:G40.4	ICD10:G40.4	ordo.db	ProperSubClassOf	ORDO:544254	ICD10:G40.4	0.9	INCLUDED	NA
SYT1_Baker-Gordon_Syndrome	ordo	ORDO:522077	skos:broadMatch	ICD-10:F84.8	ICD10:F84.8	ordo.db	ProperSubClassOf	ORDO:522077	ICD10:F84.8	0.9	INCLUDED	NA
Saethre-Chotzen_Syndrome	ordo	ORDO:794	skos:broadMatch	ICD-10:Q87.0	ICD10:Q87.0	ordo.db	ProperSubClassOf	ORDO:794	ICD10:Q87.0	0.9	INCLUDED	NA
Salla_Disease	ordo	ORDO:309334	skos:broadMatch	ICD-10:E77.8	ICD10:E77.8	ordo.db	ProperSubClassOf	ORDO:309334	ICD10:E77.8	0.9	INCLUDED	NA
Sandhoff_Disease	ordo	ORDO:309155	skos:broadMatch	ICD-10:E75.0	ICD10:E75.0	ordo.db	ProperSubClassOf	ORDO:309155	ICD10:E75.0	0.9	INCLUDED	NA
Sandhoff_Disease	ordo	ORDO:309162	skos:broadMatch	ICD-10:E75.0	ICD10:E75.0	ordo.db	ProperSubClassOf	ORDO:309162	ICD10:E75.0	0.9	INCLUDED	NA
Sandhoff_Disease	ordo	ORDO:309169	skos:broadMatch	ICD-10:E75.0	ICD10:E75.0	ordo.db	ProperSubClassOf	ORDO:309169	ICD10:E75.0	0.9	INCLUDED	NA
Sandhoff_Disease	ordo	ORDO:796	skos:broadMatch	ICD-10:E75.0	ICD10:E75.0	ordo.db	ProperSubClassOf	ORDO:796	ICD10:E75.0	0.9	INCLUDED	NA
Sanfilippo_syndrome	ordo	ORDO:581	skos:broadMatch	ICD-10:E76.2	ICD10:E76.2	ordo.db	ProperSubClassOf	ORDO:581	ICD10:E76.2	0.9	INCLUDED	NA
Sanfilippo_syndrome	ordo	ORDO:79269	skos:broadMatch	ICD-10:E76.2	ICD10:E76.2	ordo.db	ProperSubClassOf	ORDO:79269	ICD10:E76.2	0.9	INCLUDED	NA
Sanfilippo_syndrome	ordo	ORDO:79270	skos:broadMatch	ICD-10:E76.2	ICD10:E76.2	ordo.db	ProperSubClassOf	ORDO:79270	ICD10:E76.2	0.9	INCLUDED	NA
Sanfilippo_syndrome	ordo	ORDO:79271	skos:broadMatch	ICD-10:E76.2	ICD10:E76.2	ordo.db	ProperSubClassOf	ORDO:79271	ICD10:E76.2	0.9	INCLUDED	NA
Sanfilippo_syndrome	ordo	ORDO:79272	skos:broadMatch	ICD-10:E76.2	ICD10:E76.2	ordo.db	ProperSubClassOf	ORDO:79272	ICD10:E76.2	0.9	INCLUDED	NA
Sanjad-Sakati_Syndrome	ordo	ORDO:2323	skos:broadMatch	ICD-10:Q87.1	ICD10:Q87.1	ordo.db	ProperSubClassOf	ORDO:2323	ICD10:Q87.1	0.9	INCLUDED	NA
Sarcoglycanopathy	ordo	ORDO:119	skos:broadMatch	ICD-10:G71.0	ICD10:G71.0	ordo.db	ProperSubClassOf	ORDO:119	ICD10:G71.0	0.9	INCLUDED	NA
Sarcoglycanopathy	ordo	ORDO:219	skos:broadMatch	ICD-10:G71.0	ICD10:G71.0	ordo.db	ProperSubClassOf	ORDO:219	ICD10:G71.0	0.9	INCLUDED	NA
Sarcoglycanopathy	ordo	ORDO:353	skos:broadMatch	ICD-10:G71.0	ICD10:G71.0	ordo.db	ProperSubClassOf	ORDO:353	ICD10:G71.0	0.9	INCLUDED	NA
Sarcoglycanopathy	ordo	ORDO:62	skos:broadMatch	ICD-10:G71.0	ICD10:G71.0	ordo.db	ProperSubClassOf	ORDO:62	ICD10:G71.0	0.9	INCLUDED	NA
Saul-Wilson_Syndrome	ordo	ORDO:85172	skos:broadMatch	ICD-10:Q78.8	ICD10:Q78.8	ordo.db	ProperSubClassOf	ORDO:85172	ICD10:Q78.8	0.9	INCLUDED	NA
Say-Barber-Biesecker-Young-Simpson_Syndrome	ordo	ORDO:3047	skos:broadMatch	ICD-10:Q87.8	ICD10:Q87.8	ordo.db	ProperSubClassOf	ORDO:3047	ICD10:Q87.8	0.9	INCLUDED	NA
Scapuloperoneal_Spinal_Muscular_Atrophy	ordo	ORDO:431255	skos:broadMatch	ICD-10:G12.1	ICD10:G12.1	ordo.db	ProperSubClassOf	ORDO:431255	ICD10:G12.1	0.9	INCLUDED	NA
Schaaf-Yang_Syndrome	ordo	ORDO:398069	skos:broadMatch	ICD-10:Q87.1	ICD10:Q87.1	ordo.db	ProperSubClassOf	ORDO:398069	ICD10:Q87.1	0.9	INCLUDED	NA
Schindler_Disease	ordo	ORDO:79279	skos:broadMatch	ICD-10:E77.1	ICD10:E77.1	ordo.db	ProperSubClassOf	ORDO:79279	ICD10:E77.1	0.9	INCLUDED	NA
Schinzel-Giedion_Syndrome	ordo	ORDO:798	skos:broadMatch	ICD-10:Q87.0	ICD10:Q87.0	ordo.db	ProperSubClassOf	ORDO:798	ICD10:Q87.0	0.9	INCLUDED	NA
Schneckenbecken_Dysplasia	ordo	ORDO:3144	skos:broadMatch	ICD-10:Q77.7	ICD10:Q77.7	ordo.db	ProperSubClassOf	ORDO:3144	ICD10:Q77.7	0.9	INCLUDED	NA
Schnyder_Corneal_Dystrophy	ordo	ORDO:98967	skos:broadMatch	ICD-10:H18.5	ICD10:H18.5	ordo.db	ProperSubClassOf	ORDO:98967	ICD10:H18.5	0.9	INCLUDED	NA
Schwartz-Jampel_Syndrome	ordo	ORDO:800	skos:broadMatch	ICD-10:G71.1	ICD10:G71.1	ordo.db	ProperSubClassOf	ORDO:800	ICD10:G71.1	0.9	INCLUDED	NA
Schwartz-Jampel_Syndrome	ordo	ORDO:800	skos:broadMatch	ICD-10:Q78.8	ICD10:Q78.8	ordo.db	ProperSubClassOf	ORDO:800	ICD10:Q78.8	0.9	INCLUDED	NA
Sclerosteosis	ordo	ORDO:3152	skos:broadMatch	ICD-10:M85.2	ICD10:M85.2	ordo.db	ProperSubClassOf	ORDO:3152	ICD10:M85.2	0.9	INCLUDED	NA
Scott_Syndrome	ordo	ORDO:806	skos:broadMatch	ICD-10:D69.8	ICD10:D69.8	ordo.db	ProperSubClassOf	ORDO:806	ICD10:D69.8	0.9	INCLUDED	NA
Seckel_Syndrome	ordo	ORDO:808	skos:broadMatch	ICD-10:Q87.1	ICD10:Q87.1	ordo.db	ProperSubClassOf	ORDO:808	ICD10:Q87.1	0.9	INCLUDED	NA
Seizures-scoliosis-macrocephaly_Syndrome	ordo	ORDO:466926	skos:broadMatch	ICD-10:E77.8	ICD10:E77.8	ordo.db	ProperSubClassOf	ORDO:466926	ICD10:E77.8	0.9	INCLUDED	NA
Sengers_syndrome	ordo	ORDO:1369	skos:broadMatch	ICD-10:Q87.8	ICD10:Q87.8	ordo.db	ProperSubClassOf	ORDO:1369	ICD10:Q87.8	0.9	INCLUDED	NA
Senior-Loken_Syndrome	ordo	ORDO:3156	skos:broadMatch	ICD-10:Q61.5	ICD10:Q61.5	ordo.db	ProperSubClassOf	ORDO:3156	ICD10:Q61.5	0.9	INCLUDED	NA
Sensory_Ataxic_Neuropathy_Dysarthria_Ophthalmoparesis	ordo	ORDO:402082	skos:broadMatch	ICD-10:G40.3	ICD10:G40.3	ordo.db	ProperSubClassOf	ORDO:402082	ICD10:G40.3	0.9	INCLUDED	NA
Sensory_Ataxic_Neuropathy_Dysarthria_Ophthalmoparesis	ordo	ORDO:70595	skos:broadMatch	ICD-10:G71.3	ICD10:G71.3	ordo.db	ProperSubClassOf	ORDO:70595	ICD10:G71.3	0.9	INCLUDED	NA
Severe_Combined_Immunodeficiency	ordo	ORDO:169154	skos:broadMatch	ICD-10:D81.2	ICD10:D81.2	ordo.db	ProperSubClassOf	ORDO:169154	ICD10:D81.2	0.9	INCLUDED	NA
Severe_Combined_Immunodeficiency	ordo	ORDO:275	skos:broadMatch	ICD-10:D81.1	ICD10:D81.1	ordo.db	ProperSubClassOf	ORDO:275	ICD10:D81.1	0.9	INCLUDED	NA
Severe_Combined_Immunodeficiency	ordo	ORDO:276	skos:broadMatch	ICD-10:D81.2	ICD10:D81.2	ordo.db	ProperSubClassOf	ORDO:276	ICD10:D81.2	0.9	INCLUDED	NA
Severe_Combined_Immunodeficiency	ordo	ORDO:277	skos:exactMatch	ICD-10:D81.3	ICD10:D81.3	ordo.db	EquivalentTo	ORDO:277	ICD10:D81.3	0.95	INCLUDED	NA
Severe_Combined_Immunodeficiency	ordo	ORDO:331206	skos:broadMatch	ICD-10:D81.1	ICD10:D81.1	ordo.db	ProperSubClassOf	ORDO:331206	ICD10:D81.1	0.9	INCLUDED	NA
Severe_Combined_Immunodeficiency	ordo	ORDO:35078	skos:broadMatch	ICD-10:D81.2	ICD10:D81.2	ordo.db	ProperSubClassOf	ORDO:35078	ICD10:D81.2	0.9	INCLUDED	NA
Severe_Combined_Immunodeficiency_Due_To_CARD11_Deficiency	ordo	ORDO:357237	skos:broadMatch	ICD-10:D81.2	ICD10:D81.2	ordo.db	ProperSubClassOf	ORDO:357237	ICD10:D81.2	0.9	INCLUDED	NA
Shashi_X-Linked_Intellectual_Disability_Syndrome	ordo	ORDO:85286	skos:broadMatch	ICD-10:Q87.8	ICD10:Q87.8	ordo.db	ProperSubClassOf	ORDO:85286	ICD10:Q87.8	0.9	INCLUDED	NA
Shprintzen-Goldberg_Syndrome	ordo	ORDO:2462	skos:broadMatch	ICD-10:Q87.8	ICD10:Q87.8	ordo.db	ProperSubClassOf	ORDO:2462	ICD10:Q87.8	0.9	INCLUDED	NA
Shwachman-Diamond_Syndrome	ordo	ORDO:811	skos:broadMatch	ICD-10:D61.0	ICD10:D61.0	ordo.db	ProperSubClassOf	ORDO:811	ICD10:D61.0	0.9	INCLUDED	NA
Sialidosis_Type_1	ordo	ORDO:812	skos:broadMatch	ICD-10:E77.1	ICD10:E77.1	ordo.db	ProperSubClassOf	ORDO:812	ICD10:E77.1	0.9	INCLUDED	NA
Sialuria	ordo	ORDO:3166	skos:broadMatch	ICD-10:E77.8	ICD10:E77.8	ordo.db	ProperSubClassOf	ORDO:3166	ICD10:E77.8	0.9	INCLUDED	NA
Sickle_Cell_Disease	ordo	ORDO:232	skos:narrowMatch	ICD-10:D57.0	ICD10:D57.0	ordo.db	ProperSubClassOf	ICD10:D57.0	ORDO:232	0.9	INCLUDED	NA
Sickle_Cell_Disease	ordo	ORDO:232	skos:narrowMatch	ICD-10:D57.1	ICD10:D57.1	ordo.db	ProperSubClassOf	ICD10:D57.1	ORDO:232	0.9	INCLUDED	NA
Sickle_Cell_Disease	ordo	ORDO:232	skos:narrowMatch	ICD-10:D57.2	ICD10:D57.2	ordo.db	ProperSubClassOf	ICD10:D57.2	ORDO:232	0.9	INCLUDED	NA
Sideroblastic_Anemia_3	ordo	ORDO:255132	skos:broadMatch	ICD-10:D64.0	ICD10:D64.0	ordo.db	ProperSubClassOf	ORDO:255132	ICD10:D64.0	0.9	INCLUDED	NA
Sifrim-Hitz-Weiss_Syndrome	ordo	ORDO:653712	skos:broadMatch	ICD-10:Q87.8	ICD10:Q87.8	ordo.db	ProperSubClassOf	ORDO:653712	ICD10:Q87.8	0.9	INCLUDED	NA
Silver_Russell_Syndrome	ordo	ORDO:813	skos:broadMatch	ICD-10:Q87.1	ICD10:Q87.1	ordo.db	ProperSubClassOf	ORDO:813	ICD10:Q87.1	0.9	INCLUDED	NA
Sinoatrial_Node_Dysfunction_and_Deafness	ordo	ORDO:324321	skos:broadMatch	ICD-10:H91.8	ICD10:H91.8	ordo.db	ProperSubClassOf	ORDO:324321	ICD10:H91.8	0.9	INCLUDED	NA
Sitosterolemia	ordo	ORDO:2882	skos:broadMatch	ICD-10:E78.0	ICD10:E78.0	ordo.db	ProperSubClassOf	ORDO:2882	ICD10:E78.0	0.9	INCLUDED	NA
Sjogren-Larsson_Syndrome	ordo	ORDO:816	skos:broadMatch	ICD-10:Q87.1	ICD10:Q87.1	ordo.db	ProperSubClassOf	ORDO:816	ICD10:Q87.1	0.9	INCLUDED	NA
Skraban-Deardorff_Syndrome	ordo	ORDO:513456	skos:broadMatch	ICD-10:Q87.0	ICD10:Q87.0	ordo.db	ProperSubClassOf	ORDO:513456	ICD10:Q87.0	0.9	INCLUDED	NA
Sly_syndrome	ordo	ORDO:584	skos:broadMatch	ICD-10:E76.2	ICD10:E76.2	ordo.db	ProperSubClassOf	ORDO:584	ICD10:E76.2	0.9	INCLUDED	NA
Smith-Lemli-Opitz_syndrome	ordo	ORDO:818	skos:broadMatch	ICD-10:Q87.1	ICD10:Q87.1	ordo.db	ProperSubClassOf	ORDO:818	ICD10:Q87.1	0.9	INCLUDED	NA
Smith-Magenis_Syndrome	ordo	ORDO:819	skos:broadMatch	ICD-10:Q93.5	ICD10:Q93.5	ordo.db	ProperSubClassOf	ORDO:819	ICD10:Q93.5	0.9	INCLUDED	NA
Snijders_Blok-Campeau_Syndrome	ordo	ORDO:599082	skos:broadMatch	ICD-10:Q87.0	ICD10:Q87.0	ordo.db	ProperSubClassOf	ORDO:599082	ICD10:Q87.0	0.9	INCLUDED	NA
Snyder-Robinson_Syndrome	ordo	ORDO:3063	skos:broadMatch	ICD-10:Q87.8	ICD10:Q87.8	ordo.db	ProperSubClassOf	ORDO:3063	ICD10:Q87.8	0.9	INCLUDED	NA
Spastic_Paraparesis-cataracts-speech_Delay_Syndrome	ordo	ORDO:615938	skos:broadMatch	ICD-10:E71.3	ICD10:E71.3	ordo.db	ProperSubClassOf	ORDO:615938	ICD10:E71.3	0.9	INCLUDED	NA
Spinal_Muscular_Atrophy_Progressive_Myoclonic_Epilepsy	ordo	ORDO:2590	skos:broadMatch	ICD-10:G25.3	ICD10:G25.3	ordo.db	ProperSubClassOf	ORDO:2590	ICD10:G25.3	0.9	INCLUDED	NA
Spinal_Muscular_Atrophy_with_Respiratory_Distress_Type_1	ordo	ORDO:98920	skos:broadMatch	ICD-10:G12.2	ICD10:G12.2	ordo.db	ProperSubClassOf	ORDO:98920	ICD10:G12.2	0.9	INCLUDED	NA
Spinocerebellar_Ataxia_43	ordo	ORDO:497764	skos:broadMatch	ICD-10:G11.2	ICD10:G11.2	ordo.db	ProperSubClassOf	ORDO:497764	ICD10:G11.2	0.9	INCLUDED	NA
Spinocerebellar_Ataxia_48	ordo	ORDO:631103	skos:broadMatch	ICD-10:G11.4	ICD10:G11.4	ordo.db	ProperSubClassOf	ORDO:631103	ICD10:G11.4	0.9	INCLUDED	NA
Spinocerebellar_Ataxia_Type_1	ordo	ORDO:98755	skos:broadMatch	ICD-10:G11.8	ICD10:G11.8	ordo.db	ProperSubClassOf	ORDO:98755	ICD10:G11.8	0.9	INCLUDED	NA
Spinocerebellar_Ataxia_Type_15_16	ordo	ORDO:98769	skos:broadMatch	ICD-10:G11.2	ICD10:G11.2	ordo.db	ProperSubClassOf	ORDO:98769	ICD10:G11.2	0.9	INCLUDED	NA
Spinocerebellar_Ataxia_Type_17	ordo	ORDO:98759	skos:broadMatch	ICD-10:G11.8	ICD10:G11.8	ordo.db	ProperSubClassOf	ORDO:98759	ICD10:G11.8	0.9	INCLUDED	NA
Spinocerebellar_Ataxia_Type_2	ordo	ORDO:98756	skos:broadMatch	ICD-10:G11.2	ICD10:G11.2	ordo.db	ProperSubClassOf	ORDO:98756	ICD10:G11.2	0.9	INCLUDED	NA
Spinocerebellar_Ataxia_Type_23	ordo	ORDO:101108	skos:broadMatch	ICD-10:G11.2	ICD10:G11.2	ordo.db	ProperSubClassOf	ORDO:101108	ICD10:G11.2	0.9	INCLUDED	NA
Spinocerebellar_Ataxia_Type_31	ordo	ORDO:217012	skos:broadMatch	ICD-10:G11.8	ICD10:G11.8	ordo.db	ProperSubClassOf	ORDO:217012	ICD10:G11.8	0.9	INCLUDED	NA
Spinocerebellar_Ataxia_Type_36	ordo	ORDO:276198	skos:broadMatch	ICD-10:G11.8	ICD10:G11.8	ordo.db	ProperSubClassOf	ORDO:276198	ICD10:G11.8	0.9	INCLUDED	NA
Spinocerebellar_Ataxia_Type_8	ordo	ORDO:98760	skos:broadMatch	ICD-10:G11.2	ICD10:G11.2	ordo.db	ProperSubClassOf	ORDO:98760	ICD10:G11.2	0.9	INCLUDED	NA
Split_Hand_Foot_Malformation	ordo	ORDO:1307	skos:broadMatch	ICD-10:Q92.3	ICD10:Q92.3	ordo.db	ProperSubClassOf	ORDO:1307	ICD10:Q92.3	0.9	INCLUDED	NA
Split_Hand_Foot_Malformation	ordo	ORDO:2440	skos:broadMatch	ICD-10:Q74.8	ICD10:Q74.8	ordo.db	ProperSubClassOf	ORDO:2440	ICD10:Q74.8	0.9	INCLUDED	NA
Spondylo-megaepiphyseal-metaphyseal_Dysplasia	ordo	ORDO:228387	skos:broadMatch	ICD-10:Q77.7	ICD10:Q77.7	ordo.db	ProperSubClassOf	ORDO:228387	ICD10:Q77.7	0.9	INCLUDED	NA
Spondylocarpotarsal_Synostosis_Syndrome	ordo	ORDO:3275	skos:broadMatch	ICD-10:Q76.4	ICD10:Q76.4	ordo.db	ProperSubClassOf	ORDO:3275	ICD10:Q76.4	0.9	INCLUDED	NA
Spondylodysplastic_Ehlers-Danlos_Syndrome	ordo	ORDO:157965	skos:broadMatch	ICD-10:Q79.6	ICD10:Q79.6	ordo.db	ProperSubClassOf	ORDO:157965	ICD10:Q79.6	0.9	INCLUDED	NA
Spondylodysplastic_Ehlers-Danlos_Syndrome	ordo	ORDO:536467	skos:broadMatch	ICD-10:Q79.6	ICD10:Q79.6	ordo.db	ProperSubClassOf	ORDO:536467	ICD10:Q79.6	0.9	INCLUDED	NA
Spondylodysplastic_Ehlers-Danlos_Syndrome	ordo	ORDO:75496	skos:broadMatch	ICD-10:Q79.6	ICD10:Q79.6	ordo.db	ProperSubClassOf	ORDO:75496	ICD10:Q79.6	0.9	INCLUDED	NA
Spondyloenchondrodysplasia	ordo	ORDO:1855	skos:broadMatch	ICD-10:Q77.7	ICD10:Q77.7	ordo.db	ProperSubClassOf	ORDO:1855	ICD10:Q77.7	0.9	INCLUDED	NA
Spondyloepimetaphyseal_Dysplasia_Aggrecan_Type	ordo	ORDO:171866	skos:broadMatch	ICD-10:Q77.7	ICD10:Q77.7	ordo.db	ProperSubClassOf	ORDO:171866	ICD10:Q77.7	0.9	INCLUDED	NA
Spondyloepimetaphyseal_Dysplasia_Bieganski_Type	ordo	ORDO:83629	skos:broadMatch	ICD-10:G37.8	ICD10:G37.8	ordo.db	ProperSubClassOf	ORDO:83629	ICD10:G37.8	0.9	INCLUDED	NA
Spondyloepimetaphyseal_Dysplasia_Faden-Alkuraya_Type	ordo	ORDO:457395	skos:broadMatch	ICD-10:Q87.8	ICD10:Q87.8	ordo.db	ProperSubClassOf	ORDO:457395	ICD10:Q87.8	0.9	INCLUDED	NA
Spondyloepimetaphyseal_Dysplasia_Maroteaux_Type	ordo	ORDO:263482	skos:broadMatch	ICD-10:Q77.7	ICD10:Q77.7	ordo.db	ProperSubClassOf	ORDO:263482	ICD10:Q77.7	0.9	INCLUDED	NA
Spondyloepimetaphyseal_Dysplasia_Short_Limb_Abnormal_Calcification_Syndrome	ordo	ORDO:93358	skos:broadMatch	ICD-10:Q77.7	ICD10:Q77.7	ordo.db	ProperSubClassOf	ORDO:93358	ICD10:Q77.7	0.9	INCLUDED	NA
Spondyloepimetaphyseal_Dysplasia_Strudwick_Type	ordo	ORDO:93346	skos:broadMatch	ICD-10:Q77.7	ICD10:Q77.7	ordo.db	ProperSubClassOf	ORDO:93346	ICD10:Q77.7	0.9	INCLUDED	NA
Spondyloepiphyseal_Dysplasia_Congenita	ordo	ORDO:94068	skos:broadMatch	ICD-10:Q77.7	ICD10:Q77.7	ordo.db	ProperSubClassOf	ORDO:94068	ICD10:Q77.7	0.9	INCLUDED	NA
Spondylometaphyseal_Dysplasia_Corner_Fracture_Type	ordo	ORDO:93315	skos:broadMatch	ICD-10:Q77.8	ICD10:Q77.8	ordo.db	ProperSubClassOf	ORDO:93315	ICD10:Q77.8	0.9	INCLUDED	NA
Spondylometaphyseal_Dysplasia_Kozlowski_Type	ordo	ORDO:93314	skos:broadMatch	ICD-10:Q77.8	ICD10:Q77.8	ordo.db	ProperSubClassOf	ORDO:93314	ICD10:Q77.8	0.9	INCLUDED	NA
Spondylometaphyseal_Dysplasia_with_Cone-Rod_Dystrophy	ordo	ORDO:85167	skos:broadMatch	ICD-10:Q77.8	ICD10:Q77.8	ordo.db	ProperSubClassOf	ORDO:85167	ICD10:Q77.8	0.9	INCLUDED	NA
Spondylometaphyseal_Dysplasia_with_Corneal_Dystrophy	ordo	ORDO:589435	skos:broadMatch	ICD-10:Q87.8	ICD10:Q87.8	ordo.db	ProperSubClassOf	ORDO:589435	ICD10:Q87.8	0.9	INCLUDED	NA
Stargardt_Disease	ordo	ORDO:827	skos:broadMatch	ICD-10:H35.5	ICD10:H35.5	ordo.db	ProperSubClassOf	ORDO:827	ICD10:H35.5	0.9	INCLUDED	NA
Stickler_Syndrome_Type_1	ordo	ORDO:90653	skos:broadMatch	ICD-10:Q87.5	ICD10:Q87.5	ordo.db	ProperSubClassOf	ORDO:90653	ICD10:Q87.5	0.9	INCLUDED	NA
Stickler_Syndrome_Type_2	ordo	ORDO:90654	skos:broadMatch	ICD-10:Q87.5	ICD10:Q87.5	ordo.db	ProperSubClassOf	ORDO:90654	ICD10:Q87.5	0.9	INCLUDED	NA
Stiff_Skin_Syndrome	ordo	ORDO:2833	skos:broadMatch	ICD-10:L98.8	ICD10:L98.8	ordo.db	ProperSubClassOf	ORDO:2833	ICD10:L98.8	0.9	INCLUDED	NA
Stromme_Syndrome	ordo	ORDO:444069	skos:broadMatch	ICD-10:Q87.8	ICD10:Q87.8	ordo.db	ProperSubClassOf	ORDO:444069	ICD10:Q87.8	0.9	INCLUDED	NA
Stromme_Syndrome	ordo	ORDO:506307	skos:broadMatch	ICD-10:Q13.8	ICD10:Q13.8	ordo.db	ProperSubClassOf	ORDO:506307	ICD10:Q13.8	0.9	INCLUDED	NA
Succinic_Semialdehyde_Dehydrogenase_Deficiency	ordo	ORDO:22	skos:broadMatch	ICD-10:E72.8	ICD10:E72.8	ordo.db	ProperSubClassOf	ORDO:22	ICD10:E72.8	0.9	INCLUDED	NA
Syndromic_X-linked_Intellectual_Disability_94	ordo	ORDO:364028	skos:broadMatch	ICD-10:F72	ICD10:F72	ordo.db	ProperSubClassOf	ORDO:364028	ICD10:F72	0.9	INCLUDED	NA
TANGO2_Deficiency_Disorder	ordo	ORDO:480864	skos:broadMatch	ICD-10:G31.8	ICD10:G31.8	ordo.db	ProperSubClassOf	ORDO:480864	ICD10:G31.8	0.9	INCLUDED	NA
TARP_syndrome	ordo	ORDO:2886	skos:broadMatch	ICD-10:Q87.8	ICD10:Q87.8	ordo.db	ProperSubClassOf	ORDO:2886	ICD10:Q87.8	0.9	INCLUDED	NA
TFRC-Related_Combined_Immunodeficiency	ordo	ORDO:476113	skos:broadMatch	ICD-10:D81.8	ICD10:D81.8	ordo.db	ProperSubClassOf	ORDO:476113	ICD10:D81.8	0.9	INCLUDED	NA
THOC2-Related_Intellectual_Disability	ordo	ORDO:457240	skos:broadMatch	ICD-10:Q87.8	ICD10:Q87.8	ordo.db	ProperSubClassOf	ORDO:457240	ICD10:Q87.8	0.9	INCLUDED	NA
THOC6-Related_Developmental_Delay-Microcephaly-Facial_Dysmorphism_Syndrome	ordo	ORDO:363444	skos:broadMatch	ICD-10:Q87.0	ICD10:Q87.0	ordo.db	ProperSubClassOf	ORDO:363444	ICD10:Q87.0	0.9	INCLUDED	NA
TMEM199-CDG	ordo	ORDO:466703	skos:broadMatch	ICD-10:E77.8	ICD10:E77.8	ordo.db	ProperSubClassOf	ORDO:466703	ICD10:E77.8	0.9	INCLUDED	NA
TNF_Receptor-Associated_Periodic_Syndrome	ordo	ORDO:32960	skos:broadMatch	ICD-10:E85.0	ICD10:E85.0	ordo.db	ProperSubClassOf	ORDO:32960	ICD10:E85.0	0.9	INCLUDED	NA
TRAPPC12-Related_Encephalopathy	ordo	ORDO:500144	skos:broadMatch	ICD-10:Q07.8	ICD10:Q07.8	ordo.db	ProperSubClassOf	ORDO:500144	ICD10:Q07.8	0.9	INCLUDED	NA
TRMU-Related_Acute_Infantile_Liver_Failure	ordo	ORDO:217371	skos:broadMatch	ICD-10:E88.8	ICD10:E88.8	ordo.db	ProperSubClassOf	ORDO:217371	ICD10:E88.8	0.9	INCLUDED	NA
TUBA1A-related_Tubulinopathy	ordo	ORDO:171680	skos:broadMatch	ICD-10:Q04.3	ICD10:Q04.3	ordo.db	ProperSubClassOf	ORDO:171680	ICD10:Q04.3	0.9	INCLUDED	NA
TUBA8-related_Polymicrogyria_with_Optic_Nerve_Hypoplasia	ordo	ORDO:250972	skos:broadMatch	ICD-10:Q04.3	ICD10:Q04.3	ordo.db	ProperSubClassOf	ORDO:250972	ICD10:Q04.3	0.9	INCLUDED	NA
TUBB2A_TUBB2B-related_Cortical_Malformation	ordo	ORDO:300573	skos:broadMatch	ICD-10:Q04.3	ICD10:Q04.3	ordo.db	ProperSubClassOf	ORDO:300573	ICD10:Q04.3	0.9	INCLUDED	NA
TUBB2A_TUBB2B-related_Cortical_Malformation	ordo	ORDO:467166	skos:broadMatch	ICD-10:Q04.8	ICD10:Q04.8	ordo.db	ProperSubClassOf	ORDO:467166	ICD10:Q04.8	0.9	INCLUDED	NA
TUBB4A-related_Neurologic_Disorder	ordo	ORDO:139441	skos:broadMatch	ICD-10:E75.2	ICD10:E75.2	ordo.db	ProperSubClassOf	ORDO:139441	ICD10:E75.2	0.9	INCLUDED	NA
TUBGCP6-related_Microcephaly_and_Chorioretinopathy	ordo	ORDO:2518	skos:broadMatch	ICD-10:Q87.8	ICD10:Q87.8	ordo.db	ProperSubClassOf	ORDO:2518	ICD10:Q87.8	0.9	INCLUDED	NA
Tangier_Disease	ordo	ORDO:31150	skos:broadMatch	ICD-10:E78.6	ICD10:E78.6	ordo.db	ProperSubClassOf	ORDO:31150	ICD10:E78.6	0.9	INCLUDED	NA
Tatton-Brown-Rahman_overgrowth_syndrome	ordo	ORDO:404443	skos:broadMatch	ICD-10:Q87.3	ICD10:Q87.3	ordo.db	ProperSubClassOf	ORDO:404443	ICD10:Q87.3	0.9	INCLUDED	NA
Tay-Sachs_Disease_AB_Variant	ordo	ORDO:309246	skos:broadMatch	ICD-10:E75.0	ICD10:E75.0	ordo.db	ProperSubClassOf	ORDO:309246	ICD10:E75.0	0.9	INCLUDED	NA
Temple-Baraitser_Syndrome	ordo	ORDO:420561	skos:broadMatch	ICD-10:Q87.2	ICD10:Q87.2	ordo.db	ProperSubClassOf	ORDO:420561	ICD10:Q87.2	0.9	INCLUDED	NA
Temtamy_Preaxial_Brachydactyly_Syndrome	ordo	ORDO:363417	skos:broadMatch	ICD-10:Q87.2	ICD10:Q87.2	ordo.db	ProperSubClassOf	ORDO:363417	ICD10:Q87.2	0.9	INCLUDED	NA
Temtamy_Syndrome	ordo	ORDO:1777	skos:broadMatch	ICD-10:Q87.8	ICD10:Q87.8	ordo.db	ProperSubClassOf	ORDO:1777	ICD10:Q87.8	0.9	INCLUDED	NA
Thanatophoric_Dysplasia	ordo	ORDO:1860	skos:broadMatch	ICD-10:Q77.1	ICD10:Q77.1	ordo.db	ProperSubClassOf	ORDO:1860	ICD10:Q77.1	0.9	INCLUDED	NA
Thanatophoric_Dysplasia	ordo	ORDO:2655	skos:exactMatch	ICD-10:Q77.1	ICD10:Q77.1	ordo.db	EquivalentTo	ORDO:2655	ICD10:Q77.1	0.95	INCLUDED	NA
Thanatophoric_Dysplasia	ordo	ORDO:93274	skos:broadMatch	ICD-10:Q77.1	ICD10:Q77.1	ordo.db	ProperSubClassOf	ORDO:93274	ICD10:Q77.1	0.9	INCLUDED	NA
Thanatophoric_Dysplasia_Type_1	ordo	ORDO:1860	skos:broadMatch	ICD-10:Q77.1	ICD10:Q77.1	ordo.db	ProperSubClassOf	ORDO:1860	ICD10:Q77.1	0.9	INCLUDED	NA
Thanatophoric_Dysplasia_Type_2	ordo	ORDO:93274	skos:broadMatch	ICD-10:Q77.1	ICD10:Q77.1	ordo.db	ProperSubClassOf	ORDO:93274	ICD10:Q77.1	0.9	INCLUDED	NA
Thomsen_and_Becker_disease	ordo	ORDO:614	skos:broadMatch	ICD-10:G71.1	ICD10:G71.1	ordo.db	ProperSubClassOf	ORDO:614	ICD10:G71.1	0.9	INCLUDED	NA
Timothy_Syndrome	ordo	ORDO:65283	skos:broadMatch	ICD-10:I49.8	ICD10:I49.8	ordo.db	ProperSubClassOf	ORDO:65283	ICD10:I49.8	0.9	INCLUDED	NA
Transaldolase_Deficiency	ordo	ORDO:101028	skos:broadMatch	ICD-10:E74.8	ICD10:E74.8	ordo.db	ProperSubClassOf	ORDO:101028	ICD10:E74.8	0.9	INCLUDED	NA
Transketolase_Deficiency	ordo	ORDO:488618	skos:broadMatch	ICD-10:E88.8	ICD10:E88.8	ordo.db	ProperSubClassOf	ORDO:488618	ICD10:E88.8	0.9	INCLUDED	NA
Treacher_Collins_Syndrome	ordo	ORDO:861	skos:broadMatch	ICD-10:Q75.4	ICD10:Q75.4	ordo.db	ProperSubClassOf	ORDO:861	ICD10:Q75.4	0.9	INCLUDED	NA
Trehalase_Deficiency	ordo	ORDO:103909	skos:broadMatch	ICD-10:E74.3	ICD10:E74.3	ordo.db	ProperSubClassOf	ORDO:103909	ICD10:E74.3	0.9	INCLUDED	NA
Trichohepatoenteric_Syndrome	ordo	ORDO:84064	skos:broadMatch	ICD-10:K52.8	ICD10:K52.8	ordo.db	ProperSubClassOf	ORDO:84064	ICD10:K52.8	0.9	INCLUDED	NA
Trichothiodystrophy	ordo	ORDO:33364	skos:broadMatch	ICD-10:L67.8	ICD10:L67.8	ordo.db	ProperSubClassOf	ORDO:33364	ICD10:L67.8	0.9	INCLUDED	NA
Trimethylaminuria	ordo	ORDO:468726	skos:broadMatch	ICD-10:E88.8	ICD10:E88.8	ordo.db	ProperSubClassOf	ORDO:468726	ICD10:E88.8	0.9	INCLUDED	NA
Triosephosphate_Isomerase_Deficiency	ordo	ORDO:868	skos:broadMatch	ICD-10:D55.2	ICD10:D55.2	ordo.db	ProperSubClassOf	ORDO:868	ICD10:D55.2	0.9	INCLUDED	NA
Tuberous_Sclerosis_Complex	ordo	ORDO:805	skos:exactMatch	ICD-10:Q85.1	ICD10:Q85.1	ordo.db	EquivalentTo	ORDO:805	ICD10:Q85.1	0.95	INCLUDED	NA
Tyrosinemia_Type_I	ordo	ORDO:882	skos:broadMatch	ICD-10:E70.2	ICD10:E70.2	ordo.db	ProperSubClassOf	ORDO:882	ICD10:E70.2	0.9	INCLUDED	NA
Tyrosinemia_Type_II	ordo	ORDO:28378	skos:broadMatch	ICD-10:E70.2	ICD10:E70.2	ordo.db	ProperSubClassOf	ORDO:28378	ICD10:E70.2	0.9	INCLUDED	NA
Tyrosinemia_Type_III	ordo	ORDO:69723	skos:broadMatch	ICD-10:E70.2	ICD10:E70.2	ordo.db	ProperSubClassOf	ORDO:69723	ICD10:E70.2	0.9	INCLUDED	NA
UCHL1-Related_Neurodegeneration_with_Optic_Atrophy_and_Spastic_Paraplegia	ordo	ORDO:352654	skos:broadMatch	ICD-10:G31.8	ICD10:G31.8	ordo.db	ProperSubClassOf	ORDO:352654	ICD10:G31.8	0.9	INCLUDED	NA
Ullrich_Congenital_Muscular_Dystrophy	ordo	ORDO:75840	skos:broadMatch	ICD-10:G71.2	ICD10:G71.2	ordo.db	ProperSubClassOf	ORDO:75840	ICD10:G71.2	0.9	INCLUDED	NA
Ulnar-Mammary_Syndrome	ordo	ORDO:3138	skos:broadMatch	ICD-10:Q71.8	ICD10:Q71.8	ordo.db	ProperSubClassOf	ORDO:3138	ICD10:Q71.8	0.9	INCLUDED	NA
Undetermined_Early_Onset_Epileptic_Encephalopathy	ordo	ORDO:442835	skos:broadMatch	ICD-10:G40.4	ICD10:G40.4	ordo.db	ProperSubClassOf	ORDO:442835	ICD10:G40.4	0.9	INCLUDED	NA
Unverricht-Lundborg_Disease	ordo	ORDO:308	skos:broadMatch	ICD-10:G40.3	ICD10:G40.3	ordo.db	ProperSubClassOf	ORDO:308	ICD10:G40.3	0.9	INCLUDED	NA
Urea_Cycle_Disorder	ordo	ORDO:79167	skos:exactMatch	ICD-10:E72.2	ICD10:E72.2	ordo.db	EquivalentTo	ORDO:79167	ICD10:E72.2	0.95	INCLUDED	NA
Usher_Syndrome	ordo	ORDO:231169	skos:broadMatch	ICD-10:H35.5	ICD10:H35.5	ordo.db	ProperSubClassOf	ORDO:231169	ICD10:H35.5	0.9	INCLUDED	NA
Usher_Syndrome	ordo	ORDO:231178	skos:broadMatch	ICD-10:H35.5	ICD10:H35.5	ordo.db	ProperSubClassOf	ORDO:231178	ICD10:H35.5	0.9	INCLUDED	NA
Usher_Syndrome	ordo	ORDO:231183	skos:broadMatch	ICD-10:H35.5	ICD10:H35.5	ordo.db	ProperSubClassOf	ORDO:231183	ICD10:H35.5	0.9	INCLUDED	NA
Usher_Syndrome	ordo	ORDO:886	skos:broadMatch	ICD-10:H35.5	ICD10:H35.5	ordo.db	ProperSubClassOf	ORDO:886	ICD10:H35.5	0.9	INCLUDED	NA
Uveal_Coloboma-Cleft_Lip_and_Palate-Intellectual_Disability_Syndrome	ordo	ORDO:1473	skos:broadMatch	ICD-10:Q13.8	ICD10:Q13.8	ordo.db	ProperSubClassOf	ORDO:1473	ICD10:Q13.8	0.9	INCLUDED	NA
VLCAD_Deficiency	ordo	ORDO:26793	skos:broadMatch	ICD-10:E71.3	ICD10:E71.3	ordo.db	ProperSubClassOf	ORDO:26793	ICD10:E71.3	0.9	INCLUDED	NA
VPS4A-Related_Neurodevelopmental_Syndrome	ordo	ORDO:603448	skos:broadMatch	ICD-10:Q04.8	ICD10:Q04.8	ordo.db	ProperSubClassOf	ORDO:603448	ICD10:Q04.8	0.9	INCLUDED	NA
VPS51-Related_Pontocerebellar_Hypoplasia-CDG	ordo	ORDO:613267	skos:broadMatch	ICD-10:Q04.3	ICD10:Q04.3	ordo.db	ProperSubClassOf	ORDO:613267	ICD10:Q04.3	0.9	INCLUDED	NA
Van_Buchem_Disease	ordo	ORDO:3416	skos:broadMatch	ICD-10:M85.2	ICD10:M85.2	ordo.db	ProperSubClassOf	ORDO:3416	ICD10:M85.2	0.9	INCLUDED	NA
Van_Maldergem_Syndrome	ordo	ORDO:314679	skos:broadMatch	ICD-10:Q87.8	ICD10:Q87.8	ordo.db	ProperSubClassOf	ORDO:314679	ICD10:Q87.8	0.9	INCLUDED	NA
Vascular_Ehlers-Danlos_Syndrome	ordo	ORDO:286	skos:broadMatch	ICD-10:Q79.6	ICD10:Q79.6	ordo.db	ProperSubClassOf	ORDO:286	ICD10:Q79.6	0.9	INCLUDED	NA
Vici_Syndrome	ordo	ORDO:1493	skos:broadMatch	ICD-10:Q87.8	ICD10:Q87.8	ordo.db	ProperSubClassOf	ORDO:1493	ICD10:Q87.8	0.9	INCLUDED	NA
Vitamin_K_Dependent_Coagulation_Factor_Deficiency	ordo	ORDO:98434	skos:broadMatch	ICD-10:D68.2	ICD10:D68.2	ordo.db	ProperSubClassOf	ORDO:98434	ICD10:D68.2	0.9	INCLUDED	NA
Warburg_Micro_Syndrome	ordo	ORDO:2510	skos:broadMatch	ICD-10:Q87.0	ICD10:Q87.0	ordo.db	ProperSubClassOf	ORDO:2510	ICD10:Q87.0	0.9	INCLUDED	NA
Warsaw_breakage_syndrome	ordo	ORDO:280558	skos:broadMatch	ICD-10:Q87.8	ICD10:Q87.8	ordo.db	ProperSubClassOf	ORDO:280558	ICD10:Q87.8	0.9	INCLUDED	NA
Weaver_Syndrome	ordo	ORDO:3447	skos:broadMatch	ICD-10:Q87.3	ICD10:Q87.3	ordo.db	ProperSubClassOf	ORDO:3447	ICD10:Q87.3	0.9	INCLUDED	NA
Weill-Marchesani_Syndrome	ordo	ORDO:2084	skos:broadMatch	ICD-10:Q87.1	ICD10:Q87.1	ordo.db	ProperSubClassOf	ORDO:2084	ICD10:Q87.1	0.9	INCLUDED	NA
Weill-Marchesani_Syndrome	ordo	ORDO:3449	skos:broadMatch	ICD-10:Q87.0	ICD10:Q87.0	ordo.db	ProperSubClassOf	ORDO:3449	ICD10:Q87.0	0.9	INCLUDED	NA
Weill-Marchesani_Syndrome	ordo	ORDO:363992	skos:broadMatch	ICD-10:Q87.8	ICD10:Q87.8	ordo.db	ProperSubClassOf	ORDO:363992	ICD10:Q87.8	0.9	INCLUDED	NA
Weiss-Kruszka_Syndrome	ordo	ORDO:502430	skos:broadMatch	ICD-10:Q87.8	ICD10:Q87.8	ordo.db	ProperSubClassOf	ORDO:502430	ICD10:Q87.8	0.9	INCLUDED	NA
Werner_Syndrome	ordo	ORDO:902	skos:broadMatch	ICD-10:E34.8	ICD10:E34.8	ordo.db	ProperSubClassOf	ORDO:902	ICD10:E34.8	0.9	INCLUDED	NA
White-Sutton_Syndrome	ordo	ORDO:468678	skos:broadMatch	ICD-10:Q87.0	ICD10:Q87.0	ordo.db	ProperSubClassOf	ORDO:468678	ICD10:Q87.0	0.9	INCLUDED	NA
Wieacker_Wolff_Syndrome	ordo	ORDO:3454	skos:broadMatch	ICD-10:Q87.8	ICD10:Q87.8	ordo.db	ProperSubClassOf	ORDO:3454	ICD10:Q87.8	0.9	INCLUDED	NA
Wieacker_Wolff_Syndrome	ordo	ORDO:85283	skos:broadMatch	ICD-10:Q87.8	ICD10:Q87.8	ordo.db	ProperSubClassOf	ORDO:85283	ICD10:Q87.8	0.9	INCLUDED	NA
Wiedemann-Rautenstrauch_Syndrome	ordo	ORDO:3455	skos:broadMatch	ICD-10:E34.8	ICD10:E34.8	ordo.db	ProperSubClassOf	ORDO:3455	ICD10:E34.8	0.9	INCLUDED	NA
Wiedemann-Steiner_Syndrome	ordo	ORDO:319182	skos:broadMatch	ICD-10:Q87.1	ICD10:Q87.1	ordo.db	ProperSubClassOf	ORDO:319182	ICD10:Q87.1	0.9	INCLUDED	NA
Williams_Syndrome	ordo	ORDO:904	skos:broadMatch	ICD-10:Q93.8	ICD10:Q93.8	ordo.db	ProperSubClassOf	ORDO:904	ICD10:Q93.8	0.9	INCLUDED	NA
Wolcott-Rallison_Syndrome	ordo	ORDO:1667	skos:broadMatch	ICD-10:Q87.1	ICD10:Q87.1	ordo.db	ProperSubClassOf	ORDO:1667	ICD10:Q87.1	0.9	INCLUDED	NA
Wolfram_Syndrome	ordo	ORDO:3463	skos:broadMatch	ICD-10:E34.8	ICD10:E34.8	ordo.db	ProperSubClassOf	ORDO:3463	ICD10:E34.8	0.9	INCLUDED	NA
Wolman_Disease	ordo	ORDO:75233	skos:broadMatch	ICD-10:E75.5	ICD10:E75.5	ordo.db	ProperSubClassOf	ORDO:75233	ICD10:E75.5	0.9	INCLUDED	NA
Woodhouse-Sakati_Syndrome	ordo	ORDO:3464	skos:broadMatch	ICD-10:Q87.5	ICD10:Q87.5	ordo.db	ProperSubClassOf	ORDO:3464	ICD10:Q87.5	0.9	INCLUDED	NA
X-Linked_Hypophosphatemia	ordo	ORDO:89936	skos:broadMatch	ICD-10:E83.3	ICD10:E83.3	ordo.db	ProperSubClassOf	ORDO:89936	ICD10:E83.3	0.9	INCLUDED	NA
X-Linked_Infantile_Spinal_Muscular_Atrophy	ordo	ORDO:1145	skos:broadMatch	ICD-10:G12.1	ICD10:G12.1	ordo.db	ProperSubClassOf	ORDO:1145	ICD10:G12.1	0.9	INCLUDED	NA
X-linked_Agammaglobulinemia	ordo	ORDO:47	skos:broadMatch	ICD-10:D80.0	ICD10:D80.0	ordo.db	ProperSubClassOf	ORDO:47	ICD10:D80.0	0.9	INCLUDED	NA
X-linked_Chondrodysplasia_Punctata_1	ordo	ORDO:79345	skos:broadMatch	ICD-10:Q77.3	ICD10:Q77.3	ordo.db	ProperSubClassOf	ORDO:79345	ICD10:Q77.3	0.9	INCLUDED	NA
X-linked_Chondrodysplasia_Punctata_2	ordo	ORDO:35173	skos:broadMatch	ICD-10:Q77.3	ICD10:Q77.3	ordo.db	ProperSubClassOf	ORDO:35173	ICD10:Q77.3	0.9	INCLUDED	NA
X-linked_Dystonia-Parkinsonism	ordo	ORDO:53351	skos:broadMatch	ICD-10:G24.1	ICD10:G24.1	ordo.db	ProperSubClassOf	ORDO:53351	ICD10:G24.1	0.9	INCLUDED	NA
X-linked_Retinoschisis	ordo	ORDO:792	skos:broadMatch	ICD-10:Q14.1	ICD10:Q14.1	ordo.db	ProperSubClassOf	ORDO:792	ICD10:Q14.1	0.9	INCLUDED	NA
Xeroderma_Pigmentosum	ordo	ORDO:90342	skos:broadMatch	ICD-10:Q82.1	ICD10:Q82.1	ordo.db	ProperSubClassOf	ORDO:90342	ICD10:Q82.1	0.9	INCLUDED	NA
Xeroderma_Pigmentosum	ordo	ORDO:910	skos:exactMatch	ICD-10:Q82.1	ICD10:Q82.1	ordo.db	EquivalentTo	ORDO:910	ICD10:Q82.1	0.95	INCLUDED	NA
You-Hoover-Fong_Syndrome	ordo	ORDO:488642	skos:broadMatch	ICD-10:Q87.8	ICD10:Q87.8	ordo.db	ProperSubClassOf	ORDO:488642	ICD10:Q87.8	0.9	INCLUDED	NA
ZTTK_syndrome	ordo	ORDO:500150	skos:broadMatch	ICD-10:Q87.8	ICD10:Q87.8	ordo.db	ProperSubClassOf	ORDO:500150	ICD10:Q87.8	0.9	INCLUDED	NA
Zellweger_Spectrum_Disorders	ordo	ORDO:772	skos:broadMatch	ICD-10:G60.1	ICD10:G60.1	ordo.db	ProperSubClassOf	ORDO:772	ICD10:G60.1	0.9	INCLUDED	NA
Zellweger_Spectrum_Disorders	ordo	ORDO:912	skos:broadMatch	ICD-10:Q87.8	ICD10:Q87.8	ordo.db	ProperSubClassOf	ORDO:912	ICD10:Q87.8	0.9	INCLUDED	NA
Zimmermann_Laband_Syndrome	ordo	ORDO:3473	skos:broadMatch	ICD-10:Q87.8	ICD10:Q87.8	ordo.db	ProperSubClassOf	ORDO:3473	ICD10:Q87.8	0.9	INCLUDED	NA
Zlotogora-Ogur_Syndrome	ordo	ORDO:3253	skos:broadMatch	ICD-10:Q82.4	ICD10:Q82.4	ordo.db	ProperSubClassOf	ORDO:3253	ICD10:Q82.4	0.9	INCLUDED	NA
aceruloplasminemia	ordo	ORDO:48818	skos:broadMatch	ICD-10:E83.1	ICD10:E83.1	ordo.db	ProperSubClassOf	ORDO:48818	ICD10:E83.1	0.9	INCLUDED	NA
adrenoleukodystrophy	ordo	ORDO:139396	skos:broadMatch	ICD-10:E71.3	ICD10:E71.3	ordo.db	ProperSubClassOf	ORDO:139396	ICD10:E71.3	0.9	INCLUDED	NA
adrenoleukodystrophy	ordo	ORDO:139399	skos:broadMatch	ICD-10:E71.3	ICD10:E71.3	ordo.db	ProperSubClassOf	ORDO:139399	ICD10:E71.3	0.9	INCLUDED	NA
adrenoleukodystrophy	ordo	ORDO:43	skos:broadMatch	ICD-10:E71.3	ICD10:E71.3	ordo.db	ProperSubClassOf	ORDO:43	ICD10:E71.3	0.9	INCLUDED	NA
neuroferritinopathy	ordo	ORDO:157846	skos:broadMatch	ICD-10:G23.0	ICD10:G23.0	ordo.db	ProperSubClassOf	ORDO:157846	ICD10:G23.0	0.9	INCLUDED	NA
ornithine_aminotransferase_deficiency	ordo	ORDO:414	skos:broadMatch	ICD-10:E72.4	ICD10:E72.4	ordo.db	ProperSubClassOf	ORDO:414	ICD10:E72.4	0.9	INCLUDED	NA
