slug	route	subject	predicate	target	source
2-Methylbutyryl-CoA_Dehydrogenase_Deficiency	ordo	ORDO:79157	skos:broadMatch	ICD-10:E71.1	ordo.db
3-Hydroxy-3-Methylglutaric_Aciduria	ordo	ORDO:20	skos:broadMatch	ICD-10:E71.1	ordo.db
3-Hydroxy-3-Methylglutaryl-CoA_Synthase_Deficiency	ordo	ORDO:35701	skos:broadMatch	ICD-10:E71.3	ordo.db
3-Hydroxyisobutyryl-CoA_Hydrolase_Deficiency	ordo	ORDO:88639	skos:broadMatch	ICD-10:E71.1	ordo.db
3-M_Syndrome	ordo	ORDO:2616	skos:broadMatch	ICD-10:Q87.1	ordo.db
3-Methylcrotonyl-CoA_Carboxylase_Deficiency	ordo	ORDO:6	skos:broadMatch	ICD-10:E71.1	ordo.db
3-Methylglutaconic_Aciduria_Type_I	ordo	ORDO:67046	skos:broadMatch	ICD-10:E71.1	ordo.db
3-Phosphoglycerate_Dehydrogenase_Deficiency	ordo	ORDO:79351	skos:broadMatch	ICD-10:E72.8	ordo.db
3-methylglutaconic_Aciduria_With_Deafness_Encephalopathy_And_Leigh-like_Syndrome	ordo	ORDO:352328	skos:broadMatch	ICD-10:E71.1	ordo.db
3MC_Syndrome	ordo	ORDO:293843	skos:broadMatch	ICD-10:Q87.8	ordo.db
46_XX_Gonadal_Dysgenesis	ordo	ORDO:243	skos:exactMatch	ICD-10:Q99.1	ordo.db
46_XX_Testicular_DSD	ordo	ORDO:393	skos:broadMatch	ICD-10:Q99.1	ordo.db
46_XY_DSD_Due_to_17_Beta_Hydroxysteroid_Dehydrogenase_3_Deficiency	ordo	ORDO:752	skos:broadMatch	ICD-10:E29.1	ordo.db
46_XY_DSD_Due_to_5_Alpha_Reductase_2_Deficiency	ordo	ORDO:753	skos:broadMatch	ICD-10:E29.1	ordo.db
46_XY_Partial_Gonadal_Dysgenesis	ordo	ORDO:251510	skos:broadMatch	ICD-10:Q56.1	ordo.db
46_XY_complete_gonadal_dysgenesis	ordo	ORDO:242	skos:broadMatch	ICD-10:Q99.1	ordo.db
5-Oxoprolinase_Deficiency	ordo	ORDO:33572	skos:broadMatch	ICD-10:E72.8	ordo.db
ACAD9_Deficiency	ordo	ORDO:99901	skos:broadMatch	ICD-10:E71.3	ordo.db
ACys_Amyloidosis	ordo	ORDO:100008	skos:broadMatch	ICD-10:E85.4+	ordo.db
ACys_Amyloidosis	ordo	ORDO:100008	skos:broadMatch	ICD-10:I68.0*	ordo.db
ADCA-DN	ordo	ORDO:314404	skos:broadMatch	ICD-10:G11.2	ordo.db
ADGRG1_Bilateral_Frontoparietal_Polymicrogyria	ordo	ORDO:101070	skos:broadMatch	ICD-10:Q04.3	ordo.db
ADNP-Related_Syndrome	ordo	ORDO:404448	skos:broadMatch	ICD-10:Q87.0	ordo.db
ADan_amyloidosis	ordo	ORDO:97346	skos:broadMatch	ICD-10:E85.4+	ordo.db
ADan_amyloidosis	ordo	ORDO:97346	skos:broadMatch	ICD-10:I68.0*	ordo.db
AFG2A-Related_Encephalopathy	ordo	ORDO:457351	skos:broadMatch	ICD-10:Q02	ordo.db
AGAT_Deficiency	ordo	ORDO:35704	skos:broadMatch	ICD-10:E72.8	ordo.db
AHCY_Deficiency	ordo	ORDO:88618	skos:broadMatch	ICD-10:E72.1	ordo.db
ALG1-Congenital_Disorder_of_Glycosylation	ordo	ORDO:79327	skos:broadMatch	ICD-10:E77.8	ordo.db
ALG11-Congenital_Disorder_of_Glycosylation	ordo	ORDO:280071	skos:broadMatch	ICD-10:E77.8	ordo.db
ALG12_Congenital_Disorder_of_Glycosylation	ordo	ORDO:79324	skos:broadMatch	ICD-10:E77.8	ordo.db
ALG3-Congenital_Disorder_of_Glycosylation	ordo	ORDO:79321	skos:broadMatch	ICD-10:E77.8	ordo.db
ALG6-Congenital_Disorder_of_Glycosylation	ordo	ORDO:79320	skos:broadMatch	ICD-10:E77.8	ordo.db
ALG9-congenital_disorder_of_glycosylation	ordo	ORDO:79328	skos:broadMatch	ICD-10:E77.8	ordo.db
ARX-Related_Lissencephaly_and_Interneuronopathy	ordo	ORDO:452	skos:broadMatch	ICD-10:Q04.3	ordo.db
AR_Cerebellar_Ataxia-Saccadic_Intrusion_Syndrome	ordo	ORDO:95434	skos:broadMatch	ICD-10:G11.1	ordo.db
ATTR_Amyloidosis	ordo	ORDO:271861	skos:broadMatch	ICD-10:E85.1	ordo.db
Abetalipoproteinemia	ordo	ORDO:14	skos:broadMatch	ICD-10:E78.6	ordo.db
Acatalasia	ordo	ORDO:926	skos:exactMatch	ICD-10:E80.3	ordo.db
Achondrogenesis_Type_II	ordo	ORDO:93296	skos:broadMatch	ICD-10:Q77.0	ordo.db
Achondroplasia	mondo	MONDO:0007037	oio:hasDbXref	ICD10CM:Q77.4	mondo.db
Achondroplasia	mondo	MONDO:0007037	skos:exactMatch	ICD10CM:Q77.4	mondo.db
Achondroplasia	ordo	ORDO:15	skos:exactMatch	ICD-10:Q77.4	ordo.db
Achromatopsia	mondo	MONDO:0018852	oio:hasDbXref	ICD10CM:H53.51	mondo.db
Achromatopsia	mondo	MONDO:0018852	skos:exactMatch	ICD10CM:H53.51	mondo.db
Achromatopsia	ordo	ORDO:49382	skos:broadMatch	ICD-10:H53.5	ordo.db
Acrocallosal_Syndrome	ordo	ORDO:36	skos:broadMatch	ICD-10:Q04.0	ordo.db
Acrodysostosis	ordo	ORDO:950	skos:broadMatch	ICD-10:Q75.4	ordo.db
Acromesomelic_Dysplasia_Grebe_Type	ordo	ORDO:2098	skos:broadMatch	ICD-10:Q78.8	ordo.db
Acromesomelic_Dysplasia_Maroteaux_Type	ordo	ORDO:40	skos:broadMatch	ICD-10:Q77.8	ordo.db
Activated_PI3K-delta_Syndrome	ordo	ORDO:397596	skos:broadMatch	ICD-10:D81.8	ordo.db
Acute_Intermittent_Porphyria	ordo	ORDO:79276	skos:broadMatch	ICD-10:E80.2	ordo.db
Acute_Lymphoblastic_Leukemia	mondo	MONDO:0004967	oio:hasDbXref	ICD10CM:C91.0	mondo.db
Acute_Lymphoblastic_Leukemia	mondo	MONDO:0004967	skos:exactMatch	ICD10CM:C91.0	mondo.db
Acute_Lymphoblastic_Leukemia	ordo	ORDO:513	skos:exactMatch	ICD-10:C91.0	ordo.db
Acute_Megakaryoblastic_Leukemia	mondo	MONDO:0018872	oio:hasDbXref	ICD10CM:C94.2	mondo.db
Acute_Megakaryoblastic_Leukemia	mondo	MONDO:0018872	skos:exactMatch	ICD10CM:C94.2	mondo.db
Acute_Megakaryoblastic_Leukemia	ordo	ORDO:518	skos:broadMatch	ICD-10:C94.2	ordo.db
Acute_Respiratory_Distress_Syndrome	mondo	MONDO:0006502	oio:hasDbXref	ICD10CM:J80	mondo.db
Acute_Respiratory_Distress_Syndrome	mondo	MONDO:0006502	skos:exactMatch	ICD10CM:J80	mondo.db
Adams-Oliver_Syndrome	ordo	ORDO:974	skos:broadMatch	ICD-10:Q87.2	ordo.db
Adenine_Phosphoribosyltransferase_Deficiency	ordo	ORDO:976	skos:broadMatch	ICD-10:E79.8	ordo.db
Adenosine_Kinase_Deficiency	ordo	ORDO:289290	skos:broadMatch	ICD-10:E72.1	ordo.db
Adenylosuccinate_Lyase_Deficiency	ordo	ORDO:46	skos:broadMatch	ICD-10:E79.8	ordo.db
Adult-Onset_Autosomal_Dominant_Demyelinating_Leukodystrophy	ordo	ORDO:99027	skos:broadMatch	ICD-10:E75.2	ordo.db
Adult-Onset_Proximal_Spinal_Muscular_Atrophy_Autosomal_Dominant	dismech	dismech:Adult-Onset_Proximal_Spinal_Muscular_Atrophy_Autosomal_Dominant	skos:broadMatch	ICD10CM:G12.1	ORPHA:209335
Adult-Onset_Proximal_Spinal_Muscular_Atrophy_Autosomal_Dominant	ordo	ORDO:209335	skos:broadMatch	ICD-10:G12.1	ordo.db
Adult_Onset_Foveomacular_Vitelliform_Dystrophy	ordo	ORDO:99000	skos:broadMatch	ICD-10:H35.5	ordo.db
Adult_Polyglucosan_Body_Disease	ordo	ORDO:206583	skos:broadMatch	ICD-10:E74.0	ordo.db
Adult_Refsum_Disease	mondo	MONDO:0009958	oio:hasDbXref	ICD10CM:G60.1	mondo.db
Adult_Refsum_Disease	mondo	MONDO:0009958	skos:exactMatch	ICD10CM:G60.1	mondo.db
Adult_Refsum_Disease	ordo	ORDO:773	skos:exactMatch	ICD-10:G60.1	ordo.db
Advanced_Sleep_Phase_Syndrome	ordo	ORDO:164736	skos:broadMatch	ICD-10:G47.2	ordo.db
Agenesis_of_the_Corpus_Callosum_with_Peripheral_Neuropathy	ordo	ORDO:1496	skos:broadMatch	ICD-10:G60.0	ordo.db
Agnathia-Otocephaly_Complex	ordo	ORDO:990	skos:broadMatch	ICD-10:Q87.8	ordo.db
Aicardi_Goutieres_Syndrome	ordo	ORDO:51	skos:broadMatch	ICD-10:G31.8	ordo.db
Aicardi_Syndrome	ordo	ORDO:50	skos:broadMatch	ICD-10:Q04.0	ordo.db
Alagille_syndrome	dismech	dismech:Alagille_syndrome	skos:narrowMatch	ICD10CM:Q44.7	ORPHA:52
Alagille_syndrome	ordo	ORDO:52	skos:broadMatch	ICD-10:Q44.7	ordo.db
Aland_Island_Eye_Disease	ordo	ORDO:178333	skos:broadMatch	ICD-10:H35.5	ordo.db
Alexander_Disease	ordo	ORDO:58	skos:broadMatch	ICD-10:G93.8	ordo.db
Alkaptonuria	ordo	ORDO:56	skos:broadMatch	ICD-10:E70.2	ordo.db
Allan-Herndon-Dudley_Syndrome	ordo	ORDO:59	skos:broadMatch	ICD-10:G31.8	ordo.db
Alpha_1_Antitrypsin_Deficiency	mondo	MONDO:0013282	oio:hasDbXref	ICD10CM:E88.01	mondo.db
Alpha_1_Antitrypsin_Deficiency	mondo	MONDO:0013282	skos:exactMatch	ICD10CM:E88.01	mondo.db
Alpha_1_Antitrypsin_Deficiency	ordo	ORDO:60	skos:broadMatch	ICD-10:E88.0	ordo.db
Alpha_Mannosidosis	ordo	ORDO:61	skos:broadMatch	ICD-10:E77.1	ordo.db
Alpha_Thalassemia	mondo	MONDO:0011399	oio:hasDbXref	ICD10CM:D56.0	mondo.db
Alpha_Thalassemia	mondo	MONDO:0011399	skos:exactMatch	ICD10CM:D56.0	mondo.db
Alpha_Thalassemia	ordo	ORDO:846	skos:exactMatch	ICD-10:D56.0	ordo.db
Alternating_Hemiplegia_of_Childhood	ordo	ORDO:2131	skos:broadMatch	ICD-10:G98	ordo.db
Alveolar_Capillary_Dysplasia_with_Misalignment_of_Pulmonary_Veins	ordo	ORDO:210122	skos:broadMatch	ICD-10:Q33.6	ordo.db
Amelogenesis_Imperfecta	ordo	ORDO:88661	skos:broadMatch	ICD-10:K00.5	ordo.db
Aminoacylase_1_Deficiency	ordo	ORDO:137754	skos:broadMatch	ICD-10:E72.8	ordo.db
Amyloidosis	mondo	MONDO:0019065	oio:hasDbXref	ICD10CM:E85	mondo.db
Amyloidosis	mondo	MONDO:0019065	skos:exactMatch	ICD10CM:E85	mondo.db
Amyloidosis	ordo	ORDO:69	skos:exactMatch	ICD-10:E85.0	ordo.db
Anaplastic_Large_Cell_Lymphoma	ordo	ORDO:98841	skos:narrowMatch	ICD-10:C84.6	ordo.db
Anaplastic_Large_Cell_Lymphoma	ordo	ORDO:98841	skos:narrowMatch	ICD-10:C84.7	ordo.db
Anauxetic_Dysplasia	ordo	ORDO:93347	skos:broadMatch	ICD-10:Q77.7	ordo.db
Androgen_Insensitivity_Syndrome	mondo	MONDO:0019154	oio:hasDbXref	ICD10CM:E34.5	mondo.db
Androgen_Insensitivity_Syndrome	mondo	MONDO:0019154	skos:exactMatch	ICD10CM:E34.5	mondo.db
Androgen_Insensitivity_Syndrome	ordo	ORDO:754	skos:exactMatch	ICD-10:E34.5	ordo.db
Aneurysm-Osteoarthritis_Syndrome	ordo	ORDO:284984	skos:broadMatch	ICD-10:Q87.8	ordo.db
Angelman_Syndrome	dismech	dismech:Angelman_Syndrome	skos:narrowMatch	ICD10CM:Q93.5	ORPHA:72
Angelman_Syndrome	mondo	MONDO:0007113	oio:hasDbXref	ICD10CM:Q93.51	mondo.db
Angelman_Syndrome	mondo	MONDO:0007113	skos:exactMatch	ICD10CM:Q93.51	mondo.db
Angelman_Syndrome	ordo	ORDO:72	skos:broadMatch	ICD-10:Q93.5	ordo.db
Aniridia	mondo	MONDO:0019172	oio:hasDbXref	ICD10CM:Q13.1	mondo.db
Aniridia	mondo	MONDO:0019172	skos:exactMatch	ICD10CM:Q13.1	mondo.db
Antiphospholipid_Syndrome	mondo	MONDO:8000010	oio:hasDbXref	ICD10CM:D68.61	mondo.db
Antiphospholipid_Syndrome	mondo	MONDO:8000010	skos:exactMatch	ICD10CM:D68.61	mondo.db
Antiphospholipid_Syndrome	ordo	ORDO:80	skos:broadMatch	ICD-10:D68.6	ordo.db
Antley-Bixler_Syndrome_FGFR2-Related	ordo	ORDO:596008	skos:broadMatch	ICD-10:Q87.8	ordo.db
Apert_Syndrome	ordo	ORDO:87	skos:broadMatch	ICD-10:Q87.0	ordo.db
Apparent_Mineralocorticoid_Excess	ordo	ORDO:320	skos:broadMatch	ICD-10:E26.8	ordo.db
Arboleda-Tham_Syndrome	ordo	ORDO:457193	skos:broadMatch	ICD-10:Q87.8	ordo.db
Arginase_Deficiency	mondo	MONDO:0008814	oio:hasDbXref	ICD10CM:E72.21	mondo.db
Arginase_Deficiency	mondo	MONDO:0008814	skos:exactMatch	ICD10CM:E72.21	mondo.db
Arginase_Deficiency	ordo	ORDO:90	skos:broadMatch	ICD-10:E72.2	ordo.db
Argininosuccinic_Aciduria	ordo	ORDO:23	skos:broadMatch	ICD-10:E72.2	ordo.db
Aromatase_Deficiency	ordo	ORDO:91	skos:broadMatch	ICD-10:E25.8	ordo.db
Aromatase_Excess_Syndrome	ordo	ORDO:178345	skos:broadMatch	ICD-10:E30.1	ordo.db
Arterial_Calcification_of_Infancy	ordo	ORDO:51608	skos:broadMatch	ICD-10:Q28.8	ordo.db
Arterial_Dissection_Lentiginosis_Syndrome	ordo	ORDO:1682	skos:broadMatch	ICD-10:Q87.8	ordo.db
Arterial_Tortuosity_Syndrome	mondo	MONDO:0008818	oio:hasDbXref	ICD10CM:Q87.82	mondo.db
Arterial_Tortuosity_Syndrome	mondo	MONDO:0008818	skos:exactMatch	ICD10CM:Q87.82	mondo.db
Arterial_Tortuosity_Syndrome	ordo	ORDO:3342	skos:broadMatch	ICD-10:I77.1	ordo.db
Arthrogryposis-Renal_Dysfunction-Cholestasis_Syndrome	ordo	ORDO:2697	skos:broadMatch	ICD-10:Q89.7	ordo.db
Arthrogryposis_Multiplex_Congenita	mondo	MONDO:0015168	oio:hasDbXref	ICD10CM:Q74.3	mondo.db
Arthrogryposis_Multiplex_Congenita	mondo	MONDO:0015168	skos:exactMatch	ICD10CM:Q74.3	mondo.db
Arthrogryposis_Multiplex_Congenita	ordo	ORDO:1037	skos:exactMatch	ICD-10:Q74.3	ordo.db
Arts_syndrome	ordo	ORDO:1187	skos:broadMatch	ICD-10:E79.8	ordo.db
Asparagine_Synthetase_Deficiency	ordo	ORDO:391376	skos:broadMatch	ICD-10:E72.8	ordo.db
Aspartylglucosaminuria	ordo	ORDO:93	skos:broadMatch	ICD-10:E77.1	ordo.db
Aspergillosis	mondo	MONDO:0005657	oio:hasDbXref	ICD10CM:B44	mondo.db
Aspergillosis	mondo	MONDO:0005657	skos:exactMatch	ICD10CM:B44	mondo.db
Aspergillosis	ordo	ORDO:1163	skos:narrowMatch	ICD-10:B44.0	ordo.db
Aspergillosis	ordo	ORDO:1163	skos:narrowMatch	ICD-10:B44.1	ordo.db
Aspergillosis	ordo	ORDO:1163	skos:narrowMatch	ICD-10:B44.2	ordo.db
Aspergillosis	ordo	ORDO:1163	skos:narrowMatch	ICD-10:B44.7	ordo.db
Aspergillosis	ordo	ORDO:1163	skos:narrowMatch	ICD-10:B44.8	ordo.db
Aspergillosis	ordo	ORDO:1163	skos:narrowMatch	ICD-10:B44.9	ordo.db
Ataxia_Telangiectasia	ordo	ORDO:100	skos:broadMatch	ICD-10:G11.3	ordo.db
Ataxia_With_Oculomotor_Apraxia_Type_1	ordo	ORDO:1168	skos:broadMatch	ICD-10:G11.3	ordo.db
Atelosteogenesis_Type_I	ordo	ORDO:1190	skos:broadMatch	ICD-10:Q78.8	ordo.db
Atelosteogenesis_Type_II	ordo	ORDO:56304	skos:broadMatch	ICD-10:Q77.5	ordo.db
Atelosteogenesis_Type_III	ordo	ORDO:56305	skos:broadMatch	ICD-10:Q78.8	ordo.db
Atransferrinemia	ordo	ORDO:1195	skos:broadMatch	ICD-10:E88.0	ordo.db
Atypical_Hemolytic_Uremic_Syndrome	ordo	ORDO:2134	skos:broadMatch	ICD-10:D59.3	ordo.db
Auriculocondylar_Syndrome	ordo	ORDO:137888	skos:broadMatch	ICD-10:Q75.8	ordo.db
Autism_Spectrum_Disorder-Epilepsy-Arthrogryposis_Syndrome	ordo	ORDO:370943	skos:broadMatch	ICD-10:Q87.8	ordo.db
Autoimmune_Lymphoproliferative_Syndrome	mondo	MONDO:0017979	oio:hasDbXref	ICD10CM:D89.82	mondo.db
Autoimmune_Lymphoproliferative_Syndrome	mondo	MONDO:0017979	skos:exactMatch	ICD10CM:D89.82	mondo.db
Autoimmune_Lymphoproliferative_Syndrome	ordo	ORDO:3261	skos:broadMatch	ICD-10:D47.9	ordo.db
Autoimmune_Polyendocrine_Syndrome_Type_1	ordo	ORDO:3453	skos:broadMatch	ICD-10:E31.0	ordo.db
Autoimmune_Polyendocrinopathy	mondo	MONDO:0017278	oio:hasDbXref	ICD10CM:E31.0	mondo.db
Autoimmune_Polyendocrinopathy	mondo	MONDO:0017278	skos:exactMatch	ICD10CM:E31.0	mondo.db
Autoimmune_Polyendocrinopathy	ordo	ORDO:282196	skos:exactMatch	ICD-10:E31.0	ordo.db
Autosomal_Agammaglobulinemia	ordo	ORDO:33110	skos:broadMatch	ICD-10:D80.0	ordo.db
Autosomal_Dominant_Aplasia_And_Myelodysplasia	ordo	ORDO:314399	skos:broadMatch	ICD-10:D61.0	ordo.db
Autosomal_Dominant_Charcot-Marie-Tooth_Disease_Type_2W	ordo	ORDO:488333	skos:broadMatch	ICD-10:G60.0	ordo.db
Autosomal_Dominant_Epilepsy_with_Auditory_Features	ordo	ORDO:101046	skos:broadMatch	ICD-10:G40.0	ordo.db
Autosomal_Dominant_Hyper-IgE_Syndrome	ordo	ORDO:2314	skos:broadMatch	ICD-10:D82.4	ordo.db
Autosomal_Dominant_Optic_Atrophy_Plus	ordo	ORDO:1215	skos:broadMatch	ICD-10:H47.2	ordo.db
Autosomal_Dominant_Osteopetrosis_Type_I	ordo	ORDO:2783	skos:broadMatch	ICD-10:Q78.2	ordo.db
Autosomal_Dominant_Osteopetrosis_Type_II	ordo	ORDO:53	skos:broadMatch	ICD-10:Q78.2	ordo.db
Autosomal_Dominant_Polycystic_Kidney_Disease	ordo	ORDO:730	skos:exactMatch	ICD-10:Q61.2	ordo.db
Autosomal_Dominant_Polycystic_Liver_Disease	mondo	MONDO:0000447	oio:hasDbXref	ICD10CM:Q44.6	mondo.db
Autosomal_Dominant_Polycystic_Liver_Disease	mondo	MONDO:0000447	skos:exactMatch	ICD10CM:Q44.6	mondo.db
Autosomal_Dominant_Polycystic_Liver_Disease	ordo	ORDO:2924	skos:exactMatch	ICD-10:Q44.6	ordo.db
Autosomal_Dominant_Progressive_External_Ophthalmoplegia	ordo	ORDO:254892	skos:broadMatch	ICD-10:H49.4	ordo.db
Autosomal_Dominant_Striatal_Neurodegeneration	ordo	ORDO:228169	skos:broadMatch	ICD-10:G31.8	ordo.db
Autosomal_Recessive_Ataxia_Beauce_Type	ordo	ORDO:88644	skos:broadMatch	ICD-10:G11.2	ordo.db
Autosomal_Recessive_Ataxia_Due_to_Ubiquinone_Deficiency	ordo	ORDO:139485	skos:broadMatch	ICD-10:G11.1	ordo.db
Autosomal_Recessive_Cerebellar_Ataxia_With_Late_Onset_Spasticity	ordo	ORDO:352641	skos:broadMatch	ICD-10:G11.8	ordo.db
Autosomal_Recessive_Cutis_Laxa_Type_2A	ordo	ORDO:357058	skos:broadMatch	ICD-10:Q82.8	ordo.db
Autosomal_Recessive_Multiple_Pterygium_Syndrome	dismech	dismech:Autosomal_Recessive_Multiple_Pterygium_Syndrome	skos:broadMatch	ICD10CM:Q79.8	ORPHA:2990
Autosomal_Recessive_Multiple_Pterygium_Syndrome	ordo	ORDO:2990	skos:broadMatch	ICD-10:Q79.8	ordo.db
Autosomal_Recessive_Non-Syndromic_Intellectual_Disability	ordo	ORDO:88616	skos:narrowMatch	ICD-10:F70	ordo.db
Autosomal_Recessive_Non-Syndromic_Intellectual_Disability	ordo	ORDO:88616	skos:narrowMatch	ICD-10:F71	ordo.db
Autosomal_Recessive_Non-Syndromic_Intellectual_Disability	ordo	ORDO:88616	skos:narrowMatch	ICD-10:F72	ordo.db
Autosomal_Recessive_Non-Syndromic_Intellectual_Disability	ordo	ORDO:88616	skos:narrowMatch	ICD-10:F73	ordo.db
Autosomal_Recessive_Primary_Microcephaly	ordo	ORDO:2512	skos:broadMatch	ICD-10:Q02	ordo.db
Autosomal_Recessive_Robinow_Syndrome	ordo	ORDO:1507	skos:broadMatch	ICD-10:Q87.1	ordo.db
Autosomal_Recessive_Spinocerebellar_Ataxia_15	ordo	ORDO:404499	skos:broadMatch	ICD-10:G11.1	ordo.db
Autosomal_Recessive_Spinocerebellar_Ataxia_20	ordo	ORDO:397709	skos:broadMatch	ICD-10:Q87.8	ordo.db
Autosomal_Recessive_Spondylometaphyseal_Dysplasia_Megarbane_Type	ordo	ORDO:401979	skos:broadMatch	ICD-10:Q77.8	ordo.db
Axenfeld-Rieger_syndrome	ordo	ORDO:782	skos:broadMatch	ICD-10:Q13.8	ordo.db
B-Lymphoblastic_Leukemia_Lymphoma_With_Recurrent_Genetic_Abnormality	ordo	ORDO:585877	skos:broadMatch	ICD-10:C91.0	ordo.db
BBSome-Related_Retinitis_Pigmentosa	ordo	ORDO:791	skos:broadMatch	ICD-10:H35.5	ordo.db
BCKDK_Deficiency	ordo	ORDO:308410	skos:broadMatch	ICD-10:E71.1	ordo.db
BLOC1S1-related_Complex_Neurodevelopmental_Disorder_with_Leukodystrophy	ordo	ORDO:528084	skos:broadMatch	ICD-10:F84.8	ordo.db
Bachmann-Bupp_Syndrome	ordo	ORDO:544488	skos:broadMatch	ICD-10:E72.4	ordo.db
Bailey-Bloch_Congenital_Myopathy	ordo	ORDO:168572	skos:broadMatch	ICD-10:G71.2	ordo.db
Bainbridge-Ropers_Syndrome	ordo	ORDO:352577	skos:broadMatch	ICD-10:Q87.0	ordo.db
Bannayan-Riley-Ruvalcaba_Syndrome	mondo	MONDO:0007924	oio:hasDbXref	ICD10CM:E71.440	mondo.db
Bannayan-Riley-Ruvalcaba_Syndrome	mondo	MONDO:0007924	skos:exactMatch	ICD10CM:E71.440	mondo.db
Bannayan-Riley-Ruvalcaba_Syndrome	ordo	ORDO:109	skos:broadMatch	ICD-10:Q87.8	ordo.db
Baraitser-Winter_Cerebrofrontofacial_Syndrome	ordo	ORDO:2995	skos:broadMatch	ICD-10:Q87.0	ordo.db
Bardet-Biedl_Syndrome	ordo	ORDO:110	skos:broadMatch	ICD-10:Q87.8	ordo.db
Barth_Syndrome	mondo	MONDO:0010543	oio:hasDbXref	ICD10CM:E78.71	mondo.db
Barth_Syndrome	mondo	MONDO:0010543	skos:exactMatch	ICD10CM:E78.71	mondo.db
Barth_Syndrome	ordo	ORDO:111	skos:broadMatch	ICD-10:E71.1	ordo.db
Bartter_Syndrome	mondo	MONDO:0015231	oio:hasDbXref	ICD10CM:E26.81	mondo.db
Bartter_Syndrome	mondo	MONDO:0015231	skos:exactMatch	ICD10CM:E26.81	mondo.db
Bartter_Syndrome	ordo	ORDO:112	skos:broadMatch	ICD-10:E26.8	ordo.db
Basel-Vanagaite-Smirin-Yosef_Syndrome	ordo	ORDO:464738	skos:broadMatch	ICD-10:Q87.8	ordo.db
Bazex_Dupre_Christol_Syndrome	ordo	ORDO:113	skos:broadMatch	ICD-10:L98.8	ordo.db
Bazex_Dupre_Christol_Syndrome	ordo	ORDO:166113	skos:broadMatch	ICD-10:L44.8	ordo.db
Beare-Stevenson_Cutis_Gyrata_Syndrome	ordo	ORDO:1555	skos:broadMatch	ICD-10:Q87.8	ordo.db
Becker_Muscular_Dystrophy	ordo	ORDO:98895	skos:broadMatch	ICD-10:G71.0	ordo.db
Beckwith-Wiedemann_Syndrome	ordo	ORDO:116	skos:broadMatch	ICD-10:Q87.3	ordo.db
Behr_Syndrome	ordo	ORDO:1239	skos:broadMatch	ICD-10:H47.2	ordo.db
Benign_Familial_Infantile_Epilepsy	ordo	ORDO:306	skos:broadMatch	ICD-10:G40.3	ordo.db
Benign_Neonatal_Seizures	ordo	ORDO:1949	skos:broadMatch	ICD-10:G40.3	ordo.db
Berardinelli_Seip_Congenital_Lipodystrophy	ordo	ORDO:528	skos:broadMatch	ICD-10:E88.1	ordo.db
Bernard-Soulier_Syndrome	ordo	ORDO:274	skos:broadMatch	ICD-10:D69.1	ordo.db
Beta-Ketothiolase_Deficiency	ordo	ORDO:134	skos:broadMatch	ICD-10:E71.1	ordo.db
Beta_Mannosidosis	ordo	ORDO:118	skos:broadMatch	ICD-10:E77.1	ordo.db
Beta_Thalassemia	mondo	MONDO:0019402	oio:hasDbXref	ICD10CM:D56.1	mondo.db
Beta_Thalassemia	mondo	MONDO:0019402	skos:exactMatch	ICD10CM:D56.1	mondo.db
Beta_Thalassemia	ordo	ORDO:848	skos:exactMatch	ICD-10:D56.1	ordo.db
Bethlem_Myopathy	ordo	ORDO:610	skos:broadMatch	ICD-10:G71.0	ordo.db
Bietti_Crystalline_Dystrophy	ordo	ORDO:41751	skos:broadMatch	ICD-10:H35.5	ordo.db
Bilateral_Microtia-Deafness-Cleft_Palate_Syndrome	ordo	ORDO:140963	skos:broadMatch	ICD-10:Q87.0	ordo.db
Bilateral_Striopallidodentate_Calcinosis	ordo	ORDO:1980	skos:broadMatch	ICD-10:G23.8	ordo.db
Biotin_Thiamine_Responsive_Basal_Ganglia_Disease	ordo	ORDO:199348	skos:broadMatch	ICD-10:E51.2	ordo.db
Biotin_Thiamine_Responsive_Basal_Ganglia_Disease	ordo	ORDO:65284	skos:broadMatch	ICD-10:G93.8	ordo.db
Biotinidase_Deficiency	mondo	MONDO:0009665	oio:hasDbXref	ICD10CM:D81.810	mondo.db
Biotinidase_Deficiency	mondo	MONDO:0009665	skos:exactMatch	ICD10CM:D81.810	mondo.db
Biotinidase_Deficiency	ordo	ORDO:79241	skos:broadMatch	ICD-10:E53.8	ordo.db
Bjornstad_Syndrome	ordo	ORDO:123	skos:broadMatch	ICD-10:E88.8	ordo.db
Blau_Syndrome	ordo	ORDO:90340	skos:broadMatch	ICD-10:D89.8	ordo.db
Blepharophimosis-Impaired_Intellectual_Development_Syndrome	ordo	ORDO:637013	skos:broadMatch	ICD-10:Q87.0	ordo.db
Blepharophimosis_Intellectual_Disability_Syndrome_MKB_Type	ordo	ORDO:293707	skos:broadMatch	ICD-10:Q87.8	ordo.db
Blepharophimosis_Ptosis_and_Epicanthus_Inversus_Syndrome	ordo	ORDO:126	skos:broadMatch	ICD-10:Q10.3	ordo.db
Bloom_Syndrome	mondo	MONDO:0008876	oio:hasDbXref	ICD10CM:Q82.2	mondo.db
Bloom_Syndrome	mondo	MONDO:0008876	skos:closeMatch	ICD10CM:Q82.2	mondo.db
Bloom_Syndrome	ordo	ORDO:125	skos:broadMatch	ICD-10:Q82.8	ordo.db
Blue_Cone_Monochromacy	ordo	ORDO:16	skos:broadMatch	ICD-10:H53.5	ordo.db
Bohring-Opitz_syndrome	ordo	ORDO:97297	skos:broadMatch	ICD-10:Q87.8	ordo.db
Borjeson-Forssman-Lehmann_syndrome	ordo	ORDO:127	skos:broadMatch	ICD-10:Q87.8	ordo.db
Bosch-Boonstra-Schaaf_Optic_Atrophy_Syndrome	ordo	ORDO:401777	skos:broadMatch	ICD-10:H47.2	ordo.db
Bosma_Arhinia_Microphthalmia_Syndrome	ordo	ORDO:2250	skos:broadMatch	ICD-10:Q87.0	ordo.db
Boucher-Neuhauser_Syndrome	ordo	ORDO:1180	skos:broadMatch	ICD-10:G11.8	ordo.db
Brachydactyly_Type_A1	ordo	ORDO:93388	skos:broadMatch	ICD-10:Q73.8	ordo.db
Brachydactyly_Type_A2	ordo	ORDO:93396	skos:broadMatch	ICD-10:Q73.8	ordo.db
Brachydactyly_Type_B1	ordo	ORDO:572385	skos:broadMatch	ICD-10:Q73.8	ordo.db
Brachydactyly_Type_B2	ordo	ORDO:140908	skos:broadMatch	ICD-10:Q73.8	ordo.db
Brachydactyly_Type_C	ordo	ORDO:93384	skos:broadMatch	ICD-10:Q73.8	ordo.db
Brachyolmia-Amelogenesis_Imperfecta_Syndrome	ordo	ORDO:2899	skos:broadMatch	ICD-10:Q76.3	ordo.db
Brain_Small_Vessel_Disease_1_With_Or_Without_Ocular_Anomalies	ordo	ORDO:36383	skos:broadMatch	ICD-10:I67.8	ordo.db
Brittle_Cornea_Syndrome	ordo	ORDO:90354	skos:broadMatch	ICD-10:Q79.6	ordo.db
Brody_Myopathy	ordo	ORDO:53347	skos:broadMatch	ICD-10:G71.8	ordo.db
Brown-Vialetto-Van_Laere_Syndrome	ordo	ORDO:97229	skos:broadMatch	ICD-10:G12.2	ordo.db
Brugada_Syndrome	ordo	ORDO:130	skos:broadMatch	ICD-10:I49.8	ordo.db
Burn-McKeown_Syndrome	ordo	ORDO:1200	skos:broadMatch	ICD-10:Q87.8	ordo.db
CADASIL_Type_1	ordo	ORDO:136	skos:broadMatch	ICD-10:I67.8	ordo.db
CAGSSS_Syndrome	ordo	ORDO:436174	skos:broadMatch	ICD-10:E88.8	ordo.db
CALFAN_Syndrome	ordo	ORDO:466794	skos:broadMatch	ICD-10:G11.0	ordo.db
CANVAS	ordo	ORDO:139564	skos:broadMatch	ICD-10:G60.8	ordo.db
CANVAS	ordo	ORDO:504476	skos:broadMatch	ICD-10:G11.2	ordo.db
CAPN5-Related_Vitreoretinopathy	ordo	ORDO:329211	skos:broadMatch	ICD-10:H35.2	ordo.db
CAPOS_Syndrome	ordo	ORDO:1171	skos:broadMatch	ICD-10:G11.1	ordo.db
CATSHL_Syndrome	ordo	ORDO:85164	skos:broadMatch	ICD-10:Q87.2	ordo.db
CBL-related_Disorder	ordo	ORDO:363972	skos:narrowMatch	ICD-10:C93.3	ordo.db
CCDC115-CDG	ordo	ORDO:468684	skos:broadMatch	ICD-10:E77.8	ordo.db
CD16_Deficiency	ordo	ORDO:437552	skos:broadMatch	ICD-10:D84.8	ordo.db
CD27-related_lymphoproliferative_and_immune_disorder	ordo	ORDO:238505	skos:broadMatch	ICD-10:D47.9	ordo.db
CHARGE_Syndrome	ordo	ORDO:138	skos:broadMatch	ICD-10:Q87.8	ordo.db
CHD8-Related_Neurodevelopmental_Disorder_with_Overgrowth	ordo	ORDO:642675	skos:broadMatch	ICD-10:Q87.3	ordo.db
CHILD_Syndrome	ordo	ORDO:139	skos:broadMatch	ICD-10:Q87.8	ordo.db
CHOPS_Syndrome	ordo	ORDO:444077	skos:broadMatch	ICD-10:Q87.8	ordo.db
CHRNA1-associated_Fetal_Hypo-akinesia_Disorder_of_Prenatal_Onset	ordo	ORDO:33108	skos:broadMatch	ICD-10:Q79.8	ordo.db
CHST3-Related_Skeletal_Dysplasia	ordo	ORDO:263463	skos:broadMatch	ICD-10:Q74.8	ordo.db
CINCA_Syndrome	ordo	ORDO:1451	skos:broadMatch	ICD-10:E85.0	ordo.db
CLCN2-Related_Leukoencephalopathy	ordo	ORDO:363540	skos:broadMatch	ICD-10:E75.2	ordo.db
COFS_Syndrome	ordo	ORDO:1466	skos:broadMatch	ICD-10:Q87.1	ordo.db
COG1-congenital_disorder_of_glycosylation	ordo	ORDO:263508	skos:broadMatch	ICD-10:E77.8	ordo.db
COG4-Congenital_Disorder_of_Glycosylation	ordo	ORDO:263501	skos:broadMatch	ICD-10:E77.8	ordo.db
COG7-Congenital_Disorder_of_Glycosylation	ordo	ORDO:79333	skos:broadMatch	ICD-10:E77.8	ordo.db
COL11A2_Skeletal_Spectrum	ordo	ORDO:166100	skos:broadMatch	ICD-10:Q87.0	ordo.db
COPA_Syndrome	ordo	ORDO:444092	skos:broadMatch	ICD-10:M35.8	ordo.db
COQ4-Related_Neonatal_Encephalomyopathy	ordo	ORDO:457185	skos:broadMatch	ICD-10:E88.8	ordo.db
COX4I2-Related_Pancreatic_Insufficiency-Anemia-Hyperostosis_Syndrome	ordo	ORDO:199337	skos:broadMatch	ICD-10:E88.8	ordo.db
CPT1C-Related_Hereditary_Spastic_Paraplegia	ordo	ORDO:444099	skos:broadMatch	ICD-10:G11.4	ordo.db
CTCF-related_Neurodevelopmental_Disorder	ordo	ORDO:363611	skos:broadMatch	ICD-10:Q87.8	ordo.db
CTLA4_Haploinsufficiency	ordo	ORDO:436159	skos:broadMatch	ICD-10:D84.8	ordo.db
CTNNB1_Neurodevelopmental_Disorder	mondo	MONDO:0014035	oio:hasDbXref	ICD10CM:Q87.88	mondo.db
CTNNB1_Neurodevelopmental_Disorder	mondo	MONDO:0014035	skos:exactMatch	ICD10CM:Q87.88	mondo.db
CTNNB1_Neurodevelopmental_Disorder	ordo	ORDO:404473	skos:narrowMatch	ICD-10:G80.1	ordo.db
Calvarial_Doughnut_Lesions-bone_Fragility_Syndrome	ordo	ORDO:85192	skos:broadMatch	ICD-10:M85.8	ordo.db
Campomelic_Dysplasia	ordo	ORDO:140	skos:broadMatch	ICD-10:Q87.1	ordo.db
Camurati-Engelmann_Disease	mondo	MONDO:0007542	oio:hasDbXref	ICD10CM:Q78.3	mondo.db
Camurati-Engelmann_Disease	mondo	MONDO:0007542	skos:exactMatch	ICD10CM:Q78.3	mondo.db
Camurati-Engelmann_Disease	ordo	ORDO:1328	skos:exactMatch	ICD-10:Q78.3	ordo.db
Canavan_Disease	ordo	ORDO:141	skos:broadMatch	ICD-10:E75.2	ordo.db
Capillary_Malformation-Arteriovenous_Malformation_Syndrome	ordo	ORDO:137667	skos:broadMatch	ICD-10:Q27.3	ordo.db
Carbamoyl_Phosphate_Synthetase_I_Deficiency	ordo	ORDO:147	skos:broadMatch	ICD-10:E72.2	ordo.db
Carbonic_Anhydrase_VA_Deficiency	ordo	ORDO:401948	skos:broadMatch	ICD-10:E74.8	ordo.db
Cardiac_Facial_And_Digital_Anomalies_With_Developmental_Delay	ordo	ORDO:592570	skos:broadMatch	ICD-10:Q87.8	ordo.db
Cardiac_Valvular_Ehlers-Danlos_Syndrome	ordo	ORDO:230851	skos:broadMatch	ICD-10:Q79.6	ordo.db
Cardiofaciocutaneous_Syndrome	ordo	ORDO:1340	skos:broadMatch	ICD-10:Q87.8	ordo.db
Cardiomyopathy-Hypotonia-Lactic_Acidosis_Syndrome	ordo	ORDO:91130	skos:broadMatch	ICD-10:G71.3	ordo.db
Cardiospondylocarpofacial_Syndrome	ordo	ORDO:3238	skos:broadMatch	ICD-10:Q87.8	ordo.db
Carney_Complex	mondo	MONDO:0015285	oio:hasDbXref	ICD10CM:D44.8	mondo.db
Carney_Complex	mondo	MONDO:0015285	skos:relatedMatch	ICD10CM:D44.8	mondo.db
Carney_Complex	ordo	ORDO:1359	skos:broadMatch	ICD-10:D44.8	ordo.db
Carnitine-Acylcarnitine_Translocase_Deficiency	ordo	ORDO:159	skos:broadMatch	ICD-10:E71.3	ordo.db
Carnitine_Palmitoyltransferase_1A_Deficiency	ordo	ORDO:156	skos:broadMatch	ICD-10:E71.3	ordo.db
Carnitine_Palmitoyltransferase_II_Deficiency	ordo	ORDO:157	skos:broadMatch	ICD-10:E71.3	ordo.db
Caroli_Disease	ordo	ORDO:53035	skos:broadMatch	ICD-10:Q44.6	ordo.db
Cartilage-Hair_Hypoplasia	ordo	ORDO:175	skos:broadMatch	ICD-10:Q78.8	ordo.db
Central_Areolar_Choroidal_Dystrophy	mondo	MONDO:0008982	oio:hasDbXref	ICD10CM:H31.22	mondo.db
Central_Areolar_Choroidal_Dystrophy	mondo	MONDO:0008982	skos:exactMatch	ICD10CM:H31.22	mondo.db
Central_Areolar_Choroidal_Dystrophy	ordo	ORDO:75377	skos:broadMatch	ICD-10:H31.2	ordo.db
Central_Core_Myopathy	ordo	ORDO:597	skos:broadMatch	ICD-10:G71.2	ordo.db
Centronuclear_Myopathy	mondo	MONDO:0018947	oio:hasDbXref	ICD10CM:G71.22	mondo.db
Centronuclear_Myopathy	mondo	MONDO:0018947	skos:exactMatch	ICD10CM:G71.22	mondo.db
Cerebellar_Ataxia-Hypogonadism_Syndrome	ordo	ORDO:1173	skos:broadMatch	ICD-10:G11.8	ordo.db
Cerebellar_Ataxia_Intellectual_Disability_and_Dysequilibrium	ordo	ORDO:1766	skos:broadMatch	ICD-10:G11.8	ordo.db
Cerebral_Amyloid_Angiopathy	mondo	MONDO:0005620	oio:hasDbXref	ICD10CM:I68.0	mondo.db
Cerebral_Amyloid_Angiopathy	mondo	MONDO:0005620	skos:exactMatch	ICD10CM:I68.0	mondo.db
Cerebral_Amyloid_Angiopathy	ordo	ORDO:85458	skos:broadMatch	ICD-10:E85.4+	ordo.db
Cerebral_Amyloid_Angiopathy	ordo	ORDO:85458	skos:broadMatch	ICD-10:I68.0*	ordo.db
Cerebral_Palsy	mondo	MONDO:0006497	oio:hasDbXref	ICD10CM:G80	mondo.db
Cerebral_Palsy	mondo	MONDO:0006497	skos:exactMatch	ICD10CM:G80	mondo.db
Cerebrocostomandibular_Syndrome	ordo	ORDO:1393	skos:broadMatch	ICD-10:Q87.8	ordo.db
Cerebrotendinous_Xanthomatosis	ordo	ORDO:909	skos:broadMatch	ICD-10:E75.5	ordo.db
Cernunnos-XLF_deficiency	ordo	ORDO:169079	skos:broadMatch	ICD-10:D81.1	ordo.db
Charcot-Marie-Tooth_Disease_Axonal_Type_2C	ordo	ORDO:99937	skos:broadMatch	ICD-10:G60.0	ordo.db
Charcot-Marie-Tooth_Disease_Axonal_Type_2P	ordo	ORDO:300319	skos:broadMatch	ICD-10:G60.0	ordo.db
Charcot-Marie-Tooth_Disease_Axonal_Type_2T	ordo	ORDO:495274	skos:broadMatch	ICD-10:G60.0	ordo.db
Charcot-Marie-Tooth_Disease_Dominant_Intermediate_B	ordo	ORDO:100044	skos:broadMatch	ICD-10:G60.0	ordo.db
Charcot-Marie-Tooth_Disease_Dominant_Intermediate_E	ordo	ORDO:93114	skos:broadMatch	ICD-10:G60.0	ordo.db
Charcot-Marie-Tooth_Disease_Recessive_Intermediate_D	ordo	ORDO:435998	skos:broadMatch	ICD-10:G60.0	ordo.db
Charcot-Marie-Tooth_Disease_Type_4B3	ordo	ORDO:363981	skos:broadMatch	ICD-10:G60.0	ordo.db
Charcot-Marie-Tooth_Disease_Type_4D	ordo	ORDO:99950	skos:broadMatch	ICD-10:G60.0	ordo.db
Charcot-Marie-Tooth_Disease_Type_4K	ordo	ORDO:391351	skos:broadMatch	ICD-10:G60.0	ordo.db
Charlevoix-Saguenay_spastic_ataxia	ordo	ORDO:98	skos:broadMatch	ICD-10:G11.1	ordo.db
Chediak-Higashi_Syndrome	mondo	MONDO:0008963	oio:hasDbXref	ICD10CM:E70.330	mondo.db
Chediak-Higashi_Syndrome	mondo	MONDO:0008963	skos:exactMatch	ICD10CM:E70.330	mondo.db
Chediak-Higashi_Syndrome	ordo	ORDO:167	skos:broadMatch	ICD-10:E70.3	ordo.db
Cherubism	ordo	ORDO:184	skos:broadMatch	ICD-10:K10.8	ordo.db
Cholangiocarcinoma	ordo	ORDO:70567	skos:exactMatch	ICD-10:C22.1	ordo.db
Cholangiocarcinoma	ordo	ORDO:70567	skos:narrowMatch	ICD-10:C24.0	ordo.db
Cholangiocarcinoma	ordo	ORDO:70567	skos:narrowMatch	ICD-10:C24.8	ordo.db
Cholangiocarcinoma	ordo	ORDO:70567	skos:narrowMatch	ICD-10:C24.9	ordo.db
Cholesteryl_Ester_Storage_Disease	ordo	ORDO:75234	skos:broadMatch	ICD-10:E75.5	ordo.db
Chondrodysplasia_Blomstrand_Type	ordo	ORDO:50945	skos:broadMatch	ICD-10:Q78.8	ordo.db
Chondrodysplasia_Punctata_Tibial-metacarpal_Type	ordo	ORDO:79346	skos:broadMatch	ICD-10:Q77.3	ordo.db
Chondrodysplasia_With_Joint_Dislocations_gPAPP_Type	ordo	ORDO:280586	skos:broadMatch	ICD-10:M85.0	ordo.db
Chondrosarcoma	ordo	ORDO:55880	skos:broadMatch	ICD-10:C49.9	ordo.db
Chorea-acanthocytosis	ordo	ORDO:2388	skos:broadMatch	ICD-10:E78.6	ordo.db
Choroid_Plexus_Carcinoma	ordo	ORDO:251899	skos:broadMatch	ICD-10:C71.7	ordo.db
Choroideremia	mondo	MONDO:0010557	oio:hasDbXref	ICD10CM:H31.21	mondo.db
Choroideremia	mondo	MONDO:0010557	skos:exactMatch	ICD10CM:H31.21	mondo.db
Choroideremia	ordo	ORDO:180	skos:broadMatch	ICD-10:H31.2	ordo.db
Chromosome_17q12_Deletion_Syndrome	ordo	ORDO:261265	skos:broadMatch	ICD-10:Q93.5	ordo.db
Chromosome_18p_Deletion_Syndrome	ordo	ORDO:1598	skos:broadMatch	ICD-10:Q93.5	ordo.db
Chromosome_2q32-q33_Deletion_Syndrome	ordo	ORDO:251019	skos:broadMatch	ICD-10:Q93.5	ordo.db
Chromosome_2q32-q33_Deletion_Syndrome	ordo	ORDO:576283	skos:broadMatch	ICD-10:Q87.8	ordo.db
Chronic_Granulomatous_Disease	ordo	ORDO:379	skos:broadMatch	ICD-10:D71	ordo.db
Chronic_Intestinal_Pseudoobstruction	ordo	ORDO:2978	skos:broadMatch	ICD-10:K59.8	ordo.db
Chronic_Mucocutaneous_Candidiasis	ordo	ORDO:1334	skos:broadMatch	ICD-10:B37.2	ordo.db
Chronic_Neurovisceral_Acid_Sphingomyelinase_Deficiency	mondo	MONDO:0850058	oio:hasDbXref	ICD10CM:E75.244	mondo.db
Chronic_Neurovisceral_Acid_Sphingomyelinase_Deficiency	mondo	MONDO:0850058	skos:exactMatch	ICD10CM:E75.244	mondo.db
Chronic_Neurovisceral_Acid_Sphingomyelinase_Deficiency	ordo	ORDO:618891	skos:broadMatch	ICD-10:E75.2	ordo.db
Chung-Jansen_Syndrome	ordo	ORDO:589905	skos:broadMatch	ICD-10:Q87.8	ordo.db
Chuvash_Polycythemia	ordo	ORDO:238557	skos:broadMatch	ICD-10:D75.1	ordo.db
Citrullinemia_Type_I	ordo	ORDO:247525	skos:broadMatch	ICD-10:E72.2	ordo.db
Classic_Familial_Adenomatous_Polyposis	ordo	ORDO:733	skos:broadMatch	ICD-10:D12.6	ordo.db
Cleidocranial_Dysplasia	ordo	ORDO:1452	skos:broadMatch	ICD-10:Q74.0	ordo.db
Clouston_Syndrome	ordo	ORDO:189	skos:broadMatch	ICD-10:Q82.8	ordo.db
Coffin-Lowry_Syndrome	ordo	ORDO:192	skos:broadMatch	ICD-10:Q87.0	ordo.db
Coffin_Siris_Syndrome	ordo	ORDO:1465	skos:broadMatch	ICD-10:Q87.1	ordo.db
Cole-Carpenter_Syndrome	ordo	ORDO:2050	skos:broadMatch	ICD-10:Q78.0	ordo.db
Colobomatous_Microphthalmia-Rhizomelic_Dysplasia_Syndrome	ordo	ORDO:424099	skos:broadMatch	ICD-10:Q87.5	ordo.db
Combined_Immunodeficiency_Due_To_CD3gamma_Deficiency	ordo	ORDO:169082	skos:broadMatch	ICD-10:D81.2	ordo.db
Combined_Immunodeficiency_Due_To_CTPS1_Deficiency	ordo	ORDO:420573	skos:broadMatch	ICD-10:D81.2	ordo.db
Combined_Immunodeficiency_Due_To_GINS1_Deficiency	ordo	ORDO:505227	skos:broadMatch	ICD-10:D81.8	ordo.db
Combined_Malonic_and_Methylmalonic_Aciduria	ordo	ORDO:289504	skos:broadMatch	ICD-10:E71.1	ordo.db
Combined_Oxidative_Phosphorylation_Defect_Type_13	ordo	ORDO:319514	skos:broadMatch	ICD-10:E88.8	ordo.db
Combined_Oxidative_Phosphorylation_Defect_Type_21	ordo	ORDO:420733	skos:broadMatch	ICD-10:E88.8	ordo.db
Combined_Oxidative_Phosphorylation_Defect_Type_26	ordo	ORDO:477684	skos:broadMatch	ICD-10:E88.8	ordo.db
Combined_Oxidative_Phosphorylation_Defect_Type_30	ordo	ORDO:478042	skos:broadMatch	ICD-10:E88.8	ordo.db
Combined_Oxidative_Phosphorylation_Defect_Type_4	ordo	ORDO:254925	skos:broadMatch	ICD-10:E88.8	ordo.db
Combined_Oxidative_Phosphorylation_Defect_Type_7	ordo	ORDO:254930	skos:broadMatch	ICD-10:E88.8	ordo.db
Combined_Saposin_Deficiency	ordo	ORDO:139406	skos:broadMatch	ICD-10:E75.2	ordo.db
Congenital_Adrenal_Hyperplasia	ordo	ORDO:418	skos:exactMatch	ICD-10:E25.0	ordo.db
Congenital_Bilateral_Absence_of_Vas_Deferens	ordo	ORDO:48	skos:broadMatch	ICD-10:Q55.4	ordo.db
Congenital_Chloride_Diarrhea	ordo	ORDO:53689	skos:broadMatch	ICD-10:P78.3	ordo.db
Congenital_Dyserythropoietic_Anemia	mondo	MONDO:0019403	oio:hasDbXref	ICD10CM:D64.4	mondo.db
Congenital_Dyserythropoietic_Anemia	mondo	MONDO:0019403	skos:exactMatch	ICD10CM:D64.4	mondo.db
Congenital_Dyserythropoietic_Anemia	ordo	ORDO:85	skos:exactMatch	ICD-10:D64.4	ordo.db
Congenital_Fibrosis_of_the_Extraocular_Muscles	ordo	ORDO:45358	skos:broadMatch	ICD-10:H49.8	ordo.db
Congenital_Heart_Defects_and_Skeletal_Malformations_Syndrome	ordo	ORDO:643503	skos:broadMatch	ICD-10:Q87.8	ordo.db
Congenital_Hydrocephalus	mondo	MONDO:0016349	oio:hasDbXref	ICD10CM:Q03	mondo.db
Congenital_Hydrocephalus	mondo	MONDO:0016349	skos:exactMatch	ICD10CM:Q03	mondo.db
Congenital_Hydrocephalus	ordo	ORDO:2185	skos:narrowMatch	ICD-10:Q03.0	ordo.db
Congenital_Hydrocephalus	ordo	ORDO:2185	skos:narrowMatch	ICD-10:Q03.1	ordo.db
Congenital_Hydrocephalus	ordo	ORDO:2185	skos:narrowMatch	ICD-10:Q03.8	ordo.db
Congenital_Hydrocephalus	ordo	ORDO:2185	skos:narrowMatch	ICD-10:Q03.9	ordo.db
Congenital_Lactase_Deficiency	mondo	MONDO:0009115	oio:hasDbXref	ICD10CM:E73.0	mondo.db
Congenital_Lactase_Deficiency	mondo	MONDO:0009115	skos:exactMatch	ICD10CM:E73.0	mondo.db
Congenital_Lactase_Deficiency	ordo	ORDO:53690	skos:exactMatch	ICD-10:E73.0	ordo.db
Congenital_Myasthenic_Syndrome	ordo	ORDO:590	skos:exactMatch	ICD-10:G70.2	ordo.db
Congenital_Primary_Megaureter	ordo	ORDO:617	skos:exactMatch	ICD-10:Q62.2	ordo.db
Congenital_Sialidosis_Type_2	ordo	ORDO:93400	skos:broadMatch	ICD-10:E77.1	ordo.db
Congenital_Sodium_Diarrhea	ordo	ORDO:103908	skos:broadMatch	ICD-10:K90.8	ordo.db
Congenital_Stationary_Night_Blindness	ordo	ORDO:215	skos:broadMatch	ICD-10:H53.6	ordo.db
Congenital_Sucrase-Isomaltase_Deficiency	ordo	ORDO:35122	skos:broadMatch	ICD-10:E74.3	ordo.db
Congenital_Thrombotic_Thrombocytopenic_Purpura	ordo	ORDO:93583	skos:broadMatch	ICD-10:M31.1	ordo.db
Congenital_Tufting_Enteropathy	ordo	ORDO:92050	skos:broadMatch	ICD-10:P78.3	ordo.db
Congenital_Vertebral-Cardiac-Renal_Anomalies_Syndrome	ordo	ORDO:521438	skos:broadMatch	ICD-10:Q87.8	ordo.db
Constitutional_Mismatch_Repair_Deficiency	ordo	ORDO:252202	skos:broadMatch	ICD-10:D80.8	ordo.db
Cooks_Syndrome	ordo	ORDO:1487	skos:broadMatch	ICD-10:Q84.6	ordo.db
Cori_Forbes_Disease	mondo	MONDO:0009291	oio:hasDbXref	ICD10CM:E74.03	mondo.db
Cori_Forbes_Disease	mondo	MONDO:0009291	skos:exactMatch	ICD10CM:E74.03	mondo.db
Cori_Forbes_Disease	ordo	ORDO:366	skos:broadMatch	ICD-10:E74.0	ordo.db
Corneal_Dystrophy	ordo	ORDO:34533	skos:exactMatch	ICD-10:H18.5	ordo.db
Coronary_Artery_Congenital_Malformation	ordo	ORDO:1081	skos:exactMatch	ICD-10:Q24.5	ordo.db
Corpus_Callosum_Agenesis-Intellectual_Disability-Coloboma-Micrognathia_Syndrome	ordo	ORDO:52055	skos:broadMatch	ICD-10:Q87.8	ordo.db
Cortisone_Reductase_Deficiency	ordo	ORDO:168588	skos:broadMatch	ICD-10:E25.8	ordo.db
Costello_Syndrome	ordo	ORDO:3071	skos:broadMatch	ICD-10:Q87.8	ordo.db
Cowden_Syndrome	ordo	ORDO:201	skos:broadMatch	ICD-10:Q85.8	ordo.db
Cranioectodermal_Dysplasia	ordo	ORDO:1515	skos:broadMatch	ICD-10:Q87.5	ordo.db
Craniofacial-Deafness-Hand_Syndrome	ordo	ORDO:1529	skos:broadMatch	ICD-10:Q87.0	ordo.db
Craniometaphyseal_Dysplasia	ordo	ORDO:1522	skos:broadMatch	ICD-10:Q78.8	ordo.db
Creatine_Transporter_Deficiency	ordo	ORDO:52503	skos:broadMatch	ICD-10:E72.8	ordo.db
Crigler-Najjar_Syndrome	mondo	MONDO:0009044	oio:hasDbXref	ICD10CM:E80.5	mondo.db
Crigler-Najjar_Syndrome	mondo	MONDO:0009044	skos:exactMatch	ICD10CM:E80.5	mondo.db
Crigler-Najjar_Syndrome	ordo	ORDO:205	skos:exactMatch	ICD-10:E80.5	ordo.db
Crouzon_Syndrome	ordo	ORDO:207	skos:broadMatch	ICD-10:Q75.1	ordo.db
Crouzon_Syndrome_with_Acanthosis_Nigricans	ordo	ORDO:93262	skos:broadMatch	ICD-10:Q75.1	ordo.db
Cryoglobulinemic_Vasculitis	ordo	ORDO:91138	skos:broadMatch	ICD-10:D89.1	ordo.db
Cystinosis	mondo	MONDO:0016239	oio:hasDbXref	ICD10CM:E72.04	mondo.db
Cystinosis	mondo	MONDO:0016239	skos:exactMatch	ICD10CM:E72.04	mondo.db
Cystinosis	ordo	ORDO:213	skos:broadMatch	ICD-10:E72.0	ordo.db
Cystinuria	mondo	MONDO:0009067	oio:hasDbXref	ICD10CM:E72.01	mondo.db
Cystinuria	mondo	MONDO:0009067	skos:exactMatch	ICD10CM:E72.01	mondo.db
Cystinuria	ordo	ORDO:214	skos:broadMatch	ICD-10:E72.0	ordo.db
Czech_Dysplasia	ordo	ORDO:137678	skos:broadMatch	ICD-10:Q77.7	ordo.db
D-2-Hydroxyglutaric_Aciduria	ordo	ORDO:79315	skos:broadMatch	ICD-10:E72.8	ordo.db
DECR_Deficiency	ordo	ORDO:431361	skos:broadMatch	ICD-10:G31.8	ordo.db
DGAT1_Deficiency	ordo	ORDO:329242	skos:broadMatch	ICD-10:P78.3	ordo.db
DICER1_Tumor_Predisposition_Syndrome	ordo	ORDO:284343	skos:broadMatch	ICD-10:C34.8	ordo.db
DK1-congenital_disorder_of_glycosylation	ordo	ORDO:91131	skos:broadMatch	ICD-10:E77.8	ordo.db
DLG4-Related_Synaptopathy	mondo	MONDO:0032919	oio:hasDbXref	ICD10CM:QA0.0142	mondo.db
DLG4-Related_Synaptopathy	mondo	MONDO:0032919	skos:exactMatch	ICD10CM:QA0.0142	mondo.db
DONSON-Related_Microcephalic_Primordial_Dwarfism	ordo	ORDO:572761	skos:broadMatch	ICD-10:Q87.1	ordo.db
DOORS_Syndrome	ordo	ORDO:79500	skos:broadMatch	ICD-10:Q87.8	ordo.db
DPM2-congenital_disorder_of_glycosylation	ordo	ORDO:329178	skos:broadMatch	ICD-10:E77.8	ordo.db
DYRK1A_Syndrome	ordo	ORDO:464306	skos:broadMatch	ICD-10:Q87.8	ordo.db
Danon_disease	ordo	ORDO:34587	skos:broadMatch	ICD-10:E74.0	ordo.db
DeSanto-Shinawi_Syndrome	ordo	ORDO:466943	skos:broadMatch	ICD-10:Q87.0	ordo.db
Deficiency_of_Adenosine_Deaminase_2	ordo	ORDO:404553	skos:broadMatch	ICD-10:M30.8	ordo.db
Delpire-McNeill_Syndrome	ordo	ORDO:633024	skos:broadMatch	ICD-10:Q87.8	ordo.db
Dentatorubral-Pallidoluysian_Atrophy	ordo	ORDO:101	skos:broadMatch	ICD-10:G11.8	ordo.db
Denys-Drash_Syndrome	ordo	ORDO:220	skos:broadMatch	ICD-10:N04.1	ordo.db
Dermatosparaxis_Ehlers-Danlos_Syndrome	ordo	ORDO:1901	skos:broadMatch	ICD-10:Q79.6	ordo.db
Developmental_And_Epileptic_Encephalopathy_50	ordo	ORDO:448010	skos:broadMatch	ICD-10:E77.8	ordo.db
Diabetes_Mellitus	mondo	MONDO:0005015	oio:hasDbXref	ICD10CM:E08-E13	mondo.db
Diabetes_Mellitus	mondo	MONDO:0005015	skos:exactMatch	ICD10CM:E08-E13	mondo.db
Diamond-Blackfan_Anemia	ordo	ORDO:124	skos:broadMatch	ICD-10:D61.0	ordo.db
Diaphyseal_Medullary_Stenosis_With_Malignant_Fibrous_Histiocytoma	ordo	ORDO:85182	skos:broadMatch	ICD-10:M89.8	ordo.db
Diastrophic_Dysplasia	mondo	MONDO:0009107	oio:hasDbXref	ICD10CM:Q77.5	mondo.db
Diastrophic_Dysplasia	mondo	MONDO:0009107	skos:exactMatch	ICD10CM:Q77.5	mondo.db
Diastrophic_Dysplasia	ordo	ORDO:628	skos:exactMatch	ICD-10:Q77.5	ordo.db
Diffuse_Astrocytoma	ordo	ORDO:251595	skos:broadMatch	ICD-10:C71.9	ordo.db
Diffuse_Nonepidermolytic_Palmoplantar_Keratoderma	ordo	ORDO:530838	skos:broadMatch	ICD-10:Q82.8	ordo.db
Dihydropyrimidine_Dehydrogenase_Deficiency	ordo	ORDO:1675	skos:broadMatch	ICD-10:E79.8	ordo.db
Dimethylglycine_Dehydrogenase_Deficiency	ordo	ORDO:243343	skos:broadMatch	ICD-10:E72.5	ordo.db
Diphtheria	mondo	MONDO:0005504	oio:hasDbXref	ICD10CM:A36	mondo.db
Diphtheria	mondo	MONDO:0005504	skos:exactMatch	ICD10CM:A36	mondo.db
Diphtheria	ordo	ORDO:1679	skos:narrowMatch	ICD-10:A36.0	ordo.db
Diphtheria	ordo	ORDO:1679	skos:narrowMatch	ICD-10:A36.1	ordo.db
Diphtheria	ordo	ORDO:1679	skos:narrowMatch	ICD-10:A36.2	ordo.db
Diphtheria	ordo	ORDO:1679	skos:narrowMatch	ICD-10:A36.3	ordo.db
Diphtheria	ordo	ORDO:1679	skos:narrowMatch	ICD-10:A36.8	ordo.db
Diphtheria	ordo	ORDO:1679	skos:narrowMatch	ICD-10:A36.9	ordo.db
Dominant_Deafness-Onychodystrophy_Syndrome	ordo	ORDO:79499	skos:broadMatch	ICD-10:Q87.8	ordo.db
Donnai-Barrow_syndrome	ordo	ORDO:2143	skos:broadMatch	ICD-10:Q87.8	ordo.db
Dorfman_Chanarin_Disease	ordo	ORDO:98907	skos:broadMatch	ICD-10:E75.5	ordo.db
Double_Outlet_Right_Ventricle	mondo	MONDO:0018089	oio:hasDbXref	ICD10CM:Q20.1	mondo.db
Double_Outlet_Right_Ventricle	mondo	MONDO:0018089	skos:exactMatch	ICD10CM:Q20.1	mondo.db
Double_Outlet_Right_Ventricle	ordo	ORDO:3426	skos:exactMatch	ICD-10:Q20.1	ordo.db
Dowling-Degos_Disease	ordo	ORDO:79145	skos:broadMatch	ICD-10:L81.8	ordo.db
Du_Pan_Syndrome	ordo	ORDO:2639	skos:broadMatch	ICD-10:Q73.8	ordo.db
Duane_Radial_Ray_Syndrome	ordo	ORDO:93293	skos:broadMatch	ICD-10:Q87.8	ordo.db
Duane_Radial_Ray_Syndrome	ordo	ORDO:959	skos:broadMatch	ICD-10:Q87.8	ordo.db
Duane_Retraction_Syndrome	mondo	MONDO:0007473	oio:hasDbXref	ICD10CM:H50.81	mondo.db
Duane_Retraction_Syndrome	mondo	MONDO:0007473	skos:exactMatch	ICD10CM:H50.81	mondo.db
Duane_Retraction_Syndrome	ordo	ORDO:233	skos:broadMatch	ICD-10:H50.8	ordo.db
Dubin-Johnson_Syndrome	ordo	ORDO:234	skos:broadMatch	ICD-10:E80.6	ordo.db
Dyskeratosis_Congenita	ordo	ORDO:1775	skos:broadMatch	ICD-10:Q82.8	ordo.db
Dystrophic_Epidermolysis_Bullosa	dismech	dismech:Dystrophic_Epidermolysis_Bullosa	skos:exactMatch	ICD10CM:Q81.2	ICD-10-CM
Dystrophic_Epidermolysis_Bullosa	mondo	MONDO:0006543	oio:hasDbXref	ICD10CM:Q81.2	mondo.db
Dystrophic_Epidermolysis_Bullosa	mondo	MONDO:0006543	skos:exactMatch	ICD10CM:Q81.2	mondo.db
Dystrophic_Epidermolysis_Bullosa	ordo	ORDO:303	skos:exactMatch	ICD-10:Q81.2	ordo.db
ECHS1_Deficiency	ordo	ORDO:653880	skos:broadMatch	ICD-10:E71.1	ordo.db
EDAR_Hypohidrotic_Ectodermal_Dysplasia	ordo	ORDO:238468	skos:exactMatch	ICD-10:Q82.4	ordo.db
EDN3_EDNRB_Waardenburg_Shah	ordo	ORDO:897	skos:broadMatch	ICD-10:Q87.8	ordo.db
EML1_Ribbon_Heterotopia	ordo	ORDO:99796	skos:broadMatch	ICD-10:Q04.3	ordo.db
EVEN-PLUS_Syndrome	ordo	ORDO:496751	skos:broadMatch	ICD-10:Q87.8	ordo.db
Early-Onset_Autosomal_Dominant_Alzheimer_Disease	ordo	ORDO:1020	skos:broadMatch	ICD-10:G30.0	ordo.db
Ehlers-Danlos_Syndrome	mondo	MONDO:0020066	oio:hasDbXref	ICD10CM:Q79.6	mondo.db
Ehlers-Danlos_Syndrome	mondo	MONDO:0020066	skos:exactMatch	ICD10CM:Q79.6	mondo.db
Ehlers-Danlos_Syndrome	ordo	ORDO:98249	skos:exactMatch	ICD-10:Q79.6	ordo.db
Ellis-van_Creveld_Syndrome	mondo	MONDO:0009162	oio:hasDbXref	ICD10CM:Q77.6	mondo.db
Ellis-van_Creveld_Syndrome	mondo	MONDO:0009162	skos:exactMatch	ICD10CM:Q77.6	mondo.db
Ellis-van_Creveld_Syndrome	ordo	ORDO:289	skos:broadMatch	ICD-10:Q77.6	ordo.db
Elsahy-Waters_Syndrome	ordo	ORDO:1299	skos:broadMatch	ICD-10:Q87.8	ordo.db
Embryonal_Carcinoma	ordo	ORDO:180226	skos:narrowMatch	ICD-10:C22.7	ordo.db
Embryonal_Carcinoma	ordo	ORDO:180226	skos:narrowMatch	ICD-10:C71.9	ordo.db
Emery_Dreifuss_Muscular_Dystrophy	ordo	ORDO:261	skos:broadMatch	ICD-10:G71.0	ordo.db
Epidermolysis_Bullosa	dismech	dismech:Epidermolysis_Bullosa	skos:closeMatch	ICD10CM:Q81.9	ICD-10-CM
Epidermolysis_Bullosa	mondo	MONDO:0006541	oio:hasDbXref	ICD10CM:Q81	mondo.db
Epidermolysis_Bullosa	mondo	MONDO:0006541	skos:exactMatch	ICD10CM:Q81	mondo.db
Epidermolysis_Bullosa_Simplex	dismech	dismech:Epidermolysis_Bullosa_Simplex	skos:exactMatch	ICD10CM:Q81.0	ICD-10-CM
Epidermolysis_Bullosa_Simplex	mondo	MONDO:0017610	oio:hasDbXref	ICD10CM:Q81.0	mondo.db
Epidermolysis_Bullosa_Simplex	mondo	MONDO:0017610	skos:exactMatch	ICD10CM:Q81.0	mondo.db
Epidermolysis_Bullosa_Simplex	ordo	ORDO:304	skos:exactMatch	ICD-10:Q81.0	ordo.db
Epilepsy	mondo	MONDO:0005027	oio:hasDbXref	ICD10CM:G40	mondo.db
Epilepsy	mondo	MONDO:0005027	skos:exactMatch	ICD10CM:G40	mondo.db
Erythrokeratodermia_Variabilis	ordo	ORDO:316	skos:broadMatch	ICD-10:Q82.8	ordo.db
Erythrokeratodermia_Variabilis	ordo	ORDO:317	skos:broadMatch	ICD-10:Q82.8	ordo.db
Ethylmalonic_Encephalopathy	ordo	ORDO:51188	skos:broadMatch	ICD-10:E88.8	ordo.db
Ewing_Sarcoma	ordo	ORDO:319	skos:broadMatch	ICD-10:C40.0	ordo.db
Ewing_Sarcoma	ordo	ORDO:319	skos:broadMatch	ICD-10:C40.1	ordo.db
Ewing_Sarcoma	ordo	ORDO:319	skos:broadMatch	ICD-10:C40.2	ordo.db
Ewing_Sarcoma	ordo	ORDO:319	skos:broadMatch	ICD-10:C40.3	ordo.db
Ewing_Sarcoma	ordo	ORDO:319	skos:broadMatch	ICD-10:C41.2	ordo.db
Ewing_Sarcoma	ordo	ORDO:319	skos:broadMatch	ICD-10:C41.3	ordo.db
Ewing_Sarcoma	ordo	ORDO:319	skos:broadMatch	ICD-10:C41.4	ordo.db
FADD-related_Immunodeficiency	ordo	ORDO:306550	skos:broadMatch	ICD-10:D89.8	ordo.db
FGFR2-Related_Bent_Bone_Dysplasia	ordo	ORDO:313855	skos:broadMatch	ICD-10:M85.8	ordo.db
FG_Syndrome_1	ordo	ORDO:93932	skos:broadMatch	ICD-10:Q87.8	ordo.db
FILS_Syndrome	ordo	ORDO:352712	skos:broadMatch	ICD-10:Q87.1	ordo.db
FOLR1-Related_Cerebral_Folate_Transport_Deficiency	ordo	ORDO:217382	skos:broadMatch	ICD-10:G31.8	ordo.db
FOXP1_Syndrome	ordo	ORDO:391372	skos:broadMatch	ICD-10:Q87.0	ordo.db
Fabry_Disease	dismech	dismech:Fabry_Disease	skos:narrowMatch	ICD10CM:E75.2	ORPHA:324
Fabry_Disease	ordo	ORDO:324	skos:broadMatch	ICD-10:E75.2	ordo.db
Facioscapulohumeral_Muscular_Dystrophy	mondo	MONDO:0001347	oio:hasDbXref	ICD10CM:G71.02	mondo.db
Facioscapulohumeral_Muscular_Dystrophy	mondo	MONDO:0001347	skos:exactMatch	ICD10CM:G71.02	mondo.db
Facioscapulohumeral_Muscular_Dystrophy	ordo	ORDO:269	skos:broadMatch	ICD-10:G71.0	ordo.db
Familial_Atrial_Fibrillation	ordo	ORDO:334	skos:broadMatch	ICD-10:I48.9	ordo.db
Familial_Chylomicronemia_Syndrome	ordo	ORDO:444490	skos:broadMatch	ICD-10:E78.3	ordo.db
Familial_Cold_Autoinflammatory_Syndrome	ordo	ORDO:47045	skos:broadMatch	ICD-10:L50.2	ordo.db
Familial_Congenital_Mirror_Movements	ordo	ORDO:238722	skos:broadMatch	ICD-10:G25.8	ordo.db
Familial_Episodic_Pain_Syndrome_With_Predominantly_Lower_Limb_Involvement	ordo	ORDO:391392	skos:broadMatch	ICD-10:M79.6	ordo.db
Familial_Exudative_Vitreoretinopathy	ordo	ORDO:891	skos:broadMatch	ICD-10:H35.0	ordo.db
Familial_Focal_Epilepsy_With_Variable_Foci	ordo	ORDO:98820	skos:broadMatch	ICD-10:G40.0	ordo.db
Familial_Glucocorticoid_Deficiency	ordo	ORDO:361	skos:broadMatch	ICD-10:E27.1	ordo.db
Familial_Hemiplegic_Migraine	dismech	dismech:Familial_Hemiplegic_Migraine	skos:broadMatch	ICD10CM:G43.4	ICD10CM
Familial_Hyperaldosteronism_Type_I	mondo	MONDO:0007080	oio:hasDbXref	ICD10CM:E26.02	mondo.db
Familial_Hyperaldosteronism_Type_I	mondo	MONDO:0007080	skos:exactMatch	ICD10CM:E26.02	mondo.db
Familial_Hyperaldosteronism_Type_I	ordo	ORDO:403	skos:broadMatch	ICD-10:E26.0	ordo.db
Familial_Hypercholesterolemia	mondo	MONDO:0005439	oio:hasDbXref	ICD10CM:E78.01	mondo.db
Familial_Hypercholesterolemia	mondo	MONDO:0005439	skos:exactMatch	ICD10CM:E78.01	mondo.db
Familial_Hypocalciuric_Hypercalcemia_1	ordo	ORDO:93372	skos:broadMatch	ICD-10:E83.5	ordo.db
Familial_Isolated_Vitamin_E_Deficiency	ordo	ORDO:96	skos:broadMatch	ICD-10:G11.1	ordo.db
Familial_Mediterranean_Fever	ordo	ORDO:342	skos:broadMatch	ICD-10:E85.0	ordo.db
Familial_Renal_Glucosuria	ordo	ORDO:69076	skos:broadMatch	ICD-10:E74.8	ordo.db
Familial_Sleep_Related_Hypermotor_Epilepsy	ordo	ORDO:98784	skos:broadMatch	ICD-10:G40.0	ordo.db
Familial_Thoracic_Aortic_Aneurysm_and_Aortic_Dissection	ordo	ORDO:91387	skos:broadMatch	ICD-10:I71.2	ordo.db
Familial_Vesicoureteral_Reflux	ordo	ORDO:289365	skos:broadMatch	ICD-10:N13.7	ordo.db
Familial_Visceral_Amyloidosis	ordo	ORDO:85450	skos:broadMatch	ICD-10:E85.0	ordo.db
Fanconi-Bickel_Syndrome	ordo	ORDO:2088	skos:broadMatch	ICD-10:E74.0	ordo.db
Fanconi_Anemia	ordo	ORDO:84	skos:broadMatch	ICD-10:D61.0	ordo.db
Farber_Disease	ordo	ORDO:333	skos:broadMatch	ICD-10:E75.2	ordo.db
Fatal_Familial_Insomnia	mondo	MONDO:0010808	oio:hasDbXref	ICD10CM:A81.83	mondo.db
Fatal_Familial_Insomnia	mondo	MONDO:0010808	skos:exactMatch	ICD10CM:A81.83	mondo.db
Fatal_Familial_Insomnia	ordo	ORDO:466	skos:broadMatch	ICD-10:A81.8	ordo.db
Feingold_Syndrome	ordo	ORDO:1305	skos:broadMatch	ICD-10:Q87.8	ordo.db
Fibrochondrogenesis	ordo	ORDO:2021	skos:broadMatch	ICD-10:Q77.7	ordo.db
Fibrosarcoma	ordo	ORDO:2030	skos:broadMatch	ICD-10:C49.9	ordo.db
Filippi_Syndrome	ordo	ORDO:3255	skos:broadMatch	ICD-10:Q87.8	ordo.db
Finnish_Type_Amyloidosis	ordo	ORDO:85448	skos:broadMatch	ICD-10:E85.1	ordo.db
Floating-Harbor_syndrome	ordo	ORDO:2044	skos:broadMatch	ICD-10:Q87.8	ordo.db
Focal_Dermal_Hypoplasia	ordo	ORDO:2092	skos:broadMatch	ICD-10:Q82.8	ordo.db
Fontaine_Progeroid_Syndrome	ordo	ORDO:2095	skos:broadMatch	ICD-10:Q87.0	ordo.db
Fontaine_Progeroid_Syndrome	ordo	ORDO:2963	skos:broadMatch	ICD-10:E34.8	ordo.db
Fontaine_Progeroid_Syndrome	ordo	ORDO:697101	skos:broadMatch	ICD-10:Q87.8	ordo.db
Fountain_Syndrome	ordo	ORDO:3219	skos:broadMatch	ICD-10:Q87.8	ordo.db
Fragile_X-Associated_Primary_Ovarian_Insufficiency	ordo	ORDO:642691	skos:broadMatch	ICD-10:E28.3	ordo.db
Fragile_X-Associated_Tremor_Ataxia_Syndrome	ordo	ORDO:93256	skos:broadMatch	ICD-10:G11.2	ordo.db
Frasier_Syndrome	ordo	ORDO:347	skos:broadMatch	ICD-10:N04.1	ordo.db
Free_Sialic_Acid_Storage_Disease	ordo	ORDO:834	skos:broadMatch	ICD-10:E77.8	ordo.db
Frias_Syndrome	ordo	ORDO:264200	skos:broadMatch	ICD-10:Q93.5	ordo.db
Friedreich_Ataxia	mondo	MONDO:0100339	oio:hasDbXref	ICD10CM:G11.11	mondo.db
Friedreich_Ataxia	mondo	MONDO:0100339	skos:exactMatch	ICD10CM:G11.11	mondo.db
Friedreich_Ataxia	ordo	ORDO:95	skos:broadMatch	ICD-10:G11.1	ordo.db
Frontotemporal_Dementia	mondo	MONDO:0017276	oio:hasDbXref	ICD10CM:G31.0	mondo.db
Frontotemporal_Dementia	mondo	MONDO:0017276	skos:exactMatch	ICD10CM:G31.0	mondo.db
Fucosidosis	ordo	ORDO:349	skos:broadMatch	ICD-10:E77.1	ordo.db
Fuhrmann_Syndrome	ordo	ORDO:2854	skos:broadMatch	ICD-10:Q74.8	ordo.db
G6PC3_Deficiency	ordo	ORDO:331176	skos:broadMatch	ICD-10:D70	ordo.db
GLUT1_Deficiency_Syndrome	ordo	ORDO:71277	skos:broadMatch	ICD-10:E74.8	ordo.db
GM1_Gangliosidosis_Type_1	ordo	ORDO:79255	skos:broadMatch	ICD-10:E75.1	ordo.db
GM1_Gangliosidosis_Type_2	ordo	ORDO:79256	skos:broadMatch	ICD-10:E75.1	ordo.db
GM1_Gangliosidosis_Type_3	ordo	ORDO:79257	skos:broadMatch	ICD-10:E75.1	ordo.db
GM3_Synthase_Deficiency	ordo	ORDO:370933	skos:broadMatch	ICD-10:E77.8	ordo.db
GNE_Myopathy	ordo	ORDO:602	skos:broadMatch	ICD-10:G71.8	ordo.db
GNPTG-Mucolipidosis	ordo	ORDO:423470	skos:broadMatch	ICD-10:E77.0	ordo.db
GRIN2A-Related_Epileptic_Encephalopathy_and_Intellectual_Disability	ordo	ORDO:289266	skos:broadMatch	ICD-10:E72.1	ordo.db
Galactosemia	mondo	MONDO:0018116	oio:hasDbXref	ICD10CM:E74.21	mondo.db
Galactosemia	mondo	MONDO:0018116	skos:exactMatch	ICD10CM:E74.21	mondo.db
Galactosialidosis	ordo	ORDO:351	skos:broadMatch	ICD-10:E77.1	ordo.db
Galloway-Mowat_Syndrome	ordo	ORDO:2065	skos:broadMatch	ICD-10:Q04.3	ordo.db
Gaucher_Disease	mondo	MONDO:0018150	oio:hasDbXref	ICD10CM:E75.22	mondo.db
Gaucher_Disease	mondo	MONDO:0018150	skos:exactMatch	ICD10CM:E75.22	mondo.db
Gaucher_Disease	ordo	ORDO:355	skos:broadMatch	ICD-10:E75.2	ordo.db
Gaucher_Disease_Due_To_Saposin_C_Deficiency	ordo	ORDO:309252	skos:broadMatch	ICD-10:E75.2	ordo.db
Geleophysic_Dysplasia	ordo	ORDO:2623	skos:broadMatch	ICD-10:Q87.1	ordo.db
Generalized_Epilepsy_with_Febrile_Seizures_Plus	ordo	ORDO:36387	skos:broadMatch	ICD-10:G40.3	ordo.db
Genital_Lichen_Sclerosus	mondo	MONDO:0007899	oio:hasDbXref	ICD10CM:L90.0	mondo.db
Genital_Lichen_Sclerosus	mondo	MONDO:0007899	skos:exactMatch	ICD10CM:L90.0	mondo.db
Genitopatellar_Syndrome	ordo	ORDO:85201	skos:broadMatch	ICD-10:Q87.8	ordo.db
Gerstmann-Straussler-Scheinker_Syndrome	mondo	MONDO:0007656	oio:hasDbXref	ICD10CM:A81.82	mondo.db
Gerstmann-Straussler-Scheinker_Syndrome	mondo	MONDO:0007656	skos:exactMatch	ICD10CM:A81.82	mondo.db
Gerstmann-Straussler-Scheinker_Syndrome	ordo	ORDO:356	skos:broadMatch	ICD-10:A81.8	ordo.db
Giant_Axonal_Neuropathy_1	ordo	ORDO:643	skos:broadMatch	ICD-10:G60.8	ordo.db
Gilberts_Syndrome	mondo	MONDO:0007745	oio:hasDbXref	ICD10CM:E80.4	mondo.db
Gilberts_Syndrome	mondo	MONDO:0007745	skos:exactMatch	ICD10CM:E80.4	mondo.db
Gitelman_Syndrome	ordo	ORDO:358	skos:broadMatch	ICD-10:N15.8	ordo.db
Glanzmann_Thrombasthenia	ordo	ORDO:849	skos:broadMatch	ICD-10:D69.1	ordo.db
Glucose-Galactose_Malabsorption	ordo	ORDO:35710	skos:broadMatch	ICD-10:E74.3	ordo.db
Glutaryl-CoA_Dehydrogenase_Deficiency	ordo	ORDO:25	skos:broadMatch	ICD-10:E72.3	ordo.db
Glutathione_Synthetase_Deficiency	ordo	ORDO:32	skos:broadMatch	ICD-10:D55.1	ordo.db
Glycogen_Storage_Disease_Due_To_Aldolase_A_Deficiency	ordo	ORDO:57	skos:broadMatch	ICD-10:E74.0	ordo.db
Glycogen_Storage_Disease_Due_To_Lactate_Dehydrogenase_M-subunit_Deficiency	ordo	ORDO:284426	skos:broadMatch	ICD-10:E74.0	ordo.db
Glycogen_Storage_Disease_Due_to_Muscle_Beta-Enolase_Deficiency	ordo	ORDO:99849	skos:broadMatch	ICD-10:E74.0	ordo.db
Glycogen_Storage_Disease_Type_0b	ordo	ORDO:137625	skos:broadMatch	ICD-10:E74.0	ordo.db
Glycogen_Storage_Disease_Type_I	mondo	MONDO:0002413	oio:hasDbXref	ICD10CM:E74.01	mondo.db
Glycogen_Storage_Disease_Type_I	mondo	MONDO:0002413	skos:exactMatch	ICD10CM:E74.01	mondo.db
Glycogen_Storage_Disease_Type_I	ordo	ORDO:364	skos:broadMatch	ICD-10:E74.0	ordo.db
Glycogen_Storage_Disease_Type_IV	ordo	ORDO:367	skos:broadMatch	ICD-10:E74.0	ordo.db
Glycogen_Storage_Disease_Type_V	mondo	MONDO:0009293	oio:hasDbXref	ICD10CM:E74.04	mondo.db
Glycogen_Storage_Disease_Type_V	mondo	MONDO:0009293	skos:exactMatch	ICD10CM:E74.04	mondo.db
Glycogen_Storage_Disease_Type_V	ordo	ORDO:368	skos:broadMatch	ICD-10:E74.0	ordo.db
Glycogen_Storage_Disease_Type_VI	ordo	ORDO:369	skos:broadMatch	ICD-10:E74.0	ordo.db
Glycogen_Storage_Disease_Type_VII	ordo	ORDO:371	skos:broadMatch	ICD-10:E74.0	ordo.db
Glycogen_Storage_Disease_XV	ordo	ORDO:263297	skos:broadMatch	ICD-10:E74.0	ordo.db
Gnathodiaphyseal_Dysplasia	ordo	ORDO:53697	skos:broadMatch	ICD-10:M85.8	ordo.db
Gorlin_Syndrome	ordo	ORDO:377	skos:broadMatch	ICD-10:C44.9	ordo.db
Gray_Platelet_Syndrome	ordo	ORDO:721	skos:broadMatch	ICD-10:D69.1	ordo.db
Greenberg_Dysplasia	ordo	ORDO:1426	skos:broadMatch	ICD-10:Q77.3	ordo.db
Greig_Cephalopolysyndactyly	ordo	ORDO:380	skos:broadMatch	ICD-10:Q87.0	ordo.db
Guanidinoacetate_Methyltransferase_Deficiency	ordo	ORDO:382	skos:broadMatch	ICD-10:E72.8	ordo.db
Guillain_Barre_Syndrome	mondo	MONDO:0016218	oio:hasDbXref	ICD10CM:G61.0	mondo.db
Guillain_Barre_Syndrome	mondo	MONDO:0016218	skos:exactMatch	ICD10CM:G61.0	mondo.db
Guillain_Barre_Syndrome	ordo	ORDO:2103	skos:exactMatch	ICD-10:G61.0	ordo.db
HHAT-Related_Chondrodysplasia_with_46XY_Disorder_of_Sex_Development	ordo	ORDO:1422	skos:broadMatch	ICD-10:Q87.1	ordo.db
HSD10_Mitochondrial_Disease	ordo	ORDO:391417	skos:broadMatch	ICD-10:E72.8	ordo.db
H_Syndrome	ordo	ORDO:168569	skos:broadMatch	ICD-10:D76.3	ordo.db
Hairy_Cell_Leukemia	mondo	MONDO:0018935	oio:hasDbXref	ICD10CM:C91.4	mondo.db
Hairy_Cell_Leukemia	mondo	MONDO:0018935	skos:exactMatch	ICD10CM:C91.4	mondo.db
Hairy_Cell_Leukemia	ordo	ORDO:58017	skos:broadMatch	ICD-10:C91.4	ordo.db
Hajdu-Cheney_Syndrome	ordo	ORDO:955	skos:broadMatch	ICD-10:M89.5	ordo.db
Hallermann-Streiff_Syndrome	ordo	ORDO:2108	skos:broadMatch	ICD-10:Q87.0	ordo.db
Hand-Foot-Genital_Syndrome	ordo	ORDO:2438	skos:broadMatch	ICD-10:Q51.2	ordo.db
Hao-Fountain_syndrome	ordo	ORDO:643549	skos:broadMatch	ICD-10:Q87.0	ordo.db
Harderoporphyria	ordo	ORDO:659672	skos:broadMatch	ICD-10:E80.2	ordo.db
Hartnup_Disease	ordo	ORDO:2116	skos:broadMatch	ICD-10:E72.0	ordo.db
Hartsfield_Syndrome	ordo	ORDO:2117	skos:broadMatch	ICD-10:Q87.8	ordo.db
Heart_Defect_Tongue_Hamartoma_Polysyndactyly_Syndrome	ordo	ORDO:1338	skos:broadMatch	ICD-10:Q87.8	ordo.db
Heavy_Chain_Disease	mondo	MONDO:0019464	oio:hasDbXref	ICD10CM:C88.2	mondo.db
Heavy_Chain_Disease	mondo	MONDO:0019464	oio:hasDbXref	ICD10CM:C88.3	mondo.db
Heavy_Chain_Disease	mondo	MONDO:0019464	skos:exactMatch	ICD10CM:C88.2	mondo.db
Heavy_Chain_Disease	mondo	MONDO:0019464	skos:relatedMatch	ICD10CM:C88.3	mondo.db
Heavy_Chain_Disease	ordo	ORDO:86864	skos:narrowMatch	ICD-10:C88.2	ordo.db
Heavy_Chain_Disease	ordo	ORDO:86864	skos:narrowMatch	ICD-10:C88.3	ordo.db
Heme_Oxygenase_1_Deficiency	ordo	ORDO:562509	skos:broadMatch	ICD-10:E88.8	ordo.db
Hemochromatosis	mondo	MONDO:0006507	oio:hasDbXref	ICD10CM:E83.110	mondo.db
Hemochromatosis	mondo	MONDO:0006507	skos:exactMatch	ICD10CM:E83.110	mondo.db
Hemophagocytic_Lymphohistiocytosis	ordo	ORDO:540	skos:broadMatch	ICD-10:D76.1	ordo.db
Hemophilia_A	mondo	MONDO:0010602	oio:hasDbXref	ICD10CM:D66	mondo.db
Hemophilia_A	mondo	MONDO:0010602	skos:exactMatch	ICD10CM:D66	mondo.db
Hemophilia_A	ordo	ORDO:98878	skos:exactMatch	ICD-10:D66	ordo.db
Hepatic_Veno-occlusive_Disease-Immunodeficiency_Syndrome	ordo	ORDO:79124	skos:broadMatch	ICD-10:K76.5	ordo.db
Hereditary_Arterial_and_Articular_Multiple_Calcification_Syndrome	ordo	ORDO:289601	skos:broadMatch	ICD-10:I77.8	ordo.db
Hereditary_Diffuse_Leukoencephalopathy_with_Spheroids	ordo	ORDO:313808	skos:broadMatch	ICD-10:G93.4	ordo.db
Hereditary_Elliptocytosis	dismech	dismech:Hereditary_Elliptocytosis	skos:exactMatch	ICD10CM:D58.1	ORPHA:288
Hereditary_Elliptocytosis	mondo	MONDO:0017319	oio:hasDbXref	ICD10CM:D58.1	mondo.db
Hereditary_Elliptocytosis	mondo	MONDO:0017319	skos:exactMatch	ICD10CM:D58.1	mondo.db
Hereditary_Elliptocytosis	ordo	ORDO:288	skos:exactMatch	ICD-10:D58.1	ordo.db
Hereditary_Gingival_Fibromatosis	ordo	ORDO:2024	skos:broadMatch	ICD-10:K06.1	ordo.db
Hereditary_Hemorrhagic_Telangiectasia	mondo	MONDO:0019180	oio:hasDbXref	ICD10CM:I78.0	mondo.db
Hereditary_Hemorrhagic_Telangiectasia	mondo	MONDO:0019180	skos:exactMatch	ICD10CM:I78.0	mondo.db
Hereditary_Hemorrhagic_Telangiectasia	ordo	ORDO:774	skos:exactMatch	ICD-10:I78.0	ordo.db
Hereditary_Hyperekplexia	ordo	ORDO:3197	skos:broadMatch	ICD-10:G25.8	ordo.db
Hereditary_Intrinsic_Factor_Deficiency	ordo	ORDO:332	skos:broadMatch	ICD-10:D51.0	ordo.db
Hereditary_Leiomyomatosis_and_Renal_Cell_Cancer	ordo	ORDO:523	skos:broadMatch	ICD-10:C64	ordo.db
Hereditary_Methemoglobinemia	mondo	MONDO:0018963	oio:hasDbXref	ICD10CM:D74.0	mondo.db
Hereditary_Methemoglobinemia	mondo	MONDO:0018963	skos:exactMatch	ICD10CM:D74.0	mondo.db
Hereditary_Methemoglobinemia	ordo	ORDO:621	skos:broadMatch	ICD-10:D74.0	ordo.db
Hereditary_Neuropathy_with_Liability_to_Pressure_Palsies	ordo	ORDO:640	skos:broadMatch	ICD-10:G60.0	ordo.db
Hereditary_Orotic_Aciduria	ordo	ORDO:30	skos:broadMatch	ICD-10:E79.8	ordo.db
Hereditary_Pancreatitis	ordo	ORDO:676	skos:broadMatch	ICD-10:K86.1	ordo.db
Hereditary_Pheochromocytoma-Paraganglioma_Syndrome	ordo	ORDO:29072	skos:broadMatch	ICD-10:C74.1	ordo.db
Hereditary_Pheochromocytoma-Paraganglioma_Syndrome	ordo	ORDO:29072	skos:broadMatch	ICD-10:C75.5	ordo.db
Hereditary_Pheochromocytoma-Paraganglioma_Syndrome	ordo	ORDO:29072	skos:broadMatch	ICD-10:D35.0	ordo.db
Hereditary_Pheochromocytoma-Paraganglioma_Syndrome	ordo	ORDO:29072	skos:broadMatch	ICD-10:D35.6	ordo.db
Hereditary_Sensory_and_Autonomic_Neuropathy_Type_2	ordo	ORDO:970	skos:broadMatch	ICD-10:G60.8	ordo.db
Hereditary_Sensory_and_Autonomic_Neuropathy_Type_6	ordo	ORDO:314381	skos:broadMatch	ICD-10:G60.8	ordo.db
Hereditary_Spastic_Paraplegia	mondo	MONDO:0019064	oio:hasDbXref	ICD10CM:G11.4	mondo.db
Hereditary_Spastic_Paraplegia	mondo	MONDO:0019064	skos:exactMatch	ICD10CM:G11.4	mondo.db
Hereditary_Spastic_Paraplegia	ordo	ORDO:685	skos:exactMatch	ICD-10:G11.4	ordo.db
Hereditary_Spastic_Paraplegia_11	ordo	ORDO:2822	skos:broadMatch	ICD-10:G11.4	ordo.db
Hereditary_Spastic_Paraplegia_44	ordo	ORDO:320401	skos:broadMatch	ICD-10:G11.4	ordo.db
Hereditary_Spastic_Paraplegia_46	ordo	ORDO:320391	skos:broadMatch	ICD-10:G11.4	ordo.db
Hereditary_Spastic_Paraplegia_48	ordo	ORDO:306511	skos:broadMatch	ICD-10:G11.4	ordo.db
Hereditary_Spastic_Paraplegia_49	ordo	ORDO:320385	skos:broadMatch	ICD-10:G11.4	ordo.db
Hereditary_Spastic_Paraplegia_7	ordo	ORDO:99013	skos:broadMatch	ICD-10:G11.4	ordo.db
Hereditary_Spherocytosis	dismech	dismech:Hereditary_Spherocytosis	skos:exactMatch	ICD10CM:D58.0	ORPHA:822
Hereditary_Spherocytosis	mondo	MONDO:0019350	oio:hasDbXref	ICD10CM:D58.0	mondo.db
Hereditary_Spherocytosis	mondo	MONDO:0019350	skos:exactMatch	ICD10CM:D58.0	mondo.db
Hereditary_Spherocytosis	ordo	ORDO:822	skos:exactMatch	ICD-10:D58.0	ordo.db
Hermansky_Pudlak_Syndrome	mondo	MONDO:0019312	oio:hasDbXref	ICD10CM:E70.331	mondo.db
Hermansky_Pudlak_Syndrome	mondo	MONDO:0019312	skos:exactMatch	ICD10CM:E70.331	mondo.db
Hermansky_Pudlak_Syndrome	ordo	ORDO:79430	skos:broadMatch	ICD-10:E70.3	ordo.db
Heyn-Sproul-Jackson_syndrome	ordo	ORDO:658595	skos:broadMatch	ICD-10:Q87.1	ordo.db
Histiocytoid_Cardiomyopathy	ordo	ORDO:137675	skos:broadMatch	ICD-10:I42.0	ordo.db
Hodgkin_Lymphoma	dismech	dismech:Hodgkin_Lymphoma	skos:closeMatch	ICD10CM:C81.9	ICD-10-CM
Hodgkin_Lymphoma	mondo	MONDO:0004952	oio:hasDbXref	ICD10CM:C81	mondo.db
Hodgkin_Lymphoma	mondo	MONDO:0004952	skos:exactMatch	ICD10CM:C81	mondo.db
Holocarboxylase_Synthetase_Deficiency	ordo	ORDO:79242	skos:broadMatch	ICD-10:E53.8	ordo.db
Homocystinuria	mondo	MONDO:0004737	oio:hasDbXref	ICD10CM:E72.11	mondo.db
Homocystinuria	mondo	MONDO:0004737	skos:exactMatch	ICD10CM:E72.11	mondo.db
Humeroradial_Synostosis	ordo	ORDO:3265	skos:broadMatch	ICD-10:Q74.0	ordo.db
Hunter_syndrome	mondo	MONDO:0010674	oio:hasDbXref	ICD10CM:E76.1	mondo.db
Hunter_syndrome	mondo	MONDO:0010674	skos:exactMatch	ICD10CM:E76.1	mondo.db
Hunter_syndrome	ordo	ORDO:580	skos:exactMatch	ICD-10:E76.1	ordo.db
Huntington_Disease	mondo	MONDO:0007739	oio:hasDbXref	ICD10CM:G10	mondo.db
Huntington_Disease	mondo	MONDO:0007739	skos:exactMatch	ICD10CM:G10	mondo.db
Huntington_Disease	ordo	ORDO:399	skos:exactMatch	ICD-10:G10	ordo.db
Huppke-Brendel_syndrome	ordo	ORDO:300313	skos:broadMatch	ICD-10:E88.8	ordo.db
Hurler_syndrome	ordo	ORDO:93473	skos:broadMatch	ICD-10:E76.0	ordo.db
Hutchinson-Gilford_Progeria_Syndrome	ordo	ORDO:740	skos:broadMatch	ICD-10:E34.8	ordo.db
Hypereosinophilic_Syndrome	mondo	MONDO:0015691	oio:hasDbXref	ICD10CM:D72.11	mondo.db
Hypereosinophilic_Syndrome	mondo	MONDO:0015691	skos:exactMatch	ICD10CM:D72.11	mondo.db
Hyperornithinemia_Hyperammonemia_Homocitrullinuria_Syndrome	ordo	ORDO:415	skos:broadMatch	ICD-10:E72.4	ordo.db
Hyperostosis_Cranialis_Interna	ordo	ORDO:443098	skos:broadMatch	ICD-10:M85.2	ordo.db
Hypochondrogenesis	ordo	ORDO:93297	skos:broadMatch	ICD-10:Q77.0	ordo.db
Hypochondroplasia	ordo	ORDO:429	skos:broadMatch	ICD-10:Q77.4	ordo.db
Hypokalemic_Periodic_Paralysis	ordo	ORDO:681	skos:broadMatch	ICD-10:G72.3	ordo.db
Hypomyelinating_Leukodystrophy_10	ordo	ORDO:481152	skos:broadMatch	ICD-10:Q87.8	ordo.db
Hypophosphatasia	ordo	ORDO:436	skos:broadMatch	ICD-10:E83.3	ordo.db
Hypoplasminogenemia	ordo	ORDO:722	skos:broadMatch	ICD-10:L90.5	ordo.db
Hypotonia-Cystinuria_Syndrome	ordo	ORDO:163690	skos:broadMatch	ICD-10:E72.0	ordo.db
Hypotonia_Infantile_with_Psychomotor_Retardation_and_Characteristic_Facies_3	ordo	ORDO:488632	skos:broadMatch	ICD-10:Q87.0	ordo.db
Hypotrichosis_with_Juvenile_Macular_Dystrophy	ordo	ORDO:1573	skos:broadMatch	ICD-10:Q84.0	ordo.db
IGF1_Deficiency	ordo	ORDO:73272	skos:broadMatch	ICD-10:E34.3	ordo.db
IKK2_Deficiency	ordo	ORDO:397787	skos:broadMatch	ICD-10:D81.2	ordo.db
IL21R_Deficiency	ordo	ORDO:357329	skos:broadMatch	ICD-10:D81.8	ordo.db
IMAGe_Syndrome	ordo	ORDO:85173	skos:broadMatch	ICD-10:Q87.1	ordo.db
IPEX_Syndrome	ordo	ORDO:37042	skos:broadMatch	ICD-10:E31.0	ordo.db
IRF1_Deficiency	ordo	ORDO:699615	skos:broadMatch	ICD-10:D84.8	ordo.db
IRF2BPL-Related_Neurodevelopmental_Disorder_with_Regression	ordo	ORDO:597623	skos:broadMatch	ICD-10:G93.8	ordo.db
IRIDA_Syndrome	ordo	ORDO:209981	skos:broadMatch	ICD-10:D50.8	ordo.db
IRX5-related_Craniofacial_Dysostosis_with_Osteopenia_Intellectual_Disability_and_Dental_Anomalies	ordo	ORDO:314555	skos:broadMatch	ICD-10:Q87.5	ordo.db
Idiopathic_Interstitial_Pneumonia	mondo	MONDO:0002429	oio:hasDbXref	ICD10CM:J84.11	mondo.db
Idiopathic_Interstitial_Pneumonia	mondo	MONDO:0002429	skos:exactMatch	ICD10CM:J84.11	mondo.db
Immunodeficiency_32B	ordo	ORDO:2566	skos:broadMatch	ICD-10:B27.0	ordo.db
Immunodeficiency_64	ordo	ORDO:664699	skos:broadMatch	ICD-10:D82.3	ordo.db
Immunodeficiency_69	ordo	ORDO:699618	skos:broadMatch	ICD-10:D84.8	ordo.db
Immunodeficiency_92	ordo	ORDO:697394	skos:broadMatch	ICD-10:D81.8	ordo.db
Immunodeficiency_Centromeric_Instability_Facial_Anomalies_Syndrome	ordo	ORDO:2268	skos:broadMatch	ICD-10:D84.8	ordo.db
Inborn_Disorder_of_Methionine_Cycle_and_Sulfur_Amino_Acid_Metabolism	ordo	ORDO:79173	skos:exactMatch	ICD-10:E72.1	ordo.db
Inclusion_Body_Myopathy_with_Paget_Disease_of_Bone_and_Frontotemporal_Dementia	ordo	ORDO:52430	skos:broadMatch	ICD-10:G71.8	ordo.db
Incontinentia_Pigmenti	mondo	MONDO:0010631	oio:hasDbXref	ICD10CM:Q82.3	mondo.db
Incontinentia_Pigmenti	mondo	MONDO:0010631	skos:exactMatch	ICD10CM:Q82.3	mondo.db
Incontinentia_Pigmenti	ordo	ORDO:464	skos:exactMatch	ICD-10:Q82.3	ordo.db
Infantile-Onset_Pompe_Disease	ordo	ORDO:308552	skos:broadMatch	ICD-10:E74.0	ordo.db
Infantile_Hypercalcemia	ordo	ORDO:300547	skos:broadMatch	ICD-10:E83.5	ordo.db
Infantile_Liver_Failure_Syndrome_1	ordo	ORDO:370088	skos:broadMatch	ICD-10:K72.0	ordo.db
Infantile_Parkinsonism-Dystonia	ordo	ORDO:238455	skos:broadMatch	ICD-10:G24.8	ordo.db
Inherited_Ichthyosis	mondo	MONDO:0015947	oio:hasDbXref	ICD10CM:Q80	mondo.db
Inherited_Ichthyosis	mondo	MONDO:0015947	skos:exactMatch	ICD10CM:Q80	mondo.db
Inherited_Porphyria	ordo	ORDO:738	skos:narrowMatch	ICD-10:E80.1	ordo.db
Inherited_Porphyria	ordo	ORDO:738	skos:narrowMatch	ICD-10:E80.2	ordo.db
Inherited_Retinal_Dystrophy	mondo	MONDO:0019118	oio:hasDbXref	ICD10CM:H35.5	mondo.db
Inherited_Retinal_Dystrophy	mondo	MONDO:0019118	skos:exactMatch	ICD10CM:H35.5	mondo.db
Intellectual_Developmental_Disorder_Autosomal_Dominant_72	ordo	ORDO:652487	skos:broadMatch	ICD-10:Q87.3	ordo.db
Intellectual_Disability_Anterior_Maxillary_Protrusion_and_Strabismus	ordo	ORDO:562559	skos:broadMatch	ICD-10:F72.8	ordo.db
Intellectual_Disability_Autosomal_Dominant_6	ordo	ORDO:589547	skos:broadMatch	ICD-10:G93.4	ordo.db
Invasive_Candidiasis	ordo	ORDO:636945	skos:broadMatch	ICD-10:B37.8	ordo.db
Isobutyryl-CoA_Dehydrogenase_Deficiency	ordo	ORDO:79159	skos:broadMatch	ICD-10:E71.1	ordo.db
Isolated_Growth_Hormone_Deficiency	ordo	ORDO:631	skos:broadMatch	ICD-10:E23.0	ordo.db
Isolated_Sedoheptulokinase_Deficiency	ordo	ORDO:440713	skos:broadMatch	ICD-10:E88.8	ordo.db
Isolated_Sulfite_Oxidase_Deficiency	ordo	ORDO:99731	skos:broadMatch	ICD-10:E72.1	ordo.db
Isolated_Woolly_Hair	ordo	ORDO:170	skos:broadMatch	ICD-10:Q84.1	ordo.db
Isovaleric_Acidemia	mondo	MONDO:0009475	oio:hasDbXref	ICD10CM:E71.110	mondo.db
Isovaleric_Acidemia	mondo	MONDO:0009475	skos:exactMatch	ICD10CM:E71.110	mondo.db
Isovaleric_Acidemia	ordo	ORDO:33	skos:broadMatch	ICD-10:E71.1	ordo.db
Jackson-Weiss_Syndrome	ordo	ORDO:1540	skos:broadMatch	ICD-10:Q87.8	ordo.db
Jeune_Asphyxiating_Thoracic_Dystrophy	ordo	ORDO:474	skos:broadMatch	ICD-10:Q77.2	ordo.db
Joint_Laxity_Short_Stature_and_Myopia	ordo	ORDO:527450	skos:broadMatch	ICD-10:Q87.5	ordo.db
Joubert_syndrome	ordo	ORDO:475	skos:broadMatch	ICD-10:Q04.3	ordo.db
Junctional_Epidermolysis_Bullosa	dismech	dismech:Junctional_Epidermolysis_Bullosa	skos:closeMatch	ICD10CM:Q81.1	ICD-10-CM
Juvenile-Onset_Diabetes_Mellitus_with_Central_and_Peripheral_Neurodegeneration	ordo	ORDO:445062	skos:broadMatch	ICD-10:G31.8	ordo.db
Juvenile_Amyotrophic_Lateral_Sclerosis	ordo	ORDO:300605	skos:broadMatch	ICD-10:G12.2	ordo.db
Juvenile_Open_Angle_Glaucoma	ordo	ORDO:98977	skos:broadMatch	ICD-10:H40.1	ordo.db
Juvenile_Polyposis_Syndrome	ordo	ORDO:2929	skos:broadMatch	ICD-10:D12.6	ordo.db
Juvenile_Sialidosis_Type_2	ordo	ORDO:93399	skos:broadMatch	ICD-10:E77.1	ordo.db
KBG_Syndrome	ordo	ORDO:2332	skos:broadMatch	ICD-10:Q87.8	ordo.db
KCNQ2_Developmental_and_Epileptic_Encephalopathy	ordo	ORDO:439218	skos:broadMatch	ICD-10:G40.4	ordo.db
KDM1A-Related_Neurodevelopmental_Disorder	ordo	ORDO:477993	skos:broadMatch	ICD-10:Q87.8	ordo.db
KMT2B-Related_Dystonia	ordo	ORDO:589618	skos:broadMatch	ICD-10:G24.8	ordo.db
Kabuki_Syndrome	ordo	ORDO:2322	skos:broadMatch	ICD-10:Q87.0	ordo.db
Kallmann_Syndrome	ordo	ORDO:478	skos:broadMatch	ICD-10:E23.0	ordo.db
Kanzaki_Disease	ordo	ORDO:79280	skos:broadMatch	ICD-10:E77.1	ordo.db
Karyomegalic_Interstitial_Nephritis	ordo	ORDO:401996	skos:broadMatch	ICD-10:N11.8	ordo.db
Kearns-Sayre_Syndrome	mondo	MONDO:0010787	oio:hasDbXref	ICD10CM:H49.81	mondo.db
Kearns-Sayre_Syndrome	mondo	MONDO:0010787	skos:exactMatch	ICD10CM:H49.81	mondo.db
Kearns-Sayre_Syndrome	ordo	ORDO:480	skos:broadMatch	ICD-10:H49.8	ordo.db
Keipert_syndrome	ordo	ORDO:2662	skos:broadMatch	ICD-10:Q87.0	ordo.db
Kennedy_Disease	ordo	ORDO:481	skos:broadMatch	ICD-10:G12.2	ordo.db
Keratoderma_Hereditarium_Mutilans	ordo	ORDO:494	skos:broadMatch	ICD-10:Q82.8	ordo.db
Keratosis_Follicularis_Spinulosa_Decalvans	ordo	ORDO:2340	skos:broadMatch	ICD-10:Q82.8	ordo.db
Keutel_Syndrome	ordo	ORDO:85202	skos:broadMatch	ICD-10:Q87.8	ordo.db
Kilquist_Syndrome	ordo	ORDO:633021	skos:broadMatch	ICD-10:Q87.8	ordo.db
Kindler_Epidermolysis_Bullosa	dismech	dismech:Kindler_Epidermolysis_Bullosa	skos:closeMatch	ICD10CM:Q81.8	ICD-10-CM
Kindler_Epidermolysis_Bullosa	ordo	ORDO:2908	skos:broadMatch	ICD-10:Q81.8	ordo.db
Kleefstra_Syndrome	ordo	ORDO:261494	skos:broadMatch	ICD-10:Q87.8	ordo.db
Klippel-Feil_Syndrome	mondo	MONDO:0001029	oio:hasDbXref	ICD10CM:Q76.1	mondo.db
Klippel-Feil_Syndrome	mondo	MONDO:0001029	skos:exactMatch	ICD10CM:Q76.1	mondo.db
Klippel-Feil_Syndrome	ordo	ORDO:2345	skos:exactMatch	ICD-10:Q76.1	ordo.db
Kniest_Dysplasia	ordo	ORDO:485	skos:broadMatch	ICD-10:Q77.7	ordo.db
Koolen_de_Vries_syndrome	ordo	ORDO:96169	skos:broadMatch	ICD-10:Q87.8	ordo.db
Kufor-Rakeb_syndrome	ordo	ORDO:306674	skos:broadMatch	ICD-10:G23.0	ordo.db
L-2-Hydroxyglutaric_Aciduria	ordo	ORDO:79314	skos:broadMatch	ICD-10:E72.8	ordo.db
L1_Syndrome	ordo	ORDO:275543	skos:broadMatch	ICD-10:Q04.8	ordo.db
LAMB1-Related_Cobblestone_Lissencephaly	ordo	ORDO:352682	skos:broadMatch	ICD-10:Q04.3	ordo.db
LIFR-Related_Stuve-Wiedemann_Syndrome	ordo	ORDO:3206	skos:broadMatch	ICD-10:Q78.8	ordo.db
LRBA_Deficiency	ordo	ORDO:445018	skos:broadMatch	ICD-10:D81.8	ordo.db
Labyrinthitis	mondo	MONDO:0002008	oio:hasDbXref	ICD10CM:H83.0	mondo.db
Labyrinthitis	mondo	MONDO:0002008	skos:exactMatch	ICD10CM:H83.0	mondo.db
Lafora_Disease	ordo	ORDO:501	skos:broadMatch	ICD-10:G40.3	ordo.db
Landau-Kleffner_Syndrome	ordo	ORDO:98818	skos:exactMatch	ICD-10:F80.3	ordo.db
Langer_Mesomelic_Dysplasia	ordo	ORDO:2632	skos:broadMatch	ICD-10:Q87.1	ordo.db
Larsen-like_Syndrome_B3GAT3_Type	ordo	ORDO:284139	skos:broadMatch	ICD-10:Q74.8	ordo.db
Larsen_Syndrome	ordo	ORDO:503	skos:broadMatch	ICD-10:Q74.8	ordo.db
Laryngotracheoesophageal_Cleft	ordo	ORDO:2004	skos:broadMatch	ICD-10:Q32.1	ordo.db
Late-Onset_Pompe_Disease	ordo	ORDO:420429	skos:broadMatch	ICD-10:E74.0	ordo.db
Late_Complement_Component_Deficiency	ordo	ORDO:169150	skos:broadMatch	ICD-10:D84.1	ordo.db
Leber_Hereditary_Optic_Neuropathy	ordo	ORDO:104	skos:broadMatch	ICD-10:H47.2	ordo.db
Leigh_Syndrome	mondo	MONDO:0009723	oio:hasDbXref	ICD10CM:G31.82	mondo.db
Leigh_Syndrome	mondo	MONDO:0009723	skos:exactMatch	ICD10CM:G31.82	mondo.db
Leigh_Syndrome	ordo	ORDO:506	skos:broadMatch	ICD-10:G31.8	ordo.db
Leiomyosarcoma	ordo	ORDO:64720	skos:broadMatch	ICD-10:C49.9	ordo.db
Leishmaniasis	mondo	MONDO:0011989	oio:hasDbXref	ICD10CM:B55	mondo.db
Leishmaniasis	mondo	MONDO:0011989	skos:exactMatch	ICD10CM:B55	mondo.db
Leishmaniasis	ordo	ORDO:507	skos:narrowMatch	ICD-10:B55.0	ordo.db
Leishmaniasis	ordo	ORDO:507	skos:narrowMatch	ICD-10:B55.1	ordo.db
Leishmaniasis	ordo	ORDO:507	skos:narrowMatch	ICD-10:B55.2	ordo.db
Leishmaniasis	ordo	ORDO:507	skos:narrowMatch	ICD-10:B55.9	ordo.db
Lenz-Majewski_hyperostotic_dwarfism	ordo	ORDO:2658	skos:broadMatch	ICD-10:Q87.1	ordo.db
Leri-Weill_Dyschondrosteosis	ordo	ORDO:240	skos:broadMatch	ICD-10:Q77.8	ordo.db
Lesch-Nyhan_Syndrome	mondo	MONDO:0010298	oio:hasDbXref	ICD10CM:E79.1	mondo.db
Lesch-Nyhan_Syndrome	mondo	MONDO:0010298	skos:exactMatch	ICD10CM:E79.1	mondo.db
Lesch-Nyhan_Syndrome	ordo	ORDO:510	skos:exactMatch	ICD-10:E79.1	ordo.db
Lethal_Polymalformative_Syndrome_Boissel_Type	ordo	ORDO:210144	skos:broadMatch	ICD-10:Q87.8	ordo.db
Leukocyte_Adhesion_Deficiency_Type_II	ordo	ORDO:99843	skos:broadMatch	ICD-10:D84.8	ordo.db
Liberfarb_syndrome	ordo	ORDO:589442	skos:broadMatch	ICD-10:Q87.8	ordo.db
Lichtenstein-Knorr_Syndrome	ordo	ORDO:448251	skos:broadMatch	ICD-10:G11.1	ordo.db
Liddle_Syndrome	ordo	ORDO:526	skos:broadMatch	ICD-10:I15.1	ordo.db
Lipoic_Acid_Synthetase_Deficiency	ordo	ORDO:401859	skos:broadMatch	ICD-10:E88.8	ordo.db
Lipoid_Proteinosis	ordo	ORDO:530	skos:broadMatch	ICD-10:E78.8	ordo.db
Liposarcoma	ordo	ORDO:69078	skos:broadMatch	ICD-10:C49.9	ordo.db
Lipoyl_Transferase_1_Deficiency	ordo	ORDO:401862	skos:broadMatch	ICD-10:E88.8	ordo.db
Loeys-Dietz_Syndrome	ordo	ORDO:60030	skos:broadMatch	ICD-10:Q87.4	ordo.db
Long-Chain_3-Hydroxyacyl-CoA_Dehydrogenase_Deficiency	ordo	ORDO:5	skos:broadMatch	ICD-10:E71.3	ordo.db
Long_QT_Syndrome	ordo	ORDO:101016	skos:broadMatch	ICD-10:I45.8	ordo.db
Lowe_Syndrome	ordo	ORDO:534	skos:broadMatch	ICD-10:E72.0	ordo.db
Lymphatic_Malformation_6	ordo	ORDO:568062	skos:broadMatch	ICD-10:Q82.0	ordo.db
Lymphomatoid_Granulomatosis	ordo	ORDO:86869	skos:broadMatch	ICD-10:C83.8	ordo.db
Lysinuric_Protein_Intolerance	ordo	ORDO:470	skos:broadMatch	ICD-10:E72.0	ordo.db
Lysosomal_Acid_Phosphatase_Deficiency	ordo	ORDO:35121	skos:broadMatch	ICD-10:E83.3	ordo.db
MED13L_Syndrome	ordo	ORDO:369891	skos:broadMatch	ICD-10:Q87.0	ordo.db
MED17-Related_Disorder	ordo	ORDO:402364	skos:broadMatch	ICD-10:Q04.3	ordo.db
MEDNIK_syndrome	ordo	ORDO:171851	skos:broadMatch	ICD-10:E83.0	ordo.db
MELAS_Syndrome	dismech	dismech:MELAS_Syndrome	skos:exactMatch	ICD10CM:E88.41	ICD-10-CM
MELAS_Syndrome	mondo	MONDO:0010789	oio:hasDbXref	ICD10CM:E88.41	mondo.db
MELAS_Syndrome	mondo	MONDO:0010789	skos:exactMatch	ICD10CM:E88.41	mondo.db
MELAS_Syndrome	ordo	ORDO:550	skos:broadMatch	ICD-10:G71.3	ordo.db
MEND_Syndrome	ordo	ORDO:401973	skos:broadMatch	ICD-10:Q87.8	ordo.db
MEPAN_Syndrome	ordo	ORDO:508093	skos:broadMatch	ICD-10:E88.8	ordo.db
MERRF_Syndrome	mondo	MONDO:0010790	oio:hasDbXref	ICD10CM:E88.42	mondo.db
MERRF_Syndrome	mondo	MONDO:0010790	skos:exactMatch	ICD10CM:E88.42	mondo.db
MERRF_Syndrome	ordo	ORDO:551	skos:broadMatch	ICD-10:G71.3	ordo.db
MGAT2-congenital_disorder_of_glycosylation	ordo	ORDO:79329	skos:broadMatch	ICD-10:E77.8	ordo.db
MHC_Class_II_Deficiency	ordo	ORDO:572	skos:exactMatch	ICD-10:D81.7	ordo.db
MICPCH_Syndrome	ordo	ORDO:163937	skos:broadMatch	ICD-10:Q04.3	ordo.db
MITF_Waardenburg_Tietz_Spectrum	ordo	ORDO:3440	skos:broadMatch	ICD-10:E70.3	ordo.db
MMACHC-related_Methylmalonic_Aciduria_and_Homocystinuria_cblC_Type	ordo	ORDO:79282	skos:broadMatch	ICD-10:D58.8	ordo.db
MPDU1-congenital_disorder_of_glycosylation	ordo	ORDO:79323	skos:broadMatch	ICD-10:E77.8	ordo.db
MPI-Congenital_Disorder_of_Glycosylation	ordo	ORDO:79319	skos:broadMatch	ICD-10:E77.8	ordo.db
MSMO1_Deficiency	ordo	ORDO:488168	skos:broadMatch	ICD-10:E88.8	ordo.db
MSTO1-Related_Mitochondrial_Myopathy	ordo	ORDO:502423	skos:broadMatch	ICD-10:G71.3	ordo.db
MTHFD1_Deficiency	ordo	ORDO:658813	skos:broadMatch	ICD-10:E88.8	ordo.db
MTO1_Deficiency	ordo	ORDO:314637	skos:broadMatch	ICD-10:E88.8	ordo.db
MUTYH-Associated_Polyposis	ordo	ORDO:247798	skos:broadMatch	ICD-10:D12.6	ordo.db
MYO6_Hearing_Loss	ordo	ORDO:87884	skos:exactMatch	ICD-10:H90.5	ordo.db
Mabry_Syndrome	ordo	ORDO:247262	skos:broadMatch	ICD-10:Q87.8	ordo.db
Machado_Joseph_Disease	ordo	ORDO:98757	skos:broadMatch	ICD-10:G11.8	ordo.db
Malan_Syndrome	ordo	ORDO:420179	skos:broadMatch	ICD-10:Q87.3	ordo.db
Malaria	mondo	MONDO:0005136	oio:hasDbXref	ICD10CM:B53	mondo.db
Malaria	mondo	MONDO:0005136	skos:exactMatch	ICD10CM:B53	mondo.db
Malaria	ordo	ORDO:673	skos:narrowMatch	ICD-10:B50.0	ordo.db
Malaria	ordo	ORDO:673	skos:narrowMatch	ICD-10:B50.8	ordo.db
Malaria	ordo	ORDO:673	skos:narrowMatch	ICD-10:B50.9	ordo.db
Malaria	ordo	ORDO:673	skos:narrowMatch	ICD-10:B51.0	ordo.db
Malaria	ordo	ORDO:673	skos:narrowMatch	ICD-10:B51.8	ordo.db
Malaria	ordo	ORDO:673	skos:narrowMatch	ICD-10:B51.9	ordo.db
Malaria	ordo	ORDO:673	skos:narrowMatch	ICD-10:B52.0	ordo.db
Malaria	ordo	ORDO:673	skos:narrowMatch	ICD-10:B52.8	ordo.db
Malaria	ordo	ORDO:673	skos:narrowMatch	ICD-10:B52.9	ordo.db
Malaria	ordo	ORDO:673	skos:narrowMatch	ICD-10:B53.0	ordo.db
Malaria	ordo	ORDO:673	skos:narrowMatch	ICD-10:B53.1	ordo.db
Malaria	ordo	ORDO:673	skos:narrowMatch	ICD-10:B53.8	ordo.db
Malaria	ordo	ORDO:673	skos:narrowMatch	ICD-10:B54	ordo.db
Malignant_Non_Dysgerminomatous_Germ_Cell_Tumor_Of_Ovary	ordo	ORDO:206538	skos:broadMatch	ICD-10:C56	ordo.db
Malignant_Peripheral_Nerve_Sheath_Tumor	ordo	ORDO:3148	skos:broadMatch	ICD-10:C47.9	ordo.db
Mandibulofacial_Dysostosis_With_Alopecia	ordo	ORDO:443995	skos:broadMatch	ICD-10:Q75.4	ordo.db
Mandibulofacial_Dysostosis_with_Microcephaly	ordo	ORDO:79113	skos:broadMatch	ICD-10:Q87.0	ordo.db
Maple_Syrup_Urine_Disease	mondo	MONDO:0009563	oio:hasDbXref	ICD10CM:E71.0	mondo.db
Maple_Syrup_Urine_Disease	mondo	MONDO:0009563	skos:exactMatch	ICD10CM:E71.0	mondo.db
Maple_Syrup_Urine_Disease	ordo	ORDO:511	skos:exactMatch	ICD-10:E71.0	ordo.db
Marden-Walker_Syndrome	ordo	ORDO:2461	skos:broadMatch	ICD-10:Q87.0	ordo.db
Marfanoid_Progeroid_Lipodystrophy_Syndrome	ordo	ORDO:300382	skos:broadMatch	ICD-10:E88.1	ordo.db
Marinesco-Sjogren_Syndrome	ordo	ORDO:559	skos:broadMatch	ICD-10:G11.1	ordo.db
Maroteaux-Lamy_syndrome	ordo	ORDO:583	skos:broadMatch	ICD-10:E76.2	ordo.db
Marshall-Smith_Syndrome	ordo	ORDO:561	skos:broadMatch	ICD-10:Q87.3	ordo.db
McKusick-Kaufman_Syndrome	ordo	ORDO:2473	skos:broadMatch	ICD-10:Q87.8	ordo.db
McLeod_Neuroacanthocytosis_Syndrome	ordo	ORDO:59306	skos:broadMatch	ICD-10:G10	ordo.db
Meacham_syndrome	ordo	ORDO:3097	skos:broadMatch	ICD-10:Q87.8	ordo.db
Meckel_Syndrome	ordo	ORDO:564	skos:broadMatch	ICD-10:Q61.9	ordo.db
Meier-Gorlin_Syndrome	ordo	ORDO:2554	skos:broadMatch	ICD-10:Q87.1	ordo.db
Mendelian_Susceptibility_To_Mycobacterial_Diseases_Due_To_Complete_IL12B_Deficiency	ordo	ORDO:319558	skos:broadMatch	ICD-10:D84.8	ordo.db
Mendelian_Susceptibility_To_Mycobacterial_Diseases_Due_To_Partial_IRF8_Deficiency	ordo	ORDO:319600	skos:broadMatch	ICD-10:D84.8	ordo.db
Meningioma	ordo	ORDO:2495	skos:broadMatch	ICD-10:D32.9	ordo.db
Menkes_Disease	dismech	dismech:Menkes_Disease	skos:closeMatch	ICD10CM:E83.00	ICD-10-CM
Menkes_Disease	ordo	ORDO:565	skos:broadMatch	ICD-10:E83.0	ordo.db
Mesomelia-Synostoses_Syndrome	ordo	ORDO:2496	skos:broadMatch	ICD-10:Q74.8	ordo.db
Mesomelic_Dysplasia_Kantaputra_Type	ordo	ORDO:1836	skos:broadMatch	ICD-10:Q78.8	ordo.db
Mesomelic_Dysplasia_Savarirayan_Type	ordo	ORDO:85170	skos:broadMatch	ICD-10:Q78.8	ordo.db
Metaphyseal_Anadysplasia	ordo	ORDO:1040	skos:broadMatch	ICD-10:Q78.5	ordo.db
Metaphyseal_Chondrodysplasia_Jansen_Type	ordo	ORDO:33067	skos:broadMatch	ICD-10:Q78.5	ordo.db
Metaphyseal_Chondrodysplasia_Schmid_Type	ordo	ORDO:174	skos:broadMatch	ICD-10:Q78.5	ordo.db
Metaphyseal_Dysplasia_Spahr_Type	ordo	ORDO:2501	skos:broadMatch	ICD-10:Q78.5	ordo.db
Metaphyseal_Dysplasia_with_Maxillary_Hypoplasia_and_Brachydactyly	ordo	ORDO:2504	skos:broadMatch	ICD-10:Q77.8	ordo.db
Metatropic_Dysplasia	ordo	ORDO:2635	skos:broadMatch	ICD-10:Q77.8	ordo.db
Methylcobalamin_Deficiency_Type_cblE	ordo	ORDO:2169	skos:broadMatch	ICD-10:E72.1	ordo.db
Methylcobalamin_Deficiency_Type_cblG	ordo	ORDO:2170	skos:broadMatch	ICD-10:E72.1	ordo.db
Methylmalonate_Semialdehyde_Dehydrogenase_Deficiency	ordo	ORDO:289307	skos:broadMatch	ICD-10:E71.1	ordo.db
Methylmalonic_Acidemia	mondo	MONDO:0002012	oio:hasDbXref	ICD10CM:E71.120	mondo.db
Methylmalonic_Acidemia	mondo	MONDO:0002012	skos:exactMatch	ICD10CM:E71.120	mondo.db
Methylmalonic_Acidemia_With_Homocystinuria_Type_cblJ	ordo	ORDO:369955	skos:broadMatch	ICD-10:E71.1	ordo.db
Methylmalonic_Aciduria_cblA_Type	ordo	ORDO:79310	skos:broadMatch	ICD-10:E71.1	ordo.db
Mevalonate_Kinase_Deficiency	ordo	ORDO:309025	skos:broadMatch	ICD-10:E88.8	ordo.db
Microcephalic_Osteodysplastic_Primordial_Dwarfism_Type_II	ordo	ORDO:2637	skos:broadMatch	ICD-10:Q87.1	ordo.db
Microcephaly-Capillary_Malformation_Syndrome	ordo	ORDO:294016	skos:broadMatch	ICD-10:Q87.8	ordo.db
Microcytic_Anemia_With_Liver_Iron_Overload	ordo	ORDO:83642	skos:broadMatch	ICD-10:D50.8	ordo.db
Microphthalmia_with_Coloboma	ordo	ORDO:98938	skos:broadMatch	ICD-10:Q11.2	ordo.db
Microvillus_Inclusion_Disease	ordo	ORDO:2290	skos:broadMatch	ICD-10:P78.3	ordo.db
Miller-Dieker_Lissencephaly_Syndrome	ordo	ORDO:531	skos:broadMatch	ICD-10:Q04.3	ordo.db
Mitochondrial_Complex_II_Deficiency_Nuclear_Type_1	ordo	ORDO:3208	skos:broadMatch	ICD-10:G71.3	ordo.db
Mitochondrial_DNA_Depletion_Syndrome_7	ordo	ORDO:1186	skos:broadMatch	ICD-10:G11.1	ordo.db
Mitochondrial_Neurogastrointestinal_Encephalomyopathy	ordo	ORDO:298	skos:broadMatch	ICD-10:G71.3	ordo.db
Mitochondrial_Trifunctional_Protein_Deficiency	ordo	ORDO:746	skos:broadMatch	ICD-10:G71.3	ordo.db
Mixed_Germ_Cell_Tumor	ordo	ORDO:180234	skos:broadMatch	ICD-10:C80.9	ordo.db
Mixed_Phenotype_Acute_Leukemia	ordo	ORDO:530995	skos:broadMatch	ICD-10:C95.0	ordo.db
Molybdenum_Cofactor_Deficiency_Type_A	ordo	ORDO:308386	skos:broadMatch	ICD-10:E72.1	ordo.db
Morquio_syndrome	ordo	ORDO:582	skos:broadMatch	ICD-10:E76.2	ordo.db
Mosaic_Variegated_Aneuploidy_Syndrome	ordo	ORDO:1052	skos:broadMatch	ICD-10:Q99.8	ordo.db
Mowat-Wilson_syndrome	ordo	ORDO:2152	skos:broadMatch	ICD-10:Q43.1	ordo.db
Muckle-Wells_Syndrome	ordo	ORDO:575	skos:broadMatch	ICD-10:E85.0	ordo.db
Mucolipidosis_Type_II	ordo	ORDO:576	skos:broadMatch	ICD-10:E77.0	ordo.db
Mucolipidosis_Type_III_Alpha_Beta	ordo	ORDO:423461	skos:broadMatch	ICD-10:E77.0	ordo.db
Mucolipidosis_Type_III_Alpha_Beta	ordo	ORDO:577	skos:broadMatch	ICD-10:E77.0	ordo.db
Mucolipidosis_Type_IV	mondo	MONDO:0009653	oio:hasDbXref	ICD10CM:E75.11	mondo.db
Mucolipidosis_Type_IV	mondo	MONDO:0009653	skos:exactMatch	ICD10CM:E75.11	mondo.db
Mucolipidosis_Type_IV	ordo	ORDO:578	skos:broadMatch	ICD-10:E75.1	ordo.db
Mucopolysaccharidosis-Plus_Syndrome	ordo	ORDO:505248	skos:broadMatch	ICD-10:Q87.8	ordo.db
Mucopolysaccharidosis_type_IX	ordo	ORDO:67041	skos:broadMatch	ICD-10:E76.2	ordo.db
Mucopolysaccharidosis_type_X	ordo	ORDO:662216	skos:broadMatch	ICD-10:E76.2	ordo.db
Muenke_Syndrome	ordo	ORDO:53271	skos:broadMatch	ICD-10:Q87.0	ordo.db
Muggenthaler-Chowdhury-Chioza_Syndrome	ordo	ORDO:508476	skos:broadMatch	ICD-10:Q87.8	ordo.db
Multiminicore_Disease	ordo	ORDO:598	skos:broadMatch	ICD-10:G71.2	ordo.db
Multiple_Acyl-CoA_Dehydrogenase_Deficiency	mondo	MONDO:0009282	oio:hasDbXref	ICD10CM:E71.313	mondo.db
Multiple_Acyl-CoA_Dehydrogenase_Deficiency	mondo	MONDO:0009282	skos:exactMatch	ICD10CM:E71.313	mondo.db
Multiple_Acyl-CoA_Dehydrogenase_Deficiency	ordo	ORDO:26791	skos:broadMatch	ICD-10:E71.3	ordo.db
Multiple_Endocrine_Neoplasia_Type_1	mondo	MONDO:0007540	oio:hasDbXref	ICD10CM:E31.21	mondo.db
Multiple_Endocrine_Neoplasia_Type_1	mondo	MONDO:0007540	skos:exactMatch	ICD10CM:E31.21	mondo.db
Multiple_Endocrine_Neoplasia_Type_1	ordo	ORDO:652	skos:broadMatch	ICD-10:D44.8	ordo.db
Multiple_Epiphyseal_Dysplasia_Al-Gazali_Type	ordo	ORDO:166024	skos:broadMatch	ICD-10:Q77.3	ordo.db
Multiple_Synostoses_Syndrome	ordo	ORDO:3237	skos:broadMatch	ICD-10:Q78.8	ordo.db
Multisystemic_Smooth_Muscle_Dysfunction_Syndrome	ordo	ORDO:404463	skos:broadMatch	ICD-10:I73.8	ordo.db
Muscular_Dystrophy_Limb-girdle_Autosomal_Recessive_28	ordo	ORDO:653725	skos:broadMatch	ICD-10:G71.0	ordo.db
Musculocontractural_Ehlers-Danlos_Syndrome	ordo	ORDO:2953	skos:broadMatch	ICD-10:Q79.6	ordo.db
Mycetoma	mondo	MONDO:0016823	oio:hasDbXref	ICD10CM:B47	mondo.db
Mycetoma	mondo	MONDO:0016823	skos:exactMatch	ICD10CM:B47	mondo.db
Mycetoma	ordo	ORDO:2583	skos:narrowMatch	ICD-10:B47.0	ordo.db
Mycetoma	ordo	ORDO:2583	skos:narrowMatch	ICD-10:B47.1	ordo.db
Mycetoma	ordo	ORDO:2583	skos:narrowMatch	ICD-10:B47.9	ordo.db
Mycosis_Fungoides	mondo	MONDO:0009691	oio:hasDbXref	ICD10CM:C84.0	mondo.db
Mycosis_Fungoides	mondo	MONDO:0009691	skos:exactMatch	ICD10CM:C84.0	mondo.db
Mycosis_Fungoides	ordo	ORDO:2584	skos:broadMatch	ICD-10:C84.0	ordo.db
Myhre_Syndrome	ordo	ORDO:2588	skos:broadMatch	ICD-10:Q87.8	ordo.db
Myiasis	mondo	MONDO:0019147	oio:hasDbXref	ICD10CM:B87	mondo.db
Myiasis	mondo	MONDO:0019147	skos:exactMatch	ICD10CM:B87	mondo.db
Myiasis	ordo	ORDO:75110	skos:exactMatch	ICD-10:B87	ordo.db
Myocarditis	mondo	MONDO:0004496	oio:hasDbXref	ICD10CM:I40	mondo.db
Myocarditis	mondo	MONDO:0004496	skos:exactMatch	ICD10CM:I40	mondo.db
Myoclonus_Dystonia_Syndrome	ordo	ORDO:36899	skos:broadMatch	ICD-10:G24.1	ordo.db
Myopathy_Lactic_Acidosis_and_Sideroblastic_Anemia	ordo	ORDO:2598	skos:broadMatch	ICD-10:G71.3	ordo.db
Myotonic_Dystrophy_Type_1	ordo	ORDO:273	skos:broadMatch	ICD-10:G71.1	ordo.db
N-Acetylglutamate_Synthase_Deficiency	ordo	ORDO:927	skos:broadMatch	ICD-10:E72.2	ordo.db
NAD_P_HX_Dehydratase_Deficiency	ordo	ORDO:555402	skos:broadMatch	ICD-10:E88.8	ordo.db
NAGA_Deficiency_Type_3	ordo	ORDO:79281	skos:broadMatch	ICD-10:E77.1	ordo.db
NARP_syndrome	ordo	ORDO:644	skos:broadMatch	ICD-10:E88.8	ordo.db
NELABA	ordo	ORDO:447795	skos:broadMatch	ICD-10:E88.8	ordo.db
NGLY1-congenital_disorder_of_deglycosylation	ordo	ORDO:404454	skos:broadMatch	ICD-10:E77.8	ordo.db
Nail-patella_Syndrome	ordo	ORDO:2614	skos:broadMatch	ICD-10:Q87.2	ordo.db
Nasu-Hakola_Disease	ordo	ORDO:2770	skos:broadMatch	ICD-10:G31.8	ordo.db
Naxos_disease	ordo	ORDO:34217	skos:broadMatch	ICD-10:Q87.8	ordo.db
Nemaline_Myopathy	mondo	MONDO:0018958	oio:hasDbXref	ICD10CM:G71.21	mondo.db
Nemaline_Myopathy	mondo	MONDO:0018958	skos:exactMatch	ICD10CM:G71.21	mondo.db
Neonatal_Epileptic_Encephalopathy_Due_to_Glutaminase_Deficiency	ordo	ORDO:557064	skos:broadMatch	ICD-10:E88.8	ordo.db
Nephronophthisis	ordo	ORDO:655	skos:broadMatch	ICD-10:Q61.5	ordo.db
Nestor-Guillermo_progeria_syndrome	ordo	ORDO:280576	skos:broadMatch	ICD-10:E34.8	ordo.db
Netherton_Syndrome	ordo	ORDO:634	skos:broadMatch	ICD-10:Q80.8	ordo.db
Neurodevelopmental_Disorder_with_Hearing_Loss_and_Spasticity	ordo	ORDO:659975	skos:broadMatch	ICD-10:H91.8	ordo.db
Neurodevelopmental_Disorder_with_Severe_Motor_Impairment_and_Absent_Language	ordo	ORDO:647788	skos:broadMatch	ICD-10:G11.8	ordo.db
Neurodevelopmental_Disorder_with_or_without_Anomalies_of_the_Brain_Eye_or_Heart	ordo	ORDO:494344	skos:broadMatch	ICD-10:Q87.8	ordo.db
Neurofibromatosis	mondo	MONDO:0021061	oio:hasDbXref	ICD10CM:Q85.0	mondo.db
Neurofibromatosis	mondo	MONDO:0021061	skos:exactMatch	ICD10CM:Q85.0	mondo.db
Neuronal_Intranuclear_Inclusion_Disease	ordo	ORDO:2289	skos:broadMatch	ICD-10:G31.0	ordo.db
Neutral_Lipid_Storage_Myopathy	ordo	ORDO:98908	skos:broadMatch	ICD-10:E75.5	ordo.db
Neutrophil_Immunodeficiency_Syndrome	ordo	ORDO:183707	skos:broadMatch	ICD-10:D71	ordo.db
Nicolaides-Baraitser_Syndrome	ordo	ORDO:3051	skos:broadMatch	ICD-10:Q87.1	ordo.db
Niemann-Pick_Disease_Type_A	mondo	MONDO:0009756	oio:hasDbXref	ICD10CM:E75.240	mondo.db
Niemann-Pick_Disease_Type_A	mondo	MONDO:0009756	skos:exactMatch	ICD10CM:E75.240	mondo.db
Niemann-Pick_Disease_Type_A	ordo	ORDO:77292	skos:broadMatch	ICD-10:E75.2	ordo.db
Niemann-Pick_Disease_Type_B	mondo	MONDO:0011871	oio:hasDbXref	ICD10CM:E75.241	mondo.db
Niemann-Pick_Disease_Type_B	mondo	MONDO:0011871	skos:exactMatch	ICD10CM:E75.241	mondo.db
Niemann-Pick_Disease_Type_B	ordo	ORDO:77293	skos:broadMatch	ICD-10:E75.2	ordo.db
Niemann_Pick_Disease_Type_C	mondo	MONDO:0018982	oio:hasDbXref	ICD10CM:E75.242	mondo.db
Niemann_Pick_Disease_Type_C	mondo	MONDO:0018982	skos:exactMatch	ICD10CM:E75.242	mondo.db
Niemann_Pick_Disease_Type_C	ordo	ORDO:646	skos:broadMatch	ICD-10:E75.2	ordo.db
Nijmegen_Breakage_Syndrome-like_Disorder	ordo	ORDO:240760	skos:broadMatch	ICD-10:Q87.8	ordo.db
Nijmegen_breakage_syndrome	ordo	ORDO:647	skos:broadMatch	ICD-10:Q87.8	ordo.db
Non-Syndromic_X-Linked_Intellectual_Disability	ordo	ORDO:777	skos:narrowMatch	ICD-10:F70	ordo.db
Non-Syndromic_X-Linked_Intellectual_Disability	ordo	ORDO:777	skos:narrowMatch	ICD-10:F71	ordo.db
Non-Syndromic_X-Linked_Intellectual_Disability	ordo	ORDO:777	skos:narrowMatch	ICD-10:F72	ordo.db
Non-Syndromic_X-Linked_Intellectual_Disability	ordo	ORDO:777	skos:narrowMatch	ICD-10:F73	ordo.db
Nonketotic_Hyperglycinemia	ordo	ORDO:407	skos:broadMatch	ICD-10:E72.5	ordo.db
Noonan_Syndrome	dismech	dismech:Noonan_Syndrome	skos:narrowMatch	ICD10CM:Q87.1	ORPHA:648
Noonan_Syndrome	ordo	ORDO:648	skos:broadMatch	ICD-10:Q87.1	ordo.db
Noonan_Syndrome-like_Disorder_with_Loose_Anagen_Hair	ordo	ORDO:2701	skos:broadMatch	ICD-10:Q87.1	ordo.db
Noonan_Syndrome_with_Multiple_Lentigines	ordo	ORDO:500	skos:broadMatch	ICD-10:Q87.1	ordo.db
North_Carolina_Macular_Dystrophy	ordo	ORDO:75327	skos:broadMatch	ICD-10:H35.5	ordo.db
Northern_Epilepsy	mondo	MONDO:0012391	oio:hasDbXref	ICD10CM:G40.3	mondo.db
Northern_Epilepsy	mondo	MONDO:0012391	skos:broadMatch	ICD10CM:G40.3	mondo.db
Northern_Epilepsy	ordo	ORDO:1947	skos:broadMatch	ICD-10:E75.4	ordo.db
Northern_Epilepsy	ordo	ORDO:530298	skos:broadMatch	ICD-10:G31.8	ordo.db
ORAI1_Deficiency	ordo	ORDO:317428	skos:broadMatch	ICD-10:D81.8	ordo.db
OTUD6B-Related_Neurodevelopmental_Disorder	ordo	ORDO:505237	skos:broadMatch	ICD-10:Q87.8	ordo.db
Ochoa_Syndrome	ordo	ORDO:2704	skos:broadMatch	ICD-10:N31.8	ordo.db
Oculocerebrodental_Syndrome	ordo	ORDO:557003	skos:broadMatch	ICD-10:Q87.8	ordo.db
Oculocutaneous_Albinism	mondo	MONDO:0018910	oio:hasDbXref	ICD10CM:E70.32	mondo.db
Oculocutaneous_Albinism	mondo	MONDO:0018910	skos:exactMatch	ICD10CM:E70.32	mondo.db
Oculodentodigital_Dysplasia	ordo	ORDO:2710	skos:broadMatch	ICD-10:Q87.8	ordo.db
Oculofaciocardiodental_Syndrome	ordo	ORDO:2712	skos:broadMatch	ICD-10:Q87.8	ordo.db
Oculogastrointestinal-Neurodevelopmental_Syndrome	ordo	ORDO:611201	skos:broadMatch	ICD-10:Q87.8	ordo.db
Oculopharyngodistal_Myopathy	ordo	ORDO:98897	skos:broadMatch	ICD-10:G71.0	ordo.db
Odonto-Onycho-Dermal_Dysplasia	ordo	ORDO:2721	skos:broadMatch	ICD-10:Q82.4	ordo.db
Odontochondrodysplasia	ordo	ORDO:166272	skos:broadMatch	ICD-10:Q78.8	ordo.db
Ogden_syndrome	ordo	ORDO:276432	skos:broadMatch	ICD-10:E34.8	ordo.db
Omodysplasia	ordo	ORDO:2733	skos:broadMatch	ICD-10:Q78.8	ordo.db
Opitz_GBBB_Syndrome	ordo	ORDO:2745	skos:broadMatch	ICD-10:Q87.8	ordo.db
Opsismodysplasia	ordo	ORDO:2746	skos:broadMatch	ICD-10:Q78.8	ordo.db
Optic_Atrophy_3	ordo	ORDO:67036	skos:broadMatch	ICD-10:H47.2	ordo.db
Optic_Neuritis	mondo	MONDO:0005885	oio:hasDbXref	ICD10CM:H46	mondo.db
Optic_Neuritis	mondo	MONDO:0005885	skos:exactMatch	ICD10CM:H46	mondo.db
Ornithine_Carbamoyltransferase_Deficiency	ordo	ORDO:664	skos:broadMatch	ICD-10:E72.4	ordo.db
Orofaciodigital_Syndrome_Type_I	ordo	ORDO:2750	skos:broadMatch	ICD-10:Q87.0	ordo.db
Osteochondrosis	mondo	MONDO:0018381	oio:hasDbXref	ICD10CM:M42	mondo.db
Osteochondrosis	mondo	MONDO:0018381	skos:exactMatch	ICD10CM:M42	mondo.db
Osteogenesis_Imperfecta_Type_I	ordo	ORDO:216796	skos:broadMatch	ICD-10:Q78.0	ordo.db
Osteogenesis_Imperfecta_Type_II	ordo	ORDO:216804	skos:broadMatch	ICD-10:Q78.0	ordo.db
Osteogenesis_Imperfecta_Type_III	ordo	ORDO:216812	skos:broadMatch	ICD-10:Q78.0	ordo.db
Osteogenesis_Imperfecta_Type_IV	ordo	ORDO:216820	skos:broadMatch	ICD-10:Q78.0	ordo.db
Osteogenesis_Imperfecta_Type_V	ordo	ORDO:216828	skos:broadMatch	ICD-10:Q78.0	ordo.db
Osteoglophonic_Dysplasia	ordo	ORDO:2645	skos:broadMatch	ICD-10:Q87.1	ordo.db
Osteopetrosis	mondo	MONDO:0017198	oio:hasDbXref	ICD10CM:Q78.2	mondo.db
Osteopetrosis	mondo	MONDO:0017198	skos:exactMatch	ICD10CM:Q78.2	mondo.db
Osteopetrosis	ordo	ORDO:2781	skos:exactMatch	ICD-10:Q78.2	ordo.db
PAICS_Deficiency	ordo	ORDO:633099	skos:broadMatch	ICD-10:E79.8	ordo.db
PAX3_Waardenburg_Spectrum	ordo	ORDO:3440	skos:broadMatch	ICD-10:E70.3	ordo.db
PCDH19_Clustering_Epilepsy	ordo	ORDO:101039	skos:broadMatch	ICD-10:G40.8	ordo.db
PCWH_syndrome	ordo	ORDO:163746	skos:broadMatch	ICD-10:E75.2	ordo.db
PGM1-Congenital_Disorder_of_Glycosylation	ordo	ORDO:319646	skos:broadMatch	ICD-10:E77.8	ordo.db
PHARC_syndrome	ordo	ORDO:171848	skos:broadMatch	ICD-10:G60.1	ordo.db
PNPO_Deficiency	ordo	ORDO:79096	skos:broadMatch	ICD-10:G40.8	ordo.db
POLR-Related_Leukodystrophy	ordo	ORDO:289494	skos:broadMatch	ICD-10:G37.8	ordo.db
PRMT7-Related_Short_Stature-Brachydactyly_Syndrome	ordo	ORDO:464288	skos:broadMatch	ICD-10:Q87.8	ordo.db
PRR12-Related_Neuroocular_Syndrome	ordo	ORDO:659904	skos:broadMatch	ICD-10:Q87.8	ordo.db
PTEN_Hamartoma_Tumor_Syndrome	ordo	ORDO:306498	skos:broadMatch	ICD-10:Q85.8	ordo.db
PUS3-Related_Neurodevelopmental_Disorder	ordo	ORDO:488627	skos:broadMatch	ICD-10:Q87.8	ordo.db
Pachyonychia_Congenita	ordo	ORDO:2309	skos:broadMatch	ICD-10:Q84.5	ordo.db
Paget_Disease_of_Bone	mondo	MONDO:0005382	oio:hasDbXref	ICD10CM:M88	mondo.db
Paget_Disease_of_Bone	mondo	MONDO:0005382	skos:exactMatch	ICD10CM:M88	mondo.db
Pallister-Hall_Syndrome	ordo	ORDO:672	skos:broadMatch	ICD-10:Q87.8	ordo.db
Pancreatic_Agenesis	ordo	ORDO:2805	skos:broadMatch	ICD-10:Q45.0	ordo.db
Pancytopenia-Developmental_Delay_Syndrome	ordo	ORDO:401764	skos:broadMatch	ICD-10:D61.0	ordo.db
Pantothenate_Kinase-Associated_Neurodegeneration	mondo	MONDO:0009319	oio:hasDbXref	ICD10CM:G23.0	mondo.db
Pantothenate_Kinase-Associated_Neurodegeneration	mondo	MONDO:0009319	skos:exactMatch	ICD10CM:G23.0	mondo.db
Pantothenate_Kinase-Associated_Neurodegeneration	ordo	ORDO:157850	skos:exactMatch	ICD-10:G23.0	ordo.db
Paroxysmal_Extreme_Pain_Disorder	ordo	ORDO:46348	skos:broadMatch	ICD-10:G90.8	ordo.db
Paroxysmal_Familial_Ventricular_Fibrillation	ordo	ORDO:228140	skos:broadMatch	ICD-10:I49.0	ordo.db
Patent_Ductus_Arteriosus_3	dismech	dismech:Patent_Ductus_Arteriosus_3	skos:broadMatch	ICD10CM:Q25.0	UNSPECIFIED
Pearson_Syndrome	ordo	ORDO:699	skos:broadMatch	ICD-10:D64.0	ordo.db
Pelizaeus_Merzbacher_Disease	ordo	ORDO:702	skos:broadMatch	ICD-10:E75.2	ordo.db
Pendred_Syndrome	ordo	ORDO:705	skos:broadMatch	ICD-10:E07.1	ordo.db
Pentanucleotide_Repeat_Familial_Adult_Myoclonus_Epilepsy	ordo	ORDO:86814	skos:broadMatch	ICD-10:G40.3	ordo.db
Periodic_Fever_Immunodeficiency_and_Thrombocytopenia_Syndrome	ordo	ORDO:652522	skos:broadMatch	ICD-10:D84.8	ordo.db
Peroxisome_Biogenesis_Disorder_4B	ordo	ORDO:95433	skos:broadMatch	ICD-10:G11.1	ordo.db
Perrault_Syndrome	ordo	ORDO:2855	skos:broadMatch	ICD-10:Q87.8	ordo.db
Peters_Plus_Syndrome	ordo	ORDO:709	skos:broadMatch	ICD-10:Q13.8	ordo.db
Pfeiffer_Syndrome	ordo	ORDO:710	skos:broadMatch	ICD-10:Q87.0	ordo.db
Phelan-McDermid_Syndrome	ordo	ORDO:48652	skos:broadMatch	ICD-10:Q93.5	ordo.db
Photosensitive_Epilepsy	ordo	ORDO:166409	skos:broadMatch	ICD-10:G40.5	ordo.db
Pilarowski-Bjornsson_syndrome	ordo	ORDO:529965	skos:broadMatch	ICD-10:Q87.0	ordo.db
Pilocytic_Astrocytoma	ordo	ORDO:251612	skos:broadMatch	ICD-10:C71.9	ordo.db
Pitt-Hopkins_Syndrome	ordo	ORDO:2896	skos:broadMatch	ICD-10:Q87.0	ordo.db
Platelet-type_Bleeding_Disorder_18	ordo	ORDO:420566	skos:broadMatch	ICD-10:D69.1	ordo.db
Platelet-type_Bleeding_Disorder_19	ordo	ORDO:438207	skos:broadMatch	ICD-10:D69.1	ordo.db
Platelet-type_Bleeding_Disorder_20	ordo	ORDO:466806	skos:broadMatch	ICD-10:D69.4	ordo.db
Platelet-type_Bleeding_Disorder_8	ordo	ORDO:36355	skos:broadMatch	ICD-10:D69.1	ordo.db
Pleuropulmonary_Blastoma	ordo	ORDO:64742	skos:narrowMatch	ICD-10:C34.1	ordo.db
Pleuropulmonary_Blastoma	ordo	ORDO:64742	skos:narrowMatch	ICD-10:C34.2	ordo.db
Pleuropulmonary_Blastoma	ordo	ORDO:64742	skos:narrowMatch	ICD-10:C34.3	ordo.db
Pleuropulmonary_Blastoma	ordo	ORDO:64742	skos:narrowMatch	ICD-10:C34.8	ordo.db
Pleuropulmonary_Blastoma	ordo	ORDO:64742	skos:narrowMatch	ICD-10:C34.9	ordo.db
Pompe_Disease	mondo	MONDO:0009290	oio:hasDbXref	ICD10CM:E74.02	mondo.db
Pompe_Disease	mondo	MONDO:0009290	skos:exactMatch	ICD10CM:E74.02	mondo.db
Pompe_Disease	ordo	ORDO:365	skos:broadMatch	ICD-10:E74.0	ordo.db
Porphyria_due_to_ALA_Dehydratase_Deficiency	ordo	ORDO:100924	skos:broadMatch	ICD-10:E80.2	ordo.db
Posterior_Polymorphous_Corneal_Dystrophy	ordo	ORDO:98973	skos:broadMatch	ICD-10:H18.5	ordo.db
Prader-Willi_Syndrome	mondo	MONDO:0008300	oio:hasDbXref	ICD10CM:Q87.11	mondo.db
Prader-Willi_Syndrome	mondo	MONDO:0008300	skos:exactMatch	ICD10CM:Q87.11	mondo.db
Prader-Willi_Syndrome	ordo	ORDO:739	skos:broadMatch	ICD-10:Q87.1	ordo.db
Primary_Carnitine_Deficiency	mondo	MONDO:0008919	oio:hasDbXref	ICD10CM:E71.41	mondo.db
Primary_Carnitine_Deficiency	mondo	MONDO:0008919	skos:exactMatch	ICD10CM:E71.41	mondo.db
Primary_Carnitine_Deficiency	ordo	ORDO:158	skos:broadMatch	ICD-10:E71.3	ordo.db
Primary_Erythermalgia	ordo	ORDO:90026	skos:broadMatch	ICD-10:I73.8	ordo.db
Primary_Hypertrophic_Osteoarthropathy	ordo	ORDO:2796	skos:broadMatch	ICD-10:M89.4	ordo.db
Primary_Triglyceride_Deposit_Cardiomyovasculopathy	mondo	MONDO:0035423	oio:hasDbXref	ICD10CM:E75.5	mondo.db
Primary_Triglyceride_Deposit_Cardiomyovasculopathy	mondo	MONDO:0035423	skos:broadMatch	ICD10CM:E75.5	mondo.db
Primary_Triglyceride_Deposit_Cardiomyovasculopathy	ordo	ORDO:565612	skos:broadMatch	ICD-10:E75.5	ordo.db
Primrose_Syndrome	ordo	ORDO:3042	skos:broadMatch	ICD-10:Q87.8	ordo.db
Progressive_Familial_Heart_Block	ordo	ORDO:871	skos:broadMatch	ICD-10:I45.8	ordo.db
Progressive_Familial_Intrahepatic_Cholestasis	ordo	ORDO:172	skos:broadMatch	ICD-10:K76.8	ordo.db
Progressive_Myoclonic_Epilepsy_Type_8	ordo	ORDO:424027	skos:broadMatch	ICD-10:G40.3	ordo.db
Progressive_Pseudorheumatoid_Arthropathy_Of_Childhood	ordo	ORDO:1159	skos:broadMatch	ICD-10:Q77.7	ordo.db
Propionic_Acidemia	mondo	MONDO:0011628	oio:hasDbXref	ICD10CM:E71.121	mondo.db
Propionic_Acidemia	mondo	MONDO:0011628	skos:exactMatch	ICD10CM:E71.121	mondo.db
Propionic_Acidemia	ordo	ORDO:35	skos:broadMatch	ICD-10:E71.1	ordo.db
Proteasome_Associated_Autoinflammatory_Syndrome	ordo	ORDO:324977	skos:broadMatch	ICD-10:D89.8	ordo.db
Protein_S_Deficiency	ordo	ORDO:26349	skos:broadMatch	ICD-10:D68.8	ordo.db
Proteus_syndrome	ordo	ORDO:744	skos:broadMatch	ICD-10:Q87.3	ordo.db
Psoriasis_14_Pustular	ordo	ORDO:163931	skos:broadMatch	ICD-10:L40.2	ordo.db
Psoriasis_14_Pustular	ordo	ORDO:404546	skos:broadMatch	ICD-10:L40.1	ordo.db
Pulmonary_Alveolar_Microlithiasis	mondo	MONDO:0009928	oio:hasDbXref	ICD10CM:J84.02	mondo.db
Pulmonary_Alveolar_Microlithiasis	mondo	MONDO:0009928	skos:exactMatch	ICD10CM:J84.02	mondo.db
Pulmonary_Alveolar_Microlithiasis	ordo	ORDO:60025	skos:broadMatch	ICD-10:J84.0	ordo.db
Pycnodysostosis	ordo	ORDO:763	skos:broadMatch	ICD-10:Q78.8	ordo.db
Pyoderma_Gangrenosum	mondo	MONDO:0018824	oio:hasDbXref	ICD10CM:L88	mondo.db
Pyoderma_Gangrenosum	mondo	MONDO:0018824	skos:exactMatch	ICD10CM:L88	mondo.db
Pyoderma_Gangrenosum	ordo	ORDO:48104	skos:exactMatch	ICD-10:L88	ordo.db
Pyruvate_Carboxylase_Deficiency_Disease	ordo	ORDO:3008	skos:broadMatch	ICD-10:E74.4	ordo.db
Pyruvate_Dehydrogenase_Deficiency	ordo	ORDO:765	skos:broadMatch	ICD-10:E74.4	ordo.db
Pyruvate_Kinase_Deficiency	ordo	ORDO:766	skos:broadMatch	ICD-10:D55.2	ordo.db
RFT1-congenital_disorder_of_glycosylation	ordo	ORDO:244310	skos:broadMatch	ICD-10:E77.8	ordo.db
RHYNS_Syndrome	ordo	ORDO:140976	skos:broadMatch	ICD-10:Q87.8	ordo.db
RYR2_CPVT	ordo	ORDO:3286	skos:broadMatch	ICD-10:I47.2	ordo.db
Raine_Syndrome	ordo	ORDO:1832	skos:broadMatch	ICD-10:Q78.2	ordo.db
Rajab_Interstitial_Lung_Disease_With_Brain_Calcifications_1	ordo	ORDO:178506	skos:broadMatch	ICD-10:G93.8	ordo.db
Renal_Tubular_Acidosis_Distal_4_with_Hemolytic_Anemia	ordo	ORDO:93610	skos:broadMatch	ICD-10:N25.8	ordo.db
Renpenning_syndrome	ordo	ORDO:3242	skos:broadMatch	ICD-10:Q87.5	ordo.db
Retinal_Arterial_Tortuosity	ordo	ORDO:75326	skos:broadMatch	ICD-10:H35.0	ordo.db
Rett_Syndrome	dismech	dismech:Rett_Syndrome	skos:exactMatch	ICD10CM:F84.2	Orphanet
Rett_Syndrome	ordo	ORDO:778	skos:exactMatch	ICD-10:F84.2	ordo.db
Revesz_Syndrome	ordo	ORDO:3088	skos:broadMatch	ICD-10:Q82.8	ordo.db
Rh_Deficiency_Syndrome	ordo	ORDO:71275	skos:broadMatch	ICD-10:D58.8	ordo.db
Rhizomelic_Chondrodysplasia_Punctata_Plasmalogen_Synthesis_Defect	mondo	MONDO:0015776	oio:hasDbXref	ICD10CM:E71.540	mondo.db
Rhizomelic_Chondrodysplasia_Punctata_Plasmalogen_Synthesis_Defect	mondo	MONDO:0015776	skos:exactMatch	ICD10CM:E71.540	mondo.db
Rhizomelic_Chondrodysplasia_Punctata_Plasmalogen_Synthesis_Defect	ordo	ORDO:177	skos:broadMatch	ICD-10:Q77.3	ordo.db
Rhizomelic_Chondrodysplasia_Punctata_Type_1	ordo	ORDO:309789	skos:broadMatch	ICD-10:Q77.3	ordo.db
Rhizomelic_Chondrodysplasia_Punctata_Type_5	ordo	ORDO:468717	skos:broadMatch	ICD-10:Q77.3	ordo.db
Ritscher-Schinzel_Syndrome	ordo	ORDO:7	skos:broadMatch	ICD-10:Q87.8	ordo.db
Rothmund-Thomson_Syndrome	ordo	ORDO:2909	skos:broadMatch	ICD-10:Q82.8	ordo.db
Rotor_Syndrome	ordo	ORDO:3111	skos:broadMatch	ICD-10:E80.6	ordo.db
Rubinstein-Taybi_Syndrome	ordo	ORDO:783	skos:broadMatch	ICD-10:Q87.2	ordo.db
SADDAN	ordo	ORDO:85165	skos:broadMatch	ICD-10:Q77.4	ordo.db
SCAD_Deficiency	mondo	MONDO:0008722	oio:hasDbXref	ICD10CM:E71.312	mondo.db
SCAD_Deficiency	mondo	MONDO:0008722	skos:exactMatch	ICD10CM:E71.312	mondo.db
SCAD_Deficiency	ordo	ORDO:26792	skos:broadMatch	ICD-10:E71.3	ordo.db
SHORT_Syndrome	ordo	ORDO:3163	skos:broadMatch	ICD-10:Q87.1	ordo.db
SLC25A12-Related_Developmental_and_Epileptic_Encephalopathy	ordo	ORDO:353217	skos:broadMatch	ICD-10:E88.8	ordo.db
SLC35A2-CDG	ordo	ORDO:356961	skos:broadMatch	ICD-10:E77.8	ordo.db
SLC6A1-Related_Disorder	ordo	ORDO:1942	skos:broadMatch	ICD-10:G40.4	ordo.db
SPOP-Related_Neurodevelopmental_Disorder	ordo	ORDO:662179	skos:broadMatch	ICD-10:Q87.0	ordo.db
SRD5A3-Congenital_Disorder_of_Glycosylation	ordo	ORDO:324737	skos:broadMatch	ICD-10:E77.8	ordo.db
STAT2_Deficiency	ordo	ORDO:431166	skos:broadMatch	ICD-10:D84.8	ordo.db
STING_Associated_Vasculopathy_with_Onset_in_Infancy	ordo	ORDO:425120	skos:broadMatch	ICD-10:M35.8	ordo.db
STK4_Deficiency	ordo	ORDO:314689	skos:broadMatch	ICD-10:D81.8	ordo.db
STRA6-related_syndromic_microphthalmia	ordo	ORDO:2470	skos:broadMatch	ICD-10:Q11.2	ordo.db
STXBP1_Encephalopathy	ordo	ORDO:599373	skos:broadMatch	ICD-10:G93.8	ordo.db
SYN1-Related_Disorder	ordo	ORDO:85294	skos:broadMatch	ICD-10:Q87.8	ordo.db
SYNGAP1-Related_Developmental_and_Epileptic_Encephalopathy	ordo	ORDO:544254	skos:broadMatch	ICD-10:G40.4	ordo.db
SYT1_Baker-Gordon_Syndrome	ordo	ORDO:522077	skos:broadMatch	ICD-10:F84.8	ordo.db
Saethre-Chotzen_Syndrome	ordo	ORDO:794	skos:broadMatch	ICD-10:Q87.0	ordo.db
Salla_Disease	ordo	ORDO:309334	skos:broadMatch	ICD-10:E77.8	ordo.db
Sandhoff_Disease	mondo	MONDO:0010006	oio:hasDbXref	ICD10CM:E75.01	mondo.db
Sandhoff_Disease	mondo	MONDO:0010006	skos:exactMatch	ICD10CM:E75.01	mondo.db
Sandhoff_Disease	ordo	ORDO:796	skos:broadMatch	ICD-10:E75.0	ordo.db
Sanfilippo_syndrome	ordo	ORDO:581	skos:broadMatch	ICD-10:E76.2	ordo.db
Sanjad-Sakati_Syndrome	ordo	ORDO:2323	skos:broadMatch	ICD-10:Q87.1	ordo.db
Saul-Wilson_Syndrome	ordo	ORDO:85172	skos:broadMatch	ICD-10:Q78.8	ordo.db
Say-Barber-Biesecker-Young-Simpson_Syndrome	ordo	ORDO:3047	skos:broadMatch	ICD-10:Q87.8	ordo.db
Scapuloperoneal_Spinal_Muscular_Atrophy	ordo	ORDO:431255	skos:broadMatch	ICD-10:G12.1	ordo.db
Schaaf-Yang_Syndrome	ordo	ORDO:398069	skos:broadMatch	ICD-10:Q87.1	ordo.db
Schindler_Disease	ordo	ORDO:79279	skos:broadMatch	ICD-10:E77.1	ordo.db
Schinzel-Giedion_Syndrome	ordo	ORDO:798	skos:broadMatch	ICD-10:Q87.0	ordo.db
Schneckenbecken_Dysplasia	ordo	ORDO:3144	skos:broadMatch	ICD-10:Q77.7	ordo.db
Schnyder_Corneal_Dystrophy	ordo	ORDO:98967	skos:broadMatch	ICD-10:H18.5	ordo.db
Schwannomatosis	mondo	MONDO:0008075	oio:hasDbXref	ICD10CM:Q85.03	mondo.db
Schwannomatosis	mondo	MONDO:0008075	skos:exactMatch	ICD10CM:Q85.03	mondo.db
Schwannomatosis	ordo	ORDO:93921	skos:broadMatch	ICD-10:Q85.0	ordo.db
Schwartz-Jampel_Syndrome	mondo	MONDO:0009717	oio:hasDbXref	ICD10CM:G71.13	mondo.db
Schwartz-Jampel_Syndrome	mondo	MONDO:0009717	skos:exactMatch	ICD10CM:G71.13	mondo.db
Schwartz-Jampel_Syndrome	ordo	ORDO:800	skos:broadMatch	ICD-10:G71.1	ordo.db
Schwartz-Jampel_Syndrome	ordo	ORDO:800	skos:broadMatch	ICD-10:Q78.8	ordo.db
Sclerosteosis	ordo	ORDO:3152	skos:broadMatch	ICD-10:M85.2	ordo.db
Scott_Syndrome	ordo	ORDO:806	skos:broadMatch	ICD-10:D69.8	ordo.db
Seckel_Syndrome	ordo	ORDO:808	skos:broadMatch	ICD-10:Q87.1	ordo.db
Seizures-scoliosis-macrocephaly_Syndrome	ordo	ORDO:466926	skos:broadMatch	ICD-10:E77.8	ordo.db
Sengers_syndrome	ordo	ORDO:1369	skos:broadMatch	ICD-10:Q87.8	ordo.db
Senior-Loken_Syndrome	ordo	ORDO:3156	skos:broadMatch	ICD-10:Q61.5	ordo.db
Sensory_Ataxic_Neuropathy_Dysarthria_Ophthalmoparesis	ordo	ORDO:402082	skos:broadMatch	ICD-10:G40.3	ordo.db
Sensory_Ataxic_Neuropathy_Dysarthria_Ophthalmoparesis	ordo	ORDO:70595	skos:broadMatch	ICD-10:G71.3	ordo.db
Severe_Combined_Immunodeficiency_Due_To_CARD11_Deficiency	ordo	ORDO:357237	skos:broadMatch	ICD-10:D81.2	ordo.db
Shashi_X-Linked_Intellectual_Disability_Syndrome	ordo	ORDO:85286	skos:broadMatch	ICD-10:Q87.8	ordo.db
Short_QT_Syndrome	ordo	ORDO:51083	skos:broadMatch	ICD-10:I49.8	ordo.db
Shprintzen-Goldberg_Syndrome	ordo	ORDO:2462	skos:broadMatch	ICD-10:Q87.8	ordo.db
Shwachman-Diamond_Syndrome	ordo	ORDO:811	skos:broadMatch	ICD-10:D61.0	ordo.db
Sialidosis_Type_1	ordo	ORDO:812	skos:broadMatch	ICD-10:E77.1	ordo.db
Sialuria	ordo	ORDO:3166	skos:broadMatch	ICD-10:E77.8	ordo.db
Sickle_Cell_Disease	mondo	MONDO:0011382	oio:hasDbXref	ICD10CM:D57.2	mondo.db
Sickle_Cell_Disease	mondo	MONDO:0011382	skos:exactMatch	ICD10CM:D57.2	mondo.db
Sickle_Cell_Disease	ordo	ORDO:232	skos:narrowMatch	ICD-10:D57.0	ordo.db
Sickle_Cell_Disease	ordo	ORDO:232	skos:narrowMatch	ICD-10:D57.1	ordo.db
Sickle_Cell_Disease	ordo	ORDO:232	skos:narrowMatch	ICD-10:D57.2	ordo.db
Sideroblastic_Anemia_3	ordo	ORDO:255132	skos:broadMatch	ICD-10:D64.0	ordo.db
Sifrim-Hitz-Weiss_Syndrome	ordo	ORDO:653712	skos:broadMatch	ICD-10:Q87.8	ordo.db
Silver_Russell_Syndrome	ordo	ORDO:813	skos:broadMatch	ICD-10:Q87.1	ordo.db
Sinoatrial_Node_Dysfunction_and_Deafness	ordo	ORDO:324321	skos:broadMatch	ICD-10:H91.8	ordo.db
Sitosterolemia	ordo	ORDO:2882	skos:broadMatch	ICD-10:E78.0	ordo.db
Sjogren-Larsson_Syndrome	ordo	ORDO:816	skos:broadMatch	ICD-10:Q87.1	ordo.db
Skraban-Deardorff_Syndrome	ordo	ORDO:513456	skos:broadMatch	ICD-10:Q87.0	ordo.db
Sly_syndrome	ordo	ORDO:584	skos:broadMatch	ICD-10:E76.2	ordo.db
Small_Intestine_Cancer	mondo	MONDO:0000956	oio:hasDbXref	ICD10CM:C17	mondo.db
Small_Intestine_Cancer	mondo	MONDO:0000956	skos:exactMatch	ICD10CM:C17	mondo.db
Smith-Lemli-Opitz_syndrome	mondo	MONDO:0010035	oio:hasDbXref	ICD10CM:E78.72	mondo.db
Smith-Lemli-Opitz_syndrome	mondo	MONDO:0010035	skos:exactMatch	ICD10CM:E78.72	mondo.db
Smith-Lemli-Opitz_syndrome	ordo	ORDO:818	skos:broadMatch	ICD-10:Q87.1	ordo.db
Smith-Magenis_Syndrome	ordo	ORDO:819	skos:broadMatch	ICD-10:Q93.5	ordo.db
Snijders_Blok-Campeau_Syndrome	ordo	ORDO:599082	skos:broadMatch	ICD-10:Q87.0	ordo.db
Snyder-Robinson_Syndrome	ordo	ORDO:3063	skos:broadMatch	ICD-10:Q87.8	ordo.db
Spastic_Paraparesis-cataracts-speech_Delay_Syndrome	ordo	ORDO:615938	skos:broadMatch	ICD-10:E71.3	ordo.db
Spinal_Muscular_Atrophy_Progressive_Myoclonic_Epilepsy	ordo	ORDO:2590	skos:broadMatch	ICD-10:G25.3	ordo.db
Spinal_Muscular_Atrophy_with_Respiratory_Distress_Type_1	ordo	ORDO:98920	skos:broadMatch	ICD-10:G12.2	ordo.db
Spinocerebellar_Ataxia_43	ordo	ORDO:497764	skos:broadMatch	ICD-10:G11.2	ordo.db
Spinocerebellar_Ataxia_48	ordo	ORDO:631103	skos:broadMatch	ICD-10:G11.4	ordo.db
Spinocerebellar_Ataxia_Type_1	ordo	ORDO:98755	skos:broadMatch	ICD-10:G11.8	ordo.db
Spinocerebellar_Ataxia_Type_15_16	ordo	ORDO:98769	skos:broadMatch	ICD-10:G11.2	ordo.db
Spinocerebellar_Ataxia_Type_17	ordo	ORDO:98759	skos:broadMatch	ICD-10:G11.8	ordo.db
Spinocerebellar_Ataxia_Type_2	ordo	ORDO:98756	skos:broadMatch	ICD-10:G11.2	ordo.db
Spinocerebellar_Ataxia_Type_23	ordo	ORDO:101108	skos:broadMatch	ICD-10:G11.2	ordo.db
Spinocerebellar_Ataxia_Type_31	ordo	ORDO:217012	skos:broadMatch	ICD-10:G11.8	ordo.db
Spinocerebellar_Ataxia_Type_36	ordo	ORDO:276198	skos:broadMatch	ICD-10:G11.8	ordo.db
Spinocerebellar_Ataxia_Type_8	ordo	ORDO:98760	skos:broadMatch	ICD-10:G11.2	ordo.db
Split_Hand_Foot_Malformation	ordo	ORDO:2440	skos:broadMatch	ICD-10:Q74.8	ordo.db
Spondylo-megaepiphyseal-metaphyseal_Dysplasia	ordo	ORDO:228387	skos:broadMatch	ICD-10:Q77.7	ordo.db
Spondylocarpotarsal_Synostosis_Syndrome	ordo	ORDO:3275	skos:broadMatch	ICD-10:Q76.4	ordo.db
Spondylodysplastic_Ehlers-Danlos_Syndrome	ordo	ORDO:75496	skos:broadMatch	ICD-10:Q79.6	ordo.db
Spondyloenchondrodysplasia	ordo	ORDO:1855	skos:broadMatch	ICD-10:Q77.7	ordo.db
Spondyloepimetaphyseal_Dysplasia_Aggrecan_Type	ordo	ORDO:171866	skos:broadMatch	ICD-10:Q77.7	ordo.db
Spondyloepimetaphyseal_Dysplasia_Bieganski_Type	ordo	ORDO:83629	skos:broadMatch	ICD-10:G37.8	ordo.db
Spondyloepimetaphyseal_Dysplasia_Faden-Alkuraya_Type	ordo	ORDO:457395	skos:broadMatch	ICD-10:Q87.8	ordo.db
Spondyloepimetaphyseal_Dysplasia_Maroteaux_Type	ordo	ORDO:263482	skos:broadMatch	ICD-10:Q77.7	ordo.db
Spondyloepimetaphyseal_Dysplasia_Short_Limb_Abnormal_Calcification_Syndrome	ordo	ORDO:93358	skos:broadMatch	ICD-10:Q77.7	ordo.db
Spondyloepimetaphyseal_Dysplasia_Strudwick_Type	ordo	ORDO:93346	skos:broadMatch	ICD-10:Q77.7	ordo.db
Spondyloepiphyseal_Dysplasia_Congenita	ordo	ORDO:94068	skos:broadMatch	ICD-10:Q77.7	ordo.db
Spondylometaphyseal_Dysplasia_Corner_Fracture_Type	ordo	ORDO:93315	skos:broadMatch	ICD-10:Q77.8	ordo.db
Spondylometaphyseal_Dysplasia_Kozlowski_Type	ordo	ORDO:93314	skos:broadMatch	ICD-10:Q77.8	ordo.db
Spondylometaphyseal_Dysplasia_with_Cone-Rod_Dystrophy	ordo	ORDO:85167	skos:broadMatch	ICD-10:Q77.8	ordo.db
Spondylometaphyseal_Dysplasia_with_Corneal_Dystrophy	ordo	ORDO:589435	skos:broadMatch	ICD-10:Q87.8	ordo.db
Spotted_Fever_Rickettsiosis	mondo	MONDO:0001195	oio:hasDbXref	ICD10CM:A77	mondo.db
Spotted_Fever_Rickettsiosis	mondo	MONDO:0001195	skos:exactMatch	ICD10CM:A77	mondo.db
Stargardt_Disease	ordo	ORDO:827	skos:broadMatch	ICD-10:H35.5	ordo.db
Stickler_Syndrome_Type_1	ordo	ORDO:90653	skos:broadMatch	ICD-10:Q87.5	ordo.db
Stickler_Syndrome_Type_2	ordo	ORDO:90654	skos:broadMatch	ICD-10:Q87.5	ordo.db
Stiff_Skin_Syndrome	ordo	ORDO:2833	skos:broadMatch	ICD-10:L98.8	ordo.db
Stromme_Syndrome	ordo	ORDO:444069	skos:broadMatch	ICD-10:Q87.8	ordo.db
Stromme_Syndrome	ordo	ORDO:506307	skos:broadMatch	ICD-10:Q13.8	ordo.db
Succinic_Semialdehyde_Dehydrogenase_Deficiency	ordo	ORDO:22	skos:broadMatch	ICD-10:E72.8	ordo.db
Syndromic_X-linked_Intellectual_Disability_94	ordo	ORDO:364028	skos:broadMatch	ICD-10:F72	ordo.db
Systemic_Mastocytosis	mondo	MONDO:0016586	oio:hasDbXref	ICD10CM:D47.02	mondo.db
Systemic_Mastocytosis	mondo	MONDO:0016586	skos:exactMatch	ICD10CM:D47.02	mondo.db
Systemic_Mastocytosis	ordo	ORDO:2467	skos:exactMatch	ICD-10:C96.2	ordo.db
TANGO2_Deficiency_Disorder	ordo	ORDO:480864	skos:broadMatch	ICD-10:G31.8	ordo.db
TARP_syndrome	ordo	ORDO:2886	skos:broadMatch	ICD-10:Q87.8	ordo.db
TFRC-Related_Combined_Immunodeficiency	ordo	ORDO:476113	skos:broadMatch	ICD-10:D81.8	ordo.db
THOC2-Related_Intellectual_Disability	ordo	ORDO:457240	skos:broadMatch	ICD-10:Q87.8	ordo.db
THOC6-Related_Developmental_Delay-Microcephaly-Facial_Dysmorphism_Syndrome	ordo	ORDO:363444	skos:broadMatch	ICD-10:Q87.0	ordo.db
TMEM199-CDG	ordo	ORDO:466703	skos:broadMatch	ICD-10:E77.8	ordo.db
TNF_Receptor-Associated_Periodic_Syndrome	ordo	ORDO:32960	skos:broadMatch	ICD-10:E85.0	ordo.db
TRAPPC12-Related_Encephalopathy	ordo	ORDO:500144	skos:broadMatch	ICD-10:Q07.8	ordo.db
TRMU-Related_Acute_Infantile_Liver_Failure	ordo	ORDO:217371	skos:broadMatch	ICD-10:E88.8	ordo.db
TUBA1A-related_Tubulinopathy	ordo	ORDO:171680	skos:broadMatch	ICD-10:Q04.3	ordo.db
TUBA8-related_Polymicrogyria_with_Optic_Nerve_Hypoplasia	ordo	ORDO:250972	skos:broadMatch	ICD-10:Q04.3	ordo.db
TUBB2A_TUBB2B-related_Cortical_Malformation	ordo	ORDO:467166	skos:broadMatch	ICD-10:Q04.8	ordo.db
TUBGCP6-related_Microcephaly_and_Chorioretinopathy	ordo	ORDO:2518	skos:broadMatch	ICD-10:Q87.8	ordo.db
Tangier_Disease	ordo	ORDO:31150	skos:broadMatch	ICD-10:E78.6	ordo.db
Tatton-Brown-Rahman_overgrowth_syndrome	ordo	ORDO:404443	skos:broadMatch	ICD-10:Q87.3	ordo.db
Tay-Sachs_Disease_AB_Variant	ordo	ORDO:309246	skos:broadMatch	ICD-10:E75.0	ordo.db
Temple-Baraitser_Syndrome	ordo	ORDO:420561	skos:broadMatch	ICD-10:Q87.2	ordo.db
Temtamy_Preaxial_Brachydactyly_Syndrome	ordo	ORDO:363417	skos:broadMatch	ICD-10:Q87.2	ordo.db
Temtamy_Syndrome	ordo	ORDO:1777	skos:broadMatch	ICD-10:Q87.8	ordo.db
Testicular_Sex_Cord_Stromal_Neoplasm	ordo	ORDO:363489	skos:narrowMatch	ICD-10:D40.1	ordo.db
Tetrahydrobiopterin_Deficiency	ordo	ORDO:238583	skos:broadMatch	ICD-10:E70.1	ordo.db
Thanatophoric_Dysplasia	ordo	ORDO:2655	skos:exactMatch	ICD-10:Q77.1	ordo.db
Thanatophoric_Dysplasia_Type_1	ordo	ORDO:1860	skos:broadMatch	ICD-10:Q77.1	ordo.db
Thanatophoric_Dysplasia_Type_2	ordo	ORDO:93274	skos:broadMatch	ICD-10:Q77.1	ordo.db
Thomsen_and_Becker_disease	mondo	MONDO:0009710	oio:hasDbXref	ICD10CM:G71.12	mondo.db
Thomsen_and_Becker_disease	mondo	MONDO:0009710	skos:exactMatch	ICD10CM:G71.12	mondo.db
Thomsen_and_Becker_disease	ordo	ORDO:614	skos:broadMatch	ICD-10:G71.1	ordo.db
Thymic_Neuroendocrine_Carcinoma	ordo	ORDO:99869	skos:broadMatch	ICD-10:C37	ordo.db
Timothy_Syndrome	ordo	ORDO:65283	skos:broadMatch	ICD-10:I49.8	ordo.db
Toxic_Shock_Syndrome	mondo	MONDO:0001881	oio:hasDbXref	ICD10CM:A48.3	mondo.db
Toxic_Shock_Syndrome	mondo	MONDO:0001881	skos:exactMatch	ICD10CM:A48.3	mondo.db
Toxic_Shock_Syndrome	ordo	ORDO:36234	skos:exactMatch	ICD-10:A48.3	ordo.db
Toxoplasmosis	mondo	MONDO:0005989	oio:hasDbXref	ICD10CM:B58	mondo.db
Toxoplasmosis	mondo	MONDO:0005989	skos:exactMatch	ICD10CM:B58	mondo.db
Transaldolase_Deficiency	ordo	ORDO:101028	skos:broadMatch	ICD-10:E74.8	ordo.db
Transketolase_Deficiency	ordo	ORDO:488618	skos:broadMatch	ICD-10:E88.8	ordo.db
Transverse_Myelitis	dismech	dismech:Transverse_Myelitis	skos:closeMatch	ICD10CM:G37.3	ICD-10-CM
Treacher_Collins_Syndrome	ordo	ORDO:861	skos:broadMatch	ICD-10:Q75.4	ordo.db
Trehalase_Deficiency	ordo	ORDO:103909	skos:broadMatch	ICD-10:E74.3	ordo.db
Trichohepatoenteric_Syndrome	ordo	ORDO:84064	skos:broadMatch	ICD-10:K52.8	ordo.db
Trichothiodystrophy	ordo	ORDO:33364	skos:broadMatch	ICD-10:L67.8	ordo.db
Trimethylaminuria	ordo	ORDO:468726	skos:broadMatch	ICD-10:E88.8	ordo.db
Triosephosphate_Isomerase_Deficiency	ordo	ORDO:868	skos:broadMatch	ICD-10:D55.2	ordo.db
Tuberous_Sclerosis_Complex	mondo	MONDO:0001734	oio:hasDbXref	ICD10CM:Q85.1	mondo.db
Tuberous_Sclerosis_Complex	mondo	MONDO:0001734	skos:exactMatch	ICD10CM:Q85.1	mondo.db
Tuberous_Sclerosis_Complex	ordo	ORDO:805	skos:exactMatch	ICD-10:Q85.1	ordo.db
Tyrosinemia_Type_I	ordo	ORDO:882	skos:broadMatch	ICD-10:E70.2	ordo.db
Tyrosinemia_Type_II	ordo	ORDO:28378	skos:broadMatch	ICD-10:E70.2	ordo.db
Tyrosinemia_Type_III	ordo	ORDO:69723	skos:broadMatch	ICD-10:E70.2	ordo.db
UCHL1-Related_Neurodegeneration_with_Optic_Atrophy_and_Spastic_Paraplegia	ordo	ORDO:352654	skos:broadMatch	ICD-10:G31.8	ordo.db
Ullrich_Congenital_Muscular_Dystrophy	ordo	ORDO:75840	skos:broadMatch	ICD-10:G71.2	ordo.db
Ulnar-Mammary_Syndrome	ordo	ORDO:3138	skos:broadMatch	ICD-10:Q71.8	ordo.db
Undetermined_Early_Onset_Epileptic_Encephalopathy	ordo	ORDO:442835	skos:broadMatch	ICD-10:G40.4	ordo.db
Unverricht-Lundborg_Disease	ordo	ORDO:308	skos:broadMatch	ICD-10:G40.3	ordo.db
Urea_Cycle_Disorder	ordo	ORDO:79167	skos:exactMatch	ICD-10:E72.2	ordo.db
Usher_Syndrome	ordo	ORDO:886	skos:broadMatch	ICD-10:H35.5	ordo.db
Uveal_Coloboma-Cleft_Lip_and_Palate-Intellectual_Disability_Syndrome	ordo	ORDO:1473	skos:broadMatch	ICD-10:Q13.8	ordo.db
VLCAD_Deficiency	mondo	MONDO:0008723	oio:hasDbXref	ICD10CM:E71.310	mondo.db
VLCAD_Deficiency	mondo	MONDO:0008723	skos:exactMatch	ICD10CM:E71.310	mondo.db
VLCAD_Deficiency	ordo	ORDO:26793	skos:broadMatch	ICD-10:E71.3	ordo.db
VPS4A-Related_Neurodevelopmental_Syndrome	ordo	ORDO:603448	skos:broadMatch	ICD-10:Q04.8	ordo.db
VPS51-Related_Pontocerebellar_Hypoplasia-CDG	ordo	ORDO:613267	skos:broadMatch	ICD-10:Q04.3	ordo.db
Van_Buchem_Disease	ordo	ORDO:3416	skos:broadMatch	ICD-10:M85.2	ordo.db
Van_Maldergem_Syndrome	ordo	ORDO:314679	skos:broadMatch	ICD-10:Q87.8	ordo.db
Vascular_Ehlers-Danlos_Syndrome	ordo	ORDO:286	skos:broadMatch	ICD-10:Q79.6	ordo.db
Vici_Syndrome	ordo	ORDO:1493	skos:broadMatch	ICD-10:Q87.8	ordo.db
Vitamin_K_Dependent_Coagulation_Factor_Deficiency	ordo	ORDO:98434	skos:broadMatch	ICD-10:D68.2	ordo.db
Vulvar_Adenocarcinoma	ordo	ORDO:494454	skos:broadMatch	ICD-10:C51.8	ordo.db
Warburg_Micro_Syndrome	ordo	ORDO:2510	skos:broadMatch	ICD-10:Q87.0	ordo.db
Warsaw_breakage_syndrome	ordo	ORDO:280558	skos:broadMatch	ICD-10:Q87.8	ordo.db
Weaver_Syndrome	ordo	ORDO:3447	skos:broadMatch	ICD-10:Q87.3	ordo.db
Weill-Marchesani_Syndrome	ordo	ORDO:3449	skos:broadMatch	ICD-10:Q87.0	ordo.db
Weiss-Kruszka_Syndrome	ordo	ORDO:502430	skos:broadMatch	ICD-10:Q87.8	ordo.db
Werner_Syndrome	ordo	ORDO:902	skos:broadMatch	ICD-10:E34.8	ordo.db
White-Sutton_Syndrome	ordo	ORDO:468678	skos:broadMatch	ICD-10:Q87.0	ordo.db
Wiedemann-Rautenstrauch_Syndrome	ordo	ORDO:3455	skos:broadMatch	ICD-10:E34.8	ordo.db
Wiedemann-Steiner_Syndrome	ordo	ORDO:319182	skos:broadMatch	ICD-10:Q87.1	ordo.db
Williams_Syndrome	mondo	MONDO:0008678	oio:hasDbXref	ICD10CM:Q93.82	mondo.db
Williams_Syndrome	mondo	MONDO:0008678	skos:exactMatch	ICD10CM:Q93.82	mondo.db
Williams_Syndrome	ordo	ORDO:904	skos:broadMatch	ICD-10:Q93.8	ordo.db
Wilms_Tumor	dismech	dismech:Wilms_Tumor	skos:closeMatch	ICD10CM:C64.9	ICD-10-CM
Wolcott-Rallison_Syndrome	ordo	ORDO:1667	skos:broadMatch	ICD-10:Q87.1	ordo.db
Wolfram_Syndrome	ordo	ORDO:3463	skos:broadMatch	ICD-10:E34.8	ordo.db
Wolman_Disease	ordo	ORDO:75233	skos:broadMatch	ICD-10:E75.5	ordo.db
Woodhouse-Sakati_Syndrome	ordo	ORDO:3464	skos:broadMatch	ICD-10:Q87.5	ordo.db
X-Linked_Hypophosphatemia	ordo	ORDO:89936	skos:broadMatch	ICD-10:E83.3	ordo.db
X-Linked_Infantile_Spinal_Muscular_Atrophy	ordo	ORDO:1145	skos:broadMatch	ICD-10:G12.1	ordo.db
X-linked_Agammaglobulinemia	ordo	ORDO:47	skos:broadMatch	ICD-10:D80.0	ordo.db
X-linked_Chondrodysplasia_Punctata_1	ordo	ORDO:79345	skos:broadMatch	ICD-10:Q77.3	ordo.db
X-linked_Chondrodysplasia_Punctata_2	ordo	ORDO:35173	skos:broadMatch	ICD-10:Q77.3	ordo.db
X-linked_Dystonia-Parkinsonism	ordo	ORDO:53351	skos:broadMatch	ICD-10:G24.1	ordo.db
X-linked_Nonsyndromic_Hearing_Loss	ordo	ORDO:90625	skos:broadMatch	ICD-10:H90.3	ordo.db
X-linked_Retinoschisis	ordo	ORDO:792	skos:broadMatch	ICD-10:Q14.1	ordo.db
Xeroderma_Pigmentosum	mondo	MONDO:0019600	oio:hasDbXref	ICD10CM:Q82.1	mondo.db
Xeroderma_Pigmentosum	mondo	MONDO:0019600	skos:exactMatch	ICD10CM:Q82.1	mondo.db
Xeroderma_Pigmentosum	ordo	ORDO:910	skos:exactMatch	ICD-10:Q82.1	ordo.db
Yolk_Sac_Tumor	ordo	ORDO:876	skos:broadMatch	ICD-10:C56	ordo.db
Yolk_Sac_Tumor	ordo	ORDO:876	skos:broadMatch	ICD-10:C62.9	ordo.db
You-Hoover-Fong_Syndrome	ordo	ORDO:488642	skos:broadMatch	ICD-10:Q87.8	ordo.db
ZTTK_syndrome	ordo	ORDO:500150	skos:broadMatch	ICD-10:Q87.8	ordo.db
Zellweger_Spectrum_Disorders	mondo	MONDO:0019609	oio:hasDbXref	ICD10CM:E71.510	mondo.db
Zellweger_Spectrum_Disorders	mondo	MONDO:0019609	skos:exactMatch	ICD10CM:E71.510	mondo.db
Zellweger_Spectrum_Disorders	ordo	ORDO:772	skos:broadMatch	ICD-10:G60.1	ordo.db
Zellweger_Spectrum_Disorders	ordo	ORDO:912	skos:broadMatch	ICD-10:Q87.8	ordo.db
Zimmermann_Laband_Syndrome	ordo	ORDO:3473	skos:broadMatch	ICD-10:Q87.8	ordo.db
Zlotogora-Ogur_Syndrome	ordo	ORDO:3253	skos:broadMatch	ICD-10:Q82.4	ordo.db
aceruloplasminemia	ordo	ORDO:48818	skos:broadMatch	ICD-10:E83.1	ordo.db
adrenoleukodystrophy	ordo	ORDO:43	skos:broadMatch	ICD-10:E71.3	ordo.db
erythromelalgia	mondo	MONDO:0016028	oio:hasDbXref	ICD10CM:I73.81	mondo.db
erythromelalgia	mondo	MONDO:0016028	skos:exactMatch	ICD10CM:I73.81	mondo.db
neuroferritinopathy	ordo	ORDO:157846	skos:broadMatch	ICD-10:G23.0	ordo.db
ornithine_aminotransferase_deficiency	ordo	ORDO:414	skos:broadMatch	ICD-10:E72.4	ordo.db
