disorder	mondo_id	n_dismech	n_kg	exact	more_specific	more_general	unmatched	semantic_overlap	unmatched_terms
15q11q13_Microduplication_Syndrome	MONDO:0012081	18	34	5	1	5	7	11	HP:0000709(Psychosis);HP:0001270(Motor delay);HP:0002019(Constipation);HP:0002020(Gastroesophageal reflux);HP:0002360(Sleep disturbance);HP:0011968(Feeding difficulties);HP:0033258(Sudden unexpected death in epilepsy)
2-Methylbutyryl-CoA_Dehydrogenase_Deficiency	MONDO:0012392	11	16	7	0	3	1	10	HP:0001942(Metabolic acidosis)
22q11.2_Deletion_Syndrome	MONDO:0018923	11	234	6	3	2	0	11	
2q37_Microdeletion_Syndrome	MONDO:0010886	17	79	9	1	5	2	15	HP:0002119(Ventriculomegaly);HP:0002650(Scoliosis)
3-Hydroxy-3-Methylglutaric_Aciduria	MONDO:0009520	13	70	11	0	0	2	11	HP:0002059(Cerebral atrophy);HP:0006554(Acute hepatic failure)
3-Hydroxy-3-Methylglutaryl-CoA_Synthase_Deficiency	MONDO:0011614	17	21	10	3	0	4	13	HP:0001254(Lethargy);HP:0002789(Tachypnea);HP:0011900(Hypofibrinogenemia);HP:0031273(Shock)
3-Hydroxyisobutyryl-CoA_Hydrolase_Deficiency	MONDO:0009603	16	41	12	0	1	3	13	HP:0000252(Microcephaly);HP:0000648(Optic atrophy);HP:0001257(Spasticity)
3-Methylcrotonyl-CoA_Carboxylase_Deficiency	MONDO:0018950	6	70	6	0	0	0	6	
3-Methylglutaconic_Aciduria_Type_I	MONDO:0009610	8	32	8	0	0	0	8	
3-Phosphoglycerate_Dehydrogenase_Deficiency	MONDO:0011152	12	54	8	0	2	2	10	HP:0001251(Ataxia);HP:0003477(Peripheral axonal neuropathy)
46_XX_Gonadal_Dysgenesis	MONDO:0009299	9	63	9	0	0	0	9	
46_XX_Testicular_DSD	MONDO:0100249	8	29	5	1	0	2	6	HP:0000028(Cryptorchidism);HP:0000815(Hypergonadotropic hypogonadism)
46_XY_DSD_Due_to_17_Beta_Hydroxysteroid_Dehydrogenase_3_Deficiency	MONDO:0009916	14	15	14	0	0	0	14	
46_XY_DSD_Due_to_5_Alpha_Reductase_2_Deficiency	MONDO:0009923	13	14	13	0	0	0	13	
46_XY_complete_gonadal_dysgenesis	MONDO:0010765	11	99	5	3	0	3	8	HP:0000823(Delayed puberty);HP:0003187(Breast hypoplasia);HP:0004349(Reduced bone mineral density)
5-Oxoprolinase_Deficiency	MONDO:0009825	6	24	5	0	0	1	5	HP:0001510(Growth delay)
ACAD9_Deficiency	MONDO:0012624	9	36	3	0	1	5	4	HP:0000124(Renal tubular dysfunction);HP:0000648(Optic atrophy);HP:0001250(Seizure);HP:0012758(Neurodevelopmental delay);HP:0100543(Cognitive impairment)
ADGRG1_Bilateral_Frontoparietal_Polymicrogyria	MONDO:0011738	13	37	6	0	4	3	10	HP:0001252(Hypotonia);HP:0002353(EEG abnormality);HP:0003429(CNS hypomyelination)
ADNP-Related_Syndrome	MONDO:0014379	23	163	16	0	6	1	22	HP:0000365(Hearing impairment)
ADan_amyloidosis	MONDO:0007297	8	9	3	2	1	2	6	HP:0001260(Dysarthria);HP:0011999(Paranoia)
AGAT_Deficiency	MONDO:0012996	18	27	17	0	0	1	17	HP:0002059(Cerebral atrophy)
ALDH18A1_Cutis_Laxa	MONDO:0014706	16	33	7	0	2	7	9	HP:0002061(Lower limb spasticity);HP:0002119(Ventriculomegaly);HP:0002500(Abnormal cerebral white matter morphology);HP:0003467(Atlantoaxial instability);HP:0004322(Short stature);HP:0033725(Thin corpus callosum);HP:0034392(Joint contracture)
ALDH18A1_De_Barsy_Spectrum	MONDO:0100126	15	153	13	1	1	0	15	
ALG12_Congenital_Disorder_of_Glycosylation	MONDO:0011783	14	116	6	2	6	0	14	
ALG9-congenital_disorder_of_glycosylation	MONDO:0012117	17	114	16	0	1	0	17	
ALK_Rearranged_NSCLC	MONDO:0005233	2	11	0	0	0	2	0	HP:0030078(Lung adenocarcinoma);HP:0030692(Brain neoplasm)
AL_Amyloidosis	MONDO:0017816	13	0	0	0	0	13	0	HP:0000093(Proteinuria);HP:0000100(Nephrotic syndrome);HP:0000158(Macroglossia);HP:0001541(Ascites);HP:0001635(Congestive heart failure);HP:0001723(Restrictive cardiomyopathy);HP:0001824(Weight loss);HP:0002579(Gastrointestinal dysmotility);HP:0009830(Peripheral neuropathy);HP:0012332(Abnormal autonomic nervous system physiology);HP:0012378(Fatigue);HP:0025552(Periorbital purpura);HP:0033842(Early satiety)
ANK2_Ankyrin_B_Syndrome	MONDO:0010958	4	5	0	0	1	3	1	HP:0001663(Ventricular fibrillation);HP:0004756(Ventricular tachycardia);HP:0011704(Sick sinus syndrome)
ANK2_Related_Complex_Neurodevelopmental_Disorder	MONDO:0100038	3	999	3	0	0	0	3	
APL_PML_RARA	MONDO:0012883	9	38	9	0	0	0	9	
ARX-Related_Lissencephaly_and_Interneuronopathy	MONDO:0010268	15	41	9	2	1	3	12	HP:0002059(Cerebral atrophy);HP:0002134(Abnormal basal ganglia morphology);HP:0007256(Abnormal pyramidal sign)
AR_Cerebellar_Ataxia-Saccadic_Intrusion_Syndrome	MONDO:0011811	6	42	5	1	0	0	6	
ATRX_Syndrome	MONDO:0016980	17	136	13	2	2	0	17	
ATTR_Amyloidosis	MONDO:0007100	16	124	16	0	0	0	16	
Abdominal_Aortic_Aneurysm	MONDO:0005350	4	1	1	0	0	3	1	HP:0002027(Abdominal pain);HP:0003418(Back pain);HP:0031649(Aortic rupture)
Abetalipoproteinemia	MONDO:0008692	40	68	38	1	1	0	40	
Acatalasia	MONDO:0013571	7	17	5	0	1	1	6	HP:0012119(Methemoglobinemia)
Acetaminophen_Hepatotoxicity	MONDO:0018741	10	0	0	0	0	10	0	HP:0000952(Jaundice);HP:0001919(Acute kidney injury);HP:0001942(Metabolic acidosis);HP:0002017(Nausea and vomiting);HP:0002480(Hepatic encephalopathy);HP:0002516(Increased intracranial pressure);HP:0002910(Elevated circulating hepatic transaminase concentration);HP:0006554(Acute hepatic failure);HP:0008151(Prolonged prothrombin time);HP:0031273(Shock)
Achondrogenesis_Type_II	MONDO:0008702	24	47	17	1	0	6	18	HP:0000470(Short neck);HP:0001591(Bell-shaped thorax);HP:0002643(Neonatal respiratory distress);HP:0002878(Respiratory failure);HP:0003016(Metaphyseal widening);HP:0004482(Relative macrocephaly)
Achondroplasia	MONDO:0007037	44	71	33	3	0	8	36	HP:0000750(Delayed speech and language development);HP:0002318(Cervical myelopathy);HP:0002650(Scoliosis);HP:0005070(Proximal radial head dislocation);HP:0009763(Limb pain);HP:0011220(Prominent forehead);HP:0031353(Otitis media with effusion);HP:0034391(Elbow contracture)
Achoo_Syndrome	MONDO:0007038	1	1	1	0	0	0	1	
Achromatopsia	MONDO:0018852	8	45	7	1	0	0	8	
Acne_Vulgaris	MONDO:0011438	6	1	0	0	0	6	0	HP:0000953(Hyperpigmentation of the skin);HP:0001075(Atrophic scars);HP:0030350(Erythematous papule);HP:0033188(Cystic acne);HP:0040137(Comedonal acne);HP:0200039(Pustule)
Acoustic_Neuroma	MONDO:0001569	3	0	0	0	0	3	0	HP:0000360(Tinnitus);HP:0000407(Sensorineural hearing impairment);HP:0001751(Abnormal vestibular function)
Acquired_Angioedema	MONDO:0019624	5	13	3	0	0	2	3	HP:0005225(Intestinal edema);HP:0012398(Peripheral edema)
Acquired_Immunodeficiency_Syndrome	MONDO:0012268	2	0	0	0	0	2	0	HP:0020102(Pneumocystis jirovecii pneumonia);HP:0100726(Kaposi's sarcoma)
Acquired_Partial_Lipodystrophy	MONDO:0012104	15	17	5	1	1	8	7	HP:0000292(Loss of facial adipose tissue);HP:0000716(Depression);HP:0000793(Membranoproliferative glomerulonephritis);HP:0002155(Hypertriglyceridemia);HP:0005995(Decreased adipose tissue around neck);HP:0009002(Loss of truncal subcutaneous adipose tissue);HP:0009056(Loss of subcutaneous adipose tissue from upper limbs);HP:0030499(Macular drusen)
Acquired_Thrombotic_Thrombocytopenic_Purpura	MONDO:0019740	9	41	6	0	1	2	7	HP:0000716(Depression);HP:0001298(Encephalopathy)
Acrocallosal_Syndrome	MONDO:0008708	16	89	12	2	0	2	14	HP:0002419(Molar tooth sign on MRI);HP:0012725(Cutaneous syndactyly)
Acrodysostosis	MONDO:0019797	13	96	9	1	2	1	12	HP:0002901(Hypocalcemia)
Acromesomelic_Dysplasia_Maroteaux_Type	MONDO:0011275	18	42	14	2	0	2	16	HP:0001773(Short foot);HP:0005773(Short forearm)
Activated_PI3K-delta_Syndrome	MONDO:0018338	11	63	8	2	0	1	10	HP:0004429(Recurrent viral infections)
Acute_Annular_Outer_Retinopathy	MONDO:0017299	6	0	0	0	0	6	0	HP:0000512(Abnormal electroretinogram);HP:0000575(Scotoma);HP:0000622(Blurred vision);HP:0001105(Retinal atrophy);HP:0001123(Visual field defect);HP:0030786(Photopsia)
Acute_Disseminated_Encephalomyelitis	MONDO:0019383	15	53	11	0	4	0	15	
Acute_Flaccid_Myelitis	MONDO:0100115	10	0	0	0	0	10	0	HP:0001283(Bulbar palsy);HP:0001284(Areflexia);HP:0002747(Respiratory insufficiency due to muscle weakness);HP:0003470(Paralysis);HP:0003690(Limb muscle weakness);HP:0006824(Cranial nerve paralysis);HP:0011947(Respiratory tract infection);HP:0012229(CSF pleocytosis);HP:0030319(Weakness of facial musculature);HP:0100561(Spinal cord lesion)
Acute_Hepatitis_C_Virus_Infection	MONDO:0100371	5	0	0	0	0	5	0	HP:0000952(Jaundice);HP:0002018(Nausea);HP:0002039(Anorexia);HP:0002910(Elevated circulating hepatic transaminase concentration);HP:0012378(Fatigue)
Acute_Hypotension	MONDO:0005174	3	0	0	0	0	3	0	HP:0001279(Syncope);HP:0001919(Acute kidney injury);HP:0002615(Hypotension)
Acute_Intermittent_Porphyria	MONDO:0008294	21	60	18	1	0	2	19	HP:0000709(Psychosis);HP:0002273(Tetraparesis)
Acute_Lichenoid_Pityriasis	MONDO:0024250	9	0	0	0	0	9	0	HP:0000979(Purpura);HP:0000989(Pruritus);HP:0001053(Hypopigmented skin patches);HP:0001945(Fever);HP:0007473(Crusting erythematous dermatitis);HP:0033700(Papulovesicular eruption);HP:0040189(Scaling skin);HP:0100699(Scarring);HP:0200042(Skin ulcer)
Acute_Lymphoblastic_Leukemia	MONDO:0004967	10	6	0	0	0	10	0	HP:0001433(Hepatosplenomegaly);HP:0001873(Thrombocytopenia);HP:0001882(Decreased total leukocyte count);HP:0001892(Abnormal bleeding);HP:0001903(Anemia);HP:0002011(Morphological central nervous system abnormality);HP:0002716(Lymphadenopathy);HP:0002719(Recurrent infections);HP:0012378(Fatigue);HP:0033827(Anterior mediastinal mass)
Acute_Megakaryoblastic_Leukemia	MONDO:0018872	4	0	0	0	0	4	0	HP:0001433(Hepatosplenomegaly);HP:0001873(Thrombocytopenia);HP:0001903(Anemia);HP:0011974(Myelofibrosis)
Acute_Motor_and_Sensory_Axonal_Neuropathy	MONDO:0020348	10	0	0	0	0	10	0	HP:0000763(Sensory neuropathy);HP:0001284(Areflexia);HP:0002015(Dysphagia);HP:0002270(Abnormality of the autonomic nervous system);HP:0002747(Respiratory insufficiency due to muscle weakness);HP:0003401(Paresthesia);HP:0003690(Limb muscle weakness);HP:0007078(Decreased amplitude of sensory action potentials);HP:0012531(Pain);HP:0033383(Decreased compound muscle action potential amplitude)
Acute_Myeloid_Leukemia_with_CEBPA_Somatic_Mutations	MONDO:0017894	9	0	0	0	0	9	0	HP:0001873(Thrombocytopenia);HP:0001875(Decreased total neutrophil count);HP:0001876(Pancytopenia);HP:0001892(Abnormal bleeding);HP:0001903(Anemia);HP:0001909(Leukemia);HP:0001974(Increased total leukocyte count);HP:0002719(Recurrent infections);HP:0012378(Fatigue)
Adams-Oliver_Syndrome	MONDO:0007034	9	133	4	0	5	0	9	
Addisons_Disease	MONDO:0015128	12	347	12	0	0	0	12	
Adenine_Phosphoribosyltransferase_Deficiency	MONDO:0013869	22	25	22	0	0	0	22	
Adenosine_Kinase_Deficiency	MONDO:0100255	15	30	4	1	3	7	8	HP:0000846(Adrenal insufficiency);HP:0001297(Stroke);HP:0001943(Hypoglycemia);HP:0001972(Macrocytic anemia);HP:0004322(Short stature);HP:0005116(Arterial tortuosity);HP:0012448(Delayed myelination)
Adenylosuccinate_Lyase_Deficiency	MONDO:0007068	20	45	19	0	1	0	20	
Adult-Onset_Autosomal_Dominant_Demyelinating_Leukodystrophy	MONDO:0008215	10	74	6	0	1	3	7	HP:0002076(Migraine);HP:0002360(Sleep disturbance);HP:0012378(Fatigue)
Adult-Onset_Still_Disease	MONDO:0019355	10	59	10	0	0	0	10	
Adult_Neuronal_Ceroid_Lipofuscinosis	MONDO:0019260	12	39	8	2	1	1	11	HP:0000739(Anxiety)
Adult_Onset_Dystonia_Parkinsonism	MONDO:0013060	33	53	32	0	0	1	32	HP:0000012(Urinary urgency)
Adult_Onset_Foveomacular_Vitelliform_Dystrophy	MONDO:0011979	5	19	5	0	0	0	5	
Adult_Polyglucosan_Body_Disease	MONDO:0009897	23	29	22	0	0	1	22	HP:0002019(Constipation)
Adult_Refsum_Disease	MONDO:0009958	39	54	39	0	0	0	39	
Adult_T_Cell_Leukemia_Lymphoma	MONDO:0019471	7	0	0	0	0	7	0	HP:0001744(Splenomegaly);HP:0002240(Hepatomegaly);HP:0002716(Lymphadenopathy);HP:0003072(Hypercalcemia);HP:0005390(Recurrent opportunistic infections);HP:0011121(Abnormal skin morphology);HP:0100827(Increased total lymphocyte count)
Aflatoxin_Related_HCC	MONDO:0007256	6	13	3	0	0	3	3	HP:0000952(Jaundice);HP:0001541(Ascites);HP:0001824(Weight loss)
Age_Related_Macular_Degeneration	MONDO:0005150	7	26	4	1	0	2	5	HP:0012508(Metamorphopsia);HP:0032036(Reduced contrast sensitivity)
Agenesis_of_the_Corpus_Callosum_with_Peripheral_Neuropathy	MONDO:0000902	20	64	20	0	0	0	20	
Aggressive_NK-cell_Leukemia	MONDO:0019470	9	0	0	0	0	9	0	HP:0001433(Hepatosplenomegaly);HP:0001873(Thrombocytopenia);HP:0001876(Pancytopenia);HP:0001945(Fever);HP:0002716(Lymphadenopathy);HP:0002910(Elevated circulating hepatic transaminase concentration);HP:0003281(Increased circulating ferritin concentration);HP:0005521(Disseminated intravascular coagulation);HP:0011900(Hypofibrinogenemia)
Aicardi_Goutieres_Syndrome	MONDO:0018866	30	183	30	0	0	0	30	
Aicardi_Syndrome	MONDO:0010568	18	79	13	1	3	1	17	HP:0002015(Dysphagia)
Ainhum	MONDO:0007074	7	0	0	0	0	7	0	HP:0000969(Edema);HP:0007460(Autoamputation of digits);HP:0010189(Osteolytic defects of the distal phalanges of the toes);HP:0010491(Digital constriction ring);HP:0025238(Foot pain);HP:0031057(Skin fissure);HP:0200042(Skin ulcer)
Akinetopsia	MONDO:0000660	1	0	0	0	0	1	0	HP:0030222(Visual agnosia)
Alagille_syndrome	MONDO:0007318	27	92	24	1	1	1	26	HP:0000989(Pruritus)
Aland_Island_Eye_Disease	MONDO:0010371	9	12	9	0	0	0	9	
Alcoholic_Liver_Disease	MONDO:0043693	6	0	0	0	0	6	0	HP:0001394(Cirrhosis);HP:0001395(Hepatic fibrosis);HP:0001397(Hepatic steatosis);HP:0001409(Portal hypertension);HP:0001410(Decreased liver function);HP:0012115(Hepatitis)
Alexander_Disease	MONDO:0008752	23	91	22	0	1	0	23	
Alkaptonuria	MONDO:0008753	28	62	28	0	0	0	28	
Allergic_Cutaneous_Vasculitis	MONDO:0001290	4	0	0	0	0	4	0	HP:0002829(Arthralgia);HP:0031363(Palpable purpura);HP:0034786(Leukocytoclastic vasculitis);HP:0200029(Vasculitis in the skin)
Allopurinol_Induced_SJS_TEN	MONDO:0044739	5	0	0	0	0	5	0	HP:0000155(Oral ulcer);HP:0000509(Conjunctivitis);HP:0001945(Fever);HP:0008066(Abnormal blistering of the skin);HP:0032156(Skin detachment)
Alopecia_Areata	MONDO:0005340	2	6	0	0	2	0	2	
Alpha-gal_Syndrome	MONDO:0100001	9	0	0	0	0	9	0	HP:0000989(Pruritus);HP:0001025(Urticaria);HP:0002014(Diarrhea);HP:0002017(Nausea and vomiting);HP:0002027(Abdominal pain);HP:0100665(Angioedema);HP:0410233(Increased anti-meat allergen IgE antibody level);HP:0410330(Meat allergen allergy);HP:0500095(Food-induced anaphylaxis)
Alpha_1_Antitrypsin_Deficiency	MONDO:0013282	8	30	7	0	0	1	7	HP:0002240(Hepatomegaly)
Alpha_Mannosidosis	MONDO:0009561	64	150	64	0	0	0	64	
Alpha_Thalassemia	MONDO:0011399	12	32	9	0	0	3	9	HP:0002007(Frontal bossing);HP:0003281(Increased circulating ferritin concentration);HP:0025066(Decreased mean corpuscular volume)
Alport_Syndrome	MONDO:0018965	11	55	9	2	0	0	11	
Alsahan-Harris_Syndrome	MONDO:0979871	5	80	0	0	2	3	2	HP:0000407(Sensorineural hearing impairment);HP:0000510(Rod-cone dystrophy);HP:0001999(Abnormal facial shape)
Alstrom_Syndrome	MONDO:0008763	9	143	9	0	0	0	9	
Alternating_Hemiplegia_of_Childhood	MONDO:0016241	8	103	7	0	1	0	8	
Alveolar_Rhabdomyosarcoma	MONDO:0009994	4	1	0	0	1	3	1	HP:0000520(Proptosis);HP:0001824(Weight loss);HP:0031459(Soft tissue neoplasm)
Alveolar_Soft_Part_Sarcoma	MONDO:0011655	4	1	0	0	0	4	0	HP:0010622(Neoplasm of the skeletal system);HP:0031459(Soft tissue neoplasm);HP:0100006(Neoplasm of the central nervous system);HP:0100526(Neoplasm of the lung)
Alzheimer_Disease	MONDO:0004975	6	53	4	2	0	0	6	
Ameloblastoma	MONDO:0017795	6	0	0	0	0	6	0	HP:0000324(Facial asymmetry);HP:0000692(Tooth malposition);HP:0003401(Paresthesia);HP:0006480(Premature loss of teeth);HP:0030793(Jaw swelling);HP:0100612(Odontogenic neoplasm)
Amelogenesis_Imperfecta	MONDO:0019507	3	52	3	0	0	0	3	
Aminoacylase_1_Deficiency	MONDO:0012368	8	26	3	2	0	3	5	HP:0000729(Autistic behavior);HP:0002342(Moderate intellectual disability);HP:0007325(Generalized dystonia)
Amniotic_Band_Syndrome	MONDO:0015167	16	36	14	0	0	2	14	HP:6000818(Transverse terminal limb defect);HP:6001389(Intrauterine amputation)
Amyloidosis	MONDO:0019065	8	338	8	0	0	0	8	
Amyotrophic_Lateral_Sclerosis-Parkinsonism-Dementia_Complex	MONDO:0007104	7	9	3	0	0	4	3	HP:0001288(Gait disturbance);HP:0001347(Hyperreflexia);HP:0002063(Rigidity);HP:0003693(Distal amyotrophy)
Amyotrophic_Lateral_Sclerosis	MONDO:0004976	46	245	46	0	0	0	46	
Anal_Canal_Adenocarcinoma	MONDO:0002735	3	12	1	0	0	2	1	HP:0002573(Hematochezia);HP:0500005(Anal pain)
Anal_Canal_Carcinoma	MONDO:0007108	4	39	2	1	0	1	3	HP:0500005(Anal pain)
Anaplastic_Large_Cell_Lymphoma	MONDO:0020325	2	0	0	0	0	2	0	HP:0002716(Lymphadenopathy);HP:0200036(Skin nodule)
Anaplastic_Thyroid_Carcinoma	MONDO:0006468	6	23	5	0	1	0	6	
Aneurysm-Osteoarthritis_Syndrome	MONDO:0013426	16	84	12	2	0	2	14	HP:0000963(Thin skin);HP:4000067(Iliac artery aneurysm)
Angelman_Syndrome	MONDO:0007113	33	111	32	1	0	0	33	
Angiosarcoma	MONDO:0016982	3	27	1	1	0	1	2	HP:0002105(Hemoptysis)
Ankylosing_Spondylitis	MONDO:0005306	10	1	0	0	0	10	0	HP:0000509(Conjunctivitis);HP:0000554(Uveitis);HP:0001369(Arthritis);HP:0003306(Spinal rigidity);HP:0003418(Back pain);HP:0011675(Arrhythmia);HP:0012122(Anterior uveitis);HP:0033631(Spondylitis);HP:0100532(Scleritis);HP:0100686(Enthesitis)
Anorexia_Nervosa	MONDO:0005351	12	0	0	0	0	12	0	HP:0000141(Amenorrhea);HP:0000716(Depression);HP:0000739(Anxiety);HP:0001662(Bradycardia);HP:0002019(Constipation);HP:0002900(Hypokalemia);HP:0002902(Hyponatremia);HP:0004325(Decreased body weight);HP:0004349(Reduced bone mineral density);HP:0008770(Obsessive-compulsive trait);HP:0011675(Arrhythmia);HP:0100738(Abnormal eating behavior)
Anterior_Spinal_Artery_Syndrome	MONDO:0006650	6	0	0	0	0	6	0	HP:0000020(Urinary incontinence);HP:0001257(Spasticity);HP:0003418(Back pain);HP:0007307(Rapid neurologic deterioration);HP:0007328(Impaired pain sensation);HP:0010551(Paraplegia/paraparesis)
Anti-GBM_Disease	MONDO:0009303	7	45	6	1	0	0	7	
Anti-NMDA_Receptor_Encephalitis	MONDO:0021081	10	53	6	0	2	2	8	HP:0001259(Coma);HP:0007110(Central hypoventilation)
Antiphospholipid_Syndrome	MONDO:8000010	19	79	19	0	0	0	19	
Antisynthetase_Syndrome	MONDO:0019344	13	44	9	2	1	1	12	HP:0003198(Myopathy)
Aortic_Valve_Disease_2	MONDO:0013902	7	11	4	1	2	0	7	
Aortitis	MONDO:0006656	7	0	0	0	0	7	0	HP:0001659(Aortic regurgitation);HP:0001945(Fever);HP:0002647(Aortic dissection);HP:0003565(Elevated erythrocyte sedimentation rate);HP:0004942(Aortic aneurysm);HP:0011227(Elevated circulating C-reactive protein concentration);HP:6001461(Aortitis)
Apert_Syndrome	MONDO:0007041	7	109	7	0	0	0	7	
Appendiceal_Neuroendocrine_Tumor	MONDO:0015066	1	30	0	0	1	0	1	
Arginase_Deficiency	MONDO:0008814	23	28	14	0	1	8	15	HP:0000020(Urinary incontinence);HP:0000252(Microcephaly);HP:0001298(Encephalopathy);HP:0002376(Developmental regression);HP:0002500(Abnormal cerebral white matter morphology);HP:0002505(Loss of ambulation);HP:0002607(Bowel incontinence);HP:0004322(Short stature)
Argininosuccinic_Aciduria	MONDO:0008815	13	63	9	0	2	2	11	HP:0001252(Hypotonia);HP:0001298(Encephalopathy)
Aromatase_Deficiency	MONDO:0013301	25	26	23	1	0	1	24	HP:0008665(Clitoral hypertrophy)
Aromatic_L_Amino_Acid_Decarboxylase_Deficiency	MONDO:0012084	38	60	38	0	0	0	38	
Arrhythmogenic_Right_Ventricular_Cardiomyopathy	MONDO:0016587	9	69	9	0	0	0	9	
Arsenic_Related_Cancers	MONDO:0005096	4	20	0	0	1	3	1	HP:0000953(Hyperpigmentation of the skin);HP:0000962(Hyperkeratosis);HP:0004950(Peripheral arterial stenosis)
Arterial_Calcification_of_Infancy	MONDO:0018870	8	76	6	1	0	1	7	HP:0100685(Abnormal Sharpey fiber morphology)
Arterial_Dissection_Lentiginosis_Syndrome	MONDO:0010889	5	6	3	0	0	2	3	HP:0002315(Headache);HP:0002381(Aphasia)
Arterial_Tortuosity_Syndrome	MONDO:0008818	14	88	12	0	1	1	13	HP:0002643(Neonatal respiratory distress)
Arteriosclerotic_Retinopathy	MONDO:0042495	1	0	0	0	0	1	0	HP:6001216(Arteriovenous crossing sign)
Arthrogryposis_Multiplex_Congenita	MONDO:0015168	5	528	5	0	0	0	5	
Arts_syndrome	MONDO:0010533	11	43	8	1	1	1	10	HP:0000556(Retinal dystrophy)
Asbestosis	MONDO:0016466	7	35	3	3	1	0	7	
Asparagine_Synthetase_Deficiency	MONDO:0014258	12	58	8	2	0	2	10	HP:0001336(Myoclonus);HP:0002059(Cerebral atrophy)
Aspartylglucosaminuria	MONDO:0008830	41	76	41	0	0	0	41	
Asthma	MONDO:0004979	10	4	2	0	0	8	2	HP:0000961(Cyanosis);HP:0002098(Respiratory distress);HP:0002360(Sleep disturbance);HP:0003546(Exercise intolerance);HP:0012378(Fatigue);HP:0012735(Cough);HP:0030828(Wheezing);HP:0031352(Chest tightness)
Ataxia_Telangiectasia	MONDO:0008840	16	73	8	2	1	5	11	HP:0001272(Cerebellar atrophy);HP:0002015(Dysphagia);HP:0002071(Abnormality of extrapyramidal motor function);HP:0003477(Peripheral axonal neuropathy);HP:0011133(Increased sensitivity to ionizing radiation)
Atelosteogenesis_Type_I	MONDO:0007167	20	65	14	0	1	5	15	HP:0000494(Downslanted palpebral fissures);HP:0000767(Pectus excavatum);HP:0002779(Tracheomalacia);HP:0011220(Prominent forehead);HP:0011304(Broad thumb)
Atelosteogenesis_Type_II	MONDO:0009727	30	69	29	0	1	0	30	
Atelosteogenesis_Type_III	MONDO:0007168	16	47	10	1	1	4	12	HP:0000316(Hypertelorism);HP:0002104(Apnea);HP:0005008(Large joint dislocations);HP:0011304(Broad thumb)
Atopic_Dermatitis	MONDO:0004980	13	18	8	1	1	3	10	HP:0000607(Periorbital wrinkles);HP:0002360(Sleep disturbance);HP:0500093(Food allergy)
Atrial_Fibrillation	MONDO:0004981	6	35	5	0	1	0	6	
Atrial_Septal_Defect	MONDO:0006664	11	93	9	1	1	0	11	
Atrial_Standstill	MONDO:0015281	9	44	6	3	0	0	9	
Attention_Deficit-Hyperactivity_Disorder	MONDO:0007743	3	3	1	0	1	1	2	HP:0100710(Impulsivity)
Atypical_Hemolytic_Uremic_Syndrome	MONDO:0016244	12	21	6	3	0	3	9	HP:0001250(Seizure);HP:0001297(Stroke);HP:0002014(Diarrhea)
Atypical_Teratoid_Rhabdoid_Tumor	MONDO:0020560	4	18	2	1	1	0	4	
Auditory_Neuropathy	MONDO:0021944	3	17	3	0	0	0	3	
Auriculocondylar_Syndrome	MONDO:0000107	10	72	9	0	0	1	9	HP:0001561(Polyhydramnios)
Autism_Spectrum_Disorder	MONDO:0005258	7	12	2	0	1	4	3	HP:0002360(Sleep disturbance);HP:0007018(Attention deficit hyperactivity disorder);HP:0011024(Abnormality of the gastrointestinal tract);HP:5200046(Sensory behavioral abnormality)
Auto-Brewery_Syndrome	MONDO:0971031	7	0	0	0	0	7	0	HP:0001251(Ataxia);HP:0001260(Dysarthria);HP:0001288(Gait disturbance);HP:0001289(Confusion);HP:0002018(Nausea);HP:0002354(Memory impairment);HP:6000986(Substantially elevated circulating ethanol concentration)
Autoimmune_Autonomic_Ganglionopathy	MONDO:0016499	11	0	0	0	0	11	0	HP:0000016(Urinary retention);HP:0000217(Xerostomia);HP:0000633(Decreased lacrimation);HP:0000763(Sensory neuropathy);HP:0000970(Anhidrosis);HP:0001063(Acrocyanosis);HP:0002578(Gastroparesis);HP:0002579(Gastrointestinal dysmotility);HP:0004926(Orthostatic hypotension due to autonomic dysfunction);HP:0007695(Abnormal pupillary light reflex);HP:0008652(Autonomic erectile dysfunction)
Autoimmune_Encephalitis	MONDO:0020640	6	44	2	1	2	1	5	HP:0100660(Dyskinesia)
Autoimmune_Enteropathy	MONDO:0019787	5	129	4	1	0	0	5	
Autoimmune_Gastritis	MONDO:0031014	9	0	0	0	0	9	0	HP:0000206(Glossitis);HP:0001889(Megaloblastic anemia);HP:0001891(Iron deficiency anemia);HP:0002582(Atrophic gastritis);HP:0009830(Peripheral neuropathy);HP:0032448(Achlorhydria);HP:0033770(Gastric adenocarcinoma);HP:0500167(Hypergastrinemia);HP:6000898(Gastric carcinoid tumor)
Autoimmune_Hemolytic_Anemia	MONDO:0020108	4	47	3	0	1	0	4	
Autoimmune_Hepatitis	MONDO:0016264	5	59	4	0	1	0	5	
Autoimmune_Polyendocrine_Syndrome_Type_1	MONDO:0009411	20	76	14	0	2	4	16	HP:0001025(Urticaria);HP:0001970(Tubulointerstitial nephritis);HP:0001972(Macrocytic anemia);HP:0034323(Reduced circulating growth hormone concentration)
Autoimmune_Polyendocrinopathy	MONDO:0017278	9	110	9	0	0	0	9	
Autoimmune_Retinopathy	MONDO:0100014	6	0	0	0	0	6	0	HP:0000512(Abnormal electroretinogram);HP:0000551(Color vision defect);HP:0000662(Nyctalopia);HP:0001123(Visual field defect);HP:0007663(Reduced visual acuity);HP:0030786(Photopsia)
Autoinflammation_Immune_Dysregulation_and_Eosinophilia	MONDO:0033558	17	14	14	0	0	3	14	HP:0000989(Pruritus);HP:0002583(Colitis);HP:0002960(Autoimmunity)
Autosomal_Dominant_Cerebellar_Ataxia_Type_I	MONDO:0019792	7	473	7	0	0	0	7	
Autosomal_Dominant_Cerebellar_Ataxia_Type_III	MONDO:0019793	6	123	5	1	0	0	6	
Autosomal_Dominant_Dopa_Responsive_Dystonia	MONDO:0971063	13	59	10	1	2	0	13	
Autosomal_Dominant_Hyper-IgE_Syndrome	MONDO:0007818	20	85	18	0	0	2	18	HP:0005116(Arterial tortuosity);HP:0030882(Coronary artery aneurysm)
Autosomal_Dominant_Optic_Atrophy_Plus	MONDO:0014720	9	80	9	0	0	0	9	
Autosomal_Dominant_Osteopetrosis_Type_II	MONDO:0008156	19	45	17	0	0	2	17	HP:0004618(Sandwich appearance of vertebral bodies);HP:0004975(Erlenmeyer flask deformity of the femurs)
Autosomal_Dominant_Polycystic_Kidney_Disease	MONDO:0004691	26	52	26	0	0	0	26	
Autosomal_Dominant_Polycystic_Liver_Disease	MONDO:0000447	19	25	19	0	0	0	19	
Autosomal_Dominant_Striatal_Neurodegeneration	MONDO:0000211	11	19	10	0	1	0	11	
Autosomal_Recessive_Ataxia_Beauce_Type	MONDO:0012549	12	51	9	1	1	1	11	HP:0002366(Abnormal lower motor neuron morphology)
Autosomal_Recessive_Ataxia_Due_to_Ubiquinone_Deficiency	MONDO:0012784	15	35	11	1	0	3	12	HP:0001260(Dysarthria);HP:0002487(Hyperkinetic movements);HP:0100543(Cognitive impairment)
Autosomal_Recessive_Cerebellar_Ataxia_With_Late_Onset_Spasticity	MONDO:0018129	15	26	2	1	3	9	6	HP:0000012(Urinary urgency);HP:0000135(Hypogonadism);HP:0000511(Vertical supranuclear gaze palsy);HP:0000518(Cataract);HP:0001272(Cerebellar atrophy);HP:0001332(Dystonia);HP:0002500(Abnormal cerebral white matter morphology);HP:0007371(Corpus callosum atrophy);HP:0100543(Cognitive impairment)
Autosomal_Recessive_Congenital_Ichthyosis	MONDO:0017265	7	94	7	0	0	0	7	
Autosomal_Recessive_Dopa_Responsive_Dystonia	MONDO:0011551	32	37	32	0	0	0	32	
Autosomal_Recessive_Limb-Girdle_Muscular_Dystrophy	MONDO:0015152	10	322	10	0	0	0	10	
Autosomal_Recessive_Multiple_Pterygium_Syndrome	MONDO:0009926	13	107	9	2	1	1	12	HP:0001562(Oligohydramnios)
Autosomal_Recessive_Osteopetrosis	MONDO:0009816	21	25	7	1	2	11	10	HP:0000256(Macrocephaly);HP:0000365(Hearing impairment);HP:0000980(Pallor);HP:0001363(Craniosynostosis);HP:0001508(Failure to thrive);HP:0001510(Growth delay);HP:0002205(Recurrent respiratory infections);HP:0002653(Bone pain);HP:0002719(Recurrent infections);HP:0002901(Hypocalcemia);HP:0012758(Neurodevelopmental delay)
Autosomal_Recessive_Primary_Microcephaly	MONDO:0016660	10	206	9	0	1	0	10	
Avoidant_Restrictive_Food_Intake_Disorder	MONDO:7770002	6	0	0	0	0	6	0	HP:0000729(Autistic behavior);HP:0000739(Anxiety);HP:0001824(Weight loss);HP:0004396(Poor appetite);HP:0011968(Feeding difficulties);HP:0020302(Restrictive eating)
Axenfeld-Rieger_syndrome	MONDO:0019187	8	53	7	0	1	0	8	
Ayme-Gripp_Syndrome	MONDO:0010992	11	41	5	0	3	3	8	HP:0001263(Global developmental delay);HP:0001376(Limitation of joint mobility);HP:0001698(Pericardial effusion)
B-Lymphoblastic_Leukemia_Lymphoma_With_Recurrent_Genetic_Abnormality	MONDO:0035605	4	0	0	0	0	4	0	HP:0001909(Leukemia);HP:0001974(Increased total leukocyte count);HP:0002011(Morphological central nervous system abnormality);HP:0005561(Abnormal bone marrow cell morphology)
BBSome-Related_Retinitis_Pigmentosa	MONDO:0019200	9	159	9	0	0	0	9	
BCKDK_Deficiency	MONDO:0013970	15	49	14	0	0	1	14	HP:0200134(Epileptic encephalopathy)
BEST1-Related_Dominant_Retinopathy	MONDO:0700238	6	10	2	0	1	3	3	HP:0007401(Macular atrophy);HP:0007677(Vitelliform-like macular lesions);HP:0011506(Choroidal neovascularization)
BEST1_Bestrophinopathies	MONDO:0000390	13	22	3	10	0	0	13	
BLOC1S1-related_Complex_Neurodevelopmental_Disorder_with_Leukodystrophy	MONDO:0100038	12	999	10	2	0	0	12	
BRAF_Mutant_Thyroid_Cancer	MONDO:0005075	3	3	0	0	1	2	1	HP:0002716(Lymphadenopathy);HP:0012378(Fatigue)
BRAF_V600E_Mutant_Colorectal_Cancer	MONDO:0005575	5	115	4	0	0	1	4	HP:0001903(Anemia)
BRAF_V600E_Mutant_NSCLC	MONDO:0005233	3	11	0	0	1	2	1	HP:0030078(Lung adenocarcinoma);HP:0030692(Brain neoplasm)
BRAF_V600_Mutant_Melanoma	MONDO:0005012	3	0	0	0	0	3	0	HP:0002664(Neoplasm);HP:0012056(Cutaneous melanoma);HP:0030692(Brain neoplasm)
BRCA_Mutant_Prostate_Cancer	MONDO:0008315	4	1	1	0	0	3	1	HP:0000079(Abnormality of the urinary system);HP:0002653(Bone pain);HP:0012378(Fatigue)
Babesiosis	MONDO:0005661	20	32	20	0	0	0	20	
Bacterial_meningitis	MONDO:0006670	9	35	7	0	1	1	8	HP:0000238(Hydrocephalus)
Baraitser-Winter_Cerebrofrontofacial_Syndrome	MONDO:0017579	16	89	12	2	0	2	14	HP:0003724(Shoulder girdle muscle atrophy);HP:0011024(Abnormality of the gastrointestinal tract)
Bardet-Biedl_Syndrome	MONDO:0015229	19	219	18	1	0	0	19	
Barth_Syndrome	MONDO:0010543	12	38	7	0	2	3	9	HP:0002718(Recurrent bacterial infections);HP:0011664(Left ventricular noncompaction cardiomyopathy);HP:0012311(Increased total monocyte count)
Bartter_Syndrome	MONDO:0015231	19	87	17	1	0	1	18	HP:0004308(Ventricular arrhythmia)
Basal_Cell_Carcinoma	MONDO:0005341	7	0	0	0	0	7	0	HP:0001009(Telangiectasia);HP:0002671(Basal cell carcinoma);HP:0008069(Neoplasm of the skin);HP:0025474(Erythematous plaque);HP:0200034(Papule);HP:0200041(Skin erosion);HP:0200042(Skin ulcer)
Bazex_Dupre_Christol_Syndrome	MONDO:0010535	17	43	16	0	0	1	16	HP:0031285(Abnormal perifollicular morphology)
Beckwith-Wiedemann_Syndrome	MONDO:0007534	17	92	16	1	0	0	17	
Behcets_Disease	MONDO:0007191	24	94	23	1	0	0	24	
Bejel	MONDO:0001714	8	0	0	0	0	8	0	HP:0000554(Uveitis);HP:0000648(Optic atrophy);HP:0000924(Abnormality of the skeletal system);HP:0000988(Skin rash);HP:0002716(Lymphadenopathy);HP:0005105(Abnormal nasal morphology);HP:0007777(Chorioretinal scar);HP:0011830(Abnormal oral mucosa morphology)
Bells_Palsy	MONDO:0005665	5	3	0	0	0	5	0	HP:0000223(Abnormality of taste sensation);HP:0010780(Hyperacusis);HP:0030001(Lagophthalmos);HP:0030319(Weakness of facial musculature);HP:0034979(Facial synkinesis)
Benign_Familial_Infantile_Epilepsy	MONDO:0017615	4	49	4	0	0	0	4	
Benign_Neonatal_Seizures	MONDO:0016027	11	23	11	0	0	0	11	
Benign_Prostatic_Hyperplasia	MONDO:0010811	3	1	0	0	0	3	0	HP:0000012(Urinary urgency);HP:0000016(Urinary retention);HP:0000017(Nocturia)
Berardinelli_Seip_Congenital_Lipodystrophy	MONDO:0018883	20	69	17	0	0	3	17	HP:0003198(Myopathy);HP:0003236(Elevated circulating creatine kinase concentration);HP:0011675(Arrhythmia)
Beta-Ketothiolase_Deficiency	MONDO:0008760	16	46	10	1	1	4	12	HP:0001263(Global developmental delay);HP:0002094(Dyspnea);HP:0002134(Abnormal basal ganglia morphology);HP:0002878(Respiratory failure)
Beta_Mannosidosis	MONDO:0009562	11	18	6	1	1	3	8	HP:0002015(Dysphagia);HP:0002376(Developmental regression);HP:0012448(Delayed myelination)
Beta_Thalassemia	MONDO:0019402	18	82	12	3	0	3	15	HP:0001923(Reticulocytosis);HP:0003281(Increased circulating ferritin concentration);HP:0034280(Target cells)
Bilateral_Striopallidodentate_Calcinosis	MONDO:0008947	12	122	11	0	1	0	12	
Binge_Eating_Disorder	MONDO:0005582	3	0	0	0	0	3	0	HP:0004324(Increased body weight);HP:0100738(Abnormal eating behavior);HP:0100851(Abnormal emotional state)
Biotin_Thiamine_Responsive_Basal_Ganglia_Disease	MONDO:0011841	15	37	9	0	2	4	11	HP:0001347(Hyperreflexia);HP:0002329(Drowsiness);HP:0003128(Lactic acidosis);HP:0011448(Ankle clonus)
Biotinidase_Deficiency	MONDO:0009665	28	49	26	0	1	1	27	HP:0001508(Failure to thrive)
Bipolar_Disorder	MONDO:0004985	6	3	2	0	0	4	2	HP:0000709(Psychosis);HP:0000739(Anxiety);HP:0002360(Sleep disturbance);HP:0100543(Cognitive impairment)
Bird_Fanciers_Lung	MONDO:0005668	6	1	1	0	0	5	1	HP:0001945(Fever);HP:0002206(Pulmonary fibrosis);HP:0012378(Fatigue);HP:0012418(Hypoxemia);HP:0012735(Cough)
Bladder_Urothelial_Carcinoma	MONDO:0005611	3	0	0	0	0	3	0	HP:0000790(Hematuria);HP:0012378(Fatigue);HP:0100518(Dysuria)
Blau_Syndrome	MONDO:0008523	11	56	4	2	3	2	9	HP:0002652(Skeletal dysplasia);HP:0006530(Abnormal pulmonary interstitial morphology)
Blepharophimosis_Ptosis_and_Epicanthus_Inversus_Syndrome	MONDO:0007201	10	28	8	0	1	1	9	HP:0000646(Amblyopia)
Bloom_Syndrome	MONDO:0008876	20	96	17	1	1	1	19	HP:0000821(Hypothyroidism)
Body_Dysmorphic_Disorder	MONDO:0000690	5	0	0	0	0	5	0	HP:0000722(Compulsive behaviors);HP:0000746(Delusion);HP:0025785(Abnormal preoccupation);HP:0031589(Suicidal ideation);HP:0100716(Self-injurious behavior)
Bohring-Opitz_syndrome	MONDO:0011510	15	114	15	0	0	0	15	
Borderline_Personality_Disorder	MONDO:0001156	8	0	0	0	0	8	0	HP:0000712(Emotional lability);HP:0011999(Paranoia);HP:0031466(Impairment in personality functioning);HP:0031473(Anger);HP:0031589(Suicidal ideation);HP:0032940(Dissociation);HP:0100710(Impulsivity);HP:0100716(Self-injurious behavior)
Borjeson-Forssman-Lehmann_syndrome	MONDO:0010537	26	52	17	0	0	9	17	HP:0000164(Abnormality of the dentition);HP:0000479(Abnormal retinal morphology);HP:0000750(Delayed speech and language development);HP:0000953(Hyperpigmentation of the skin);HP:0001263(Global developmental delay);HP:0001537(Umbilical hernia);HP:0001883(Talipes);HP:0002538(Abnormal cerebral cortex morphology);HP:0010562(Keloids)
Bosch-Boonstra-Schaaf_Optic_Atrophy_Syndrome	MONDO:0014320	18	51	15	0	2	1	17	HP:0000522(Alacrima)
Bosma_Arhinia_Microphthalmia_Syndrome	MONDO:0011323	38	51	36	0	0	2	36	HP:0000223(Abnormality of taste sensation);HP:0011968(Feeding difficulties)
Botulism	MONDO:0005498	20	47	15	3	0	2	18	HP:0000602(Ophthalmoplegia);HP:0030319(Weakness of facial musculature)
Boucher-Neuhauser_Syndrome	MONDO:0008980	22	32	15	0	1	6	16	HP:0000639(Nystagmus);HP:0000830(Anterior hypopituitarism);HP:0003477(Peripheral axonal neuropathy);HP:0008240(Secondary growth hormone deficiency);HP:0008245(Pituitary hypothyroidism);HP:0100543(Cognitive impairment)
Boutonneuse_Fever	MONDO:0024472	26	26	26	0	0	0	26	
Brachydactyly_Type_A1	MONDO:0007215	14	30	12	1	0	1	13	HP:0003795(Short middle phalanx of toe)
Brachyolmia	MONDO:0015262	19	45	10	2	0	7	12	HP:0000327(Hypoplasia of the maxilla);HP:0000668(Hypodontia);HP:0000705(Amelogenesis imperfecta);HP:0001763(Pes planus);HP:0002647(Aortic dissection);HP:0003401(Paresthesia);HP:0012727(Thoracic aortic aneurysm)
Brachyphalangy_Polydactyly_Tibial_Aplasia_Syndrome	MONDO:0700354	13	0	0	0	0	13	0	HP:0000160(Narrow mouth);HP:0000506(Telecanthus);HP:0000581(Blepharophimosis);HP:0001156(Brachydactyly);HP:0001792(Small nail);HP:0002828(Multiple joint contractures);HP:0002984(Hypoplasia of the radius);HP:0003022(Hypoplasia of the ulna);HP:0003196(Short nose);HP:0003241(External genital hypoplasia);HP:0005280(Depressed nasal bridge);HP:0005772(Aplasia/Hypoplasia of the tibia);HP:0100258(Preaxial polydactyly)
Branchiooculofacial_Syndrome	MONDO:0007235	22	94	18	0	1	3	19	HP:0001627(Abnormal heart morphology);HP:0009911(Abnormal temporal bone morphology);HP:0011333(Asymmetric crying face)
Breast_Fibroadenoma	MONDO:0002056	1	0	0	0	0	1	0	HP:0032408(Breast mass)
Breast_Implant_Associated_Anaplastic_Large_Cell_Lymphoma	MONDO:0850112	1	0	0	0	0	1	0	HP:0032408(Breast mass)
Bronchiectasis	MONDO:0004822	7	27	4	2	0	1	6	HP:0033709(Increased sputum production)
Brown-Vialetto-Van_Laere_Syndrome	MONDO:0024537	10	42	7	0	0	3	7	HP:0000648(Optic atrophy);HP:0001260(Dysarthria);HP:0010871(Sensory ataxia)
Brucellosis	MONDO:0005683	19	79	14	2	0	3	16	HP:0003326(Myalgia);HP:0033631(Spondylitis);HP:0033834(Malaise)
Brugada_Syndrome	MONDO:0015263	5	27	3	2	0	0	5	
Budd-Chiari_Syndrome	MONDO:0010947	18	25	18	0	0	0	18	
Bulimia_Nervosa	MONDO:0005452	9	0	0	0	0	9	0	HP:0000682(Abnormal dental enamel morphology);HP:0000716(Depression);HP:0000739(Anxiety);HP:0002013(Vomiting);HP:0002900(Hypokalemia);HP:0003113(Hypochloremia);HP:0011801(Enlargement of parotid gland);HP:0100710(Impulsivity);HP:0100738(Abnormal eating behavior)
Burkitt_Lymphoma	MONDO:0007243	7	16	0	3	0	4	3	HP:0000277(Abnormal mandible morphology);HP:0001824(Weight loss);HP:0003270(Abdominal distention);HP:0012378(Fatigue)
Buruli_Ulcer	MONDO:0000327	1	0	0	0	0	1	0	HP:0200042(Skin ulcer)
CACNA1A_Related_Disorder	MONDO:0100254	10	79	9	0	1	0	10	
CACNA1E-Related_Developmental_and_Epileptic_Encephalopathy	MONDO:0032657	8	20	5	0	2	1	7	HP:0012736(Profound global developmental delay)
CADASIL_Type_1	MONDO:0007432	11	223	11	0	0	0	11	
CALFAN_Syndrome	MONDO:0014744	11	37	5	0	2	4	7	HP:0001396(Cholestasis);HP:0002650(Scoliosis);HP:0004322(Short stature);HP:0034445(Reduced gamma-glutamyltransferase level)
CANVAS	MONDO:0044720	13	38	6	2	1	4	9	HP:0002015(Dysphagia);HP:0002317(Unsteady gait);HP:0010871(Sensory ataxia);HP:0034773(Oscillopsia)
CD27-related_lymphoproliferative_and_immune_disorder	MONDO:0014054	10	23	7	1	0	2	8	HP:0001369(Arthritis);HP:0005387(Combined immunodeficiency)
CDH23-associated_pituitary_adenoma_5	MONDO:0054601	1	1	1	0	0	0	1	
CDKL5_Deficiency_Disorder	MONDO:0100039	17	71	12	3	1	1	16	HP:0012332(Abnormal autonomic nervous system physiology)
CFAP418-related_Retinal_Ciliopathy	MONDO:0700374	7	29	5	0	2	0	7	
CHARGE_Syndrome	MONDO:0008965	21	146	13	1	4	3	18	HP:0001250(Seizure);HP:0001751(Abnormal vestibular function);HP:0002104(Apnea)
CHD2-Related_Developmental_and_Epileptic_Encephalopathy	MONDO:0014150	10	17	9	0	1	0	10	
CHIME_syndrome	MONDO:0010221	10	114	6	0	3	1	9	HP:0011968(Feeding difficulties)
CHRNA1-associated_Fetal_Hypo-akinesia_Disorder_of_Prenatal_Onset	MONDO:0009668	8	26	5	2	1	0	8	
CINCA_Syndrome	MONDO:0011776	22	54	18	2	0	2	20	HP:0000556(Retinal dystrophy);HP:0002119(Ventriculomegaly)
CLOVES_Syndrome	MONDO:0013038	38	52	31	2	2	3	35	HP:0000684(Delayed eruption of teeth);HP:0002119(Ventriculomegaly);HP:0100764(Lymphangioma)
CNS_Vasculitis	MONDO:0015374	17	30	17	0	0	0	17	
CN_Related_DEE	MONDO:0020630	14	33	7	4	2	1	13	HP:0000729(Autistic behavior)
COA3-Related_COX_Deficiency	MONDO:0033649	4	10	3	0	1	0	4	
COA8-Related_COX_Deficiency	MONDO:0033652	9	11	1	0	1	7	2	HP:0000141(Amenorrhea);HP:0000365(Hearing impairment);HP:0000508(Ptosis);HP:0000510(Rod-cone dystrophy);HP:0002352(Leukoencephalopathy);HP:0003200(Ragged-red muscle fibers);HP:0003546(Exercise intolerance)
COFS_Syndrome	MONDO:0008926	17	121	15	0	0	2	15	HP:0000482(Microcornea);HP:0001873(Thrombocytopenia)
COG1-congenital_disorder_of_glycosylation	MONDO:0012637	12	89	7	0	2	3	9	HP:0001250(Seizure);HP:0001943(Hypoglycemia);HP:0012115(Hepatitis)
COG7-Congenital_Disorder_of_Glycosylation	MONDO:0012118	18	70	11	1	4	2	16	HP:0000973(Cutis laxa);HP:0004389(Intestinal pseudo-obstruction)
COL11A2_Hearing_Loss	MONDO:0011159	1	1	1	0	0	0	1	
COL11A2_Skeletal_Spectrum	MONDO:0008490	10	21	10	0	0	0	10	
COPA_Syndrome	MONDO:0014629	22	43	4	6	3	9	13	HP:0000951(Abnormality of the skin);HP:0002923(Rheumatoid factor positive);HP:0025179(Ground-glass opacification);HP:0025831(Increased Th17 T cell proportion);HP:0032230(Cytoplasmic antineutrophil antibody positivity);HP:0032445(Pulmonary cyst);HP:0033608(Pulmonary nodule);HP:0100721(Mediastinal lymphadenopathy);HP:0100769(Synovitis)
COVID-19	MONDO:0100096	9	2	2	0	0	7	2	HP:0001945(Fever);HP:0002090(Pneumonia);HP:0002094(Dyspnea);HP:0012735(Cough);HP:0033106(Elevated circulating D-dimer concentration);HP:0033677(Acute respiratory distress syndrome);HP:4000034(Infection-associated lymphopenia)
COX10-Related_COX_Deficiency	MONDO:0033635	3	26	2	0	0	1	2	HP:0001298(Encephalopathy)
COX11-Related_COX_Deficiency	MONDO:0859520	1	26	0	0	0	1	0	HP:0001298(Encephalopathy)
COX14-Related_COX_Deficiency	MONDO:0033639	2	14	0	0	0	2	0	HP:0001999(Abnormal facial shape);HP:0003128(Lactic acidosis)
COX15-Related_COX_Deficiency	MONDO:0014051	2	17	2	0	0	0	2	
COX16-Related_COX_Deficiency	MONDO:0859160	4	31	1	0	2	1	3	HP:0001639(Hypertrophic cardiomyopathy)
COX18-Related_COX_Deficiency	MONDO:0980970	4	22	1	0	1	2	2	HP:0001298(Encephalopathy);HP:0001508(Failure to thrive)
COX20-Related_COX_Deficiency	MONDO:0033645	6	18	4	0	1	1	5	HP:0001284(Areflexia)
COX4I1-Related_COX_Deficiency	MONDO:0033651	11	25	3	0	3	5	6	HP:0001249(Intellectual disability);HP:0001298(Encephalopathy);HP:0001999(Abnormal facial shape);HP:0003128(Lactic acidosis);HP:0007146(Bilateral basal ganglia lesions)
COX4I2-Related_Pancreatic_Insufficiency-Anemia-Hyperostosis_Syndrome	MONDO:0012992	6	16	2	0	3	1	5	HP:0012130(Abnormal erythroid lineage cell morphology)
COX5A-Related_COX_Deficiency	MONDO:0033655	3	17	1	0	1	1	2	HP:0003128(Lactic acidosis)
COX6A2-Related_COX_Deficiency	MONDO:0033653	4	10	2	0	1	1	3	HP:0001638(Cardiomyopathy)
COX6B1-Related_COX_Deficiency	MONDO:0033637	3	26	1	0	0	2	1	HP:0000238(Hydrocephalus);HP:0001298(Encephalopathy)
COX8A-Related_COX_Deficiency	MONDO:0033650	2	22	0	0	1	1	1	HP:0002415(Leukodystrophy)
COXFA4-Related_COX_Deficiency	MONDO:0033656	3	18	1	0	0	2	1	HP:0001263(Global developmental delay);HP:0002352(Leukoencephalopathy)
CPLX1-Related_DEE	MONDO:0033372	3	32	3	0	0	0	3	
CPT1C-Related_Hereditary_Spastic_Paraplegia	MONDO:0014568	5	25	4	1	0	0	5	
CRADD-Related_Thin_Lissencephaly	MONDO:0013785	4	8	3	1	0	0	4	
CRB1_Retinal_Dystrophies	MONDO:0013453	11	13	5	0	1	5	6	HP:0000662(Nyctalopia);HP:0001133(Constriction of peripheral visual field);HP:0007754(Macular dystrophy);HP:0007763(Retinal telangiectasia);HP:0040049(Macular edema)
CRX_Related_Retinopathy	MONDO:1040064	8	21	5	2	0	1	7	HP:0007401(Macular atrophy)
CTCF-related_Neurodevelopmental_Disorder	MONDO:0014213	22	151	13	1	6	2	20	HP:0002015(Dysphagia);HP:0002667(Nephroblastoma)
CTLA4_Haploinsufficiency	MONDO:0014493	6	35	4	0	2	0	6	
CYCS-Related_Thrombocytopenia	MONDO:0012775	1	2	1	0	0	0	1	
Cadmium_Poisoning	MONDO:0043523	9	0	0	0	0	9	0	HP:0000093(Proteinuria);HP:0000124(Renal tubular dysfunction);HP:0000939(Osteoporosis);HP:0002148(Hypophosphatemia);HP:0002653(Bone pain);HP:0002749(Osteomalacia);HP:0009830(Peripheral neuropathy);HP:0012622(Chronic kidney disease);HP:0033677(Acute respiratory distress syndrome)
Campomelic_Dysplasia	MONDO:0007251	18	106	14	1	0	3	15	HP:0000201(Pierre-Robin sequence);HP:0001591(Bell-shaped thorax);HP:0008730(Female external genitalia in individual with 46,XY karyotype)
Camptodactyly	MONDO:0007250	5	4	0	0	2	3	2	HP:0001166(Arachnodactyly);HP:0001387(Joint stiffness);HP:0005684(Distal arthrogryposis)
Campylobacteriosis	MONDO:0005688	4	2	1	0	0	3	1	HP:0001945(Fever);HP:0002014(Diarrhea);HP:0025085(Bloody diarrhea)
Camurati-Engelmann_Disease	MONDO:0007542	11	77	6	4	0	1	10	HP:0002516(Increased intracranial pressure)
Canavan_Disease	MONDO:0010079	19	67	19	0	0	0	19	
Cannabis_Hyperemesis_Syndrome	MONDO:0100094	5	2	2	0	0	3	2	HP:0000722(Compulsive behaviors);HP:0001824(Weight loss);HP:0001944(Dehydration)
Capillary_Malformation-Arteriovenous_Malformation_Syndrome	MONDO:0012016	6	30	5	0	0	1	5	HP:0001010(Hypopigmentation of the skin)
Carbamoyl_Phosphate_Synthetase_I_Deficiency	MONDO:0009376	17	20	13	0	0	4	13	HP:0000252(Microcephaly);HP:0000708(Atypical behavior);HP:0001298(Encephalopathy);HP:0002500(Abnormal cerebral white matter morphology)
Carbon_Monoxide_Poisoning	MONDO:0800373	14	9	1	0	1	12	2	HP:0001250(Seizure);HP:0001259(Coma);HP:0001279(Syncope);HP:0001289(Confusion);HP:0001300(Parkinsonism);HP:0001658(Myocardial infarction);HP:0002017(Nausea and vomiting);HP:0002315(Headache);HP:0002321(Vertigo);HP:0002878(Respiratory failure);HP:0012378(Fatigue);HP:0100749(Chest pain)
Carbonic_Anhydrase_VA_Deficiency	MONDO:0014332	6	27	6	0	0	0	6	
Cardiofaciocutaneous_Syndrome	MONDO:0015280	11	173	8	2	1	0	11	
Cardiospondylocarpofacial_Syndrome	MONDO:0008005	41	61	21	1	5	14	27	HP:0000028(Cryptorchidism);HP:0000494(Downslanted palpebral fissures);HP:0000750(Delayed speech and language development);HP:0001256(Mild intellectual disability);HP:0001263(Global developmental delay);HP:0001644(Dilated cardiomyopathy);HP:0001763(Pes planus);HP:0001999(Abnormal facial shape);HP:0002092(Pulmonary arterial hypertension);HP:0002576(Intussusception);HP:0002579(Gastrointestinal dysmotility);HP:0010296(Ankyloglossia);HP:0011675(Arrhythmia);HP:0410263(Brain imaging abnormality)
Carney-Stratakis_Syndrome	MONDO:0011740	4	11	3	0	0	1	3	HP:0000822(Hypertension)
Carnitine-Acylcarnitine_Translocase_Deficiency	MONDO:0008918	20	43	16	1	1	2	18	HP:0002098(Respiratory distress);HP:0011968(Feeding difficulties)
Carnitine_Palmitoyltransferase_1A_Deficiency	MONDO:0009705	10	37	8	0	1	1	9	HP:0002480(Hepatic encephalopathy)
Carnitine_Palmitoyltransferase_II_Deficiency	MONDO:0015515	14	116	10	2	2	0	14	
Carotid_Artery_Occlusion	MONDO:0004450	6	0	0	0	0	6	0	HP:0002140(Ischemic stroke);HP:0002326(Transient ischemic attack);HP:0002637(Cerebral ischemia);HP:0012474(Carotid artery occlusion);HP:0100546(Carotid artery stenosis);HP:0100576(Amaurosis fugax)
Carotid_Stenosis	MONDO:0001612	5	0	0	0	0	5	0	HP:0002140(Ischemic stroke);HP:0002326(Transient ischemic attack);HP:0100543(Cognitive impairment);HP:0100546(Carotid artery stenosis);HP:0100576(Amaurosis fugax)
Carotid_Web	MONDO:0979323	2	0	0	0	0	2	0	HP:0002140(Ischemic stroke);HP:0002326(Transient ischemic attack)
Carvajal_Syndrome	MONDO:0011581	8	22	5	2	1	0	8	
Castleman_Disease	MONDO:0015564	11	49	8	2	1	0	11	
Cat-Scratch_Disease	MONDO:0005692	6	22	3	0	1	2	4	HP:0002383(Infectious encephalitis);HP:0011123(Inflammatory abnormality of the skin)
Cauda_Equina_Syndrome	MONDO:0005693	9	0	0	0	0	9	0	HP:0000016(Urinary retention);HP:0000080(Abnormality of reproductive system physiology);HP:0000716(Depression);HP:0002522(Areflexia of lower limbs);HP:0002607(Bowel incontinence);HP:0003419(Low back pain);HP:0007340(Lower limb muscle weakness);HP:0033345(Neuralgia);HP:0033748(Hypoesthesia)
Celiac_Disease	MONDO:0005130	22	0	0	0	0	22	0	HP:0000682(Abnormal dental enamel morphology);HP:0000939(Osteoporosis);HP:0001369(Arthritis);HP:0001508(Failure to thrive);HP:0001824(Weight loss);HP:0001891(Iron deficiency anemia);HP:0002019(Constipation);HP:0002027(Abdominal pain);HP:0002028(Chronic diarrhea);HP:0002470(Nonprogressive cerebellar ataxia);HP:0002665(Lymphoma);HP:0002910(Elevated circulating hepatic transaminase concentration);HP:0003270(Abdominal distention);HP:0004322(Short stature);HP:0004349(Reduced bone mineral density);HP:0008222(Female infertility);HP:0009830(Peripheral neuropathy);HP:0011107(Recurrent aphthous stomatitis);HP:0011473(Villous atrophy);HP:0012378(Fatigue);HP:0033804(Subepidermal blistering);HP:0100512(Decreased circulating vitamin D concentration)
Central_Areolar_Choroidal_Dystrophy	MONDO:0008982	6	19	2	1	1	2	4	HP:0000512(Abnormal electroretinogram);HP:0007722(Retinal pigment epithelial atrophy)
Central_Congenital_Hypothyroidism	MONDO:0016410	9	80	5	3	0	1	8	HP:0001513(Obesity)
Central_Core_Myopathy	MONDO:0007294	14	38	6	4	2	2	12	HP:0002058(Myopathic facies);HP:0003201(Rhabdomyolysis)
Central_Nervous_System_Germ_Cell_Tumor	MONDO:0003000	6	8	0	0	0	6	0	HP:0000238(Hydrocephalus);HP:0000505(Visual impairment);HP:0000826(Precocious puberty);HP:0000863(Central diabetes insipidus);HP:0006254(Elevated circulating alpha-fetoprotein concentration);HP:6000485(Elevated circulating beta chorionic gonadotropin concentration)
Central_Nervous_System_Teratoma	MONDO:0002718	7	8	0	0	0	7	0	HP:0000238(Hydrocephalus);HP:0000505(Visual impairment);HP:0000826(Precocious puberty);HP:0000873(Diabetes insipidus);HP:0002013(Vomiting);HP:0002018(Nausea);HP:0002315(Headache)
Central_Precocious_Puberty	MONDO:0019165	4	8	2	0	1	1	3	HP:0000098(Tall stature)
Central_Retinal_Artery_Occlusion	MONDO:0001633	6	0	0	0	0	6	0	HP:0000501(Glaucoma);HP:0000572(Visual loss);HP:0007663(Reduced visual acuity);HP:0010729(Cherry red spot of the macula);HP:0033401(Tissue ischemia);HP:0200057(Marcus Gunn pupil)
Central_Serous_Chorioretinopathy	MONDO:0018616	9	0	0	0	0	9	0	HP:0000505(Visual impairment);HP:0000540(Hypermetropia);HP:0000603(Central scotoma);HP:0007401(Macular atrophy);HP:0007641(Dyschromatopsia);HP:0011506(Choroidal neovascularization);HP:0012508(Metamorphopsia);HP:0030786(Photopsia);HP:0032036(Reduced contrast sensitivity)
Centronuclear_Myopathy	MONDO:0018947	15	154	13	1	0	1	14	HP:0001392(Abnormality of the liver)
Cerebellar_Ataxia-Hypogonadism_Syndrome	MONDO:0008935	23	28	18	0	0	5	18	HP:0000823(Delayed puberty);HP:0001135(Chorioretinal dystrophy);HP:0001347(Hyperreflexia);HP:0002500(Abnormal cerebral white matter morphology);HP:0003477(Peripheral axonal neuropathy)
Cerebellar_Ataxia_Intellectual_Disability_and_Dysequilibrium	MONDO:0009133	11	57	8	3	0	0	11	
Cerebral_Amyloid_Angiopathy	MONDO:0005620	7	46	5	1	1	0	7	
Cerebral_Cavernous_Malformation	MONDO:0000820	4	34	4	0	0	0	4	
Cerebral_Proliferative_Angiopathy	MONDO:0979258	5	0	0	0	0	5	0	HP:0001250(Seizure);HP:0002170(Intracranial hemorrhage);HP:0002315(Headache);HP:0002326(Transient ischemic attack);HP:0100026(Arteriovenous malformation)
Cerebrotendinous_Xanthomatosis	MONDO:0008948	48	113	48	0	0	0	48	
Cernunnos-XLF_deficiency	MONDO:0012650	8	71	6	1	0	1	7	HP:0011133(Increased sensitivity to ionizing radiation)
Cervical_Adenocarcinoma	MONDO:0005153	3	0	0	0	0	3	0	HP:0002716(Lymphadenopathy);HP:0034263(Abnormal vaginal bleeding);HP:0034269(Abnormal vaginal discharge)
Cervical_Artery_Dissection	MONDO:0006061	5	0	0	0	0	5	0	HP:0002140(Ischemic stroke);HP:0002277(Horner syndrome);HP:0002315(Headache);HP:0002326(Transient ischemic attack);HP:0030833(Neck pain)
Cervical_Cancer	MONDO:0002974	4	2	0	0	0	4	0	HP:0000790(Hematuria);HP:0002027(Abdominal pain);HP:0034269(Abnormal vaginal discharge);HP:0100608(Metrorrhagia)
Cervical_Squamous_Cell_Carcinoma	MONDO:0006143	5	0	0	0	0	5	0	HP:0001903(Anemia);HP:0034263(Abnormal vaginal bleeding);HP:0034264(Postcoital vaginal bleeding);HP:0034267(Pelvic pain);HP:0034269(Abnormal vaginal discharge)
Chagas_Disease	MONDO:0001444	9	27	3	1	1	4	5	HP:0001678(Atrioventricular block);HP:0002019(Constipation);HP:0002031(Abnormal esophagus morphology);HP:0011710(Bundle branch block)
Charcot-Marie-Tooth_Disease	MONDO:0015626	4	444	4	0	0	0	4	
Charcot-Marie-Tooth_Disease_Type_1	MONDO:0019011	6	122	6	0	0	0	6	
Charcot-Marie-Tooth_Disease_Type_2	MONDO:0018993	8	262	8	0	0	0	8	
Charlevoix-Saguenay_spastic_ataxia	MONDO:0010041	15	66	9	3	1	2	13	HP:0000365(Hearing impairment);HP:0012795(Abnormal optic disc morphology)
Chediak-Higashi_Syndrome	MONDO:0008963	16	93	13	3	0	0	16	
Chemotherapy_Induced_Diarrhea	MONDO:0001673	4	176	4	0	0	0	4	
Chemotherapy_Induced_Neutropenia	MONDO:0001475	2	488	2	0	0	0	2	
Cherubism	MONDO:0007315	8	29	6	0	0	2	6	HP:0000283(Broad face);HP:0000326(Abnormal maxilla morphology)
Chickenpox	MONDO:0005700	4	2	0	1	0	3	1	HP:0000989(Pruritus);HP:0001945(Fever);HP:0033834(Malaise)
Chikungunya	MONDO:0017941	3	51	3	0	0	0	3	
Childhood_Absence_Epilepsy	MONDO:0010826	6	24	4	0	1	1	5	HP:0011972(Hypoglycorrhachia)
Cholangiocarcinoma	MONDO:0019087	5	14	5	0	0	0	5	
Cholera	MONDO:0015766	10	33	8	1	1	0	10	
Cholesteatoma	MONDO:0006530	6	0	0	0	0	6	0	HP:0000360(Tinnitus);HP:0000405(Conductive hearing impairment);HP:0000407(Sensorineural hearing impairment);HP:0002321(Vertigo);HP:0010628(Facial palsy);HP:0030766(Ear pain)
Cholesteryl_Ester_Storage_Disease	MONDO:0019149	6	41	5	0	1	0	6	
Chondrodysplasia_Punctata_Tibial-metacarpal_Type	MONDO:0007322	13	13	3	1	0	9	4	HP:0000405(Conductive hearing impairment);HP:0000926(Platyspondyly);HP:0001371(Flexion contracture);HP:0001385(Hip dysplasia);HP:0003416(Spinal canal stenosis);HP:0004322(Short stature);HP:0005001(Recurrent patellar dislocation);HP:0005280(Depressed nasal bridge);HP:0006488(Bowing of the arm)
Chondrosarcoma	MONDO:0008977	1	2	0	0	0	1	0	HP:0031459(Soft tissue neoplasm)
Chordoma	MONDO:0008978	6	2	0	0	0	6	0	HP:0000020(Urinary incontinence);HP:0000651(Diplopia);HP:0002196(Myelopathy);HP:0002315(Headache);HP:0002607(Bowel incontinence);HP:0003418(Back pain)
Chorea-acanthocytosis	MONDO:0008695	13	102	10	0	2	1	12	HP:0001271(Polyneuropathy)
Choroid_Plexus_Carcinoma	MONDO:0016718	4	0	0	0	0	4	0	HP:0000238(Hydrocephalus);HP:0001250(Seizure);HP:0002013(Vomiting);HP:0002315(Headache)
Chromoblastomycosis	MONDO:0015908	2	33	1	0	1	0	2	
Chromosome_18p_Deletion_Syndrome	MONDO:0007800	13	57	9	0	0	4	9	HP:0000369(Low-set ears);HP:0000486(Strabismus);HP:0000824(Decreased response to growth hormone stimulation test);HP:0002720(Decreased circulating IgA concentration)
Chromosome_18q_Deletion_Syndrome	MONDO:0011147	14	114	8	1	3	2	12	HP:0000708(Atypical behavior);HP:0002960(Autoimmunity)
Chromosome_2q32-q33_Deletion_Syndrome	MONDO:0012864	24	105	19	3	0	2	22	HP:0001627(Abnormal heart morphology);HP:0002659(Increased susceptibility to fractures)
Chronic_Beryllium_Disease	MONDO:0015274	12	19	5	2	1	4	8	HP:0012220(Non-caseating epithelioid cell granulomatosis);HP:0030250(Pulmonary granulomatosis);HP:0100749(Chest pain);HP:0100759(Clubbing of fingers)
Chronic_Granulomatous_Disease	MONDO:0018305	11	84	8	2	1	0	11	
Chronic_Inflammatory_Demyelinating_Polyneuropathy	MONDO:0006702	4	21	1	1	0	2	2	HP:0003690(Limb muscle weakness);HP:0012378(Fatigue)
Chronic_Intestinal_Pseudoobstruction	MONDO:0017574	6	45	3	0	1	2	4	HP:0001508(Failure to thrive);HP:0002019(Constipation)
Chronic_Kidney_Disease	MONDO:0005300	7	0	0	0	0	7	0	HP:0000093(Proteinuria);HP:0000822(Hypertension);HP:0001903(Anemia);HP:0001942(Metabolic acidosis);HP:0012378(Fatigue);HP:0012398(Peripheral edema);HP:0012622(Chronic kidney disease)
Chronic_Lymphocytic_Leukemia	MONDO:0004948	8	2	0	0	0	8	0	HP:0001744(Splenomegaly);HP:0001824(Weight loss);HP:0001873(Thrombocytopenia);HP:0001903(Anemia);HP:0002716(Lymphadenopathy);HP:0002719(Recurrent infections);HP:0005523(Lymphoproliferative disorder);HP:0030166(Night sweats)
Chronic_Myeloid_Leukemia	MONDO:0011996	7	14	4	2	0	1	6	HP:0002240(Hepatomegaly)
Chronic_Myelomonocytic_Leukemia	MONDO:0020311	5	1	0	0	0	5	0	HP:0001744(Splenomegaly);HP:0001892(Abnormal bleeding);HP:0001945(Fever);HP:0012311(Increased total monocyte count);HP:0012378(Fatigue)
Chronic_Neurovisceral_Acid_Sphingomyelinase_Deficiency	MONDO:0850058	4	0	0	0	0	4	0	HP:0001744(Splenomegaly);HP:0002240(Hepatomegaly);HP:0006530(Abnormal pulmonary interstitial morphology);HP:0012638(Abnormal nervous system physiology)
Chronic_Obstructive_Pulmonary_Disease	MONDO:0005002	11	43	3	3	1	4	7	HP:0001552(Barrel-shaped chest);HP:0003546(Exercise intolerance);HP:0012378(Fatigue);HP:0033709(Increased sputum production)
Chronic_Pancreatitis	MONDO:0005003	5	27	4	0	1	0	5	
Chronic_Primary_Adrenal_Insufficiency	MONDO:0015129	9	342	9	0	0	0	9	
Chronic_Traumatic_Encephalopathy	MONDO:0043512	4	0	0	0	0	4	0	HP:0000708(Atypical behavior);HP:0001300(Parkinsonism);HP:0007354(Amyotrophic lateral sclerosis);HP:0100543(Cognitive impairment)
Citrin_Deficiency	MONDO:0016602	17	94	12	1	1	3	14	HP:0001249(Intellectual disability);HP:0001518(Small for gestational age);HP:0001943(Hypoglycemia)
Citrullinemia_Type_I	MONDO:0008988	13	43	12	1	0	0	13	
Classic_Familial_Adenomatous_Polyposis	MONDO:0021055	14	72	11	3	0	0	14	
Classic_Hodgkin_Lymphoma	MONDO:0009348	4	35	4	0	0	0	4	
Clear_Cell_Ovarian_Carcinoma	MONDO:0000548	2	0	0	0	0	2	0	HP:0001907(Thromboembolism);HP:0025318(Ovarian carcinoma)
Clear_Cell_Renal_Cell_Carcinoma	MONDO:0005005	5	0	0	0	0	5	0	HP:0000790(Hematuria);HP:0001824(Weight loss);HP:0002664(Neoplasm);HP:0009726(Renal neoplasm);HP:0012378(Fatigue)
Clear_Cell_Sarcoma	MONDO:0002926	4	0	0	0	0	4	0	HP:0001824(Weight loss);HP:0002716(Lymphadenopathy);HP:0012531(Pain);HP:0031459(Soft tissue neoplasm)
Cleft_Lip_Palate	MONDO:0016044	7	43	5	0	2	0	7	
Cleidocranial_Dysplasia	MONDO:0007340	23	93	19	2	1	1	22	HP:0000327(Hypoplasia of the maxilla)
Clostridioides_difficile_Infection	MONDO:0000705	8	0	0	0	0	8	0	HP:0001945(Fever);HP:0002013(Vomiting);HP:0002014(Diarrhea);HP:0002018(Nausea);HP:0002027(Abdominal pain);HP:0002583(Colitis);HP:0031273(Shock);HP:6000852(Megacolon)
Clouston_Syndrome	MONDO:0007510	8	43	6	2	0	0	8	
Coccidioidomycosis	MONDO:0005706	14	76	7	3	1	3	11	HP:0001824(Weight loss);HP:0002829(Arthralgia);HP:0030166(Night sweats)
Cockayne_Syndrome	MONDO:0016006	36	226	28	6	1	1	35	HP:0000347(Micrognathia)
Coffin-Lowry_Syndrome	MONDO:0010561	6	112	4	1	1	0	6	
Coffin_Siris_Syndrome	MONDO:0015452	20	260	16	1	2	1	19	HP:0000568(Microphthalmia)
Cogan_Syndrome	MONDO:0015453	17	20	9	3	0	5	12	HP:0005145(Coronary artery stenosis);HP:0012089(Arteritis);HP:0025188(Retinal vasculitis);HP:0033678(Acute coronary syndrome);HP:6001461(Aortitis)
Cole-Carpenter_Syndrome	MONDO:0016085	11	51	10	0	1	0	11	
Collagenous_Sprue	MONDO:0044092	7	0	0	0	0	7	0	HP:0001824(Weight loss);HP:0001903(Anemia);HP:0002024(Malabsorption);HP:0002027(Abdominal pain);HP:0002028(Chronic diarrhea);HP:0002243(Protein-losing enteropathy);HP:0003073(Hypoalbuminemia)
Colon_Adenocarcinoma	MONDO:0002271	3	12	1	0	0	2	1	HP:0001903(Anemia);HP:0002573(Hematochezia)
Combined_Malonic_and_Methylmalonic_Aciduria	MONDO:0013661	3	27	3	0	0	0	3	
Combined_Pituitary_Hormone_Deficiencies_Genetic_Form	MONDO:0018762	14	503	11	2	1	0	14	
Combined_Saposin_Deficiency	MONDO:0012719	4	20	1	1	0	2	2	HP:0001873(Thrombocytopenia);HP:0002180(Neurodegeneration)
Common_Variable_Immunodeficiency	MONDO:0015517	12	141	10	0	0	2	10	HP:0002955(Granulomatosis);HP:0006530(Abnormal pulmonary interstitial morphology)
Complete_Androgen_Insensitivity_Syndrome	MONDO:0021023	25	25	25	0	0	0	25	
Complex_Hereditary_Spastic_Paraplegia	MONDO:0015150	10	550	9	1	0	0	10	
Conduct_Disorder	MONDO:0005352	7	0	0	0	0	7	0	HP:0000708(Atypical behavior);HP:0000718(Aggressive behavior);HP:0000737(Irritability);HP:0000864(Abnormality of the hypothalamus-pituitary axis);HP:0031466(Impairment in personality functioning);HP:0100543(Cognitive impairment);HP:0100710(Impulsivity)
Congenital_Adrenal_Hyperplasia	MONDO:0018479	10	220	7	2	0	1	9	HP:0005978(Type II diabetes mellitus)
Congenital_Dyserythropoietic_Anemia	MONDO:0019403	17	103	14	0	1	2	15	HP:0001978(Extramedullary hematopoiesis);HP:0012465(Elevated hepatic iron concentration)
Congenital_Epulis	MONDO:0015528	3	0	0	0	0	3	0	HP:0000168(Abnormality of the gingiva);HP:0002098(Respiratory distress);HP:0008872(Feeding difficulties in infancy)
Congenital_Hypofibrinogenemia	MONDO:0015096	5	4	1	2	0	2	3	HP:0001197(Abnormality of prenatal development or birth);HP:0011900(Hypofibrinogenemia)
Congenital_Hypothyroidism	MONDO:0018612	13	174	12	0	1	0	13	
Congenital_Insensitivity_to_Pain	MONDO:0015364	6	329	6	0	0	0	6	
Congenital_Isolated_Hyperinsulinism	MONDO:0019010	7	110	7	0	0	0	7	
Congenital_Lactase_Deficiency	MONDO:0009115	4	5	2	0	0	2	2	HP:0000121(Nephrocalcinosis);HP:0003072(Hypercalcemia)
Congenital_Myasthenic_Syndrome	MONDO:0018940	21	229	21	0	0	0	21	
Congenital_Pulmonary_Airway_Malformation	MONDO:0016580	6	5	0	5	0	1	5	HP:0001789(Hydrops fetalis)
Congenital_Renal_Artery_Stenosis	MONDO:0019993	4	0	0	0	0	4	0	HP:0000089(Renal hypoplasia);HP:0000822(Hypertension);HP:0001712(Left ventricular hypertrophy);HP:0001920(Renal artery stenosis)
Congenital_Sialidosis_Type_2	MONDO:0019682	3	42	2	1	0	0	3	
Congenital_Sucrase-Isomaltase_Deficiency	MONDO:0009114	11	18	9	1	0	1	10	HP:0004395(Malnutrition)
Congenital_Total_Pulmonary_Venous_Return_Anomaly	MONDO:0007130	12	41	11	0	1	0	12	
Congenital_Zika_Syndrome	MONDO:0000890	4	1	1	0	0	3	1	HP:0000238(Hydrocephalus);HP:0001339(Lissencephaly);HP:0002514(Cerebral calcification)
Congestive_Splenomegaly	MONDO:0037251	9	1	1	0	0	8	1	HP:0001873(Thrombocytopenia);HP:0001876(Pancytopenia);HP:0001882(Decreased total leukocyte count);HP:0001903(Anemia);HP:0002027(Abdominal pain);HP:0002239(Gastrointestinal hemorrhage);HP:0012378(Fatigue);HP:0033842(Early satiety)
Contact_Dermatitis	MONDO:0005480	4	0	0	0	0	4	0	HP:0000989(Pruritus);HP:0010783(Erythema);HP:0032282(Contact dermatitis);HP:0040189(Scaling skin)
Cor_Pulmonale	MONDO:0004596	7	18	4	0	0	3	4	HP:0012398(Peripheral edema);HP:0012416(Hypercapnia);HP:0012418(Hypoxemia)
Core_Binding_Factor_AML	MONDO:0015166	6	0	0	0	0	6	0	HP:0001873(Thrombocytopenia);HP:0001903(Anemia);HP:0001974(Increased total leukocyte count);HP:0002240(Hepatomegaly);HP:0002719(Recurrent infections);HP:0012378(Fatigue)
Cori_Forbes_Disease	MONDO:0009291	9	24	6	2	0	1	8	HP:0001508(Failure to thrive)
Cornelia_de_Lange_Syndrome	MONDO:0016033	34	238	34	0	0	0	34	
Coronary_Arterial_Fistulas	MONDO:0016081	8	27	3	1	1	3	5	HP:0001658(Myocardial infarction);HP:0011641(Coronary artery fistula);HP:0100749(Chest pain)
Coronary_Artery_Congenital_Malformation	MONDO:0015203	13	27	3	2	0	8	5	HP:0001653(Mitral regurgitation);HP:0005145(Coronary artery stenosis);HP:0011636(Abnormal coronary artery origin);HP:0011638(Anomalous origin of left coronary artery from the pulmonary artery);HP:0011641(Coronary artery fistula);HP:0011686(Abnormal coronary artery course);HP:0025503(Anomalous coronary artery arising from the opposite sinus);HP:0100749(Chest pain)
Coronary_Artery_Disease	MONDO:0021661	3	0	0	0	0	3	0	HP:0001658(Myocardial infarction);HP:0001681(Angina pectoris);HP:0002094(Dyspnea)
Coronary_Vasospasm	MONDO:0005356	7	0	0	0	0	7	0	HP:0001279(Syncope);HP:0001658(Myocardial infarction);HP:0001681(Angina pectoris);HP:0001695(Cardiac arrest);HP:0004308(Ventricular arrhythmia);HP:0012251(ST segment elevation);HP:0025637(Vasospasm)
Cortisone_Reductase_Deficiency	MONDO:0000193	16	22	14	1	0	1	15	HP:0000098(Tall stature)
Costello_Syndrome	MONDO:0009026	17	105	11	2	2	2	15	HP:0001290(Generalized hypotonia);HP:0002751(Kyphoscoliosis)
Cough_Variant_Asthma	MONDO:0001491	3	1	0	0	0	3	0	HP:0030828(Wheezing);HP:0031246(Nonproductive cough);HP:0034315(Chronic cough)
Cowden_Syndrome	MONDO:0016063	13	97	11	2	0	0	13	
Cranioectodermal_Dysplasia	MONDO:0009032	18	262	18	0	0	0	18	
Craniopharyngioma	MONDO:0018907	17	46	13	1	2	1	16	HP:0002354(Memory impairment)
Creatine_Transporter_Deficiency	MONDO:0010305	8	58	6	0	2	0	8	
Cri-du-Chat_Syndrome	MONDO:0007404	33	81	24	2	3	4	29	HP:0001272(Cerebellar atrophy);HP:0001273(Abnormal corpus callosum morphology);HP:0001320(Cerebellar vermis hypoplasia);HP:0012110(Hypoplasia of the pons)
Crohn_Disease	MONDO:0005011	26	4	2	0	0	24	2	HP:0000554(Uveitis);HP:0000787(Nephrolithiasis);HP:0000939(Osteoporosis);HP:0001369(Arthritis);HP:0001510(Growth delay);HP:0001824(Weight loss);HP:0001891(Iron deficiency anemia);HP:0001944(Dehydration);HP:0001945(Fever);HP:0002014(Diarrhea);HP:0002573(Hematochezia);HP:0004395(Malnutrition);HP:0004796(Gastrointestinal obstruction);HP:0009789(Perianal abscess);HP:0012122(Anterior uveitis);HP:0012219(Erythema nodosum);HP:0012378(Fatigue);HP:0012390(Anal fissure);HP:0012848(Small intestinal stenosis);HP:0025452(Pyoderma gangrenosum);HP:0030991(Sclerosing cholangitis);HP:0100534(Episcleritis);HP:0100819(Intestinal fistula);HP:4000055(Intestinal inflammation)
Cronkhite-Canada_syndrome	MONDO:0008283	6	49	5	1	0	0	6	
Crouzon_Syndrome	MONDO:0007405	12	50	11	0	0	1	11	HP:0000377(Abnormal pinna morphology)
Crouzon_Syndrome_with_Acanthosis_Nigricans	MONDO:0012833	5	31	5	0	0	0	5	
Cryoglobulinemic_Vasculitis	MONDO:0007407	9	35	4	2	0	3	6	HP:0012378(Fatigue);HP:0030880(Raynaud phenomenon);HP:0033505(Livedo reticularis)
Cushings_Syndrome	MONDO:0018912	7	126	7	0	0	0	7	
Cutaneous_Collagenous_Vasculopathy	MONDO:0017242	1	10	0	1	0	0	1	
Cutaneous_Larva_Migrans	MONDO:0018500	5	0	0	0	0	5	0	HP:0000989(Pruritus);HP:0001880(Increased total eosinophil count);HP:0008066(Abnormal blistering of the skin);HP:0010783(Erythema);HP:0100785(Insomnia)
Cutaneous_Squamous_Cell_Carcinoma	MONDO:0002529	4	0	0	0	0	4	0	HP:0006739(Squamous cell carcinoma of the skin);HP:0012531(Pain);HP:0025127(Actinic keratosis);HP:0200042(Skin ulcer)
Cyclosporiasis	MONDO:0005725	10	0	0	0	0	10	0	HP:0001082(Cholecystitis);HP:0001824(Weight loss);HP:0001945(Fever);HP:0002014(Diarrhea);HP:0002018(Nausea);HP:0002027(Abdominal pain);HP:0002039(Anorexia);HP:0003326(Myalgia);HP:0012378(Fatigue);HP:0033589(Flatulence)
Cystic_Echinococcosis	MONDO:0018408	1	42	1	0	0	0	1	
Cystic_Fibrosis	MONDO:0009061	25	69	16	1	2	6	19	HP:0000819(Diabetes mellitus);HP:0000823(Delayed puberty);HP:0002902(Hyponatremia);HP:0004322(Short stature);HP:0008222(Female infertility);HP:0031245(Productive cough)
Cystinosis	MONDO:0016239	57	127	57	0	0	0	57	
Cystinuria	MONDO:0009067	19	19	19	0	0	0	19	
Cytomegalovirus_Retinitis	MONDO:0000878	8	0	0	0	0	8	0	HP:0000505(Visual impairment);HP:0000541(Retinal detachment);HP:0000554(Uveitis);HP:0000575(Scotoma);HP:0000618(Blindness);HP:0030506(Yellow/white retinal lesion);HP:0032118(Retinitis);HP:0100832(Vitreous floaters)
D-2-Hydroxyglutaric_Aciduria	MONDO:0010924	13	34	8	1	2	2	11	HP:0002120(Cerebral cortical atrophy);HP:6001070(Subdural hygroma)
D-Bifunctional_Protein_Deficiency	MONDO:0009855	7	60	3	1	0	3	4	HP:0000648(Optic atrophy);HP:0001999(Abnormal facial shape);HP:0002415(Leukodystrophy)
DECR_Deficiency	MONDO:0014464	22	58	21	1	0	0	22	
DEPDC5-Related_Epilepsy	MONDO:0005384	6	109	5	0	0	1	5	HP:0033258(Sudden unexpected death in epilepsy)
DK1-congenital_disorder_of_glycosylation	MONDO:0012556	15	48	5	0	3	7	8	HP:0000083(Renal insufficiency);HP:0001762(Talipes equinovarus);HP:0001882(Decreased total leukocyte count);HP:0001935(Microcytic anemia);HP:0001999(Abnormal facial shape);HP:0003074(Hyperglycemia);HP:0010491(Digital constriction ring)
DNM1_Encephalopathy	MONDO:0014598	4	20	2	2	0	0	4	
DOORS_Syndrome	MONDO:0009079	11	113	8	1	0	2	9	HP:0008404(Nail dystrophy);HP:0200134(Epileptic encephalopathy)
DSP_Cardiomyopathy	MONDO:0011831	5	7	1	0	1	3	2	HP:0000982(Palmoplantar keratoderma);HP:0001644(Dilated cardiomyopathy);HP:0012819(Myocarditis)
DYRK1A_Syndrome	MONDO:0013578	22	168	20	2	0	0	22	
Dacryocystitis-Osteopoikilosis_Syndrome	MONDO:0008158	10	3	3	0	0	7	3	HP:0001386(Joint swelling);HP:0002829(Arthralgia);HP:0005679(Dupuytren contracture);HP:0007678(Lacrimal duct stenosis);HP:0009926(Epiphora);HP:0010562(Keloids);HP:0012276(Digital flexor tenosynovitis)
Danon_disease	MONDO:0010281	12	34	8	0	1	3	9	HP:0000556(Retinal dystrophy);HP:0001712(Left ventricular hypertrophy);HP:0002910(Elevated circulating hepatic transaminase concentration)
DeSanto-Shinawi_Syndrome	MONDO:0018760	5	117	5	0	0	0	5	
Deafness-Lymphedema-Leukemia_Syndrome	MONDO:0013540	12	13	4	0	0	8	4	HP:0000407(Sensorineural hearing impairment);HP:0002719(Recurrent infections);HP:0006517(Intraalveolar phospholipid accumulation);HP:0010976(Decreased total B cell count);HP:0012312(Decreased total monocyte count);HP:0020178(Abnormal dendritic cell count);HP:0032283(Disseminated nontuberculous mycobacterial infection);HP:0040218(Reduced total natural killer cell count)
Deficiency_of_Adenosine_Deaminase_2	MONDO:0014306	16	59	10	2	0	4	12	HP:0001873(Thrombocytopenia);HP:0001875(Decreased total neutrophil count);HP:0002170(Intracranial hemorrhage);HP:0012410(Pure red cell aplasia)
Delayed_Sleep_Phase_Syndrome	MONDO:0024377	6	0	0	0	0	6	0	HP:0000716(Depression);HP:0000739(Anxiety);HP:0002329(Drowsiness);HP:0006979(Sleep-wake cycle disturbance);HP:0012689(Abnormal pineal melatonin secretion);HP:0031354(Sleep onset insomnia)
Delpire-McNeill_Syndrome	MONDO:0033667	11	15	6	0	1	4	7	HP:0001249(Intellectual disability);HP:0001250(Seizure);HP:0008568(Vestibular areflexia);HP:0011968(Feeding difficulties)
Dementia_with_Lewy_Bodies	MONDO:0007488	4	6	3	0	0	1	3	HP:5200291(REM sleep behavior disorder)
Dengue	MONDO:0005502	2	23	2	0	0	0	2	
Dental_Caries	MONDO:0005276	3	0	0	0	0	3	0	HP:0000670(Carious teeth);HP:0006285(Enamel hypomineralization);HP:0030757(Tooth abscess)
Dental_Fluorosis	MONDO:0006722	3	0	0	0	0	3	0	HP:0000682(Abnormal dental enamel morphology);HP:0006285(Enamel hypomineralization);HP:0009722(Dental enamel pits)
Dentatorubral-Pallidoluysian_Atrophy	MONDO:0007435	6	32	6	0	0	0	6	
Dentici-Novelli_neurodevelopmental_syndrome	MONDO:0859251	8	26	2	0	4	2	6	HP:0001332(Dystonia);HP:0200134(Epileptic encephalopathy)
Dermatofibrosarcoma_Protuberans	MONDO:0011934	2	8	0	0	1	1	1	HP:0031459(Soft tissue neoplasm)
Dermatomyositis	MONDO:0016367	47	97	45	0	0	2	45	HP:0003281(Increased circulating ferritin concentration);HP:0025520(Calcinosis cutis)
Dermoid_Cyst	MONDO:0002378	11	1	1	1	0	9	2	HP:0001140(Limbal dermoid);HP:0001250(Seizure);HP:0001287(Meningitis);HP:0002315(Headache);HP:0012097(Intracranial dermoid cyst);HP:0030731(Carcinoma);HP:0031500(Abdominal mass);HP:0034267(Pelvic pain);HP:0430145(Nasal dermoid cyst)
Desmoplastic_Small_Round_Cell_Tumor	MONDO:0019373	5	18	2	0	1	2	3	HP:0001945(Fever);HP:0031500(Abdominal mass)
Dextro_Transposition_of_the_Great_Arteries	MONDO:0019443	7	42	6	0	0	1	6	HP:0001655(Patent foramen ovale)
Diabetes_Mellitus	MONDO:0005015	18	221	11	4	0	3	15	HP:0001677(Coronary artery atherosclerosis);HP:0004950(Peripheral arterial stenosis);HP:0012378(Fatigue)
Diabetic_Retinopathy	MONDO:0005266	6	0	0	0	0	6	0	HP:0000501(Glaucoma);HP:0000505(Visual impairment);HP:0000573(Retinal hemorrhage);HP:0007902(Vitreous hemorrhage);HP:0007917(Tractional retinal detachment);HP:0040049(Macular edema)
Diamond-Blackfan_Anemia	MONDO:0015253	8	209	7	1	0	0	8	
Diastrophic_Dysplasia	MONDO:0009107	22	81	16	1	0	5	17	HP:0000193(Bifid uvula);HP:0001840(Metatarsus adductus);HP:0002786(Tracheobronchomalacia);HP:0003088(Premature osteoarthritis);HP:0010292(Absent uvula)
Dientamoebiasis	MONDO:0024608	10	0	0	0	0	10	0	HP:0000989(Pruritus);HP:0001025(Urticaria);HP:0001824(Weight loss);HP:0001880(Increased total eosinophil count);HP:0002014(Diarrhea);HP:0002018(Nausea);HP:0002027(Abdominal pain);HP:0002039(Anorexia);HP:0012378(Fatigue);HP:0033589(Flatulence)
Dieulafoy_Lesion	MONDO:0001427	2	0	0	0	0	2	0	HP:0002239(Gastrointestinal hemorrhage);HP:0002615(Hypotension)
Diffuse_Astrocytoma	MONDO:0016686	4	0	0	0	0	4	0	HP:0001250(Seizure);HP:0001269(Hemiparesis);HP:0002315(Headache);HP:0100543(Cognitive impairment)
Diffuse_Large_B_Cell_Lymphoma	MONDO:0018905	6	8	0	0	0	6	0	HP:0001744(Splenomegaly);HP:0001824(Weight loss);HP:0001903(Anemia);HP:0002716(Lymphadenopathy);HP:0012378(Fatigue);HP:0030166(Night sweats)
Diffuse_Nonepidermolytic_Palmoplantar_Keratoderma	MONDO:0010962	15	15	15	0	0	0	15	
Dilated_Cardiomyopathy	MONDO:0005021	8	501	8	0	0	0	8	
Dimethylglycine_Dehydrogenase_Deficiency	MONDO:0011610	3	22	3	0	0	0	3	
Disorder_of_Catecholamine_Synthesis	MONDO:0017759	8	95	4	0	2	2	6	HP:0001300(Parkinsonism);HP:0004923(Hyperphenylalaninemia)
Dissociative_Identity_Disorder	MONDO:0001159	4	0	0	0	0	4	0	HP:0002354(Memory impairment);HP:0032940(Dissociation);HP:5200217(Depersonalization);HP:5200218(Derealization)
Distal_Hereditary_Motor_Neuronopathy_Autosomal_Dominant	MONDO:0015362	7	184	6	1	0	0	7	
Distal_Hereditary_Motor_Neuronopathy_Autosomal_Recessive	MONDO:0015363	8	136	7	0	1	0	8	
Donnai-Barrow_syndrome	MONDO:0009104	13	42	10	0	1	2	11	HP:0000729(Autistic behavior);HP:0001999(Abnormal facial shape)
Dopa_Responsive_Dystonia	MONDO:0016812	6	98	5	0	1	0	6	
Dorfman_Chanarin_Disease	MONDO:0010155	7	37	4	0	2	1	6	HP:0001744(Splenomegaly)
Dorsalgia	MONDO:0000001	1	11535	1	0	0	0	1	
Down_syndrome	MONDO:0008608	11	100	5	2	0	4	7	HP:0001263(Global developmental delay);HP:0002185(Neurofibrillary tangles);HP:0002870(Obstructive sleep apnea);HP:0100256(Senile plaques)
Dracunculiasis	MONDO:0016472	6	16	2	0	0	4	2	HP:0001288(Gait disturbance);HP:0002829(Arthralgia);HP:0003326(Myalgia);HP:0012531(Pain)
Dravet_syndrome	MONDO:0100135	49	1	1	1	1	46	3	HP:0000466(Limited neck range of motion);HP:0000729(Autistic behavior);HP:0000736(Short attention span);HP:0000739(Anxiety);HP:0000980(Pallor);HP:0001300(Parkinsonism);HP:0001327(Photosensitive myoclonic seizure);HP:0001336(Myoclonus);HP:0001763(Pes planus);HP:0002063(Rigidity);HP:0002067(Bradykinesia);HP:0002123(Generalized myoclonic seizure);HP:0002283(Global brain atrophy);HP:0002307(Drooling);HP:0002311(Incoordination);HP:0002345(Action tremor);HP:0002349(Focal aware seizure);HP:0002376(Developmental regression);HP:0002384(Focal impaired awareness seizure);HP:0002396(Cogwheel rigidity);HP:0002878(Respiratory failure);HP:0003066(Limited knee extension);HP:0006813(Focal hemiclonic seizure);HP:0007010(Poor fine motor coordination);HP:0007207(Photosensitive tonic-clonic seizure);HP:0007240(Progressive gait ataxia);HP:0007270(Atypical absence seizure);HP:0007359(Focal-onset seizure);HP:0008081(Pes valgus);HP:0008770(Obsessive-compulsive trait);HP:0008947(Floppy infant);HP:0010818(Generalized tonic seizure);HP:0010841(Multifocal epileptiform discharges);HP:0011169(Generalized clonic seizure);HP:0011182(Interictal epileptiform activity);HP:0011185(EEG with focal epileptiform discharges);HP:0011198(EEG with generalized epileptiform discharges);HP:0011468(Facial tics);HP:0012847(Epilepsia partialis continua);HP:0025101(Dysgenesis of the hippocampus);HP:0031475(Status epilepticus without prominent motor symptoms);HP:0033258(Sudden unexpected death in epilepsy);HP:0100543(Cognitive impairment);HP:0100694(Tibial torsion);HP:0100710(Impulsivity);HP:0200048(Cyanotic episode)
Drug_or_Toxin-Induced_Pulmonary_Arterial_Hypertension	MONDO:0017149	6	0	0	0	0	6	0	HP:0001279(Syncope);HP:0001708(Right ventricular failure);HP:0002092(Pulmonary arterial hypertension);HP:0002094(Dyspnea);HP:0012378(Fatigue);HP:0012398(Peripheral edema)
Duane_Radial_Ray_Syndrome	MONDO:0011812	27	79	26	0	1	0	27	
Duane_Retraction_Syndrome	MONDO:0007473	10	65	9	0	0	1	9	HP:0000539(Abnormality of refraction)
Duchenne_Muscular_Dystrophy	MONDO:0010679	17	39	17	0	0	0	17	
Dupuytrens_Contracture	MONDO:0006345	4	0	0	0	0	4	0	HP:0005679(Dupuytren contracture);HP:0012785(Flexion contracture of finger);HP:0032541(Knuckle pad);HP:0033466(Weak grip)
Dysembryoplastic_Neuroepithelial_Tumor	MONDO:0005505	1	0	0	0	0	1	0	HP:0007359(Focal-onset seizure)
Dyskeratosis_Congenita	MONDO:0015780	12	185	10	1	0	1	11	HP:0030490(Exudative vitreoretinopathy)
Dyslexia	MONDO:0005489	4	0	0	0	0	4	0	HP:0000750(Delayed speech and language development);HP:0001328(Specific learning disability);HP:0007018(Attention deficit hyperactivity disorder);HP:0010522(Dyslexia)
Dystroglycanopathy	MONDO:0018276	9	350	9	0	0	0	9	
Dystrophic_Epidermolysis_Bullosa	MONDO:0006543	15	132	13	1	0	1	14	HP:0010554(Cutaneous finger syndactyly)
EAST_Syndrome	MONDO:0013005	9	39	7	0	1	1	8	HP:0000512(Abnormal electroretinogram)
EBV_Associated_Gastric_Cancer	MONDO:0001056	6	7	1	0	0	5	1	HP:0001824(Weight loss);HP:0001903(Anemia);HP:0002240(Hepatomegaly);HP:0002716(Lymphadenopathy);HP:0012378(Fatigue)
ECHS1_Deficiency	MONDO:0014563	9	24	2	1	1	5	4	HP:0000648(Optic atrophy);HP:0001250(Seizure);HP:0002376(Developmental regression);HP:0003128(Lactic acidosis);HP:0007146(Bilateral basal ganglia lesions)
EDARADD_Hypohidrotic_Ectodermal_Dysplasia	MONDO:0013983	13	20	7	0	1	5	8	HP:0000966(Hypohidrosis);HP:0001097(Keratoconjunctivitis sicca);HP:0002007(Frontal bossing);HP:0002046(Heat intolerance);HP:0008404(Nail dystrophy)
EDAR_Hypohidrotic_Ectodermal_Dysplasia	MONDO:0016535	15	166	12	2	0	1	14	HP:0031416(Abnormal nasal mucus secretion)
EDN3_EDNRB_Waardenburg_Shah	MONDO:0019518	2	38	2	0	0	0	2	
EFL1-related_Shwachman-Diamond_syndrome	MONDO:0044205	6	25	3	0	0	3	3	HP:0001876(Pancytopenia);HP:0004377(Hematological neoplasm);HP:0100255(Metaphyseal dysplasia)
EGFR_Mutant_NSCLC	MONDO:0005061	7	0	0	0	0	7	0	HP:0001824(Weight loss);HP:0002094(Dyspnea);HP:0002202(Pleural effusion);HP:0004375(Neoplasm of the nervous system);HP:0012735(Cough);HP:0030078(Lung adenocarcinoma);HP:0100526(Neoplasm of the lung)
EML1_Ribbon_Heterotopia	MONDO:0020491	14	53	6	3	1	4	10	HP:0000486(Strabismus);HP:0000505(Visual impairment);HP:0000648(Optic atrophy);HP:0001355(Megalencephaly)
ER_Positive_Breast_Cancer	MONDO:0006512	2	0	0	0	0	2	0	HP:0002664(Neoplasm);HP:0003002(Breast carcinoma)
EYS_Related_Retinitis_Pigmentosa	MONDO:0011272	9	10	4	2	1	2	7	HP:0000529(Progressive visual loss);HP:0011505(Cystoid macular edema)
Ebola_Virus_Disease_EVD	MONDO:0005737	16	30	9	0	0	7	9	HP:0001410(Decreased liver function);HP:0001944(Dehydration);HP:0002910(Elevated circulating hepatic transaminase concentration);HP:0003111(Abnormal blood ion concentration);HP:0003326(Myalgia);HP:0012378(Fatigue);HP:0031273(Shock)
Ectodermal_Dysplasia_and_Immunodeficiency_2	MONDO:0012806	11	19	2	1	1	7	4	HP:0000607(Periorbital wrinkles);HP:0003496(Increased circulating IgM level);HP:0004432(Agammaglobulinemia);HP:0010976(Decreased total B cell count);HP:0011274(Recurrent mycobacterial infections);HP:0033581(Absent peripheral lymph nodes in presence of infection);HP:0100827(Increased total lymphocyte count)
Ehlers-Danlos_Syndrome	MONDO:0020066	16	657	14	1	0	1	15	HP:0033608(Pulmonary nodule)
Ehlers-Danlos_Syndrome_COL5A1-related	MONDO:0007522	12	89	12	0	0	0	12	
Ellis-van_Creveld_Syndrome	MONDO:0009162	16	68	16	0	0	0	16	
Elsahy-Waters_Syndrome	MONDO:0008885	15	102	10	2	1	2	13	HP:0001072(Thickened skin);HP:0001596(Alopecia)
Embryonal_Rhabdomyosarcoma	MONDO:0009993	4	2	0	0	0	4	0	HP:0000520(Proptosis);HP:0000790(Hematuria);HP:0001824(Weight loss);HP:0031459(Soft tissue neoplasm)
Emery_Dreifuss_Muscular_Dystrophy	MONDO:0016830	16	128	14	1	0	1	15	HP:0001907(Thromboembolism)
Empty_Nose_Syndrome	MONDO:1060148	11	0	0	0	0	11	0	HP:0000433(Abnormal nasal mucosa morphology);HP:0000716(Depression);HP:0000739(Anxiety);HP:0001742(Nasal congestion);HP:0002094(Dyspnea);HP:0002315(Headache);HP:0002360(Sleep disturbance);HP:0002883(Hyperventilation);HP:0004409(Hyposmia);HP:0031589(Suicidal ideation);HP:0033521(Nasal dryness)
Encephalocraniocutaneous_Lipomatosis	MONDO:0013074	6	80	4	1	0	1	5	HP:0010816(Epidermal nevus)
Endometrial_Carcinoma	MONDO:0002447	4	0	0	0	0	4	0	HP:0001903(Anemia);HP:0012114(Endometrial carcinoma);HP:0033840(Postmenopausal bleeding);HP:0034267(Pelvic pain)
Endometrial_Endometrioid_Adenocarcinoma	MONDO:0006192	3	0	0	0	0	3	0	HP:0001903(Anemia);HP:0033840(Postmenopausal bleeding);HP:0034267(Pelvic pain)
Endometriosis	MONDO:0005133	7	0	0	0	0	7	0	HP:0000132(Menorrhagia);HP:0000789(Infertility);HP:0002027(Abdominal pain);HP:0012378(Fatigue);HP:0012532(Chronic pain);HP:0030016(Dyspareunia);HP:0100607(Dysmenorrhea)
Enhanced_S-Cone_Syndrome	MONDO:0100288	7	26	5	1	1	0	7	
Eosinophilic_Esophagitis	MONDO:0005361	5	8	2	0	0	3	2	HP:0002043(Esophageal stricture);HP:0011968(Feeding difficulties);HP:0031984(Esophageal food impaction)
Eosinophilic_Fasciitis	MONDO:0009175	6	17	2	1	0	3	3	HP:0001072(Thickened skin);HP:0001371(Flexion contracture);HP:0003237(Increased circulating IgG concentration)
Eosinophilic_Granulomatosis_with_Polyangiitis	MONDO:0015943	24	67	21	1	2	0	24	
Epidermolysis_Bullosa	MONDO:0006541	10	446	8	1	1	0	10	
Epidermolysis_Bullosa_Simplex	MONDO:0017610	5	228	5	0	0	0	5	
Epilepsy	MONDO:0005027	27	1220	24	3	0	0	27	
Epilepsy_of_Infancy_with_Migrating_Focal_Seizures	MONDO:0017385	8	49	5	2	0	1	7	HP:0002104(Apnea)
Epilepsy_with_Myoclonic_Atonic_Seizures	MONDO:0014633	7	48	6	0	1	0	7	
Episodic_Ataxia	MONDO:0016227	6	89	6	0	0	0	6	
Epithelioid_Sarcoma	MONDO:0017387	3	1	0	0	0	3	0	HP:0002733(Abnormal lymph node morphology);HP:0031459(Soft tissue neoplasm);HP:0200042(Skin ulcer)
Erdheim-Chester_Disease	MONDO:0018153	7	41	5	2	0	0	7	
Erythrokeratodermia_Variabilis	MONDO:0017851	3	67	2	1	0	0	3	
Erythropoietic_Protoporphyria	MONDO:0001676	8	17	6	0	0	2	6	HP:0002611(Cholestatic liver disease);HP:0100725(Lichenification)
Esophageal_Adenocarcinoma	MONDO:0005028	6	10	1	0	0	5	1	HP:0001824(Weight loss);HP:0001903(Anemia);HP:0002015(Dysphagia);HP:0002239(Gastrointestinal hemorrhage);HP:0032043(Odynophagia)
Esophageal_Atresia	MONDO:0001044	15	0	0	0	0	15	0	HP:0001531(Failure to thrive in infancy);HP:0002015(Dysphagia);HP:0002020(Gastroesophageal reflux);HP:0002032(Esophageal atresia);HP:0002091(Restrictive ventilatory defect);HP:0002098(Respiratory distress);HP:0002205(Recurrent respiratory infections);HP:0002575(Tracheoesophageal fistula);HP:0002579(Gastrointestinal dysmotility);HP:0002835(Aspiration);HP:0003781(Excessive salivation);HP:0008872(Feeding difficulties in infancy);HP:0010963(Absence of stomach bubble on fetal sonography);HP:0030680(Abnormal cardiovascular system morphology);HP:0100633(Esophagitis)
Esophageal_Carcinoma	MONDO:0019086	4	11	0	0	0	4	0	HP:0001824(Weight loss);HP:0002015(Dysphagia);HP:0002248(Hematemesis);HP:0032043(Odynophagia)
Esophageal_Squamous_Cell_Carcinoma	MONDO:0005580	5	8	1	0	0	4	1	HP:0001824(Weight loss);HP:0002015(Dysphagia);HP:0002248(Hematemesis);HP:0032043(Odynophagia)
Essential_Hypertension	MONDO:0001134	4	3	0	0	0	4	0	HP:0000083(Renal insufficiency);HP:0000822(Hypertension);HP:0001712(Left ventricular hypertrophy);HP:0002315(Headache)
Essential_Thrombocythemia	MONDO:0005029	29	30	29	0	0	0	29	
Essential_Tremor	MONDO:0003233	6	15	3	0	1	2	4	HP:0001618(Dysphonia);HP:0100543(Cognitive impairment)
Ethylmalonic_Encephalopathy	MONDO:0011229	10	28	8	0	1	1	9	HP:0001257(Spasticity)
Ewing_Sarcoma	MONDO:0012817	7	1	0	0	1	6	1	HP:0001824(Weight loss);HP:0001903(Anemia);HP:0001945(Fever);HP:0002653(Bone pain);HP:0002756(Pathologic fracture);HP:0031459(Soft tissue neoplasm)
Exstrophy-Epispadias_Complex	MONDO:0017919	11	84	9	1	1	0	11	
FAS-related_Autoimmune_Lymphoproliferative_Syndrome	MONDO:1060194	10	0	0	0	0	10	0	HP:0001433(Hepatosplenomegaly);HP:0001890(Autoimmune hemolytic anemia);HP:0001904(Autoimmune neutropenia);HP:0001973(Autoimmune thrombocytopenia);HP:0002665(Lymphoma);HP:0002716(Lymphadenopathy);HP:0002719(Recurrent infections);HP:0004313(Decreased circulating immunoglobulin concentration);HP:0010702(Increased circulating immunoglobulin concentration);HP:0031399(Abnormal double-negative T cell proportion)
FASTKD5-Related_COX_Deficiency	MONDO:0980755	3	49	0	0	0	3	0	HP:0002134(Abnormal basal ganglia morphology);HP:0002180(Neurodegeneration);HP:0002363(Abnormal brainstem morphology)
FGFR1_Hypogonadotropic_Hypogonadism	MONDO:0007844	13	23	6	0	5	2	11	HP:0000789(Infertility);HP:0012165(Oligodactyly)
FGFR_Altered_Cholangiocarcinoma	MONDO:0003210	6	10	5	0	0	1	5	HP:0002018(Nausea)
FGFR_Altered_Urothelial_Carcinoma	MONDO:0040679	3	0	0	0	0	3	0	HP:0000790(Hematuria);HP:0012378(Fatigue);HP:0100518(Dysuria)
FLNA_Intestinal_Pseudoobstruction	MONDO:0010232	3	19	1	0	0	2	1	HP:0000011(Neurogenic bladder);HP:0032388(Periventricular nodular heterotopia)
FLT3_Mutant_AML	MONDO:0100415	6	0	0	0	0	6	0	HP:0001873(Thrombocytopenia);HP:0001892(Abnormal bleeding);HP:0001903(Anemia);HP:0001974(Increased total leukocyte count);HP:0002719(Recurrent infections);HP:0012378(Fatigue)
FOLR1-Related_Cerebral_Folate_Transport_Deficiency	MONDO:0013110	13	4	2	1	0	10	3	HP:0000717(Autism);HP:0001251(Ataxia);HP:0001266(Choreoathetosis);HP:0001272(Cerebellar atrophy);HP:0002059(Cerebral atrophy);HP:0003429(CNS hypomyelination);HP:0005484(Secondary microcephaly);HP:0007018(Attention deficit hyperactivity disorder);HP:0100022(Abnormality of movement);HP:0100543(Cognitive impairment)
FOXE3_Anterior_Segment_Dysgenesis	MONDO:0019503	7	205	7	0	0	0	7	
FOXG1_Disorder	MONDO:0100040	36	76	36	0	0	0	36	
Fabry_Disease	MONDO:0010526	24	91	21	1	1	1	23	HP:0003115(Abnormal EKG)
Facioscapulohumeral_Muscular_Dystrophy	MONDO:0001347	5	59	3	0	1	1	4	HP:0003326(Myalgia)
Fallopian_Tube_Benign_Neoplasm	MONDO:0000645	4	0	0	0	0	4	0	HP:0000140(Abnormality of the menstrual cycle);HP:0031500(Abdominal mass);HP:0033840(Postmenopausal bleeding);HP:0034267(Pelvic pain)
Fallopian_Tube_Cancer	MONDO:0002158	6	0	0	0	0	6	0	HP:0001541(Ascites);HP:0003270(Abdominal distention);HP:0031501(Pelvic mass);HP:0034263(Abnormal vaginal bleeding);HP:0034267(Pelvic pain);HP:0034269(Abnormal vaginal discharge)
Familial_Adenomatous_Polyposis	MONDO:0021056	6	26	2	0	3	1	5	HP:0007703(Abnormal retinal pigmentation)
Familial_Atrial_Fibrillation	MONDO:0018054	3	35	3	0	0	0	3	
Familial_Chylomicronemia_Syndrome	MONDO:0018637	6	39	6	0	0	0	6	
Familial_Cold_Autoinflammatory_Syndrome	MONDO:0018768	8	46	8	0	0	0	8	
Familial_Congenital_Mirror_Movements	MONDO:0016558	3	15	2	0	0	1	2	HP:0001263(Global developmental delay)
Familial_Exudative_Vitreoretinopathy	MONDO:0019516	20	146	20	0	0	0	20	
Familial_Focal_Epilepsy_With_Variable_Foci	MONDO:0020310	4	39	2	1	1	0	4	
Familial_Hyperaldosteronism	MONDO:0016525	8	49	5	1	1	1	7	HP:0004944(Dilatation of the cerebral artery)
Familial_Hyperaldosteronism_Type_I	MONDO:0007080	12	18	12	0	0	0	12	
Familial_Hypercholesterolemia	MONDO:0005439	14	46	11	0	1	2	12	HP:0001650(Aortic valve stenosis);HP:0002140(Ischemic stroke)
Familial_Isolated_Vitamin_E_Deficiency	MONDO:0010188	18	46	14	2	1	1	17	HP:0000510(Rod-cone dystrophy)
Familial_Mediterranean_Fever	MONDO:0018088	7	65	7	0	0	0	7	
Familial_Partial_Lipodystrophy	MONDO:0020088	11	164	11	0	0	0	11	
Familial_Renal_Glucosuria	MONDO:0009297	2	17	2	0	0	0	2	
Familial_Sick_Sinus_Syndrome	MONDO:0012061	8	29	4	0	1	3	5	HP:0001962(Palpitations);HP:0003546(Exercise intolerance);HP:0012378(Fatigue)
Familial_Sleep_Related_Hypermotor_Epilepsy	MONDO:0000030	17	32	16	0	0	1	16	HP:6000456(Sleep drunkeness)
Familial_Thoracic_Aortic_Aneurysm_and_Aortic_Dissection	MONDO:0019625	2	76	2	0	0	0	2	
Fanconi-Bickel_Syndrome	MONDO:0009216	11	51	9	2	0	0	11	
Fanconi_Anemia	MONDO:0019391	139	285	101	15	3	20	119	HP:0000133(Gonadal dysgenesis);HP:0000143(Rectovaginal fistula);HP:0000148(Vaginal atresia);HP:0000307(Pointed chin);HP:0000402(Stenosis of the external auditory canal);HP:0000798(Oligozoospermia);HP:0001385(Hip dysplasia);HP:0001513(Obesity);HP:0002566(Intestinal malrotation);HP:0002808(Kyphosis);HP:0003119(Abnormal circulating lipid concentration);HP:0004452(Abnormality of the middle ear ossicles);HP:0005235(Jejunal atresia);HP:0005473(Fusion of middle ear ossicles);HP:0005775(Multiple skeletal anomalies);HP:0006660(Aplastic clavicle);HP:0008209(Premature ovarian insufficiency);HP:0008436(Absent/hypoplastic coccyx);HP:0010462(Aplasia/Hypoplasia of the ovary);HP:0011014(Abnormal glucose homeostasis)
Fanconi_Renotubular_Syndrome	MONDO:0001083	13	61	11	1	0	1	12	HP:0000825(Hyperinsulinemic hypoglycemia)
Farber_Disease	MONDO:0009218	14	82	14	0	0	0	14	
Febrile_Infection-Related_Epilepsy_Syndrome	MONDO:0015584	9	12	3	0	1	5	4	HP:0001249(Intellectual disability);HP:0001298(Encephalopathy);HP:0002069(Bilateral tonic-clonic seizure);HP:0002133(Status epilepticus);HP:0100543(Cognitive impairment)
Feingold_Syndrome	MONDO:0015267	12	80	8	2	0	2	10	HP:0000824(Decreased response to growth hormone stimulation test);HP:0004942(Aortic aneurysm)
Ferguson-Bonni_Neurodevelopmental_Syndrome	MONDO:0859220	15	15	9	0	0	6	9	HP:0000175(Cleft palate);HP:0000201(Pierre-Robin sequence);HP:0000252(Microcephaly);HP:0001249(Intellectual disability);HP:0001999(Abnormal facial shape);HP:0004322(Short stature)
Fibrocartilaginous_Embolism	MONDO:0023152	6	0	0	0	0	6	0	HP:0000020(Urinary incontinence);HP:0002196(Myelopathy);HP:0002385(Paraparesis);HP:0003418(Back pain);HP:0003474(Somatic sensory dysfunction);HP:0010550(Paraplegia)
Fibrochondrogenesis	MONDO:0016068	16	71	11	1	0	4	12	HP:0000518(Cataract);HP:0001263(Global developmental delay);HP:0010297(Bifid tongue);HP:0011003(High myopia)
Fibrodysplasia_Ossificans_Progressiva	MONDO:0007606	21	52	15	2	2	2	19	HP:0000211(Trismus);HP:0002091(Restrictive ventilatory defect)
Fibromuscular_Dysplasia	MONDO:0006761	10	6	1	1	1	7	3	HP:0002315(Headache);HP:0002617(Vascular dilatation);HP:0005116(Arterial tortuosity);HP:0005294(Arterial dissection);HP:0007029(Cerebral berry aneurysm);HP:0008629(Pulsatile tinnitus);HP:0100545(Arterial stenosis)
Fibromyalgia	MONDO:0005546	10	0	0	0	0	10	0	HP:0000716(Depression);HP:0000739(Anxiety);HP:0001387(Joint stiffness);HP:0002315(Headache);HP:0002360(Sleep disturbance);HP:0012332(Abnormal autonomic nervous system physiology);HP:0012378(Fatigue);HP:0012532(Chronic pain);HP:0012533(Allodynia);HP:0100543(Cognitive impairment)
Fibrosarcoma	MONDO:0005164	1	9	0	0	0	1	0	HP:0031459(Soft tissue neoplasm)
Fibrous_Dysplasia	MONDO:0000845	36	62	36	0	0	0	36	
Floating-Harbor_syndrome	MONDO:0007621	8	108	7	0	1	0	8	
Focal_Articular_Cartilage_Defect_of_the_Knee	MONDO:0003816	4	54	1	1	0	2	2	HP:0001386(Joint swelling);HP:0030839(Knee pain)
Focal_Dermal_Hypoplasia	MONDO:0010592	25	134	16	2	4	3	22	HP:0000564(Lacrimal duct atresia);HP:0001263(Global developmental delay);HP:0002895(Papillary thyroid carcinoma)
Focal_Segmental_Glomerulosclerosis	MONDO:0100313	8	19	6	1	1	0	8	
Follicular_Lymphoma	MONDO:0018906	7	17	4	1	0	2	5	HP:0001903(Anemia);HP:0005561(Abnormal bone marrow cell morphology)
Folliculitis	MONDO:0006552	5	0	0	0	0	5	0	HP:0000989(Pruritus);HP:0001596(Alopecia);HP:0001945(Fever);HP:0030350(Erythematous papule);HP:0200039(Pustule)
Fontaine_Progeroid_Syndrome	MONDO:0012853	52	122	52	0	0	0	52	
Fragile_X-Associated_Tremor_Ataxia_Syndrome	MONDO:0010382	10	55	7	0	1	2	8	HP:0030890(Hyperintensity of cerebral white matter on MRI);HP:0033051(Impaired executive functioning)
Fragile_X_Syndrome	MONDO:0010383	26	44	21	0	2	3	23	HP:0000218(High palate);HP:0000718(Aggressive behavior);HP:0001513(Obesity)
Free_Sialic_Acid_Storage_Disease	MONDO:0019366	18	101	11	1	1	5	13	HP:0000709(Psychosis);HP:0000718(Aggressive behavior);HP:0001272(Cerebellar atrophy);HP:0002079(Hypoplasia of the corpus callosum);HP:0006808(Cerebral hypomyelination)
Frias_Syndrome	MONDO:0012324	19	40	9	0	2	8	11	HP:0000453(Choanal atresia);HP:0000568(Microphthalmia);HP:0001249(Intellectual disability);HP:0001320(Cerebellar vermis hypoplasia);HP:0001999(Abnormal facial shape);HP:0002020(Gastroesophageal reflux);HP:0002079(Hypoplasia of the corpus callosum);HP:0010442(Polydactyly)
Friedreich_Ataxia	MONDO:0100339	10	76	9	0	1	0	10	
Frontonasal_Dysplasia	MONDO:0016643	10	214	10	0	0	0	10	
Frontotemporal_Dementia	MONDO:0017276	4	165	4	0	0	0	4	
Fuchs_Endothelial_Corneal_Dystrophy	MONDO:0005321	9	16	9	0	0	0	9	
Fucosidosis	MONDO:0009254	32	81	32	0	0	0	32	
Furunculosis	MONDO:0100595	2	0	0	0	0	2	0	HP:0020083(Furuncle);HP:0100838(Recurrent cutaneous abscess formation)
G6PC3_Deficiency	MONDO:0023124	6	0	0	0	0	6	0	HP:0000119(Abnormality of the genitourinary system);HP:0001015(Prominent superficial veins);HP:0001873(Thrombocytopenia);HP:0001875(Decreased total neutrophil count);HP:0002718(Recurrent bacterial infections);HP:0030680(Abnormal cardiovascular system morphology)
GABRG2-Related_Epilepsy	MONDO:0032725	7	16	2	1	3	1	6	HP:0002373(Febrile seizure (within the age range of 3 months to 6 years))
GJB2-GJB6_Digenic_Nonsyndromic_Hearing_Loss	MONDO:0009076	1	2	0	1	0	0	1	
GLUT1_Deficiency_Syndrome	MONDO:0011724	9	48	8	0	0	1	8	HP:0007166(Paroxysmal dyskinesia)
GM1_Gangliosidosis_Type_1	MONDO:0009260	6	77	5	1	0	0	6	
GM1_Gangliosidosis_Type_2	MONDO:0009261	12	34	4	0	3	5	7	HP:0000486(Strabismus);HP:0001260(Dysarthria);HP:0001324(Muscle weakness);HP:0001638(Cardiomyopathy);HP:0007957(Corneal opacity)
GM1_Gangliosidosis_Type_3	MONDO:0009262	4	27	2	0	0	2	2	HP:0001288(Gait disturbance);HP:0001300(Parkinsonism)
GM3_Synthase_Deficiency	MONDO:0018274	17	23	9	0	4	4	13	HP:0001249(Intellectual disability);HP:0001510(Growth delay);HP:0001999(Abnormal facial shape);HP:0002650(Scoliosis)
GNAO1-Related_Developmental_and_Epileptic_Encephalopathy	MONDO:0014199	12	14	4	1	2	5	7	HP:0001249(Intellectual disability);HP:0001252(Hypotonia);HP:0002133(Status epilepticus);HP:0011097(Epileptic spasm);HP:0011968(Feeding difficulties)
GNPTG-Mucolipidosis	MONDO:0009652	9	26	1	0	1	7	2	HP:0001270(Motor delay);HP:0001653(Mitral regurgitation);HP:0002091(Restrictive ventilatory defect);HP:0002652(Skeletal dysplasia);HP:0012185(Constrictive median neuropathy);HP:0012532(Chronic pain);HP:0100543(Cognitive impairment)
GRIN1-Related_Neurodevelopmental_Disorder	MONDO:1060123	19	59	17	1	1	0	19	
GRIN2B-Related_Developmental_and_Epileptic_Encephalopathy	MONDO:0014505	13	22	9	0	0	4	9	HP:0000729(Autistic behavior);HP:0002487(Hyperkinetic movements);HP:0002536(Abnormal cortical gyration);HP:0100704(Cerebral visual impairment)
GUCY2D-Related_Retinopathy	MONDO:0100453	10	20	4	0	2	4	6	HP:0000529(Progressive visual loss);HP:0000540(Hypermetropia);HP:0000603(Central scotoma);HP:0007401(Macular atrophy)
Galactosemia	MONDO:0018116	15	99	10	3	0	2	13	HP:0000124(Renal tubular dysfunction);HP:0001892(Abnormal bleeding)
Galactosialidosis	MONDO:0009737	12	18	9	0	1	2	10	HP:0001014(Angiokeratoma);HP:0001251(Ataxia)
Gallbladder_Cancer	MONDO:0005411	7	0	0	0	0	7	0	HP:0000952(Jaundice);HP:0001081(Cholelithiasis);HP:0001824(Weight loss);HP:0002017(Nausea and vomiting);HP:0002027(Abdominal pain);HP:0002039(Anorexia);HP:0031500(Abdominal mass)
Galloway-Mowat_Syndrome	MONDO:0009627	17	162	15	1	0	1	16	HP:0003429(CNS hypomyelination)
Gastric_Cancer_H_pylori_Associated	MONDO:0004950	7	5	1	0	1	5	2	HP:0001824(Weight loss);HP:0002015(Dysphagia);HP:0002018(Nausea);HP:0002039(Anorexia);HP:0033842(Early satiety)
Gastric_Ulcer	MONDO:0001126	1	0	0	0	0	1	0	HP:0002592(Gastric ulcer)
Gastroenteropancreatic_Neuroendocrine_Neoplasm	MONDO:0024503	9	171	6	0	1	2	7	HP:0004398(Peptic ulcer);HP:0031284(Flushing)
Gastroesophageal_Reflux_Disease	MONDO:0007186	5	5	2	0	0	3	2	HP:0001609(Hoarse voice);HP:0002015(Dysphagia);HP:0410281(Dyspepsia)
Gastrointestinal_Stromal_Tumor	MONDO:0011719	5	22	3	0	0	2	3	HP:0001824(Weight loss);HP:0031500(Abdominal mass)
Gaucher_Disease	MONDO:0018150	19	227	18	1	0	0	19	
Gaucher_Disease_Due_To_Saposin_C_Deficiency	MONDO:0012517	2	37	2	0	0	0	2	
Geleophysic_Dysplasia	MONDO:0000127	25	93	25	0	0	0	25	
Generalized_Anxiety_Disorder	MONDO:0001942	7	1	1	0	0	6	1	HP:0000711(Restlessness);HP:0000737(Irritability);HP:0002360(Sleep disturbance);HP:0003552(Muscle stiffness);HP:0007018(Attention deficit hyperactivity disorder);HP:0012378(Fatigue)
Generalized_Epilepsy_with_Febrile_Seizures_Plus	MONDO:0018214	7	42	6	1	0	0	7	
Genital_Lichen_Sclerosus	MONDO:0007899	7	0	0	0	0	7	0	HP:0000989(Pruritus);HP:0001741(Phimosis);HP:0012227(Urethral stricture);HP:0030016(Dyspareunia);HP:0030259(Hypopigmented genitalia);HP:0100518(Dysuria);HP:0100699(Scarring)
Genitopatellar_Syndrome	MONDO:0011640	10	64	6	1	3	0	10	
Gerstmann-Straussler-Scheinker_Syndrome	MONDO:0007656	16	39	11	0	1	4	12	HP:0002015(Dysphagia);HP:0002171(Gliosis);HP:0006790(Cerebral cortex with spongiform changes);HP:0011034(Amyloid deposition)
Gestational_Trophoblastic_Neoplasm	MONDO:0018944	5	7	0	2	0	3	2	HP:0000836(Hyperthyroidism);HP:0034263(Abnormal vaginal bleeding);HP:6000485(Elevated circulating beta chorionic gonadotropin concentration)
Giant_Cell_Arteritis	MONDO:0008538	23	72	23	0	0	0	23	
Giant_Cell_Hepatitis_With_Autoimmune_Hemolytic_Anemia	MONDO:1060166	8	0	0	0	0	8	0	HP:0000952(Jaundice);HP:0000980(Pallor);HP:0001399(Hepatic failure);HP:0001744(Splenomegaly);HP:0001890(Autoimmune hemolytic anemia);HP:0002240(Hepatomegaly);HP:0002910(Elevated circulating hepatic transaminase concentration);HP:0200084(Giant cell hepatitis)
Giardiasis	MONDO:0001103	11	0	0	0	0	11	0	HP:0001508(Failure to thrive);HP:0001510(Growth delay);HP:0001824(Weight loss);HP:0002014(Diarrhea);HP:0002024(Malabsorption);HP:0002027(Abdominal pain);HP:0002570(Steatorrhea);HP:0003270(Abdominal distention);HP:0033589(Flatulence);HP:0100543(Cognitive impairment);HP:0410281(Dyspepsia)
Gilberts_Syndrome	MONDO:0007745	3	4	2	0	0	1	2	HP:0002027(Abdominal pain)
Gitelman_Syndrome	MONDO:0009904	14	82	14	0	0	0	14	
Glanders	MONDO:0005774	2	0	0	0	0	2	0	HP:0002090(Pneumonia);HP:0200042(Skin ulcer)
Glaucoma	MONDO:0005041	5	65	3	1	1	0	5	
Glioblastoma_IDH_Wildtype	MONDO:0850335	5	0	0	0	0	5	0	HP:0000751(Personality changes);HP:0001250(Seizure);HP:0001269(Hemiparesis);HP:0002315(Headache);HP:0100543(Cognitive impairment)
Glioma	MONDO:0021042	7	137	4	3	0	0	7	
Glucose-6-Phosphate_Dehydrogenase_G6PD_Deficiency	MONDO:0005775	8	15	3	0	1	4	4	HP:0002094(Dyspnea);HP:0003265(Neonatal hyperbilirubinemia);HP:0012378(Fatigue);HP:0040319(Dark urine)
Glucose-Galactose_Malabsorption	MONDO:0011731	7	21	4	1	0	2	5	HP:6000259(Positive hydrogen breath test);HP:6001295(Elevated stool reducing substances)
Glutaryl-CoA_Dehydrogenase_Deficiency	MONDO:0009281	11	73	7	2	0	2	9	HP:0001249(Intellectual disability);HP:0001270(Motor delay)
Glutathione_Synthetase_Deficiency	MONDO:0017909	6	22	5	1	0	0	6	
Glycogen_Storage_Disease_Type_I	MONDO:0002413	27	91	27	0	0	0	27	
Glycogen_Storage_Disease_Type_IV	MONDO:0009292	33	71	33	0	0	0	33	
Glycogen_Storage_Disease_Type_VII	MONDO:0009295	13	27	10	0	2	1	12	HP:0003201(Rhabdomyolysis)
Glycogen_Storage_Disease_XV	MONDO:0013291	8	29	2	2	0	4	4	HP:0002515(Waddling gait);HP:0003202(Skeletal muscle atrophy);HP:0003326(Myalgia);HP:0003546(Exercise intolerance)
Glycoprotein_Storage_Disease	MONDO:0009296	7	2	0	1	0	6	1	HP:0000280(Coarse facial features);HP:0000943(Dysostosis multiplex);HP:0001249(Intellectual disability);HP:0001250(Seizure);HP:0002180(Neurodegeneration);HP:0010471(Oligosacchariduria)
Gorham-Stout_disease	MONDO:0007414	3	36	2	1	0	0	3	
Gorlin_Syndrome	MONDO:0007187	29	75	25	2	1	1	28	HP:0000639(Nystagmus)
Gout	MONDO:0005393	4	1	1	0	0	3	1	HP:0000787(Nephrolithiasis);HP:0001386(Joint swelling);HP:0002829(Arthralgia)
Grange_syndrome	MONDO:0011243	11	20	9	0	0	2	9	HP:0000316(Hypertelorism);HP:0000347(Micrognathia)
Granular_Cell_Tumor	MONDO:0006235	4	0	0	0	0	4	0	HP:0001482(Subcutaneous nodule);HP:0002015(Dysphagia);HP:0002781(Upper airway obstruction);HP:0100648(Neoplasm of the tongue)
Granulomatosis_with_Polyangiitis	MONDO:0012105	65	126	63	2	0	0	65	
Graves_Disease	MONDO:0005364	27	49	17	1	1	8	19	HP:0000651(Diplopia);HP:0000716(Depression);HP:0000739(Anxiety);HP:0000876(Oligomenorrhea);HP:0001824(Weight loss);HP:0002046(Heat intolerance);HP:0003701(Proximal muscle weakness);HP:0012378(Fatigue)
Greig_Cephalopolysyndactyly	MONDO:0008287	13	55	11	0	2	0	13	
Growth_Hormone_Insensitivity_Syndrome	MONDO:0015892	7	127	6	0	0	1	6	HP:0005352(Severe T-cell immunodeficiency)
Guanidinoacetate_Methyltransferase_Deficiency	MONDO:0012999	16	43	14	1	0	1	15	HP:0002453(Abnormal globus pallidus morphology)
Guillain_Barre_Syndrome	MONDO:0016218	8	23	2	0	2	4	4	HP:0002093(Respiratory insufficiency);HP:0003401(Paresthesia);HP:0006824(Cranial nerve paralysis);HP:0012332(Abnormal autonomic nervous system physiology)
H3_K27_Altered_Diffuse_Midline_Glioma	MONDO:1060171	5	0	0	0	0	5	0	HP:0000651(Diplopia);HP:0001251(Ataxia);HP:0001269(Hemiparesis);HP:0002315(Headache);HP:0006824(Cranial nerve paralysis)
HCN1-Related_Developmental_and_Epileptic_Encephalopathy	MONDO:0014377	7	13	4	1	1	1	6	HP:0001263(Global developmental delay)
HER2_Positive_Breast_Cancer	MONDO:0006244	2	0	0	0	0	2	0	HP:0002664(Neoplasm);HP:0003002(Breast carcinoma)
HER2_Positive_Colorectal_Cancer	MONDO:0005575	5	115	4	0	0	1	4	HP:0001903(Anemia)
HER2_Positive_Gastric_Cancer	MONDO:0001056	7	7	1	0	1	5	2	HP:0001824(Weight loss);HP:0001903(Anemia);HP:0002015(Dysphagia);HP:0002018(Nausea);HP:0012378(Fatigue)
HFM1-related_gametogenic_failure	MONDO:0014322	3	5	1	0	0	2	1	HP:0003251(Male infertility);HP:0011961(Non-obstructive azoospermia)
HIDEA_Syndrome	MONDO:0032780	13	40	7	1	4	1	12	HP:0002270(Abnormality of the autonomic nervous system)
HPV_Negative_Head_and_Neck_Cancer	MONDO:0010150	7	1	0	0	0	7	0	HP:0000155(Oral ulcer);HP:0001609(Hoarse voice);HP:0001824(Weight loss);HP:0002015(Dysphagia);HP:0002716(Lymphadenopathy);HP:0030766(Ear pain);HP:0032043(Odynophagia)
HPV_Positive_Head_and_Neck_Cancer	MONDO:0044926	6	0	0	0	0	6	0	HP:0001609(Hoarse voice);HP:0001824(Weight loss);HP:0002015(Dysphagia);HP:0002716(Lymphadenopathy);HP:0025439(Pharyngitis);HP:0032043(Odynophagia)
HROB-related_gametogenic_failure	MONDO:0971176	8	8	6	0	0	2	6	HP:0000815(Hypergonadotropic hypogonadism);HP:0008209(Premature ovarian insufficiency)
HSD10_Mitochondrial_Disease	MONDO:0010327	13	88	9	0	4	0	13	
Hairy_Cell_Leukemia	MONDO:0018935	5	0	0	0	0	5	0	HP:0001744(Splenomegaly);HP:0001875(Decreased total neutrophil count);HP:0001876(Pancytopenia);HP:0002719(Recurrent infections);HP:0012312(Decreased total monocyte count)
Hand-Foot-Genital_Syndrome	MONDO:0007698	5	83	4	0	1	0	5	
Hand_Foot_and_Mouth_Disease	MONDO:0005779	17	1	0	1	0	16	1	HP:0000155(Oral ulcer);HP:0000737(Irritability);HP:0001250(Seizure);HP:0001287(Meningitis);HP:0001944(Dehydration);HP:0001945(Fever);HP:0002307(Drooling);HP:0002383(Infectious encephalitis);HP:0003470(Paralysis);HP:0004396(Poor appetite);HP:0012819(Myocarditis);HP:0025088(Onychomadesis);HP:0025439(Pharyngitis);HP:0033834(Malaise);HP:0100598(Pulmonary edema);HP:0200037(Skin vesicle)
Hantavirus_Pulmonary_Syndrome	MONDO:0017879	16	0	0	0	0	16	0	HP:0001873(Thrombocytopenia);HP:0001899(Increased hematocrit);HP:0001945(Fever);HP:0001974(Increased total leukocyte count);HP:0002013(Vomiting);HP:0002014(Diarrhea);HP:0002018(Nausea);HP:0002094(Dyspnea);HP:0002202(Pleural effusion);HP:0002315(Headache);HP:0002615(Hypotension);HP:0002878(Respiratory failure);HP:0003326(Myalgia);HP:0031273(Shock);HP:0033677(Acute respiratory distress syndrome);HP:0100598(Pulmonary edema)
Hao-Fountain_syndrome	MONDO:0014805	11	65	6	2	2	1	10	HP:0002591(Polyphagia)
Hartnup_Disease	MONDO:0009324	21	38	21	0	0	0	21	
Hartsfield_Syndrome	MONDO:0014196	7	40	3	0	3	1	6	HP:0000044(Hypogonadotropic hypogonadism)
Hashimoto_Encephalopathy	MONDO:0019385	9	25	2	0	2	5	4	HP:0001251(Ataxia);HP:0001260(Dysarthria);HP:0001336(Myoclonus);HP:0002354(Memory impairment);HP:0002360(Sleep disturbance)
Hashimotos_Thyroiditis	MONDO:0007699	9	2	0	0	0	9	0	HP:0000716(Depression);HP:0000821(Hypothyroidism);HP:0000836(Hyperthyroidism);HP:0000853(Goiter);HP:0000958(Dry skin);HP:0002019(Constipation);HP:0004324(Increased body weight);HP:0012378(Fatigue);HP:6000855(Cold intolerance)
Heart_Defect_Tongue_Hamartoma_Polysyndactyly_Syndrome	MONDO:0009008	3	16	2	0	1	0	3	
Heart_Failure	MONDO:0005252	6	18	1	1	0	4	2	HP:0001640(Cardiomegaly);HP:0003546(Exercise intolerance);HP:0012378(Fatigue);HP:0012398(Peripheral edema)
Hemochromatosis	MONDO:0006507	18	84	12	3	0	3	15	HP:0000821(Hypothyroidism);HP:0001824(Weight loss);HP:0003199(Decreased muscle mass)
Hemophagocytic_Lymphohistiocytosis	MONDO:0015541	9	204	8	1	0	0	9	
Hemophilia_A	MONDO:0010602	7	50	6	0	0	1	6	HP:6000494(Anti-factor VIII antibody positivity)
Hemophilia_B	MONDO:0010604	2	24	1	0	1	0	2	
Hepatic_Fibrinogen_Storage_Disease	MONDO:0018060	6	40	1	0	0	5	1	HP:0001394(Cirrhosis);HP:0001395(Hepatic fibrosis);HP:0002240(Hepatomegaly);HP:0002910(Elevated circulating hepatic transaminase concentration);HP:0034075(Decreased circulating apolipoprotein B concentration)
Hepatic_Veno-occlusive_Disease-Immunodeficiency_Syndrome	MONDO:0009338	6	43	2	1	1	2	4	HP:0006554(Acute hepatic failure);HP:0020102(Pneumocystis jirovecii pneumonia)
Hepatitis_B	MONDO:0005344	10	0	0	0	0	10	0	HP:0000952(Jaundice);HP:0000988(Skin rash);HP:0001945(Fever);HP:0002013(Vomiting);HP:0002018(Nausea);HP:0002027(Abdominal pain);HP:0002240(Hepatomegaly);HP:0002829(Arthralgia);HP:0002910(Elevated circulating hepatic transaminase concentration);HP:0012378(Fatigue)
Hepatitis_C	MONDO:0005231	6	0	0	0	0	6	0	HP:0000952(Jaundice);HP:0001394(Cirrhosis);HP:0001402(Hepatocellular carcinoma);HP:0002240(Hepatomegaly);HP:0002910(Elevated circulating hepatic transaminase concentration);HP:0012378(Fatigue)
Hepatoblastoma	MONDO:0018666	2	0	0	0	0	2	0	HP:0002240(Hepatomegaly);HP:0031500(Abdominal mass)
Hepatocellular_Carcinoma	MONDO:0007256	7	13	3	0	0	4	3	HP:0000952(Jaundice);HP:0001541(Ascites);HP:0001824(Weight loss);HP:0002018(Nausea)
Hereditary_Angioedema	MONDO:0019623	19	59	19	0	0	0	19	
Hereditary_Arterial_and_Articular_Multiple_Calcification_Syndrome	MONDO:0008895	6	14	4	0	0	2	4	HP:0001369(Arthritis);HP:0002829(Arthralgia)
Hereditary_Breast_and_Ovarian_Cancer_Syndrome	MONDO:0011450	7	2	1	1	0	5	2	HP:0002861(Melanoma);HP:0006725(Pancreatic adenocarcinoma);HP:0012125(Prostate cancer);HP:0030394(Fallopian tube carcinoma);HP:0030406(Primary peritoneal carcinoma)
Hereditary_Diffuse_Leukoencephalopathy_with_Spheroids	MONDO:0800027	11	30	6	3	1	1	10	HP:0002514(Cerebral calcification)
Hereditary_Elliptocytosis	MONDO:0017319	18	36	18	0	0	0	18	
Hereditary_Fructose_Intolerance	MONDO:0009249	15	43	11	1	2	1	14	HP:0011968(Feeding difficulties)
Hereditary_Gingival_Fibromatosis	MONDO:0016070	5	5	2	0	0	3	2	HP:0000684(Delayed eruption of teeth);HP:0000692(Tooth malposition);HP:0011968(Feeding difficulties)
Hereditary_Hemorrhagic_Telangiectasia	MONDO:0019180	15	70	12	2	0	1	14	HP:0012378(Fatigue)
Hereditary_Hyperekplexia	MONDO:0021022	25	65	24	0	0	1	24	HP:0000750(Delayed speech and language development)
Hereditary_Intrinsic_Factor_Deficiency	MONDO:0009852	5	25	2	0	1	2	3	HP:0001876(Pancytopenia);HP:0011458(Abdominal symptom)
Hereditary_Methemoglobinemia	MONDO:0018963	13	43	13	0	0	0	13	
Hereditary_Neuropathy_with_Liability_to_Pressure_Palsies	MONDO:0008087	5	23	4	0	1	0	5	
Hereditary_Orotic_Aciduria	MONDO:0009797	19	26	17	1	0	1	18	HP:0001250(Seizure)
Hereditary_Pulmonary_Alveolar_Proteinosis	MONDO:0012580	15	76	15	0	0	0	15	
Hereditary_Spastic_Paraplegia	MONDO:0019064	13	699	13	0	0	0	13	
Hereditary_Spastic_Paraplegia_48	MONDO:0013342	5	28	5	0	0	0	5	
Hereditary_Spherocytosis	MONDO:0019350	28	31	28	0	0	0	28	
Hereditary_von_Willebrand_Disease	MONDO:0024574	3	47	3	0	0	0	3	
Heritable_Pulmonary_Arterial_Hypertension	MONDO:0017148	6	76	5	0	0	1	5	HP:0003546(Exercise intolerance)
Hermansky_Pudlak_Syndrome	MONDO:0019312	11	150	10	1	0	0	11	
Heyn-Sproul-Jackson_syndrome	MONDO:0032882	5	15	2	0	1	2	3	HP:0001363(Craniosynostosis);HP:0001999(Abnormal facial shape)
Hidradenitis_Suppurativa	MONDO:0006559	9	7	1	0	1	7	2	HP:0000716(Depression);HP:0012532(Chronic pain);HP:0025084(Folliculitis);HP:0033665(Diminished health-related quality of life);HP:0200036(Skin nodule);HP:6000095(Draining sinus tract in skin);HP:6001119(Purulent drainage from skin)
Hirschsprung_Disease	MONDO:0018309	7	19	3	1	2	1	6	HP:0001263(Global developmental delay)
Holocarboxylase_Synthetase_Deficiency	MONDO:0009666	19	32	13	0	1	5	14	HP:0001943(Hypoglycemia);HP:0001993(Ketoacidosis);HP:0002014(Diarrhea);HP:0003074(Hyperglycemia);HP:0008064(Ichthyosis)
Holt-Oram_Syndrome	MONDO:0007732	9	121	6	2	1	0	9	
Homocystinuria	MONDO:0004737	40	298	40	0	0	0	40	
Hospital-Acquired_Acute_Kidney_Injury	MONDO:0002492	7	0	0	0	0	7	0	HP:0000093(Proteinuria);HP:0000969(Edema);HP:0001942(Metabolic acidosis);HP:0002153(Hyperkalemia);HP:0002157(Azotemia);HP:0003259(Elevated circulating creatinine concentration);HP:0100520(Oliguria)
Houge-Janssens_Syndrome	MONDO:0957553	14	210	13	0	0	1	13	HP:0001300(Parkinsonism)
Human_African_Trypanosomiasis	MONDO:0005459	1	86	1	0	0	0	1	
Human_Papillomavirus_Infection	MONDO:0005161	4	0	0	0	0	4	0	HP:0032242(Cervical intraepithelial neoplasia);HP:0032301(Genital warts);HP:0033001(Laryngeal papilloma);HP:0200043(Verrucae)
Humeroradial_Synostosis	MONDO:0007737	9	18	5	1	0	3	6	HP:0001363(Craniosynostosis);HP:0004322(Short stature);HP:0012165(Oligodactyly)
Hunter_syndrome	MONDO:0010674	13	104	11	1	0	1	12	HP:0003416(Spinal canal stenosis)
Huntington_Disease-like_2	MONDO:0011671	4	30	4	0	0	0	4	
Huntington_Disease	MONDO:0007739	35	69	34	0	1	0	35	
Huppke-Brendel_syndrome	MONDO:0013772	11	14	6	1	0	4	7	HP:0001249(Intellectual disability);HP:0001251(Ataxia);HP:0001321(Cerebellar hypoplasia);HP:0001337(Tremor)
Hurler_syndrome	MONDO:0011758	16	99	15	1	0	0	16	
Hutchinson-Gilford_Progeria_Syndrome	MONDO:0008310	5	102	1	1	1	2	3	HP:0034392(Joint contracture);HP:0100324(Scleroderma)
Hydatidiform_Mole	MONDO:0006248	3	7	1	0	0	2	1	HP:0034263(Abnormal vaginal bleeding);HP:6000485(Elevated circulating beta chorionic gonadotropin concentration)
Hydrolethalus_Syndrome_2	MONDO:0013585	4	10	3	0	1	0	4	
Hypereosinophilic_Syndrome	MONDO:0015691	7	88	4	0	2	1	6	HP:0001701(Pericarditis)
Hyperlipidemia	MONDO:0021187	7	77	7	0	0	0	7	
Hypermobile_Ehlers-Danlos_Syndrome	MONDO:0007523	21	74	18	2	0	1	20	HP:0009830(Peripheral neuropathy)
Hyperornithinemia_Hyperammonemia_Homocitrullinuria_Syndrome	MONDO:0009393	40	55	40	0	0	0	40	
Hypersensitivity_Pneumonitis	MONDO:0017853	5	29	2	1	1	1	4	HP:0001217(Clubbing)
Hypertensive_Heart_Disease	MONDO:0001302	13	0	0	0	0	13	0	HP:0000093(Proteinuria);HP:0001279(Syncope);HP:0001297(Stroke);HP:0001635(Congestive heart failure);HP:0001712(Left ventricular hypertrophy);HP:0001962(Palpitations);HP:0002094(Dyspnea);HP:0002647(Aortic dissection);HP:0003546(Exercise intolerance);HP:0011675(Arrhythmia);HP:0012378(Fatigue);HP:0025168(Left ventricular diastolic dysfunction);HP:0100749(Chest pain)
Hypertrophic_Cardiomyopathy	MONDO:0005045	10	936	10	0	0	0	10	
Hypochondrogenesis	MONDO:0019669	17	1	1	0	0	16	1	HP:0000256(Macrocephaly);HP:0000347(Micrognathia);HP:0000773(Short ribs);HP:0000774(Narrow chest);HP:0000926(Platyspondyly);HP:0000946(Hypoplastic ilia);HP:0001561(Polyhydramnios);HP:0001671(Abnormal cardiac septum morphology);HP:0002089(Pulmonary hypoplasia);HP:0002098(Respiratory distress);HP:0002663(Delayed epiphyseal ossification);HP:0002983(Micromelia);HP:0003016(Metaphyseal widening);HP:0004599(Absent or minimally ossified vertebral bodies);HP:0005716(Lethal skeletal dysplasia);HP:0008788(Delayed pubic bone ossification)
Hypochondroplasia	MONDO:0007793	29	35	3	17	1	8	21	HP:0000238(Hydrocephalus);HP:0001250(Seizure);HP:0002119(Ventriculomegaly);HP:0002677(Small foramen magnum);HP:0002750(Delayed skeletal maturation);HP:0005619(Thoracolumbar kyphosis);HP:0012758(Neurodevelopmental delay);HP:0034222(Temporal lobe dysplasia)
Hypokalemic_Periodic_Paralysis	MONDO:0008223	4	29	3	1	0	0	4	
Hypomyelinating_Leukodystrophy_7	MONDO:0011897	13	47	12	0	0	1	12	HP:0100543(Cognitive impairment)
Hypophosphatasia	MONDO:0018570	20	66	16	0	0	4	16	HP:0001270(Motor delay);HP:0001324(Muscle weakness);HP:0012378(Fatigue);HP:0012531(Pain)
Hypoplasminogenemia	MONDO:0009009	7	25	1	3	1	2	5	HP:0006480(Premature loss of teeth);HP:0034814(Conjunctival membrane)
Hypothalamic_Hamartoma_with_Gelastic_Seizures	MONDO:0019484	12	0	0	0	0	12	0	HP:0000718(Aggressive behavior);HP:0000826(Precocious puberty);HP:0001250(Seizure);HP:0001263(Global developmental delay);HP:0001268(Mental deterioration);HP:0001510(Growth delay);HP:0001513(Obesity);HP:0002444(Hypothalamic hamartoma);HP:0005616(Accelerated skeletal maturation);HP:0010820(Focal emotional seizure with crying);HP:0010821(Focal emotional seizure with laughing);HP:0011787(Central hypothyroidism)
Hypotonia-Cystinuria_Syndrome	MONDO:0011669	15	39	9	1	1	4	11	HP:0000217(Xerostomia);HP:0001513(Obesity);HP:0001999(Abnormal facial shape);HP:0034323(Reduced circulating growth hormone concentration)
Hypotrichosis_with_Juvenile_Macular_Dystrophy	MONDO:0011107	10	32	2	3	1	4	6	HP:0000512(Abnormal electroretinogram);HP:0000572(Visual loss);HP:0000603(Central scotoma);HP:0007703(Abnormal retinal pigmentation)
IDH_Mutant_AML	MONDO:0018874	5	69	4	0	0	1	4	HP:0002719(Recurrent infections)
IDH_Mutant_Astrocytoma	MONDO:0956994	4	0	0	0	0	4	0	HP:0001250(Seizure);HP:0002315(Headache);HP:0007367(Atrophy/Degeneration affecting the central nervous system);HP:0100543(Cognitive impairment)
IDH_Mutant_Cholangiocarcinoma	MONDO:0003210	6	10	5	0	0	1	5	HP:0002018(Nausea)
IDH_Mutant_Oligodendroglioma	MONDO:0859592	3	0	0	0	0	3	0	HP:0001250(Seizure);HP:0002315(Headache);HP:0100543(Cognitive impairment)
IFT140-related_Recessive_Ciliopathy	MONDO:0100509	8	98	6	0	1	1	7	HP:0008499(High hypermetropia)
IGF1_Deficiency	MONDO:0012110	8	46	7	0	0	1	7	HP:0001263(Global developmental delay)
IKBKG_Ectodermal_Dysplasia_with_Immunodeficiency	MONDO:0100162	16	60	6	1	3	6	10	HP:0001250(Seizure);HP:0001508(Failure to thrive);HP:0002583(Colitis);HP:0007400(Irregular hyperpigmentation);HP:0008046(Abnormal retinal vascular morphology);HP:0008404(Nail dystrophy)
IPEX_Syndrome	MONDO:0010580	17	77	16	0	0	1	16	HP:0000112(Nephropathy)
IRX5-related_Craniofacial_Dysostosis_with_Osteopenia_Intellectual_Disability_and_Dental_Anomalies	MONDO:0012634	10	53	8	0	0	2	8	HP:0000703(Dentinogenesis imperfecta);HP:0007018(Attention deficit hyperactivity disorder)
Idiopathic_Phalangeal_Acro-osteolysis	MONDO:0018635	7	0	0	0	0	7	0	HP:0001156(Brachydactyly);HP:0001371(Flexion contracture);HP:0001387(Joint stiffness);HP:0008404(Nail dystrophy);HP:0009839(Osteolytic defects of the distal phalanges of the hand);HP:0010189(Osteolytic defects of the distal phalanges of the toes);HP:0030837(Finger pain)
Idiopathic_Pulmonary_Fibrosis	MONDO:0800504	3	20	1	0	1	1	2	HP:0002878(Respiratory failure)
Idiopathic_Spontaneous_Coronary_Artery_Dissection	MONDO:0007385	6	0	0	0	0	6	0	HP:0001658(Myocardial infarction);HP:0001681(Angina pectoris);HP:0004308(Ventricular arrhythmia);HP:0006702(Coronary artery dissection);HP:0030149(Cardiogenic shock);HP:0100749(Chest pain)
Idiopathic_Triglyceride_Deposit_Cardiomyovasculopathy	MONDO:0700393	3	0	0	0	0	3	0	HP:0001635(Congestive heart failure);HP:0001638(Cardiomyopathy);HP:0001677(Coronary artery atherosclerosis)
IgA_Nephropathy	MONDO:0005342	10	17	10	0	0	0	10	
IgA_Vasculitis	MONDO:0019167	5	34	4	1	0	0	5	
IgG4-Related_Disease	MONDO:0017287	7	205	6	0	0	1	6	HP:0000952(Jaundice)
IgG4-Related_Sclerosing_Cholangitis	MONDO:0018645	7	0	0	0	0	7	0	HP:0000952(Jaundice);HP:0000989(Pruritus);HP:0001396(Cholestasis);HP:0001733(Pancreatitis);HP:0001824(Weight loss);HP:0002027(Abdominal pain);HP:0030991(Sclerosing cholangitis)
Immune_Thrombocytopenia	MONDO:0008558	4	22	4	0	0	0	4	
Immunodeficiency_131	MONDO:0976229	9	76	7	0	1	1	8	HP:0005387(Combined immunodeficiency)
Immunodeficiency_Centromeric_Instability_Facial_Anomalies_Syndrome	MONDO:0000133	23	60	23	0	0	0	23	
Inborn_Disorder_of_Bile_Acid_Synthesis	MONDO:0019218	11	137	5	2	0	4	7	HP:0000510(Rod-cone dystrophy);HP:0001394(Cirrhosis);HP:0001892(Abnormal bleeding);HP:0002908(Conjugated hyperbilirubinemia)
Inborn_Disorder_of_Cobalamin_Metabolism_and_Transport	MONDO:0019220	12	268	12	0	0	0	12	
Inborn_Disorder_of_Methionine_Cycle_and_Sulfur_Amino_Acid_Metabolism	MONDO:0019222	16	421	15	1	0	0	16	
Inclusion_Body_Myopathy_with_Paget_Disease_of_Bone_and_Frontotemporal_Dementia	MONDO:0000507	25	93	25	0	0	0	25	
Incontinentia_Pigmenti	MONDO:0010631	14	90	10	3	0	1	13	HP:0012500(Verrucous papule)
Infantile_Hypercalcemia	MONDO:0000212	16	16	13	0	0	3	13	HP:0000822(Hypertension);HP:0002019(Constipation);HP:0012622(Chronic kidney disease)
Infantile_Myofibromatosis	MONDO:0009227	5	2	2	0	0	3	2	HP:0001482(Subcutaneous nodule);HP:0002797(Osteolysis);HP:0100544(Neoplasm of the heart)
Infantile_Parkinsonism-Dystonia	MONDO:0013150	12	79	11	0	1	0	12	
Infantile_Spasms	MONDO:0018097	7	118	7	0	0	0	7	
Inflammatory_Myofibroblastic_Tumor	MONDO:0015798	8	0	0	0	0	8	0	HP:0001894(Thrombocytosis);HP:0001903(Anemia);HP:0001945(Fever);HP:0001974(Increased total leukocyte count);HP:0002094(Dyspnea);HP:0002664(Neoplasm);HP:0003565(Elevated erythrocyte sedimentation rate);HP:0010702(Increased circulating immunoglobulin concentration)
Influenza	MONDO:0005812	10	41	8	0	0	2	8	HP:0025143(Chills);HP:0031417(Rhinorrhea)
Inherited_Aplastic_Anemia	MONDO:0001713	14	419	9	2	0	3	11	HP:0001738(Exocrine pancreatic insufficiency);HP:0002206(Pulmonary fibrosis);HP:0008404(Nail dystrophy)
Inherited_Ichthyosis	MONDO:0015947	9	353	9	0	0	0	9	
Inherited_Porphyria	MONDO:0019142	9	236	8	0	1	0	9	
Inherited_Retinal_Dystrophy	MONDO:0019118	8	689	8	0	0	0	8	
Inherited_Threoninemia	MONDO:0010118	10	4	4	0	0	6	4	HP:0000556(Retinal dystrophy);HP:0001249(Intellectual disability);HP:0001254(Lethargy);HP:0002240(Hepatomegaly);HP:0008288(Nonketotic hyperglycinemia);HP:0011968(Feeding difficulties)
Intracranial_Berry_Aneurysm	MONDO:0016483	9	19	3	0	1	5	4	HP:0000238(Hydrocephalus);HP:0000602(Ophthalmoplegia);HP:0002017(Nausea and vomiting);HP:0003306(Spinal rigidity);HP:0030907(Thunderclap headache)
Irritable_Bowel_Syndrome	MONDO:0005052	6	0	0	0	0	6	0	HP:0002014(Diarrhea);HP:0002019(Constipation);HP:0002027(Abdominal pain);HP:0003270(Abdominal distention);HP:0012378(Fatigue);HP:0030895(Abnormal gastrointestinal motility)
Ischemic_Stroke	MONDO:1060198	5	2	0	0	0	5	0	HP:0001260(Dysarthria);HP:0001269(Hemiparesis);HP:0002015(Dysphagia);HP:0002140(Ischemic stroke);HP:0002381(Aphasia)
Isobutyryl-CoA_Dehydrogenase_Deficiency	MONDO:0012648	14	12	9	0	0	5	9	HP:0000717(Autism);HP:0001270(Motor delay);HP:0001397(Hepatic steatosis);HP:0001510(Growth delay);HP:0002910(Elevated circulating hepatic transaminase concentration)
Isolated_Woolly_Hair	MONDO:0008686	6	36	5	0	1	0	6	
Isovaleric_Acidemia	MONDO:0009475	15	41	10	0	3	2	13	HP:0001943(Hypoglycemia);HP:0006846(Acute encephalopathy)
Jackson-Weiss_Syndrome	MONDO:0007400	6	32	4	0	2	0	6	
Jeavons_Syndrome	MONDO:0015346	5	23	2	1	0	2	3	HP:0000572(Visual loss);HP:0100543(Cognitive impairment)
Jet_Lag	MONDO:0024381	6	0	0	0	0	6	0	HP:0000737(Irritability);HP:0001262(Excessive daytime somnolence);HP:0002360(Sleep disturbance);HP:0012378(Fatigue);HP:0025406(Asthenia);HP:0100543(Cognitive impairment)
Jeune_Asphyxiating_Thoracic_Dystrophy	MONDO:0018770	17	394	17	0	0	0	17	
Joubert_syndrome	MONDO:0018772	43	323	37	0	3	3	40	HP:0001409(Portal hypertension);HP:0002040(Esophageal varix);HP:0011098(Speech apraxia)
Junctional_Epidermolysis_Bullosa	MONDO:0017612	12	178	10	1	1	0	12	
Juvenile_Idiopathic_Arthritis	MONDO:0011429	35	103	35	0	0	0	35	
Juvenile_Myelomonocytic_Leukemia	MONDO:0011908	6	1	0	0	0	6	0	HP:0001744(Splenomegaly);HP:0001873(Thrombocytopenia);HP:0001903(Anemia);HP:0001974(Increased total leukocyte count);HP:0002240(Hepatomegaly);HP:0012311(Increased total monocyte count)
Juvenile_Myoclonic_Epilepsy	MONDO:0009696	5	16	2	3	0	0	5	
Juvenile_Open_Angle_Glaucoma	MONDO:0020367	5	20	4	1	0	0	5	
Juvenile_Polyposis_Syndrome	MONDO:0017380	10	83	9	0	1	0	10	
Juvenile_Sialidosis_Type_2	MONDO:0019681	14	38	9	1	1	3	11	HP:0001371(Flexion contracture);HP:0002650(Scoliosis);HP:0004322(Short stature)
Juvenile_Temporal_Arteritis	MONDO:0016848	2	8	1	1	0	0	2	
KBG_Syndrome	MONDO:0007846	23	65	14	2	4	3	20	HP:0000403(Recurrent otitis media);HP:0000729(Autistic behavior);HP:0000750(Delayed speech and language development)
KCNA2-Related_Developmental_and_Epileptic_Encephalopathy	MONDO:0014607	8	12	4	1	1	2	6	HP:0000253(Progressive microcephaly);HP:0001272(Cerebellar atrophy)
KCNQ2_Developmental_and_Epileptic_Encephalopathy	MONDO:0013387	6	23	5	1	0	0	6	
KCNV2_Related_Retinopathy	MONDO:1040063	4	10	1	0	0	3	1	HP:0000551(Color vision defect);HP:0025010(Foveal atrophy);HP:0030466(Abnormal full-field electroretinogram)
KIT_Mutant_Melanoma	MONDO:0003865	4	0	0	0	0	4	0	HP:0002861(Melanoma);HP:0012056(Cutaneous melanoma);HP:0012059(Lentigo maligna melanoma);HP:0012060(Acral lentiginous melanoma)
KRAS_G12C_Mutant_NSCLC	MONDO:0005061	3	0	0	0	0	3	0	HP:0004375(Neoplasm of the nervous system);HP:0030078(Lung adenocarcinoma);HP:0100526(Neoplasm of the lung)
KRT1_Keratinopathies	MONDO:0007239	7	28	6	1	0	0	7	
KRT85_Ectodermal_Dysplasia	MONDO:0011177	4	14	2	0	1	1	3	HP:0002209(Sparse scalp hair)
Kabuki_Syndrome	MONDO:0016512	28	232	27	0	1	0	28	
Kallmann_Syndrome	MONDO:0018800	11	87	10	0	1	0	11	
Kanzaki_Disease	MONDO:0012222	7	34	7	0	0	0	7	
Kaposi_Sarcoma	MONDO:0005055	5	26	3	0	2	0	5	
Kawasaki_Disease	MONDO:0012727	39	46	36	1	2	0	39	
Kearns-Sayre_Syndrome	MONDO:0010787	6	41	5	0	1	0	6	
Keipert_syndrome	MONDO:0009720	7	40	2	1	1	3	4	HP:0001092(Absent lacrimal punctum);HP:0001263(Global developmental delay);HP:0001999(Abnormal facial shape)
Kennedy_Disease	MONDO:0010735	14	25	8	3	1	2	12	HP:0002483(Bulbar signs);HP:0003115(Abnormal EKG)
Keratoderma_Hereditarium_Mutilans	MONDO:0007422	8	18	7	1	0	0	8	
Keratosis_Follicularis_Spinulosa_Decalvans	MONDO:0000136	19	27	19	0	0	0	19	
Kikuchi-Fujimoto_Disease	MONDO:0018864	8	50	7	0	1	0	8	
Kilquist_Syndrome	MONDO:0033664	9	25	1	0	3	5	4	HP:0000970(Anhidrosis);HP:0001097(Keratoconjunctivitis sicca);HP:0001508(Failure to thrive);HP:0002579(Gastrointestinal dysmotility);HP:0006536(Airway obstruction)
Kindler_Epidermolysis_Bullosa	MONDO:0008260	11	91	11	0	0	0	11	
Kleefstra_Syndrome	MONDO:0012455	15	166	15	0	0	0	15	
Klinefelter_Syndrome	MONDO:0006823	13	1	1	0	0	12	1	HP:0000054(Micropenis);HP:0000098(Tall stature);HP:0000135(Hypogonadism);HP:0000750(Delayed speech and language development);HP:0000771(Gynecomastia);HP:0000855(Insulin resistance);HP:0000938(Osteopenia);HP:0001252(Hypotonia);HP:0001328(Specific learning disability);HP:0001626(Abnormality of the cardiovascular system);HP:0007018(Attention deficit hyperactivity disorder);HP:0008734(Decreased testicular size)
Klippel-Feil_Syndrome	MONDO:0001029	5	80	4	1	0	0	5	
Kniest_Dysplasia	MONDO:0007987	20	76	15	2	1	2	18	HP:0000774(Narrow chest);HP:0001762(Talipes equinovarus)
Konzo	MONDO:0022666	5	0	0	0	0	5	0	HP:0001258(Spastic paraplegia);HP:0002061(Lower limb spasticity);HP:0002064(Spastic gait);HP:0002493(Upper motor neuron dysfunction);HP:0100543(Cognitive impairment)
Koolen_de_Vries_syndrome	MONDO:0012496	7	118	5	2	0	0	7	
Kosaki_Overgrowth_Syndrome	MONDO:0014704	15	24	5	0	0	10	5	HP:0000256(Macrocephaly);HP:0000280(Coarse facial features);HP:0000687(Widely spaced teeth);HP:0001371(Flexion contracture);HP:0002500(Abnormal cerebral white matter morphology);HP:0002652(Skeletal dysplasia);HP:0004944(Dilatation of the cerebral artery);HP:0009125(Lipodystrophy);HP:0012385(Camptodactyly);HP:0100702(Arachnoid cyst)
Krabbe_Disease	MONDO:0009499	8	143	6	2	0	0	8	
Krabbe_Disease_Due_To_Saposin_A_Deficiency	MONDO:0012720	5	16	1	0	2	2	3	HP:0002415(Leukodystrophy);HP:0002448(Progressive encephalopathy)
Kufor-Rakeb_syndrome	MONDO:0011706	6	74	2	2	1	1	5	HP:0000317(Facial myokymia)
Kummell_Disease	MONDO:0003940	4	0	0	0	0	4	0	HP:0002196(Myelopathy);HP:0002808(Kyphosis);HP:0002953(Vertebral compression fracture);HP:0003418(Back pain)
L-2-Hydroxyglutaric_Aciduria	MONDO:0009370	15	28	6	3	1	5	10	HP:0001260(Dysarthria);HP:0001263(Global developmental delay);HP:0001332(Dystonia);HP:0002072(Chorea);HP:0002080(Intention tremor)
L1_Syndrome	MONDO:0017140	11	60	11	0	0	0	11	
LRBA_Deficiency	MONDO:0013863	7	44	5	0	2	0	7	
Labyrinthitis	MONDO:0002008	6	1	0	0	0	6	0	HP:0000360(Tinnitus);HP:0000407(Sensorineural hearing impairment);HP:0000639(Nystagmus);HP:0002017(Nausea and vomiting);HP:0002141(Gait imbalance);HP:0002321(Vertigo)
Lafora_Disease	MONDO:0009697	19	43	13	2	2	2	17	HP:0001272(Cerebellar atrophy);HP:0002015(Dysphagia)
Landau-Kleffner_Syndrome	MONDO:0009509	7	44	5	1	0	1	6	HP:5200410(Auditory agnosia)
Lane_Hamilton_Syndrome	MONDO:0800124	5	0	0	0	0	5	0	HP:0001891(Iron deficiency anemia);HP:0002024(Malabsorption);HP:0002094(Dyspnea);HP:0002105(Hemoptysis);HP:0025420(Diffuse alveolar hemorrhage)
Langerhans_Cell_Histiocytosis	MONDO:0018310	9	40	5	1	0	3	6	HP:0001272(Cerebellar atrophy);HP:0001876(Pancytopenia);HP:0032445(Pulmonary cyst)
Larsen_Syndrome	MONDO:0007875	12	63	11	1	0	0	12	
Laryngeal_Squamous_Cell_Carcinoma	MONDO:0005595	6	0	0	0	0	6	0	HP:0001609(Hoarse voice);HP:0001824(Weight loss);HP:0002015(Dysphagia);HP:0002094(Dyspnea);HP:0002716(Lymphadenopathy);HP:0010307(Stridor)
Laryngotracheoesophageal_Cleft	MONDO:0016060	14	25	5	1	1	7	7	HP:0002013(Vomiting);HP:0002090(Pneumonia);HP:0002781(Upper airway obstruction);HP:0011951(Aspiration pneumonia);HP:0030828(Wheezing);HP:0033542(Bronchial wall thickening);HP:0100750(Atelectasis)
Late_Complement_Component_Deficiency	MONDO:0015700	6	12	2	0	1	3	3	HP:0003095(Septic arthritis);HP:0007274(Recurrent bacterial meningitis);HP:0100806(Sepsis)
Lathyrism	MONDO:0043339	12	0	0	0	0	12	0	HP:0000716(Depression);HP:0001258(Spastic paraplegia);HP:0002061(Lower limb spasticity);HP:0002064(Spastic gait);HP:0002169(Clonus);HP:0002395(Lower limb hyperreflexia);HP:0002647(Aortic dissection);HP:0002652(Skeletal dysplasia);HP:0003487(Babinski sign);HP:0004942(Aortic aneurysm);HP:0007340(Lower limb muscle weakness);HP:0100777(Exostoses)
Lead_Poisoning	MONDO:0018019	12	60	9	0	0	3	9	HP:0000168(Abnormality of the gingiva);HP:0001263(Global developmental delay);HP:0001997(Gout)
Leber_Congenital_Amaurosis_10	MONDO:0012723	9	3	1	0	0	8	1	HP:0000540(Hypermetropia);HP:0000550(Undetectable electroretinogram);HP:0000580(Pigmentary retinopathy);HP:0000613(Photophobia);HP:0000639(Nystagmus);HP:0001483(Eye poking);HP:0011505(Cystoid macular edema);HP:0030211(Slow pupillary light response)
Leber_Congenital_Amaurosis_with_Early-Onset_Deafness	MONDO:0060650	3	9	1	1	0	1	2	HP:0000510(Rod-cone dystrophy)
Left_Ventricular_Noncompaction	MONDO:0018901	6	42	6	0	0	0	6	
Legionnaires_Disease	MONDO:0005824	10	44	6	2	0	2	8	HP:0001289(Confusion);HP:0003201(Rhabdomyolysis)
Leigh_Syndrome	MONDO:0009723	14	227	11	3	0	0	14	
Leiomyosarcoma	MONDO:0005058	2	0	0	0	0	2	0	HP:0002664(Neoplasm);HP:0031459(Soft tissue neoplasm)
Leishmaniasis	MONDO:0011989	1	25	1	0	0	0	1	
Lennox-Gastaut_Syndrome	MONDO:0016532	10	54	10	0	0	0	10	
Lenz-Majewski_hyperostotic_dwarfism	MONDO:0007892	16	100	11	2	0	3	13	HP:0001250(Seizure);HP:0001999(Abnormal facial shape);HP:0002870(Obstructive sleep apnea)
Leprosy	MONDO:0005124	5	48	1	1	1	2	3	HP:0000979(Purpura);HP:0012219(Erythema nodosum)
Leptospirosis	MONDO:0005825	15	40	9	2	0	4	11	HP:0000509(Conjunctivitis);HP:0005521(Disseminated intravascular coagulation);HP:0033677(Acute respiratory distress syndrome);HP:0100520(Oliguria)
Leri-Weill_Dyschondrosteosis	MONDO:0007481	14	50	9	1	1	3	11	HP:0002967(Cubitus valgus);HP:0005773(Short forearm);HP:0009763(Limb pain)
Lesch-Nyhan_Syndrome	MONDO:0010298	23	35	16	3	1	3	20	HP:0000736(Short attention span);HP:0001699(Sudden death);HP:0033073(Urate tophus)
Leukoencephalopathy_With_Vanishing_White_Matter	MONDO:0800448	9	102	7	2	0	0	9	
Li-Fraumeni_Syndrome	MONDO:0018875	8	40	7	1	0	0	8	
Liberfarb_syndrome	MONDO:0030045	9	12	5	0	1	3	6	HP:0000648(Optic atrophy);HP:0001382(Joint hypermobility);HP:0002652(Skeletal dysplasia)
Lichen_Simplex_Chronicus	MONDO:0006585	1	0	0	0	0	1	0	HP:0100725(Lichenification)
Lichtenstein-Knorr_Syndrome	MONDO:0014572	6	18	5	0	0	1	5	HP:0001250(Seizure)
Liddle_Syndrome	MONDO:0008323	14	13	13	0	0	1	13	HP:0001712(Left ventricular hypertrophy)
Limb-Girdle_Muscular_Dystrophy_Autosomal_Dominant	MONDO:0015151	6	126	6	0	0	0	6	
Limbic_Encephalitis	MONDO:0015588	11	41	7	2	1	1	10	HP:0002360(Sleep disturbance)
Lipoic_Acid_Synthetase_Deficiency	MONDO:0013762	10	23	5	3	0	2	8	HP:0001508(Failure to thrive);HP:0002154(Hyperglycinemia)
Lipoid_Proteinosis	MONDO:0009530	13	36	6	1	1	5	8	HP:0002170(Intracranial hemorrhage);HP:0012718(Abnormal gastrointestinal tract morphology);HP:0025748(Restricted tongue movement);HP:0034414(Thick oral frenulum);HP:0100852(Abnormal fear-induced behavior)
Liposarcoma	MONDO:0005060	3	14	0	1	1	1	2	HP:0003270(Abdominal distention)
Lipoyl_Transferase_1_Deficiency	MONDO:0014576	5	23	1	1	1	2	3	HP:0001250(Seizure);HP:0001924(Sideroblastic anemia)
Lissencephaly_Spectrum_Disorders	MONDO:0018838	12	463	12	0	0	0	12	
Livedoid_Vasculopathy	MONDO:0025514	4	50	2	0	1	1	3	HP:0033505(Livedo reticularis)
Liver_Cirrhosis	MONDO:0005155	9	49	7	0	0	2	7	HP:0002239(Gastrointestinal hemorrhage);HP:0003256(Abnormality of the coagulation cascade)
Loeys-Dietz_Syndrome	MONDO:0018954	38	174	36	1	0	1	37	HP:0001197(Abnormality of prenatal development or birth)
Long-Chain_3-Hydroxyacyl-CoA_Dehydrogenase_Deficiency	MONDO:0012173	11	29	4	3	0	4	7	HP:0001254(Lethargy);HP:0003198(Myopathy);HP:0003201(Rhabdomyolysis);HP:0003546(Exercise intolerance)
Long_COVID	MONDO:0100233	23	0	0	0	0	23	0	HP:0000458(Anosmia);HP:0000716(Depression);HP:0000739(Anxiety);HP:0000741(Apathy);HP:0001649(Tachycardia);HP:0001962(Palpitations);HP:0002014(Diarrhea);HP:0002018(Nausea);HP:0002094(Dyspnea);HP:0002315(Headache);HP:0002354(Memory impairment);HP:0002360(Sleep disturbance);HP:0002829(Arthralgia);HP:0003326(Myalgia);HP:0012173(Orthostatic tachycardia);HP:0012378(Fatigue);HP:0012735(Cough);HP:0030973(Postexertional symptom exacerbation);HP:0031457(Pulmonary opacity);HP:0033676(Posttraumatic stress symptom);HP:0041051(Ageusia);HP:0100749(Chest pain);HP:0100785(Insomnia)
Long_QT_Syndrome	MONDO:0019171	8	141	8	0	0	0	8	
Lowe_Syndrome	MONDO:0010645	8	148	5	2	1	0	8	
Ludwigs_Angina	MONDO:0006576	9	0	0	0	0	9	0	HP:0000211(Trismus);HP:0001609(Hoarse voice);HP:0001945(Fever);HP:0002015(Dysphagia);HP:0002094(Dyspnea);HP:0002307(Drooling);HP:0010307(Stridor);HP:0010628(Facial palsy);HP:6000176(Anterior neck swelling)
Lung_Carcinoma	MONDO:0005138	4	12	4	0	0	0	4	
Lupus_Nephritis	MONDO:0005556	5	0	0	0	0	5	0	HP:0000083(Renal insufficiency);HP:0000093(Proteinuria);HP:0000099(Glomerulonephritis);HP:0000123(Nephritis);HP:0000822(Hypertension)
Lyme_Disease	MONDO:0019632	9	24	4	1	0	4	5	HP:0000726(Dementia);HP:0012486(Myelitis);HP:0031180(Erythema migrans);HP:0033804(Subepidermal blistering)
Lymphangioleiomyomatosis	MONDO:0011705	8	36	5	1	0	2	6	HP:0002878(Respiratory failure);HP:0032445(Pulmonary cyst)
Lymphatic_Filariasis	MONDO:0016075	2	50	2	0	0	0	2	
Lymphoma	MONDO:0005062	4	207	4	0	0	0	4	
Lynch_Syndrome	MONDO:0005835	5	62	1	1	1	2	3	HP:0030153(Cholangiocarcinoma);HP:0040274(Adenocarcinoma of the small intestine)
Lysinuric_Protein_Intolerance	MONDO:0009109	16	98	16	0	0	0	16	
Lysosomal_Acid_Phosphatase_Deficiency	MONDO:0008705	1	0	0	0	0	1	0	HP:0001317(Abnormal cerebellum morphology)
MALT_Lymphoma	MONDO:0007650	3	18	1	1	0	1	2	HP:0410019(Epigastric pain)
MAN2C1-congenital_disorder_of_deglycosylation_2	MONDO:0030770	3	34	2	0	1	0	3	
MCAD_Deficiency	MONDO:0008721	14	47	8	3	0	3	11	HP:0001298(Encephalopathy);HP:0001699(Sudden death);HP:0007018(Attention deficit hyperactivity disorder)
MCM8-related_gametogenic_failure	MONDO:0044776	8	8	4	0	0	4	4	HP:0000815(Hypergonadotropic hypogonadism);HP:0003251(Male infertility);HP:0040012(Chromosome breakage);HP:0100728(Germ cell neoplasia)
MECP2_Duplication_Syndrome	MONDO:0010436	11	43	3	1	1	6	5	HP:0001250(Seizure);HP:0002019(Constipation);HP:0002191(Progressive spasticity);HP:0002376(Developmental regression);HP:0008947(Floppy infant);HP:0011968(Feeding difficulties)
MED13_Syndrome	MONDO:0032485	22	19	5	1	4	12	10	HP:0000238(Hydrocephalus);HP:0000252(Microcephaly);HP:0000407(Sensorineural hearing impairment);HP:0000587(Abnormal optic nerve morphology);HP:0000924(Abnormality of the skeletal system);HP:0001105(Retinal atrophy);HP:0001249(Intellectual disability);HP:0001273(Abnormal corpus callosum morphology);HP:0001510(Growth delay);HP:0001627(Abnormal heart morphology);HP:0002251(Aganglionic megacolon);HP:0011069(Supernumerary tooth)
MEDNIK_syndrome	MONDO:0012251	9	24	3	2	1	3	6	HP:0001250(Seizure);HP:0002286(Fair hair);HP:0011220(Prominent forehead)
MELAS_Syndrome	MONDO:0010789	16	101	16	0	0	0	16	
MET_Exon_14_Skipping_NSCLC	MONDO:0005061	3	0	0	0	0	3	0	HP:0004375(Neoplasm of the nervous system);HP:0030078(Lung adenocarcinoma);HP:0100526(Neoplasm of the lung)
MGAT2-congenital_disorder_of_glycosylation	MONDO:0008908	20	97	15	1	2	2	18	HP:0002093(Respiratory insufficiency);HP:0100704(Cerebral visual impairment)
MHC_Class_II_Deficiency	MONDO:0008855	24	83	23	1	0	0	24	
MITF_Waardenburg_Tietz_Spectrum	MONDO:0018094	9	125	4	3	0	2	7	HP:0000256(Macrocephaly);HP:0011002(Osteopetrosis)
MMACHC-related_Methylmalonic_Aciduria_and_Homocystinuria_cblC_Type	MONDO:0010184	6	106	6	0	0	0	6	
MOGAD	MONDO:1040024	11	0	0	0	0	11	0	HP:0000572(Visual loss);HP:0001085(Papilledema);HP:0001250(Seizure);HP:0001251(Ataxia);HP:0001298(Encephalopathy);HP:0002315(Headache);HP:0002385(Paraparesis);HP:0007305(CNS demyelination);HP:0012486(Myelitis);HP:0100561(Spinal cord lesion);HP:0100653(Optic neuritis)
MPDU1-congenital_disorder_of_glycosylation	MONDO:0012211	18	40	5	1	2	10	8	HP:0000407(Sensorineural hearing impairment);HP:0000557(Buphthalmos);HP:0001638(Cardiomyopathy);HP:0001873(Thrombocytopenia);HP:0001999(Abnormal facial shape);HP:0002093(Respiratory insufficiency);HP:0002104(Apnea);HP:0004322(Short stature);HP:0008007(Primary congenital glaucoma);HP:0012440(Abnormal biliary tract morphology)
MSI_High_Colorectal_Cancer	MONDO:0005575	5	115	4	0	0	1	4	HP:0001903(Anemia)
MSI_High_Endometrial_Cancer	MONDO:0011962	3	1	0	0	0	3	0	HP:0012378(Fatigue);HP:0033840(Postmenopausal bleeding);HP:0034267(Pelvic pain)
MYO6_Hearing_Loss	MONDO:0019497	4	94	2	2	0	0	4	
Mabry_Syndrome	MONDO:0016596	18	164	13	1	3	1	17	HP:0001272(Cerebellar atrophy)
Machado_Joseph_Disease	MONDO:0007182	14	61	9	1	3	1	13	HP:0002080(Intention tremor)
Maculopapular_Cutaneous_Mastocytosis	MONDO:0019316	9	21	5	1	0	3	6	HP:0000953(Hyperpigmentation of the skin);HP:0040186(Maculopapular exanthema);HP:0100495(Mastocytosis)
Madras_Motor_Neuron_Disease	MONDO:0015307	6	17	4	0	1	1	5	HP:0001308(Tongue fasciculations)
Major_Depressive_Disorder	MONDO:0002009	7	1	1	0	0	6	1	HP:0001266(Choreoathetosis);HP:0002360(Sleep disturbance);HP:0004396(Poor appetite);HP:0012154(Anhedonia);HP:0012378(Fatigue);HP:0100543(Cognitive impairment)
Malan_Syndrome	MONDO:0013885	17	58	14	0	0	3	14	HP:0002019(Constipation);HP:0002616(Aortic root aneurysm);HP:0007018(Attention deficit hyperactivity disorder)
Malaria	MONDO:0005136	10	16	5	2	0	3	7	HP:0001250(Seizure);HP:0001744(Splenomegaly);HP:0025143(Chills)
Malignant_Atrophic_Papulosis	MONDO:0011208	6	37	4	0	1	1	5	HP:0033404(intestinal ischemia)
Malignant_Hyperthermia_of_Anesthesia	MONDO:0018493	8	23	5	0	2	1	7	HP:0002063(Rigidity)
Malignant_Mesothelioma	MONDO:0006292	5	27	4	1	0	0	5	
Malignant_Non_Dysgerminomatous_Germ_Cell_Tumor_Of_Ovary	MONDO:0016096	5	0	0	0	0	5	0	HP:0002027(Abdominal pain);HP:0003270(Abdominal distention);HP:0006254(Elevated circulating alpha-fetoprotein concentration);HP:0025435(Increased circulating lactate dehydrogenase concentration);HP:0031500(Abdominal mass)
Malignant_Peripheral_Nerve_Sheath_Tumor	MONDO:0017827	3	1	0	0	0	3	0	HP:0001324(Muscle weakness);HP:0012531(Pain);HP:0031459(Soft tissue neoplasm)
Malignant_Peritoneal_Mesothelioma	MONDO:0005512	6	10	4	0	1	1	5	HP:0033842(Early satiety)
Malnutrition-related_Diabetes_Mellitus	MONDO:0005015	1	221	1	0	0	0	1	
Mandibulofacial_Dysostosis_with_Microcephaly	MONDO:0012516	19	45	12	0	2	5	14	HP:0000324(Facial asymmetry);HP:0000407(Sensorineural hearing impairment);HP:0000925(Abnormality of the vertebral column);HP:0002575(Tracheoesophageal fistula);HP:0010669(Hypoplasia of the zygomatic bone)
Manganism	MONDO:0017638	1	30	0	1	0	0	1	
Mantle_Cell_Lymphoma	MONDO:0018876	11	9	4	2	0	5	6	HP:0001873(Thrombocytopenia);HP:0001903(Anemia);HP:0002240(Hepatomegaly);HP:0030166(Night sweats);HP:0100827(Increased total lymphocyte count)
Maple_Syrup_Urine_Disease	MONDO:0009563	17	62	12	2	0	3	14	HP:0000716(Depression);HP:0000739(Anxiety);HP:0012088(Abnormal urinary odor)
Marchiafava_Bignami_Disease	MONDO:0016370	9	50	8	0	1	0	9	
Marden-Walker_Syndrome	MONDO:0009564	15	91	13	1	0	1	14	HP:0001284(Areflexia)
Marfan_Syndrome	MONDO:0007947	24	130	24	0	0	0	24	
Maroteaux-Lamy_syndrome	MONDO:0009661	11	76	8	1	0	2	9	HP:0002176(Spinal cord compression);HP:0002781(Upper airway obstruction)
McKusick-Kaufman_Syndrome	MONDO:0009367	7	41	2	2	2	1	6	HP:0000041(Chordee)
Meacham_syndrome	MONDO:0012164	7	45	3	0	3	1	6	HP:0008723(Gonadal dysgenesis with female appearance, male)
Measles	MONDO:0004619	6	1	1	0	0	5	1	HP:0000509(Conjunctivitis);HP:0001945(Fever);HP:0002090(Pneumonia);HP:0012282(Morbilliform rash);HP:0033026(White oral mucosal macule)
Meckel_Diverticulum	MONDO:0007955	5	1	0	0	0	5	0	HP:0002239(Gastrointestinal hemorrhage);HP:0002576(Intussusception);HP:0004386(Gastrointestinal inflammation);HP:0005214(Intestinal obstruction);HP:0031368(Intestinal perforation)
Meckel_Syndrome	MONDO:0018921	5	194	5	0	0	0	5	
Mediator_Complex_Neurodevelopmental_Disorder	MONDO:0002320	23	2897	23	0	0	0	23	
Medullary_Thyroid_Carcinoma	MONDO:0015277	7	14	4	0	2	1	6	HP:0031284(Flushing)
Medulloblastoma	MONDO:0007959	5	34	2	1	1	1	4	HP:0001085(Papilledema)
Medulloblastoma_SHH_Activated	MONDO:0850197	4	0	0	0	0	4	0	HP:0000256(Macrocephaly);HP:0001251(Ataxia);HP:0002013(Vomiting);HP:0002315(Headache)
Medulloblastoma_WNT_Activated	MONDO:0850196	4	0	0	0	0	4	0	HP:0001085(Papilledema);HP:0001251(Ataxia);HP:0002013(Vomiting);HP:0002315(Headache)
Melanoma_in_Congenital_Melanocytic_Nevus	MONDO:0850110	5	0	0	0	0	5	0	HP:0000238(Hydrocephalus);HP:0000989(Pruritus);HP:0001250(Seizure);HP:0002716(Lymphadenopathy);HP:0200042(Skin ulcer)
Melkersson_Rosenthal_syndrome	MONDO:0007969	4	16	2	0	0	2	2	HP:0002076(Migraine);HP:0007209(Facial paralysis)
Membranous_Nephropathy	MONDO:0005376	6	1	0	0	0	6	0	HP:0000083(Renal insufficiency);HP:0000093(Proteinuria);HP:0000100(Nephrotic syndrome);HP:0000969(Edema);HP:0003073(Hypoalbuminemia);HP:0003077(Hyperlipidemia)
Menieres_Disease	MONDO:0007972	5	3	1	2	1	1	4	HP:0002017(Nausea and vomiting)
Meningeal_Melanocytoma	MONDO:0016746	11	0	0	0	0	11	0	HP:0000011(Neurogenic bladder);HP:0000016(Urinary retention);HP:0001250(Seizure);HP:0001324(Muscle weakness);HP:0002196(Myelopathy);HP:0002273(Tetraparesis);HP:0002315(Headache);HP:0002385(Paraparesis);HP:0003401(Paresthesia);HP:0003418(Back pain);HP:0012531(Pain)
Meningioma	MONDO:0016642	2	76	2	0	0	0	2	
Menkes_Disease	MONDO:0010651	13	70	5	2	1	5	8	HP:0001508(Failure to thrive);HP:0002059(Cerebral atrophy);HP:0003777(Pili torti);HP:0005116(Arterial tortuosity);HP:0012758(Neurodevelopmental delay)
Mercury_Poisoning	MONDO:0018020	4	21	0	0	0	4	0	HP:0001133(Constriction of peripheral visual field);HP:0001251(Ataxia);HP:0001260(Dysarthria);HP:0003474(Somatic sensory dysfunction)
Merkel_Cell_Carcinoma	MONDO:0019210	2	17	0	0	2	0	2	
Mesial_Temporal_Lobe_Epilepsy_with_Hippocampal_Sclerosis	MONDO:0020476	2	0	0	0	0	2	0	HP:0002354(Memory impairment);HP:0007359(Focal-onset seizure)
Metachromatic_Leukodystrophy	MONDO:0018868	6	98	5	0	1	0	6	
Metaphyseal_Chondrodysplasia_Schmid_Type	MONDO:0007983	14	49	11	1	1	1	13	HP:0002194(Delayed gross motor development)
Metastatic_Breast_Carcinoma	MONDO:0004989	5	1	0	0	0	5	0	HP:0001824(Weight loss);HP:0002094(Dyspnea);HP:0002315(Headache);HP:0002653(Bone pain);HP:0012378(Fatigue)
Metastatic_Colorectal_Cancer	MONDO:0005575	4	115	3	0	0	1	3	HP:0000952(Jaundice)
Metastatic_Gastric_Cancer	MONDO:0004950	4	5	1	0	0	3	1	HP:0001541(Ascites);HP:0001824(Weight loss);HP:0012378(Fatigue)
Metastatic_HCC	MONDO:0007256	5	13	2	0	0	3	2	HP:0000952(Jaundice);HP:0001541(Ascites);HP:0001824(Weight loss)
Metastatic_Melanoma	MONDO:0005012	5	0	0	0	0	5	0	HP:0001250(Seizure);HP:0001824(Weight loss);HP:0002315(Headache);HP:0002653(Bone pain);HP:0012378(Fatigue)
Metastatic_NSCLC	MONDO:0005233	5	11	2	0	0	3	2	HP:0002315(Headache);HP:0002653(Bone pain);HP:0012378(Fatigue)
Metastatic_Ovarian_Cancer	MONDO:0005211	4	0	0	0	0	4	0	HP:0001541(Ascites);HP:0001824(Weight loss);HP:0002027(Abdominal pain);HP:0012378(Fatigue)
Metastatic_Pancreatic_Adenocarcinoma	MONDO:0006047	5	0	0	0	0	5	0	HP:0000952(Jaundice);HP:0001824(Weight loss);HP:0002027(Abdominal pain);HP:0003418(Back pain);HP:0012378(Fatigue)
Metastatic_Prostate_Cancer	MONDO:0008315	4	1	0	0	0	4	0	HP:0002653(Bone pain);HP:0002757(Recurrent fractures);HP:0003418(Back pain);HP:0012378(Fatigue)
Metastatic_Renal_Cell_Carcinoma	MONDO:0005086	5	49	1	1	0	3	2	HP:0002094(Dyspnea);HP:0002653(Bone pain);HP:0030157(Flank pain)
Metatropic_Dysplasia	MONDO:0007986	16	66	7	4	1	4	12	HP:0000407(Sensorineural hearing impairment);HP:0002007(Frontal bossing);HP:0003416(Spinal canal stenosis);HP:0011800(Midface retrusion)
Methanol_Poisoning	MONDO:0017860	14	29	6	1	2	5	9	HP:0001300(Parkinsonism);HP:0001733(Pancreatitis);HP:0002615(Hypotension);HP:0002789(Tachypnea);HP:0009830(Peripheral neuropathy)
Methylmalonic_Acidemia	MONDO:0002012	19	222	12	2	0	5	14	HP:0000939(Osteoporosis);HP:0001138(Optic neuropathy);HP:0001657(Prolonged QT interval);HP:0004349(Reduced bone mineral density);HP:0009125(Lipodystrophy)
Mevalonate_Kinase_Deficiency	MONDO:0017708	18	88	13	1	2	2	16	HP:0032154(Aphthous ulcer);HP:0033168(Reduced mevalonate kinase activity)
Microphthalmia_with_Coloboma	MONDO:0000170	9	50	8	0	0	1	8	HP:0000407(Sensorineural hearing impairment)
Microscopic_Polyangiitis	MONDO:0019124	23	55	20	0	0	3	20	HP:0000093(Proteinuria);HP:0002094(Dyspnea);HP:0006530(Abnormal pulmonary interstitial morphology)
Middle_East_Respiratory_Syndrome	MONDO:0100116	10	0	0	0	0	10	0	HP:0001873(Thrombocytopenia);HP:0001888(Decreased total lymphocyte count);HP:0001919(Acute kidney injury);HP:0001945(Fever);HP:0002013(Vomiting);HP:0002014(Diarrhea);HP:0002090(Pneumonia);HP:0002094(Dyspnea);HP:0003326(Myalgia);HP:0012735(Cough)
Migraine	MONDO:0005277	7	76	4	0	2	1	6	HP:0012533(Allodynia)
Migraine_with_Aura	MONDO:0005475	6	75	3	1	1	1	5	HP:0002140(Ischemic stroke)
Miller-Dieker_Lissencephaly_Syndrome	MONDO:0009532	16	59	6	1	3	6	10	HP:0000365(Hearing impairment);HP:0000505(Visual impairment);HP:0001999(Abnormal facial shape);HP:0002019(Constipation);HP:0002119(Ventriculomegaly);HP:0011968(Feeding difficulties)
Minimal_Change_Disease	MONDO:0006835	7	0	0	0	0	7	0	HP:0000093(Proteinuria);HP:0000100(Nephrotic syndrome);HP:0001907(Thromboembolism);HP:0001919(Acute kidney injury);HP:0003073(Hypoalbuminemia);HP:0003077(Hyperlipidemia);HP:0012398(Peripheral edema)
Mitochondrial_DNA_Depletion_Syndrome_7	MONDO:0010060	15	40	11	2	2	0	15	
Mitochondrial_Neurogastrointestinal_Encephalomyopathy	MONDO:0017575	10	113	9	0	0	1	9	HP:0003198(Myopathy)
Mitochondrial_Trifunctional_Protein_Deficiency	MONDO:0012172	13	73	10	1	1	1	12	HP:0001699(Sudden death)
Mixed_Connective_Tissue_Disease	MONDO:0005854	4	68	2	0	1	1	3	HP:0003198(Myopathy)
Mixed_Germ_Cell_Tumor	MONDO:0015864	8	0	0	0	0	8	0	HP:0000771(Gynecomastia);HP:0002027(Abdominal pain);HP:0002094(Dyspnea);HP:0006254(Elevated circulating alpha-fetoprotein concentration);HP:0010788(Testicular neoplasm);HP:0025435(Increased circulating lactate dehydrogenase concentration);HP:0100615(Ovarian neoplasm);HP:6000485(Elevated circulating beta chorionic gonadotropin concentration)
Mixed_Neuronal-Glial_Tumor	MONDO:0016729	6	71	5	1	0	0	6	
Mobitz_Type_I_Atrioventricular_Block	MONDO:0020744	4	0	0	0	0	4	0	HP:0001279(Syncope);HP:0001662(Bradycardia);HP:0011707(Mobitz I atrioventricular block);HP:0031972(Presyncope)
Monkeypox	MONDO:0002594	14	0	0	0	0	14	0	HP:0000509(Conjunctivitis);HP:0000988(Skin rash);HP:0001945(Fever);HP:0002013(Vomiting);HP:0002018(Nausea);HP:0002315(Headache);HP:0002716(Lymphadenopathy);HP:0002719(Recurrent infections);HP:0003326(Myalgia);HP:0012378(Fatigue);HP:0033050(Pharyngalgia);HP:0033605(Pustular rash);HP:0100699(Scarring);HP:0200037(Skin vesicle)
Monomelic_Amyotrophy	MONDO:0011224	9	24	4	2	1	2	7	HP:0002176(Spinal cord compression);HP:0002318(Cervical myelopathy)
Morgagni-Stewart-Morel_Syndrome	MONDO:0007766	12	30	9	1	0	2	10	HP:0000141(Amenorrhea);HP:0100829(Galactorrhea)
Morquio_syndrome	MONDO:0018938	11	76	8	0	1	2	9	HP:0002176(Spinal cord compression);HP:0002781(Upper airway obstruction)
Mosaic_Variegated_Aneuploidy_Syndrome	MONDO:0000141	25	190	25	0	0	0	25	
Mowat-Wilson_syndrome	MONDO:0009341	10	205	8	2	0	0	10	
Moyamoya_Disease	MONDO:0016820	7	81	5	2	0	0	7	
Mucoepidermoid_Carcinoma	MONDO:0003036	2	0	0	0	0	2	0	HP:0011801(Enlargement of parotid gland);HP:0100684(Salivary gland neoplasm)
Mucolipidosis_Type_II	MONDO:0009650	10	138	7	0	2	1	9	HP:0000943(Dysostosis multiplex)
Mucolipidosis_Type_III_Alpha_Beta	MONDO:0018931	36	103	36	0	0	0	36	
Mucolipidosis_Type_IV	MONDO:0009653	6	44	5	0	0	1	5	HP:0000556(Retinal dystrophy)
Mucopolysaccharidosis	MONDO:0019249	8	395	8	0	0	0	8	
Mucopolysaccharidosis_type_IX	MONDO:0011093	2	19	1	0	0	1	1	HP:0001386(Joint swelling)
Muenke_Syndrome	MONDO:0011274	6	46	6	0	0	0	6	
Multicentric_Castleman_Disease	MONDO:0019754	11	0	0	0	0	11	0	HP:0000083(Renal insufficiency);HP:0001744(Splenomegaly);HP:0001824(Weight loss);HP:0001873(Thrombocytopenia);HP:0001903(Anemia);HP:0001954(Recurrent fever);HP:0002240(Hepatomegaly);HP:0007430(Generalized edema);HP:0008940(Generalized lymphadenopathy);HP:0012378(Fatigue);HP:0030166(Night sweats)
Multiminicore_Disease	MONDO:0018948	12	117	8	0	1	3	9	HP:0003115(Abnormal EKG);HP:0004349(Reduced bone mineral density);HP:0012378(Fatigue)
Multiple_Acyl-CoA_Dehydrogenase_Deficiency	MONDO:0009282	15	82	12	3	0	0	15	
Multiple_Endocrine_Neoplasia_Type_2	MONDO:0019003	5	71	4	0	0	1	4	HP:0001166(Arachnodactyly)
Multiple_Epiphyseal_Dysplasia	MONDO:0016648	14	190	12	2	0	0	14	
Multiple_Epiphyseal_Dysplasia_Al-Gazali_Type	MONDO:0011778	3	37	3	0	0	0	3	
Multiple_Mitochondrial_Dysfunctions_Syndrome_9B	MONDO:0971174	18	193	15	0	2	1	17	HP:0000846(Adrenal insufficiency)
Multiple_Myeloma	MONDO:0009693	9	34	7	0	1	1	8	HP:0002719(Recurrent infections)
Multiple_Sclerosis	MONDO:0005301	22	0	0	0	0	22	0	HP:0000011(Neurogenic bladder);HP:0000639(Nystagmus);HP:0000651(Diplopia);HP:0000716(Depression);HP:0001251(Ataxia);HP:0001257(Spasticity);HP:0001288(Gait disturbance);HP:0001324(Muscle weakness);HP:0002015(Dysphagia);HP:0002080(Intention tremor);HP:0002321(Vertigo);HP:0002354(Memory impairment);HP:0003401(Paresthesia);HP:0012378(Fatigue);HP:0012531(Pain);HP:0012534(Dysesthesia);HP:0030773(Internuclear ophthalmoplegia);HP:0032504(Lhermitte's sign);HP:0033748(Hypoesthesia);HP:0040307(Male sexual dysfunction);HP:0100543(Cognitive impairment);HP:0100653(Optic neuritis)
Multiple_Sulfatase_Deficiency	MONDO:0010088	31	49	30	0	0	1	30	HP:0002415(Leukodystrophy)
Multiple_Synostoses_Syndrome	MONDO:0017923	8	78	8	0	0	0	8	
Multiple_System_Atrophy	MONDO:0007803	10	113	8	1	0	1	9	HP:0003552(Muscle stiffness)
Multisystem_Inflammatory_Syndrome_in_Children_MIS-C	MONDO:0100163	12	1	0	0	0	12	0	HP:0000988(Skin rash);HP:0001888(Decreased total lymphocyte count);HP:0001945(Fever);HP:0002014(Diarrhea);HP:0002027(Abdominal pain);HP:0002315(Headache);HP:0002615(Hypotension);HP:0003256(Abnormality of the coagulation cascade);HP:0012664(Reduced left ventricular ejection fraction);HP:0012735(Cough);HP:0012819(Myocarditis);HP:0030953(Conjunctival hyperemia)
Multisystemic_Smooth_Muscle_Dysfunction_Syndrome	MONDO:0013452	8	28	3	1	2	2	6	HP:0001250(Seizure);HP:0002140(Ischemic stroke)
Mumps	MONDO:0000989	6	0	0	0	0	6	0	HP:0000407(Sensorineural hearing impairment);HP:0001287(Meningitis);HP:0001733(Pancreatitis);HP:0001945(Fever);HP:0011850(Parotitis);HP:0100796(Orchitis)
Murine_Typhus	MONDO:0000330	23	0	0	0	0	23	0	HP:0000988(Skin rash);HP:0001873(Thrombocytopenia);HP:0001882(Decreased total leukocyte count);HP:0001903(Anemia);HP:0001945(Fever);HP:0001974(Increased total leukocyte count);HP:0002014(Diarrhea);HP:0002017(Nausea and vomiting);HP:0002027(Abdominal pain);HP:0002039(Anorexia);HP:0002113(Pulmonary infiltrates);HP:0002315(Headache);HP:0002902(Hyponatremia);HP:0002910(Elevated circulating hepatic transaminase concentration);HP:0003073(Hypoalbuminemia);HP:0003155(Elevated circulating alkaline phosphatase concentration);HP:0003236(Elevated circulating creatine kinase concentration);HP:0003326(Myalgia);HP:0003565(Elevated erythrocyte sedimentation rate);HP:0012735(Cough);HP:0025435(Increased circulating lactate dehydrogenase concentration);HP:0033677(Acute respiratory distress syndrome);HP:0033834(Malaise)
Myalgic_Encephalomyelitis_Chronic_Fatigue_Syndrome	MONDO:0005404	8	1	1	0	0	7	1	HP:0001278(Orthostatic hypotension);HP:0002360(Sleep disturbance);HP:0002719(Recurrent infections);HP:0003326(Myalgia);HP:0012378(Fatigue);HP:0030973(Postexertional symptom exacerbation);HP:0100543(Cognitive impairment)
Myasthenia_Gravis	MONDO:0009688	38	61	38	0	0	0	38	
Mycetoma	MONDO:0016823	8	29	1	2	3	2	6	HP:0000975(Hyperhidrosis);HP:6001164(Foot mass)
Mycoplasma_Pneumoniae_Pneumonia	MONDO:0005867	3	0	0	0	0	3	0	HP:0001945(Fever);HP:0002090(Pneumonia);HP:0012735(Cough)
Mycosis_Fungoides	MONDO:0009691	4	30	3	0	1	0	4	
Myelodysplastic_Syndrome	MONDO:0018881	5	88	4	1	0	0	5	
Myeloproliferative_Neoplasm_Unclassifiable	MONDO:0019452	5	3	0	0	0	5	0	HP:0001744(Splenomegaly);HP:0001894(Thrombocytosis);HP:0001974(Increased total leukocyte count);HP:0001977(Abnormal thrombosis);HP:0012378(Fatigue)
Myhre_Syndrome	MONDO:0007688	26	116	18	2	1	5	21	HP:0001723(Restrictive cardiomyopathy);HP:0002092(Pulmonary arterial hypertension);HP:0002202(Pleural effusion);HP:0002650(Scoliosis);HP:0004313(Decreased circulating immunoglobulin concentration)
Myocardial_Infarction	MONDO:0005068	10	1	0	0	0	10	0	HP:0001279(Syncope);HP:0001635(Congestive heart failure);HP:0001658(Myocardial infarction);HP:0001663(Ventricular fibrillation);HP:0001681(Angina pectoris);HP:0002094(Dyspnea);HP:0011675(Arrhythmia);HP:0012664(Reduced left ventricular ejection fraction);HP:0100749(Chest pain);HP:0410174(Increased circulating troponin T concentration)
Myoclonus_Dystonia_Syndrome	MONDO:0000903	12	26	12	0	0	0	12	
Myopathy_Lactic_Acidosis_and_Sideroblastic_Anemia	MONDO:0000863	22	59	21	0	1	0	22	
Myotonic_Dystrophy_Type_1	MONDO:0008056	11	141	10	1	0	0	11	
Myxedema	MONDO:0009718	12	0	0	0	0	12	0	HP:0000158(Macroglossia);HP:0000958(Dry skin);HP:0001259(Coma);HP:0001315(Reduced tendon reflexes);HP:0001662(Bradycardia);HP:0001698(Pericardial effusion);HP:0002019(Constipation);HP:0002045(Hypothermia);HP:0002615(Hypotension);HP:0002791(Hypoventilation);HP:0008070(Sparse hair);HP:6000507(Non-pitting edema)
N-Acetylglutamate_Synthase_Deficiency	MONDO:0009377	11	52	8	1	0	2	9	HP:0001249(Intellectual disability);HP:0002181(Cerebral edema)
NAGA_Deficiency_Type_3	MONDO:0019264	10	8	7	1	2	0	10	
NARP_syndrome	MONDO:0010794	6	31	2	1	1	2	4	HP:0000815(Hypergonadotropic hypogonadism);HP:0000819(Diabetes mellitus)
NDP_Related_Vitreoretinopathy	MONDO:0700377	5	83	3	1	0	1	4	HP:0007750(Hypoplasia of the fovea)
NELABA	MONDO:0060562	14	27	6	3	4	1	13	HP:0002126(Polymicrogyria)
NGLY1-congenital_disorder_of_deglycosylation	MONDO:0800044	9	146	8	0	1	0	9	
NPM1_Mutant_AML	MONDO:0044923	7	0	0	0	0	7	0	HP:0001873(Thrombocytopenia);HP:0001875(Decreased total neutrophil count);HP:0001892(Abnormal bleeding);HP:0001903(Anemia);HP:0001974(Increased total leukocyte count);HP:0002719(Recurrent infections);HP:0012378(Fatigue)
NR5A1_Related_Sex_Development_Disorder	MONDO:1060211	7	20	6	0	0	1	6	HP:0000846(Adrenal insufficiency)
NRAS_Mutant_Melanoma	MONDO:0005012	6	0	0	0	0	6	0	HP:0001000(Abnormality of skin pigmentation);HP:0002716(Lymphadenopathy);HP:0008069(Neoplasm of the skin);HP:0012056(Cutaneous melanoma);HP:0030692(Brain neoplasm);HP:0100526(Neoplasm of the lung)
NTRK_Fusion_Positive_Cancer	MONDO:0700215	2	0	0	0	0	2	0	HP:0002664(Neoplasm);HP:0012378(Fatigue)
NUP62-Related_Infantile_Bilateral_Striatal_Necrosis	MONDO:0015518	5	84	3	0	2	0	5	
Narcolepsy-Cataplexy_Syndrome	MONDO:0016158	5	35	5	0	0	0	5	
Narcolepsy	MONDO:0021107	5	37	4	0	0	1	4	HP:0002329(Drowsiness)
Nasopharyngeal_Carcinoma	MONDO:0015459	6	0	0	0	0	6	0	HP:0000405(Conductive hearing impairment);HP:0000421(Epistaxis);HP:0001742(Nasal congestion);HP:0002315(Headache);HP:0002716(Lymphadenopathy);HP:0006824(Cranial nerve paralysis)
Nemaline_Myopathy	MONDO:0018958	9	192	8	0	0	1	8	HP:0002486(Myotonia)
Nephronophthisis	MONDO:0019005	10	86	6	1	1	2	8	HP:0000510(Rod-cone dystrophy);HP:0000867(Secondary hyperparathyroidism)
Nestor-Guillermo_progeria_syndrome	MONDO:0013523	4	47	2	0	2	0	4	
Netherton_Syndrome	MONDO:0009735	7	156	6	1	0	0	7	
Neuroblastoma	MONDO:0005072	7	34	6	0	1	0	7	
Neurodegeneration_With_Brain_Iron_Accumulation	MONDO:0018307	12	388	12	0	0	0	12	
Neurofibroma	MONDO:0016755	5	28	2	0	0	3	2	HP:0001324(Muscle weakness);HP:0012531(Pain);HP:0100697(Neurofibrosarcoma)
Neurofibromatosis_Type_1	MONDO:0018975	16	230	16	0	0	0	16	
Neuromyelitis_Optica	MONDO:0019100	11	17	4	1	2	4	7	HP:0000716(Depression);HP:0001257(Spasticity);HP:0001324(Muscle weakness);HP:0003394(Muscle spasm)
Neuromyelitis_Optica_Spectrum_Disorder	MONDO:0019100	3	17	2	0	1	0	3	
Neuromyelitis_Optica_Spectrum_Disorder_with_Anti-AQP4_Antibodies	MONDO:0035663	4	0	0	0	0	4	0	HP:0002017(Nausea and vomiting);HP:0012486(Myelitis);HP:0100247(Recurrent singultus);HP:0100653(Optic neuritis)
Neuronal_Ceroid_Lipofuscinosis	MONDO:0016295	7	155	7	0	0	0	7	
Neuronal_Ceroid_Lipofuscinosis_1	MONDO:0009744	6	32	2	0	2	2	4	HP:0002333(Motor deterioration);HP:0002376(Developmental regression)
Neuronal_Ceroid_Lipofuscinosis_2	MONDO:0008769	9	15	4	0	1	4	5	HP:0000556(Retinal dystrophy);HP:0001257(Spasticity);HP:0001332(Dystonia);HP:0002333(Motor deterioration)
Neuronal_Ceroid_Lipofuscinosis_3	MONDO:0008767	7	30	2	0	2	3	4	HP:0000708(Atypical behavior);HP:0002333(Motor deterioration);HP:0002360(Sleep disturbance)
Neuronal_Ceroid_Lipofuscinosis_7	MONDO:0012588	8	15	1	0	2	5	3	HP:0000546(Retinal degeneration);HP:0000708(Atypical behavior);HP:0001336(Myoclonus);HP:0002376(Developmental regression);HP:0004302(Functional motor deficit)
Neuropsychiatric_SLE	MONDO:0007915	11	155	7	4	0	0	11	
Neurosarcoidosis	MONDO:0045047	14	0	0	0	0	14	0	HP:0000238(Hydrocephalus);HP:0000873(Diabetes insipidus);HP:0001138(Optic neuropathy);HP:0001250(Seizure);HP:0001287(Meningitis);HP:0001324(Muscle weakness);HP:0002315(Headache);HP:0006824(Cranial nerve paralysis);HP:0006897(Abducens palsy);HP:0009830(Peripheral neuropathy);HP:0010628(Facial palsy);HP:0012486(Myelitis);HP:0040075(Hypopituitarism);HP:0100543(Cognitive impairment)
Neutral_Lipid_Storage_Myopathy	MONDO:0012545	6	48	5	0	0	1	5	HP:0003484(Upper limb muscle weakness)
Nevus_of_Ota	MONDO:0016984	4	0	0	0	0	4	0	HP:0000501(Glaucoma);HP:0000610(Abnormal choroid morphology);HP:0000953(Hyperpigmentation of the skin);HP:0007716(Uveal melanoma)
Niemann-Pick_Disease_Type_A	MONDO:0009756	6	37	4	1	0	1	5	HP:0002180(Neurodegeneration)
Niemann-Pick_Disease_Type_B	MONDO:0011871	7	60	6	1	0	0	7	
Niemann-Pick_Disease_Type_E	MONDO:0020384	2	0	0	0	0	2	0	HP:0002180(Neurodegeneration);HP:0002240(Hepatomegaly)
Niemann_Pick_Disease_Type_C	MONDO:0018982	22	97	20	2	0	0	22	
Nijmegen_breakage_syndrome	MONDO:0009623	7	105	4	0	0	3	4	HP:0000815(Hypergonadotropic hypogonadism);HP:0002721(Immunodeficiency);HP:0011133(Increased sensitivity to ionizing radiation)
Noise_Induced_Hearing_Loss	MONDO:0013098	3	0	0	0	0	3	0	HP:0000360(Tinnitus);HP:0001963(Abnormal speech discrimination);HP:0005101(High-frequency hearing impairment)
Noma	MONDO:0017124	10	0	0	0	0	10	0	HP:0000155(Oral ulcer);HP:0000164(Abnormality of the dentition);HP:0000211(Trismus);HP:0000271(Abnormality of the face);HP:0000282(Facial edema);HP:0001945(Fever);HP:0002015(Dysphagia);HP:0002167(Abnormal speech pattern);HP:0004395(Malnutrition);HP:0100758(Gangrene)
Non-Small_Cell_Lung_Cancer	MONDO:0005233	7	11	4	0	0	3	4	HP:0002315(Headache);HP:0002653(Bone pain);HP:0012378(Fatigue)
Non-functional_Pancreatic_Neuroendocrine_Tumor	MONDO:0004334	5	0	0	0	0	5	0	HP:0000952(Jaundice);HP:0001824(Weight loss);HP:0002027(Abdominal pain);HP:0002894(Neoplasm of the pancreas);HP:0002896(Neoplasm of the liver)
Nonketotic_Hyperglycinemia	MONDO:0011612	12	92	8	1	2	1	11	HP:0002643(Neonatal respiratory distress)
Noonan_Syndrome-like_Disorder_with_Loose_Anagen_Hair	MONDO:0011899	13	126	12	0	0	1	12	HP:0000824(Decreased response to growth hormone stimulation test)
Noonan_Syndrome	MONDO:0018997	40	267	37	1	1	1	39	HP:0009830(Peripheral neuropathy)
North_Carolina_Macular_Dystrophy	MONDO:0007630	7	7	4	1	0	2	5	HP:0007401(Macular atrophy);HP:0011506(Choroidal neovascularization)
Obesity	MONDO:0011122	7	87	3	0	1	3	4	HP:0002829(Arthralgia);HP:0010535(Sleep apnea);HP:0012378(Fatigue)
Obesity_Due_to_MC4R_Pathway_Disruption	MONDO:0011122	6	87	5	0	1	0	6	
Obsessive-Compulsive_Disorder	MONDO:0008114	5	5	2	1	0	2	3	HP:0100543(Cognitive impairment);HP:0100710(Impulsivity)
Obstructive_Sleep_Apnea	MONDO:0007147	8	5	2	0	1	5	3	HP:0000017(Nocturia);HP:0000822(Hypertension);HP:0001097(Keratoconjunctivitis sicca);HP:0002315(Headache);HP:0100543(Cognitive impairment)
Ochoa_Syndrome	MONDO:0000463	15	22	13	0	0	2	13	HP:0030001(Lagophthalmos);HP:0034979(Facial synkinesis)
Oculocerebrodental_Syndrome	MONDO:0034145	7	57	4	0	3	0	7	
Oculocutaneous_Albinism	MONDO:0018910	11	60	10	1	0	0	11	
Oculodentodigital_Dysplasia	MONDO:0008111	22	145	16	2	1	3	19	HP:0003429(CNS hypomyelination);HP:0003771(Pulp calcification);HP:4000104(Curved dental root)
Oculogastrointestinal-Neurodevelopmental_Syndrome	MONDO:0036189	9	19	3	0	5	1	8	HP:0001305(Dandy-Walker malformation)
Oculopharyngodistal_Myopathy	MONDO:0025193	11	88	9	0	1	1	10	HP:0100299(Muscle fiber inclusion bodies)
Odonto-Onycho-Dermal_Dysplasia	MONDO:0009773	13	32	4	1	4	4	9	HP:0000677(Oligodontia);HP:0001592(Selective tooth agenesis);HP:0008069(Neoplasm of the skin);HP:0031454(Apocrine hidrocystoma)
Ogden_syndrome	MONDO:0010457	13	144	7	1	3	2	11	HP:0001249(Intellectual disability);HP:0002643(Neonatal respiratory distress)
Okur_Chung_neurodevelopmental_syndrome	MONDO:0014893	12	46	8	0	2	2	10	HP:0002015(Dysphagia);HP:0004322(Short stature)
Omodysplasia	MONDO:0017136	22	79	15	4	2	1	21	HP:0001263(Global developmental delay)
Omphalocele	MONDO:0019015	7	4	1	0	0	6	1	HP:0001627(Abnormal heart morphology);HP:0001629(Ventricular septal defect);HP:0002089(Pulmonary hypoplasia);HP:0002092(Pulmonary arterial hypertension);HP:0002093(Respiratory insufficiency);HP:0011968(Feeding difficulties)
Onchocerciasis	MONDO:0017137	5	2	1	0	0	4	1	HP:0000491(Keratitis);HP:0000964(Eczematoid dermatitis);HP:0000989(Pruritus);HP:0001010(Hypopigmentation of the skin)
Opitz_GBBB_Syndrome	MONDO:0017138	11	94	9	0	1	1	10	HP:0025678(Fetal hydrothorax)
Oppositional_Defiant_Disorder	MONDO:0000495	7	0	0	0	0	7	0	HP:0000708(Atypical behavior);HP:0000712(Emotional lability);HP:0000718(Aggressive behavior);HP:0000737(Irritability);HP:0000739(Anxiety);HP:0002360(Sleep disturbance);HP:0100710(Impulsivity)
Opsismodysplasia	MONDO:0009785	28	65	22	1	0	5	23	HP:0000238(Hydrocephalus);HP:0002983(Micromelia);HP:0004349(Reduced bone mineral density);HP:0006487(Bowing of the long bones);HP:0011800(Midface retrusion)
Optic_Neuritis	MONDO:0005885	12	1	1	0	0	11	1	HP:0000603(Central scotoma);HP:0000649(Abnormality of visual evoked potentials);HP:0001123(Visual field defect);HP:0007641(Dyschromatopsia);HP:0012795(Abnormal optic disc morphology);HP:0030786(Photopsia);HP:0030857(Eye movement-induced pain);HP:0032036(Reduced contrast sensitivity);HP:0100653(Optic neuritis);HP:0200026(Ocular pain);HP:0200057(Marcus Gunn pupil)
Oral_Cavity_Squamous_Cell_Carcinoma	MONDO:0004958	6	0	0	0	0	6	0	HP:0000155(Oral ulcer);HP:0001824(Weight loss);HP:0002015(Dysphagia);HP:0002745(Oral leukoplakia);HP:0025289(Cervical lymphadenopathy);HP:0100649(Neoplasm of the oral cavity)
Organophosphate_Poisoning	MONDO:0800386	14	0	0	0	0	14	0	HP:0000616(Miosis);HP:0001250(Seizure);HP:0001259(Coma);HP:0001324(Muscle weakness);HP:0001662(Bradycardia);HP:0002013(Vomiting);HP:0002014(Diarrhea);HP:0002093(Respiratory insufficiency);HP:0002380(Fasciculations);HP:0003722(Neck flexor weakness);HP:0003781(Excessive salivation);HP:0009830(Peripheral neuropathy);HP:0009926(Epiphora);HP:0030828(Wheezing)
Ornithine_Carbamoyltransferase_Deficiency	MONDO:0010703	13	45	12	0	1	0	13	
Orofaciodigital_Syndrome_17	MONDO:0033375	8	23	1	0	2	5	3	HP:0000110(Renal dysplasia);HP:0000199(Tongue nodules);HP:0001263(Global developmental delay);HP:0001999(Abnormal facial shape);HP:0002419(Molar tooth sign on MRI)
Orofaciodigital_Syndrome_Type_I	MONDO:0010702	21	98	16	1	3	1	20	HP:0000729(Autistic behavior)
Oroya_Fever	MONDO:0018984	10	0	0	0	0	10	0	HP:0000952(Jaundice);HP:0000980(Pallor);HP:0001259(Coma);HP:0001649(Tachycardia);HP:0001878(Hemolytic anemia);HP:0001945(Fever);HP:0002240(Hepatomegaly);HP:0002315(Headache);HP:0002829(Arthralgia);HP:0003326(Myalgia)
Osteoarthritis	MONDO:0005178	3	1	0	0	0	3	0	HP:0001376(Limitation of joint mobility);HP:0001387(Joint stiffness);HP:0002829(Arthralgia)
Osteochondritis_of_Tarsal_Metatarsal_Bone	MONDO:0016086	5	13	2	0	2	1	4	HP:6000840(Localized soft-tissue swelling on extremity)
Osteogenesis_Imperfecta_Type_I	MONDO:0008146	14	19	7	2	1	4	10	HP:0000939(Osteoporosis);HP:0000975(Hyperhidrosis);HP:0002650(Scoliosis);HP:0002653(Bone pain)
Osteogenesis_Imperfecta_Type_II	MONDO:0008147	18	25	9	2	3	4	14	HP:0001511(Intrauterine growth retardation);HP:0002089(Pulmonary hypoplasia);HP:0004349(Reduced bone mineral density);HP:0008417(Vertebral hypoplasia)
Osteogenesis_Imperfecta_Type_III	MONDO:0009804	17	26	10	0	1	6	11	HP:0000768(Pectus carinatum);HP:0002091(Restrictive ventilatory defect);HP:0002505(Loss of ambulation);HP:0002653(Bone pain);HP:0002980(Femoral bowing);HP:0003510(Severe short stature)
Osteogenesis_Imperfecta_Type_IV	MONDO:0008148	15	15	8	1	2	4	11	HP:0002194(Delayed gross motor development);HP:0002653(Bone pain);HP:0002953(Vertebral compression fracture);HP:0012366(Basilar invagination)
Osteogenesis_Imperfecta_Type_IX	MONDO:0009805	12	31	4	1	4	3	9	HP:0000407(Sensorineural hearing impairment);HP:0001252(Hypotonia);HP:0002093(Respiratory insufficiency)
Osteogenesis_Imperfecta_Type_V	MONDO:0012591	16	18	6	1	1	8	8	HP:0000365(Hearing impairment);HP:0000668(Hypodontia);HP:0002650(Scoliosis);HP:0003196(Short nose);HP:0006487(Bowing of the long bones);HP:0011986(Ectopic ossification);HP:0030267(Calcification of the interosseus membrane of the forearm);HP:0100959(Dense metaphyseal bands)
Osteogenesis_Imperfecta_Type_VI	MONDO:0013515	8	16	3	0	1	4	4	HP:0002751(Kyphoscoliosis);HP:0003330(Abnormal bone structure);HP:0004322(Short stature);HP:0004349(Reduced bone mineral density)
Osteogenesis_Imperfecta_Type_VII	MONDO:0012536	12	32	6	0	2	4	8	HP:0000541(Retinal detachment);HP:0000939(Osteoporosis);HP:0002691(Platybasia);HP:0011003(High myopia)
Osteogenesis_Imperfecta_Type_VIII	MONDO:0012581	5	27	1	2	2	0	5	
Osteogenesis_Imperfecta_Type_X	MONDO:0013459	6	42	3	0	2	1	5	HP:0002757(Recurrent fractures)
Osteogenesis_Imperfecta_Type_XI	MONDO:0012592	7	20	4	0	2	1	6	HP:0002803(Congenital contracture)
Osteogenesis_Imperfecta_Type_XII	MONDO:0013460	6	28	3	1	2	0	6	
Osteogenesis_Imperfecta_Type_XIII	MONDO:0013924	9	38	7	0	2	0	9	
Osteogenesis_Imperfecta_Type_XIV	MONDO:0014029	10	19	3	0	4	3	7	HP:0001252(Hypotonia);HP:0002812(Coxa vara);HP:0002953(Vertebral compression fracture)
Osteogenesis_Imperfecta_Type_XIX	MONDO:0049223	8	16	4	0	4	0	8	
Osteogenesis_Imperfecta_Type_XV	MONDO:0014086	11	12	3	1	2	5	6	HP:0000703(Dentinogenesis imperfecta);HP:0001249(Intellectual disability);HP:0002953(Vertebral compression fracture);HP:0004349(Reduced bone mineral density);HP:0006487(Bowing of the long bones)
Osteogenesis_Imperfecta_Type_XVI	MONDO:0014544	6	23	4	0	2	0	6	
Osteogenesis_Imperfecta_Type_XVII	MONDO:0014672	8	22	4	0	4	0	8	
Osteogenesis_Imperfecta_Type_XVIII	MONDO:0044329	6	19	4	0	1	1	5	HP:0001510(Growth delay)
Osteogenesis_Imperfecta_Type_XX	MONDO:0032846	7	30	1	0	2	4	3	HP:0000677(Oligodontia);HP:0002757(Recurrent fractures);HP:0004349(Reduced bone mineral density);HP:0006487(Bowing of the long bones)
Osteogenesis_Imperfecta_Type_XXI	MONDO:0030861	4	18	1	0	3	0	4	
Osteogenesis_Imperfecta_Type_XXII	MONDO:0030714	6	17	6	0	0	0	6	
Osteogenesis_Imperfecta_Type_XXIII	MONDO:0957988	6	15	2	0	2	2	4	HP:0003016(Metaphyseal widening);HP:0003026(Short long bone)
Osteoglophonic_Dysplasia	MONDO:0008150	25	68	16	4	0	5	20	HP:0000212(Gingival overgrowth);HP:0000944(Abnormal metaphysis morphology);HP:0001845(Overlapping toe);HP:0002148(Hypophosphatemia);HP:0002656(Epiphyseal dysplasia)
Osteonecrosis	MONDO:0005380	5	296	5	0	0	0	5	
Osteopetrosis	MONDO:0017198	16	413	15	1	0	0	16	
Osteoporosis	MONDO:0005298	5	15	3	0	0	2	3	HP:0004322(Short stature);HP:0031846(Femur fracture)
Osteosarcoma	MONDO:0009807	4	15	1	1	0	2	2	HP:0001288(Gait disturbance);HP:0100526(Neoplasm of the lung)
Otomycosis	MONDO:0000262	3	0	0	0	0	3	0	HP:0000405(Conductive hearing impairment);HP:0000989(Pruritus);HP:0030766(Ear pain)
Otopalatodigital_Spectrum_Disorders	MONDO:0018233	8	309	8	0	0	0	8	
Ovarian_Endometrioid_Carcinoma	MONDO:0006335	4	0	0	0	0	4	0	HP:0002027(Abdominal pain);HP:0025318(Ovarian carcinoma);HP:0030127(Endometriosis);HP:0100615(Ovarian neoplasm)
Ovarian_High-Grade_Serous_Carcinoma	MONDO:0005211	4	0	0	0	0	4	0	HP:0001541(Ascites);HP:0002027(Abdominal pain);HP:0003270(Abdominal distention);HP:0025318(Ovarian carcinoma)
Ovarian_Mucinous_Carcinoma	MONDO:0005601	4	0	0	0	0	4	0	HP:0002027(Abdominal pain);HP:0003270(Abdominal distention);HP:0025318(Ovarian carcinoma);HP:0100615(Ovarian neoplasm)
PAX3_Waardenburg_Spectrum	MONDO:0018094	7	125	7	0	0	0	7	
PCDH19_Clustering_Epilepsy	MONDO:0010246	10	19	7	0	1	2	8	HP:0002373(Febrile seizure (within the age range of 3 months to 6 years));HP:0033349(Seizure cluster)
PCWH_syndrome	MONDO:0012198	7	71	5	0	1	1	6	HP:0007730(Iris hypopigmentation)
PET100-Related_COX_Deficiency	MONDO:0033646	16	30	9	1	1	5	11	HP:0001263(Global developmental delay);HP:0001410(Decreased liver function);HP:0002093(Respiratory insufficiency);HP:0002180(Neurodegeneration);HP:0007146(Bilateral basal ganglia lesions)
PET117-Related_COX_Deficiency	MONDO:0033654	2	14	1	0	0	1	1	HP:0002363(Abnormal brainstem morphology)
PGM2L1_Deficiency	MONDO:0700092	10	2902	10	0	0	0	10	
PHARC_syndrome	MONDO:0012984	5	22	4	0	1	0	5	
PIK3CA_Mutant_Breast_Cancer	MONDO:0004989	2	1	1	0	1	0	2	
PKP2_Cardiomyopathy	MONDO:0012180	11	12	8	0	0	3	8	HP:0001635(Congestive heart failure);HP:0005133(Right ventricular dilatation);HP:0010872(T-wave inversion)
PNPO_Deficiency	MONDO:0012407	7	34	2	3	1	1	6	HP:0001332(Dystonia)
POEMS_Syndrome	MONDO:0017364	9	51	6	1	2	0	9	
PRPH2-Related_Retinopathy	MONDO:1040055	3	37	2	0	0	1	2	HP:0030602(Abnormal fundus autofluorescence imaging)
PRPS1_Deficiency_Spectrum	MONDO:0100061	17	0	0	0	0	17	0	HP:0000407(Sensorineural hearing impairment);HP:0000556(Retinal dystrophy);HP:0000648(Optic atrophy);HP:0000873(Diabetes insipidus);HP:0001249(Intellectual disability);HP:0001251(Ataxia);HP:0001252(Hypotonia);HP:0001263(Global developmental delay);HP:0001270(Motor delay);HP:0001285(Spastic tetraparesis);HP:0001324(Muscle weakness);HP:0001511(Intrauterine growth retardation);HP:0001999(Abnormal facial shape);HP:0002205(Recurrent respiratory infections);HP:0002352(Leukoencephalopathy);HP:0004322(Short stature);HP:0009830(Peripheral neuropathy)
PRPS1_Superactivity	MONDO:0010395	12	54	10	1	0	1	11	HP:0033073(Urate tophus)
PTCH1-related_Nevoid_Basal_Cell_Carcinoma_Syndrome	MONDO:0958174	4	51	3	0	1	0	4	
PTEN_Hamartoma_Tumor_Syndrome	MONDO:0017623	15	189	6	6	0	3	12	HP:0000717(Autism);HP:0001263(Global developmental delay);HP:0007482(Generalized papillary lesions)
Pacak-Zhuang_syndrome	MONDO:0035540	6	0	0	0	0	6	0	HP:0001901(Polycythemia);HP:0002666(Pheochromocytoma);HP:0002668(Paraganglioma);HP:0005264(Abnormality of the gallbladder);HP:0045005(Neural tube defect);HP:0100634(Neuroendocrine neoplasm)
Pallister-Hall_Syndrome	MONDO:0007804	9	143	8	0	1	0	9	
Pancreatic_Agenesis	MONDO:0009832	10	16	4	0	2	4	6	HP:0000851(Congenital hypothyroidism);HP:0001627(Abnormal heart morphology);HP:0002566(Intestinal malrotation);HP:0012440(Abnormal biliary tract morphology)
Pancreatic_Ductal_Adenocarcinoma	MONDO:0005184	6	0	0	0	0	6	0	HP:0001396(Cholestasis);HP:0001824(Weight loss);HP:0002027(Abdominal pain);HP:0002896(Neoplasm of the liver);HP:0005978(Type II diabetes mellitus);HP:0006725(Pancreatic adenocarcinoma)
Pancreatic_Mucinous_Cystadenoma	MONDO:0018523	11	0	0	0	0	11	0	HP:0000819(Diabetes mellitus);HP:0000952(Jaundice);HP:0001733(Pancreatitis);HP:0001737(Pancreatic cysts);HP:0001824(Weight loss);HP:0002013(Vomiting);HP:0002018(Nausea);HP:0002027(Abdominal pain);HP:0003418(Back pain);HP:0031500(Abdominal mass);HP:6000409(Pancreatic mass)
Pancreatic_Neuroendocrine_Tumor	MONDO:0019954	7	100	4	0	2	1	6	HP:0004398(Peptic ulcer)
Panic_Disorder	MONDO:0005383	6	2	2	1	0	3	3	HP:0000716(Depression);HP:0000756(Agoraphobia);HP:0002094(Dyspnea)
Pantothenate_Kinase-Associated_Neurodegeneration	MONDO:0009319	9	114	8	1	0	0	9	
Panuveitis	MONDO:0017255	9	72	8	1	0	0	9	
Papillary_Thyroid_Carcinoma	MONDO:0005075	2	3	0	0	0	2	0	HP:0002716(Lymphadenopathy);HP:0025388(Thyroid nodule)
Papular_Xanthoma	MONDO:0015536	2	4	0	0	0	2	0	HP:0025507(Yellow papule);HP:0200034(Papule)
Parainfluenza_Virus_Infection	MONDO:0100197	6	0	0	0	0	6	0	HP:0001945(Fever);HP:0010307(Stridor);HP:0011950(Bronchiolitis);HP:0012735(Cough);HP:0031417(Rhinorrhea);HP:0033121(Barking cough)
Paralytic_Poliomyelitis	MONDO:0000341	6	1	1	0	0	5	1	HP:0001284(Areflexia);HP:0001287(Meningitis);HP:0001945(Fever);HP:0002747(Respiratory insufficiency due to muscle weakness);HP:0003202(Skeletal muscle atrophy)
Paranasal_Sinus_Squamous_Cell_Carcinoma	MONDO:0044705	6	0	0	0	0	6	0	HP:0000421(Epistaxis);HP:0000458(Anosmia);HP:0000520(Proptosis);HP:0000651(Diplopia);HP:0001742(Nasal congestion);HP:0002315(Headache)
Paraneoplastic_Neurological_Syndromes	MONDO:0018215	10	142	6	1	1	2	8	HP:0000763(Sensory neuropathy);HP:0004389(Intestinal pseudo-obstruction)
Parathyroid_Hyperplasia	MONDO:0006354	9	0	0	0	0	9	0	HP:0000787(Nephrolithiasis);HP:0000939(Osteoporosis);HP:0002027(Abdominal pain);HP:0002653(Bone pain);HP:0002659(Increased susceptibility to fractures);HP:0003072(Hypercalcemia);HP:0003165(Elevated circulating parathyroid hormone level);HP:0008208(Parathyroid hyperplasia);HP:0012622(Chronic kidney disease)
Paratyphoid_Fever	MONDO:0018626	6	2	0	0	0	6	0	HP:0000157(Abnormality of the tongue);HP:0001945(Fever);HP:0002014(Diarrhea);HP:0002017(Nausea and vomiting);HP:0002027(Abdominal pain);HP:0031864(Bacteremia)
Parenti-Mignot_Neurodevelopmental_Syndrome	MONDO:0859249	8	24	5	0	1	2	6	HP:0001263(Global developmental delay);HP:0001999(abnormal facial shape)
Parkinsons_Disease	MONDO:0005180	10	165	9	1	0	0	10	
Paroxysmal_Familial_Ventricular_Fibrillation	MONDO:0100234	4	5	3	0	1	0	4	
Pars_Planitis	MONDO:0011644	7	0	0	0	0	7	0	HP:0000505(Visual impairment);HP:0000622(Blurred vision);HP:0001085(Papilledema);HP:0004327(Abnormal vitreous humor morphology);HP:0007703(Abnormal retinal pigmentation);HP:0040049(Macular edema);HP:0100832(Vitreous floaters)
Partial_Androgen_Insensitivity_Syndrome	MONDO:0010720	26	32	26	0	0	0	26	
Parvovirus_B19_Infection	MONDO:0006544	4	0	0	0	0	4	0	HP:0001789(Hydrops fetalis);HP:0003040(Arthropathy);HP:0012819(Myocarditis);HP:0025300(Malar rash)
Patent_Ductus_Arteriosus	MONDO:0011827	8	37	1	0	0	7	1	HP:0002092(Pulmonary arterial hypertension);HP:0002098(Respiratory distress);HP:0006528(Chronic lung disease);HP:0030148(Heart murmur);HP:0030746(Intraventricular hemorrhage);HP:0032555(Bounding pulse);HP:0500049(Retinopathy of prematurity)
Pearson_Syndrome	MONDO:0010797	6	91	5	1	0	0	6	
Peeling_Skin_Syndrome	MONDO:0019347	11	34	6	2	0	3	8	HP:0025819(Palmoplantar peeling);HP:0032541(Knuckle pad);HP:0100825(Cheilitis)
Pelizaeus_Merzbacher_Disease	MONDO:0010714	17	123	13	3	1	0	17	
Pemphigus_Erythematosus	MONDO:0019323	3	14	1	0	0	2	1	HP:0000992(Cutaneous photosensitivity);HP:0010783(Erythema)
Pemphigus_Vulgaris	MONDO:0008219	22	21	20	0	0	2	20	HP:0002015(Dysphagia);HP:0200041(Skin erosion)
Penile_Cancer	MONDO:0001325	3	0	0	0	0	3	0	HP:0000032(Abnormal male external genitalia morphology);HP:0000078(Abnormality of the genital system);HP:0034751(Inguinal lymphadenopathy)
Pentanucleotide_Repeat_Familial_Adult_Myoclonus_Epilepsy	MONDO:0019448	8	8	1	2	2	3	5	HP:0000662(Nyctalopia);HP:0001272(Cerebellar atrophy);HP:0100543(Cognitive impairment)
Penttinen_Premature_Aging_Syndrome	MONDO:0011150	4	60	3	0	0	1	3	HP:0001376(Limitation of joint mobility)
Peripartum_Cardiomyopathy	MONDO:0018920	7	43	6	0	1	0	7	
Peripheral_Artery_Disease	MONDO:0005386	4	0	0	0	0	4	0	HP:0000951(Abnormality of the skin);HP:0001058(Poor wound healing);HP:0009763(Limb pain);HP:0012532(Chronic pain)
Peripheral_T_Cell_Lymphoma	MONDO:0015760	6	54	6	0	0	0	6	
Perivascular_Epithelioid_Cell_Neoplasm	MONDO:0006359	6	36	3	0	0	3	3	HP:0031500(Abdominal mass);HP:0032445(Pulmonary cyst);HP:0034832(Liver angiomyolipoma)
Periventricular_Nodular_Heterotopia	MONDO:0010233	9	18	2	1	2	4	5	HP:0001382(Joint hypermobility);HP:0004942(Aortic aneurysm);HP:0006530(Abnormal pulmonary interstitial morphology);HP:0012450(Chronic constipation)
Peroxisomal_Acyl-CoA_Oxidase_Deficiency	MONDO:0009919	13	50	6	1	1	5	8	HP:0000505(Visual impairment);HP:0000846(Adrenal insufficiency);HP:0001410(Decreased liver function);HP:0001999(Abnormal facial shape);HP:0009830(Peripheral neuropathy)
Peroxisome_Biogenesis_Disorder	MONDO:0019234	14	371	11	0	1	2	12	HP:0000488(Retinopathy);HP:0001635(Congestive heart failure)
Pertussis	MONDO:0005077	7	1	1	0	0	6	1	HP:0000961(Cyanosis);HP:0001945(Fever);HP:0001974(Increased total leukocyte count);HP:0002013(Vomiting);HP:0002090(Pneumonia);HP:0002104(Apnea)
Peutz_Jeghers_Syndrome	MONDO:0008280	15	52	12	3	0	0	15	
Peutz_Jeghers_polyp	MONDO:0006365	8	0	0	0	0	8	0	HP:0001891(Iron deficiency anemia);HP:0002027(Abdominal pain);HP:0002239(Gastrointestinal hemorrhage);HP:0002576(Intussusception);HP:0002664(Neoplasm);HP:0030256(Small intestinal polyposis);HP:0032453(Abnormal lip pigmentation);HP:0100669(Abnormal pigmentation of the oral mucosa)
Pfeiffer_Syndrome	MONDO:0007043	11	80	10	0	1	0	11	
Phelan-McDermid_Syndrome	MONDO:0011652	9	91	7	1	0	1	8	HP:0002376(Developmental regression)
Phenylketonuria	MONDO:0009861	26	73	25	0	1	0	26	
Pheochromocytoma_Paraganglioma	MONDO:0035540	4	0	0	0	0	4	0	HP:0000822(Hypertension);HP:0000975(Hyperhidrosis);HP:0001962(Palpitations);HP:0002315(Headache)
Pica	MONDO:0001441	5	0	0	0	0	5	0	HP:0000729(Autistic behavior);HP:0001249(Intellectual disability);HP:0001891(Iron deficiency anemia);HP:0005214(Intestinal obstruction);HP:0011856(Pica)
Pick_Disease	MONDO:0008243	14	17	3	1	2	8	6	HP:0000722(Compulsive behaviors);HP:0001250(Seizure);HP:0001300(Parkinsonism);HP:0001824(Weight loss);HP:0002354(Memory impairment);HP:0002381(Aphasia);HP:0033051(Impaired executive functioning);HP:5200021(Reduced social insight)
Pilarowski-Bjornsson_syndrome	MONDO:0060568	11	25	8	0	0	3	8	HP:0001999(Abnormal facial shape);HP:0002353(EEG abnormality);HP:0002553(Highly arched eyebrow)
Pilocytic_Astrocytoma	MONDO:0016691	3	0	0	0	0	3	0	HP:0000238(Hydrocephalus);HP:0000505(Visual impairment);HP:0040075(Hypopituitarism)
Pineoblastoma	MONDO:0016722	3	19	1	0	0	2	1	HP:0000238(Hydrocephalus);HP:0001251(Ataxia)
Pinta	MONDO:0000979	1	0	0	0	0	1	0	HP:0001000(Abnormality of skin pigmentation)
Pitt-Hopkins_Syndrome	MONDO:0012589	9	96	9	0	0	0	9	
Plague	MONDO:0019095	10	55	4	1	2	3	7	HP:0002716(Lymphadenopathy);HP:0005521(Disseminated intravascular coagulation);HP:0012735(Cough)
Plasma_Cell_Neoplasm	MONDO:0004959	8	62	6	0	2	0	8	
Platelet-Type_von_Willebrand_Disease	MONDO:0008332	5	2	1	0	2	2	3	HP:0001902(Giant platelets);HP:0011877(Increased mean platelet volume)
Pleuropulmonary_Blastoma	MONDO:0011014	5	3	0	0	0	5	0	HP:0002094(Dyspnea);HP:0002098(Respiratory distress);HP:0002107(Pneumothorax);HP:0012735(Cough);HP:0032445(Pulmonary cyst)
Pneumococcal_Pneumonia	MONDO:0005114	4	0	0	0	0	4	0	HP:0001945(Fever);HP:0002090(Pneumonia);HP:0002094(Dyspnea);HP:0012735(Cough)
Pneumocystis_Pneumonia	MONDO:0005923	3	23	2	0	1	0	3	
Polycystic_Echinococcosis	MONDO:0000288	3	0	0	0	0	3	0	HP:0001407(Hepatic cysts);HP:0011919(Pleural empyema);HP:0100523(Liver abscess)
Polycystic_Kidney_Disease	MONDO:0020642	23	99	22	0	1	0	23	
Polycystic_Ovary_Syndrome	MONDO:0008487	6	6	2	0	0	4	2	HP:0000789(Infertility);HP:0000858(Irregular menstruation);HP:0001061(Acne);HP:0001596(Alopecia)
Polycythemia_Vera	MONDO:0009891	26	44	26	0	0	0	26	
Polymyositis	MONDO:0019127	20	128	19	1	0	0	20	
Pompe_Disease	MONDO:0009290	17	105	17	0	0	0	17	
Pontiac_Fever	MONDO:0020487	8	5	4	0	0	4	4	HP:0002018(Nausea);HP:0025143(Chills);HP:0033834(Malaise);HP:0100749(Chest pain)
Pontocerebellar_Hypoplasia	MONDO:0020135	11	325	8	0	1	2	9	HP:0002180(Neurodegeneration);HP:0003128(Lactic acidosis)
Porphyria_due_to_ALA_Dehydratase_Deficiency	MONDO:0013000	11	52	11	0	0	0	11	
Post-Traumatic_Stress_Disorder	MONDO:0005146	4	0	0	0	0	4	0	HP:0000716(Depression);HP:0000739(Anxiety);HP:0032937(Recurrent, involuntary, and intrusive distressing memories);HP:0032942(Avoidance of stimuli associated with traumatic event)
Postcricoid_Region_Cancer	MONDO:0004635	4	0	0	0	0	4	0	HP:0001609(Hoarse voice);HP:0001903(Anemia);HP:0002015(Dysphagia);HP:0002093(Respiratory insufficiency)
Posterior_Myocardial_Infarction	MONDO:0003672	3	0	0	0	0	3	0	HP:0012250(ST segment depression);HP:0012251(ST segment elevation);HP:0100749(Chest pain)
Posterior_Polymorphous_Corneal_Dystrophy	MONDO:0020364	9	30	9	0	0	0	9	
Postinfectious_Vasculitis	MONDO:0018837	10	57	8	0	2	0	10	
Postpoliomyelitis_Syndrome	MONDO:0017416	7	18	5	1	0	1	6	HP:6000855(Cold intolerance)
Postural_Orthostatic_Tachycardia_Syndrome	MONDO:0011479	14	2	1	0	1	12	2	HP:0001063(Acrocyanosis);HP:0001279(Syncope);HP:0001337(Tremor);HP:0001962(Palpitations);HP:0002018(Nausea);HP:0002094(Dyspnea);HP:0002315(Headache);HP:0002321(Vertigo);HP:0003546(Exercise intolerance);HP:0012378(Fatigue);HP:0033630(Brain fog);HP:0100749(Chest pain)
Pouchitis	MONDO:0005312	5	10	5	0	0	0	5	
Prader-Willi_Syndrome	MONDO:0008300	25	237	25	0	0	0	25	
Preeclampsia	MONDO:0005081	10	50	9	1	0	0	10	
Premenstrual_Dysphoric_Disorder	MONDO:1010182	13	0	0	0	0	13	0	HP:0000712(Emotional lability);HP:0000716(Depression);HP:0000737(Irritability);HP:0000739(Anxiety);HP:0002315(Headache);HP:0002360(Sleep disturbance);HP:0002591(Polyphagia);HP:0003270(Abdominal distention);HP:0012154(Anhedonia);HP:0012378(Fatigue);HP:0031589(Suicidal ideation);HP:0034265(Mastalgia);HP:0100543(Cognitive impairment)
Primary_Biliary_Cholangitis	MONDO:0005388	4	41	4	0	0	0	4	
Primary_Carnitine_Deficiency	MONDO:0008919	10	40	6	1	0	3	7	HP:0001695(Cardiac arrest);HP:0001985(Hypoketotic hypoglycemia);HP:0004308(Ventricular arrhythmia)
Primary_Ciliary_Dyskinesia	MONDO:0016575	29	180	29	0	0	0	29	
Primary_Coenzyme_Q10_Deficiency	MONDO:0018151	8	169	7	0	1	0	8	
Primary_Cutaneous_Aggressive_Epidermotropic_CD8_T-cell_Lymphoma	MONDO:0015811	3	0	0	0	0	3	0	HP:0002011(Morphological central nervous system abnormality);HP:0200036(Skin nodule);HP:0200042(Skin ulcer)
Primary_Hyperoxaluria_Type_1	MONDO:0009823	4	43	4	0	0	0	4	
Primary_Hyperoxaluria_Type_2	MONDO:0009824	4	13	3	1	0	0	4	
Primary_Hyperoxaluria_Type_3	MONDO:0013327	3	10	3	0	0	0	3	
Primary_Hypertrophic_Osteoarthropathy	MONDO:0016620	12	73	11	1	0	0	12	
Primary_Lateral_Sclerosis	MONDO:0018155	3	45	2	0	1	0	3	
Primary_Myelofibrosis	MONDO:0009692	29	39	29	0	0	0	29	
Primary_Pigmented_Nodular_Adrenocortical_Disease	MONDO:0015999	10	36	8	0	0	2	8	HP:0001003(Multiple lentigines);HP:0004322(Short stature)
Primary_Polyarteritis_Nodosa	MONDO:0018593	11	0	0	0	0	11	0	HP:0000707(Abnormality of the nervous system);HP:0000822(Hypertension);HP:0000951(Abnormality of the skin);HP:0001824(Weight loss);HP:0001945(Fever);HP:0002617(Vascular dilatation);HP:0002633(Vasculitis);HP:0003326(Myalgia);HP:0009830(Peripheral neuropathy);HP:0011024(Abnormality of the gastrointestinal tract);HP:0200029(Vasculitis in the skin)
Primary_Progressive_Aphasia	MONDO:0019806	2	61	2	0	0	0	2	
Primary_Progressive_Apraxia_of_Speech	MONDO:0017803	5	0	0	0	0	5	0	HP:0001260(Dysarthria);HP:0002015(Dysphagia);HP:0002071(Abnormality of extrapyramidal motor function);HP:0002381(Aphasia);HP:0011098(Speech apraxia)
Primary_Sclerosing_Cholangitis	MONDO:0013433	4	59	4	0	0	0	4	
Primary_Tonsillar_Lymphoma	MONDO:0044884	7	0	0	0	0	7	0	HP:0001824(Weight loss);HP:0001945(Fever);HP:0002015(Dysphagia);HP:0002716(Lymphadenopathy);HP:0030166(Night sweats);HP:0030812(Enlarged tonsils);HP:0033050(Pharyngalgia)
Primary_Triglyceride_Deposit_Cardiomyovasculopathy	MONDO:0035423	5	29	2	1	2	0	5	
Primrose_Syndrome	MONDO:0009798	24	101	15	2	4	3	21	HP:0000098(Tall stature);HP:0002007(Frontal bossing);HP:0010788(Testicular neoplasm)
Progressive_Bulbar_Palsy	MONDO:0008890	7	8	1	0	0	6	1	HP:0001260(Dysarthria);HP:0001308(Tongue fasciculations);HP:0001618(Dysphonia);HP:0002193(Pseudobulbar affect);HP:0002307(Drooling);HP:0012473(Tongue atrophy)
Progressive_Familial_Heart_Block	MONDO:0019490	5	21	4	0	0	1	4	HP:0006677(Prolonged QRS complex)
Progressive_Muscular_Atrophy	MONDO:0018687	7	1	0	0	0	7	0	HP:0001284(Areflexia);HP:0001324(Muscle weakness);HP:0002015(Dysphagia);HP:0002380(Fasciculations);HP:0003202(Skeletal muscle atrophy);HP:0003445(EMG: neuropathic changes);HP:0007373(Motor neuron atrophy)
Progressive_Myoclonus_Epilepsy	MONDO:0020074	6	175	6	0	0	0	6	
Progressive_Supranuclear_Palsy	MONDO:0019037	15	112	13	0	0	2	13	HP:0002019(Constipation);HP:0033051(Impaired executive functioning)
Propionic_Acidemia	MONDO:0011628	17	40	9	1	0	7	10	HP:0000365(Hearing impairment);HP:0000648(Optic atrophy);HP:0000717(Autism);HP:0001657(Prolonged QT interval);HP:0003201(Rhabdomyolysis);HP:0012128(Basal ganglia necrosis);HP:0012622(Chronic kidney disease)
Prostate_Adenocarcinoma	MONDO:0005082	3	0	0	0	0	3	0	HP:0000790(Hematuria);HP:0002653(Bone pain);HP:0012378(Fatigue)
Proteasome_Associated_Autoinflammatory_Syndrome	MONDO:0009726	7	137	4	1	1	1	6	HP:0009710(Chilblains)
Proteus_syndrome	MONDO:0008318	25	132	15	4	1	5	20	HP:0000505(Visual impairment);HP:0000639(Nystagmus);HP:0002206(Pulmonary fibrosis);HP:0012426(Optic disc drusen);HP:0012531(Pain)
Prune_Belly_Syndrome	MONDO:0007032	17	39	7	4	4	2	15	HP:0000110(Renal dysplasia);HP:0001622(Premature birth)
Prurigo_Nodularis	MONDO:0026045	2	0	0	0	0	2	0	HP:0000989(Pruritus);HP:0200036(Skin nodule)
Pseudohypoparathyroidism	MONDO:0019992	14	87	11	0	0	3	11	HP:0001263(Global developmental delay);HP:0001281(Tetany);HP:0007099(Chiari type I malformation)
Pseudopseudohypoparathyroidism	MONDO:0012912	13	29	13	0	0	0	13	
Pseudoxanthoma_Elasticum	MONDO:0100091	11	67	8	2	0	1	10	HP:0001658(Myocardial infarction)
Psittacosis	MONDO:0005888	4	1	1	0	0	3	1	HP:0001945(Fever);HP:0002094(Dyspnea);HP:0012735(Cough)
Psoriasis	MONDO:0005083	16	39	10	0	0	6	10	HP:0000716(Depression);HP:0000989(Pruritus);HP:0031090(Finger dactylitis);HP:0100686(Enthesitis);HP:6000724(Auspitz sign);HP:6000933(Koebner Phenomenon)
Psoriasis_14_Pustular	MONDO:0013626	6	15	4	0	0	2	4	HP:0033605(Pustular rash);HP:0040189(Scaling skin)
Psoriatic_Arthritis	MONDO:0011849	8	29	6	0	0	2	6	HP:0008404(Nail dystrophy);HP:0033631(Spondylitis)
Pulmonary_Hemosiderosis	MONDO:0008346	29	34	29	0	0	0	29	
Pulmonary_Veno_Occlusive_Disease_And_Or_Pulmonary_Capillary_Haemangiomatosis	MONDO:0018554	8	0	0	0	0	8	0	HP:0001708(Right ventricular failure);HP:0002092(Pulmonary arterial hypertension);HP:0002094(Dyspnea);HP:0012418(Hypoxemia);HP:0030879(Interlobular septal thickening);HP:0045051(Decreased DLCO);HP:0100598(Pulmonary edema);HP:0100721(Mediastinal lymphadenopathy)
Pulmonary_hypertension	MONDO:0005149	10	188	10	0	0	0	10	
Punctate_Palmoplantar_Keratoderma	MONDO:0017675	3	40	2	1	0	0	3	
Pycnodysostosis	MONDO:0009940	21	74	17	4	0	0	21	
Pyridoxine-Dependent_Epilepsy	MONDO:0020741	8	16	3	0	0	5	3	HP:0000717(Autism);HP:0002079(Hypoplasia of the corpus callosum);HP:0002119(Ventriculomegaly);HP:0012469(Infantile spasms);HP:0032807(Neonatal seizure)
Pyruvate_Carboxylase_Deficiency_Disease	MONDO:0009949	12	77	9	1	1	1	11	HP:0001298(Encephalopathy)
Pyruvate_Dehydrogenase_Deficiency	MONDO:0019169	55	208	55	0	0	0	55	
Pyruvate_Kinase_Deficiency	MONDO:0009950	8	26	7	0	1	0	8	
Q_Fever	MONDO:0019186	5	64	3	2	0	0	5	
RAB33B-Related_Smith-McCort_Dysplasia_2	MONDO:0014087	2	27	1	0	0	1	1	HP:0002652(Skeletal dysplasia)
RET_Fusion_Thyroid_Cancer	MONDO:0005075	3	3	0	0	1	2	1	HP:0002716(Lymphadenopathy);HP:0012378(Fatigue)
RET_Rearranged_NSCLC	MONDO:0005061	3	0	0	0	0	3	0	HP:0004375(Neoplasm of the nervous system);HP:0030078(Lung adenocarcinoma);HP:0100526(Neoplasm of the lung)
RHO-Related_Retinopathy	MONDO:0700380	6	13	5	1	0	0	6	
RNU12-related_Minor_Spliceopathy	MONDO:1060223	7	69	0	2	5	0	7	
ROS1_Rearranged_NSCLC	MONDO:0005061	5	0	0	0	0	5	0	HP:0002094(Dyspnea);HP:0002202(Pleural effusion);HP:0004375(Neoplasm of the nervous system);HP:0012735(Cough);HP:0030078(Lung adenocarcinoma)
RPE65-Related_Retinopathy	MONDO:0100368	6	19	4	1	1	0	6	
RPGR-Related_Retinopathy	MONDO:0100437	11	17	10	0	0	1	10	HP:0000550(Undetectable electroretinogram)
RYR2_CPVT	MONDO:0017990	9	32	9	0	0	0	9	
Rabies	MONDO:0019173	1	22	0	0	0	1	0	HP:0002383(Infectious encephalitis)
Rasmussen_Encephalitis	MONDO:0016019	5	48	3	0	1	1	4	HP:0002448(Progressive encephalopathy)
Raynaud_Disease	MONDO:0008364	5	2	1	0	0	4	1	HP:0001063(Acrocyanosis);HP:0003401(Paresthesia);HP:0031917(Digital ulcer);HP:0033402(Digital ischemia)
ReNU_Syndrome	MONDO:0971172	25	209	19	0	2	4	21	HP:0000772(Abnormal rib morphology);HP:0000938(Osteopenia);HP:0001385(Hip dysplasia);HP:0002757(Recurrent fractures)
Reelin_Pathway_Lissencephaly	MONDO:0019450	7	0	0	0	0	7	0	HP:0001249(Intellectual disability);HP:0001251(Ataxia);HP:0001302(Pachygyria);HP:0001321(Cerebellar hypoplasia);HP:0001339(Lissencephaly);HP:0012110(Hypoplasia of the pons);HP:0025100(Abnormal hippocampus morphology)
Refeeding_Syndrome	MONDO:0400005	7	0	0	0	0	7	0	HP:0000969(Edema);HP:0001250(Seizure);HP:0001635(Congestive heart failure);HP:0001876(Pancytopenia);HP:0002093(Respiratory insufficiency);HP:0011675(Arrhythmia);HP:0031258(Delirium)
Relapsing_Polychondritis	MONDO:0019125	15	53	7	0	2	6	9	HP:0000939(Osteoporosis);HP:0001659(Aortic regurgitation);HP:0002647(Aortic dissection);HP:0005280(Depressed nasal bridge);HP:0033434(Nasal septum perforation);HP:6001461(Aortitis)
Renal_Agenesis	MONDO:0018470	6	44	6	0	0	0	6	
Renal_Artery_Obstruction	MONDO:0006945	10	0	0	0	0	10	0	HP:0000083(Renal insufficiency);HP:0000790(Hematuria);HP:0001635(Congestive heart failure);HP:0001919(Acute kidney injury);HP:0001920(Renal artery stenosis);HP:0001945(Fever);HP:0012622(Chronic kidney disease);HP:0030157(Flank pain);HP:0100598(Pulmonary edema);HP:0100817(Renovascular hypertension)
Renal_Cell_Carcinoma	MONDO:0005086	2	49	0	1	0	1	1	HP:0030157(Flank pain)
Renal_Tubular_Acidosis_Distal_4_with_Hemolytic_Anemia	MONDO:0012700	12	16	7	0	1	4	8	HP:0000952(Jaundice);HP:0004444(Spherocytosis);HP:0004445(Elliptocytosis);HP:0011423(Hyperchloremia)
Renpenning_syndrome	MONDO:0010653	11	92	7	0	2	2	9	HP:0000717(Autism);HP:0002282(Gray matter heterotopia)
Respiratory_Syncytial_Virus_Infection	MONDO:0001577	7	0	0	0	0	7	0	HP:0001945(Fever);HP:0002094(Dyspnea);HP:0002104(Apnea);HP:0002789(Tachypnea);HP:0012418(Hypoxemia);HP:0012735(Cough);HP:0030828(Wheezing)
Retinal_Arterial_Tortuosity	MONDO:0008373	4	4	3	0	0	1	3	HP:0000603(Central scotoma)
Retinoblastoma	MONDO:0008380	6	29	3	0	2	1	5	HP:0200026(Ocular pain)
Retinopathy_of_Prematurity	MONDO:0006952	5	15	2	1	2	0	5	
Retrograde_Cricopharyngeus_Dysfunction	MONDO:0100099	4	0	0	0	0	4	0	HP:0002018(Nausea);HP:0003270(Abdominal distention);HP:0025031(Abnormality of the digestive system);HP:0100749(Chest pain)
Rett_Syndrome	MONDO:0010726	14	55	13	0	1	0	14	
Reversible_Infantile_Cytochrome_c_Oxidase_Deficiency	MONDO:0957524	6	0	0	0	0	6	0	HP:0001252(Hypotonia);HP:0002134(Abnormal basal ganglia morphology);HP:0002747(Respiratory insufficiency due to muscle weakness);HP:0003128(Lactic acidosis);HP:0003200(Ragged-red muscle fibers);HP:0011968(Feeding difficulties)
Rhabdoid_Tumor	MONDO:0002728	5	40	2	1	0	2	3	HP:0031459(Soft tissue neoplasm);HP:0031500(Abdominal mass)
Rheumatoid_Arthritis	MONDO:0008383	30	76	13	3	2	12	18	HP:0000939(Osteoporosis);HP:0001097(Keratoconjunctivitis sicca);HP:0001288(Gait disturbance);HP:0001324(Muscle weakness);HP:0001371(Flexion contracture);HP:0001658(Myocardial infarction);HP:0002202(Pleural effusion);HP:0003467(Atlantoaxial instability);HP:0004943(Accelerated atherosclerosis);HP:0006515(Interstitial pneumonitis);HP:0030880(Raynaud phenomenon);HP:0100532(Scleritis)
Rheumatoid_Vasculitis	MONDO:0043267	11	0	0	0	0	11	0	HP:0000979(Purpura);HP:0001824(Weight loss);HP:0001945(Fever);HP:0002633(Vasculitis);HP:0009830(Peripheral neuropathy);HP:0032018(Multiple mononeuropathy);HP:0033402(Digital ischemia);HP:0033505(Livedo reticularis);HP:0100533(Inflammatory abnormality of the eye);HP:0100758(Gangrene);HP:0200042(Skin ulcer)
Rhinovirus_Infection	MONDO:0005709	5	1	1	0	0	4	1	HP:0001742(Nasal congestion);HP:0025095(Sneeze);HP:0030828(Wheezing);HP:0031417(Rhinorrhea)
Rhizomelic_Chondrodysplasia_Punctata_Plasmalogen_Synthesis_Defect	MONDO:0015776	9	93	8	1	0	0	9	
Rhizomelic_Chondrodysplasia_Punctata_Type_1	MONDO:0008972	8	28	5	0	2	1	7	HP:0008897(Postnatal growth retardation)
Ritscher-Schinzel_Syndrome	MONDO:0019078	17	150	8	0	2	7	10	HP:0000093(Proteinuria);HP:0001513(Obesity);HP:0001999(Abnormal facial shape);HP:0002593(Intestinal lymphangiectasia);HP:0002870(Obstructive sleep apnea);HP:0003124(Hypercholesterolemia);HP:0004313(Decreased circulating immunoglobulin concentration)
Roifman-syndrome	MONDO:0014722	5	54	0	0	3	2	3	HP:0000486(Strabismus);HP:0001999(Abnormal facial shape)
Rosacea	MONDO:0006604	9	0	0	0	0	9	0	HP:0000282(Facial edema);HP:0000414(Bulbous nose);HP:0000498(Blepharitis);HP:0001041(Facial erythema);HP:0007380(Facial telangiectasia);HP:0012724(Upper eyelid edema);HP:0030350(Erythematous papule);HP:0031284(Flushing);HP:0200039(Pustule)
Rosai-Dorfman_Disease	MONDO:0006412	15	92	10	1	0	4	11	HP:0001742(Nasal congestion);HP:0001974(Increased total leukocyte count);HP:0002176(Spinal cord compression);HP:0010651(Abnormal meningeal morphology)
Rothmund-Thomson_Syndrome	MONDO:0010002	15	177	12	2	1	0	15	
Rubella	MONDO:0004656	9	31	4	2	0	3	6	HP:0001945(Fever);HP:0002716(Lymphadenopathy);HP:0002829(Arthralgia)
Rubinstein-Taybi_Syndrome	MONDO:0019188	22	245	19	1	1	1	21	HP:0010701(Abnormal circulating immunoglobulin concentration)
Rumination_Disorder	MONDO:0001301	4	0	0	0	0	4	0	HP:0000682(Abnormal dental enamel morphology);HP:0000716(Depression);HP:0000739(Anxiety);HP:0100738(Abnormal eating behavior)
SADDAN	MONDO:0014658	10	55	8	0	0	2	8	HP:0002119(Ventriculomegaly);HP:0002324(Hydranencephaly)
SCAD_Deficiency	MONDO:0008722	10	36	9	0	1	0	10	
SCN2A-Related_Developmental_and_Epileptic_Encephalopathy	MONDO:0013388	6	11	2	0	3	1	5	HP:0011097(Epileptic spasm)
SCN8A-Related_Developmental_and_Epileptic_Encephalopathy	MONDO:0013801	7	26	3	0	1	3	4	HP:0001251(Ataxia);HP:0001266(Choreoathetosis);HP:0001332(Dystonia)
SCO1-Related_COX_Deficiency	MONDO:0033636	5	21	0	0	0	5	0	HP:0001250(Seizure);HP:0001298(Encephalopathy);HP:0001399(Hepatic failure);HP:0003128(Lactic acidosis);HP:0040075(Hypopituitarism)
SCO2-Related_Fatal_Infantile_Cardioencephalomyopathy	MONDO:0011451	3	122	3	0	0	0	3	
SECISBP2_Deficiency	MONDO:0800046	11	20	3	0	1	7	4	HP:0000027(Azoospermia);HP:0000407(Sensorineural hearing impairment);HP:0000992(Cutaneous photosensitivity);HP:0001250(Seizure);HP:0001508(Failure to thrive);HP:0003560(Muscular dystrophy);HP:0011840(Abnormal T cell physiology)
SEPSECS_Deficiency	MONDO:0013438	6	18	2	0	2	2	4	HP:0001252(Hypotonia);HP:0001321(Cerebellar hypoplasia)
SETBP1_Disorder	MONDO:0014482	11	57	5	1	3	2	9	HP:0001260(Dysarthria);HP:0011098(Speech apraxia)
SETD1B-Related_Neurodevelopmental_Disorder	MONDO:0033559	21	19	5	1	6	9	12	HP:0000365(Hearing impairment);HP:0000478(Abnormality of the eye);HP:0000718(Aggressive behavior);HP:0000752(Hyperactivity);HP:0001257(Spasticity);HP:0001270(Motor delay);HP:0002360(Sleep disturbance);HP:0002376(Developmental regression);HP:0011968(Feeding difficulties)
SHH_Holoprosencephaly_Spectrum	MONDO:0007733	11	38	8	0	1	2	9	HP:0001250(Seizure);HP:0010627(Anterior pituitary hypoplasia)
SLC13A5_Citrate_Transporter_Disorder	MONDO:0014392	11	19	7	0	2	2	9	HP:0001249(Intellectual disability);HP:0032807(Neonatal seizure)
SLC35A2-CDG	MONDO:0010478	11	105	9	1	1	0	11	
SLC45A1-Related_Neuronal_Glucose_Transporter_Deficiency	MONDO:0044322	4	14	2	1	1	0	4	
SLC6A1-Related_Disorder	MONDO:0014633	15	48	10	0	1	4	11	HP:0000733(Motor stereotypy);HP:0002014(Diarrhea);HP:0002019(Constipation);HP:0002376(Developmental regression)
SMAD6-related_Craniosynostosis	MONDO:0044315	5	3	0	2	0	3	2	HP:0001249(Intellectual disability);HP:0002516(Increased intracranial pressure);HP:0011330(Metopic synostosis)
SNAP25_Encephalopathy	MONDO:0032678	5	10	1	0	0	4	1	HP:0001249(Intellectual disability);HP:0002059(Cerebral atrophy);HP:0100022(Abnormality of movement);HP:0100704(Cerebral visual impairment)
SOX10_Neurocristopathy_Spectrum	MONDO:0013202	3	13	2	0	0	1	2	HP:0009830(Peripheral neuropathy)
STAG3-related_gametogenic_failure	MONDO:0014321	4	7	2	0	0	2	2	HP:0000027(Azoospermia);HP:0003251(Male infertility)
STAT2_Deficiency	MONDO:0014715	4	10	1	0	0	3	1	HP:0004429(Recurrent viral infections);HP:0012156(Hemophagocytosis);HP:0031697(Disseminated infection with live vaccine virus)
STAT6_Gain_of_Function_Disease	MONDO:0957807	15	15	9	1	2	3	12	HP:0002716(Lymphadenopathy);HP:0003193(Allergic rhinitis);HP:0004944(Dilatation of the cerebral artery)
STING_Associated_Vasculopathy_with_Onset_in_Infancy	MONDO:0014405	6	38	3	0	1	2	4	HP:0005764(Polyarticular arthritis);HP:0200029(Vasculitis in the skin)
STK4_Deficiency	MONDO:0013934	18	25	8	1	3	6	12	HP:0001433(Hepatosplenomegaly);HP:0003212(Increased circulating IgE concentration);HP:0005353(Recurrent herpes);HP:0005403(Decreased total T cell count);HP:0010702(Increased circulating immunoglobulin concentration);HP:0010976(Decreased total B cell count)
STRA6-related_syndromic_microphthalmia	MONDO:0011010	10	53	6	1	0	3	7	HP:0000365(Hearing impairment);HP:0012385(Camptodactyly);HP:0033725(Thin corpus callosum)
STX1B-Related_Epilepsy	MONDO:0014517	2	8	1	0	1	0	2	
STXBP1_Encephalopathy	MONDO:0012812	10	46	8	1	1	0	10	
SUFU-related_Nevoid_Basal_Cell_Carcinoma_Syndrome	MONDO:0958189	5	15	3	0	0	2	3	HP:0010603(Odontogenic keratocysts of the jaw);HP:0010618(Ovarian fibroma)
SURF1-Related_Leigh_Syndrome	MONDO:0700250	14	40	8	0	1	5	9	HP:0000998(Hypertrichosis);HP:0001298(Encephalopathy);HP:0001332(Dystonia);HP:0002363(Abnormal brainstem morphology);HP:0011968(Feeding difficulties)
SYCE1_Related_Gametogenic_Failure	MONDO:1060214	5	9	4	0	0	1	4	HP:0008209(Premature ovarian insufficiency)
SYCP3-related_spermatogenic_failure	MONDO:0010052	3	2	2	0	1	0	3	
SYN1-Related_Disorder	MONDO:0010339	2	6	2	0	0	0	2	
SYNGAP1-Related_Developmental_and_Epileptic_Encephalopathy	MONDO:0012960	14	52	8	5	1	0	14	
SYT1_Baker-Gordon_Syndrome	MONDO:0033864	7	70	5	0	2	0	7	
Saethre-Chotzen_Syndrome	MONDO:0007042	7	81	6	1	0	0	7	
Sagittal_Sinus_Thrombosis	MONDO:0002695	7	0	0	0	0	7	0	HP:0001085(Papilledema);HP:0001250(Seizure);HP:0001269(Hemiparesis);HP:0001342(Cerebral hemorrhage);HP:0002315(Headache);HP:0002516(Increased intracranial pressure);HP:0007185(Loss of consciousness)
Salla_Disease	MONDO:0011449	15	17	9	0	0	6	9	HP:0000709(Psychosis);HP:0000718(Aggressive behavior);HP:0001272(Cerebellar atrophy);HP:0002079(Hypoplasia of the corpus callosum);HP:0002360(Sleep disturbance);HP:0006808(Cerebral hypomyelination)
Sandhoff_Disease	MONDO:0010006	6	89	6	0	0	0	6	
Sanfilippo_syndrome	MONDO:0018937	18	159	13	2	3	0	18	
Sarcoidosis	MONDO:0019338	40	121	32	6	0	2	38	HP:0001635(Congestive heart failure);HP:0030166(Night sweats)
Sarcoma_Of_Cervix_Uteri	MONDO:0016280	3	0	0	0	0	3	0	HP:0000853(Goiter);HP:0030079(Cervix cancer);HP:0034263(Abnormal vaginal bleeding)
Satoyoshi_Syndrome	MONDO:0010922	10	38	6	2	0	2	8	HP:0000554(Uveitis);HP:0002027(Abdominal pain)
Scabies	MONDO:0004525	2	0	0	0	0	2	0	HP:0000988(Skin rash);HP:0000989(Pruritus)
Scapuloperoneal_Spinal_Muscular_Atrophy	MONDO:0008408	10	31	2	0	3	5	5	HP:0001605(Vocal cord paralysis);HP:0002804(Arthrogryposis multiplex congenita);HP:0003445(EMG: neuropathic changes);HP:0003484(Upper limb muscle weakness);HP:0009027(Foot dorsiflexor weakness)
Scarlet_Fever	MONDO:0005952	5	3	1	0	0	4	1	HP:0001945(Fever);HP:0025289(Cervical lymphadenopathy);HP:0025439(Pharyngitis);HP:0031042(Strawberry tongue)
Schindler_Disease	MONDO:0012221	7	35	4	0	0	3	4	HP:0000618(Blindness);HP:0001284(Areflexia);HP:0034381(Central nervous system axonal spheroid)
Schinzel-Giedion_Syndrome	MONDO:0010010	4	127	3	1	0	0	4	
Schistosomiasis	MONDO:0015254	2	4	1	0	0	1	1	HP:0001903(Anemia)
Schizophrenia	MONDO:0005090	3	130	2	1	0	0	3	
Schneckenbecken_Dysplasia	MONDO:0010013	18	44	11	1	2	4	14	HP:0000474(Thickened nuchal skin fold);HP:0001591(Bell-shaped thorax);HP:0002089(Pulmonary hypoplasia);HP:0002857(Genu valgum)
Schnitzler_Syndrome	MONDO:0018304	13	21	8	1	0	4	9	HP:0001701(Pericarditis);HP:0001824(Weight loss);HP:0011227(Elevated circulating C-reactive protein concentration);HP:0020196(IgM heavy chain paraproteinemia)
Schwannoma	MONDO:0002546	5	47	5	0	0	0	5	
Schwannomatosis	MONDO:0008075	3	26	2	1	0	0	3	
Scimitar_Syndrome	MONDO:0015987	6	39	5	1	0	0	6	
Sclerosing_Cholangitis	MONDO:0018646	10	91	9	0	1	0	10	
Sclerosteosis	MONDO:0017838	10	61	8	1	1	0	10	
Scurvy	MONDO:0009412	6	0	0	0	0	6	0	HP:0000225(Gingival bleeding);HP:0000967(Petechiae);HP:0000978(Bruising susceptibility);HP:0001058(Poor wound healing);HP:0002829(Arthralgia);HP:0012378(Fatigue)
Sea-Blue_Histiocyte_Syndrome	MONDO:0010017	6	8	3	0	0	3	3	HP:0002155(Hypertriglyceridemia);HP:0002240(Hepatomegaly);HP:0002716(Lymphadenopathy)
Seborrheic_Dermatitis	MONDO:0006608	4	1	0	0	0	4	0	HP:0000989(Pruritus);HP:0001000(Abnormality of skin pigmentation);HP:0025474(Erythematous plaque);HP:0040189(Scaling skin)
Seckel_Syndrome	MONDO:0019342	9	184	6	1	0	2	7	HP:0000518(Cataract);HP:0002140(Ischemic stroke)
Secondary_Hypertension	MONDO:0001200	1	1	0	0	0	1	0	HP:0000822(Hypertension)
Segmental_Arterial_Mediolysis	MONDO:0957452	9	0	0	0	0	9	0	HP:0000822(Hypertension);HP:0001297(Stroke);HP:0002027(Abdominal pain);HP:0002617(Vascular dilatation);HP:0003418(Back pain);HP:0005294(Arterial dissection);HP:0011029(Internal hemorrhage);HP:0030157(Flank pain);HP:0031273(Shock)
Self-Limited_Epilepsy_with_Centrotemporal_Spikes	MONDO:0007295	8	22	6	0	1	1	7	HP:0001260(Dysarthria)
Semantic_Dementia	MONDO:0010857	4	26	2	0	1	1	3	HP:0010528(Prosopagnosia)
Semicircular_Canal_Dehiscence_Syndrome	MONDO:0018484	8	0	0	0	0	8	0	HP:0000405(Conductive hearing impairment);HP:0000639(Nystagmus);HP:0002141(Gait imbalance);HP:0002321(Vertigo);HP:0008629(Pulsatile tinnitus);HP:0010780(Hyperacusis);HP:0034773(Oscillopsia);HP:6000032(Autophony)
Sengers_syndrome	MONDO:0008922	7	36	4	1	0	2	5	HP:0001635(Congestive heart failure);HP:0010463(Aplasia of the ovary)
Senior-Loken_Syndrome	MONDO:0017842	12	62	12	0	0	0	12	
Sensory_Ataxic_Neuropathy_Dysarthria_Ophthalmoparesis	MONDO:0011835	10	93	9	0	1	0	10	
Severe_Combined_Immunodeficiency	MONDO:0015974	13	464	12	1	0	0	13	
Sezary_Syndrome	MONDO:0017844	4	29	4	0	0	0	4	
Shigellosis	MONDO:0019345	5	46	4	0	1	0	5	
Short-Rib_Polydactyly_Syndrome	MONDO:0015461	19	567	19	0	0	0	19	
Short_QT_Syndrome	MONDO:0000453	6	13	6	0	0	0	6	
Shprintzen-Goldberg_Syndrome	MONDO:0008426	10	81	7	0	2	1	9	HP:0001519(Disproportionate tall stature)
Sialidosis_Type_1	MONDO:0019346	20	42	16	3	0	1	19	HP:0001272(Cerebellar atrophy)
Sickle_Cell_Disease	MONDO:0011382	21	48	20	0	0	1	20	HP:0002098(Respiratory distress)
Sifrim-Hitz-Weiss_Syndrome	MONDO:0014946	15	39	6	0	7	2	13	HP:0000750(Delayed speech and language development);HP:0010646(Cervical spine instability)
Silent_Sinus_Syndrome	MONDO:0019108	8	3	1	3	0	4	4	HP:0000272(Malar flattening);HP:0000324(Facial asymmetry);HP:0006784(Paranasal sinus hypoplasia);HP:0034494(Opacified paranasal sinuses)
Silicosis	MONDO:0005960	9	0	0	0	0	9	0	HP:0002091(Restrictive ventilatory defect);HP:0002093(Respiratory insufficiency);HP:0002094(Dyspnea);HP:0002206(Pulmonary fibrosis);HP:0003493(Antinuclear antibody positivity);HP:0006536(Airway obstruction);HP:0012735(Cough);HP:0032262(Pulmonary tuberculosis);HP:0100526(Neoplasm of the lung)
Silver_Russell_Syndrome	MONDO:0008394	11	145	10	0	0	1	10	HP:0007018(Attention deficit hyperactivity disorder)
Sinoatrial_Block	MONDO:0020806	7	0	0	0	0	7	0	HP:0001279(Syncope);HP:0001662(Bradycardia);HP:0001962(Palpitations);HP:0002321(Vertigo);HP:0003546(Exercise intolerance);HP:0012378(Fatigue);HP:0031972(Presyncope)
Sitosterolemia	MONDO:0008863	12	31	12	0	0	0	12	
Sjogren-Larsson_Syndrome	MONDO:0010031	11	45	8	0	0	3	8	HP:0000989(Pruritus);HP:0001622(Premature birth);HP:0002352(Leukoencephalopathy)
Sjogrens_Syndrome	MONDO:0010030	30	91	25	4	0	1	29	HP:0000670(Carious teeth)
Skin_Fragility_Woolly_Hair_Syndrome	MONDO:0011882	3	0	0	0	0	3	0	HP:0000982(Palmoplantar keratoderma);HP:0002224(Woolly hair);HP:0007585(Skin fragility with non-scarring blistering)
Sly_syndrome	MONDO:0009662	8	79	7	1	0	0	8	
Small_Cell_Lung_Cancer	MONDO:0008433	2	1	0	0	1	1	1	HP:0004375(Neoplasm of the nervous system)
Small_Intestinal_Bacterial_Overgrowth	MONDO:0400000	8	0	0	0	0	8	0	HP:0001824(Weight loss);HP:0002014(Diarrhea);HP:0002024(Malabsorption);HP:0002027(Abdominal pain);HP:0002570(Steatorrhea);HP:0003270(Abdominal distention);HP:0004395(Malnutrition);HP:0100502(Decreased circulating vitamin B12 concentration)
Small_Intestine_Cancer	MONDO:0000956	8	0	0	0	0	8	0	HP:0001824(Weight loss);HP:0001891(Iron deficiency anemia);HP:0002014(Diarrhea);HP:0002027(Abdominal pain);HP:0002239(Gastrointestinal hemorrhage);HP:0005214(Intestinal obstruction);HP:0031284(Flushing);HP:0100833(Neoplasm of the small intestine)
Smith-Lemli-Opitz_syndrome	MONDO:0010035	8	178	5	1	2	0	8	
Smith-Magenis_Syndrome	MONDO:0008434	29	132	23	5	1	0	29	
Snakebite_Envenoming	MONDO:0018669	4	34	4	0	0	0	4	
Sneddon_syndrome	MONDO:0008436	3	66	2	0	0	1	2	HP:0001873(Thrombocytopenia)
Snijders_Blok-Campeau_Syndrome	MONDO:0032600	21	44	13	0	4	4	17	HP:0000219(Thin upper lip vermilion);HP:0000307(Pointed chin);HP:0000668(Hypodontia);HP:0007021(Pain insensitivity)
Social_Anxiety_Disorder	MONDO:0001247	8	0	0	0	0	8	0	HP:0000716(Depression);HP:0000739(Anxiety);HP:0001962(Palpitations);HP:0002094(Dyspnea);HP:0002321(Vertigo);HP:0031589(Suicidal ideation);HP:0100852(Abnormal fear-induced behavior);HP:6000029(Social anxiety)
Soil_Transmitted_Helminthiases	MONDO:0004664	1	224	1	0	0	0	1	
Solitary_Fibrous_Tumor	MONDO:0016238	3	31	2	0	0	1	2	HP:0002094(Dyspnea)
Southern_Tick-Associated_Rash_Illness	MONDO:0025294	6	87	5	0	0	1	5	HP:0031180(Erythema migrans)
Spasmodic_Dysphonia	MONDO:0000485	5	0	0	0	0	5	0	HP:0001609(Hoarse voice);HP:0001618(Dysphonia);HP:0005934(Imperfect vocal cord adduction);HP:0012049(Laryngeal dystonia);HP:0012477(Vocal tremor)
Spasticity-Ataxia-Gait_Anomalies_Syndrome	MONDO:0014803	6	37	3	2	0	1	5	HP:0001332(Dystonia)
Spinal_Cord_Ischemia	MONDO:0020688	8	0	0	0	0	8	0	HP:0000020(Urinary incontinence);HP:0002445(Tetraplegia);HP:0002878(Respiratory failure);HP:0003418(Back pain);HP:0004374(Hemiplegia/hemiparesis);HP:0007328(Impaired pain sensation);HP:0010551(Paraplegia/paraparesis);HP:0012531(Pain)
Spinal_Muscular_Atrophy	MONDO:0001516	35	442	29	5	1	0	35	
Spinal_Muscular_Atrophy_Progressive_Myoclonic_Epilepsy	MONDO:0008045	6	46	3	1	2	0	6	
Spinal_Muscular_Atrophy_with_Respiratory_Distress_Type_1	MONDO:0011436	12	30	7	0	1	4	8	HP:0000763(Sensory neuropathy);HP:0001284(Areflexia);HP:0002015(Dysphagia);HP:0012332(Abnormal autonomic nervous system physiology)
Spinocerebellar_Ataxia_Type_17	MONDO:0011781	10	46	8	0	1	1	9	HP:0000709(Psychosis)
Splenic_Artery_Aneurysm	MONDO:0001856	5	0	0	0	0	5	0	HP:0002027(Abdominal pain);HP:0002239(Gastrointestinal hemorrhage);HP:0002617(Vascular dilatation);HP:0011029(Internal hemorrhage);HP:0031274(Hypovolemic shock)
Split_Hand_Foot_Malformation	MONDO:0016576	7	57	6	0	0	1	6	HP:0010442(Polydactyly)
Spondylocarpotarsal_Synostosis_Syndrome	MONDO:0010094	16	49	12	0	2	2	14	HP:0000311(Round face);HP:0001387(Joint stiffness)
Spondylocostal_Dysostosis	MONDO:0000359	9	122	8	0	0	1	8	HP:0002092(Pulmonary arterial hypertension)
Spondylodysplastic_Ehlers-Danlos_Syndrome	MONDO:0007526	20	175	17	0	0	3	17	HP:0000563(Keratoconus);HP:0000677(Oligodontia);HP:0002619(Varicose veins)
Spondyloepimetaphyseal_Dysplasia_Bieganski_Type	MONDO:0010275	14	66	4	1	2	7	7	HP:0000252(Microcephaly);HP:0000407(Sensorineural hearing impairment);HP:0000546(Retinal degeneration);HP:0001263(Global developmental delay);HP:0001382(Joint hypermobility);HP:0002344(Progressive neurologic deterioration);HP:0002657(Spondylometaphyseal dysplasia)
Spondyloepimetaphyseal_Dysplasia_Strudwick_Type	MONDO:0008476	17	48	8	1	0	8	9	HP:0000541(Retinal detachment);HP:0002663(Delayed epiphyseal ossification);HP:0002758(Osteoarthritis);HP:0002808(Kyphosis);HP:0003467(Atlantoaxial instability);HP:0009826(Limb undergrowth);HP:0030043(Hip subluxation);HP:0100255(Metaphyseal dysplasia)
Spondyloepiphyseal_Dysplasia_Congenita	MONDO:0008471	19	66	16	1	1	1	18	HP:0002663(Delayed epiphyseal ossification)
Spondylometaphyseal_Dysplasia_Kozlowski_Type	MONDO:0008477	20	63	15	1	2	2	18	HP:0002196(Myelopathy);HP:0002653(Bone pain)
Squamous_Cell_Carcinoma_of_Penis	MONDO:0018352	3	0	0	0	0	3	0	HP:0000032(Abnormal male external genitalia morphology);HP:0000078(Abnormality of the genital system);HP:0034751(Inguinal lymphadenopathy)
Stankiewicz_Isidor_syndrome	MONDO:0054591	12	85	6	1	5	0	12	
Stargardt_Disease	MONDO:0019353	15	59	13	0	0	2	13	HP:0030602(Abnormal fundus autofluorescence imaging);HP:0030610(Photoreceptor outer segment loss on macular OCT)
Stevens-Johnson_Syndrome	MONDO:0018229	10	39	4	0	1	5	5	HP:0002093(Respiratory insufficiency);HP:0003249(Genital ulcers);HP:0031446(Erosion of oral mucosa);HP:0032156(Skin detachment);HP:0033834(Malaise)
Stickler_Syndrome_Type_1	MONDO:0007160	28	52	20	2	1	5	23	HP:0000162(Glossoptosis);HP:0000389(Chronic otitis media);HP:0000768(Pectus carinatum);HP:0001252(Hypotonia);HP:0007992(Lattice retinal degeneration)
Stiff_Person_Syndrome	MONDO:0008491	24	51	24	0	0	0	24	
Striate_Palmoplantar_Keratoderma_Type_2	MONDO:0013034	10	5	2	0	2	6	4	HP:0001644(Dilated cardiomyopathy);HP:0007501(Streaks of hyperkeratosis along each finger onto the palm);HP:0011675(Arrhythmia);HP:0025114(Hypergranulosis);HP:0031057(Skin fissure);HP:0034702(Abnormal keratinocyte morphology)
Stromme_Syndrome	MONDO:0009477	27	30	14	0	2	11	16	HP:0000343(Long philtrum);HP:0000400(Macrotia);HP:0000448(Prominent nose);HP:0000463(Anteverted nares);HP:0000505(Visual impairment);HP:0000593(Abnormal anterior chamber morphology);HP:0000969(Edema);HP:0001249(Intellectual disability);HP:0001270(Motor delay);HP:0001627(Abnormal heart morphology);HP:0001873(Thrombocytopenia)
Sturge-Weber_Syndrome	MONDO:0008501	8	53	4	2	0	2	6	HP:0001052(Nevus flammeus);HP:0001269(Hemiparesis)
Subacute_Inflammatory_Demyelinating_Polyneuropathy	MONDO:0016102	3	40	1	0	2	0	3	
Succinic_Semialdehyde_Dehydrogenase_Deficiency	MONDO:0010083	21	35	12	3	0	6	15	HP:0001332(Dystonia);HP:0002072(Chorea);HP:0002360(Sleep disturbance);HP:0007183(Focal T2 hyperintense basal ganglia lesion);HP:0033258(Sudden unexpected death in epilepsy);HP:0100660(Dyskinesia)
Susac_Syndrome	MONDO:0019390	9	23	6	0	0	3	6	HP:0000575(Scotoma);HP:0001298(Encephalopathy);HP:0020161(Branch retinal artery occlusion)
Sweet_Syndrome	MONDO:0011959	11	42	6	3	1	1	10	HP:0033834(Malaise)
Synovial_Sarcoma	MONDO:0010434	5	1	0	0	1	4	1	HP:0001824(Weight loss);HP:0012531(Pain);HP:0031459(Soft tissue neoplasm);HP:0100526(Neoplasm of the lung)
Systemic_Lupus_Erythematosus	MONDO:0007915	30	155	30	0	0	0	30	
Systemic_Mastocytosis	MONDO:0016586	12	73	12	0	0	0	12	
Systemic_Sclerosis	MONDO:0005100	20	112	20	0	0	0	20	
TACO1-Related_COX_Deficiency	MONDO:0033638	6	13	0	0	1	5	1	HP:0000505(Visual impairment);HP:0001268(Mental deterioration);HP:0001298(Encephalopathy);HP:0003128(Lactic acidosis);HP:0007146(Bilateral basal ganglia lesions)
TARP_syndrome	MONDO:0010711	14	70	11	0	1	2	12	HP:0000448(Prominent nose);HP:0000565(Esotropia)
TBX6-Associated_Congenital_Scoliosis	MONDO:0007389	2	13	2	0	0	0	2	
TGFBI_Corneal_Dystrophies	MONDO:0000764	6	36	6	0	0	0	6	
THG1L-Related_Disorder	MONDO:0032923	10	14	2	0	2	6	4	HP:0000252(Microcephaly);HP:0000347(Micrognathia);HP:0001263(Global developmental delay);HP:0001272(Cerebellar atrophy);HP:0012736(Profound global developmental delay);HP:0200134(Epileptic encephalopathy)
THUMPD1-Related_Neurodevelopmental_Disorder	MONDO:0859272	7	22	4	0	1	2	5	HP:0000708(Atypical behavior);HP:0001999(Abnormal facial shape)
TNF_Receptor-Associated_Periodic_Syndrome	MONDO:0007727	10	54	7	1	1	1	9	HP:0000093(Proteinuria)
TP63_Ectodermal_Dysplasia_Spectrum	MONDO:1040001	12	162	11	1	0	0	12	
TTN_Related_Myopathy_Dominant_Negative_TTNsv	MONDO:0100494	6	56	2	0	2	2	4	HP:0001371(Flexion contracture);HP:0003327(Axial muscle weakness)
TUBA1A-related_Tubulinopathy	MONDO:0012703	6	38	3	0	3	0	6	
TUBB2A_TUBB2B-related_Cortical_Malformation	MONDO:0018763	10	24	4	0	3	3	7	HP:0002126(Polymicrogyria);HP:0002134(Abnormal basal ganglia morphology);HP:0007015(Poor gross motor coordination)
TUBB3-related_Tubulinopathy	MONDO:0100154	9	19	2	0	3	4	5	HP:0001249(Intellectual disability);HP:0001321(Cerebellar hypoplasia);HP:0002126(Polymicrogyria);HP:0002363(Abnormal brainstem morphology)
Taeniasis_Cysticercosis	MONDO:0015484	1	49	1	0	0	0	1	
Takayasu_Arteritis	MONDO:0017991	52	54	52	0	0	0	52	
Tall_Stature-Intellectual_Disability-Renal_Anomalies_Syndrome	MONDO:0014918	6	56	3	1	1	1	5	HP:0000085(Horseshoe kidney)
Tangier_Disease	MONDO:0008783	23	38	23	0	0	0	23	
Tatton-Brown-Rahman_overgrowth_syndrome	MONDO:0014382	4	64	2	0	2	0	4	
Taurodontism	MONDO:0010098	5	1	1	0	2	2	3	HP:0009804(Tooth agenesis);HP:0011069(Supernumerary tooth)
Tay-Sachs_Disease	MONDO:0010100	20	77	16	1	2	1	19	HP:0006808(Cerebral hypomyelination)
Tay-Sachs_Disease_AB_Variant	MONDO:0010099	6	38	5	1	0	0	6	
Temple-Baraitser_Syndrome	MONDO:0012735	11	61	11	0	0	0	11	
Temporal_Lobe_Epilepsy	MONDO:0005115	2	25	0	0	1	1	1	HP:0002354(Memory impairment)
Temtamy_Preaxial_Brachydactyly_Syndrome	MONDO:0011533	21	63	16	3	2	0	21	
Temtamy_Syndrome	MONDO:0009033	12	47	6	1	3	2	10	HP:0000729(Autistic behavior);HP:0001627(Abnormal heart morphology)
Terminal_Osseous_Dysplasia	MONDO:0010279	12	44	11	1	0	0	12	
Testicular_Germ_Cell_Tumor	MONDO:0010108	4	6	1	0	0	3	1	HP:0000028(Cryptorchidism);HP:0000771(Gynecomastia);HP:0010788(Testicular neoplasm)
Testicular_Seminoma	MONDO:0003669	5	0	0	0	0	5	0	HP:0000028(Cryptorchidism);HP:0010788(Testicular neoplasm);HP:0025435(Increased circulating lactate dehydrogenase concentration);HP:0100728(Germ cell neoplasia);HP:6000485(Elevated circulating beta chorionic gonadotropin concentration)
Testicular_Sex_Cord_Stromal_Neoplasm	MONDO:0003125	6	2	0	0	0	6	0	HP:0000771(Gynecomastia);HP:0000826(Precocious puberty);HP:0008204(Precocious puberty with Sertoli cell tumor);HP:0010788(Testicular neoplasm);HP:0012041(Decreased fertility in males);HP:0032404(Testicular mass)
Tetanus	MONDO:0005526	6	30	4	0	1	1	5	HP:0002878(Respiratory failure)
Tetrahydrobiopterin_Deficiency	MONDO:0016543	11	70	9	1	0	1	10	HP:0000870(Increased circulating prolactin concentration)
Thallium_Poisoning	MONDO:0041996	8	0	0	0	0	8	0	HP:0001289(Confusion);HP:0001410(Decreased liver function);HP:0001596(Alopecia);HP:0001649(Tachycardia);HP:0001820(Leukonychia);HP:0002019(Constipation);HP:0002027(Abdominal pain);HP:0009830(Peripheral neuropathy)
Thanatophoric_Dysplasia_Type_1	MONDO:0008546	19	65	17	1	1	0	19	
Thanatophoric_Dysplasia_Type_2	MONDO:0008547	22	48	18	1	0	3	19	HP:0001263(Global developmental delay);HP:0002324(Hydranencephaly);HP:0004060(Trident hand)
Thomsen_and_Becker_disease	MONDO:0009710	5	21	4	0	0	1	4	HP:0003236(Elevated circulating creatine kinase concentration)
Thromboangiitis_Obliterans	MONDO:0008889	6	19	4	1	0	1	5	HP:6000627(Rest limb pain)
Thunderstorm_Asthma	MONDO:0004784	7	0	0	0	0	7	0	HP:0002094(Dyspnea);HP:0002099(Asthma);HP:0003193(Allergic rhinitis);HP:0004887(Respiratory failure requiring assisted ventilation);HP:0006536(Airway obstruction);HP:0012735(Cough);HP:0030828(Wheezing)
Thymic_Carcinoma	MONDO:0006451	7	13	4	1	1	1	6	HP:0033827(Anterior mediastinal mass)
Thymoma	MONDO:0006456	3	39	1	0	0	2	1	HP:0002719(Recurrent infections);HP:0033827(Anterior mediastinal mass)
Thyroid_Follicular_Carcinoma	MONDO:0005034	3	21	0	0	0	3	0	HP:0002094(Dyspnea);HP:0002653(Bone pain);HP:0025388(Thyroid nodule)
Timothy_Syndrome	MONDO:0010979	8	32	4	1	3	0	8	
Tooth_Agenesis	MONDO:0005486	6	0	0	0	0	6	0	HP:0000668(Hypodontia);HP:0000674(Anodontia);HP:0000677(Oligodontia);HP:0001592(Selective tooth agenesis);HP:0009804(Tooth agenesis);HP:0100834(Neoplasm of the large intestine)
Tooth_and_Nail_Syndrome	MONDO:0008582	5	0	0	0	0	5	0	HP:0000668(Hypodontia);HP:0000677(Oligodontia);HP:0000698(Conical tooth);HP:0000699(Diastema);HP:0002164(Nail dysplasia)
Torsade_De_Pointes_Syndrome_With_Short_Coupling_Interval	MONDO:0013317	7	0	0	0	0	7	0	HP:0001279(Syncope);HP:0001645(Sudden cardiac death);HP:0001663(Ventricular fibrillation);HP:0001664(Torsade de pointes);HP:0001695(Cardiac arrest);HP:0006682(Premature ventricular contraction);HP:0031677(Polymorphic ventricular tachycardia)
Tourette_Syndrome	MONDO:0007661	6	0	0	0	0	6	0	HP:0000716(Depression);HP:0000722(Compulsive behaviors);HP:0000739(Anxiety);HP:0002360(Sleep disturbance);HP:0007018(Attention deficit hyperactivity disorder);HP:0100033(Tics)
Trachoma	MONDO:0001249	1	0	0	0	0	1	0	HP:0000618(Blindness)
Transaldolase_Deficiency	MONDO:0011624	19	44	18	0	0	1	18	HP:0000815(Hypergonadotropic hypogonadism)
Transitional_Cell_Carcinoma	MONDO:0006474	2	0	0	0	0	2	0	HP:0000790(Hematuria);HP:0009725(Bladder neoplasm)
Transketolase_Deficiency	MONDO:0014881	6	30	3	0	1	2	4	HP:0002028(Chronic diarrhea);HP:0012072(Aciduria)
Transverse_Myelitis	MONDO:0021553	10	0	0	0	0	10	0	HP:0000011(Neurogenic bladder);HP:0001257(Spasticity);HP:0001324(Muscle weakness);HP:0002607(Bowel incontinence);HP:0003418(Back pain);HP:0003474(Somatic sensory dysfunction);HP:0004373(Focal dystonia);HP:0010550(Paraplegia);HP:0011964(Intermittent painful muscle spasms);HP:0012486(Myelitis)
Travelers_Diarrhea	MONDO:0001673	3	176	3	0	0	0	3	
Treacher_Collins_Syndrome	MONDO:0002457	12	96	9	0	1	2	10	HP:0002781(Upper airway obstruction);HP:0002870(Obstructive sleep apnea)
Trehalase_Deficiency	MONDO:0012803	3	6	3	0	0	0	3	
Trichothiodystrophy	MONDO:0018053	8	198	7	0	1	0	8	
Triglyceride_Storage_Disease_Type_1	MONDO:0008601	7	2	0	0	0	7	0	HP:0000407(Sensorineural hearing impairment);HP:0000518(Cataract);HP:0001397(Hepatic steatosis);HP:0001399(Hepatic failure);HP:0002240(Hepatomegaly);HP:0003198(Myopathy);HP:0007479(Congenital nonbullous ichthyosiform erythroderma)
Triglyceride_Storage_Disease_Type_2	MONDO:0008602	2	1	0	0	0	2	0	HP:0001638(Cardiomyopathy);HP:0003198(Myopathy)
Trimethylaminuria	MONDO:0018767	3	16	3	0	0	0	3	
Triosephosphate_Isomerase_Deficiency	MONDO:0014221	4	38	1	1	0	2	2	HP:0002180(Neurodegeneration);HP:0002344(Progressive neurologic deterioration)
Triphalangeal_Thumb_Polysyndactyly	MONDO:0008270	3	9	2	0	1	0	3	
Triple_Negative_Breast_Cancer	MONDO:0005494	2	0	0	0	0	2	0	HP:0002664(Neoplasm);HP:0003002(Breast carcinoma)
Tuberculosis	MONDO:0018076	10	8	2	0	0	8	2	HP:0001945(Fever);HP:0002094(Dyspnea);HP:0002105(Hemoptysis);HP:0003418(Back pain);HP:0012378(Fatigue);HP:0030166(Night sweats);HP:0034315(Chronic cough);HP:0100749(Chest pain)
Tuberous_Sclerosis_Complex	MONDO:0001734	30	83	22	2	2	4	26	HP:0001699(Sudden death);HP:0005686(Patchy osteosclerosis);HP:0005948(Multiple pulmonary cysts);HP:0031111(Cutaneous hamartoma)
Tularemia	MONDO:0018077	5	39	4	1	0	0	5	
Twin_to_Twin_Transfusion_Syndrome	MONDO:0019805	9	0	0	0	0	9	0	HP:0001511(Intrauterine growth retardation);HP:0001561(Polyhydramnios);HP:0001562(Oligohydramnios);HP:0001622(Premature birth);HP:0001640(Cardiomegaly);HP:0001789(Hydrops fetalis);HP:0025716(Fetal anemia);HP:0030753(Intrauterine fetal demise of one twin after midgestation);HP:0031110(Twin-to-twin transfusion)
Type_2_Diabetes_Mellitus	MONDO:0005148	10	3	1	0	1	8	2	HP:0000103(Polyuria);HP:0000488(Retinopathy);HP:0000842(Hyperinsulinemia);HP:0001513(Obesity);HP:0001959(Polydipsia);HP:0003074(Hyperglycemia);HP:0009830(Peripheral neuropathy);HP:0012378(Fatigue)
Type_I_Diabetes	MONDO:0005147	15	9	3	1	0	11	4	HP:0000112(Nephropathy);HP:0000488(Retinopathy);HP:0001289(Confusion);HP:0001626(Abnormality of the cardiovascular system);HP:0001824(Weight loss);HP:0002013(Vomiting);HP:0002027(Abdominal pain);HP:0002789(Tachypnea);HP:0003076(Glycosuria);HP:0009830(Peripheral neuropathy);HP:0012378(Fatigue)
Tyrosinemia_Type_I	MONDO:0010161	16	40	7	0	3	6	10	HP:0000969(Edema);HP:0001298(Encephalopathy);HP:0001395(Hepatic fibrosis);HP:0002027(Abdominal pain);HP:0002878(Respiratory failure);HP:0100543(Cognitive impairment)
Tyrosinemia_Type_II	MONDO:0010160	6	25	5	0	0	1	5	HP:0001131(Corneal dystrophy)
UGDH-Related_Developmental_and_Epileptic_Encephalopathy_84	MONDO:0032918	6	31	1	1	2	2	4	HP:0001249(Intellectual disability);HP:0002015(Dysphagia)
UGP2-Related_Developmental_and_Epileptic_Encephalopathy_83	MONDO:0032895	3	31	1	0	1	1	2	HP:0200134(Epileptic encephalopathy)
UNC13A_Congenital_NDD_with_Epilepsy	MONDO:0980940	12	77	7	2	2	1	11	HP:0001371(Flexion contracture)
UNC13A_NDD_with_Seizures_and_Movement_Disorder	MONDO:0980941	6	57	5	0	0	1	5	HP:0001263(Global developmental delay)
Ulcerative_Colitis	MONDO:0005101	14	0	0	0	0	14	0	HP:0001349(Facial diplegia);HP:0001369(Arthritis);HP:0001824(Weight loss);HP:0001903(Anemia);HP:0002027(Abdominal pain);HP:0011107(Recurrent aphthous stomatitis);HP:0012122(Anterior uveitis);HP:0012219(Erythema nodosum);HP:0012378(Fatigue);HP:0012701(Bowel urgency);HP:0012702(Tenesmus);HP:0025085(Bloody diarrhea);HP:0030991(Sclerosing cholangitis);HP:0100534(Episcleritis)
Ullrich_Congenital_Muscular_Dystrophy	MONDO:0000355	31	76	31	0	0	0	31	
Ulnar-Mammary_Syndrome	MONDO:0008411	20	70	13	1	0	6	14	HP:0000015(Bladder diverticulum);HP:0000044(Hypogonadotropic hypogonadism);HP:0000456(Bifid nasal tip);HP:0000966(Hypohidrosis);HP:0008240(Secondary growth hormone deficiency);HP:0010297(Bifid tongue)
Undetermined_Early_Onset_Epileptic_Encephalopathy	MONDO:0018614	6	159	5	1	0	0	6	
Unverricht-Lundborg_Disease	MONDO:0009698	9	16	5	1	0	3	6	HP:0000712(Emotional lability);HP:0000716(Depression);HP:0001327(Photosensitive myoclonic seizure)
Urea_Cycle_Disorder	MONDO:0004739	14	287	13	1	0	0	14	
Urinary_Bladder_Small_Cell_Neuroendocrine_Carcinoma	MONDO:0004114	4	6	2	0	1	1	3	HP:0100515(Pollakisuria)
Urticaria	MONDO:0005492	1	151	1	0	0	0	1	
Usher_Syndrome	MONDO:0019501	9	73	9	0	0	0	9	
Uterine_Leiomyoma	MONDO:0007886	7	1	1	0	0	6	1	HP:0000132(Menorrhagia);HP:0000789(Infertility);HP:0001891(Iron deficiency anemia);HP:0002019(Constipation);HP:0034267(Pelvic pain);HP:0100607(Dysmenorrhea)
Uveal_Melanoma	MONDO:0006486	3	18	1	0	0	2	1	HP:0001123(Visual field defect);HP:0007663(Reduced visual acuity)
VAMP2-Related_Disorder	MONDO:0032900	6	15	5	0	0	1	5	HP:0002487(Hyperkinetic movements)
VCP-associated_Multisystem_Proteinopathy	MONDO:0008178	10	32	3	0	1	6	4	HP:0001638(Cardiomyopathy);HP:0002015(Dysphagia);HP:0002094(Dyspnea);HP:0002460(Distal muscle weakness);HP:0002878(Respiratory failure);HP:0007354(Amyotrophic lateral sclerosis)
VEXAS_Syndrome	MONDO:0026777	11	23	8	0	1	2	9	HP:0034786(Leukocytoclastic vasculitis);HP:0100532(Scleritis)
VLCAD_Deficiency	MONDO:0008723	15	62	9	1	3	2	13	HP:0003128(Lactic acidosis);HP:0003546(Exercise intolerance)
VPS53-Related_Pontocerebellar_Hypoplasia_Type_2E	MONDO:0014370	7	36	3	0	1	3	4	HP:0000365(Hearing impairment);HP:0001321(Cerebellar hypoplasia);HP:0001392(Abnormality of the liver)
Van_Buchem_Disease	MONDO:0009395	8	18	4	2	1	1	7	HP:0002516(Increased intracranial pressure)
Vascular_Ehlers-Danlos_Syndrome	MONDO:0017314	11	128	10	1	0	0	11	
Vertebral_Artery_Insufficiency	MONDO:0001631	10	0	0	0	0	10	0	HP:0000651(Diplopia);HP:0001251(Ataxia);HP:0001260(Dysarthria);HP:0002015(Dysphagia);HP:0002140(Ischemic stroke);HP:0002315(Headache);HP:0002321(Vertigo);HP:0002326(Transient ischemic attack);HP:0030321(Abnormal vertebral artery morphology);HP:0030833(Neck pain)
Vici_Syndrome	MONDO:0009452	15	86	12	2	0	1	14	HP:0012448(Delayed myelination)
Viral_Encephalitis	MONDO:0006009	11	184	8	3	0	0	11	
Viral_Hemorrhagic_Fever	MONDO:0018087	13	203	13	0	0	0	13	
Visceral_Heterotaxy	MONDO:0018677	7	167	6	0	0	1	6	HP:0012722(Heart block)
Visual_Snow_Syndrome	MONDO:0018486	5	24	5	0	0	0	5	
Vitamin_K_Dependent_Coagulation_Factor_Deficiency	MONDO:0015722	11	54	9	0	2	0	11	
Vitiligo	MONDO:0008661	9	0	0	0	0	9	0	HP:0000407(Sensorineural hearing impairment);HP:0000554(Uveitis);HP:0000992(Cutaneous photosensitivity);HP:0001045(Vitiligo);HP:0001053(Hypopigmented skin patches);HP:0001097(Keratoconjunctivitis sicca);HP:0002290(Poliosis);HP:0011364(White hair);HP:6000933(Koebner Phenomenon)
Vogt-Koyanagi-Harada_Disease	MONDO:0018092	10	39	6	2	0	2	8	HP:0007894(Fundus hypopigmentation);HP:0033430(Non-infectious meningitis)
Von_Hippel-Lindau_Disease	MONDO:0008667	8	47	7	1	0	0	8	
Vulvar_Adenocarcinoma	MONDO:0024336	4	0	0	0	0	4	0	HP:0000989(Pruritus);HP:0012531(Pain);HP:0030416(Vulvar neoplasm);HP:0200042(Skin ulcer)
Vulvar_Carcinoma	MONDO:0005215	5	0	0	0	0	5	0	HP:0000989(Pruritus);HP:0002664(Neoplasm);HP:0011355(Localized skin lesion);HP:0012531(Pain);HP:0200042(Skin ulcer)
WAGR_Syndrome	MONDO:0008681	18	51	12	1	1	4	14	HP:0001252(Hypotonia);HP:0002719(Recurrent infections);HP:0007018(Attention deficit hyperactivity disorder);HP:0007750(Hypoplasia of the fovea)
Waldenstrom_Macroglobulinemia	MONDO:0100280	3	48	2	0	0	1	2	HP:0020196(IgM heavy chain paraproteinemia)
Warburg_Micro_Syndrome	MONDO:0016649	14	118	13	0	0	1	13	HP:0000044(Hypogonadotropic hypogonadism)
Warsaw_breakage_syndrome	MONDO:0013252	8	24	3	1	4	0	8	
Weaver_Syndrome	MONDO:0010193	16	97	11	0	1	4	12	HP:0001027(Soft, doughy skin);HP:0001520(Large for gestational age);HP:0003006(Neuroblastoma);HP:0007874(Almond-shaped palpebral fissure)
Whipple_Disease	MONDO:0005116	10	47	4	1	3	2	8	HP:0002094(Dyspnea);HP:0100543(Cognitive impairment)
Wieacker_Wolff_Syndrome	MONDO:0010758	20	54	18	1	0	1	19	HP:0000175(Cleft palate)
Wiedemann-Steiner_Syndrome	MONDO:0011518	19	102	13	1	5	0	19	
Williams_Syndrome	MONDO:0008678	29	232	25	0	1	3	26	HP:0000855(Insulin resistance);HP:0001263(Global developmental delay);HP:0012775(Stellate iris)
Wilms_Tumor	MONDO:0006058	7	28	6	0	1	0	7	
Wilsons_Disease	MONDO:0010200	59	100	48	2	1	8	51	HP:0000338(Hypomimic face);HP:0000938(Osteopenia);HP:0001251(Ataxia);HP:0001635(Congestive heart failure);HP:0001638(Cardiomyopathy);HP:0007302(Bipolar affective disorder);HP:0011675(Arrhythmia);HP:0012332(Abnormal autonomic nervous system physiology)
Wiskott_Aldrich_Syndrome	MONDO:0010518	31	120	31	0	0	0	31	
Wissler_syndrome	MONDO:0006018	12	0	0	0	0	12	0	HP:0001369(Arthritis);HP:0001635(Congestive heart failure);HP:0001698(Pericardial effusion);HP:0001701(Pericarditis);HP:0001903(Anemia);HP:0001954(Recurrent fever);HP:0001974(Increased total leukocyte count);HP:0002829(Arthralgia);HP:0002907(Microscopic hematuria);HP:0012819(Myocarditis);HP:0200029(Vasculitis in the skin);HP:4000054(Exanthem)
Wolf-Hirschhorn_Syndrome	MONDO:0008684	19	140	11	5	3	0	19	
Wolman_Disease	MONDO:0019148	8	21	5	1	1	1	7	HP:0002014(Diarrhea)
Woodhouse-Sakati_Syndrome	MONDO:0009419	12	55	8	2	0	2	10	HP:0002015(Dysphagia);HP:0002500(Abnormal cerebral white matter morphology)
X-Linked_Hypophosphatemia	MONDO:0010619	11	69	9	0	1	1	10	HP:0002757(Recurrent fractures)
X-Linked_Infantile_Spinal_Muscular_Atrophy	MONDO:0010532	7	57	3	1	2	1	6	HP:0002659(Increased susceptibility to fractures)
X-linked_Agammaglobulinemia	MONDO:0010421	15	62	14	0	1	0	15	
X-linked_Dystonia-Parkinsonism	MONDO:0010747	12	20	5	1	4	2	10	HP:0004409(Hyposmia);HP:0007325(Generalized dystonia)
X-linked_Hypohidrotic_Ectodermal_Dysplasia	MONDO:0010585	19	52	13	0	1	5	14	HP:0000677(Oligodontia);HP:0001097(Keratoconjunctivitis sicca);HP:0001742(Nasal congestion);HP:0002205(Recurrent respiratory infections);HP:0030828(Wheezing)
X-linked_Nonsyndromic_Hearing_Loss	MONDO:0019586	3	23	2	0	1	0	3	
X-linked_Syndromic_Intellectual_Disability_Turner_Type	MONDO:0010407	5	77	4	0	1	0	5	
Xeroderma_Pigmentosum	MONDO:0019600	12	122	10	1	0	1	11	HP:0001332(Dystonia)
YWHAG_Syndrome	MONDO:0033365	12	19	7	2	1	2	10	HP:0000750(Delayed speech and language development);HP:0001270(Motor delay)
Yaws	MONDO:0006019	1	1	0	0	0	1	0	HP:0200042(Skin ulcer)
Yolk_Sac_Tumor	MONDO:0005744	7	0	0	0	0	7	0	HP:0002027(Abdominal pain);HP:0006254(Elevated circulating alpha-fetoprotein concentration);HP:0010788(Testicular neoplasm);HP:0031500(Abdominal mass);HP:0033823(Mediastinal mass);HP:0034263(Abnormal vaginal bleeding);HP:0100615(Ovarian neoplasm)
You-Hoover-Fong_Syndrome	MONDO:0014848	8	64	6	0	1	1	7	HP:0001627(Abnormal heart morphology)
ZTTK_syndrome	MONDO:0014936	4	138	2	0	2	0	4	
Zellweger_Spectrum_Disorders	MONDO:0019609	17	344	14	0	0	3	14	HP:0000546(Retinal degeneration);HP:0000787(Nephrolithiasis);HP:0000938(Osteopenia)
Zimmermann_Laband_Syndrome	MONDO:0000200	44	107	44	0	0	0	44	
Zlotogora-Ogur_Syndrome	MONDO:0009151	13	59	6	4	2	1	12	HP:0002558(Supernumerary nipple)
aceruloplasminemia	MONDO:0011426	6	48	2	2	0	2	4	HP:0000488(Retinopathy);HP:0001695(Cardiac arrest)
adrenoleukodystrophy	MONDO:0018544	15	131	11	1	1	2	13	HP:0001824(Weight loss);HP:0002039(Anorexia)
angioosteohypertrophic_syndrome	MONDO:0007864	4	43	0	2	0	2	2	HP:0001052(Nevus flammeus);HP:0012531(Pain)
capillary_leak_syndrome	MONDO:0001956	4	23	1	0	1	2	2	HP:0001899(Increased hematocrit);HP:0003073(Hypoalbuminemia)
erythromelalgia	MONDO:0016028	2	25	2	0	0	0	2	
neuroferritinopathy	MONDO:0011638	8	58	6	1	1	0	8	
oligoastrocytoma	MONDO:0016702	4	0	0	0	0	4	0	HP:0001250(Seizure);HP:0002315(Headache);HP:0012638(Abnormal nervous system physiology);HP:0100543(Cognitive impairment)
ornithine_aminotransferase_deficiency	MONDO:0009796	9	22	7	0	1	1	8	HP:0100543(Cognitive impairment)
pseudotumor_cerebri	MONDO:0009468	4	22	4	0	0	0	4	
