curie,label,retrieved_at
MONDO:0000001,disease,2026-03-18T01:49:51.181981
MONDO:0000004,adrenocortical insufficiency,2026-08-01T14:38:07.083019
MONDO:0000009,"inherited bleeding disorder, platelet-type",2026-08-24T16:32:42.986070
MONDO:0000030,familial sleep-related hypermotor epilepsy,2026-05-09T01:09:36.834628
MONDO:0000107,auriculocondylar syndrome,2026-06-18T20:07:08.301151
MONDO:0000127,geleophysic dysplasia,2026-05-09T21:27:59.044915
MONDO:0000128,giant axonal neuropathy,2026-08-20T20:34:21.524750
MONDO:0000133,immunodeficiency-centromeric instability-facial anomalies syndrome,2026-05-09T23:37:50.052079
MONDO:0000136,keratosis follicularis spinulosa decalvans,2026-05-11T12:39:46.788157
MONDO:0000141,mosaic variegated aneuploidy syndrome,2026-05-11T08:59:36.407867
MONDO:0000170,"microphthalmia, isolated, with coloboma",2026-06-15T23:06:00.734477
MONDO:0000171,"muscular dystrophy-dystroglycanopathy, type A",2026-03-17T19:33:28.989918
MONDO:0000172,"muscular dystrophy-dystroglycanopathy, type B",2026-03-17T19:33:28.994776
MONDO:0000173,"muscular dystrophy-dystroglycanopathy, type C",2026-03-17T19:33:28.999148
MONDO:0000193,cortisone reductase deficiency,2026-05-10T01:30:29.663580
MONDO:0000200,Zimmermann-Laband syndrome,2026-03-17T19:53:30.995439
MONDO:0000208,"microcephaly, short stature, and impaired glucose metabolism 1",2026-08-20T07:17:12.498408
MONDO:0000211,"striatal degeneration, autosomal dominant",2026-05-11T14:11:53.768034
MONDO:0000212,"hypercalcemia, infantile",2026-05-03T00:42:15.523917
MONDO:0000227,African tick-bite fever,2026-08-19T11:04:50.814932
MONDO:0000262,otomycosis,2026-03-17T19:29:55.806256
MONDO:0000288,polycystic echinococcosis,2026-03-18T01:49:51.181397
MONDO:0000313,hypophosphatemia,2026-03-17T19:50:38.611734
MONDO:0000327,Buruli ulcer disease,2026-03-18T01:49:51.181741
MONDO:0000330,endemic typhus,2026-05-10T05:24:19.405937
MONDO:0000334,multinodular goiter,2026-08-01T14:45:10.090268
MONDO:0000341,paralytic poliomyelitis,2026-07-28T12:18:03.039766
MONDO:0000355,Ullrich congenital muscular dystrophy,2026-05-09T07:20:01.565411
MONDO:0000358,orofacial cleft,2026-08-01T00:59:22.549601
MONDO:0000359,spondylocostal dysostosis,2026-06-28T18:23:55.301926
MONDO:0000365,primary congenital glaucoma,2026-08-20T07:39:45.652120
MONDO:0000390,vitelliform macular dystrophy,2026-03-17T19:52:47.928483
MONDO:0000396,spastic cerebral palsy,2026-08-02T03:51:40.342193
MONDO:0000397,ataxic cerebral palsy,2026-08-02T03:52:36.914563
MONDO:0000400,mixed cerebral palsy,2026-08-02T03:53:05.304070
MONDO:0000409,chorioamnionitis,2026-08-04T00:07:31.601904
MONDO:0000437,cerebellar ataxia,2026-08-19T21:12:38.128593
MONDO:0000447,autosomal dominant polycystic liver disease,2026-05-08T23:53:09.998269
MONDO:0000453,short QT syndrome,2026-04-12T15:36:19.938422
MONDO:0000463,Ochoa syndrome,2026-05-03T05:46:00.890685
MONDO:0000481,cervical dystonia,2026-08-16T20:56:00.716693
MONDO:0000485,spasmodic dystonia,2026-07-08T10:18:07.774288
MONDO:0000491,limb ischemia,2026-03-17T19:25:01.281554
MONDO:0000495,oppositional defiant disorder,2026-05-01T20:49:53.929318
MONDO:0000507,inclusion body myopathy with Paget disease of bone and frontotemporal dementia,2026-05-08T22:50:06.039628
MONDO:0000508,syndromic intellectual disability,2026-07-31T19:15:50.429752
MONDO:0000510,synucleinopathy,2026-03-18T01:49:51.181013
MONDO:0000521,salivary gland carcinoma,2026-08-05T22:40:31.427360
MONDO:0000548,ovarian clear cell cancer,2026-07-31T06:29:56.277163
MONDO:0000565,infective endocarditis,2026-08-10T01:44:06.555619
MONDO:0000645,fallopian tube benign neoplasm,2026-07-28T12:14:32.927654
MONDO:0000660,akinetopsia,2026-03-18T01:49:51.182070
MONDO:0000690,body dysmorphic disorder,2026-04-28T10:16:07.582954
MONDO:0000700,familial hemiplegic migraine,2026-03-18T01:49:51.180973
MONDO:0000701,ischemic colitis,2026-03-18T01:49:51.181180
MONDO:0000702,microscopic colitis,2026-03-18T01:49:51.181806
MONDO:0000704,lymphocytic colitis,2026-03-18T01:49:51.181177
MONDO:0000705,Clostridium difficile colitis,2026-03-18T01:49:51.181172
MONDO:0000755,ectopic pregnancy,2026-08-04T00:46:02.673329
MONDO:0000763,epithelial and subepithelial corneal dystrophy,2026-08-19T12:56:16.094989
MONDO:0000764,epithelial-stromal TGFBI dystrophy,2026-06-20T04:31:07.131017
MONDO:0000766,corneal endothelial dystrophy,2026-08-19T12:56:20.576925
MONDO:0000811,anomalous left coronary artery from the pulmonary artery,2026-05-14T14:12:14.371225
MONDO:0000819,anencephaly,2026-08-01T00:25:50.177389
MONDO:0000820,cerebral cavernous malformation,2026-05-04T16:31:14.623506
MONDO:0000845,fibrous dysplasia,2026-03-17T19:44:31.178362
MONDO:0000863,"myopathy, lactic acidosis, and sideroblastic anemia",2026-05-07T09:03:05.075324
MONDO:0000873,lymphoblastic lymphoma,2026-07-20T14:48:00.355155
MONDO:0000878,cytomegalovirus retinitis,2026-05-30T17:27:08.992880
MONDO:0000890,Zika virus congenital syndrome,2026-06-11T17:02:47.085338
MONDO:0000902,agenesis of the corpus callosum with peripheral neuropathy,2026-05-04T22:55:39.367004
MONDO:0000903,myoclonus-dystonia syndrome,2026-05-07T14:46:51.367436
MONDO:0000914,"cerebral arteriopathy, autosomal dominant, with subcortical infarcts and leukoencephalopathy, type 1",2026-07-30T23:33:56.030765
MONDO:0000922,pelvic inflammatory disease,2026-08-16T15:53:17.461509
MONDO:0000956,small intestine cancer,2026-07-15T10:06:28.761456
MONDO:0000979,pinta disease,2026-03-18T01:49:51.181775
MONDO:0000984,thalassemia,2026-06-13T19:15:00.568253
MONDO:0000989,mumps infectious disease,2026-07-03T04:17:26.506195
MONDO:0001029,Klippel-Feil syndrome,2026-06-29T06:24:29.984243
MONDO:0001044,esophageal atresia,2026-03-17T19:41:40.394063
MONDO:0001051,acute otitis externa,2026-03-17T19:47:28.820121
MONDO:0001056,gastric cancer,2026-03-18T01:49:51.181591
MONDO:0001059,gastric lymphoma,2026-08-18T13:05:33.661198
MONDO:0001071,intellectual disability,2026-04-11T08:52:07.073240
MONDO:0001083,Fanconi renotubular syndrome,2026-06-17T22:46:50.000575
MONDO:0001103,giardiasis,2026-03-18T01:49:51.181851
MONDO:0001118,Queensland tick typhus,2026-08-19T11:04:54.871778
MONDO:0001126,gastric ulcer,2026-03-18T01:49:51.181984
MONDO:0001134,essential hypertension,2026-03-18T01:49:51.181233
MONDO:0001149,microcephaly,2026-06-13T19:28:43.726493
MONDO:0001154,Siberian tick typhus,2026-08-19T11:04:56.796476
MONDO:0001156,borderline personality disorder,2026-04-28T10:03:53.490799
MONDO:0001158,obsessive-compulsive personality disorder,2026-06-21T16:02:51.042031
MONDO:0001159,multiple personality disorder,2026-04-28T12:31:44.768555
MONDO:0001164,antisocial personality disorder,2026-04-28T10:39:55.171908
MONDO:0001188,esophagus lymphoma,2026-08-18T13:05:42.188886
MONDO:0001195,spotted fever,2026-08-19T11:04:46.406367
MONDO:0001200,secondary hypertension,2026-03-18T01:49:51.181995
MONDO:0001220,hypoparathyroidism,2026-08-01T08:27:29.999105
MONDO:0001221,esophageal varices,2026-03-18T01:49:51.181220
MONDO:0001236,appendiceal neoplasm,2026-08-14T13:34:03.408025
MONDO:0001243,disseminated intravascular coagulation,2026-03-18T01:49:51.182090
MONDO:0001244,vitamin K deficiency hemorrhagic disease,2026-08-08T13:52:10.097152
MONDO:0001247,social phobia,2026-05-01T20:54:11.050645
MONDO:0001249,trachoma,2026-03-18T01:49:51.181747
MONDO:0001263,histoplasmosis retinitis,2026-08-01T09:40:42.615665
MONDO:0001280,choroiditis,2026-08-01T09:40:37.397264
MONDO:0001290,allergic cutaneous vasculitis,2026-05-04T22:01:55.337063
MONDO:0001301,rumination disorder,2026-07-29T22:40:38.139441
MONDO:0001302,hypertensive heart disease,2026-03-18T01:49:51.180742
MONDO:0001309,oculomotor nerve paralysis,2026-08-20T07:33:56.170610
MONDO:0001325,penile cancer,2026-06-08T12:26:24.102853
MONDO:0001347,facioscapulohumeral muscular dystrophy,2026-04-21T13:50:11.534675
MONDO:0001427,Dieulafoy lesion,2026-03-18T01:49:51.181208
MONDO:0001441,pica disease,2026-07-29T22:27:42.710936
MONDO:0001444,Chagas disease,2026-03-18T01:49:51.181249
MONDO:0001461,tinea corporis,2026-03-17T19:31:24.690040
MONDO:0001475,neutropenia,2026-03-18T01:49:51.181027
MONDO:0001491,cough variant asthma,2026-03-17T19:31:42.989495
MONDO:0001507,viral labyrinthitis,2026-03-17T19:41:28.600858
MONDO:0001516,spinal muscular atrophy,2026-03-18T01:49:51.181458
MONDO:0001521,intermittent explosive disorder,2026-05-01T20:49:53.951159
MONDO:0001531,blood coagulation disease,2026-04-13T00:22:11.500490
MONDO:0001569,acoustic neuroma,2026-03-17T19:41:28.729661
MONDO:0001572,leiomyoma,2026-07-28T12:14:15.589966
MONDO:0001577,respiratory syncytial virus infectious disease,2026-06-25T03:07:47.838121
MONDO:0001586,mucopolysaccharidosis type 1,2026-07-31T06:00:51.416443
MONDO:0001612,carotid stenosis,2026-07-05T23:36:43.045837
MONDO:0001631,vertebral artery insufficiency,2026-07-31T06:36:02.251129
MONDO:0001633,central retinal artery occlusion,2026-07-05T23:37:45.445976
MONDO:0001648,esophageal candidiasis,2026-08-01T09:05:22.509416
MONDO:0001660,proliferative diabetic retinopathy,2026-06-16T21:16:11.333843
MONDO:0001661,background diabetic retinopathy,2026-06-16T21:16:11.201503
MONDO:0001673,diarrheal disease,2026-03-18T01:49:51.181524
MONDO:0001676,erythropoietic protoporphyria,2026-05-10T11:13:04.357641
MONDO:0001678,intestinal tuberculosis,2026-03-18T01:49:51.181537
MONDO:0001707,cardiac sarcoidosis,2026-04-30T14:21:36.904477
MONDO:0001713,inherited aplastic anemia,2026-04-22T22:04:32.237487
MONDO:0001714,bejel,2026-03-18T01:49:51.181772
MONDO:0001725,balanitis xerotica obliterans,2026-07-19T05:22:36.893457
MONDO:0001734,tuberous sclerosis,2026-03-18T01:49:51.181418
MONDO:0001739,purulent labyrinthitis,2026-03-17T19:41:28.606161
MONDO:0001741,hyperparathyroidism,2026-05-10T16:47:09.178400
MONDO:0001852,small intestine lymphoma,2026-07-15T10:06:54.449266
MONDO:0001856,splenic artery aneurysm,2026-07-28T12:20:05.388775
MONDO:0001870,acute poststreptococcal glomerulonephritis,2026-08-12T11:06:06.698841
MONDO:0001881,toxic shock syndrome,2026-08-11T01:14:17.886966
MONDO:0001942,generalized anxiety disorder,2026-03-18T01:49:51.181266
MONDO:0001956,capillary leak syndrome,2026-07-31T06:36:40.012367
MONDO:0001957,critical illness polyneuropathy,2026-07-30T22:37:44.229337
MONDO:0001967,gonadal dysgenesis,2026-06-13T19:27:46.751241
MONDO:0001982,Niemann-Pick disease,2026-06-13T17:50:19.707251
MONDO:0001999,idiopathic pulmonary arterial hypertension,2026-08-01T06:00:00.000000
MONDO:0002006,serous labyrinthitis,2026-03-17T19:41:28.610802
MONDO:0002008,labyrinthitis,2026-03-17T19:41:28.595055
MONDO:0002009,major depressive disorder,2026-03-18T01:49:51.181335
MONDO:0002012,methylmalonic acidemia,2026-03-17T19:44:08.458540
MONDO:0002025,psychiatric disorder,2026-03-18T01:49:51.180959
MONDO:0002035,colon lymphoma,2026-08-18T13:05:36.944378
MONDO:0002041,fungal infectious disease,2026-03-18T01:49:51.181093
MONDO:0002046,alcohol abuse,2026-03-18T01:49:51.181972
MONDO:0002048,thrombocytopenia due to immune destruction,2026-05-09T18:41:14.204048
MONDO:0002056,breast fibroadenoma,2026-03-18T01:49:51.181964
MONDO:0002070,ventricular septal defect,2026-08-10T15:08:38.148858
MONDO:0002081,musculoskeletal system disorder,2026-03-18T01:49:51.180953
MONDO:0002096,malignant conjunctival melanoma,2026-08-01T14:35:50.888198
MONDO:0002104,conversion disorder,2026-08-01T08:27:26.944071
MONDO:0002109,pituitary cancer,2026-08-19T13:02:29.409212
MONDO:0002158,fallopian tube cancer,2026-06-08T09:46:44.300002
MONDO:0002166,rectum lymphoma,2026-08-08T04:40:21.027864
MONDO:0002207,vulval Paget disease,2026-08-08T13:23:40.179314
MONDO:0002227,ovarian lymphoma,2026-08-08T15:12:06.238219
MONDO:0002265,stereotypic movement disorder,2026-05-01T20:48:12.211626
MONDO:0002267,obstructive lung disease,2026-04-13T00:22:11.473706
MONDO:0002271,colon adenocarcinoma,2026-03-18T01:49:51.181966
MONDO:0002280,anemia,2026-04-13T00:22:11.495326
MONDO:0002320,congenital nervous system disorder,2026-05-02T01:33:39.439307
MONDO:0002322,angiodysplasia,2026-03-18T01:49:51.181214
MONDO:0002334,hematopoietic and lymphoid system neoplasm,2026-04-13T00:22:11.506546
MONDO:0002375,sebaceous adenoma,2026-03-17T19:42:42.068540
MONDO:0002378,dermoid cyst,2026-06-30T10:29:25.371463
MONDO:0002412,disorder of glycogen metabolism,2026-05-03T15:43:17.660095
MONDO:0002413,glycogen storage disease I,2026-03-22T04:04:42.552213
MONDO:0002420,tic disorder,2026-05-01T20:48:12.221811
MONDO:0002422,adamantinoma,2026-08-26T16:35:29.661509
MONDO:0002429,idiopathic interstitial pneumonia,2026-08-20T07:12:42.585404
MONDO:0002442,long QT syndrome,2026-03-18T01:49:51.180965
MONDO:0002447,endometrial carcinoma,2026-07-28T12:14:13.190711
MONDO:0002457,Treacher-Collins syndrome,2026-06-04T14:29:43.136037
MONDO:0002461,membranoproliferative glomerulonephritis,2026-08-12T11:06:07.549360
MONDO:0002462,glomerulonephritis,2026-08-12T11:06:05.886646
MONDO:0002470,photosensitive trichothiodystrophy,2026-08-17T13:32:42.529682
MONDO:0002473,cystic kidney disease,2026-03-18T01:49:51.181415
MONDO:0002492,acute kidney injury,2026-03-17T19:39:01.494029
MONDO:0002494,substance-related disorder,2026-06-23T18:02:12.427937
MONDO:0002529,skin squamous cell carcinoma,2026-03-17T19:32:02.842166
MONDO:0002546,schwannoma,2026-06-08T12:28:32.577808
MONDO:0002561,lysosomal storage disease,2026-03-18T01:49:51.180919
MONDO:0002562,demyelinating disease,2026-04-13T00:22:11.548854
MONDO:0002594,monkeypox,2026-03-18T01:49:51.180766
MONDO:0002625,Ewing sarcoma of bone,2026-05-28T18:47:51.777478
MONDO:0002684,atypical choroid plexus papilloma,2026-08-01T14:01:19.320057
MONDO:0002685,childhood choroid plexus carcinoma,2026-04-12T22:44:03.395199
MONDO:0002687,superior mesenteric artery syndrome,2026-08-01T14:10:07.352402
MONDO:0002695,sagittal sinus thrombosis,2026-07-28T12:19:33.001505
MONDO:0002718,central nervous system teratoma,2026-05-09T10:14:58.677825
MONDO:0002728,rhabdoid tumor,2026-04-11T22:24:09.968458
MONDO:0002735,anal canal adenocarcinoma,2026-06-18T20:02:28.908980
MONDO:0002752,ovarian adenocarcinoma,2026-07-04T07:05:17.966302
MONDO:0002869,heart valve disorder,2026-04-13T00:22:11.461756
MONDO:0002897,secondary syphilis,2026-08-01T09:40:59.516696
MONDO:0002926,clear cell sarcoma,2026-03-18T01:49:51.181629
MONDO:0002974,cervical cancer,2026-03-18T01:49:51.181695
MONDO:0002995,"small intestine neuroendocrine tumor, well differentiated, low or intermediate grade",2026-07-15T10:06:54.382731
MONDO:0002999,central nervous system germinoma,2026-07-26T02:04:12.251942
MONDO:0003000,central nervous system germ cell tumor,2026-07-26T02:04:09.545552
MONDO:0003012,sarcomatoid renal cell carcinoma,2026-08-05T00:09:02.377927
MONDO:0003036,mucoepidermoid carcinoma,2026-06-22T11:02:43.901319
MONDO:0003047,thymic large cell neuroendocrine carcinoma,2026-08-20T04:15:07.339598
MONDO:0003054,benign meningioma,2026-05-09T15:37:09.237776
MONDO:0003111,gastric neuroendocrine neoplasm,2026-08-01T08:00:49.685677
MONDO:0003124,testicular Leydig cell tumor,2026-06-08T18:43:30.943712
MONDO:0003125,testicular sex cord-stromal neoplasm,2026-06-08T17:46:36.680549
MONDO:0003168,cerebellar pilocytic astrocytoma,2026-04-12T22:45:49.789216
MONDO:0003187,Bartholin gland adenoid cystic carcinoma,2026-08-08T13:24:01.919415
MONDO:0003198,small intestine adenocarcinoma,2026-07-15T10:06:54.306041
MONDO:0003210,intrahepatic cholangiocarcinoma,2026-03-18T01:49:51.181655
MONDO:0003219,gastroesophageal junction adenocarcinoma,2026-08-01T08:00:51.448127
MONDO:0003233,essential tremor,2026-07-04T11:48:46.728343
MONDO:0003240,thyroid gland disorder,2026-04-13T00:22:11.530967
MONDO:0003245,aflatoxin-related hepatocellular carcinoma,2026-08-16T14:44:20.082868
MONDO:0003257,posterior pituitary gland neoplasm,2026-08-19T13:02:25.493830
MONDO:0003265,adjustment disorder,2026-06-23T18:02:12.405325
MONDO:0003345,hilar cholangiocarcinoma,2026-07-05T23:39:28.573407
MONDO:0003360,small intestine leiomyosarcoma,2026-07-15T10:06:54.518279
MONDO:0003370,retroperitoneal leiomyosarcoma,2026-05-17T17:12:21.882844
MONDO:0003395,testicular granulosa cell tumor,2026-06-08T18:43:30.967060
MONDO:0003430,prolactin producing pituitary tumor,2026-08-19T13:02:13.282764
MONDO:0003441,dystonic disorder,2026-08-01T08:27:28.453863
MONDO:0003448,benign spiradenoma,2026-08-01T14:50:00.572960
MONDO:0003481,dysgerminoma of ovary,2026-08-08T15:11:42.997105
MONDO:0003581,ovarian embryonal carcinoma,2026-08-08T15:11:50.356885
MONDO:0003603,non-functioning pituitary gland neoplasm,2026-08-19T13:02:23.183496
MONDO:0003636,vulvar sebaceous carcinoma,2026-08-08T13:23:43.880624
MONDO:0003669,testicular seminoma,2026-07-03T14:43:58.743791
MONDO:0003672,posterior myocardial infarction,2026-07-31T06:34:37.265082
MONDO:0003680,periosteal chondrosarcoma,2026-04-12T22:50:17.750306
MONDO:0003684,clear cell chondrosarcoma,2026-04-12T22:50:17.743651
MONDO:0003709,agoraphobia,2026-05-01T20:54:11.684087
MONDO:0003710,ovarian mixed germ cell neoplasm,2026-08-08T15:11:55.131664
MONDO:0003763,acute stress disorder,2026-06-23T18:02:12.386056
MONDO:0003778,inborn error of immunity,2026-08-22T18:19:19.241694
MONDO:0003816,articular cartilage disorder,2026-06-12T16:11:31.111572
MONDO:0003820,mature ovarian teratoma,2026-08-08T15:12:02.459720
MONDO:0003825,kidney oncocytoma,2026-08-15T02:18:50.006929
MONDO:0003832,complement deficiency,2026-03-18T01:49:51.181021
MONDO:0003837,TSH producing pituitary tumor,2026-08-19T13:02:20.913144
MONDO:0003847,hereditary disease,2026-03-18T01:49:51.180962
MONDO:0003853,Bartholin gland adenocarcinoma,2026-08-08T13:23:37.562084
MONDO:0003861,vulvar eccrine adenocarcinoma,2026-08-08T13:23:47.420015
MONDO:0003864,chronic lymphocytic leukemia/small lymphocytic lymphoma,2026-08-08T16:10:25.800715
MONDO:0003865,acral lentiginous melanoma,2026-03-18T01:49:51.181663
MONDO:0003878,malignant choroid melanoma,2026-08-01T14:35:48.932842
MONDO:0003881,vulvar apocrine adenocarcinoma,2026-08-08T13:23:53.245064
MONDO:0003900,connective tissue disorder,2026-04-13T00:22:11.561753
MONDO:0003912,malignant ciliary body melanoma,2026-08-01T14:35:49.605368
MONDO:0003924,adrenal cortex adenoma,2026-08-01T13:25:06.559297
MONDO:0003940,Kummell disease,2026-03-17T19:41:22.653371
MONDO:0003947,hyper-IgM syndrome,2026-08-08T16:44:53.357079
MONDO:0003959,breast large cell neuroendocrine carcinoma,2026-08-20T04:15:12.780571
MONDO:0003960,pulmonary large cell neuroendocrine carcinoma,2026-08-20T04:15:03.570392
MONDO:0004000,childhood pilocytic astrocytoma,2026-04-12T22:45:49.775993
MONDO:0004021,mediastinal malignant lymphoma,2026-08-08T12:30:31.605823
MONDO:0004064,iris melanoma,2026-08-01T14:35:50.229548
MONDO:0004110,refractory hairy cell leukemia,2026-05-01T22:49:32.495338
MONDO:0004114,urinary bladder small cell neuroendocrine carcinoma,2026-07-28T12:21:15.887520
MONDO:0004142,lung combined large cell neuroendocrine carcinoma,2026-08-20T04:15:05.451882
MONDO:0004173,adenocarcinoma of skene gland origin,2026-08-08T13:23:55.551880
MONDO:0004225,monoclonal gammopathy of uncertain significance,2026-05-10T12:56:46.743464
MONDO:0004235,diverticulitis,2026-03-18T01:49:51.181341
MONDO:0004247,peptic ulcer disease,2026-03-18T01:49:51.181211
MONDO:0004277,gonorrhea,2026-08-08T14:20:10.758786
MONDO:0004281,vulvar eccrine porocarcinoma,2026-08-08T13:23:50.028410
MONDO:0004283,vulvar clear cell hidradenocarcinoma,2026-08-08T13:23:57.548023
MONDO:0004319,hypercalcemic type ovarian small cell carcinoma,2026-08-08T15:12:04.298153
MONDO:0004322,non-gestational ovarian choriocarcinoma,2026-08-08T15:11:52.937761
MONDO:0004334,non-functional pancreatic neuroendocrine tumor,2026-05-09T09:19:48.594731
MONDO:0004335,digestive system disorder,2026-03-18T01:49:51.180928
MONDO:0004351,intraocular lymphoma,2026-03-18T01:49:51.181834
MONDO:0004359,delusional disorder,2026-04-28T11:53:25.507435
MONDO:0004425,hyperthyroidism,2026-07-12T12:41:49.582472
MONDO:0004450,carotid artery occlusion,2026-07-05T23:36:36.082283
MONDO:0004496,myocarditis,2026-03-18T01:49:51.181242
MONDO:0004525,scabies,2026-03-18T01:49:51.181752
MONDO:0004540,epithelioid malignant peripheral nerve sheath tumor,2026-04-12T22:44:41.262549
MONDO:0004557,congenital fibrosarcoma,2026-05-07T15:45:21.514966
MONDO:0004592,impetigo,2026-03-17T19:29:44.967857
MONDO:0004596,cor pulmonale,2026-07-30T22:59:37.580273
MONDO:0004603,collagenopathy,2026-03-18T01:49:51.181005
MONDO:0004609,herpes simplex infectious disease,2026-03-17T19:29:44.963019
MONDO:0004619,measles,2026-07-03T04:17:09.862470
MONDO:0004629,subacute delirium,2026-08-25T04:51:12.022151
MONDO:0004635,postcricoid region cancer,2026-05-10T16:13:37.728361
MONDO:0004656,rubella,2026-07-03T04:17:39.115430
MONDO:0004664,helminthiasis,2026-03-18T01:49:51.181727
MONDO:0004670,lupus erythematosus,2026-07-28T12:19:31.415743
MONDO:0004687,severe nonproliferative diabetic retinopathy,2026-06-16T21:16:11.256532
MONDO:0004691,autosomal dominant polycystic kidney disease,2026-04-30T15:05:09.173547
MONDO:0004699,gastrointestinal lymphoma,2026-08-18T13:05:31.221348
MONDO:0004737,homocystinuria,2026-03-17T19:38:58.765619
MONDO:0004739,urea cycle disorder,2026-03-17T19:54:52.737000
MONDO:0004782,diabetes insipidus,2026-03-17T19:32:49.175853
MONDO:0004784,allergic asthma,2026-06-30T03:57:52.384598
MONDO:0004822,bronchiectasis,2026-03-18T01:49:51.180660
MONDO:0004840,non-congenital cyst of kidney,2026-03-18T01:49:51.181412
MONDO:0004846,placental abruption,2026-08-04T13:54:04.102887
MONDO:0004910,mitral valve prolapse,2026-08-11T00:51:27.922219
MONDO:0004933,hypoplastic left heart syndrome,2026-08-10T05:02:28.419415
MONDO:0004941,eosinophilia-myalgia syndrome,2026-06-30T08:31:39.922998
MONDO:0004947,B-cell acute lymphoblastic leukemia,2026-03-18T01:49:51.181611
MONDO:0004948,B-cell chronic lymphocytic leukemia,2026-03-18T01:49:51.181637
MONDO:0004950,gastric carcinoma,2026-03-18T01:49:51.181222
MONDO:0004952,Hodgkins lymphoma,2026-08-14T13:22:53.483281
MONDO:0004956,metastatic prostate carcinoma,2026-08-16T14:44:24.874411
MONDO:0004958,oral cavity squamous cell carcinoma,2026-06-17T10:16:40.166515
MONDO:0004959,plasma cell neoplasm,2026-05-10T12:56:46.686463
MONDO:0004963,T-cell acute lymphoblastic leukemia,2026-07-20T14:38:28.749853
MONDO:0004964,"peripheral T-cell lymphoma, not otherwise specified",2026-04-12T22:46:03.678988
MONDO:0004967,acute lymphoblastic leukemia,2026-05-08T12:48:14.864404
MONDO:0004971,adenoid cystic carcinoma,2026-07-31T13:45:21.697080
MONDO:0004975,Alzheimer disease,2026-03-18T01:49:51.180566
MONDO:0004976,amyotrophic lateral sclerosis,2026-03-18T01:49:51.181128
MONDO:0004977,angioimmunoblastic T-cell lymphoma,2026-04-12T22:46:03.685234
MONDO:0004979,asthma,2026-03-18T01:49:51.180594
MONDO:0004980,atopic eczema,2026-03-08T15:13:18.235465
MONDO:0004981,atrial fibrillation,2026-03-18T01:49:51.181140
MONDO:0004985,bipolar disorder,2026-03-18T01:49:51.181158
MONDO:0004989,breast carcinoma,2026-03-18T01:49:51.181386
MONDO:0004992,cancer,2026-03-18T01:49:51.180939
MONDO:0004994,cardiomyopathy,2026-03-18T01:49:51.181081
MONDO:0004995,cardiovascular disorder,2026-03-18T01:49:51.180922
MONDO:0005002,chronic obstructive pulmonary disease,2026-03-18T01:49:51.180677
MONDO:0005003,chronic pancreatitis,2026-03-18T01:49:51.181169
MONDO:0005005,clear cell renal carcinoma,2026-03-18T01:49:51.180898
MONDO:0005010,coronary artery disorder,2026-03-18T01:49:51.181078
MONDO:0005011,Crohn disease,2026-03-18T01:49:51.180690
MONDO:0005012,cutaneous melanoma,2026-03-18T01:49:51.181643
MONDO:0005013,dedifferentiated chondrosarcoma,2026-04-12T22:50:17.729793
MONDO:0005015,diabetes mellitus,2026-03-18T01:49:51.181989
MONDO:0005017,diffuse gastric adenocarcinoma,2026-08-01T08:00:39.380175
MONDO:0005021,dilated cardiomyopathy,2026-03-06T06:15:15.926465
MONDO:0005027,epilepsy,2026-03-18T01:49:51.181107
MONDO:0005028,esophageal adenocarcinoma,2026-04-11T21:04:02.894347
MONDO:0005029,essential thrombocythemia,2026-03-18T01:49:51.181683
MONDO:0005030,fetal growth restriction,2026-08-15T08:42:26.621316
MONDO:0005034,thyroid gland follicular carcinoma,2026-06-22T10:32:14.923332
MONDO:0005036,gastric adenocarcinoma,2026-08-01T08:00:35.657625
MONDO:0005037,gastric intestinal type adenocarcinoma,2026-08-01T08:00:37.511502
MONDO:0005041,glaucoma,2026-03-18T01:49:51.181271
MONDO:0005045,hypertrophic cardiomyopathy,2026-03-18T01:49:51.180745
MONDO:0005046,immune system disorder,2026-03-18T01:49:51.180944
MONDO:0005052,irritable bowel syndrome,2026-03-18T01:49:51.181305
MONDO:0005055,Kaposi's sarcoma,2026-03-18T01:49:51.181649
MONDO:0005057,large cell neuroendocrine carcinoma,2026-08-20T03:57:24.505042
MONDO:0005058,leiomyosarcoma,2026-04-11T22:21:00.535618
MONDO:0005060,liposarcoma,2026-07-06T07:21:28.773152
MONDO:0005061,lung adenocarcinoma,2026-03-18T01:49:51.181519
MONDO:0005062,lymphoma,2026-03-18T01:49:51.181932
MONDO:0005068,myocardial infarction,2026-06-25T03:07:33.580119
MONDO:0005071,nervous system disorder,2026-03-18T01:49:51.180951
MONDO:0005072,neuroblastoma,2026-03-18T01:49:51.181599
MONDO:0005075,thyroid gland papillary carcinoma,2026-03-18T01:49:51.181652
MONDO:0005077,pertussis,2026-06-29T14:27:17.323425
MONDO:0005081,preeclampsia,2026-03-18T01:49:51.180826
MONDO:0005082,prostate adenocarcinoma,2026-04-11T22:22:24.204990
MONDO:0005083,psoriasis,2026-03-18T01:49:51.181429
MONDO:0005086,renal cell carcinoma,2026-03-18T01:49:51.181969
MONDO:0005087,respiratory system disorder,2026-03-18T01:49:51.180925
MONDO:0005090,schizophrenia,2026-03-18T01:49:51.180805
MONDO:0005093,skin disorder,2026-03-18T01:49:51.180956
MONDO:0005096,squamous cell carcinoma,2026-03-18T01:49:51.181689
MONDO:0005098,stroke disorder,2026-03-18T01:49:51.182076
MONDO:0005100,systemic sclerosis,2026-03-18T01:49:51.181461
MONDO:0005101,ulcerative colitis,2026-03-18T01:49:51.181175
MONDO:0005103,well-differentiated liposarcoma,2026-07-06T07:21:29.179158
MONDO:0005105,melanoma,2026-03-18T01:49:51.182088
MONDO:0005108,viral infectious disease,2026-03-18T01:49:51.181090
MONDO:0005109,HIV infectious disease,2026-03-18T01:49:51.181539
MONDO:0005113,bacterial infectious disease,2026-03-18T01:49:51.181087
MONDO:0005114,pneumococcal infection,2026-06-29T15:38:46.759289
MONDO:0005115,temporal lobe epilepsy,2026-04-05T12:00:36.898593
MONDO:0005116,Whipple disease,2026-03-18T01:49:51.181534
MONDO:0005118,human granulocytic anaplasmosis,2026-07-23T18:41:12.901079
MONDO:0005124,leprosy,2026-03-18T01:49:51.181750
MONDO:0005130,celiac disease,2026-03-18T01:49:51.181163
MONDO:0005133,endometriosis,2026-03-18T01:49:51.181231
MONDO:0005135,parasitic infectious disease,2026-03-18T01:49:51.181096
MONDO:0005136,malaria,2026-03-17T19:43:05.241531
MONDO:0005138,lung carcinoma,2026-03-18T01:49:51.181949
MONDO:0005140,ovarian carcinoma,2026-03-17T19:42:42.064775
MONDO:0005146,post-traumatic stress disorder,2026-03-18T01:49:51.181887
MONDO:0005147,type 1 diabetes mellitus,2026-03-18T01:49:51.180814
MONDO:0005148,type 2 diabetes mellitus,2026-03-18T01:49:51.181528
MONDO:0005149,pulmonary hypertension,2026-03-18T01:49:51.180797
MONDO:0005150,age-related macular degeneration,2026-03-18T01:49:51.181110
MONDO:0005151,endocrine system disorder,2026-03-18T01:49:51.180947
MONDO:0005152,hypopituitarism,2026-08-01T14:38:08.815088
MONDO:0005153,cervical adenocarcinoma,2026-07-05T23:38:20.120852
MONDO:0005154,liver disorder,2026-03-18T01:49:51.180931
MONDO:0005155,cirrhosis of liver,2026-03-18T01:49:51.181308
MONDO:0005161,human papilloma virus infection,2026-07-01T02:36:44.100661
MONDO:0005164,fibrosarcoma,2026-05-07T15:45:21.486215
MONDO:0005173,actinic keratosis,2026-08-08T16:52:42.695594
MONDO:0005174,acute hypotension,2026-05-05T01:39:53.938935
MONDO:0005178,osteoarthritis,2026-03-18T01:49:51.181375
MONDO:0005180,Parkinson disease,2026-03-18T01:49:51.181380
MONDO:0005182,serous cystadenofibroma,2026-03-18T01:49:51.181588
MONDO:0005184,pancreatic ductal adenocarcinoma,2026-03-17T19:47:45.896683
MONDO:0005197,thymus neoplasm,2026-08-14T09:51:39.642516
MONDO:0005201,restrictive cardiomyopathy,2026-08-22T20:36:30.184153
MONDO:0005204,primary antiphospholipid syndrome,2026-07-31T06:28:07.659244
MONDO:0005207,choriocarcinoma,2026-08-01T00:01:20.813346
MONDO:0005210,uterine corpus sarcoma,2026-07-28T12:14:14.892255
MONDO:0005211,ovarian serous adenocarcinoma,2026-03-08T12:17:47.092709
MONDO:0005212,rhabdomyosarcoma,2026-07-01T16:34:47.151701
MONDO:0005215,vulvar carcinoma,2026-07-28T12:21:27.939454
MONDO:0005229,bacterial infectious disease with sepsis,2026-03-17T19:41:51.674120
MONDO:0005230,cellulitis,2026-03-18T01:49:51.181326
MONDO:0005231,hepatitis C virus infection,2026-03-18T01:49:51.181294
MONDO:0005233,non-small cell lung carcinoma,2026-03-18T01:49:51.180779
MONDO:0005235,smoldering plasma cell myeloma,2026-05-10T14:07:50.495154
MONDO:0005240,kidney disorder,2026-03-18T01:49:51.180933
MONDO:0005252,heart failure,2026-03-18T01:49:51.181288
MONDO:0005258,autism spectrum disorder,2026-04-10T17:16:10.826480
MONDO:0005264,transient ischemic attack,2026-07-30T23:20:13.379678
MONDO:0005265,inflammatory bowel disease,2026-03-18T01:49:51.181848
MONDO:0005266,diabetic retinopathy,2026-06-16T21:16:11.140547
MONDO:0005271,allergic disease,2026-04-13T00:22:11.524124
MONDO:0005276,dental caries,2026-05-04T20:03:40.678081
MONDO:0005277,migraine disorder,2026-03-18T01:49:51.181358
MONDO:0005279,pulmonary embolism,2026-08-10T04:10:02.114473
MONDO:0005298,osteoporosis,2026-03-18T01:49:51.181377
MONDO:0005300,chronic kidney disease,2026-03-18T01:49:51.181166
MONDO:0005301,multiple sclerosis,2026-03-18T01:49:51.180769
MONDO:0005306,ankylosing spondylitis,2026-03-18T01:49:51.181137
MONDO:0005308,ciliopathy,2026-03-18T01:49:51.180999
MONDO:0005310,atrial flutter,2026-08-05T03:08:25.870890
MONDO:0005312,pouchitis,2026-03-18T01:49:51.181840
MONDO:0005321,Fuchs' endothelial dystrophy,2026-05-11T11:00:34.918153
MONDO:0005340,alopecia areata,2026-03-18T01:49:51.181113
MONDO:0005341,skin basal cell carcinoma,2026-03-18T01:49:51.181677
MONDO:0005342,IgA glomerulonephritis,2026-03-18T01:49:51.181300
MONDO:0005344,hepatitis B virus infection,2026-03-18T01:49:51.180733
MONDO:0005349,otosclerosis,2026-03-17T19:51:51.968624
MONDO:0005350,abdominal aortic aneurysm,2026-07-11T12:01:43.819456
MONDO:0005351,anorexia nervosa,2026-04-28T10:39:54.832207
MONDO:0005352,conduct disorder,2026-04-30T14:22:54.474572
MONDO:0005355,coronary restenosis,2026-03-18T01:49:51.180878
MONDO:0005356,coronary vasospasm,2026-07-31T06:30:16.229226
MONDO:0005359,drug-induced liver injury,2026-06-24T05:49:13.720998
MONDO:0005361,eosinophilic esophagitis,2026-06-03T04:44:44.078240
MONDO:0005364,Graves disease,2026-03-18T01:49:51.180730
MONDO:0005376,membranous glomerulonephritis,2026-04-14T13:43:21.100713
MONDO:0005380,osteonecrosis,2026-06-16T17:37:48.934111
MONDO:0005382,bone Paget disease,2026-03-17T19:44:31.171317
MONDO:0005383,panic disorder,2026-05-01T20:54:11.817174
MONDO:0005384,focal epilepsy,2026-07-25T12:09:04.264276
MONDO:0005385,vascular disorder,2026-04-13T00:22:11.467427
MONDO:0005386,peripheral arterial disease,2026-03-18T01:49:51.181391
MONDO:0005388,primary biliary cholangitis,2026-03-18T01:49:51.181122
MONDO:0005391,restless legs syndrome,2026-08-24T17:56:22.913609
MONDO:0005393,gout,2026-03-18T01:49:51.181274
MONDO:0005395,movement disorder,2026-04-13T00:22:11.555562
MONDO:0005396,thoracic aortic aneurysm,2026-07-31T22:14:08.135383
MONDO:0005404,myalgic encephalomeyelitis/chronic fatigue syndrome,2026-03-18T01:49:51.180820
MONDO:0005406,gestational diabetes,2026-03-17T19:32:48.920472
MONDO:0005411,gallbladder cancer,2026-06-17T22:11:06.466413
MONDO:0005439,familial hypercholesterolemia,2026-03-17T19:35:09.715900
MONDO:0005440,embryonal carcinoma,2026-08-18T10:39:46.184391
MONDO:0005445,visceral leishmaniasis,2026-03-18T01:49:51.181715
MONDO:0005446,cutaneous leishmaniasis,2026-03-18T01:49:51.181718
MONDO:0005451,eating disorder,2026-04-28T11:53:25.492670
MONDO:0005452,bulimia nervosa,2026-04-28T10:39:54.824910
MONDO:0005453,congenital heart disease,2026-08-19T09:05:33.595869
MONDO:0005459,human African trypanosomiasis,2026-03-18T01:49:51.181724
MONDO:0005475,migraine with aura,2026-07-30T23:20:07.015994
MONDO:0005480,contact dermatitis,2026-03-17T19:31:24.587484
MONDO:0005485,psychotic disorder,2026-04-28T12:31:44.827028
MONDO:0005486,tooth agenesis,2026-06-22T10:38:05.444957
MONDO:0005489,dyslexia,2026-06-05T00:19:24.417526
MONDO:0005492,urticaria,2026-03-18T01:49:51.181998
MONDO:0005494,triple-negative breast carcinoma,2026-03-18T01:49:51.181352
MONDO:0005495,adrenal gland disorder,2026-04-13T00:22:11.536132
MONDO:0005498,botulism,2026-03-18T01:49:51.181469
MONDO:0005502,dengue disease,2026-03-18T01:49:51.180694
MONDO:0005505,dysembryoplastic neuroepithelial tumor,2026-06-18T11:07:11.874631
MONDO:0005512,malignant peritoneal mesothelioma,2026-07-31T06:32:54.317407
MONDO:0005514,nanophthalmia,2026-08-08T16:27:42.987718
MONDO:0005526,tetanus,2026-03-18T01:49:51.181467
MONDO:0005530,opiate dependence,2026-08-09T18:26:48.988427
MONDO:0005546,fibromyalgia,2026-03-18T01:49:51.181254
MONDO:0005550,infectious disease,2026-03-18T01:49:51.180942
MONDO:0005556,lupus nephritis,2026-07-10T14:08:20.394507
MONDO:0005559,neurodegenerative disease,2026-04-13T00:22:11.543834
MONDO:0005570,hematologic disorder,2026-03-18T01:49:51.180936
MONDO:0005574,tauopathy,2026-03-18T01:49:51.181010
MONDO:0005575,colorectal cancer,2026-03-18T01:49:51.181573
MONDO:0005580,esophageal squamous cell carcinoma,2026-06-20T02:55:27.792069
MONDO:0005582,binge eating disorder,2026-04-28T10:24:33.319692
MONDO:0005595,laryngeal squamous cell carcinoma,2026-05-07T11:57:42.219992
MONDO:0005601,ovarian mucinous adenocarcinoma,2026-06-19T09:25:24.492671
MONDO:0005611,bladder transitional cell carcinoma,2026-04-11T22:23:31.157087
MONDO:0005615,plasmacytoma,2026-05-10T12:56:46.726508
MONDO:0005619,typhoid fever,2026-03-17T19:43:05.297642
MONDO:0005620,cerebral amyloid angiopathy,2026-06-03T17:24:58.087662
MONDO:0005625,cerebral malaria,2026-03-17T19:43:05.253780
MONDO:0005644,amebiasis,2026-03-17T19:36:26.996333
MONDO:0005649,appendicitis,2026-03-18T01:49:51.181185
MONDO:0005659,atrophic rhinitis,2026-03-17T19:34:13.701559
MONDO:0005661,babesiosis,2026-05-10T07:46:56.814928
MONDO:0005665,Bell's palsy,2026-03-18T01:49:51.181829
MONDO:0005668,bird fancier's lung,2026-03-18T01:49:51.181975
MONDO:0005671,Blastocystis infectious disease,2026-03-17T19:32:58.072597
MONDO:0005674,bone giant cell tumor,2026-08-15T23:33:54.864146
MONDO:0005683,brucellosis,2026-05-08T09:19:25.368384
MONDO:0005688,campylobacteriosis,2026-03-18T01:49:51.181845
MONDO:0005692,cat-scratch disease,2026-05-06T19:29:37.174708
MONDO:0005693,cauda equina syndrome,2026-07-11T22:23:11.819485
MONDO:0005697,cerebral toxoplasmosis,2026-08-09T00:28:20.193967
MONDO:0005700,chickenpox,2026-03-17T19:29:44.909407
MONDO:0005706,coccidioidomycosis,2026-03-17T19:31:00.771579
MONDO:0005709,common cold,2026-06-25T03:07:40.555172
MONDO:0005711,congenital diaphragmatic hernia,2026-03-17T19:51:37.407547
MONDO:0005715,congenital toxoplasmosis,2026-08-09T00:28:18.285210
MONDO:0005725,cyclosporiasis,2026-07-09T14:07:40.215034
MONDO:0005737,Ebola hemorrhagic fever,2026-03-18T01:49:51.180712
MONDO:0005744,yolk sac tumor,2026-06-15T21:26:44.362384
MONDO:0005754,epilepsy with generalized tonic-clonic seizures,2026-08-09T02:30:26.079064
MONDO:0005757,eumycotic mycetoma,2026-05-02T19:49:17.092311
MONDO:0005774,glanders,2026-05-09T10:43:26.791653
MONDO:0005775,G6PD deficiency,2026-03-18T01:49:51.180727
MONDO:0005779,"hand, foot and mouth disease",2026-03-17T19:29:44.972560
MONDO:0005784,hantavirus hemorrhagic fever with renal syndrome,2026-08-04T18:10:28.691747
MONDO:0005788,hepatitis E virus infection,2026-08-22T17:36:45.818254
MONDO:0005789,hepatitis D virus infection,2026-08-22T17:35:18.489052
MONDO:0005790,hepatitis A virus infection,2026-08-22T17:33:17.385097
MONDO:0005791,herpangina,2026-03-17T19:37:52.052488
MONDO:0005792,herpes simplex virus gingivostomatitis,2026-03-17T19:37:52.057919
MONDO:0005803,hyperinsulinemic hypoglycemia,2026-08-01T14:37:58.727981
MONDO:0005812,influenza,2026-03-17T19:40:13.088942
MONDO:0005824,Legionnaires' disease,2026-06-29T03:19:06.085465
MONDO:0005825,leptospirosis,2026-03-17T19:41:51.584948
MONDO:0005827,lipoatrophic diabetes,2026-03-17T19:32:48.915303
MONDO:0005831,lymph node tuberculosis,2026-06-30T21:12:29.091060
MONDO:0005834,lymphogranuloma venereum,2026-03-17T19:38:42.321346
MONDO:0005835,Lynch syndrome,2026-03-18T01:49:51.180757
MONDO:0005851,Miller Fisher syndrome,2026-03-17T19:29:13.063766
MONDO:0005854,mixed connective tissue disease,2026-03-18T01:49:51.181361
MONDO:0005859,mucocutaneous leishmaniasis,2026-03-18T01:49:51.181721
MONDO:0005867,Mycoplasma pneumoniae pneumonia,2026-06-29T03:19:12.435687
MONDO:0005879,ocular toxoplasmosis,2026-08-01T09:40:39.148896
MONDO:0005885,optic neuritis,2026-05-16T09:52:12.245611
MONDO:0005888,ornithosis,2026-06-29T18:13:27.086068
MONDO:0005903,pericardial tuberculosis,2026-08-10T05:16:21.263040
MONDO:0005904,pericarditis,2026-08-10T04:50:32.387333
MONDO:0005916,placenta accreta,2026-08-02T03:07:43.905662
MONDO:0005920,Plasmodium falciparum malaria,2026-03-17T19:41:51.686670
MONDO:0005921,Plasmodium vivax malaria,2026-03-17T19:43:05.248470
MONDO:0005923,Pneumocystis infectious disease,2026-06-29T18:13:36.053435
MONDO:0005929,postpartum depression,2026-08-02T10:22:45.143093
MONDO:0005937,REM sleep behavior disorder,2026-08-24T18:00:26.190630
MONDO:0005952,scarlet fever,2026-06-20T20:48:44.488756
MONDO:0005960,silicosis,2026-07-16T11:08:27.344777
MONDO:0005974,strongyloidiasis,2026-03-18T01:49:51.181183
MONDO:0005976,syphilis,2026-08-01T10:36:01.992455
MONDO:0005989,toxoplasmosis,2026-08-08T23:05:40.309926
MONDO:0006004,vasomotor rhinitis,2026-07-31T02:03:17.738025
MONDO:0006008,vestibular neuronitis,2026-03-17T19:41:28.723341
MONDO:0006009,viral encephalitis,2026-03-18T01:49:51.181332
MONDO:0006018,Wissler syndrome,2026-03-18T01:49:51.181918
MONDO:0006019,yaws,2026-03-18T01:49:51.181766
MONDO:0006031,chronic rhinosinusitis,2026-03-17T19:34:13.706795
MONDO:0006042,meningeal tuberculosis,2026-03-18T01:49:51.181794
MONDO:0006045,ovarian clear cell adenocarcinoma,2026-07-31T06:30:05.565860
MONDO:0006047,pancreatic adenocarcinoma,2026-03-28T18:27:35.556914
MONDO:0006058,Wilms tumor,2026-03-18T01:49:51.181608
MONDO:0006061,cervical artery dissection,2026-07-03T11:28:35.134441
MONDO:0006068,ACTH-producing pituitary gland adenoma,2026-08-19T13:02:18.411569
MONDO:0006075,adrenal gland myelolipoma,2026-08-01T13:25:14.963696
MONDO:0006087,appendix adenocarcinoma,2026-08-14T13:34:05.715919
MONDO:0006096,atypical endometrial hyperplasia,2026-07-28T12:14:14.076988
MONDO:0006138,cervical large cell neuroendocrine carcinoma,2026-08-20T04:15:09.174770
MONDO:0006143,cervical squamous cell carcinoma,2026-05-13T12:31:37.915480
MONDO:0006172,conjunctival nevus,2026-08-01T14:35:58.968328
MONDO:0006192,endometrial endometrioid adenocarcinoma,2026-05-08T09:19:44.352975
MONDO:0006235,granular cell tumor,2026-06-30T09:50:14.344642
MONDO:0006238,growth hormone-producing pituitary gland adenoma,2026-08-19T13:02:15.955128
MONDO:0006244,HER2 positive breast carcinoma,2026-03-18T01:49:51.181349
MONDO:0006248,hydatidiform mole,2026-06-17T12:51:20.871541
MONDO:0006292,malignant mesothelioma,2026-03-18T01:49:51.181692
MONDO:0006325,ocular melanoma,2026-08-01T14:35:47.123265
MONDO:0006335,ovarian endometrioid adenocarcinoma,2026-06-19T09:25:15.270172
MONDO:0006344,ovarian yolk sac tumor,2026-08-08T15:11:45.059712
MONDO:0006345,palmar fibromatosis,2026-05-27T05:58:23.194269
MONDO:0006347,pancreatic large cell neuroendocrine carcinoma,2026-08-20T04:15:11.035097
MONDO:0006354,parathyroid hyperplasia,2026-05-07T19:31:44.707782
MONDO:0006359,neoplasm with perivascular epithelioid cell differentiation,2026-06-08T16:41:22.387560
MONDO:0006365,Peutz-Jeghers polyp,2026-03-18T01:49:51.181854
MONDO:0006373,pituitary gland adenoma,2026-06-03T08:30:45.883659
MONDO:0006382,poorly differentiated thyroid gland carcinoma,2026-08-05T00:14:53.530845
MONDO:0006412,sinus histiocytosis with massive lymphadenopathy,2026-06-30T09:54:15.202029
MONDO:0006446,testicular embryonal carcinoma,2026-08-18T10:40:02.404121
MONDO:0006451,thymic carcinoma,2026-06-08T12:57:31.955620
MONDO:0006456,thymoma,2026-07-28T12:20:31.814894
MONDO:0006468,thyroid gland undifferentiated (anaplastic) carcinoma,2026-04-11T22:20:39.664128
MONDO:0006474,transitional cell carcinoma,2026-06-22T12:00:01.159533
MONDO:0006486,uveal melanoma,2026-03-18T01:49:51.181675
MONDO:0006491,vulvar lichen sclerosus,2026-07-19T05:22:35.706560
MONDO:0006497,cerebral palsy,2026-07-23T20:45:06.632035
MONDO:0006502,acute respiratory distress syndrome,2026-08-08T13:40:39.187695
MONDO:0006507,hereditary hemochromatosis,2026-03-18T01:49:51.181125
MONDO:0006512,estrogen-receptor positive breast cancer,2026-07-31T06:30:46.534749
MONDO:0006530,cholesteatoma,2026-03-17T19:29:55.758766
MONDO:0006541,epidermolysis bullosa,2026-03-17T19:34:22.031522
MONDO:0006543,epidermolysis bullosa dystrophica,2026-03-17T19:33:32.234405
MONDO:0006544,erythema infectiosum,2026-03-18T01:49:51.180782
MONDO:0006545,erythema multiforme,2026-03-17T19:37:52.065011
MONDO:0006552,folliculitis,2026-03-18T01:49:51.181786
MONDO:0006554,granuloma annulare,2026-08-08T16:52:49.356633
MONDO:0006559,hidradenitis suppurativa,2026-03-17T19:35:35.563638
MONDO:0006572,lichen planus,2026-08-08T16:52:47.793684
MONDO:0006576,Ludwig's angina,2026-03-18T01:49:51.181820
MONDO:0006585,neurodermatitis,2026-03-18T01:49:51.181986
MONDO:0006602,porokeratosis,2026-08-08T16:52:32.822915
MONDO:0006604,rosacea,2026-03-18T01:49:51.181783
MONDO:0006608,seborrheic dermatitis,2026-03-17T19:47:28.826752
MONDO:0006639,adrenal cortex carcinoma,2026-08-01T13:25:08.809808
MONDO:0006643,alcoholic cardiomyopathy,2026-08-01T14:23:12.637038
MONDO:0006646,angioleiomyoma,2026-08-01T14:49:59.061300
MONDO:0006650,anterior spinal artery syndrome,2026-05-04T22:01:55.270871
MONDO:0006656,aortitis,2026-05-06T15:54:54.481176
MONDO:0006663,perinatal asphyxia,2026-08-01T13:24:39.318889
MONDO:0006664,atrial septal defect,2026-03-17T19:51:37.401633
MONDO:0006670,bacterial meningitis,2026-03-18T01:49:51.180636
MONDO:0006686,brain stem infarction,2026-06-27T00:42:12.103699
MONDO:0006692,central pontine myelinolysis,2026-08-22T00:18:34.071131
MONDO:0006702,chronic inflammatory demyelinating polyradiculoneuropathy,2026-03-18T01:49:51.181131
MONDO:0006711,constrictive pericarditis,2026-08-10T05:16:19.481768
MONDO:0006722,dental fluorosis,2026-07-31T06:30:33.188234
MONDO:0006726,diaphragmatic eventration,2026-07-31T17:38:16.070485
MONDO:0006733,dry eye syndrome,2026-08-08T14:14:18.493172
MONDO:0006746,endomyocardial fibrosis,2026-08-09T22:31:30.688261
MONDO:0006760,fetal erythroblastosis,2026-08-05T21:33:27.874215
MONDO:0006761,fibromuscular dysplasia,2026-07-31T06:31:13.374814
MONDO:0006767,gastric antral vascular ectasia,2026-03-18T01:49:51.181217
MONDO:0006769,gastroparesis,2026-07-29T22:40:47.687821
MONDO:0006797,hypertensive retinopathy,2026-08-13T21:33:37.006761
MONDO:0006807,intestinal perforation,2026-03-18T01:49:51.181344
MONDO:0006810,intracranial hypertension,2026-08-14T11:24:09.164824
MONDO:0006823,Klinefelter syndrome,2026-03-18T01:49:51.180754
MONDO:0006827,lateral medullary syndrome,2026-07-31T02:03:19.721507
MONDO:0006835,lipoid nephrosis,2026-04-13T07:11:26.667653
MONDO:0006853,mesenchymal chondrosarcoma,2026-04-12T22:50:17.736874
MONDO:0006876,ocular tuberculosis,2026-08-01T09:40:40.875725
MONDO:0006945,renal artery obstruction,2026-05-06T15:00:36.695304
MONDO:0006946,renal osteodystrophy,2026-03-17T19:28:46.485304
MONDO:0006952,retinopathy of prematurity,2026-06-17T17:47:51.233878
MONDO:0006953,Rh isoimmunization,2026-08-05T21:33:28.906541
MONDO:0006955,rheumatic heart disease,2026-08-10T01:14:45.327176
MONDO:0006956,Rickettsiosis,2026-03-17T19:41:51.680166
MONDO:0006970,sialolithiasis,2026-03-18T01:49:51.181823
MONDO:0007000,Treponema infectious disease,2026-08-08T12:20:51.292514
MONDO:0007015,viral meningitis,2026-03-18T01:49:51.181792
MONDO:0007027,metabolic dysfunction-associated steatohepatitis,2026-08-01T10:11:01.246615
MONDO:0007032,prune belly syndrome,2026-07-19T13:02:28.337644
MONDO:0007034,Adams-Oliver syndrome,2026-04-30T14:17:46.817121
MONDO:0007037,achondroplasia,2026-03-18T01:49:51.181862
MONDO:0007038,Achoo syndrome,2026-03-18T01:49:51.180824
MONDO:0007039,NF2-related schwannomatosis,2026-08-14T13:27:23.869862
MONDO:0007041,Apert syndrome,2026-03-18T01:49:51.182035
MONDO:0007042,Saethre-Chotzen syndrome,2026-03-31T01:49:41.894059
MONDO:0007043,Pfeiffer syndrome,2026-03-18T01:49:51.182041
MONDO:0007044,Acrodysostosis 1 with or without hormone resistance,2026-07-19T05:44:22.300523
MONDO:0007052,growth hormone secreting pituitary adenoma 1,2026-04-19T15:09:51.179159
MONDO:0007057,acroosteolysis dominant type,2026-07-31T06:31:52.698003
MONDO:0007068,adenylosuccinate lyase deficiency,2026-05-05T05:29:16.303187
MONDO:0007072,ADULT syndrome,2026-07-28T12:20:18.482687
MONDO:0007074,ainhum,2026-03-17T19:25:01.255851
MONDO:0007077,Tietz syndrome,2026-07-06T10:32:06.656237
MONDO:0007078,pseudohypoparathyroidism type 1A,2026-04-30T14:14:55.016067
MONDO:0007079,alcohol dependence,2026-08-09T14:25:25.448972
MONDO:0007080,glucocorticoid-remediable aldosteronism,2026-05-03T17:02:28.843016
MONDO:0007088,Alzheimer disease type 1,2026-07-31T14:51:03.144284
MONDO:0007093,hypomaturation-hypoplastic amelogenesis imperfecta with taurodontism,2026-03-17T19:53:25.011695
MONDO:0007097,Finnish type amyloidosis,2026-08-21T16:23:18.590023
MONDO:0007098,ACys amyloidosis,2026-08-18T10:03:27.277481
MONDO:0007100,familial amyloid neuropathy,2026-03-18T01:49:51.180577
MONDO:0007104,amyotrophic lateral sclerosis-parkinsonism-dementia complex,2026-06-11T21:36:28.378334
MONDO:0007108,anal canal carcinoma,2026-05-13T16:06:53.833281
MONDO:0007109,congenital dyserythropoietic anemia type 3,2026-06-05T15:11:54.171108
MONDO:0007113,Angelman syndrome,2026-03-17T19:25:38.410852
MONDO:0007119,isolated aniridia,2026-08-22T18:40:39.699904
MONDO:0007124,ankyloblepharon-ectodermal defects-cleft lip/palate syndrome,2026-07-28T12:20:16.899496
MONDO:0007130,congenital total pulmonary venous return anomaly,2026-07-28T12:13:18.999434
MONDO:0007142,Townes-Brocks syndrome,2026-08-21T21:12:09.556579
MONDO:0007147,obstructive sleep apnea syndrome,2026-03-18T01:49:51.181372
MONDO:0007152,arrhythmogenic right ventricular dysplasia 1,2026-07-31T14:12:00.953192
MONDO:0007154,arteriovenous malformations of the brain,2026-08-19T23:05:21.440484
MONDO:0007160,Stickler syndrome type 1,2026-03-18T01:49:51.182029
MONDO:0007163,episodic ataxia type 2,2026-05-30T17:53:54.708367
MONDO:0007167,atelosteogenesis type I,2026-03-08T15:13:18.235509
MONDO:0007168,atelosteogenesis type III,2026-03-08T15:13:18.235460
MONDO:0007179,autoimmune disease,2026-03-18T01:49:51.181099
MONDO:0007182,Machado-Joseph disease,2026-04-25T18:17:07.841672
MONDO:0007186,gastroesophageal reflux disease,2026-03-18T01:49:51.181260
MONDO:0007187,nevoid basal cell carcinoma syndrome,2026-03-18T01:49:51.182079
MONDO:0007191,Behcet disease,2026-03-18T01:49:51.181149
MONDO:0007201,"blepharophimosis, ptosis, and epicanthus inversus syndrome",2026-04-14T01:01:24.613041
MONDO:0007204,Cole-Carpenter syndrome 1,2026-07-11T15:00:00.000000
MONDO:0007215,brachydactyly type A1,2026-03-18T01:49:51.182135
MONDO:0007235,branchiooculofacial syndrome,2026-06-03T17:15:14.240403
MONDO:0007236,branchiootorenal syndrome 1,2026-08-21T21:03:40.532714
MONDO:0007239,epidermolytic ichthyosis,2026-06-20T02:57:53.382398
MONDO:0007240,"progressive familial heart block, type 1A",2026-06-21T16:17:08.796136
MONDO:0007243,Burkitt lymphoma,2026-03-18T01:49:51.181617
MONDO:0007244,Caffey disease,2026-08-26T08:53:04.882490
MONDO:0007250,camptodactyly of fingers,2026-03-18T01:49:51.180663
MONDO:0007251,campomelic dysplasia,2026-03-08T15:18:53.233230
MONDO:0007256,hepatocellular carcinoma,2026-03-18T01:49:51.181406
MONDO:0007263,cardiac rhythm disease,2026-03-18T01:49:51.181084
MONDO:0007266,hypertrophic cardiomyopathy 2,2026-08-17T21:03:09.532343
MONDO:0007267,hypertrophic cardiomyopathy 3,2026-08-12T14:50:03.629943
MONDO:0007268,hypertrophic cardiomyopathy 4,2026-08-01T21:09:46.485305
MONDO:0007269,dilated cardiomyopathy 1A,2026-08-18T05:05:11.087228
MONDO:0007273,pheochromocytoma/paraganglioma syndrome 4,2026-08-01T14:46:12.199025
MONDO:0007294,central core myopathy,2026-03-17T19:29:36.774755
MONDO:0007295,self-limited epilepsy with centrotemporal spikes,2026-07-18T09:15:49.018617
MONDO:0007297,ADan amyloidosis,2026-04-30T14:15:32.184027
MONDO:0007301,cerebrocostomandibular syndrome,2026-08-17T04:41:55.320966
MONDO:0007315,cherubism,2026-07-22T09:47:07.343314
MONDO:0007318,Alagille syndrome,2026-04-30T14:18:50.415075
MONDO:0007322,"chondrodysplasia punctata, tibial-metacarpal type",2026-05-10T16:51:40.269999
MONDO:0007340,cleidocranial dysplasia 1,2026-03-17T19:30:51.641942
MONDO:0007345,aorta coarctation,2026-08-10T14:56:05.526574
MONDO:0007349,familial cold autoinflammatory syndrome 1,2026-03-17T19:28:43.580283
MONDO:0007352,renal coloboma syndrome,2026-08-21T21:12:07.738781
MONDO:0007355,uveal coloboma-cleft lip and palate-intellectual disability,2026-08-01T14:09:03.534264
MONDO:0007363,congenital contractural arachnodactyly,2026-07-31T14:11:58.899825
MONDO:0007365,"seizures, benign familial neonatal, 1",2026-05-13T22:42:10.726523
MONDO:0007366,"seizures, benign familial neonatal, 2",2026-05-13T22:42:10.735222
MONDO:0007369,hereditary coproporphyria,2026-05-10T11:13:04.275492
MONDO:0007374,Schnyder corneal dystrophy,2026-08-14T13:24:41.018181
MONDO:0007377,granular corneal dystrophy type I,2026-06-20T04:31:07.146474
MONDO:0007380,lattice corneal dystrophy type I,2026-06-20T04:31:07.178011
MONDO:0007385,idiopathic spontaneous coronary artery dissection,2026-07-31T06:32:15.861532
MONDO:0007389,spondylocostal dysostosis 5,2026-06-29T06:42:54.261063
MONDO:0007395,craniofacial-deafness-hand syndrome,2026-05-27T20:13:07.138281
MONDO:0007397,"craniometaphyseal dysplasia, autosomal dominant",2026-08-20T15:21:37.537979
MONDO:0007400,Jackson-Weiss syndrome,2026-03-18T01:49:51.182050
MONDO:0007404,Cri-du-chat syndrome,2026-07-30T22:39:05.376489
MONDO:0007405,Crouzon syndrome,2026-03-18T01:49:51.182038
MONDO:0007407,Cryoglobulinemic vasculitis,2026-05-05T08:01:12.665943
MONDO:0007412,Beare-Stevenson cutis gyrata syndrome,2026-08-22T18:27:25.099394
MONDO:0007414,Gorham-Stout disease,2026-07-28T12:15:00.646481
MONDO:0007417,Darier disease,2026-08-22T17:38:10.744909
MONDO:0007420,autosomal dominant deafness - onychodystrophy syndrome,2026-08-07T13:30:08.649309
MONDO:0007422,keratoderma hereditarium mutilans,2026-03-18T01:49:51.182015
MONDO:0007429,"optic atrophy with or without deafness, ophthalmoplegia, myopathy, ataxia, and neuropathy",2026-08-14T20:42:43.712090
MONDO:0007432,cerebral arteriopathy with subcortical infarcts and leukoencephalopathy,2026-03-08T15:15:28.986259
MONDO:0007435,dentatorubral-pallidoluysian atrophy,2026-04-08T08:07:22.282285
MONDO:0007444,"dermal Ridges, patternless",2026-03-18T01:49:51.180844
MONDO:0007452,maturity-onset diabetes of the young type 1,2026-03-17T19:32:48.953919
MONDO:0007453,maturity-onset diabetes of the young type 2,2026-03-17T19:32:48.958288
MONDO:0007473,Duane retraction syndrome,2026-06-25T22:55:05.967847
MONDO:0007481,Leri-Weill dyschondrosteosis,2026-07-28T12:16:04.281031
MONDO:0007488,Lewy body dementia,2026-03-18T01:49:51.180869
MONDO:0007496,dystonia 12,2026-07-31T22:15:07.972768
MONDO:0007508,Rapp-Hodgkin syndrome,2026-07-28T12:20:19.957403
MONDO:0007510,Clouston syndrome,2026-04-24T18:03:09.927218
MONDO:0007522,"Ehlers-Danlos syndrome, classic type",2026-03-18T01:49:51.180718
MONDO:0007523,"Ehlers-Danlos syndrome, hypermobility type",2026-06-13T17:07:49.341540
MONDO:0007524,"autosomal dominant Ehlers-Danlos syndrome, vascular type",2026-07-31T18:27:43.705929
MONDO:0007526,"Ehlers-Danlos syndrome, spondylodysplastic type",2026-05-21T03:01:59.203180
MONDO:0007527,"Ehlers-Danlos syndrome, periodontitis type",2026-07-18T16:14:23.223819
MONDO:0007533,elliptocytosis 2,2026-05-09T04:57:52.196435
MONDO:0007534,Beckwith-Wiedemann syndrome,2026-06-03T17:51:32.684266
MONDO:0007536,congenital lobar emphysema,2026-08-01T01:32:31.324326
MONDO:0007540,multiple endocrine neoplasia type 1,2026-08-23T13:46:12.836538
MONDO:0007542,Camurati-Engelmann disease,2026-03-18T01:49:51.182099
MONDO:0007549,generalized dominant dystrophic epidermolysis bullosa,2026-05-08T13:56:05.006543
MONDO:0007561,multiple epiphyseal dysplasia type 1,2026-07-06T08:12:57.997030
MONDO:0007568,"aortic aneurysm, familial thoracic 4",2026-05-30T18:03:34.635673
MONDO:0007571,primary erythermalgia,2026-07-31T02:27:32.445099
MONDO:0007606,fibrodysplasia ossificans progressiva,2026-03-18T01:49:51.180850
MONDO:0007614,congenital fibrosis of extraocular muscles,2026-08-20T07:40:17.138533
MONDO:0007615,laurin-Sandrow syndrome,2026-08-16T19:13:03.189318
MONDO:0007621,Floating-Harbor syndrome,2026-07-28T12:14:36.146376
MONDO:0007630,North Carolina macular dystrophy,2026-06-18T12:43:45.779406
MONDO:0007635,Frasier syndrome,2026-05-30T18:52:05.032214
MONDO:0007636,frontorhiny,2026-05-08T12:42:56.469424
MONDO:0007648,hereditary diffuse gastric adenocarcinoma,2026-08-01T08:00:41.310234
MONDO:0007650,MALT lymphoma,2026-06-08T10:34:10.890653
MONDO:0007656,Gerstmann-Straussler-Scheinker syndrome,2026-07-28T10:25:50.231918
MONDO:0007661,Tourette syndrome,2026-05-01T20:48:11.028260
MONDO:0007669,renal cysts and diabetes syndrome,2026-03-17T19:32:49.016110
MONDO:0007672,glomuvenous malformation,2026-08-01T14:50:02.234755
MONDO:0007686,gray platelet syndrome,2026-08-25T05:29:01.756274
MONDO:0007688,Myhre syndrome,2026-06-04T17:53:18.125419
MONDO:0007690,aromatase excess syndrome,2026-08-13T23:36:12.982582
MONDO:0007698,hand-foot-genital syndrome,2026-03-18T01:49:51.182126
MONDO:0007699,Hashimoto thyroiditis,2026-03-18T01:49:51.181285
MONDO:0007727,TNF receptor 1-associated periodic fever syndrome,2026-06-30T09:04:12.010240
MONDO:0007732,Holt-Oram syndrome,2026-03-18T01:49:51.181297
MONDO:0007733,holoprosencephaly 3,2026-07-31T06:35:02.924817
MONDO:0007737,humeroradial synostosis,2026-06-17T11:48:42.651689
MONDO:0007738,spondyloepiphyseal dysplasia with congenital joint dislocations,2026-08-01T14:14:50.307123
MONDO:0007739,Huntington disease,2026-03-18T01:49:51.180739
MONDO:0007743,attention deficit-hyperactivity disorder,2026-04-30T14:22:54.381279
MONDO:0007745,Gilbert syndrome,2026-03-19T19:30:11.543452
MONDO:0007750,"hypercholesterolemia, familial, 1",2026-08-19T08:52:05.868684
MONDO:0007751,"hypercholesterolemia, autosomal dominant, type B",2026-08-18T21:01:35.106937
MONDO:0007766,Morgagni-Stewart-Morel syndrome,2026-03-17T19:44:31.043394
MONDO:0007777,hypotaurinemic retinal degeneration and cardiomyopathy,2026-08-19T09:07:21.930279
MONDO:0007793,hypochondroplasia,2026-03-18T01:49:51.181865
MONDO:0007797,hypoparathyroidism-deafness-renal disease syndrome,2026-05-30T21:37:20.298348
MONDO:0007800,chromosome 18p deletion syndrome,2026-06-22T12:48:55.197594
MONDO:0007803,multiple system atrophy,2026-04-07T09:17:20.939033
MONDO:0007804,Pallister-Hall syndrome,2026-03-18T01:49:51.182132
MONDO:0007818,"hyper-IgE recurrent infection syndrome 1, autosomal dominant",2026-06-30T11:33:16.788178
MONDO:0007819,solitary median maxillary central incisor syndrome,2026-08-01T16:53:04.360767
MONDO:0007827,inclusion body myositis,2026-07-30T16:47:52.911975
MONDO:0007835,intussusception,2026-03-18T01:49:51.181346
MONDO:0007838,Jacobsen syndrome,2026-08-24T13:40:05.621861
MONDO:0007843,Kabuki syndrome 1,2026-03-17T19:40:53.135987
MONDO:0007844,hypogonadotropic hypogonadism 2 with or without anosmia,2026-05-30T19:14:47.199359
MONDO:0007846,KBG syndrome,2026-06-04T17:34:17.585051
MONDO:0007862,Waardenburg syndrome type 3,2026-05-27T20:13:06.973197
MONDO:0007863,Kleine-Levin syndrome,2026-08-24T18:07:01.610499
MONDO:0007864,angioosteohypertrophic syndrome,2026-03-18T01:49:51.180841
MONDO:0007875,Larsen syndrome,2026-03-17T19:41:37.598432
MONDO:0007878,congenital laryngomalacia,2026-03-17T19:41:40.406047
MONDO:0007881,"tooth agenesis, selective, 4",2026-05-31T19:20:49.520305
MONDO:0007886,uterine corpus leiomyoma,2026-06-22T11:33:43.166390
MONDO:0007888,hereditary leiomyomatosis and renal cell cancer,2026-08-23T13:50:47.814709
MONDO:0007892,Lenz-Majewski hyperostotic dwarfism,2026-05-31T00:35:27.901693
MONDO:0007893,Noonan syndrome with multiple lentigines,2026-03-18T01:49:51.180993
MONDO:0007899,lichen sclerosus et atrophicus,2026-07-19T05:22:35.091020
MONDO:0007906,"familial partial lipodystrophy, Dunnigan type",2026-06-07T20:24:01.956775
MONDO:0007908,multiple symmetric lipomatosis,2026-03-18T01:49:51.181893
MONDO:0007915,systemic lupus erythematosus,2026-03-18T01:49:51.180808
MONDO:0007919,lymphatic malformation 1,2026-05-30T21:37:20.287015
MONDO:0007924,Bannayan-Riley-Ruvalcaba syndrome,2026-03-18T01:49:51.181903
MONDO:0007930,"Bernard-Soulier syndrome, type A2, autosomal dominant",2026-08-15T10:38:57.746211
MONDO:0007931,vitelliform macular dystrophy 2,2026-04-04T20:29:29.662606
MONDO:0007943,Nager acrofacial dysostosis,2026-07-31T01:08:28.744109
MONDO:0007944,Treacher Collins syndrome 1,2026-06-04T14:29:43.154830
MONDO:0007947,Marfan syndrome,2026-03-18T01:49:51.180760
MONDO:0007949,Marshall syndrome,2026-04-30T14:24:34.577224
MONDO:0007955,Meckel diverticulum,2026-03-18T01:49:51.181225
MONDO:0007959,medulloblastoma,2026-07-28T12:16:46.629110
MONDO:0007969,Melkersson-Rosenthal syndrome,2026-03-18T01:49:51.181826
MONDO:0007972,Meniere disease,2026-03-18T01:49:51.181355
MONDO:0007983,Schmid metaphyseal chondrodysplasia,2026-03-17T19:44:02.815935
MONDO:0007986,metatropic dysplasia,2026-03-17T19:44:05.726964
MONDO:0007987,Kniest dysplasia,2026-03-18T01:49:51.182027
MONDO:0008003,autosomal dominant progressive external ophthalmoplegia,2026-08-01T14:48:34.930280
MONDO:0008005,cardiospondylocarpofacial syndrome,2026-05-30T21:24:24.236238
MONDO:0008006,Moebius syndrome,2026-08-15T19:59:48.615207
MONDO:0008009,monilethrix,2026-08-22T17:50:15.000301
MONDO:0008021,Cowden syndrome 1,2026-03-18T01:49:51.181860
MONDO:0008029,Bethlem myopathy,2026-07-31T16:55:47.500825
MONDO:0008030,facioscapulohumeral muscular dystrophy 1,2026-04-26T15:38:11.336816
MONDO:0008031,facioscapulohumeral muscular dystrophy 2,2026-04-26T15:38:11.343752
MONDO:0008039,tropical spastic paraparesis,2026-07-28T12:15:59.072417
MONDO:0008040,transient myeloproliferative syndrome,2026-07-17T16:14:37.379196
MONDO:0008044,myoclonic dystonia 11,2026-05-07T14:46:51.380415
MONDO:0008045,spinal muscular atrophy-progressive myoclonic epilepsy syndrome,2026-06-20T04:35:58.332887
MONDO:0008047,episodic ataxia type 1,2026-05-30T17:53:54.697050
MONDO:0008048,autosomal dominant centronuclear myopathy,2026-06-16T18:02:11.112019
MONDO:0008055,"myotonia congenita, autosomal dominant",2026-05-31T03:49:25.318067
MONDO:0008056,myotonic dystrophy type 1,2026-03-17T19:45:23.433889
MONDO:0008069,"necrotizing encephalomyelopathy, subacute, of Leigh, adult",2026-05-30T19:45:32.262247
MONDO:0008075,schwannomatosis,2026-06-08T18:04:48.224119
MONDO:0008087,hereditary neuropathy with liability to pressure palsies,2026-04-21T13:49:32.745956
MONDO:0008102,"sick sinus syndrome 2, autosomal dominant",2026-08-17T09:04:13.944458
MONDO:0008104,Noonan syndrome 1,2026-03-18T01:49:51.182082
MONDO:0008111,oculodentodigital dysplasia,2026-05-30T22:33:24.755145
MONDO:0008114,obsessive-compulsive disorder,2026-04-28T11:53:25.476440
MONDO:0008115,Feingold syndrome type 1,2026-07-31T06:31:08.501019
MONDO:0008116,oculopharyngeal muscular dystrophy,2026-08-01T14:48:48.343152
MONDO:0008119,spinocerebellar ataxia type 1,2026-05-17T21:12:30.728614
MONDO:0008123,autosomal dominant omodysplasia,2026-06-04T03:51:59.759638
MONDO:0008137,orofaciodigital syndrome X,2026-08-19T08:05:34.935036
MONDO:0008146,osteogenesis imperfecta type 1,2026-03-18T01:49:51.182053
MONDO:0008147,osteogenesis imperfecta type 2,2026-03-18T01:49:51.182056
MONDO:0008148,osteogenesis imperfecta type 4,2026-03-18T01:49:51.182061
MONDO:0008150,osteoglophonic dysplasia,2026-07-28T12:17:48.795641
MONDO:0008151,gnathodiaphyseal dysplasia,2026-08-21T20:49:48.333304
MONDO:0008156,autosomal dominant osteopetrosis 2,2026-03-18T01:49:51.182138
MONDO:0008158,dacryocystitis-osteopoikilosis syndrome,2026-03-17T19:32:17.707031
MONDO:0008163,otofaciocervical syndrome,2026-08-21T21:12:11.251999
MONDO:0008164,otosclerosis 1,2026-08-18T09:47:53.737663
MONDO:0008165,southeast Asian ovalocytosis,2026-05-09T04:57:52.215018
MONDO:0008172,"hypertrophic osteoarthropathy, primary, autosomal dominant",2026-07-31T06:34:50.773213
MONDO:0008173,pachyonychia congenita 1,2026-08-18T11:39:08.634487
MONDO:0008174,pachyonychia congenita 2,2026-08-18T11:39:12.800973
MONDO:0008178,inclusion body myopathy with Paget disease of bone and frontotemporal dementia type 1,2026-06-05T23:16:08.762311
MONDO:0008179,paroxysmal extreme pain disorder,2026-08-22T18:31:39.085814
MONDO:0008192,pheochromocytoma/paraganglioma syndrome 1,2026-08-01T14:46:06.257638
MONDO:0008195,paramyotonia congenita of Von Eulenburg,2026-05-31T03:49:25.370123
MONDO:0008199,late-onset Parkinson disease,2026-06-30T06:23:56.375566
MONDO:0008210,patterned macular dystrophy 1,2026-03-19T19:41:16.227873
MONDO:0008215,adult-onset autosomal dominant demyelinating leukodystrophy,2026-06-18T19:58:18.748408
MONDO:0008218,Hailey-Hailey disease,2026-08-22T17:39:43.651611
MONDO:0008219,pemphigus vulgaris,2026-03-18T01:49:51.181389
MONDO:0008222,Andersen-Tawil syndrome,2026-07-31T17:27:52.836018
MONDO:0008223,hypokalemic periodic paralysis,2026-05-09T11:47:45.781150
MONDO:0008224,hyperkalemic periodic paralysis,2026-05-31T03:49:25.406015
MONDO:0008233,pheochromocytoma,2026-08-01T13:25:13.418417
MONDO:0008243,Pick disease,2026-03-18T01:49:51.180788
MONDO:0008244,piebaldism,2026-08-22T17:52:11.063346
MONDO:0008249,pilonidal sinus,2026-03-17T19:38:42.316126
MONDO:0008260,Kindler syndrome,2026-03-17T19:41:07.883958
MONDO:0008265,polycystic liver disease 1,2026-05-08T23:53:10.010831
MONDO:0008267,orofaciodigital syndrome V,2026-08-19T08:05:17.996938
MONDO:0008270,polydactyly of a triphalangeal thumb,2026-06-19T12:47:55.771718
MONDO:0008278,juvenile polyposis/hereditary hemorrhagic telangiectasia syndrome,2026-04-24T17:05:49.234592
MONDO:0008280,Peutz-Jeghers syndrome,2026-03-18T01:49:51.181194
MONDO:0008283,Cronkhite-Canada syndrome,2026-03-18T01:49:51.181191
MONDO:0008287,Greig cephalopolysyndactyly syndrome,2026-03-18T01:49:51.182129
MONDO:0008289,brain small vessel disease 1 with or without ocular anomalies,2026-07-30T23:37:14.390725
MONDO:0008291,porokeratosis plantaris palmaris et disseminata,2026-08-08T16:52:39.345395
MONDO:0008294,acute intermittent porphyria,2026-04-21T13:49:54.400271
MONDO:0008296,familial porphyria cutanea tarda,2026-05-10T11:13:04.326948
MONDO:0008297,variegate porphyria,2026-05-10T11:13:04.292276
MONDO:0008300,Prader-Willi syndrome,2026-03-17T19:25:38.500868
MONDO:0008306,ABri amyloidosis,2026-07-17T21:27:14.176700
MONDO:0008310,Hutchinson-Gilford progeria syndrome,2026-06-18T16:49:24.118852
MONDO:0008315,prostate cancer,2026-03-18T01:49:51.181623
MONDO:0008318,Proteus syndrome,2026-03-18T01:49:51.181890
MONDO:0008322,pseudoachondroplasia,2026-07-30T22:37:36.079852
MONDO:0008323,Liddle syndrome,2026-05-03T15:57:51.377389
MONDO:0008332,platelet-type von Willebrand disease,2026-05-09T18:41:13.886759
MONDO:0008346,pulmonary hemosiderosis,2026-03-18T01:49:51.181803
MONDO:0008364,Raynaud disease,2026-03-18T01:49:51.182152
MONDO:0008371,Dowling-Degos disease,2026-08-01T16:34:51.559958
MONDO:0008373,retinal arterial tortuosity,2026-06-18T12:16:57.080477
MONDO:0008380,retinoblastoma,2026-03-18T01:49:51.180889
MONDO:0008383,rheumatoid arthritis,2026-03-18T01:49:51.180800
MONDO:0008386,Axenfeld-Rieger syndrome type 1,2026-07-31T00:44:38.132139
MONDO:0008393,Rubinstein-Taybi syndrome due to CREBBP mutations,2026-06-03T22:44:01.410637
MONDO:0008394,Silver-Russell syndrome,2026-05-07T08:58:38.066360
MONDO:0008408,"scapuloperoneal spinal muscular atrophy, autosomal dominant",2026-06-27T00:57:51.508046
MONDO:0008411,ulnar-mammary syndrome,2026-03-18T01:49:51.182123
MONDO:0008420,seborrheic keratosis,2026-08-08T16:52:44.334956
MONDO:0008426,Shprintzen-Goldberg syndrome,2026-03-18T01:49:51.182096
MONDO:0008433,small cell lung carcinoma,2026-03-18T01:49:51.181552
MONDO:0008434,Smith-Magenis syndrome,2026-06-03T15:07:21.820200
MONDO:0008436,Sneddon syndrome,2026-07-31T06:35:17.223012
MONDO:0008458,spinocerebellar ataxia type 2,2026-05-17T21:12:30.740785
MONDO:0008464,split hand-foot malformation 1,2026-06-08T12:22:38.408516
MONDO:0008471,spondyloepiphyseal dysplasia congenita,2026-03-18T01:49:51.182024
MONDO:0008473,"spondyloepimetaphyseal dysplasia, Maroteaux type",2026-07-19T06:47:30.166368
MONDO:0008476,"spondyloepimetaphyseal dysplasia, Strudwick type",2026-03-18T01:49:51.182032
MONDO:0008477,"spondylometaphyseal dysplasia, Kozlowski type",2026-06-06T16:23:23.231138
MONDO:0008487,polycystic ovary syndrome,2026-03-18T01:49:51.181420
MONDO:0008490,"otospondylomegaepiphyseal dysplasia, autosomal dominant",2026-05-08T12:02:22.772567
MONDO:0008491,stiff-person syndrome,2026-03-18T01:49:51.180847
MONDO:0008492,stiff skin syndrome,2026-08-16T11:56:41.814383
MONDO:0008501,Sturge-Weber syndrome,2026-07-18T09:37:48.874802
MONDO:0008515,syndactyly type 4,2026-08-16T19:13:01.582308
MONDO:0008523,Blau syndrome,2026-04-22T22:04:42.143419
MONDO:0008535,"telangiectasia, hereditary hemorrhagic, type 1",2026-04-24T17:05:18.138257
MONDO:0008538,temporal arteritis,2026-03-18T01:49:51.181269
MONDO:0008542,tetralogy of fallot,2026-08-01T01:05:52.462719
MONDO:0008546,thanatophoric dysplasia type 1,2026-03-18T01:49:51.181868
MONDO:0008547,thanatophoric dysplasia type 2,2026-03-18T01:49:51.181871
MONDO:0008553,platelet-type bleeding disorder 17,2026-08-24T22:08:09.168976
MONDO:0008558,autoimmune thrombocytopenic purpura,2026-03-18T01:49:51.181302
MONDO:0008564,DiGeorge syndrome,2026-07-31T22:16:35.303969
MONDO:0008567,"thyroid cancer, nonmedullary, 1",2026-08-01T14:44:57.226739
MONDO:0008572,"tibia, hypoplasia or aplasia of, with polydactyly",2026-08-16T19:13:04.799554
MONDO:0008582,tooth and nail syndrome,2026-07-06T14:21:47.895025
MONDO:0008585,HELLP syndrome,2026-03-17T19:25:50.313485
MONDO:0008592,tricho-dento-osseous syndrome,2026-03-17T19:53:25.017833
MONDO:0008601,"triglyceride storage disease, type 1",2026-06-18T12:11:29.331594
MONDO:0008602,"triglyceride storage disease, type 2",2026-06-18T12:11:29.270052
MONDO:0008605,"triphalangeal thumb, Nonopposable",2026-08-16T19:12:58.292149
MONDO:0008608,Down syndrome,2026-03-18T01:49:51.180704
MONDO:0008612,tuberous sclerosis 1,2026-07-31T00:04:46.187524
MONDO:0008633,Muckle-Wells syndrome,2026-03-08T15:18:53.233200
MONDO:0008642,VACTERL/vater association,2026-08-17T03:17:41.540000
MONDO:0008644,velocardiofacial syndrome,2026-07-31T10:24:44.795242
MONDO:0008647,hypertrophic cardiomyopathy 1,2026-08-22T18:10:57.915320
MONDO:0008653,vesicoureteral reflux 1,2026-08-01T14:33:47.940291
MONDO:0008654,spinocerebellar ataxia 27A,2026-08-01T13:16:05.287062
MONDO:0008660,autosomal dominant hypophosphatemic rickets,2026-08-19T17:34:27.496033
MONDO:0008661,vitiligo,2026-03-06T03:43:53.257568
MONDO:0008662,autosomal dominant vitreoretinochoroidopathy,2026-05-05T16:11:11.409635
MONDO:0008667,von Hippel-Lindau disease,2026-03-18T01:49:51.181038
MONDO:0008668,von Willebrand disease 1,2026-03-18T01:49:51.181035
MONDO:0008670,Waardenburg syndrome type 1,2026-05-27T20:13:06.960312
MONDO:0008671,Waardenburg syndrome type 2A,2026-07-06T10:32:06.211925
MONDO:0008678,Williams syndrome,2026-06-03T15:53:44.410974
MONDO:0008681,WAGR syndrome,2026-05-30T18:52:05.045462
MONDO:0008682,Denys-Drash syndrome,2026-05-30T18:52:05.019173
MONDO:0008684,Wolf-Hirschhorn syndrome,2026-04-30T20:28:28.982484
MONDO:0008685,Wolff-Parkinson-White syndrome,2026-06-06T16:58:06.404045
MONDO:0008686,isolated familial wooly hair disorder,2026-06-08T18:44:27.125458
MONDO:0008689,dehydrated hereditary stomatocytosis with or without pseudohyperkalemia and/or perinatal edema,2026-08-18T09:49:02.637084
MONDO:0008692,abetalipoproteinemia,2026-05-03T22:24:58.205828
MONDO:0008695,VPS13A-related neurodegenerative disease,2026-05-03T15:42:33.120172
MONDO:0008702,achondrogenesis type II,2026-03-18T01:49:51.182018
MONDO:0008703,acromesomelic dysplasia 2A,2026-07-19T06:47:28.694015
MONDO:0008705,lysosomal acid phosphatase deficiency,2026-06-18T11:24:57.562769
MONDO:0008708,acrocallosal syndrome,2026-06-13T20:36:30.794995
MONDO:0008717,"acromesomelic dysplasia 2C, Hunter-Thompson type",2026-07-19T06:47:27.969872
MONDO:0008721,medium chain acyl-CoA dehydrogenase deficiency,2026-03-18T01:49:51.182006
MONDO:0008722,short chain acyl-CoA dehydrogenase deficiency,2026-07-02T06:51:55.767149
MONDO:0008723,very long chain acyl-CoA dehydrogenase deficiency,2026-03-17T19:55:01.406009
MONDO:0008725,congenital lipoid adrenal hyperplasia due to STAR deficency,2026-05-07T09:54:17.203987
MONDO:0008727,congenital adrenal hyperplasia due to 3-beta-hydroxysteroid dehydrogenase deficiency,2026-05-07T09:32:37.509296
MONDO:0008728,classic congenital adrenal hyperplasia due to 21-hydroxylase deficiency,2026-05-07T09:32:37.417887
MONDO:0008729,congenital adrenal hyperplasia due to 11-beta-hydroxylase deficiency,2026-05-07T09:32:37.476372
MONDO:0008730,congenital adrenal hyperplasia due to 17-alpha-hydroxylase deficiency,2026-05-07T09:32:37.492176
MONDO:0008740,agnathia-otocephaly complex,2026-07-31T00:10:36.448258
MONDO:0008748,Hermansky-Pudlak syndrome 1,2026-06-16T16:54:27.519093
MONDO:0008752,Alexander disease,2026-03-14T22:20:21.280579
MONDO:0008753,alkaptonuria,2026-05-03T04:38:32.779591
MONDO:0008756,alopecia - intellectual disability syndrome,2026-08-26T08:48:30.939770
MONDO:0008758,mitochondrial DNA depletion syndrome 4a,2026-08-05T20:27:52.411223
MONDO:0008760,beta-ketothiolase deficiency,2026-03-08T15:13:18.235513
MONDO:0008763,Alstrom syndrome,2026-04-12T18:37:24.314619
MONDO:0008767,neuronal ceroid lipofuscinosis 3,2026-06-13T16:15:59.295965
MONDO:0008769,neuronal ceroid lipofuscinosis 2,2026-06-13T16:15:59.414501
MONDO:0008780,"amyotrophic lateral sclerosis type 2, juvenile",2026-08-20T09:20:27.223360
MONDO:0008781,juvenile amyotrophic lateral sclerosis with dementia,2026-08-20T09:20:45.704661
MONDO:0008783,Tangier disease,2026-05-03T23:48:21.254861
MONDO:0008788,IRIDA syndrome,2026-08-01T19:14:51.196744
MONDO:0008803,Antley-Bixler syndrome,2026-08-08T16:53:49.026548
MONDO:0008814,arginase deficiency,2026-03-17T19:25:56.206183
MONDO:0008815,argininosuccinic aciduria,2026-03-17T19:25:59.060801
MONDO:0008818,arterial tortuosity syndrome,2026-05-05T10:00:36.769455
MONDO:0008822,"arthrogryposis, renal dysfunction, and cholestasis 1",2026-08-02T02:59:50.257396
MONDO:0008830,aspartylglucosaminuria,2026-05-03T08:30:08.888400
MONDO:0008840,ataxia telangiectasia,2026-03-17T19:26:18.764703
MONDO:0008842,"ataxia, early-onset, with oculomotor apraxia and hypoalbuminemia",2026-04-24T14:45:04.834364
MONDO:0008846,atransferrinemia,2026-08-08T14:23:52.764171
MONDO:0008847,atrichia with papular lesions,2026-08-26T08:46:23.255645
MONDO:0008855,MHC class II deficiency,2026-05-05T18:10:35.296245
MONDO:0008858,Behr syndrome,2026-07-30T23:20:12.238799
MONDO:0008863,sitosterolemia,2026-07-29T19:19:49.861601
MONDO:0008865,Bietti crystalline corneoretinal dystrophy,2026-08-23T13:22:18.492202
MONDO:0008867,biliary atresia,2026-04-30T14:18:50.465976
MONDO:0008871,microcephalic osteodysplastic primordial dwarfism type I,2026-07-31T17:25:54.644973
MONDO:0008872,microcephalic osteodysplastic primordial dwarfism type II,2026-07-31T17:25:50.574575
MONDO:0008873,"microcephalic osteodysplastic primordial dwarfism, type 3",2026-07-31T17:35:41.652443
MONDO:0008876,Bloom syndrome,2026-06-20T05:33:58.961447
MONDO:0008881,kyphomelic dysplasia,2026-08-23T04:19:11.154123
MONDO:0008885,Elsahy-Waters syndrome,2026-06-30T09:34:11.631482
MONDO:0008886,Sabinas brittle hair syndrome,2026-08-17T13:33:02.122744
MONDO:0008889,thromboangiitis obliterans,2026-07-06T05:25:53.193575
MONDO:0008890,progressive bulbar palsy,2026-06-27T00:42:11.937504
MONDO:0008891,riboflavin transporter deficiency,2026-07-31T11:59:58.188414
MONDO:0008892,progressive familial intrahepatic cholestasis type 1,2026-08-01T06:06:45.209014
MONDO:0008895,hereditary arterial and articular multiple calcification syndrome,2026-05-04T22:01:55.353841
MONDO:0008900,camptodactyly with fibrous tissue hyperplasia and skeletal dysplasia,2026-08-02T01:33:08.504120
MONDO:0008905,predisposition to invasive fungal disease due to CARD9 deficiency,2026-08-01T09:05:24.305987
MONDO:0008907,PMM2-congenital disorder of glycosylation,2026-05-18T01:08:18.970440
MONDO:0008908,MGAT2-congenital disorder of glycosylation,2026-05-18T00:39:40.548093
MONDO:0008918,carnitine-acylcarnitine translocase deficiency,2026-03-17T19:29:24.481592
MONDO:0008919,systemic primary carnitine deficiency disease,2026-03-17T19:49:23.921569
MONDO:0008922,Sengers syndrome,2026-03-18T01:49:51.181906
MONDO:0008926,COFS syndrome,2026-05-14T14:08:54.598960
MONDO:0008935,cerebellar ataxia-hypogonadism syndrome,2026-06-04T18:13:03.397822
MONDO:0008944,Joubert syndrome 1,2026-03-17T19:40:41.729169
MONDO:0008947,bilateral striopallidodentate calcinosis,2026-04-14T01:04:47.337251
MONDO:0008948,cerebrotendinous xanthomatosis,2026-05-03T12:52:23.964059
MONDO:0008955,cerebrooculofacioskeletal syndrome 1,2026-05-14T14:08:54.607629
MONDO:0008960,Charcot-Marie-Tooth disease-hearing loss-intellectual disability syndrome,2026-07-31T19:05:48.553506
MONDO:0008962,Griscelli syndrome type 1,2026-08-22T17:55:45.332872
MONDO:0008963,Chediak-Higashi syndrome,2026-07-01T09:22:16.837758
MONDO:0008964,congenital secretory chloride diarrhea 1,2026-08-22T18:38:29.334259
MONDO:0008965,CHARGE syndrome,2026-05-30T18:19:42.283844
MONDO:0008967,congenital bile acid synthesis defect 4,2026-06-19T08:29:04.470858
MONDO:0008972,rhizomelic chondrodysplasia punctata type 1,2026-06-12T02:13:30.711349
MONDO:0008977,chondrosarcoma,2026-04-12T22:50:17.721965
MONDO:0008978,chordoma,2026-04-27T17:26:25.470113
MONDO:0008980,ataxia-hypogonadism-choroidal dystrophy syndrome,2026-06-04T11:43:24.558137
MONDO:0008982,central areolar choroidal dystrophy,2026-06-16T17:34:01.860029
MONDO:0008988,citrullinemia type I,2026-03-17T19:30:36.662122
MONDO:0008999,Cohen syndrome,2026-08-22T18:40:19.603796
MONDO:0009008,heart defect - tongue hamartoma - polysyndactyly syndrome,2026-06-22T16:27:21.988938
MONDO:0009009,hypoplasminogenemia,2026-06-20T02:58:24.635538
MONDO:0009020,macular corneal dystrophy,2026-08-14T13:24:38.911637
MONDO:0009025,apparent mineralocorticoid excess,2026-07-31T06:28:10.944617
MONDO:0009026,Costello syndrome,2026-03-18T01:49:51.180984
MONDO:0009032,cranioectodermal dysplasia,2026-06-17T11:58:13.990297
MONDO:0009033,temtamy syndrome,2026-06-04T10:13:37.429276
MONDO:0009035,"craniometaphyseal dysplasia, autosomal recessive",2026-08-20T15:21:39.180083
MONDO:0009044,Crigler-Najjar syndrome,2026-08-22T17:23:11.287815
MONDO:0009046,Fraser syndrome,2026-08-08T16:27:50.443701
MONDO:0009049,Cushing syndrome due to macronodular adrenal hyperplasia,2026-08-01T13:25:11.764020
MONDO:0009053,ALDH18A1-related de Barsy syndrome,2026-07-31T00:24:19.645698
MONDO:0009061,cystic fibrosis,2026-03-18T01:49:51.180976
MONDO:0009064,ocular cystinosis,2026-05-03T07:39:48.339315
MONDO:0009066,juvenile nephropathic cystinosis,2026-05-03T07:39:48.331481
MONDO:0009067,cystinuria,2026-05-05T10:18:42.375888
MONDO:0009069,"congenital lactic acidosis, Saguenay-Lac-Saint-Jean type",2026-05-30T19:45:32.232662
MONDO:0009072,Dandy-Walker syndrome,2026-03-17T19:40:42.048884
MONDO:0009073,Ritscher-Schinzel syndrome 1,2026-06-07T20:13:18.728208
MONDO:0009076,autosomal recessive nonsyndromic hearing loss 1A,2026-07-31T06:31:26.268553
MONDO:0009079,DOORS syndrome,2026-06-03T18:33:54.025992
MONDO:0009101,Wolfram syndrome 1,2026-08-15T09:50:11.236642
MONDO:0009104,Donnai-Barrow syndrome,2026-05-31T00:06:37.209320
MONDO:0009105,trichohepatoenteric syndrome,2026-08-22T23:37:40.285195
MONDO:0009107,diastrophic dysplasia,2026-03-17T19:32:55.070020
MONDO:0009109,lysinuric protein intolerance,2026-07-28T12:16:16.564552
MONDO:0009112,rhizomelic chondrodysplasia punctata type 2,2026-07-28T12:19:21.112338
MONDO:0009114,congenital sucrase-isomaltase deficiency,2026-04-14T00:55:08.429951
MONDO:0009115,congenital lactase deficiency,2026-07-06T20:20:49.461104
MONDO:0009116,obsolete lactose intolerance,2026-08-20T18:29:43.179965
MONDO:0009133,"cerebellar ataxia, intellectual disability, and dysequilibrium",2026-05-13T19:58:33.727505
MONDO:0009134,congenital dyserythropoietic anemia type 2,2026-06-05T15:11:54.139654
MONDO:0009143,Meier-Gorlin syndrome 1,2026-08-01T02:53:03.000000
MONDO:0009144,Ebstein anomaly,2026-08-09T03:33:19.273719
MONDO:0009145,Schöpf-Schulz-Passarge syndrome,2026-07-03T07:53:43.705066
MONDO:0009151,cleft lip/palate-ectodermal dysplasia syndrome,2026-07-28T12:22:55.863667
MONDO:0009155,EEM syndrome,2026-04-24T22:44:19.669666
MONDO:0009157,split hand-foot malformation 6,2026-06-08T12:22:38.506562
MONDO:0009159,"Ehlers-Danlos syndrome, cardiac valvular type",2026-07-31T19:04:41.230019
MONDO:0009162,Ellis-van Creveld syndrome,2026-03-18T01:49:51.182111
MONDO:0009165,Aicardi-Goutieres syndrome 1,2026-05-04T01:30:50.423723
MONDO:0009166,pontocerebellar hypoplasia type 4,2026-04-26T15:45:37.506105
MONDO:0009175,eosinophilic fasciitis,2026-06-30T08:31:39.727321
MONDO:0009179,recessive dystrophic epidermolysis bullosa,2026-05-08T13:56:05.014892
MONDO:0009189,multiple epiphyseal dysplasia type 4,2026-07-06T08:13:00.124984
MONDO:0009191,Lowry-Wood syndrome,2026-07-31T17:49:00.141606
MONDO:0009192,Wolcott-Rallison syndrome,2026-07-31T20:17:52.136326
MONDO:0009213,Fanconi anemia complementation group C,2026-03-17T19:35:21.264260
MONDO:0009214,Fanconi anemia complementation group D2,2026-03-17T19:35:21.274516
MONDO:0009215,Fanconi anemia complementation group A,2026-03-17T19:35:21.254657
MONDO:0009216,glycogen storage disease due to GLUT2 deficiency,2026-07-06T20:22:26.892409
MONDO:0009218,Farber lipogranulomatosis,2026-05-05T05:34:54.812506
MONDO:0009227,"myofibromatosis, infantile, 1",2026-04-05T10:13:52.629793
MONDO:0009231,acromesomelic dysplasia 2B,2026-07-19T06:47:29.428129
MONDO:0009241,fountain syndrome,2026-07-31T05:18:19.361518
MONDO:0009242,brittle cornea syndrome,2026-08-23T15:20:56.191336
MONDO:0009249,hereditary fructose intolerance,2026-04-22T21:57:26.561969
MONDO:0009253,Fryns syndrome,2026-05-30T18:52:05.060270
MONDO:0009254,fucosidosis,2026-05-04T08:46:16.042752
MONDO:0009255,galactokinase deficiency,2026-05-18T08:04:09.120722
MONDO:0009257,galactose epimerase deficiency,2026-05-18T08:04:09.131262
MONDO:0009258,classic galactosemia,2026-03-18T01:49:51.182012
MONDO:0009260,GM1 gangliosidosis type 1,2026-06-14T15:24:32.971903
MONDO:0009261,GM1 gangliosidosis type 2,2026-06-14T15:24:32.896582
MONDO:0009262,GM1 gangliosidosis type 3,2026-07-31T06:31:27.209296
MONDO:0009265,Gaucher disease type I,2026-03-18T01:49:51.182164
MONDO:0009266,Gaucher disease type II,2026-03-18T01:49:51.182167
MONDO:0009267,Gaucher disease type III,2026-03-18T01:49:51.182170
MONDO:0009269,geleophysic dysplasia 1,2026-05-09T22:06:53.204554
MONDO:0009271,geroderma osteodysplastica,2026-08-08T16:53:50.773467
MONDO:0009276,Bernard-Soulier syndrome,2026-08-15T10:38:54.693230
MONDO:0009277,glaucoma 3A,2026-08-20T07:39:47.767869
MONDO:0009279,triple-A syndrome,2026-08-07T16:20:32.236343
MONDO:0009281,glutaryl-CoA dehydrogenase deficiency,2026-03-17T19:36:43.546803
MONDO:0009282,multiple acyl-CoA dehydrogenase deficiency,2026-03-17T19:44:42.923472
MONDO:0009284,glutathione synthetase deficiency without 5-oxoprolinuria,2026-07-31T06:31:46.491508
MONDO:0009290,glycogen storage disease II,2026-03-08T18:39:08.138990
MONDO:0009291,glycogen storage disease III,2026-03-17T19:31:30.610418
MONDO:0009292,glycogen storage disease due to glycogen branching enzyme deficiency,2026-05-07T20:31:00.967967
MONDO:0009293,glycogen storage disease V,2026-08-07T15:50:46.546967
MONDO:0009294,glycogen storage disease VI,2026-08-23T15:32:09.386315
MONDO:0009295,glycogen storage disease VII,2026-05-11T06:36:05.931074
MONDO:0009296,glycoprotein storage disease,2026-07-31T06:31:50.012948
MONDO:0009297,familial renal glucosuria,2026-07-06T19:59:00.576650
MONDO:0009299,46 XX gonadal dysgenesis,2026-04-13T22:43:18.819681
MONDO:0009300,Perrault syndrome 1,2026-08-08T21:04:01.236246
MONDO:0009303,anti-glomerular basement membrane disease,2026-03-18T01:49:51.181814
MONDO:0009319,pantothenate kinase-associated neurodegeneration,2026-05-10T15:43:47.661151
MONDO:0009324,Hartnup disease,2026-05-04T03:34:24.832790
MONDO:0009334,hemolytic anemia with thermal sensitivity of red cells,2026-05-09T04:57:52.224025
MONDO:0009337,Hennekam lymphangiectasia-lymphedema syndrome 1,2026-08-02T01:13:45.157088
MONDO:0009338,hepatic veno-occlusive disease-immunodeficiency syndrome,2026-07-28T12:15:20.030209
MONDO:0009339,congenital bile acid synthesis defect 2,2026-06-19T08:29:04.431678
MONDO:0009341,Mowat-Wilson syndrome,2026-07-06T15:24:07.234476
MONDO:0009348,classic Hodgkin lymphoma,2026-04-11T21:07:34.491815
MONDO:0009352,classic homocystinuria,2026-05-10T14:06:06.032027
MONDO:0009353,homocystinuria due to methylene tetrahydrofolate reductase deficiency,2026-05-10T14:06:06.049648
MONDO:0009360,"hydrocephalus, nonsyndromic, autosomal recessive 1",2026-08-20T07:42:14.674168
MONDO:0009366,normal pressure hydrocephalus,2026-08-22T00:36:44.588375
MONDO:0009367,McKusick-Kaufman syndrome,2026-06-14T23:22:09.469274
MONDO:0009370,L-2-hydroxyglutaric aciduria,2026-03-17T19:41:25.604019
MONDO:0009376,carbamoyl phosphate synthetase I deficiency disease,2026-03-17T19:29:18.781258
MONDO:0009377,hyperammonemia due to N-acetylglutamate synthase deficiency,2026-03-17T19:45:26.440237
MONDO:0009379,Rotor syndrome,2026-08-22T17:27:24.602020
MONDO:0009380,Dubin-Johnson syndrome,2026-08-22T17:24:47.458998
MONDO:0009388,hyperlysinemia,2026-08-01T07:44:26.704270
MONDO:0009393,ornithine translocase deficiency,2026-05-11T01:27:08.533114
MONDO:0009395,hyperostosis corticalis generalisata,2026-03-18T01:49:51.182149
MONDO:0009398,hyperphosphatasia with intellectual disability syndrome 1,2026-07-27T23:32:20.010150
MONDO:0009400,hyperprolinemia type 1,2026-08-08T18:14:22.899824
MONDO:0009401,hyperprolinemia type 2,2026-07-31T10:49:34.069937
MONDO:0009406,hypertrichotic osteochondrodysplasia Cantu type,2026-08-01T07:36:35.657046
MONDO:0009411,autoimmune polyendocrine syndrome type 1,2026-03-18T01:49:51.181929
MONDO:0009412,scurvy,2026-03-18T01:49:51.180881
MONDO:0009419,Woodhouse-Sakati syndrome,2026-06-04T09:13:40.788582
MONDO:0009431,hereditary hypophosphatemic rickets with hypercalciuria,2026-08-19T17:34:34.042786
MONDO:0009434,"hypoproteinemia, hypercatabolic",2026-08-23T21:41:59.776364
MONDO:0009443,autosomal recessive congenital ichthyosis 4B,2026-05-07T09:33:44.304132
MONDO:0009452,Vici syndrome,2026-07-28T01:21:31.126093
MONDO:0009454,immunodeficiency-centromeric instability-facial anomalies syndrome 1,2026-05-09T23:37:50.064001
MONDO:0009459,"channelopathy-associated congenital insensitivity to pain, autosomal recessive",2026-04-16T12:25:54.032967
MONDO:0009468,pseudotumor cerebri,2026-06-03T11:06:17.293113
MONDO:0009470,Baraitser-Winter syndrome 1,2026-06-05T16:02:33.109486
MONDO:0009475,isovaleric acidemia,2026-03-17T19:40:27.586741
MONDO:0009477,Stromme syndrome,2026-05-07T23:04:40.478192
MONDO:0009478,combined immunodeficiency due to DOCK8 deficiency,2026-08-01T09:05:11.041738
MONDO:0009480,Joubert syndrome with oculorenal defect,2026-06-30T18:46:58.384357
MONDO:0009485,"oculocerebrofacial syndrome, Kaufman type",2026-08-20T08:27:18.375111
MONDO:0009499,Krabbe disease,2026-03-14T22:21:03.289016
MONDO:0009502,pyruvate dehydrogenase E2 deficiency,2026-05-05T13:29:01.232274
MONDO:0009503,pyruvate dehydrogenase E3-binding protein deficiency,2026-05-05T13:29:01.247916
MONDO:0009509,Landau-Kleffner syndrome,2026-06-04T09:24:36.481155
MONDO:0009511,"Larsen-like syndrome, B3GAT3 type",2026-08-08T16:53:46.643070
MONDO:0009517,Donohue syndrome,2026-05-30T21:55:04.664258
MONDO:0009520,3-hydroxy-3-methylglutaric aciduria,2026-03-17T19:23:56.846005
MONDO:0009525,split hand-foot malformation 3,2026-06-08T12:22:38.441523
MONDO:0009528,chylomicron retention disease,2026-07-18T15:08:09.805374
MONDO:0009529,pyruvate dehydrogenase E3 deficiency,2026-05-05T13:29:01.240262
MONDO:0009530,lipoid proteinosis,2026-07-29T17:01:49.375245
MONDO:0009532,Miller-Dieker lissencephaly syndrome,2026-06-03T16:38:12.563784
MONDO:0009537,lymphoid interstitial pneumonia,2026-08-20T07:33:08.098621
MONDO:0009558,Treacher Collins syndrome 3,2026-06-04T14:29:43.190128
MONDO:0009561,alpha-mannosidosis,2026-06-18T20:00:52.914744
MONDO:0009562,beta-mannosidosis,2026-03-18T01:49:51.181155
MONDO:0009563,maple syrup urine disease,2026-03-18T01:49:51.181338
MONDO:0009564,Marden-Walker syndrome,2026-07-31T06:33:18.769572
MONDO:0009567,Marinesco-Sjogren syndrome,2026-08-01T19:16:37.082787
MONDO:0009571,"Meckel syndrome, type 1",2026-03-17T19:43:27.606101
MONDO:0009580,"intellectual disability, autosomal recessive 1",2026-08-01T02:15:51.249802
MONDO:0009591,"metachromatic leukodystrophy, juvenile form",2026-07-31T22:29:18.241812
MONDO:0009592,metaphyseal acroscyphodysplasia,2026-07-19T05:44:24.841892
MONDO:0009595,cartilage-hair hypoplasia,2026-08-05T00:10:00.000721
MONDO:0009601,metaphyseal dysplasia without hypotrichosis,2026-08-05T00:10:01.941620
MONDO:0009603,3-hydroxyisobutyryl-CoA hydrolase deficiency,2026-04-30T14:15:09.335838
MONDO:0009607,methionine adenosyltransferase deficiency,2026-05-10T14:06:06.084858
MONDO:0009610,3-methylglutaconic aciduria type 1,2026-07-08T10:28:07.356241
MONDO:0009617,"microcephaly 1, primary, autosomal recessive",2026-05-13T22:42:09.219896
MONDO:0009623,Nijmegen breakage syndrome,2026-06-20T05:33:59.010631
MONDO:0009624,microcephaly and chorioretinopathy 1,2026-08-20T18:58:50.977059
MONDO:0009626,pseudo-TORCH syndrome,2026-08-20T14:20:06.711810
MONDO:0009627,Galloway-Mowat syndrome,2026-04-14T01:11:51.050782
MONDO:0009631,isolated microphthalmia 1,2026-08-08T16:27:43.695178
MONDO:0009635,microvillus inclusion disease,2026-08-22T18:32:29.428565
MONDO:0009642,orofaciodigital syndrome type II,2026-08-19T08:05:08.301665
MONDO:0009643,sulfite oxidase deficiency due to molybdenum cofactor deficiency type A,2026-08-20T17:53:44.379005
MONDO:0009650,mucolipidosis type II,2026-07-31T06:31:36.506343
MONDO:0009652,GNPTG-mucolipidosis,2026-07-31T06:31:35.661655
MONDO:0009653,mucolipidosis type IV,2026-06-13T21:02:47.133424
MONDO:0009655,mucopolysaccharidosis type 3A,2026-04-14T14:11:31.590375
MONDO:0009656,mucopolysaccharidosis type 3B,2026-04-14T14:11:31.597238
MONDO:0009657,mucopolysaccharidosis type 3C,2026-04-14T14:11:31.604047
MONDO:0009658,mucopolysaccharidosis type 3D,2026-04-14T14:11:31.610924
MONDO:0009659,mucopolysaccharidosis type 4A,2026-05-10T05:43:58.232344
MONDO:0009660,mucopolysaccharidosis type 4B,2026-05-10T05:43:58.240625
MONDO:0009661,mucopolysaccharidosis type 6,2026-06-12T02:15:51.846096
MONDO:0009662,mucopolysaccharidosis type 7,2026-06-12T02:13:43.434289
MONDO:0009665,biotinidase deficiency,2026-03-08T15:13:18.234330
MONDO:0009666,holocarboxylase synthetase deficiency,2026-03-17T19:38:50.569966
MONDO:0009668,lethal multiple pterygium syndrome,2026-04-16T12:28:58.460116
MONDO:0009669,"spinal muscular atrophy, type 1",2026-04-29T00:36:05.787192
MONDO:0009670,lethal congenital contracture syndrome 1,2026-04-29T00:36:05.794222
MONDO:0009671,intellectual disability-myopathy-short stature-endocrine defect syndrome,2026-04-29T00:36:05.800528
MONDO:0009672,"spinal muscular atrophy, type III",2026-04-29T00:37:47.452894
MONDO:0009673,"spinal muscular atrophy, type II",2026-04-29T00:37:47.446238
MONDO:0009681,Ullrich congenital muscular dystrophy 1A,2026-05-09T07:20:01.579282
MONDO:0009688,myasthenia gravis,2026-03-18T01:49:51.181364
MONDO:0009689,congenital myasthenic syndrome 6,2026-07-31T06:38:05.958354
MONDO:0009691,mycosis fungoides,2026-04-12T22:51:57.095215
MONDO:0009692,primary myelofibrosis,2026-03-18T01:49:51.181680
MONDO:0009693,plasma cell myeloma,2026-03-17T19:41:22.696011
MONDO:0009696,juvenile myoclonic epilepsy,2026-04-30T14:56:48.394139
MONDO:0009697,Lafora disease,2026-03-17T19:41:31.586680
MONDO:0009698,Unverricht-Lundborg syndrome,2026-07-31T06:35:59.349218
MONDO:0009704,"carnitine palmitoyl transferase II deficiency, myopathic form",2026-07-25T12:48:32.386697
MONDO:0009705,carnitine palmitoyl transferase 1A deficiency,2026-07-02T07:10:16.827184
MONDO:0009709,"myopathy, centronuclear, 2",2026-06-16T18:02:11.122849
MONDO:0009710,Thomsen and Becker disease,2026-05-31T03:49:25.307966
MONDO:0009711,congenital fiber-type disproportion myopathy,2026-08-01T19:39:52.012023
MONDO:0009717,Schwartz-Jampel syndrome,2026-08-17T20:38:36.710158
MONDO:0009718,myxedema,2026-05-07T19:31:05.676705
MONDO:0009720,Keipert syndrome,2026-05-30T03:58:05.478135
MONDO:0009722,Bailey-Bloch congenital myopathy,2026-08-15T19:29:55.970343
MONDO:0009723,Leigh syndrome,2026-04-30T14:15:09.387650
MONDO:0009726,proteosome-associated autoinflammatory syndrome,2026-04-13T22:41:40.503285
MONDO:0009727,atelosteogenesis type II,2026-03-08T15:13:18.235454
MONDO:0009728,nephronophthisis 1,2026-06-15T04:34:01.699804
MONDO:0009735,Netherton syndrome,2026-03-17T19:45:58.299935
MONDO:0009736,Neu-Laxova syndrome 1,2026-07-14T21:33:14.574600
MONDO:0009737,galactosialidosis,2026-06-20T07:29:22.737237
MONDO:0009744,neuronal ceroid lipofuscinosis 1,2026-06-13T16:15:59.356895
MONDO:0009745,neuronal ceroid lipofuscinosis 5,2026-07-31T22:10:31.489159
MONDO:0009746,hereditary sensory and autonomic neuropathy type 4,2026-04-16T12:25:53.853206
MONDO:0009749,giant axonal neuropathy 1,2026-08-20T04:17:18.236113
MONDO:0009756,Niemann-Pick disease type A,2026-06-13T17:49:56.402870
MONDO:0009757,"Niemann-Pick disease, type C1",2026-03-17T19:46:16.472505
MONDO:0009773,odonto-onycho-dermal dysplasia,2026-05-31T19:20:49.491908
MONDO:0009776,spermatogenic failure 1,2026-08-24T21:46:10.089072
MONDO:0009779,autosomal recessive omodysplasia,2026-06-04T03:51:59.745594
MONDO:0009783,"progressive external ophthalmoplegia with mitochondrial DNA deletions, autosomal recessive 1",2026-07-31T14:26:44.697506
MONDO:0009785,opsismodysplasia,2026-04-07T09:19:15.799714
MONDO:0009793,orofaciodigital syndrome III,2026-08-19T08:05:11.522066
MONDO:0009794,orofaciodigital syndrome IV,2026-08-19T08:05:13.796259
MONDO:0009795,orofaciodigital syndrome IX,2026-08-19T08:05:32.724625
MONDO:0009796,ornithine aminotransferase deficiency,2026-05-01T20:42:26.458594
MONDO:0009797,orotic aciduria,2026-05-11T04:11:08.888315
MONDO:0009798,Primrose syndrome,2026-06-04T17:31:38.132473
MONDO:0009804,osteogenesis imperfecta type 3,2026-03-18T01:49:51.182058
MONDO:0009805,osteogenesis imperfecta type 9,2026-06-30T06:40:30.984835
MONDO:0009807,osteosarcoma,2026-03-18T01:49:51.181952
MONDO:0009813,chronic recurrent multifocal osteomyelitis,2026-08-21T16:23:57.147543
MONDO:0009816,autosomal recessive osteopetrosis 2,2026-03-18T01:49:51.182141
MONDO:0009821,lethal osteosclerotic bone dysplasia,2026-07-31T16:56:38.317237
MONDO:0009823,primary hyperoxaluria type 1,2026-07-05T23:16:52.941430
MONDO:0009824,primary hyperoxaluria type 2,2026-07-05T23:17:07.460957
MONDO:0009825,5-oxoprolinase deficiency,2026-05-03T04:11:16.823409
MONDO:0009832,pancreatic agenesis,2026-05-09T09:59:01.576128
MONDO:0009833,Shwachman-Diamond syndrome,2026-08-14T14:30:36.513332
MONDO:0009837,choroid plexus papilloma,2026-04-20T00:02:37.582551
MONDO:0009843,hypomyelinating leukodystrophy 3,2026-08-01T19:12:52.443382
MONDO:0009852,hereditary intrinsic factor deficiency,2026-07-30T22:39:38.106475
MONDO:0009853,Imerslund-Grasbeck syndrome,2026-07-30T22:39:44.553398
MONDO:0009855,d-bifunctional protein deficiency,2026-05-10T16:47:59.719807
MONDO:0009856,Peters plus syndrome,2026-08-01T18:01:18.851330
MONDO:0009861,phenylketonuria,2026-03-18T01:49:51.181394
MONDO:0009862,dihydropteridine reductase deficiency,2026-03-17T19:48:37.387609
MONDO:0009863,BH4-deficient hyperphenylalaninemia A,2026-03-17T19:48:37.392956
MONDO:0009867,lethal congenital glycogen storage disease of heart,2026-08-01T13:28:46.542970
MONDO:0009868,glycogen storage disease IXb,2026-08-21T09:13:18.471207
MONDO:0009876,isolated growth hormone deficiency type IA,2026-08-22T04:19:37.975767
MONDO:0009877,Laron syndrome,2026-07-05T10:41:55.632590
MONDO:0009885,Scott syndrome,2026-08-24T16:25:57.066250
MONDO:0009887,desquamative interstitial pneumonia,2026-08-20T07:33:06.108956
MONDO:0009889,autosomal recessive polycystic kidney disease,2026-04-30T15:05:09.184975
MONDO:0009891,acquired polycythemia vera,2026-03-18T01:49:51.181669
MONDO:0009892,Chuvash polycythemia,2026-08-15T10:32:58.921100
MONDO:0009897,adult polyglucosan body disease,2026-05-07T11:52:39.181654
MONDO:0009903,postaxial acrofacial dysostosis,2026-08-17T16:11:12.791570
MONDO:0009904,Gitelman syndrome,2026-05-03T13:48:16.649080
MONDO:0009908,pterin-4 alpha-carbinolamine dehydratase 1 deficiency,2026-06-22T12:42:23.162812
MONDO:0009916,"46,XY disorder of sex development due to 17-beta-hydroxysteroid dehydrogenase 3 deficiency",2026-05-10T20:19:45.318462
MONDO:0009919,peroxisomal acyl-CoA oxidase deficiency,2026-05-10T16:17:51.010801
MONDO:0009923,"46,XY disorder of sex development due to 5-alpha-reductase 2 deficiency",2026-05-10T21:11:45.959884
MONDO:0009926,autosomal recessive multiple pterygium syndrome,2026-05-09T09:01:35.216755
MONDO:0009928,pulmonary alveolar microlithiasis,2026-08-16T11:28:13.797729
MONDO:0009934,alveolar capillary dysplasia with misalignment of pulmonary veins,2026-08-01T06:00:00.000000
MONDO:0009940,pycnodysostosis,2026-03-18T01:49:51.182144
MONDO:0009945,pyridoxine-dependent epilepsy,2026-08-01T03:33:30.359456
MONDO:0009947,glutathione synthetase deficiency with 5-oxoprolinuria,2026-07-31T06:31:45.541763
MONDO:0009949,pyruvate carboxylase deficiency disease,2026-06-06T16:05:52.795158
MONDO:0009950,pyruvate kinase deficiency of red cells,2026-07-31T06:34:57.862977
MONDO:0009953,leukocyte adhesion deficiency type II,2026-08-27T04:05:56.193609
MONDO:0009958,adult Refsum disease,2026-05-06T20:34:42.649027
MONDO:0009962,Senior-Loken syndrome 1,2026-06-17T12:21:11.410676
MONDO:0009993,embryonal rhabdomyosarcoma,2026-03-18T01:49:51.181579
MONDO:0009994,alveolar rhabdomyosarcoma,2026-03-18T01:49:51.181576
MONDO:0010002,Rothmund-Thomson syndrome,2026-06-17T21:46:54.767258
MONDO:0010006,Sandhoff disease,2026-04-14T13:03:11.755608
MONDO:0010010,Schinzel-Giedion syndrome,2026-06-04T12:03:29.401891
MONDO:0010012,autoimmune polyendocrinopathy type 2,2026-06-18T20:08:05.818650
MONDO:0010013,schneckenbecken dysplasia,2026-05-18T22:57:09.953011
MONDO:0010016,sclerosteosis 1,2026-08-22T09:08:23.520763
MONDO:0010017,sea-blue histiocyte syndrome,2026-06-19T12:47:55.754169
MONDO:0010027,"free sialic acid storage disease, infantile form",2026-03-17T19:51:16.295718
MONDO:0010030,Sjogren syndrome,2026-03-18T01:49:51.181451
MONDO:0010031,Sjogren-Larsson syndrome,2026-07-29T18:11:42.174947
MONDO:0010035,Smith-Lemli-Opitz syndrome,2026-03-17T19:43:27.738260
MONDO:0010041,Charlevoix-Saguenay spastic ataxia,2026-05-31T03:03:27.950161
MONDO:0010052,spermatogenic failure 4,2026-06-23T16:03:53.354207
MONDO:0010056,"spinal muscular atrophy, type IV",2026-04-29T00:37:47.459674
MONDO:0010060,mitochondrial DNA depletion syndrome 7 (hepatocerebral type),2026-06-03T23:41:53.076756
MONDO:0010065,spinocerebellar degeneration with slow eye movements,2026-08-23T15:00:04.570183
MONDO:0010079,Canavan disease,2026-05-03T10:48:08.266236
MONDO:0010083,succinic semialdehyde dehydrogenase deficiency,2026-05-11T02:35:51.361065
MONDO:0010088,mucosulfatidosis,2026-05-06T15:44:26.032453
MONDO:0010089,isolated sulfite oxidase deficiency,2026-07-31T02:45:06.233204
MONDO:0010092,Filippi syndrome,2026-08-04T11:19:53.874419
MONDO:0010094,spondylocarpotarsal synostosis syndrome,2026-03-17T19:52:39.253020
MONDO:0010098,taurodontism,2026-03-17T19:53:24.929742
MONDO:0010099,Tay-Sachs disease AB variant,2026-07-31T06:35:42.771253
MONDO:0010100,Tay-Sachs disease,2026-03-18T01:49:51.181464
MONDO:0010108,testicular germ cell tumor,2026-03-17T19:53:34.000436
MONDO:0010110,tetraamelia-multiple malformations syndrome,2026-08-01T14:28:20.005727
MONDO:0010118,inherited threoninemia,2026-03-17T19:40:15.988659
MONDO:0010130,dihydropyrimidine dehydrogenase deficiency,2026-08-16T11:05:35.553247
MONDO:0010132,familial thyroid dyshormonogenesis,2026-07-31T06:30:10.906753
MONDO:0010137,thyroid dyshormonogenesis 5,2026-08-22T02:05:13.003771
MONDO:0010141,tiglic acidemia,2026-08-22T18:49:20.067418
MONDO:0010150,head and neck squamous cell carcinoma,2026-03-18T01:49:51.181701
MONDO:0010155,Dorfman-Chanarin disease,2026-03-17T19:45:58.370121
MONDO:0010160,tyrosinemia type II,2026-07-07T21:01:32.040017
MONDO:0010161,tyrosinemia type I,2026-03-17T19:54:39.646967
MONDO:0010162,tyrosinemia type III,2026-08-21T16:48:19.230407
MONDO:0010168,Usher syndrome type 1,2026-06-22T10:50:32.249004
MONDO:0010176,orofaciodigital syndrome type 6,2026-08-19T08:05:20.770124
MONDO:0010184,methylmalonic aciduria and homocystinuria type cblC,2026-04-12T18:25:25.874658
MONDO:0010186,"vitamin D-dependent rickets, type 2A",2026-08-19T17:16:10.489319
MONDO:0010187,"vitamin K-dependent clotting factors, combined deficiency of, type 1",2026-06-08T16:44:05.252401
MONDO:0010188,familial isolated deficiency of vitamin E,2026-06-03T23:11:22.386184
MONDO:0010192,Waardenburg syndrome type 4A,2026-05-27T20:13:06.954727
MONDO:0010193,Weaver syndrome,2026-06-04T15:49:06.886116
MONDO:0010194,Weill-Marchesani syndrome 1,2026-08-01T04:30:00.000000
MONDO:0010196,Werner syndrome,2026-08-01T14:45:04.932297
MONDO:0010200,Wilson disease,2026-03-18T01:49:51.181542
MONDO:0010210,xeroderma pigmentosum group A,2026-07-31T06:36:28.575647
MONDO:0010211,xeroderma pigmentosum group C,2026-07-31T06:36:30.312414
MONDO:0010212,xeroderma pigmentosum group D,2026-07-31T06:36:31.131885
MONDO:0010213,xeroderma pigmentosum group E,2026-07-31T06:36:31.941981
MONDO:0010214,xeroderma pigmentosum variant type,2026-07-31T06:36:34.506455
MONDO:0010215,xeroderma pigmentosum group F,2026-07-31T06:36:32.750957
MONDO:0010216,xeroderma pigmentosum group G,2026-07-31T06:36:33.703214
MONDO:0010218,"46,XX sex reversal 2",2026-07-15T07:26:54.117014
MONDO:0010221,CHIME syndrome,2026-03-18T01:49:51.181160
MONDO:0010227,retinitis pigmentosa 3,2026-03-19T19:44:10.034603
MONDO:0010232,"intestinal pseudoobstruction, neuronal, chronic idiopathic, X-linked",2026-05-08T17:01:48.050280
MONDO:0010233,"heterotopia, periventricular, X-linked dominant",2026-07-05T14:01:24.417681
MONDO:0010235,X-linked intellectual disability-psychosis-macroorchidism syndrome,2026-08-01T14:12:58.865546
MONDO:0010238,"hearing loss, X-linked 4",2026-05-08T12:59:48.282789
MONDO:0010241,congenital stationary night blindness 2A,2026-08-22T18:56:27.345481
MONDO:0010246,"developmental and epileptic encephalopathy, 9",2026-07-17T23:28:20.002490
MONDO:0010247,X-linked cerebral adrenoleukodystrophy,2026-07-06T22:20:30.966085
MONDO:0010252,"intellectual disability, X-linked, with panhypopituitarism",2026-08-12T11:20:37.062385
MONDO:0010256,"intellectual disability, X-linked 21",2026-08-12T10:41:21.899563
MONDO:0010261,"microphthalmia, syndromic 2",2026-08-01T20:47:55.849730
MONDO:0010266,"intellectual disability, X-linked 58",2026-08-12T10:42:12.767347
MONDO:0010268,X-linked lissencephaly with abnormal genitalia,2026-06-03T23:38:10.909517
MONDO:0010275,"spondyloepimetaphyseal dysplasia, Bieganski type",2026-05-08T12:22:40.905995
MONDO:0010277,syndromic X-linked intellectual disability Shashi type,2026-07-31T16:56:59.347038
MONDO:0010279,terminal osseous dysplasia-pigmentary defects syndrome,2026-06-06T16:21:55.920483
MONDO:0010281,Danon disease,2026-03-17T19:32:20.540609
MONDO:0010283,syndromic X-linked intellectual disability Lubs type,2026-07-31T18:26:34.063164
MONDO:0010286,syndromic X-linked intellectual disability Siderius type,2026-08-01T00:59:13.338449
MONDO:0010296,immunodeficiency 61,2026-08-25T20:52:24.091433
MONDO:0010298,Lesch-Nyhan syndrome,2026-03-22T09:43:00.613554
MONDO:0010305,creatine transporter deficiency,2026-07-17T21:57:42.068423
MONDO:0010306,"X-linked intellectual disability, Cabezas type",2026-08-01T19:30:21.237498
MONDO:0010311,Becker muscular dystrophy,2026-08-23T22:07:29.051177
MONDO:0010313,"intellectual disability, X-linked 63",2026-08-12T10:41:45.882340
MONDO:0010317,"intellectual disability, X-linked, with or without seizures, ARX-related",2026-08-12T10:41:46.530674
MONDO:0010318,FG syndrome 4,2026-08-05T21:44:53.173119
MONDO:0010320,retinitis pigmentosa 23,2026-08-20T12:45:19.553353
MONDO:0010327,HSD10 mitochondrial disease,2026-06-03T23:16:33.744205
MONDO:0010333,corpus callosum agenesis-intellectual disability-coloboma-micrognathia syndrome,2026-07-30T23:38:56.350906
MONDO:0010335,X-linked cone-rod dystrophy 3,2026-08-01T16:19:47.145710
MONDO:0010336,orofaciodigital syndrome VIII,2026-08-19T08:05:30.803841
MONDO:0010338,X-linked distal spinal muscular atrophy type 3,2026-07-28T12:16:48.482686
MONDO:0010339,"epilepsy, X-linked 1, with variable learning disabilities and behavior disorders",2026-07-06T08:30:24.187221
MONDO:0010342,"autism, susceptibility to, X-linked 3",2026-07-31T00:05:46.469444
MONDO:0010349,ovarian dysgenesis 2,2026-05-31T03:33:43.500101
MONDO:0010351,Fanconi anemia complementation group B,2026-03-17T19:35:21.259671
MONDO:0010354,Allan-Herndon-Dudley syndrome,2026-07-31T18:10:00.472314
MONDO:0010355,syndromic X-linked intellectual disability Claes-Jensen type,2026-07-31T19:29:34.613770
MONDO:0010361,"intellectual disability, X-linked 30",2026-08-12T10:42:12.064108
MONDO:0010362,glycogen storage disease IXd,2026-08-21T09:13:25.576651
MONDO:0010371,Aland island eye disease,2026-05-10T18:57:30.110550
MONDO:0010378,X-linked hereditary sensory and autonomic neuropathy with hearing loss,2026-05-08T12:59:48.293948
MONDO:0010382,fragile X-associated tremor/ataxia syndrome,2026-06-04T18:15:59.727452
MONDO:0010383,fragile X syndrome,2026-03-18T01:49:51.181257
MONDO:0010395,phosphoribosylpyrophosphate synthetase superactivity,2026-04-04T11:27:11.021647
MONDO:0010397,severe neonatal-onset encephalopathy with microcephaly,2026-08-01T14:13:01.024773
MONDO:0010407,"intellectual disability, X-linked syndromic, Turner type",2026-07-07T19:15:51.185129
MONDO:0010417,syndromic X-linked intellectual disability Najm type,2026-07-31T17:43:27.377781
MONDO:0010421,Bruton-type agammaglobulinemia,2026-06-30T00:41:41.612960
MONDO:0010434,synovial sarcoma,2026-03-18T01:49:51.181593
MONDO:0010436,chromosome Xq28 duplication syndrome,2026-03-14T22:18:48.545081
MONDO:0010441,CK syndrome,2026-08-01T06:32:57.873856
MONDO:0010442,"46,XX sex reversal 3",2026-07-15T07:26:55.373344
MONDO:0010451,"intellectual disability, X-linked 41",2026-08-12T10:42:12.392189
MONDO:0010457,Ogden syndrome,2026-05-30T21:55:04.597535
MONDO:0010465,Kabuki syndrome 2,2026-03-17T19:40:53.142032
MONDO:0010466,multiple congenital anomalies-hypotonia-seizures syndrome 2,2026-08-14T04:18:28.246641
MONDO:0010476,neurodegeneration with brain iron accumulation 5,2026-05-10T15:43:47.694593
MONDO:0010477,"blepharophimosis - intellectual disability syndrome, MKB type",2026-07-30T23:34:59.942082
MONDO:0010478,SLC35A2-congenital disorder of glycosylation,2026-06-04T01:11:31.521703
MONDO:0010484,"hearing loss, X-linked 6",2026-05-08T12:59:48.305017
MONDO:0010487,"intellectual disability, X-linked 99",2026-07-31T22:56:25.923066
MONDO:0010495,"trichothiodystrophy 5, nonphotosensitive",2026-08-17T13:32:51.736385
MONDO:0010499,Ritscher-Schinzel syndrome 2,2026-06-07T20:13:18.743800
MONDO:0010502,"intellectual disability, X-linked 99, syndromic, female-restricted",2026-07-31T22:56:20.215476
MONDO:0010507,Xq25 microduplication syndrome,2026-08-12T11:20:36.768168
MONDO:0010518,Wiskott-Aldrich syndrome,2026-05-03T20:36:14.147809
MONDO:0010519,alpha thalassemia-X-linked intellectual disability syndrome,2026-06-03T22:31:07.096649
MONDO:0010524,X-linked sideroblastic anemia with ataxia,2026-08-01T19:14:49.491534
MONDO:0010526,Fabry disease,2026-03-18T01:49:51.181236
MONDO:0010532,infantile-onset X-linked spinal muscular atrophy,2026-07-31T06:36:25.466517
MONDO:0010533,Arts syndrome,2026-04-04T11:27:04.528105
MONDO:0010535,Bazex-Dupre-Christol syndrome,2026-05-07T02:16:54.587259
MONDO:0010537,Borjeson-Forssman-Lehmann syndrome,2026-06-20T08:28:55.454961
MONDO:0010543,Barth syndrome,2026-03-18T01:49:51.181908
MONDO:0010549,Charcot-Marie-Tooth disease X-linked dominant 1,2026-08-01T19:12:58.473061
MONDO:0010557,choroideremia,2026-06-08T11:04:04.680934
MONDO:0010558,choroideremia-deafness-obesity syndrome,2026-07-31T21:56:35.618769
MONDO:0010561,Coffin-Lowry syndrome,2026-06-20T02:37:06.811473
MONDO:0010563,blue cone monochromacy,2026-08-15T19:52:05.393795
MONDO:0010566,X-linked cone-rod dystrophy 1,2026-03-19T19:44:10.040822
MONDO:0010568,Aicardi syndrome,2026-04-14T17:41:25.361700
MONDO:0010571,otopalatodigital syndrome type 2,2026-07-06T13:56:59.189348
MONDO:0010572,occipital horn syndrome,2026-07-28T12:16:47.799283
MONDO:0010576,X-linked mixed hearing loss with perilymphatic gusher,2026-05-08T12:59:48.272220
MONDO:0010577,"hearing loss, X-linked 1",2026-04-04T11:27:04.538818
MONDO:0010578,deafness dystonia syndrome,2026-08-07T18:09:51.818056
MONDO:0010580,immune dysregulation-polyendocrinopathy-enteropathy-X-linked syndrome,2026-06-30T21:10:17.829684
MONDO:0010585,X-linked hypohidrotic ectodermal dysplasia,2026-04-24T18:02:55.687588
MONDO:0010590,FG syndrome 1,2026-07-31T00:39:03.122344
MONDO:0010592,focal dermal hypoplasia,2026-06-03T22:32:08.470258
MONDO:0010598,glycogen storage disease IXa1,2026-08-21T09:13:05.353416
MONDO:0010602,hemophilia A,2026-03-18T01:49:51.181291
MONDO:0010604,hemophilia B,2026-03-18T01:49:51.181961
MONDO:0010611,X-linked hydrocephalus with stenosis of the aqueduct of Sylvius,2026-08-20T07:42:12.492495
MONDO:0010619,X-linked dominant hypophosphatemic rickets,2026-03-18T01:49:51.182120
MONDO:0010621,CHILD syndrome,2026-08-01T06:32:55.471536
MONDO:0010622,recessive X-linked ichthyosis,2026-05-07T12:01:08.874152
MONDO:0010631,incontinentia pigmenti,2026-07-30T04:09:35.384717
MONDO:0010643,acute leukemia,2026-03-18T01:49:51.181817
MONDO:0010645,oculocerebrorenal syndrome,2026-04-12T18:23:36.651500
MONDO:0010650,Melnick-Needles syndrome,2026-07-06T13:57:00.014097
MONDO:0010651,Menkes disease,2026-03-17T19:43:57.249666
MONDO:0010653,Renpenning syndrome,2026-07-31T06:35:00.144217
MONDO:0010659,FRAXE intellectual disability,2026-08-12T10:41:46.190445
MONDO:0010660,"intellectual disability, X-linked 9",2026-08-12T10:42:13.157044
MONDO:0010661,"severe X-linked intellectual disability, Gustavson type",2026-07-31T16:57:00.101639
MONDO:0010663,"intellectual disability-hypotonic facies syndrome, X-linked, 1",2026-06-04T00:16:23.925718
MONDO:0010664,syndromic X-linked intellectual disability Snyder type,2026-08-01T07:38:08.645700
MONDO:0010674,mucopolysaccharidosis type 2,2026-04-14T12:58:42.757623
MONDO:0010679,Duchenne muscular dystrophy,2026-03-18T01:49:51.181228
MONDO:0010683,X-linked myotubular myopathy,2026-06-16T18:02:11.101062
MONDO:0010689,Charcot-Marie-Tooth disease X-linked recessive 4,2026-07-31T17:29:44.710311
MONDO:0010690,congenital stationary night blindness 1A,2026-08-22T18:56:25.551376
MONDO:0010691,Norrie disease,2026-07-07T11:30:31.502465
MONDO:0010699,Charcot-Marie-Tooth disease X-linked recessive 5,2026-04-04T11:27:04.533918
MONDO:0010702,orofaciodigital syndrome I,2026-03-18T01:49:51.182114
MONDO:0010703,ornithine carbamoyltransferase deficiency,2026-03-17T19:46:49.475922
MONDO:0010704,otopalatodigital syndrome type 1,2026-07-06T13:56:58.761187
MONDO:0010706,premature ovarian failure 1,2026-07-15T06:02:45.793827
MONDO:0010711,TARP syndrome,2026-03-18T01:49:51.180875
MONDO:0010712,"panhypopituitarism, X-linked",2026-08-12T11:20:36.043970
MONDO:0010714,Pelizaeus-Merzbacher spectrum disorder,2026-05-03T15:42:56.016195
MONDO:0010717,pyruvate dehydrogenase E1-alpha deficiency,2026-05-05T13:29:01.216293
MONDO:0010720,partial androgen insensitivity syndrome,2026-05-10T23:26:38.195780
MONDO:0010725,X-linked retinoschisis,2026-03-17T19:52:47.934797
MONDO:0010726,Rett syndrome,2026-03-18T01:49:51.181435
MONDO:0010735,Kennedy disease,2026-06-03T15:03:00.202446
MONDO:0010745,beta-thalassemia-X-linked thrombocytopenia syndrome,2026-08-25T06:07:54.493887
MONDO:0010747,X-linked dystonia-parkinsonism,2026-06-03T15:15:37.669376
MONDO:0010755,"vesicoureteral reflux, X-linked",2026-08-01T14:34:01.500146
MONDO:0010758,Wieacker-Wolff syndrome,2026-05-08T00:55:06.458379
MONDO:0010765,"46,XY complete gonadal dysgenesis",2026-04-30T14:15:23.872297
MONDO:0010771,histiocytoid cardiomyopathy,2026-08-01T17:54:11.201690
MONDO:0010772,Leber optic atrophy and dystonia,2026-08-17T21:02:57.774785
MONDO:0010777,"cardiomyopathy, infantile hypertrophic",2026-08-19T09:08:47.583101
MONDO:0010781,"ataxia and polyneuropathy, adult-onset",2026-08-19T21:01:19.898549
MONDO:0010782,"myopathy, lactic acidosis, and sideroblastic anemia 3",2026-05-07T09:03:05.098791
MONDO:0010785,maternally-inherited diabetes and deafness,2026-03-17T19:32:49.020989
MONDO:0010787,Kearns-Sayre syndrome,2026-07-05T18:17:14.916551
MONDO:0010788,Leber hereditary optic neuropathy,2026-08-01T19:02:37.936415
MONDO:0010789,MELAS syndrome,2026-05-20T08:12:32.648324
MONDO:0010790,MERRF syndrome,2026-08-05T11:19:19.318295
MONDO:0010794,NARP syndrome,2026-05-20T08:12:32.466393
MONDO:0010796,"Parkinson disease, mitochondrial",2026-08-14T23:31:16.386748
MONDO:0010797,Pearson syndrome,2026-05-07T09:03:05.234130
MONDO:0010798,proximal tubulopathy-diabetes mellitus-cerebellar ataxia syndrome,2026-08-18T18:37:53.495379
MONDO:0010808,fatal familial insomnia,2026-08-18T08:00:29.750349
MONDO:0010810,"vitamin D hydroxylation-deficient rickets, type 1B",2026-08-19T17:15:59.933205
MONDO:0010811,benign prostatic hyperplasia,2026-03-18T01:49:51.181152
MONDO:0010818,retinitis pigmentosa 12,2026-07-03T13:12:09.637585
MONDO:0010820,autosomal recessive juvenile Parkinson disease 2,2026-07-31T14:25:40.072318
MONDO:0010822,Warburg micro syndrome 1,2026-05-07T12:01:56.160472
MONDO:0010823,rhizomelic chondrodysplasia punctata type 3,2026-07-28T12:19:21.823641
MONDO:0010826,childhood absence epilepsy,2026-07-18T10:04:56.908237
MONDO:0010828,retinitis pigmentosa 11,2026-07-09T14:32:12.015866
MONDO:0010844,"epiphyseal dysplasia, multiple, 2",2026-07-06T08:12:58.419796
MONDO:0010847,spinocerebellar ataxia type 4,2026-05-17T21:12:30.752701
MONDO:0010857,semantic dementia,2026-03-18T01:49:51.181947
MONDO:0010880,"telangiectasia, hereditary hemorrhagic, type 2",2026-04-24T17:05:34.620225
MONDO:0010886,2q37 microdeletion syndrome,2026-04-30T14:14:54.944128
MONDO:0010888,adenomyosis,2026-08-02T10:16:54.209740
MONDO:0010889,arterial dissection-lentiginosis syndrome,2026-05-06T15:56:09.391154
MONDO:0010894,maturity-onset diabetes of the young type 3,2026-03-17T19:32:48.963831
MONDO:0010896,pigment dispersion syndrome,2026-08-16T20:23:46.458983
MONDO:0010898,autosomal dominant epilepsy with auditory features,2026-08-05T00:48:32.666528
MONDO:0010899,autosomal dominant nocturnal frontal lobe epilepsy 1,2026-05-09T01:09:36.842670
MONDO:0010912,"fibrosis of extraocular muscles, congenital, 3A, with or without extraocular involvement",2026-08-20T07:40:24.285522
MONDO:0010913,Caroli disease,2026-08-07T09:13:42.451581
MONDO:0010914,"carnitine palmitoyl transferase II deficiency, severe infantile form",2026-07-25T12:48:37.171226
MONDO:0010921,nasal dermoid cyst,2026-03-18T01:49:51.180872
MONDO:0010922,Satoyoshi syndrome,2026-03-17T19:51:22.279360
MONDO:0010924,D-2-hydroxyglutaric aciduria,2026-03-17T19:32:14.510504
MONDO:0010931,"vitamin D-dependent rickets, type 2B",2026-08-19T17:16:19.543647
MONDO:0010946,hypertrophic cardiomyopathy 6,2026-08-01T20:57:36.421261
MONDO:0010947,Budd-Chiari syndrome,2026-06-20T06:51:57.666145
MONDO:0010951,dilated cardiomyopathy 1B,2026-08-18T05:02:47.172966
MONDO:0010953,Fanconi anemia complementation group E,2026-03-17T19:35:21.279549
MONDO:0010958,"cardiac arrhythmia, ankyrin-B-related",2026-04-30T14:16:08.642939
MONDO:0010959,van den Ende-Gupta syndrome,2026-08-01T19:26:00.648592
MONDO:0010962,diffuse nonepidermolytic palmoplantar keratoderma,2026-06-18T18:34:56.455137
MONDO:0010964,"epiphyseal dysplasia, multiple, 3",2026-07-06T08:12:58.825174
MONDO:0010968,"glaucoma 3, primary infantile, B",2026-08-20T07:39:49.840893
MONDO:0010977,Brody myopathy,2026-08-16T10:45:30.106402
MONDO:0010979,Timothy syndrome,2026-04-12T15:19:03.446149
MONDO:0010986,autosomal recessive nonsyndromic hearing loss 9,2026-08-05T04:26:32.426065
MONDO:0010992,Ayme-Gripp syndrome,2026-04-30T14:24:34.525824
MONDO:0010998,ALG3-congenital disorder of glycosylation,2026-08-01T06:00:00.000000
MONDO:0011001,Brugada syndrome 1,2026-04-14T05:00:55.055886
MONDO:0011003,dilated cardiomyopathy 1E,2026-08-23T20:21:08.534076
MONDO:0011006,hereditary spastic paraplegia 9A,2026-07-31T00:25:12.812110
MONDO:0011010,Matthew-Wood syndrome,2026-05-30T17:27:32.715273
MONDO:0011014,pleuropulmonary blastoma,2026-04-12T23:17:12.038584
MONDO:0011017,Naxos disease,2026-07-31T00:10:44.511672
MONDO:0011022,Potocki-Shaffer syndrome,2026-08-08T17:14:01.017742
MONDO:0011035,neurofibromatosis-Noonan syndrome,2026-08-06T19:28:04.363302
MONDO:0011038,cerebellar ataxia-areflexia-pes cavus-optic atrophy-sensorineural hearing loss syndrome,2026-07-31T22:15:02.522242
MONDO:0011053,intellectual disability-sparse hair-brachydactyly syndrome,2026-08-01T09:45:07.323500
MONDO:0011057,cerebrovascular disorder,2026-03-18T01:49:51.181102
MONDO:0011070,van Maldergem syndrome 1,2026-08-02T01:35:08.655288
MONDO:0011093,mucopolysaccharidosis type 9,2026-06-12T02:15:35.768586
MONDO:0011095,dilated cardiomyopathy 1D,2026-08-23T20:19:18.597146
MONDO:0011096,autosomal agammaglobulinemia,2026-08-08T16:44:25.353637
MONDO:0011097,Axenfeld-Rieger syndrome type 2,2026-07-31T00:53:49.886754
MONDO:0011101,peroxisome biogenesis disorder 1B,2026-08-01T16:47:51.287363
MONDO:0011107,congenital hypotrichosis with juvenile macular dystrophy,2026-04-24T18:11:11.119867
MONDO:0011121,pheochromocytoma/paraganglioma syndrome 2,2026-08-01T14:46:08.224182
MONDO:0011122,obesity disorder,2026-03-18T01:49:51.181369
MONDO:0011125,"trichothiodystrophy 1, photosensitive",2026-08-17T13:32:44.559873
MONDO:0011137,retinitis pigmentosa 19,2026-07-15T16:03:07.200774
MONDO:0011142,"Ehlers-Danlos syndrome, musculocontractural type",2026-07-31T18:54:35.392883
MONDO:0011147,chromosome 18q deletion syndrome,2026-07-05T19:47:02.975423
MONDO:0011150,acroosteolysis-keloid-like lesions-premature aging syndrome,2026-04-05T10:14:32.200911
MONDO:0011152,PHGDH deficiency,2026-07-08T02:06:11.109558
MONDO:0011156,progressive familial intrahepatic cholestasis type 2,2026-08-01T06:06:47.395269
MONDO:0011159,autosomal dominant nonsyndromic hearing loss 13,2026-06-18T10:59:36.720573
MONDO:0011170,autosomal recessive limb-girdle muscular dystrophy type 2G,2026-08-12T18:02:00.547490
MONDO:0011177,"ectodermal dysplasia 4, hair/nail type",2026-04-24T18:04:28.284163
MONDO:0011178,infantile convulsions and choreoathetosis,2026-06-18T16:55:39.782905
MONDO:0011181,"fibrosis of extraocular muscles, congenital, 2",2026-08-20T07:40:22.005225
MONDO:0011182,trimethylaminuria,2026-07-28T12:21:03.779074
MONDO:0011185,Thiel-Behnke corneal dystrophy,2026-06-20T04:31:07.205903
MONDO:0011196,amyotrophic lateral sclerosis type 5,2026-08-20T09:20:35.100372
MONDO:0011208,malignant atrophic papulosis,2026-07-31T06:32:52.988872
MONDO:0011214,progressive familial intrahepatic cholestasis type 3,2026-08-01T06:06:49.272062
MONDO:0011216,hemochromatosis type 2A,2026-05-18T17:26:44.054690
MONDO:0011217,desmosterolosis,2026-08-01T06:33:01.864683
MONDO:0011223,amyotrophic lateral sclerosis type 4,2026-08-20T09:20:30.767670
MONDO:0011224,monomelic amyotrophy,2026-07-28T12:17:12.329343
MONDO:0011229,ethylmalonic encephalopathy,2026-07-08T13:41:43.638531
MONDO:0011233,Axenfeld-Rieger syndrome type 3,2026-07-31T00:53:53.249350
MONDO:0011240,megalencephaly-capillary malformation-polymicrogyria syndrome,2026-03-17T19:39:04.253003
MONDO:0011243,grange syndrome,2026-03-18T01:49:51.181277
MONDO:0011257,MPI-congenital disorder of glycosylation,2026-08-01T17:04:58.186776
MONDO:0011258,branchiootic syndrome 1,2026-08-21T20:50:17.741722
MONDO:0011266,myotonic dystrophy type 2,2026-05-31T03:49:25.383862
MONDO:0011272,retinitis pigmentosa 25,2026-06-30T16:25:21.275595
MONDO:0011273,H syndrome,2026-07-31T00:05:01.936447
MONDO:0011274,Muenke syndrome,2026-03-18T01:49:51.182044
MONDO:0011275,"acromesomelic dysplasia 1, Maroteaux type",2026-04-30T14:17:23.270379
MONDO:0011283,mitochondrial DNA depletion syndrome 1,2026-07-28T12:13:03.990868
MONDO:0011287,craniosynostosis-anal anomalies-porokeratosis syndrome,2026-04-16T12:24:14.891173
MONDO:0011291,ALG6-congenital disorder of glycosylation 1C,2026-08-24T13:16:37.617612
MONDO:0011296,"Meckel syndrome, type 2",2026-03-17T19:43:27.612201
MONDO:0011297,autosomal dominant nocturnal frontal lobe epilepsy 2,2026-05-09T01:09:36.858993
MONDO:0011304,cerebral cavernous malformation 2,2026-05-04T16:31:14.662401
MONDO:0011305,cerebral cavernous malformation 3,2026-05-04T16:31:14.669630
MONDO:0011312,"thyroid carcinoma, nonmedullary, with or without cell oxyphilia",2026-08-01T14:44:55.943504
MONDO:0011323,"arhinia, choanal atresia, and microphthalmia",2026-05-07T00:25:33.174398
MONDO:0011325,Fanconi anemia complementation group F,2026-03-17T19:35:21.282847
MONDO:0011326,"citrullinemia, type II, adult-onset",2026-07-25T13:34:03.833812
MONDO:0011327,neuronal intranuclear inclusion disease,2026-08-07T16:10:52.742671
MONDO:0011334,limb-mammary syndrome,2026-07-28T12:20:19.184043
MONDO:0011350,autosomal dominant nonsyndromic hearing loss 17,2026-08-22T14:12:21.688896
MONDO:0011365,"blepharophimosis - intellectual disability syndrome, SBBYS type",2026-07-31T22:59:49.569643
MONDO:0011369,"hypercholesterolemia, autosomal dominant, 3",2026-08-18T20:58:01.775145
MONDO:0011376,"ventricular fibrillation, paroxysmal familial, type 1",2026-06-14T17:38:21.424825
MONDO:0011377,long QT syndrome 3,2026-04-13T22:49:10.609853
MONDO:0011382,sickle cell disease,2026-03-18T01:49:51.181440
MONDO:0011383,autoimmune lymphoproliferative syndrome type 2A,2026-08-19T12:46:29.498106
MONDO:0011391,megalencephalic leukoencephalopathy with subcortical cysts,2026-08-01T19:12:56.905319
MONDO:0011395,cone-rod dystrophy 3,2026-07-15T16:02:59.673893
MONDO:0011397,"autosomal dominant cerebellar ataxia, deafness and narcolepsy",2026-07-31T19:21:50.092514
MONDO:0011399,alpha thalassemia spectrum,2026-03-17T19:25:23.334245
MONDO:0011400,dilated cardiomyopathy 1G,2026-08-23T02:58:18.350270
MONDO:0011417,hemochromatosis type 3,2026-05-18T17:26:44.084136
MONDO:0011426,aceruloplasminemia,2026-04-22T16:42:28.071259
MONDO:0011428,"ectrodactyly, ectodermal dysplasia, and cleft lip-palate syndrome 3",2026-07-28T12:20:17.574391
MONDO:0011429,juvenile idiopathic arthritis,2026-03-08T15:18:53.233195
MONDO:0011435,"microcephaly 2, primary, autosomal recessive, with or without cortical malformations",2026-05-13T22:42:09.228456
MONDO:0011436,autosomal recessive distal spinal muscular atrophy 1,2026-07-06T07:30:23.441371
MONDO:0011437,"microcephaly 4, primary, autosomal recessive",2026-07-23T13:20:12.422146
MONDO:0011438,acne,2026-03-18T01:49:51.181778
MONDO:0011441,complex regional pain syndrome type 1,2026-08-25T05:10:16.828758
MONDO:0011445,hereditary spastic paraplegia 11,2026-08-22T18:56:18.143849
MONDO:0011448,PPARG-related familial partial lipodystrophy,2026-06-07T20:24:01.968226
MONDO:0011449,Salla disease,2026-03-17T19:51:16.249343
MONDO:0011450,"breast-ovarian cancer, familial, susceptibility to, 1",2026-03-18T01:49:51.181071
MONDO:0011451,"cardioencephalomyopathy, fatal infantile, due to cytochrome c oxidase deficiency 1",2026-05-30T19:16:11.533800
MONDO:0011459,arrhythmogenic right ventricular dysplasia 5,2026-07-31T22:10:39.695363
MONDO:0011473,Leber congenital amaurosis 5,2026-08-13T20:59:38.192850
MONDO:0011474,progressive familial heart block type IB,2026-06-21T16:17:08.851261
MONDO:0011479,postural orthostatic tachycardia syndrome,2026-03-17T19:49:12.179147
MONDO:0011482,dilated cardiomyopathy 1I,2026-08-23T20:23:14.155085
MONDO:0011484,catecholaminergic polymorphic ventricular tachycardia 1,2026-07-31T17:09:57.680723
MONDO:0011488,"microcephaly 3, primary, autosomal recessive",2026-05-13T22:42:09.237115
MONDO:0011502,Wolfram syndrome 2,2026-08-15T09:50:11.271111
MONDO:0011510,Bohring-Opitz syndrome,2026-05-03T19:23:06.637284
MONDO:0011518,Wiedemann-Steiner syndrome,2026-05-16T18:45:14.103085
MONDO:0011527,Charcot-Marie-Tooth disease type 4E,2026-08-22T18:37:37.386783
MONDO:0011533,temtamy preaxial brachydactyly syndrome,2026-06-04T18:31:09.520185
MONDO:0011535,split hand-foot malformation 4,2026-06-08T12:22:38.465469
MONDO:0011544,pheochromocytoma/paraganglioma syndrome 3,2026-08-01T14:46:10.331595
MONDO:0011545,autosomal dominant nocturnal frontal lobe epilepsy 3,2026-05-09T01:09:36.866674
MONDO:0011551,TH-deficient dopa-responsive dystonia,2026-05-06T01:04:20.050770
MONDO:0011576,familial hyperaldosteronism type II,2026-05-07T15:56:43.087014
MONDO:0011578,familial papillary thyroid carcinoma with renal papillary neoplasia,2026-08-01T14:44:56.600508
MONDO:0011581,arrhythmogenic cardiomyopathy with wooly hair and keratoderma,2026-04-25T23:10:56.448284
MONDO:0011583,"cerebral amyloid angiopathy, APP-related",2026-06-03T19:06:32.411654
MONDO:0011584,Fanconi anemia complementation group D1,2026-03-17T19:35:21.270048
MONDO:0011593,"seizures, benign familial infantile, 2",2026-06-18T16:55:39.769799
MONDO:0011599,birdshot chorioretinopathy,2026-03-18T01:49:51.181832
MONDO:0011601,neonatal intrahepatic cholestasis due to citrin deficiency,2026-05-08T08:15:07.275212
MONDO:0011603,GNE myopathy,2026-08-15T11:56:21.298794
MONDO:0011610,dimethylglycine dehydrogenase deficiency,2026-05-18T20:27:40.011169
MONDO:0011612,glycine encephalopathy,2026-03-17T19:46:28.348231
MONDO:0011614,3-hydroxy-3-methylglutaryl-CoA synthase deficiency,2026-05-04T02:29:43.553772
MONDO:0011624,transaldolase deficiency,2026-05-05T00:47:24.802318
MONDO:0011628,propionic acidemia,2026-03-17T19:49:53.134520
MONDO:0011638,neuroferritinopathy,2026-05-01T20:55:56.987411
MONDO:0011640,genitopatellar syndrome,2026-06-04T18:08:52.063405
MONDO:0011644,pars planitis,2026-03-18T01:49:51.181837
MONDO:0011652,Phelan-McDermid syndrome,2026-07-31T06:34:23.543394
MONDO:0011655,alveolar soft part sarcoma,2026-05-09T10:09:07.752420
MONDO:0011658,autosomal recessive early-onset Parkinson disease 7,2026-07-31T14:26:16.266245
MONDO:0011662,pathological gambling,2026-08-21T18:44:27.308871
MONDO:0011667,maturity-onset diabetes of the young type 4,2026-03-17T19:32:48.969081
MONDO:0011668,maturity-onset diabetes of the young type 6,2026-03-17T19:32:48.973468
MONDO:0011669,hypotonia-cystinuria syndrome,2026-05-08T12:38:45.866364
MONDO:0011671,Huntington disease-like 2,2026-05-09T23:01:50.413682
MONDO:0011694,spinocerebellar ataxia type 15/16,2026-07-31T06:35:27.850499
MONDO:0011705,lymphangioleiomyomatosis,2026-06-29T11:26:00.190448
MONDO:0011706,Kufor-Rakeb syndrome,2026-07-31T06:32:31.514952
MONDO:0011709,split hand-foot malformation 5,2026-06-08T12:22:38.478429
MONDO:0011717,hyperinsulinism-hyperammonemia syndrome,2026-08-01T14:38:01.640322
MONDO:0011719,gastrointestinal stromal tumor,2026-03-18T01:49:51.180892
MONDO:0011724,encephalopathy due to GLUT1 deficiency,2026-07-06T19:57:59.751123
MONDO:0011725,Crigler-Najjar syndrome type 2,2026-08-22T17:23:14.798723
MONDO:0011731,glucose-galactose malabsorption,2026-07-06T20:26:44.453318
MONDO:0011738,bilateral frontoparietal polymicrogyria,2026-06-10T20:50:07.395787
MONDO:0011740,Carney-Stratakis syndrome,2026-07-02T04:45:44.767470
MONDO:0011743,Alzheimer disease 4,2026-07-31T14:51:07.881130
MONDO:0011758,Hurler syndrome,2026-05-20T05:13:27.228121
MONDO:0011759,Hurler-Scheie syndrome,2026-05-20T05:13:27.325515
MONDO:0011760,Scheie syndrome,2026-05-20T05:13:27.336401
MONDO:0011765,multiple epiphyseal dysplasia type 5,2026-07-06T08:12:59.295123
MONDO:0011770,"aortic aneurysm, familial thoracic 2",2026-06-14T00:20:29.433351
MONDO:0011773,anauxetic dysplasia,2026-08-01T14:41:51.211398
MONDO:0011776,CINCA syndrome,2026-03-08T15:18:53.232000
MONDO:0011778,"multiple epiphyseal dysplasia, Al-Gazali type",2026-07-28T12:17:16.790525
MONDO:0011781,spinocerebellar ataxia type 17,2026-04-10T17:44:47.226889
MONDO:0011783,ALG12-congenital disorder of glycosylation,2026-05-10T14:44:57.047784
MONDO:0011786,allergic rhinitis,2026-03-17T19:34:13.712452
MONDO:0011801,"spinocerebellar ataxia, autosomal recessive, with axonal neuropathy 1",2026-04-24T14:45:04.854838
MONDO:0011803,hereditary spastic paraplegia 7,2026-08-22T18:58:27.108085
MONDO:0011806,osteofibrous dysplasia,2026-08-26T16:45:05.548490
MONDO:0011811,autosomal recessive cerebellar ataxia-saccadic intrusion syndrome,2026-06-04T18:58:32.352684
MONDO:0011812,Duane-radial ray syndrome,2026-05-10T17:48:13.313889
MONDO:0011816,lathosterolosis,2026-08-01T06:32:59.461896
MONDO:0011818,isolated focal cortical dysplasia type II,2026-08-04T23:40:04.214086
MONDO:0011821,"Meckel syndrome, type 3",2026-03-17T19:43:27.618006
MONDO:0011827,patent ductus arteriosus,2026-05-04T22:01:55.294824
MONDO:0011828,"intellectual disability, autosomal recessive 2",2026-08-01T02:15:52.848236
MONDO:0011831,arrhythmogenic right ventricular dysplasia 8,2026-06-20T02:36:18.848527
MONDO:0011835,"sensory ataxic neuropathy, dysarthria, and ophthalmoparesis",2026-06-12T15:00:01.033092
MONDO:0011837,"vitamin K-dependent clotting factors, combined deficiency of, type 2",2026-06-08T16:44:05.272856
MONDO:0011841,biotin-responsive basal ganglia disease,2026-05-07T06:51:00.489880
MONDO:0011843,hypertrophic cardiomyopathy 25,2026-08-12T18:01:57.099608
MONDO:0011849,psoriatic arthritis,2026-03-18T01:49:51.181935
MONDO:0011855,granular corneal dystrophy type II,2026-06-20T04:31:07.161014
MONDO:0011857,"atrial fibrillation, familial, 3",2026-06-26T15:39:19.283274
MONDO:0011866,pontocerebellar hypoplasia type 1A,2026-04-26T15:45:37.477347
MONDO:0011871,Niemann-Pick disease type B,2026-06-13T17:49:56.293886
MONDO:0011872,Griscelli syndrome type 2,2026-08-22T17:55:43.429993
MONDO:0011873,"Niemann-Pick disease, type C2",2026-03-17T19:46:16.478703
MONDO:0011874,neonatal ichthyosis-sclerosing cholangitis syndrome,2026-05-07T11:57:42.232851
MONDO:0011882,skin fragility-woolly hair-palmoplantar keratoderma syndrome,2026-06-18T13:20:02.298387
MONDO:0011895,idiopathic hypereosinophilic syndrome,2026-06-06T16:42:22.608444
MONDO:0011897,"leukodystrophy, hypomyelinating, 7, with or without oligodontia and/or hypogonadotropic hypogonadism",2026-06-04T00:06:33.918837
MONDO:0011899,Noonan syndrome-like disorder with loose anagen hair,2026-07-12T09:42:30.949987
MONDO:0011904,"seizures, benign familial infantile, 3",2026-06-18T16:55:39.795395
MONDO:0011906,congenital bile acid synthesis defect 1,2026-06-19T08:29:04.407967
MONDO:0011908,juvenile myelomonocytic leukemia,2026-04-12T22:41:07.183920
MONDO:0011913,Alzheimer disease 3,2026-07-31T14:50:59.797793
MONDO:0011929,chromosome 1p36 deletion syndrome,2026-07-30T23:00:23.115381
MONDO:0011934,dermatofibrosarcoma protuberans,2026-03-18T01:49:51.181634
MONDO:0011959,sweet syndrome,2026-07-01T09:01:15.682239
MONDO:0011962,endometrial cancer,2026-03-18T01:49:51.181632
MONDO:0011963,Joubert syndrome 2,2026-03-17T19:40:41.734960
MONDO:0011972,ovarian hyperstimulation syndrome,2026-08-25T18:28:27.972206
MONDO:0011974,retinitis pigmentosa 7,2026-03-19T19:41:16.215352
MONDO:0011979,adult-onset foveomacular vitelliform dystrophy,2026-06-08T18:11:57.193776
MONDO:0011988,neutrophil immunodeficiency syndrome,2026-08-23T15:42:15.367704
MONDO:0011989,leishmaniasis,2026-03-18T01:49:51.181712
MONDO:0011996,"chronic myelogenous leukemia, BCR-ABL1 positive",2026-03-18T01:49:51.180886
MONDO:0011997,Hermansky-Pudlak syndrome 2,2026-06-16T16:54:27.529451
MONDO:0012013,"Weill-Marchesani syndrome 2, dominant",2026-08-01T04:30:00.000000
MONDO:0012016,capillary malformation-arteriovenous malformation syndrome,2026-05-04T17:45:27.397468
MONDO:0012020,chromosome 22q11.2 microduplication syndrome,2026-08-24T13:46:31.533107
MONDO:0012024,retinitis pigmentosa 26,2026-08-01T16:32:13.666144
MONDO:0012025,branchiootic syndrome 3,2026-08-21T21:12:06.048088
MONDO:0012029,"microcephaly 6, primary, autosomal recessive",2026-05-13T22:42:09.245879
MONDO:0012034,autosomal dominant limb-girdle muscular dystrophy type 1F,2026-07-02T08:55:53.140214
MONDO:0012037,"intellectual disability, autosomal recessive 3",2026-08-01T02:15:54.375438
MONDO:0012041,familial adenomatous polyposis 2,2026-03-17T19:30:40.208097
MONDO:0012043,Reis-Bucklers corneal dystrophy,2026-06-20T04:31:07.192105
MONDO:0012049,orofaciodigital syndrome VII,2026-08-19T08:05:24.382867
MONDO:0012052,ALG1-congenital disorder of glycosylation,2026-07-31T06:27:46.338241
MONDO:0012061,familial sick sinus syndrome,2026-05-09T09:04:24.271180
MONDO:0012064,choanal atresia-hearing loss-cardiac defects-craniofacial dysmorphism syndrome,2026-07-31T18:04:03.830986
MONDO:0012066,"atrial fibrillation, familial, 1",2026-06-26T21:36:39.068378
MONDO:0012072,"familial partial lipodystrophy, Kobberling type",2026-06-07T20:24:01.945056
MONDO:0012078,Joubert syndrome 3,2026-03-17T19:40:41.740080
MONDO:0012081,15q11q13 microduplication syndrome,2026-04-30T14:14:33.338181
MONDO:0012084,aromatic L-amino acid decarboxylase deficiency,2026-05-06T14:27:31.618765
MONDO:0012092,hereditary sensory and autonomic neuropathy type 5,2026-04-16T12:25:53.863018
MONDO:0012097,"spondylocostal dysostosis 2, autosomal recessive",2026-07-30T21:13:24.320416
MONDO:0012104,acquired partial lipodystrophy,2026-05-20T11:19:30.730106
MONDO:0012105,granulomatosis with polyangiitis,2026-03-18T01:49:51.181280
MONDO:0012106,"microcephaly 5, primary, autosomal recessive",2026-05-13T22:42:09.210493
MONDO:0012110,growth delay due to insulin-like growth factor type 1 deficiency,2026-06-04T11:10:42.569784
MONDO:0012111,hypertrophic cardiomyopathy 8,2026-08-01T21:07:31.847682
MONDO:0012112,hypertrophic cardiomyopathy 10,2026-08-22T20:26:28.162841
MONDO:0012116,spinocerebellar ataxia type 8,2026-05-17T21:12:30.764543
MONDO:0012117,ALG9-congenital disorder of glycosylation,2026-05-17T23:02:48.472925
MONDO:0012118,COG7-congenital disorder of glycosylation,2026-05-09T09:14:16.163268
MONDO:0012120,pyruvate dehydrogenase phosphatase deficiency,2026-05-05T13:29:01.255867
MONDO:0012123,congenital disorder of glycosylation type 1E,2026-05-17T23:30:53.985141
MONDO:0012136,"carnitine palmitoyl transferase II deficiency, neonatal form",2026-07-25T12:48:41.921715
MONDO:0012164,Meacham syndrome,2026-05-30T18:52:04.898468
MONDO:0012166,autosomal dominant sensory ataxia 1,2026-08-01T14:24:14.500542
MONDO:0012167,"atrial fibrillation, familial, 2",2026-06-26T21:36:39.085318
MONDO:0012172,mitochondrial trifunctional protein deficiency,2026-03-17T19:44:16.836176
MONDO:0012173,long chain 3-hydroxyacyl-CoA dehydrogenase deficiency,2026-03-17T19:42:18.037153
MONDO:0012177,posterior column ataxia-retinitis pigmentosa syndrome,2026-08-01T16:17:43.407350
MONDO:0012180,arrhythmogenic right ventricular dysplasia 9,2026-06-20T03:30:55.605566
MONDO:0012186,Fanconi anemia complementation group I,2026-03-17T19:35:21.292542
MONDO:0012187,Fanconi anemia complementation group J,2026-03-17T19:35:21.296518
MONDO:0012193,autosomal dominant limb-girdle muscular dystrophy type 1G,2026-07-02T08:55:53.160839
MONDO:0012196,autosomal dominant auditory neuropathy 1,2026-05-08T12:45:50.159715
MONDO:0012198,PCWH syndrome,2026-05-03T15:42:55.962386
MONDO:0012206,spondyloepiphyseal dysplasia with metatarsal shortening,2026-08-24T21:40:48.085414
MONDO:0012211,MPDU1-congenital disorder of glycosylation,2026-05-17T23:30:53.838382
MONDO:0012212,Loeys-Dietz syndrome 1,2026-08-17T21:11:27.702020
MONDO:0012220,Griscelli syndrome type 3,2026-08-22T17:55:48.169914
MONDO:0012221,alpha-N-acetylgalactosaminidase deficiency type 1,2026-07-31T06:35:10.396937
MONDO:0012222,alpha-N-acetylgalactosaminidase deficiency type 2,2026-06-20T02:58:19.764308
MONDO:0012225,Senior-Loken syndrome 5,2026-06-17T12:21:11.426713
MONDO:0012231,Charcot-Marie-Tooth disease type 2A2,2026-08-01T19:16:40.336073
MONDO:0012238,"progressive external ophthalmoplegia with mitochondrial DNA deletions, autosomal dominant 2",2026-08-01T14:48:37.991994
MONDO:0012241,"progressive external ophthalmoplegia with mitochondrial DNA deletions, autosomal dominant 3",2026-08-01T14:48:39.824673
MONDO:0012243,"B-cell immunodeficiency, distal limb anomalies, and urogenital malformations",2026-08-08T16:44:55.088114
MONDO:0012251,MEDNIK syndrome,2026-05-19T15:54:41.786833
MONDO:0012262,"fibrosis of extraocular muscles, congenital, 3c",2026-08-20T07:40:28.667945
MONDO:0012268,AIDS,2026-03-18T01:49:51.180581
MONDO:0012269,chromosome 3q29 microdeletion syndrome,2026-08-15T19:14:58.274234
MONDO:0012270,Tukel syndrome,2026-08-20T07:40:33.650715
MONDO:0012276,generalized epilepsy-paroxysmal dyskinesia syndrome,2026-08-01T08:27:16.668257
MONDO:0012301,"mitochondrial DNA depletion syndrome, myopathic form",2026-08-01T19:16:38.741382
MONDO:0012308,Joubert syndrome with renal defect,2026-03-17T19:40:41.745626
MONDO:0012312,short QT syndrome type 1,2026-08-06T23:25:27.310113
MONDO:0012313,short QT syndrome type 2,2026-08-06T23:25:28.982383
MONDO:0012314,short QT syndrome type 3,2026-08-06T23:25:30.665071
MONDO:0012324,Frias syndrome,2026-05-10T12:52:04.445070
MONDO:0012333,autosomal recessive nonsyndromic hearing loss 53,2026-07-31T12:51:53.989691
MONDO:0012348,maturity-onset diabetes of the young type 8,2026-03-17T19:32:48.983092
MONDO:0012349,"spondylocostal dysostosis 3, autosomal recessive",2026-07-30T21:13:26.033987
MONDO:0012354,platelet-type bleeding disorder 8,2026-08-24T16:30:23.683507
MONDO:0012368,aminoacylase 1 deficiency,2026-07-31T06:28:04.216191
MONDO:0012391,neuronal ceroid lipofuscinosis 8 northern epilepsy variant,2026-07-31T06:34:07.344414
MONDO:0012392,2-methylbutyryl-CoA dehydrogenase deficiency,2026-03-17T19:23:40.026615
MONDO:0012399,complex cortical dysplasia with other brain malformations 7,2026-08-20T14:54:32.982099
MONDO:0012400,cortical dysplasia-focal epilepsy syndrome,2026-08-01T07:28:20.017935
MONDO:0012401,congenital stromal corneal dystrophy,2026-08-14T13:24:43.048515
MONDO:0012407,pyridoxal phosphate-responsive seizures,2026-07-18T08:58:49.329095
MONDO:0012409,isolated microphthalmia 2,2026-08-08T16:27:44.411439
MONDO:0012415,"progressive external ophthalmoplegia with mitochondrial DNA deletions, autosomal dominant 4",2026-08-01T14:48:41.654759
MONDO:0012427,Loeys-Dietz syndrome 2,2026-08-18T09:46:09.891224
MONDO:0012429,Aicardi-Goutieres syndrome 2,2026-05-04T01:30:50.431164
MONDO:0012430,"cerebellar ataxia, intellectual disability, and dysequilibrium syndrome 2",2026-05-13T22:45:15.374299
MONDO:0012432,Joubert syndrome 5,2026-03-17T19:40:41.750817
MONDO:0012433,Senior-Loken syndrome 6,2026-06-17T12:21:11.442119
MONDO:0012434,arrhythmogenic right ventricular dysplasia 10,2026-07-31T22:10:41.351382
MONDO:0012439,Alagille syndrome due to a NOTCH2 point mutation,2026-08-04T19:34:30.499686
MONDO:0012449,spinocerebellar ataxia type 23,2026-08-24T16:31:44.902448
MONDO:0012454,"alcohol sensitivity, acute",2026-08-22T14:32:59.396983
MONDO:0012455,Kleefstra syndrome,2026-03-20T13:07:02.988435
MONDO:0012471,Aicardi-Goutieres syndrome 3,2026-05-04T01:30:50.439092
MONDO:0012472,Aicardi-Goutieres syndrome 4,2026-05-04T01:30:50.446541
MONDO:0012474,autosomal dominant nocturnal frontal lobe epilepsy 4,2026-05-09T01:09:36.878086
MONDO:0012496,Koolen-de Vries syndrome,2026-04-09T10:21:32.800182
MONDO:0012498,congenital stationary night blindness autosomal dominant 1,2026-06-22T22:49:27.994222
MONDO:0012503,thiopurine S-methyltransferase deficiency,2026-08-20T13:41:59.038980
MONDO:0012506,arrhythmogenic right ventricular dysplasia 11,2026-07-31T22:10:43.017998
MONDO:0012513,maturity-onset diabetes of the young type 7,2026-03-17T19:32:48.978439
MONDO:0012516,mandibulofacial dysostosis-microcephaly syndrome,2026-06-04T00:04:53.601026
MONDO:0012517,Gaucher disease due to saposin C deficiency,2026-06-20T02:36:33.698125
MONDO:0012521,herpes simplex encephalitis,2026-07-24T08:07:39.479490
MONDO:0012526,hereditary angioedema type 3,2026-05-09T03:16:35.194190
MONDO:0012530,palmoplantar keratoderma-XX sex reversal-predisposition to squamous cell carcinoma syndrome,2026-07-15T07:26:58.786035
MONDO:0012531,xeroderma pigmentosum group B,2026-07-31T06:36:29.445048
MONDO:0012532,hereditary hemorrhagic telangiectasia type 4,2026-08-18T21:06:22.392642
MONDO:0012536,osteogenesis imperfecta type 7,2026-03-18T01:49:51.182067
MONDO:0012539,Joubert syndrome 6,2026-03-17T19:40:41.756560
MONDO:0012545,neutral lipid storage myopathy,2026-06-18T12:11:29.316756
MONDO:0012549,"autosomal recessive ataxia, Beauce type",2026-06-04T12:00:03.682207
MONDO:0012553,cerebrooculofacioskeletal syndrome 2,2026-05-14T14:08:54.616065
MONDO:0012554,cerebrooculofacioskeletal syndrome 4,2026-05-14T14:08:54.632434
MONDO:0012556,DK1-congenital disorder of glycosylation,2026-05-17T23:30:53.974483
MONDO:0012557,cardiomyopathy-hypotonia-lactic acidosis syndrome,2026-07-31T18:40:24.255336
MONDO:0012563,holoprosencephaly 9,2026-07-30T23:46:27.840891
MONDO:0012565,Fanconi anemia complementation group N,2026-03-17T19:35:21.305178
MONDO:0012573,vesicoureteral reflux 2,2026-08-01T14:33:49.992508
MONDO:0012574,Potocki-Lupski syndrome,2026-08-22T14:44:21.124727
MONDO:0012579,autoimmune pulmonary alveolar proteinosis,2026-08-02T01:11:06.986669
MONDO:0012580,hereditary pulmonary alveolar proteinosis,2026-05-09T12:37:21.060513
MONDO:0012581,osteogenesis imperfecta type 8,2026-06-29T04:14:35.549059
MONDO:0012588,neuronal ceroid lipofuscinosis 7,2026-05-30T18:03:54.338811
MONDO:0012589,Pitt-Hopkins syndrome,2026-06-27T11:18:42.009234
MONDO:0012591,osteogenesis imperfecta type 5,2026-03-18T01:49:51.182064
MONDO:0012592,osteogenesis imperfecta type 11,2026-06-30T17:49:57.326263
MONDO:0012596,PSAT deficiency,2026-07-14T21:33:14.742268
MONDO:0012604,isolated microphthalmia 3,2026-08-08T16:27:45.297140
MONDO:0012605,isolated microphthalmia 5,2026-08-08T16:27:46.608943
MONDO:0012613,"intellectual disability, autosomal recessive 5",2026-08-01T02:15:55.671176
MONDO:0012614,"intellectual disability, autosomal recessive 6",2026-08-01T02:15:56.976161
MONDO:0012615,"intellectual disability, autosomal recessive 7",2026-08-01T02:15:58.419567
MONDO:0012622,leukoencephalopathy with brain stem and spinal cord involvement-high lactate syndrome,2026-08-01T19:13:00.223167
MONDO:0012624,acyl-CoA dehydrogenase 9 deficiency,2026-07-02T07:01:42.430672
MONDO:0012626,"Meckel syndrome, type 4",2026-03-17T19:43:27.624139
MONDO:0012634,craniofacial dysplasia - osteopenia syndrome,2026-04-16T12:33:26.869152
MONDO:0012637,COG1-congenital disorder of glycosylation,2026-05-18T00:02:59.829105
MONDO:0012648,isobutyryl-CoA dehydrogenase deficiency,2026-03-17T19:40:24.844640
MONDO:0012650,Cernunnos-XLF deficiency,2026-07-05T23:38:12.079000
MONDO:0012669,Legius syndrome,2026-03-18T01:49:51.180987
MONDO:0012677,"atrial fibrillation, familial, 4",2026-06-26T15:39:19.300584
MONDO:0012678,"atrial fibrillation, familial, 5",2026-06-26T21:36:39.102187
MONDO:0012683,pontocerebellar hypoplasia type 6,2026-04-26T15:45:37.513258
MONDO:0012694,Joubert syndrome 7,2026-03-17T19:40:41.761870
MONDO:0012695,"Meckel syndrome, type 5",2026-03-17T19:43:27.629855
MONDO:0012698,Waardenburg syndrome type 2E,2026-05-27T20:13:07.020555
MONDO:0012700,"renal tubular acidosis, distal, 4, with hemolytic anemia",2026-05-20T11:44:27.694503
MONDO:0012703,lissencephaly due to TUBA1A mutation,2026-06-11T18:48:04.039093
MONDO:0012709,"microphthalmia, isolated, with coloboma 5",2026-08-01T16:53:02.553585
MONDO:0012719,combined PSAP deficiency,2026-06-20T02:36:33.644312
MONDO:0012720,Krabbe disease due to saposin A deficiency,2026-07-31T06:32:30.602354
MONDO:0012723,Leber congenital amaurosis 10,2026-06-26T23:19:45.100004
MONDO:0012727,Kawasaki disease,2026-03-31T00:00:00.000000
MONDO:0012730,"aortic aneurysm, familial thoracic 6",2026-05-30T18:03:34.620604
MONDO:0012731,elliptocytosis 1,2026-05-09T04:57:52.188205
MONDO:0012733,autosomal recessive bestrophinopathy,2026-04-04T20:29:29.667956
MONDO:0012735,Temple-Baraitser syndrome,2026-03-17T19:53:30.881084
MONDO:0012736,long QT syndrome 9,2026-05-09T04:07:12.529858
MONDO:0012737,long QT syndrome 10,2026-05-09T04:07:12.537374
MONDO:0012738,long QT syndrome 11,2026-05-09T04:07:12.544977
MONDO:0012745,dilated cardiomyopathy 1Z,2026-08-02T16:41:47.406664
MONDO:0012746,dilated cardiomyopathy 2A,2026-08-02T16:40:30.458290
MONDO:0012756,proximal 16p11.2 microdeletion syndrome,2026-08-24T13:37:17.030486
MONDO:0012762,catecholaminergic polymorphic ventricular tachycardia 2,2026-07-31T17:09:47.368084
MONDO:0012774,chromosome 15q13.3 microdeletion syndrome,2026-08-01T06:29:43.000977
MONDO:0012775,thrombocytopenia 4,2026-07-05T18:52:53.587691
MONDO:0012783,RFT1-congenital disorder of glycosylation,2026-08-22T01:44:13.086034
MONDO:0012784,autosomal recessive ataxia due to ubiquinone deficiency,2026-04-30T14:24:13.062090
MONDO:0012799,hypertrophic cardiomyopathy 11,2026-08-22T20:24:30.498425
MONDO:0012803,diarrhea-vomiting due to trehalase deficiency,2026-07-06T20:17:57.276099
MONDO:0012805,childhood onset GLUT1 deficiency syndrome 2,2026-08-01T08:27:14.840313
MONDO:0012806,ectodermal dysplasia and immunodeficiency 2,2026-07-28T12:14:02.415390
MONDO:0012808,dilated cardiomyopathy 1AA,2026-08-01T14:23:09.096991
MONDO:0012812,"developmental and epileptic encephalopathy, 4",2026-07-06T11:28:38.860450
MONDO:0012816,"atrial fibrillation, familial, 6",2026-06-26T15:39:19.351443
MONDO:0012817,Ewing sarcoma,2026-03-18T01:49:51.180902
MONDO:0012818,maturity-onset diabetes of the young type 9,2026-03-17T19:32:48.987736
MONDO:0012819,diabetic ketoacidosis,2026-03-17T19:32:49.031142
MONDO:0012828,"atrial fibrillation, familial, 7",2026-06-26T21:36:38.965876
MONDO:0012830,chromosome 10q23 deletion syndrome,2026-08-01T14:22:17.766997
MONDO:0012833,Crouzon syndrome-acanthosis nigricans syndrome,2026-03-18T01:49:51.182047
MONDO:0012848,"Meckel syndrome, type 6",2026-03-17T19:43:27.635829
MONDO:0012849,Joubert syndrome 9,2026-03-17T19:40:41.767692
MONDO:0012853,Fontaine progeroid syndrome,2026-05-06T22:14:18.475032
MONDO:0012855,Joubert syndrome 8,2026-03-17T19:40:41.773515
MONDO:0012864,chromosome 2q32-q33 deletion syndrome,2026-07-05T13:18:32.478996
MONDO:0012871,Jervell and Lange-Nielsen syndrome 2,2026-08-17T21:09:45.548824
MONDO:0012873,"Ehlers-Danlos syndrome, spondylocheirodysplastic type",2026-05-21T03:01:59.237258
MONDO:0012883,acute promyelocytic leukemia,2026-03-18T01:49:51.181602
MONDO:0012905,"leukodystrophy, hypomyelinating, 6",2026-08-22T18:53:49.725658
MONDO:0012912,pseudopseudohypoparathyroidism,2026-05-10T11:17:35.987592
MONDO:0012930,autosomal recessive severe congenital neutropenia due to G6PC3 deficiency,2026-07-31T14:16:00.350874
MONDO:0012941,inflammatory bowel disease 25,2026-08-22T23:45:31.931141
MONDO:0012945,amyotrophic lateral sclerosis type 11,2026-04-29T00:36:05.807825
MONDO:0012960,"intellectual disability, autosomal dominant 5",2026-05-24T15:54:57.947542
MONDO:0012984,PHARC syndrome,2026-05-18T15:03:54.164087
MONDO:0012987,"agammaglobulinemia 6, autosomal recessive",2026-08-08T16:44:35.860469
MONDO:0012989,"microcephaly 7, primary, autosomal recessive",2026-07-23T13:20:17.037625
MONDO:0012992,pancreatic insufficiency-anemia-hyperostosis syndrome,2026-06-22T16:02:54.212347
MONDO:0012994,dopa-responsive dystonia due to sepiapterin reductase deficiency,2026-05-08T09:52:35.223416
MONDO:0012996,AGAT deficiency,2026-05-02T23:38:33.247978
MONDO:0012999,guanidinoacetate methyltransferase deficiency,2026-03-17T19:37:13.341161
MONDO:0013000,porphyria due to ALA dehydratase deficiency,2026-05-05T02:52:39.794047
MONDO:0013005,EAST syndrome,2026-06-03T23:14:33.565925
MONDO:0013034,keratosis palmoplantaris striata 2,2026-05-02T00:29:43.375587
MONDO:0013035,orofaciodigital syndrome XI,2026-08-19T08:05:37.245865
MONDO:0013038,CLOVES syndrome,2026-03-18T01:49:51.181896
MONDO:0013046,glycogen storage disease due to muscle beta-enolase deficiency,2026-08-24T13:06:57.644916
MONDO:0013049,DPM3-congenital disorder of glycosylation,2026-05-17T23:30:54.007819
MONDO:0013051,autosomal recessive cutis laxa type 2B,2026-08-19T09:39:55.229794
MONDO:0013056,"developmental and epileptic encephalopathy, 39",2026-08-19T15:29:38.339888
MONDO:0013059,Aicardi-Goutieres syndrome 5,2026-05-04T01:30:50.453977
MONDO:0013060,autosomal recessive Parkinson disease 14,2026-05-06T10:21:16.204903
MONDO:0013062,long QT syndrome 12,2026-05-09T04:07:12.552731
MONDO:0013063,"ventricular fibrillation, paroxysmal familial, 2",2026-06-14T17:38:21.445377
MONDO:0013071,"Emery-Dreifuss muscular dystrophy 4, autosomal dominant",2026-06-16T17:49:21.903898
MONDO:0013074,encephalocraniocutaneous lipomatosis,2026-05-08T17:01:00.756774
MONDO:0013091,glycogen storage disease IXc,2026-08-21T09:13:23.407780
MONDO:0013098,noise induced hearing loss,2026-07-20T16:53:47.324140
MONDO:0013100,"atrial fibrillation, familial, 8",2026-06-26T21:36:39.119331
MONDO:0013110,neurodegenerative syndrome due to cerebral folate transport deficiency,2026-07-25T18:24:11.570725
MONDO:0013117,"progressive external ophthalmoplegia with mitochondrial DNA deletions, autosomal dominant 5",2026-08-01T14:48:43.489707
MONDO:0013118,Nijmegen breakage syndrome-like disorder,2026-07-31T05:16:01.247166
MONDO:0013121,"glaucoma 3, primary congenital, C",2026-08-20T07:39:51.930065
MONDO:0013122,"glaucoma 3, primary congenital, D",2026-08-20T07:39:54.040684
MONDO:0013130,isolated microphthalmia 4,2026-08-08T16:27:45.954373
MONDO:0013137,"choroidal dystrophy, central areolar 2",2026-03-19T19:41:16.233919
MONDO:0013142,"neuropathy, hereditary sensory and autonomic, type 2B",2026-08-22T18:43:37.058467
MONDO:0013150,"parkinsonism-dystonia, infantile",2026-06-04T11:24:42.397171
MONDO:0013151,"choroidal dystrophy, central areolar, 3",2026-06-16T17:34:01.886568
MONDO:0013153,inflammatory bowel disease 28,2026-08-22T23:45:30.132260
MONDO:0013168,dilated cardiomyopathy 1DD,2026-08-23T03:03:42.468726
MONDO:0013171,purine nucleoside phosphorylase deficiency,2026-08-19T23:26:49.707969
MONDO:0013173,"intellectual disability, autosomal recessive 13",2026-08-01T02:15:59.888996
MONDO:0013176,"Weill-Marchesani 4 syndrome, recessive",2026-08-01T04:30:00.000000
MONDO:0013184,congenital diarrhea 5 with tufting enteropathy,2026-08-22T18:34:53.533669
MONDO:0013186,Noonan syndrome 6,2026-08-18T09:20:45.769309
MONDO:0013188,"cerebellar ataxia, intellectual disability, and dysequilibrium syndrome 3",2026-05-13T22:45:15.383425
MONDO:0013189,trichotillomania,2026-06-21T16:02:51.005011
MONDO:0013195,hypertrophic cardiomyopathy 13,2026-08-22T20:28:09.575908
MONDO:0013198,dilated cardiomyopathy 1EE,2026-08-26T16:46:30.700355
MONDO:0013199,tuberous sclerosis 2,2026-07-31T00:04:44.235497
MONDO:0013201,Waardenburg syndrome type 4B,2026-05-27T20:13:06.966426
MONDO:0013202,Waardenburg syndrome type 4C,2026-05-27T20:13:07.006797
MONDO:0013209,metabolic dysfunction-associated steatotic liver disease,2026-08-01T10:10:59.751026
MONDO:0013220,hemochromatosis type 2B,2026-05-18T17:26:44.072801
MONDO:0013234,"hypokalemic periodic paralysis, type 2",2026-05-09T11:47:45.806285
MONDO:0013240,maturity-onset diabetes of the young type 10,2026-03-17T19:32:48.992994
MONDO:0013242,maturity-onset diabetes of the young type 11,2026-03-17T19:32:48.997388
MONDO:0013248,Fanconi anemia complementation group O,2026-03-17T19:35:21.309762
MONDO:0013252,Warsaw breakage syndrome,2026-07-31T06:36:20.942660
MONDO:0013255,"arthrogryposis, renal dysfunction, and cholestasis 2",2026-08-02T02:59:52.140996
MONDO:0013262,dilated cardiomyopathy 1S,2026-08-23T20:17:11.924108
MONDO:0013266,"neurodevelopmental disorder with hypotonia, stereotypic hand movements, and impaired language",2026-08-17T02:44:50.947695
MONDO:0013268,frontonasal dysplasia with alopecia and genital anomaly,2026-05-08T12:42:56.482480
MONDO:0013271,frontonasal dysplasia - severe microphthalmia - severe facial clefting syndrome,2026-05-08T12:42:56.495204
MONDO:0013274,retinitis pigmentosa 51,2026-06-14T23:22:24.844978
MONDO:0013277,"developmental and epileptic encephalopathy, 5",2026-08-01T19:39:48.990167
MONDO:0013279,long QT syndrome 13,2026-05-09T04:07:12.560512
MONDO:0013280,myxoid liposarcoma,2026-07-06T07:21:30.070854
MONDO:0013282,alpha 1-antitrypsin deficiency,2026-03-18T01:49:51.181116
MONDO:0013287,"agammaglobulinemia 2, autosomal recessive",2026-08-08T16:44:28.719973
MONDO:0013288,"agammaglobulinemia 3, autosomal recessive",2026-08-08T16:44:30.572437
MONDO:0013289,"agammaglobulinemia 4, autosomal recessive",2026-08-08T16:44:32.522794
MONDO:0013290,"agammaglobulinemia 5, autosomal dominant",2026-08-08T16:44:34.167180
MONDO:0013291,glycogen storage disease XV,2026-05-19T16:29:53.447196
MONDO:0013293,isolated microphthalmia 6,2026-08-08T16:27:47.383163
MONDO:0013301,aromatase deficiency,2026-03-18T01:49:51.180590
MONDO:0013307,"myopathy, lactic acidosis, and sideroblastic anemia 2",2026-05-07T09:03:05.091144
MONDO:0013308,CBL-related disorder,2026-08-06T19:24:13.190277
MONDO:0013312,retinitis pigmentosa 55,2026-06-14T23:22:24.807640
MONDO:0013317,torsade-de-pointes syndrome with short coupling interval,2026-05-30T21:34:48.242186
MONDO:0013326,Senior-Loken syndrome 7,2026-06-17T12:21:11.457484
MONDO:0013327,primary hyperoxaluria type 3,2026-07-31T06:34:43.969500
MONDO:0013339,dilated cardiomyopathy 1GG,2026-08-01T19:28:53.335257
MONDO:0013342,hereditary spastic paraplegia 48,2026-06-20T02:58:24.518242
MONDO:0013345,d-2-hydroxyglutaric aciduria 2,2026-07-25T14:15:47.520814
MONDO:0013349,ALG11-congenital disorder of glycosylation,2026-08-24T21:35:57.248007
MONDO:0013351,infantile cerebral and cerebellar atrophy with postnatal progressive microcephaly,2026-08-21T17:36:46.043885
MONDO:0013352,intellectual disability-severe speech delay-mild dysmorphism syndrome,2026-07-31T18:32:55.423735
MONDO:0013353,"intellectual disability, anterior maxillary protrusion, and strabismus",2026-07-31T20:06:27.691644
MONDO:0013356,vesicoureteral reflux 3,2026-08-01T14:33:51.696292
MONDO:0013357,"chromosome 17q11.2 deletion syndrome, 1.4Mb",2026-07-31T06:33:44.327451
MONDO:0013359,familial hyperaldosteronism type III,2026-05-07T15:56:43.107061
MONDO:0013362,THOC6-related developmental delay-microcephaly-facial dysmorphism syndrome,2026-07-31T17:09:31.208191
MONDO:0013364,Rubinstein-Taybi syndrome due to EP300 haploinsufficiency,2026-06-03T22:44:01.420382
MONDO:0013366,"spondylocostal dysostosis 4, autosomal recessive",2026-07-30T21:13:27.743875
MONDO:0013367,long QT syndrome 2,2026-04-13T22:49:10.600362
MONDO:0013369,hypertrophic cardiomyopathy 7,2026-08-01T20:55:20.011071
MONDO:0013370,long QT syndrome 6,2026-05-09T04:07:12.513369
MONDO:0013372,long QT syndrome 5,2026-05-09T04:07:12.505762
MONDO:0013377,isolated microphthalmia 7,2026-08-08T16:27:48.015620
MONDO:0013385,Treacher Collins syndrome 2,2026-06-04T14:29:43.172501
MONDO:0013387,"developmental and epileptic encephalopathy, 7",2026-07-17T22:49:27.165049
MONDO:0013388,"developmental and epileptic encephalopathy, 11",2026-07-18T14:08:39.638436
MONDO:0013395,retinitis pigmentosa 4,2026-06-22T22:49:27.936012
MONDO:0013404,hypermethioninemia with deficiency of S-adenosylhomocysteine hydrolase,2026-08-19T20:17:23.714314
MONDO:0013408,FADD-related immunodeficiency,2026-08-24T16:14:51.500996
MONDO:0013410,"46,XY sex reversal 6",2026-08-01T14:07:53.300643
MONDO:0013412,hypertrophic cardiomyopathy 9,2026-08-01T21:05:28.244494
MONDO:0013418,"aortic aneurysm, familial thoracic 7",2026-05-30T18:03:34.649878
MONDO:0013426,aneurysm-osteoarthritis syndrome,2026-07-29T22:49:15.515374
MONDO:0013428,Meier-Gorlin syndrome 2,2026-08-01T02:53:03.000000
MONDO:0013430,Meier-Gorlin syndrome 3,2026-08-01T02:53:03.000000
MONDO:0013431,Meier-Gorlin syndrome 4,2026-08-01T02:53:03.000000
MONDO:0013432,Meier-Gorlin syndrome 5,2026-08-01T02:53:03.000000
MONDO:0013433,primary sclerosing cholangitis,2026-03-18T01:49:51.181426
MONDO:0013438,pontocerebellar hypoplasia type 2D,2026-07-30T14:07:19.820604
MONDO:0013439,congenital bile acid synthesis defect 3,2026-06-19T08:29:04.450880
MONDO:0013452,multisystemic smooth muscle dysfunction syndrome,2026-07-28T12:17:18.184773
MONDO:0013453,Leber congenital amaurosis 8,2026-07-03T13:12:07.018474
MONDO:0013458,hyperuricemia-pulmonary hypertension-renal failure-alkalosis syndrome,2026-08-01T19:12:47.793704
MONDO:0013459,osteogenesis imperfecta type 10,2026-06-30T17:39:12.007571
MONDO:0013460,osteogenesis imperfecta type 12,2026-06-30T17:57:04.317273
MONDO:0013477,hypertrophic cardiomyopathy 20,2026-08-01T21:02:47.811558
MONDO:0013478,PLIN1-related familial partial lipodystrophy,2026-06-07T20:24:01.980083
MONDO:0013479,dilated cardiomyopathy 1HH,2026-08-23T03:00:42.205049
MONDO:0013482,"Meckel syndrome, type 8",2026-03-17T19:43:27.641368
MONDO:0013499,Fanconi anemia complementation group P,2026-03-17T19:35:21.314151
MONDO:0013500,immunodeficiency 51,2026-08-01T09:05:03.124171
MONDO:0013503,"candidiasis, familial, 6",2026-08-01T09:05:06.502554
MONDO:0013513,"atrial fibrillation, familial, 9",2026-06-26T15:39:19.318384
MONDO:0013515,osteogenesis imperfecta type 6,2026-06-29T00:57:10.885003
MONDO:0013523,Nestor-Guillermo progeria syndrome,2026-06-18T16:49:24.084882
MONDO:0013529,catecholaminergic polymorphic ventricular tachycardia 3,2026-08-02T22:53:39.729041
MONDO:0013530,"atrial fibrillation, familial, 10",2026-06-26T15:39:19.367894
MONDO:0013531,PSPH deficiency,2026-07-14T21:33:14.905987
MONDO:0013536,heme oxygenase 1 deficiency,2026-08-21T21:01:15.033576
MONDO:0013540,deafness-lymphedema-leukemia syndrome,2026-05-30T21:37:20.117827
MONDO:0013541,complex cortical dysplasia with other brain malformations 1,2026-08-20T14:57:09.279162
MONDO:0013544,"atrial fibrillation, familial, 11",2026-06-26T15:39:19.334856
MONDO:0013545,"atrial fibrillation, familial, 12",2026-06-26T21:36:38.983184
MONDO:0013553,immunodeficiency-centromeric instability-facial anomalies syndrome 2,2026-05-09T23:37:57.638577
MONDO:0013555,Hermansky-Pudlak syndrome 3,2026-06-16T16:54:27.539520
MONDO:0013556,Hermansky-Pudlak syndrome 4,2026-06-16T16:54:27.550607
MONDO:0013557,Hermansky-Pudlak syndrome 5,2026-06-16T16:54:27.561248
MONDO:0013558,Hermansky-Pudlak syndrome 6,2026-06-16T16:54:27.572377
MONDO:0013559,Hermansky-Pudlak syndrome 7,2026-06-16T16:54:27.583055
MONDO:0013560,Hermansky-Pudlak syndrome 8,2026-06-16T16:54:27.593798
MONDO:0013563,multiple congenital anomalies-hypotonia-seizures syndrome 1,2026-08-14T04:18:21.038137
MONDO:0013565,Fanconi anemia complementation group G,2026-03-17T19:35:21.287794
MONDO:0013566,Fanconi anemia complementation group L,2026-03-17T19:35:21.300481
MONDO:0013571,acatalasia,2026-07-05T23:19:48.522329
MONDO:0013578,DYRK1A-related intellectual disability syndrome,2026-06-04T09:12:54.941413
MONDO:0013580,pyruvate dehydrogenase E1-beta deficiency,2026-05-05T13:29:01.224474
MONDO:0013585,hydrolethalus syndrome 2,2026-06-16T22:32:20.704392
MONDO:0013588,Perrault syndrome 3,2026-08-08T21:04:04.896005
MONDO:0013591,"epiphyseal dysplasia, multiple, 6",2026-07-06T08:12:59.695308
MONDO:0013594,spinocerebellar ataxia type 36,2026-05-17T21:12:30.782002
MONDO:0013599,autoimmune enteropathy and endocrinopathy - susceptibility to chronic infections syndrome,2026-08-01T09:05:01.207074
MONDO:0013600,insomnia,2026-08-01T14:32:56.163958
MONDO:0013602,pheochromocytoma/paraganglioma syndrome 5,2026-08-01T19:28:51.502839
MONDO:0013605,brittle cornea syndrome 2,2026-08-23T15:20:59.983244
MONDO:0013606,Hermansky-Pudlak syndrome 9,2026-06-16T16:54:27.604465
MONDO:0013608,Joubert syndrome 13,2026-03-17T19:40:41.779038
MONDO:0013609,"Meckel syndrome, type 10",2026-03-17T19:43:27.653146
MONDO:0013612,geleophysic dysplasia 2,2026-05-09T22:06:53.213893
MONDO:0013624,Rafiq syndrome,2026-08-01T02:16:01.298361
MONDO:0013626,"psoriasis 14, pustular",2026-05-09T10:36:17.426144
MONDO:0013628,hyperphosphatasia with intellectual disability syndrome 3,2026-07-27T23:32:20.922097
MONDO:0013630,"Meckel syndrome, type 9",2026-03-17T19:43:27.647114
MONDO:0013634,"neuropathy, hereditary sensory, type 2C",2026-08-22T18:43:38.846557
MONDO:0013635,Adams-Oliver syndrome 2,2026-07-17T20:10:47.916861
MONDO:0013638,Warburg micro syndrome 3,2026-05-07T12:01:56.197254
MONDO:0013641,Warburg micro syndrome 2,2026-05-07T12:01:56.180441
MONDO:0013651,"intellectual disability, autosomal recessive 18",2026-05-02T01:33:39.485428
MONDO:0013655,"neurodevelopmental disorder with or without hyperkinetic movements and seizures, autosomal dominant",2026-07-25T16:41:08.245292
MONDO:0013659,microcephaly-capillary malformation syndrome,2026-07-31T19:30:13.718892
MONDO:0013661,combined malonic and methylmalonic acidemia,2026-07-05T19:29:37.437104
MONDO:0013662,Barrett esophagus,2026-07-28T12:14:16.977797
MONDO:0013674,neurodegeneration with brain iron accumulation 4,2026-05-10T15:43:47.709836
MONDO:0013677,"Emery-Dreifuss muscular dystrophy 7, autosomal dominant",2026-06-16T17:49:21.930373
MONDO:0013682,vesicoureteral reflux 4,2026-08-01T14:33:53.377096
MONDO:0013683,vesicoureteral reflux 5,2026-08-01T14:33:54.967962
MONDO:0013684,vesicoureteral reflux 6,2026-08-01T14:33:56.523410
MONDO:0013689,ovarian dysgenesis 3,2026-05-31T03:33:43.512275
MONDO:0013691,Feingold syndrome type 2,2026-07-31T06:31:09.334414
MONDO:0013692,BAP1-related tumor predisposition syndrome,2026-07-31T06:33:00.019680
MONDO:0013715,amyotrophic lateral sclerosis type 16,2026-08-20T09:20:38.400685
MONDO:0013722,"leukodystrophy, hypomyelinating, 8, with or without oligodontia and/or hypogonadotropic hypogonadism",2026-08-24T16:07:32.471576
MONDO:0013745,Joubert syndrome 14,2026-03-17T19:40:41.784329
MONDO:0013756,"hypertrophic osteoarthropathy, primary, autosomal recessive, 2",2026-07-31T06:34:49.942867
MONDO:0013762,lipoic acid synthetase deficiency,2026-03-17T19:42:03.158996
MONDO:0013763,Joubert syndrome 15,2026-03-17T19:40:41.789715
MONDO:0013764,Joubert syndrome 16,2026-03-17T19:40:41.794358
MONDO:0013772,Huppke-Brendel syndrome,2026-05-18T19:13:51.828960
MONDO:0013782,pseudohypoaldosteronism type 2E,2026-08-18T15:34:51.083057
MONDO:0013785,"intellectual disability, autosomal recessive 34",2026-06-11T04:29:54.848113
MONDO:0013786,cone-rod dystrophy 16,2026-06-28T14:02:16.426354
MONDO:0013787,"psychomotor retardation, epilepsy, and craniofacial dysmorphism",2026-08-01T01:02:27.431948
MONDO:0013801,"developmental and epileptic encephalopathy, 13",2026-05-07T11:55:54.291053
MONDO:0013811,combined oxidative phosphorylation defect type 9,2026-08-01T18:30:33.622721
MONDO:0013812,Baraitser-winter syndrome 2,2026-06-05T16:02:33.135875
MONDO:0013815,bent bone dysplasia syndrome 1,2026-08-24T15:39:15.257847
MONDO:0013818,trichohepatoenteric syndrome 2,2026-08-24T16:28:45.694343
MONDO:0013822,acrodysostosis 2 with or without hormone resistance,2026-07-19T05:44:23.549715
MONDO:0013824,Joubert syndrome 17,2026-03-17T19:40:41.800081
MONDO:0013848,dilated cardiomyopathy 2B,2026-08-12T15:07:38.022628
MONDO:0013849,"microcephaly 8, primary, autosomal recessive",2026-07-23T13:20:21.600245
MONDO:0013852,hypertrophic cardiomyopathy 21,2026-08-12T15:01:38.585270
MONDO:0013853,pontocerebellar hypoplasia type 1B,2026-05-30T18:33:35.839408
MONDO:0013863,combined immunodeficiency due to LRBA deficiency,2026-04-12T10:22:19.551755
MONDO:0013865,mitochondrial hypertrophic cardiomyopathy with lactic acidosis due to MTO1 deficiency,2026-08-01T18:30:35.708649
MONDO:0013867,Brown-Vialetto-van Laere syndrome 2,2026-07-31T12:00:02.194025
MONDO:0013869,adenine phosphoribosyltransferase deficiency,2026-05-10T02:53:05.498370
MONDO:0013875,"3-methylglutaconic aciduria with deafness, encephalopathy, and Leigh-like syndrome",2026-03-18T01:49:51.181911
MONDO:0013882,hyperphosphatasia with intellectual disability syndrome 2,2026-07-27T23:32:20.482743
MONDO:0013885,Malan overgrowth syndrome,2026-04-12T12:30:11.664184
MONDO:0013895,Adams-Oliver syndrome 3,2026-07-17T20:10:49.218870
MONDO:0013896,Joubert syndrome 18,2026-03-17T19:40:41.805272
MONDO:0013897,Loeys-Dietz syndrome 4,2026-08-18T09:18:56.734366
MONDO:0013899,Weill-Marchesani syndrome 3,2026-08-01T04:30:00.000000
MONDO:0013902,aortic valve disease 2,2026-04-26T15:38:43.139330
MONDO:0013917,nephronophthisis 15,2026-06-15T04:34:01.715991
MONDO:0013923,"microcephaly 9, primary, autosomal recessive",2026-07-23T13:20:26.238115
MONDO:0013924,osteogenesis imperfecta type 13,2026-06-30T18:04:32.522851
MONDO:0013931,peroxisome biogenesis disorder 4B,2026-08-01T16:47:53.607302
MONDO:0013934,combined immunodeficiency due to STK4 deficiency,2026-06-04T00:04:22.432389
MONDO:0013960,sinoatrial node dysfunction and deafness,2026-08-01T19:04:49.829868
MONDO:0013966,catecholaminergic polymorphic ventricular tachycardia 4,2026-08-02T22:53:40.581679
MONDO:0013968,PGM1-congenital disorder of glycosylation,2026-08-08T17:08:09.553673
MONDO:0013970,branched-chain keto acid dehydrogenase kinase deficiency,2026-06-04T11:05:37.759865
MONDO:0013972,Perrault syndrome 2,2026-08-08T21:04:03.091236
MONDO:0013975,"ectodermal dysplasia 7, hair/nail type",2026-08-17T13:44:15.761191
MONDO:0013976,"ectodermal dysplasia 9, hair/nail type",2026-08-17T13:43:46.510954
MONDO:0013983,"ectodermal dysplasia 11B, hypohidrotic/hair/tooth type, autosomal recessive",2026-04-24T18:03:25.818045
MONDO:0013994,Joubert syndrome 20,2026-03-17T19:40:41.810761
MONDO:0013998,MEGF8-related Carpenter syndrome,2026-08-24T13:44:10.700627
MONDO:0014002,autosomal dominant nocturnal frontal lobe epilepsy 5,2026-05-09T01:09:36.890342
MONDO:0014007,Aicardi-Goutieres syndrome 6,2026-05-04T01:30:50.461703
MONDO:0014017,intellectual developmental disorder with autism and macrocephaly,2026-07-31T22:38:24.894073
MONDO:0014023,congenital muscular dystrophy with intellectual disability and severe epilepsy,2026-05-17T23:30:53.996435
MONDO:0014029,osteogenesis imperfecta type 14,2026-06-30T18:11:46.872661
MONDO:0014035,severe intellectual disability-progressive spastic diplegia syndrome,2026-07-31T17:20:00.034346
MONDO:0014043,microcephalic primordial dwarfism due to ZNF335 deficiency,2026-07-23T13:20:30.881254
MONDO:0014050,isolated microphthalmia 8,2026-08-08T16:27:48.713741
MONDO:0014051,"cardioencephalomyopathy, fatal infantile, due to cytochrome c oxidase deficiency 2",2026-05-30T19:17:20.609167
MONDO:0014054,lymphoproliferative syndrome 2,2026-05-30T21:17:28.041494
MONDO:0014062,mitochondrial DNA deletion syndrome with progressive myopathy,2026-08-01T14:48:45.844657
MONDO:0014063,mitochondrial complex III deficiency nuclear type 2,2026-08-24T21:58:27.540665
MONDO:0014077,cobblestone lissencephaly without muscular or ocular involvement,2026-07-31T18:42:10.929733
MONDO:0014083,"agammaglobulinemia 7, autosomal recessive",2026-08-08T16:44:37.478573
MONDO:0014085,"hydrocephalus, nonsyndromic, autosomal recessive 2",2026-08-20T07:42:17.129161
MONDO:0014086,osteogenesis imperfecta type 15,2026-06-30T18:21:45.142875
MONDO:0014087,Smith-McCort dysplasia 2,2026-07-05T23:30:02.365084
MONDO:0014095,dilated cardiomyopathy 1JJ,2026-08-25T19:23:50.852600
MONDO:0014098,CIDEC-related familial partial lipodystrophy,2026-06-07T20:24:01.991449
MONDO:0014104,"cerebellar ataxia, intellectual disability, and dysequilibrium syndrome 4",2026-05-13T22:45:15.392835
MONDO:0014108,Fanconi anemia complementation group Q,2026-03-17T19:35:21.318569
MONDO:0014119,intellectual disability-strabismus syndrome,2026-08-01T07:44:28.228832
MONDO:0014124,Adams-Oliver syndrome 4,2026-07-17T20:10:50.522960
MONDO:0014126,Perrault syndrome 4,2026-08-08T21:04:06.632023
MONDO:0014130,Dowling-Degos disease 2,2026-08-01T16:34:54.210580
MONDO:0014139,"Ehlers-Danlos syndrome, spondylodysplastic type, 2",2026-05-21T03:01:59.225859
MONDO:0014144,autosomal recessive limb-girdle muscular dystrophy type R18,2026-08-16T19:18:08.432796
MONDO:0014150,developmental and epileptic encephalopathy 94,2026-07-22T16:40:12.394842
MONDO:0014152,left ventricular noncompaction 8,2026-08-17T21:12:14.534696
MONDO:0014155,"atrial fibrillation, familial, 13",2026-06-26T21:36:39.000399
MONDO:0014156,"atrial fibrillation, familial, 14",2026-06-26T21:36:39.017449
MONDO:0014161,vesicoureteral reflux 7,2026-08-01T14:33:58.259963
MONDO:0014162,infantile hypertrophic cardiomyopathy due to MRPL44 deficiency,2026-08-01T17:25:29.664731
MONDO:0014163,left ventricular noncompaction 10,2026-08-17T21:02:09.833754
MONDO:0014164,"Meckel syndrome, type 11",2026-03-17T19:43:27.659731
MONDO:0014165,multiple congenital anomalies-hypotonia-seizures syndrome 3,2026-08-14T04:18:30.388616
MONDO:0014171,complex cortical dysplasia with other brain malformations 4,2026-08-20T15:16:54.778904
MONDO:0014173,"microcephaly 11, primary, autosomal recessive",2026-07-23T13:20:35.718552
MONDO:0014176,"hypotonia, infantile, with psychomotor retardation and characteristic facies",2026-08-19T09:37:32.028943
MONDO:0014187,"aortic aneurysm, familial thoracic 8",2026-06-13T18:22:56.756374
MONDO:0014191,catecholaminergic polymorphic ventricular tachycardia 5,2026-08-02T22:53:41.452862
MONDO:0014196,Hartsfield-Bixler-Demyer syndrome,2026-05-08T20:21:37.255146
MONDO:0014199,"developmental and epileptic encephalopathy, 17",2026-07-23T20:44:52.951460
MONDO:0014201,"developmental and epileptic encephalopathy, 18",2026-08-19T13:58:56.270292
MONDO:0014205,severe feeding difficulties-failure to thrive-microcephaly due to ASXL3 deficiency syndrome,2026-07-31T19:15:44.464272
MONDO:0014209,early-onset progressive neurodegeneration-blindness-ataxia-spasticity syndrome,2026-08-08T17:18:37.058305
MONDO:0014210,intellectual disability-hypotonia-spasticity-sleep disorder syndrome,2026-08-01T19:39:47.366202
MONDO:0014213,CTCF-related neurodevelopmental disorder,2026-03-31T17:10:42.735923
MONDO:0014217,"telangiectasia, hereditary hemorrhagic, type 5",2026-04-24T17:06:03.495106
MONDO:0014221,triosephosphate isomerase deficiency,2026-07-31T06:35:54.923910
MONDO:0014222,immunodeficiency 14,2026-07-19T07:50:49.995816
MONDO:0014224,developmental delay with autism spectrum disorder and gait instability,2026-03-17T19:25:38.504075
MONDO:0014229,"microphthalmia, syndromic 12",2026-08-08T12:06:25.285759
MONDO:0014230,"candidiasis, familial, 8",2026-08-01T09:05:08.185078
MONDO:0014236,"Ehlers-Danlos syndrome, musculocontractural type 2",2026-07-31T18:56:28.110221
MONDO:0014243,Schaaf-Yang syndrome,2026-07-29T22:31:12.619683
MONDO:0014244,hereditary sensory and autonomic neuropathy type 7,2026-04-16T12:25:54.096622
MONDO:0014248,autism spectrum disorder - epilepsy - arthrogryposis syndrome,2026-08-04T22:43:40.997356
MONDO:0014252,familial hypobetalipoproteinemia 1,2026-07-18T15:08:09.627468
MONDO:0014258,congenital microcephaly - severe encephalopathy - progressive cerebral atrophy syndrome,2026-07-31T06:28:25.462065
MONDO:0014262,Rienhoff syndrome,2026-07-31T05:33:27.955228
MONDO:0014288,Joubert syndrome 21,2026-03-17T19:40:41.816388
MONDO:0014290,neurodegeneration with brain iron accumulation 6,2026-07-31T06:34:17.754657
MONDO:0014292,leukoencephalopathy with mild cerebellar ataxia and white matter edema,2026-08-01T19:12:43.814120
MONDO:0014296,Warburg micro syndrome 4,2026-05-07T12:01:56.214813
MONDO:0014297,Joubert syndrome 22,2026-03-17T19:40:41.821173
MONDO:0014299,LZTR1-related schwannomatosis,2026-06-08T18:54:22.844582
MONDO:0014301,dowling-degos disease 3,2026-08-01T16:34:55.934252
MONDO:0014306,deficiency of adenosine deaminase 2,2026-06-03T16:37:50.224386
MONDO:0014307,Dowling-Degos disease 4,2026-08-01T16:34:57.621165
MONDO:0014311,autosomal recessive spinocerebellar ataxia 15,2026-08-05T21:43:15.880879
MONDO:0014318,hyperphosphatasia with intellectual disability syndrome 4,2026-07-27T23:32:21.385303
MONDO:0014320,Bosch-Boonstra-Schaaf optic atrophy syndrome,2026-06-04T10:10:21.555427
MONDO:0014321,premature ovarian failure 8,2026-06-07T08:44:05.472740
MONDO:0014322,premature ovarian failure 9,2026-06-23T16:32:34.014589
MONDO:0014324,pachyonychia congenita 3,2026-08-18T11:39:18.461566
MONDO:0014325,pachyonychia congenita 4,2026-08-18T11:39:24.058400
MONDO:0014332,hyperammonemic encephalopathy due to carbonic anhydrase VA deficiency,2026-07-31T06:29:11.776054
MONDO:0014336,intellectual disability-facial dysmorphism syndrome due to SETD5 haploinsufficiency,2026-07-31T18:56:36.937975
MONDO:0014337,complex cortical dysplasia with other brain malformations 5,2026-08-20T14:54:30.840329
MONDO:0014340,"atrial fibrillation, familial, 15",2026-06-26T21:36:39.034415
MONDO:0014341,complex cortical dysplasia with other brain malformations 6,2026-08-20T07:55:34.933291
MONDO:0014349,pontocerebellar hypoplasia type 10,2026-05-30T18:33:35.889517
MONDO:0014360,"developmental and epileptic encephalopathy, 21",2026-05-07T11:55:54.312005
MONDO:0014367,Aicardi-Goutieres syndrome 7,2026-05-04T01:30:50.469337
MONDO:0014369,postaxial polydactyly-anterior pituitary anomalies-facial dysmorphism syndrome,2026-07-31T01:54:02.970338
MONDO:0014370,pontocerebellar hypoplasia type 2E,2026-07-05T23:30:02.421761
MONDO:0014375,congenital diarrhea 7 with exudative enteropathy,2026-08-22T18:45:54.361055
MONDO:0014376,intellectual developmental disorder with microcephaly and with or without ocular malformations or hypogonadotropic hypogonadism,2026-07-31T22:54:07.396451
MONDO:0014377,"developmental and epileptic encephalopathy, 24",2026-05-07T11:55:54.334659
MONDO:0014379,ADNP-related multiple congenital anomalies - intellectual disability - autism spectrum disorder,2026-06-04T00:43:56.976253
MONDO:0014381,"cholestasis, progressive familial intrahepatic, 4",2026-08-01T06:06:51.137389
MONDO:0014382,Tatton-Brown-Rahman overgrowth syndrome,2026-07-31T06:32:01.247204
MONDO:0014386,platelet-type bleeding disorder 18,2026-08-24T16:28:14.672455
MONDO:0014389,polyglucosan body myopathy 1 with or without immunodeficiency,2026-08-01T19:08:33.865325
MONDO:0014392,"developmental and epileptic encephalopathy, 25",2026-05-07T11:55:54.359497
MONDO:0014399,ataxia-telangiectasia-like disorder 2,2026-04-24T14:45:04.824094
MONDO:0014405,STING-associated vasculopathy with onset in infancy,2026-04-12T10:27:48.297200
MONDO:0014413,orofaciodigital syndrome type 14,2026-08-19T08:05:41.706240
MONDO:0014418,"myopathy, centronuclear, 5",2026-06-16T18:02:11.144864
MONDO:0014422,vesicoureteral reflux 8,2026-08-01T14:33:59.854084
MONDO:0014431,LIPE-related familial partial lipodystrophy,2026-06-07T20:24:02.002397
MONDO:0014453,immunodeficiency 36 with lymphoproliferation,2026-07-19T07:50:51.267701
MONDO:0014454,Hennekam lymphangiectasia-lymphedema syndrome 2,2026-08-02T01:16:12.320821
MONDO:0014457,hyperphosphatasia with intellectual disability syndrome 5,2026-07-27T23:32:21.836094
MONDO:0014459,Adams-Oliver syndrome 5,2026-07-17T20:10:51.817519
MONDO:0014464,progressive encephalopathy with leukodystrophy due to DECR deficiency,2026-06-04T18:41:15.769235
MONDO:0014466,Neu-Laxova syndrome 2,2026-07-14T21:33:15.074791
MONDO:0014473,"microcephaly 13, primary, autosomal recessive",2026-07-23T13:20:44.848900
MONDO:0014477,"developmental and epileptic encephalopathy, 26",2026-05-07T11:55:54.385325
MONDO:0014482,"intellectual disability, autosomal dominant 29",2026-06-04T12:03:29.345901
MONDO:0014484,"microcephaly 12, primary, autosomal recessive",2026-07-23T13:20:40.264415
MONDO:0014493,autoimmune lymphoproliferative syndrome due to CTLA4 haploinsufficiency,2026-04-12T10:23:10.848435
MONDO:0014504,Perrault syndrome 5,2026-08-08T21:04:08.708191
MONDO:0014505,"developmental and epileptic encephalopathy, 27",2026-07-22T12:17:05.677608
MONDO:0014508,vitelliform macular dystrophy 4,2026-06-08T18:11:57.217277
MONDO:0014509,vitelliform macular dystrophy 5,2026-06-08T18:11:57.236559
MONDO:0014510,fatty acyl-CoA reductase 1 deficiency,2026-07-28T12:19:22.535212
MONDO:0014514,"aortic aneurysm, familial thoracic 9",2026-06-14T00:20:29.402640
MONDO:0014517,"generalized epilepsy with febrile seizures plus, type 9",2026-07-06T09:14:01.005535
MONDO:0014520,"46,XX ovarian dysgenesis-short stature syndrome",2026-04-19T21:20:46.763888
MONDO:0014521,progressive myoclonic epilepsy type 7,2026-08-10T20:11:19.910147
MONDO:0014523,juvenile-onset diabetes mellitus-central and peripheral neurodegeneration syndrome,2026-08-20T07:11:04.910782
MONDO:0014531,amyotrophic lateral sclerosis type 22,2026-08-20T18:42:50.695618
MONDO:0014533,"developmental and epileptic encephalopathy, 28",2026-08-19T20:31:34.679304
MONDO:0014538,"fibrosis of extraocular muscles, congenital, 5",2026-08-20T07:40:31.160533
MONDO:0014544,osteogenesis imperfecta type 16,2026-06-30T18:30:36.492909
MONDO:0014545,progressive myoclonic epilepsy type 8,2026-08-20T17:50:52.079580
MONDO:0014548,long QT syndrome 14,2026-05-09T04:07:12.567933
MONDO:0014550,long QT syndrome 15,2026-05-09T04:07:12.575482
MONDO:0014557,ataxia - oculomotor apraxia type 4,2026-08-01T19:26:09.047345
MONDO:0014558,autosomal dominant intellectual disability-craniofacial anomalies-cardiac defects syndrome,2026-07-31T06:28:16.956690
MONDO:0014562,neonatal encephalomyopathy-cardiomyopathy-respiratory distress syndrome,2026-08-01T19:06:03.148507
MONDO:0014563,mitochondrial short-chain Enoyl-Coa hydratase 1 deficiency,2026-04-30T14:15:09.404592
MONDO:0014568,hereditary spastic paraplegia 73,2026-07-07T22:20:55.402359
MONDO:0014572,Lichtenstein-Knorr syndrome,2026-06-04T18:55:03.240569
MONDO:0014573,Cole-Carpenter syndrome 2,2026-07-11T15:00:00.000000
MONDO:0014576,lipoyl transferase 1 deficiency,2026-03-17T19:42:06.138622
MONDO:0014579,Senior-Loken syndrome 8,2026-06-17T12:21:11.473092
MONDO:0014589,maturity-onset diabetes of the young type 13,2026-03-17T19:32:49.006811
MONDO:0014590,congenital myasthenic syndrome 18,2026-08-13T14:32:31.962544
MONDO:0014592,microcephaly and chorioretinopathy 3,2026-08-20T18:54:27.420865
MONDO:0014598,"developmental and epileptic encephalopathy, 31A",2026-07-06T07:49:40.539050
MONDO:0014601,autosomal recessive spinocerebellar ataxia 20,2026-08-12T18:25:21.043702
MONDO:0014605,Houge-Janssens syndrome 2,2026-03-17T19:39:04.188640
MONDO:0014606,intellectual disability-microcephaly-strabismus-behavioral abnormalities syndrome,2026-07-31T18:24:02.926684
MONDO:0014607,"developmental and epileptic encephalopathy, 32",2026-07-25T00:00:00.000000
MONDO:0014608,mandibulofacial dysostosis with alopecia,2026-08-20T13:48:03.045685
MONDO:0014609,cognitive impairment - coarse facies - heart defects - obesity - pulmonary involvement - short stature - skeletal dysplasia syndrome,2026-08-19T09:05:21.658370
MONDO:0014615,"trichothiodystrophy 2, photosensitive",2026-08-17T13:32:46.364892
MONDO:0014619,"trichothiodystrophy 3, photosensitive",2026-08-17T13:32:48.229086
MONDO:0014623,"microcephaly 14, primary, autosomal recessive",2026-07-23T13:20:49.780347
MONDO:0014629,autoimmune interstitial lung disease-arthritis syndrome,2026-04-25T17:54:42.424054
MONDO:0014632,"leukodystrophy, hypomyelinating, 10",2026-08-19T09:18:06.458202
MONDO:0014633,epilepsy with myoclonic atonic seizures,2026-04-30T14:57:50.774273
MONDO:0014638,Fanconi anemia complementation group T,2026-03-17T19:35:21.332629
MONDO:0014642,"candidiasis, familial, 9",2026-08-01T09:05:04.819162
MONDO:0014643,congenital cataract-microcephaly-nevus flammeus simplex-severe intellectual disability syndrome,2026-08-21T17:36:52.229117
MONDO:0014646,Zimmermann-Laband syndrome 2,2026-08-06T19:33:50.160484
MONDO:0014647,"developmental and epileptic encephalopathy, 50",2026-08-01T14:23:27.653332
MONDO:0014651,acrofacial dysostosis Cincinnati type,2026-08-17T15:37:20.240264
MONDO:0014654,Ullrich congenital muscular dystrophy 2,2026-05-09T07:20:01.602348
MONDO:0014658,severe achondroplasia-developmental delay-acanthosis nigricans syndrome,2026-03-18T01:49:51.181884
MONDO:0014660,"microcephaly 15, primary, autosomal recessive",2026-07-23T13:20:54.334989
MONDO:0014662,congenital insensitivity to pain-hypohidrosis syndrome,2026-04-16T12:25:54.192402
MONDO:0014664,Joubert syndrome 23,2026-03-17T19:40:41.826441
MONDO:0014666,"leukodystrophy, hypomyelinating, 11",2026-08-24T16:07:33.980202
MONDO:0014672,osteogenesis imperfecta type 17,2026-06-30T18:39:05.347896
MONDO:0014674,maturity-onset diabetes of the young type 14,2026-03-17T19:32:49.011454
MONDO:0014675,autosomal recessive nonsyndromic hearing loss 104,2026-08-26T13:56:47.718176
MONDO:0014692,retinitis pigmentosa 74,2026-08-20T12:44:54.678525
MONDO:0014694,"spondylocostal dysostosis 6, autosomal recessive",2026-07-30T21:13:30.460705
MONDO:0014696,cerebrooculofacioskeletal syndrome 3,2026-05-14T14:08:54.624294
MONDO:0014698,microcephaly-intellectual disability-sensorineural hearing loss-epilepsy-abnormal muscle tone syndrome,2026-08-01T07:34:36.097312
MONDO:0014702,autosomal recessive complex spastic paraplegia type 9B,2026-07-31T00:25:37.676588
MONDO:0014703,Adams-Oliver syndrome 6,2026-07-17T20:10:53.239134
MONDO:0014704,skeletal overgrowth-craniofacial dysmorphism-hyperelastic skin-white matter lesions syndrome,2026-04-05T10:14:14.149602
MONDO:0014706,"cutis laxa, autosomal dominant 3",2026-04-30T14:15:46.661191
MONDO:0014708,ring chromosome 14,2026-08-05T14:02:03.689088
MONDO:0014710,autosomal recessive mendelian susceptibility to mycobacterial diseases due to complete RORgamma receptor deficiency,2026-08-01T09:05:26.593803
MONDO:0014711,autosomal dominant Charcot-Marie-Tooth disease type 2W,2026-08-22T02:21:15.258438
MONDO:0014715,primary immunodeficiency with post-measles-mumps-rubella vaccine viral infection,2026-06-27T01:32:32.624178
MONDO:0014716,macrocephaly-intellectual disability-neurodevelopmental disorder-small thorax syndrome,2026-03-17T19:39:04.267798
MONDO:0014718,"developmental and epileptic encephalopathy, 34",2026-08-19T13:39:33.003329
MONDO:0014720,autosomal dominant optic atrophy plus syndrome,2026-06-22T10:55:03.017300
MONDO:0014722,Roifman syndrome,2026-03-18T01:49:51.180802
MONDO:0014724,Joubert syndrome 24,2026-03-17T19:40:41.831349
MONDO:0014730,"microcephaly 16, primary, autosomal recessive",2026-07-23T13:20:58.927707
MONDO:0014743,rhizomelic chondrodysplasia punctata type 5,2026-07-28T12:19:23.407641
MONDO:0014744,acute infantile liver failure-cerebellar ataxia-peripheral sensory motor neuropathy syndrome,2026-06-04T18:39:38.388751
MONDO:0014748,progressive spondyloepimetaphyseal dysplasia-short stature-short fourth metatarsals-intellectual disability syndrome,2026-08-20T07:17:31.103528
MONDO:0014751,palatal anomalies-widely spaced teeth-facial dysmorphism-developmental delay syndrome,2026-08-08T17:13:59.349170
MONDO:0014770,Joubert syndrome 25,2026-03-17T19:40:41.836927
MONDO:0014771,Joubert syndrome 26,2026-03-17T19:40:41.841380
MONDO:0014773,cardiac anomalies - developmental delay - facial dysmorphism syndrome,2026-05-02T01:33:39.459412
MONDO:0014780,hyperphosphatasia with intellectual disability syndrome 6,2026-07-27T23:32:22.263253
MONDO:0014785,"microcephaly, short stature, and impaired glucose metabolism 2",2026-07-31T19:25:26.858789
MONDO:0014791,Luscan-Lumish syndrome,2026-08-22T18:35:57.293701
MONDO:0014793,microcephaly-congenital cataract-psoriasiform dermatitis syndrome,2026-08-01T06:32:50.625119
MONDO:0014794,Meier-Gorlin syndrome 6,2026-08-01T02:53:03.000000
MONDO:0014797,lymphatic malformation 6,2026-08-18T09:21:09.654631
MONDO:0014803,spasticity-ataxia-gait anomalies syndrome,2026-07-28T12:20:03.830867
MONDO:0014804,sideroblastic anemia 3,2026-08-24T13:25:07.698430
MONDO:0014805,Hao-Fountain syndrome,2026-05-30T19:34:27.572178
MONDO:0014807,spinal muscular atrophy with congenital bone fractures 2,2026-08-07T15:16:46.726005
MONDO:0014820,mitochondrial DNA depletion syndrome 14B (cardioencephalomyopathic type),2026-08-18T09:47:07.923931
MONDO:0014823,"hypotonia, infantile, with psychomotor retardation and characteristic facies 3",2026-08-19T09:37:29.612739
MONDO:0014828,immunodeficiency-centromeric instability-facial anomalies syndrome 3,2026-05-09T23:37:57.651828
MONDO:0014829,immunodeficiency-centromeric instability-facial anomalies syndrome 4,2026-05-09T23:37:57.664518
MONDO:0014830,platelet-type bleeding disorder 20,2026-08-26T16:48:18.484233
MONDO:0014831,progeroid and marfanoid aspect-lipodystrophy syndrome,2026-08-17T09:02:44.673184
MONDO:0014840,"agammaglobulinemia 8, autosomal dominant",2026-08-08T16:44:39.159507
MONDO:0014841,"trichothiodystrophy 6, nonphotosensitive",2026-08-17T13:32:53.458914
MONDO:0014848,TELO2-related intellectual disability-neurodevelopmental disorder,2026-03-18T01:49:51.181545
MONDO:0014857,"neurodevelopmental disorder with or without anomalies of the brain, eye, or heart",2026-08-18T15:06:56.802385
MONDO:0014860,polycystic liver disease 2,2026-05-08T23:53:10.026876
MONDO:0014867,spinocerebellar ataxia 43,2026-07-31T06:35:23.890418
MONDO:0014875,"hyperaldosteronism, familial, type IV",2026-05-07T15:56:43.134198
MONDO:0014881,transketolase deficiency,2026-07-07T19:05:37.934508
MONDO:0014883,hypertrophic cardiomyopathy 26,2026-08-01T21:19:11.433830
MONDO:0014884,"cholestasis, progressive familial intrahepatic, 5",2026-08-01T06:06:52.995396
MONDO:0014885,Hermansky-Pudlak syndrome 10,2026-06-16T16:54:27.615901
MONDO:0014886,severe growth deficiency-strabismus-extensive dermal melanocytosis-intellectual disability syndrome,2026-08-01T07:44:23.962118
MONDO:0014892,micrognathia-recurrent infections-behavioral abnormalities-mild intellectual disability syndrome,2026-08-06T19:39:37.723949
MONDO:0014893,Okur-Chung neurodevelopmental syndrome,2026-04-09T10:22:25.131370
MONDO:0014894,Meier-Gorlin syndrome 7,2026-08-01T02:53:03.000000
MONDO:0014903,"seizures, benign familial infantile, 5",2026-06-18T16:55:39.807876
MONDO:0014908,"microcephaly 17, primary, autosomal recessive",2026-07-23T13:21:03.465589
MONDO:0014918,tall stature-intellectual disability-renal anomalies syndrome,2026-07-31T06:35:41.115099
MONDO:0014921,"developmental and epileptic encephalopathy, 43",2026-08-08T23:15:05.011719
MONDO:0014927,Joubert syndrome 27,2026-03-17T19:40:41.846723
MONDO:0014928,Joubert syndrome 28,2026-03-17T19:40:41.851105
MONDO:0014932,orofaciodigital syndrome XV,2026-08-19T08:05:44.501321
MONDO:0014933,"developmental and epileptic encephalopathy, 44",2026-08-20T04:06:47.096303
MONDO:0014936,ZTTK syndrome,2026-07-31T06:36:36.861058
MONDO:0014946,Sifrim-Hitz-Weiss syndrome,2026-06-04T10:14:15.415535
MONDO:0014949,"developmental and epileptic encephalopathy, 47",2026-08-20T04:30:15.166280
MONDO:0014950,"aortic aneurysm, familial thoracic 10",2026-06-13T18:22:56.771631
MONDO:0014955,RCBTB1-related retinopathy,2026-07-16T16:39:42.685471
MONDO:0014962,"intellectual disability, autosomal recessive 57",2026-08-01T02:16:02.723983
MONDO:0014963,Shashi-Pena syndrome,2026-07-31T19:15:48.971171
MONDO:0014969,isolated sedoheptulokinase deficiency,2026-08-08T18:23:35.017351
MONDO:0014985,Fanconi anemia complementation group V,2026-03-17T19:35:21.340262
MONDO:0014986,Fanconi anemia complementation group R,2026-03-17T19:35:21.323359
MONDO:0014987,Fanconi anemia complementation group U,2026-03-17T19:35:21.336534
MONDO:0014998,"glaucoma 3, primary congenital, E",2026-08-20T07:39:56.376403
MONDO:0015001,"atrial fibrillation, familial, 18",2026-06-26T21:36:39.051345
MONDO:0015002,"developmental and epileptic encephalopathy, 49",2026-08-20T12:54:48.081242
MONDO:0015006,"epidermolysis bullosa simplex 6, generalized, with scarring and hair loss",2026-08-01T19:08:28.811656
MONDO:0015012,mucopolysaccharidosis-plus syndrome,2026-08-01T18:56:13.069709
MONDO:0015014,"coloboma, osteopetrosis, microphthalmia, macrocephaly, albinism, and deafness",2026-07-06T10:32:07.071397
MONDO:0015022,intellectual developmental disorder with dysmorphic facies and ptosis,2026-07-31T22:59:43.264907
MONDO:0015044,mu-heavy chain disease,2026-08-08T16:10:22.349338
MONDO:0015045,alpha-heavy chain disease,2026-08-08T16:10:20.763372
MONDO:0015046,gamma-heavy chain disease,2026-08-08T16:10:21.637657
MONDO:0015053,hereditary angioedema type 1,2026-05-09T03:16:35.170031
MONDO:0015054,hereditary angioedema type 2,2026-05-09T03:16:35.177709
MONDO:0015059,progressive non-fluent aphasia,2026-08-09T08:40:03.515586
MONDO:0015066,"neuroendocrine tumor of the appendix, well differentiated, low or intermediate grade",2026-06-08T18:26:19.894418
MONDO:0015096,familial hypofibrinogenemia,2026-05-18T10:49:24.725770
MONDO:0015128,primary adrenal insufficiency,2026-03-18T01:49:51.180584
MONDO:0015129,chronic primary adrenal insufficiency,2026-05-13T18:30:14.316999
MONDO:0015131,combined immunodeficiency,2026-03-18T01:49:51.181016
MONDO:0015140,early-onset autosomal dominant Alzheimer disease,2026-07-31T14:15:09.359584
MONDO:0015146,classic lissencephaly,2026-06-03T23:38:10.889687
MONDO:0015150,complex hereditary spastic paraplegia,2026-07-01T20:22:20.309239
MONDO:0015151,"muscular dystrophy, limb-girdle, autosomal dominant",2026-07-02T08:55:53.098035
MONDO:0015152,autosomal recessive limb-girdle muscular dystrophy,2026-07-01T16:24:57.030528
MONDO:0015166,acute myeloid leukemia with t(8;21)(q22;q22) translocation,2026-03-18T01:49:51.181596
MONDO:0015167,amniotic band syndrome,2026-05-06T23:25:34.962889
MONDO:0015168,arthrogryposis multiplex congenita,2026-05-13T16:46:21.778148
MONDO:0015170,congenital sodium diarrhea,2026-08-22T23:18:46.760272
MONDO:0015196,vein of Galen aneurysm,2026-08-16T21:05:17.015854
MONDO:0015203,coronary artery congenital malformation,2026-05-14T14:12:14.347607
MONDO:0015229,Bardet-Biedl syndrome,2026-03-18T01:49:51.180656
MONDO:0015231,Bartter syndrome,2026-04-22T22:11:11.180783
MONDO:0015243,allergic bronchopulmonary aspergillosis,2026-07-30T22:24:48.438217
MONDO:0015253,Diamond-Blackfan anemia,2026-03-17T19:32:52.198587
MONDO:0015254,schistosomiasis,2026-03-18T01:49:51.181707
MONDO:0015262,brachyolmia,2026-05-30T23:34:08.236717
MONDO:0015263,Brugada syndrome,2026-04-14T05:00:54.995001
MONDO:0015264,cryptogenic organizing pneumonia,2026-08-20T07:33:00.132744
MONDO:0015267,Feingold syndrome,2026-07-31T06:31:07.515409
MONDO:0015274,chronic beryllium disease,2026-07-16T23:26:12.571545
MONDO:0015277,medullary thyroid gland carcinoma,2026-03-18T01:49:51.180895
MONDO:0015279,chronic mucocutaneous candidiasis,2026-08-01T09:04:59.471882
MONDO:0015280,cardiofaciocutaneous syndrome,2026-03-18T01:49:51.180982
MONDO:0015281,atrial standstill,2026-06-18T20:06:35.645381
MONDO:0015285,Carney complex,2026-08-01T14:45:03.081653
MONDO:0015286,congenital disorder of glycosylation,2026-06-13T19:27:21.362336
MONDO:0015293,segmental outgrowth-lipomatosis-arteriovenous malformation-epidermal nevus syndrome,2026-05-07T13:58:38.003953
MONDO:0015299,Asherman syndrome,2026-08-22T08:35:59.062887
MONDO:0015307,Madras motor neuron disease,2026-07-31T06:32:51.876470
MONDO:0015338,syndromic craniosynostosis,2026-05-31T04:17:12.161553
MONDO:0015339,adrenomyeloneuropathy,2026-07-06T22:20:31.394193
MONDO:0015342,acute transverse myelitis,2026-05-15T23:06:49.025218
MONDO:0015344,idiopathic acute transverse myelitis,2026-05-15T23:06:49.035261
MONDO:0015346,epilepsy with eyelid myoclonia,2026-03-18T01:49:51.180748
MONDO:0015362,"neuronopathy, distal hereditary motor, autosomal dominant",2026-06-17T21:22:57.530212
MONDO:0015363,"neuronopathy, distal hereditary motor, autosomal recessive",2026-06-17T12:26:30.268454
MONDO:0015364,hereditary sensory and autonomic neuropathy,2026-04-16T12:25:53.723434
MONDO:0015372,autosomal dominant macrothrombocytopenia,2026-08-20T18:51:50.821080
MONDO:0015374,primary central nervous system vasculitis,2026-05-16T03:23:28.953971
MONDO:0015375,orofaciodigital syndrome,2026-08-19T08:05:00.206647
MONDO:0015397,craniofacial microsomia,2026-07-31T17:29:36.595989
MONDO:0015408,diffuse lymphatic malformation,2026-07-28T12:15:01.366969
MONDO:0015421,orofaciodigital syndrome type 12,2026-08-19T08:05:39.211848
MONDO:0015426,Desbuquois dysplasia,2026-08-01T14:14:52.434448
MONDO:0015427,paroxysmal dyskinesia,2026-08-01T08:27:09.705502
MONDO:0015436,ring chromosome 20,2026-08-05T11:58:28.395083
MONDO:0015447,differentiated thyroid carcinoma,2026-08-01T14:45:08.266474
MONDO:0015452,Coffin-Siris syndrome,2026-03-17T19:31:06.990161
MONDO:0015453,Cogan syndrome,2026-03-17T19:31:09.934761
MONDO:0015459,nasopharyngeal carcinoma,2026-03-18T01:49:51.181704
MONDO:0015461,short rib-polydactyly syndrome,2026-03-18T01:49:51.182108
MONDO:0015465,craniometaphyseal dysplasia,2026-08-20T15:21:35.693065
MONDO:0015474,cryptosporidiosis,2026-03-17T19:36:27.001915
MONDO:0015484,cysticercosis,2026-03-18T01:49:51.181736
MONDO:0015486,keratoconus,2026-07-31T13:58:36.558940
MONDO:0015515,carnitine palmitoyltransferase II deficiency,2026-03-17T19:29:27.333671
MONDO:0015517,common variable immunodeficiency,2026-03-18T01:49:51.182161
MONDO:0015518,infantile bilateral striatal necrosis,2026-07-05T21:05:14.851594
MONDO:0015523,epithelioid hemangioendothelioma,2026-08-01T14:10:59.626536
MONDO:0015528,congenital epulis,2026-05-09T09:48:22.562058
MONDO:0015536,papular xanthoma,2026-05-07T19:32:38.730107
MONDO:0015540,hemophagocytic syndrome,2026-06-30T10:44:45.072874
MONDO:0015541,hereditary hemophagocytic lymphohistiocytosis,2026-06-08T18:54:02.532273
MONDO:0015557,Smouldering systemic mastocytosis,2026-06-19T09:02:43.338012
MONDO:0015564,Castleman disease,2026-05-12T15:19:21.781812
MONDO:0015584,febrile infection-related epilepsy syndrome,2026-07-24T08:07:33.934945
MONDO:0015588,limbic encephalitis,2026-05-16T04:32:09.509761
MONDO:0015590,classic paraneoplastic limbic encephalitis,2026-05-16T04:32:09.530688
MONDO:0015592,limbic encephalitis with LGI1 antibodies,2026-05-16T04:32:09.554314
MONDO:0015609,advanced sleep phase syndrome,2026-08-01T14:32:48.444399
MONDO:0015612,Dent disease,2026-06-17T22:46:50.172425
MONDO:0015625,diazoxide-resistant diffuse hyperinsulinism,2026-08-01T14:38:00.394938
MONDO:0015626,Charcot-Marie-Tooth disease,2026-05-24T14:43:33.707495
MONDO:0015629,von Willebrand disease type 2B,2026-05-09T18:41:14.173884
MONDO:0015675,distomatosis,2026-03-18T01:49:51.181758
MONDO:0015687,chronic eosinophilic leukemia,2026-07-31T06:32:12.808851
MONDO:0015691,hypereosinophilic syndrome,2026-06-30T08:31:39.945384
MONDO:0015696,Good syndrome,2026-07-28T12:20:59.853618
MONDO:0015698,transient hypogammaglobulinemia of infancy,2026-08-08T16:44:48.807504
MONDO:0015700,immunodeficiency due to a late component of complement deficiency,2026-06-19T09:11:18.159710
MONDO:0015705,autosomal recessive centronuclear myopathy,2026-06-16T18:02:11.132991
MONDO:0015719,severe hemophilia A,2026-04-25T23:46:29.750328
MONDO:0015720,moderately severe hemophilia A,2026-04-25T23:46:29.849528
MONDO:0015721,mild hemophilia A,2026-04-25T23:46:29.973033
MONDO:0015722,congenital vitamin K-dependent coagulation factors deficiency,2026-06-08T16:44:05.242228
MONDO:0015735,severe congenital nemaline myopathy,2026-03-17T19:45:49.711223
MONDO:0015737,typical nemaline myopathy,2026-03-17T19:45:49.716602
MONDO:0015738,childhood-onset nemaline myopathy,2026-03-17T19:45:49.721529
MONDO:0015739,adult-onset nemaline myopathy,2026-03-17T19:45:49.726109
MONDO:0015759,B-cell non-Hodgkin lymphoma,2026-08-17T11:36:06.803677
MONDO:0015760,T-cell non-Hodgkin lymphoma,2026-04-12T22:46:03.669185
MONDO:0015762,progressive familial intrahepatic cholestasis,2026-04-30T14:18:50.487164
MONDO:0015766,cholera,2026-03-18T01:49:51.180666
MONDO:0015776,rhizomelic chondrodysplasia punctata,2026-07-28T12:19:19.686830
MONDO:0015780,dyskeratosis congenita,2026-06-05T15:18:07.243941
MONDO:0015792,transient congenital hypothyroidism,2026-07-31T06:30:10.121384
MONDO:0015798,inflammatory myofibroblastic tumor,2026-06-08T10:01:10.424111
MONDO:0015802,autosomal dominant non-syndromic intellectual disability,2026-07-31T04:37:20.967337
MONDO:0015808,folliculotropic mycosis fungoides,2026-04-12T22:51:57.102744
MONDO:0015809,localized pagetoid reticulosis,2026-04-12T22:51:57.109983
MONDO:0015811,primary cutaneous aggressive epidermotropic CD8+ T-cell lymphoma,2026-05-07T19:30:59.807357
MONDO:0015864,mixed germ cell tumor,2026-06-30T09:50:17.360899
MONDO:0015884,autosomal dominant hypohidrotic ectodermal dysplasia,2026-04-24T18:06:02.020793
MONDO:0015892,growth hormone insensitivity syndrome,2026-07-05T10:41:54.078166
MONDO:0015908,chromomycosis,2026-03-18T01:49:51.181769
MONDO:0015912,macrothrombocytopenia and granulocyte inclusions with or without nephritis or sensorineural hearing loss,2026-08-22T14:16:13.656392
MONDO:0015924,pulmonary arterial hypertension,2026-03-18T01:49:51.180837
MONDO:0015925,interstitial lung disease,2026-04-13T00:22:11.478840
MONDO:0015943,eosinophilic granulomatosis with polyangiitis,2026-06-06T16:42:17.117634
MONDO:0015947,inherited ichthyosis,2026-05-07T12:01:08.850025
MONDO:0015967,monogenic diabetes,2026-03-17T19:32:48.926141
MONDO:0015974,severe combined immunodeficiency,2026-06-22T12:25:15.670536
MONDO:0015977,agammaglobulinemia,2026-03-18T01:49:51.181018
MONDO:0015987,scimitar syndrome,2026-03-17T19:51:37.306858
MONDO:0015993,cone-rod dystrophy,2026-06-08T11:04:04.670245
MONDO:0015999,primary pigmented nodular adrenocortical disease,2026-06-07T19:43:08.632612
MONDO:0016006,Cockayne syndrome,2026-03-17T19:31:03.701780
MONDO:0016019,Rasmussen subacute encephalitis,2026-07-18T14:49:46.590603
MONDO:0016027,benign neonatal seizures,2026-04-30T14:58:23.798936
MONDO:0016028,erythromelalgia,2026-07-31T06:36:41.301373
MONDO:0016033,Cornelia de Lange syndrome,2026-05-03T19:23:06.511535
MONDO:0016044,cleft lip/palate,2026-07-01T19:06:24.484367
MONDO:0016057,isolated encephalocele,2026-08-05T00:04:48.997640
MONDO:0016060,laryngotracheoesophageal cleft,2026-03-17T19:41:40.311607
MONDO:0016063,Cowden disease,2026-03-31T01:56:45.581902
MONDO:0016068,fibrochondrogenesis,2026-05-08T17:02:16.307152
MONDO:0016070,hereditary gingival fibromatosis,2026-06-15T21:33:06.773720
MONDO:0016075,filariasis,2026-03-18T01:49:51.181709
MONDO:0016081,coronary arterial fistulas,2026-05-05T08:01:12.810414
MONDO:0016085,Cole-Carpenter syndrome,2026-07-11T15:00:00.000000
MONDO:0016086,osteochondritis of tarsal/metatarsal bone,2026-05-09T09:42:48.591041
MONDO:0016096,malignant non-dysgerminomatous germ cell tumor of ovary,2026-05-07T09:31:14.802146
MONDO:0016098,immune-mediated necrotizing myopathy,2026-08-10T20:54:14.805614
MONDO:0016102,subacute inflammatory demyelinating polyneuropathy,2026-07-31T06:35:37.618350
MONDO:0016113,bulbospinal muscular atrophy,2026-08-19T21:08:16.916965
MONDO:0016122,periodic paralysis,2026-03-18T01:49:51.180967
MONDO:0016129,eosinophilic gastroenteritis,2026-03-18T01:49:51.181197
MONDO:0016158,narcolepsy-cataplexy syndrome,2026-07-31T06:33:54.461128
MONDO:0016187,qualitative or quantitative defects of desmin,2026-08-01T19:08:31.963702
MONDO:0016218,Guillain-Barre syndrome,2026-03-18T01:49:51.181282
MONDO:0016225,specific learning disability,2026-04-30T14:22:54.464522
MONDO:0016227,hereditary episodic ataxia,2026-03-18T01:49:51.180970
MONDO:0016238,solitary fibrous tumor,2026-03-08T15:13:18.235533
MONDO:0016239,cystinosis,2026-05-03T07:08:14.807180
MONDO:0016241,alternating hemiplegia of childhood,2026-04-30T14:19:46.113197
MONDO:0016244,atypical hemolytic-uremic syndrome,2026-04-22T22:09:44.602431
MONDO:0016262,leiomyosarcoma of the corpus uteri,2026-05-17T17:11:56.229812
MONDO:0016264,autoimmune hepatitis,2026-03-18T01:49:51.181146
MONDO:0016280,sarcoma of cervix uteri,2026-06-17T10:35:45.388154
MONDO:0016281,"46,XX ovotesticular disorder of sex development",2026-07-15T07:26:58.067048
MONDO:0016293,congenital stationary night blindness,2026-08-22T18:56:23.578649
MONDO:0016295,neuronal ceroid lipofuscinosis,2026-03-18T01:49:51.180916
MONDO:0016296,holoprosencephaly,2026-08-01T14:10:06.844335
MONDO:0016340,familial restrictive cardiomyopathy,2026-08-01T21:19:17.008009
MONDO:0016342,familial isolated arrhythmogenic right ventricular dysplasia,2026-08-08T04:15:49.780973
MONDO:0016349,congenital hydrocephalus,2026-08-20T07:12:45.180057
MONDO:0016362,attenuated familial adenomatous polyposis,2026-03-17T19:30:40.202862
MONDO:0016367,dermatomyositis,2026-03-18T01:49:51.181206
MONDO:0016370,Marchiafava-Bignami disease,2026-07-31T06:33:16.052348
MONDO:0016391,neonatal diabetes mellitus,2026-03-17T19:32:48.931729
MONDO:0016408,permanent congenital hypothyroidism,2026-07-31T06:30:09.292139
MONDO:0016410,central congenital hypothyroidism,2026-07-05T23:37:31.922091
MONDO:0016422,autoimmune polyendocrinopathy type 3,2026-06-18T20:08:05.828673
MONDO:0016423,autoimmune polyendocrinopathy type 4,2026-06-18T20:08:05.837739
MONDO:0016464,insulin-resistance syndrome type B,2026-07-25T03:26:08.251072
MONDO:0016466,asbestosis,2026-07-16T18:41:13.189634
MONDO:0016471,pachyonychia congenita,2026-08-18T11:39:05.939179
MONDO:0016472,dracunculiasis,2026-03-18T01:49:51.181744
MONDO:0016483,intracranial berry aneurysm,2026-05-07T15:06:55.358796
MONDO:0016484,Usher syndrome type 2,2026-06-22T10:50:32.263007
MONDO:0016485,Usher syndrome type 3,2026-06-22T10:50:32.276109
MONDO:0016499,autoimmune autonomic ganglionopathy,2026-05-16T13:20:36.375456
MONDO:0016512,Kabuki syndrome,2026-03-17T19:40:53.129766
MONDO:0016525,familial hyperaldosteronism,2026-05-07T15:36:32.180314
MONDO:0016528,limb body wall complex,2026-07-30T22:39:44.816878
MONDO:0016532,Lennox-Gastaut syndrome,2026-07-17T15:00:33.728858
MONDO:0016535,hypohidrotic ectodermal dysplasia,2026-04-24T18:06:02.005769
MONDO:0016543,hyperphenylalaninemia due to tetrahydrobiopterin deficiency,2026-03-17T19:48:37.381140
MONDO:0016558,familial congenital mirror movements,2026-06-05T14:39:52.278559
MONDO:0016575,primary ciliary dyskinesia,2026-03-18T01:49:51.180791
MONDO:0016576,split hand-foot malformation,2026-06-08T12:22:38.387834
MONDO:0016580,congenital pulmonary airway malformation,2026-07-05T10:40:26.021026
MONDO:0016581,conotruncal heart malformations,2026-08-19T09:39:28.444110
MONDO:0016584,mandibuloacral dysplasia,2026-06-18T16:49:24.132280
MONDO:0016586,systemic mastocytosis,2026-06-19T09:02:43.314289
MONDO:0016587,arrhythmogenic right ventricular cardiomyopathy,2026-04-30T14:21:36.785984
MONDO:0016596,hyperphosphatasia-intellectual disability syndrome,2026-07-27T23:32:19.334974
MONDO:0016600,acute neonatal citrullinemia type I,2026-07-25T13:44:37.749478
MONDO:0016601,adult-onset citrullinemia type I,2026-07-25T13:44:38.365308
MONDO:0016602,citrin deficiency,2026-03-17T19:30:33.420885
MONDO:0016603,citrullinemia type II,2026-05-08T08:15:07.285260
MONDO:0016619,autosomal recessive hypohidrotic ectodermal dysplasia,2026-04-24T18:06:02.013679
MONDO:0016620,primary hypertrophic osteoarthropathy,2026-07-31T06:34:48.360990
MONDO:0016621,juvenile Huntington disease,2026-08-19T21:07:06.502839
MONDO:0016642,meningioma,2026-03-08T15:13:18.235518
MONDO:0016643,frontonasal dysplasia,2026-05-08T12:42:56.456332
MONDO:0016648,multiple epiphyseal dysplasia,2026-06-05T14:40:56.536588
MONDO:0016649,Warburg micro syndrome,2026-05-07T12:01:56.144003
MONDO:0016660,autosomal recessive primary microcephaly,2026-05-13T16:41:25.515305
MONDO:0016662,idiopathic recurrent pericarditis,2026-08-10T05:16:17.842388
MONDO:0016674,"46,XY partial gonadal dysgenesis",2026-08-01T02:27:10.909703
MONDO:0016686,diffuse astrocytoma,2026-05-14T14:09:36.359610
MONDO:0016691,pilocytic astrocytoma,2026-04-12T22:45:49.768916
MONDO:0016692,pilomyxoid astrocytoma,2026-04-12T22:45:49.797954
MONDO:0016695,oligodendroglioma,2026-08-13T16:54:17.202850
MONDO:0016698,ependymoma,2026-04-20T00:02:37.588796
MONDO:0016702,oligoastrocytoma,2026-07-28T12:22:59.354620
MONDO:0016717,choroid plexus neoplasm,2026-08-01T14:01:17.438387
MONDO:0016718,choroid plexus carcinoma,2026-04-12T22:43:08.958066
MONDO:0016722,pineoblastoma,2026-07-28T12:18:10.673093
MONDO:0016729,mixed neuronal-glial tumor,2026-07-01T16:53:02.779405
MONDO:0016730,gangliocytoma,2026-07-01T16:53:02.798747
MONDO:0016733,ganglioglioma,2026-07-01T16:53:02.789610
MONDO:0016735,papillary glioneuronal tumor,2026-07-01T16:53:02.810447
MONDO:0016736,rosette-forming glioneuronal tumor of fourth ventricule,2026-07-01T16:53:02.819939
MONDO:0016746,meningeal melanocytoma,2026-07-02T05:24:30.262969
MONDO:0016755,neurofibroma,2026-06-30T09:04:56.999865
MONDO:0016757,malignant triton tumor,2026-04-12T22:44:41.269532
MONDO:0016759,pontocerebellar hypoplasia type 2,2026-04-26T15:45:37.494586
MONDO:0016764,isolated anophthalmia-microphthalmia syndrome,2026-08-08T11:56:49.348024
MONDO:0016812,dopa-responsive dystonia,2026-05-20T10:13:59.226067
MONDO:0016814,maternally-inherited Leigh syndrome,2026-05-30T19:45:32.218537
MONDO:0016817,Meier-Gorlin syndrome,2026-08-01T02:53:03.000000
MONDO:0016820,Moyamoya disease,2026-07-28T12:17:15.334123
MONDO:0016823,mycetoma,2026-03-18T01:49:51.181761
MONDO:0016830,Emery-Dreifuss muscular dystrophy,2026-06-16T10:24:47.252999
MONDO:0016835,14q11.2 microduplication syndrome,2026-08-01T06:27:50.146237
MONDO:0016848,juvenile temporal arteritis,2026-07-31T06:32:23.719483
MONDO:0016861,Alagille syndrome due to 20p12 microdeletion,2026-08-04T19:34:29.461321
MONDO:0016862,Alagille syndrome due to a JAG1 point mutation,2026-07-31T22:10:04.814789
MONDO:0016865,Kleefstra syndrome due to a point mutation,2026-03-21T09:13:02.767122
MONDO:0016971,limb-girdle muscular dystrophy,2026-05-19T16:29:53.527536
MONDO:0016980,ATR-X-related syndrome,2026-07-18T13:04:15.740243
MONDO:0016982,angiosarcoma,2026-04-30T14:20:34.730830
MONDO:0016984,nevus of Ota,2026-07-31T06:34:01.055209
MONDO:0017010,partial duplication of the long arm of chromosome X,2026-08-12T10:26:44.821681
MONDO:0017042,thanatophoric dysplasia,2026-08-19T09:53:32.959026
MONDO:0017048,pseudomyxoma peritonei,2026-08-26T16:47:35.370435
MONDO:0017110,isolated Dandy-Walker malformation with hydrocephalus,2026-08-20T07:42:21.442060
MONDO:0017123,arthrogryposis-renal dysfunction-cholestasis syndrome,2026-08-02T02:59:48.366138
MONDO:0017124,noma,2026-03-18T01:49:51.181764
MONDO:0017136,omodysplasia,2026-05-30T03:58:05.564477
MONDO:0017137,onchocerciasis,2026-03-18T01:49:51.181730
MONDO:0017138,Opitz G/BBB syndrome,2026-05-09T10:50:32.478758
MONDO:0017139,oromandibular-limb hypogenesis syndrome,2026-08-17T04:41:56.412278
MONDO:0017140,L1 syndrome,2026-06-16T00:13:38.627968
MONDO:0017148,heritable pulmonary arterial hypertension,2026-07-28T12:15:24.680362
MONDO:0017149,drug- or toxin-induced pulmonary arterial hypertension,2026-05-04T22:30:03.342270
MONDO:0017157,pulmonary hypertension owing to lung disease and/or hypoxia,2026-08-01T14:11:59.383331
MONDO:0017160,behavioral variant of frontotemporal dementia,2026-08-09T08:40:00.170639
MONDO:0017161,frontotemporal dementia with motor neuron disease,2026-08-09T08:40:05.517058
MONDO:0017174,Machado-Joseph disease type 1,2026-04-25T18:17:07.853435
MONDO:0017175,Machado-Joseph disease type 2,2026-04-25T18:17:07.861328
MONDO:0017176,Machado-Joseph disease type 3,2026-04-25T18:17:07.869130
MONDO:0017179,limbic encephalitis with caspr2 antibodies,2026-05-16T04:32:09.566399
MONDO:0017186,diazoxide-resistant hyperinsulinism,2026-08-01T14:38:02.248492
MONDO:0017198,osteopetrosis,2026-06-06T16:23:36.434678
MONDO:0017220,laryngotracheoesophageal cleft type 0,2026-03-17T19:41:40.317512
MONDO:0017221,"Pelizaeus-Merzbacher disease, connatal form",2026-04-25T23:42:06.845551
MONDO:0017222,"Pelizaeus-Merzbacher disease, classic form",2026-04-25T23:42:06.835669
MONDO:0017223,"Pelizaeus-Merzbacher disease, transitional form",2026-04-25T23:42:06.863268
MONDO:0017224,Pelizaeus-Merzbacher disease in female carriers,2026-04-25T23:42:06.880779
MONDO:0017242,cutaneous collagenous vasculopathy,2026-07-30T22:49:26.829066
MONDO:0017255,panuveitis,2026-05-09T11:16:24.832009
MONDO:0017265,autosomal recessive congenital ichthyosis,2026-03-17T19:45:58.364647
MONDO:0017266,keratinopathic ichthyosis,2026-05-07T12:01:08.888714
MONDO:0017276,frontotemporal dementia,2026-03-18T01:49:51.180866
MONDO:0017278,autoimmune polyendocrinopathy,2026-06-18T20:08:05.805762
MONDO:0017282,alveolar echinococcosis,2026-03-18T01:49:51.181403
MONDO:0017287,immunoglobulin G4-related sclerosing disease,2026-03-06T05:34:53.325097
MONDO:0017298,acute zonal occult outer retinopathy,2026-07-30T22:39:44.999803
MONDO:0017299,acute annular outer retinopathy,2026-05-05T01:39:28.838974
MONDO:0017312,Perrault syndrome,2026-05-31T03:33:43.528697
MONDO:0017314,"Ehlers-Danlos syndrome, vascular type",2026-06-13T17:07:30.977460
MONDO:0017319,hereditary elliptocytosis,2026-05-09T04:57:52.174939
MONDO:0017324,autosomal recessive hypophosphatemic rickets,2026-08-19T17:34:29.721739
MONDO:0017325,early-onset epileptic encephalopathy and intellectual disability due to GRIN2A mutation,2026-08-01T12:20:55.377729
MONDO:0017328,non-central nervous system-localized embryonal carcinoma,2026-08-18T10:37:53.375711
MONDO:0017329,familial vesicoureteral reflux,2026-08-01T14:33:46.149842
MONDO:0017349,myopericytoma,2026-08-01T14:49:57.447369
MONDO:0017361,congenital rubella syndrome,2026-08-08T16:27:51.140553
MONDO:0017364,POEMS syndrome,2026-06-19T18:21:35.030339
MONDO:0017366,hereditary pheochromocytoma-paraganglioma,2026-08-01T14:46:05.594695
MONDO:0017373,poliomyelitis,2026-07-20T13:09:09.112621
MONDO:0017376,reactive arthritis,2026-03-17T19:29:13.057514
MONDO:0017380,juvenile polyposis syndrome,2026-03-18T01:49:51.181857
MONDO:0017385,malignant migrating partial seizures of infancy,2026-07-20T10:20:25.191313
MONDO:0017387,epithelioid sarcoma,2026-06-17T10:55:47.645343
MONDO:0017392,pre-descemet corneal dystrophy,2026-08-25T19:01:59.407524
MONDO:0017400,hypoplastic pancreas-intestinal atresia-hypoplastic gallbalder syndrome,2026-08-16T18:59:14.654891
MONDO:0017409,fetal cytomegalovirus syndrome,2026-08-20T14:20:08.776593
MONDO:0017415,multiple pterygium syndrome,2026-05-13T16:51:51.028050
MONDO:0017416,postpoliomyelitis syndrome,2026-07-28T12:18:42.922523
MONDO:0017454,triphalangeal thumb-polysyndactyly syndrome,2026-08-16T16:28:18.159065
MONDO:0017571,Proteus-like syndrome,2026-05-07T13:58:37.988657
MONDO:0017574,chronic intestinal pseudoobstruction,2026-07-28T12:13:06.292922
MONDO:0017575,mitochondrial neurogastrointestinal encephalomyopathy,2026-06-05T15:40:50.427328
MONDO:0017579,Baraitser-Winter cerebrofrontofacial syndrome,2026-05-09T11:20:22.590391
MONDO:0017593,juvenile amyotrophic lateral sclerosis,2026-08-20T09:20:25.072990
MONDO:0017598,primary cutaneous anaplastic large cell lymphoma,2026-04-30T14:20:13.915400
MONDO:0017599,splenic diffuse red pulp small B-cell lymphoma,2026-05-01T22:50:06.659943
MONDO:0017600,hairy cell leukemia variant,2026-05-01T22:50:06.620973
MONDO:0017602,ALK-positive anaplastic large cell lymphoma,2026-04-12T22:46:03.698783
MONDO:0017603,ALK-negative anaplastic large cell lymphoma,2026-04-12T22:46:03.705041
MONDO:0017604,marginal zone lymphoma,2026-08-19T12:38:42.054749
MONDO:0017610,epidermolysis bullosa simplex,2026-03-17T19:34:24.840449
MONDO:0017611,pituitary tumor,2026-08-19T13:02:10.763537
MONDO:0017612,junctional epidermolysis bullosa,2026-03-17T19:40:44.850181
MONDO:0017615,benign familial infantile epilepsy,2026-06-18T16:55:39.757041
MONDO:0017623,PTEN hamartoma tumor syndrome,2026-03-18T01:49:51.181899
MONDO:0017638,manganese poisoning,2026-06-11T21:40:17.568507
MONDO:0017675,punctate palmoplantar keratoderma,2026-06-11T20:49:30.105225
MONDO:0017694,"glycogen storage disease due to acid maltase deficiency, infantile onset",2026-08-18T21:06:50.365767
MONDO:0017705,congenital pulmonary venous return anomaly,2026-03-17T19:51:37.389418
MONDO:0017708,mevalonate kinase deficiency,2026-06-29T22:11:53.102763
MONDO:0017721,"Sandhoff disease, infantile form",2026-04-14T13:03:11.766175
MONDO:0017722,"Sandhoff disease, juvenile form",2026-04-14T13:03:11.771585
MONDO:0017723,"Sandhoff disease, adult form",2026-04-14T13:03:11.778073
MONDO:0017729,"metachromatic leukodystrophy, late infantile form",2026-07-31T22:29:20.187189
MONDO:0017730,"metachromatic leukodystrophy, adult form",2026-07-31T22:29:21.953214
MONDO:0017731,glycoproteinosis,2026-03-18T01:49:51.180913
MONDO:0017732,"alpha-mannosidosis, infantile form",2026-06-18T20:00:52.985998
MONDO:0017733,"alpha-mannosidosis, adult form",2026-06-18T20:00:53.003870
MONDO:0017737,intermediate severe Salla disease,2026-05-10T13:39:53.853524
MONDO:0017746,atypical Rett syndrome,2026-04-25T23:42:34.047431
MONDO:0017759,disorder of catecholamine synthesis,2026-05-08T09:52:35.160964
MONDO:0017762,disorder of copper metabolism,2026-08-16T17:21:31.376642
MONDO:0017767,rheumatic fever,2026-03-18T01:49:51.181924
MONDO:0017771,Mayer-Rokitansky-Kuster-Hauser syndrome,2026-04-30T14:15:23.954385
MONDO:0017775,melioidosis,2026-08-08T14:26:14.980280
MONDO:0017778,lamellar ichthyosis,2026-05-07T09:18:44.197745
MONDO:0017795,ameloblastoma,2026-06-22T10:31:30.764426
MONDO:0017803,primary progressive apraxia of speech,2026-07-28T12:18:49.013968
MONDO:0017816,primary systemic amyloidosis,2026-07-18T10:11:19.229974
MONDO:0017824,familial isolated pituitary adenoma,2026-04-19T15:09:51.186869
MONDO:0017827,malignant peripheral nerve sheath tumor,2026-04-12T22:44:41.254451
MONDO:0017833,primary hypereosinophilic syndrome,2026-07-31T06:32:09.235529
MONDO:0017835,lymphocytic hypereosinophilic syndrome,2026-07-31T06:32:10.025325
MONDO:0017838,sclerosteosis,2026-03-18T01:49:51.182147
MONDO:0017839,"classic congenital adrenal hyperplasia due to 21-hydroxylase deficiency, salt wasting form",2026-05-07T09:32:37.431536
MONDO:0017840,"classic congenital adrenal hyperplasia due to 21-hydroxylase deficiency, simple virilizing form",2026-05-07T09:32:37.445945
MONDO:0017842,Senior-Loken syndrome,2026-03-17T19:40:42.043798
MONDO:0017843,congenital pulmonary sequestration,2026-03-17T19:51:37.395380
MONDO:0017844,Sezary syndrome,2026-04-12T22:38:34.116805
MONDO:0017851,erythrokeratodermia variabilis,2026-04-13T22:33:23.282676
MONDO:0017853,hypersensitivity pneumonitis,2026-03-18T01:49:51.181978
MONDO:0017860,methanol poisoning,2026-07-10T00:00:00.000000
MONDO:0017862,paraquat poisoning,2026-08-22T21:02:48.289592
MONDO:0017879,hantavirus pulmonary syndrome,2026-07-31T06:31:53.732570
MONDO:0017885,chromophobe renal cell carcinoma,2026-08-15T01:49:25.549032
MONDO:0017894,acute myeloid leukemia with CEBPA somatic mutations,2026-06-18T19:57:38.329209
MONDO:0017895,familial papillary or follicular thyroid carcinoma,2026-08-01T14:44:54.027420
MONDO:0017896,familial nonmedullary thyroid carcinoma,2026-08-01T14:44:51.896919
MONDO:0017909,inherited glutathione synthetase deficiency,2026-07-31T06:27:43.847457
MONDO:0017919,exstrophy-epispadias complex,2026-06-19T08:30:54.443956
MONDO:0017923,multiple synostoses syndrome,2026-03-18T01:49:51.182102
MONDO:0017941,chikungunya,2026-03-18T01:49:51.181733
MONDO:0017979,autoimmune lymphoproliferative syndrome,2026-08-19T12:46:26.056156
MONDO:0017986,disorder of plasmalogens biosynthesis,2026-07-28T12:19:20.364927
MONDO:0017987,syringomyelia,2026-07-28T12:17:14.334998
MONDO:0017988,multifocal atrial tachycardia,2026-08-05T03:08:25.894529
MONDO:0017990,catecholaminergic polymorphic ventricular tachycardia,2026-05-30T21:34:37.074263
MONDO:0017991,Takayasu arteritis,2026-03-06T05:34:53.325092
MONDO:0017993,cerebral sinovenous thrombosis,2026-06-03T11:06:17.356304
MONDO:0017998,PLA2G6-associated neurodegeneration,2026-05-10T15:43:47.679324
MONDO:0018004,acute megakaryoblastic leukemia without down syndrome,2026-07-17T16:14:33.072733
MONDO:0018017,goblet cell carcinoma,2026-08-14T13:34:17.711946
MONDO:0018018,wild type ATTR amyloidosis,2026-08-04T23:38:24.692004
MONDO:0018019,lead poisoning,2026-08-02T02:08:57.848977
MONDO:0018020,mercury poisoning,2026-06-11T21:53:25.252536
MONDO:0018031,granulomatous slack skin disease,2026-04-12T22:51:57.116942
MONDO:0018044,idiopathic hypersomnia,2026-08-24T17:51:52.812760
MONDO:0018048,heparin-induced thrombocytopenia,2026-08-16T02:44:41.631271
MONDO:0018053,trichothiodystrophy,2026-06-29T20:02:08.634196
MONDO:0018054,familial atrial fibrillation,2026-06-25T00:31:45.459052
MONDO:0018060,congenital fibrinogen deficiency,2026-05-16T15:20:41.558047
MONDO:0018066,trisomy X,2026-08-23T20:22:51.874449
MONDO:0018068,trisomy 13,2026-03-17T19:43:27.725352
MONDO:0018071,trisomy 18,2026-03-17T19:43:27.730210
MONDO:0018072,persistent truncus arteriosus,2026-08-09T22:32:44.096407
MONDO:0018076,tuberculosis,2026-03-06T03:43:53.257563
MONDO:0018077,tularemia,2026-06-22T12:13:36.481791
MONDO:0018078,soft tissue sarcoma,2026-08-05T00:09:04.482383
MONDO:0018087,viral hemorrhagic fever,2026-05-09T18:52:15.181828
MONDO:0018088,familial Mediterranean fever,2026-03-06T03:43:53.257474
MONDO:0018089,double outlet right ventricle,2026-07-31T16:56:38.222857
MONDO:0018092,Vogt-Koyanagi-Harada disease,2026-07-31T06:36:09.251397
MONDO:0018094,Waardenburg syndrome,2026-05-27T20:13:06.946927
MONDO:0018096,Weill-Marchesani syndrome,2026-08-01T04:30:00.000000
MONDO:0018097,infantile spasms,2026-05-07T05:22:36.999288
MONDO:0018102,corneal dystrophy,2026-08-19T12:56:11.716956
MONDO:0018105,Wolfram syndrome,2026-08-15T09:50:11.196266
MONDO:0018109,fulminant viral hepatitis,2026-07-18T17:12:40.865705
MONDO:0018116,galactosemia,2026-03-18T01:49:51.182009
MONDO:0018124,Oncogenic osteomalacia,2026-08-19T17:34:31.996348
MONDO:0018129,autosomal recessive cerebellar ataxia with late-onset spasticity,2026-06-18T20:09:19.871977
MONDO:0018141,"pyruvate carboxylase deficiency, infantile form",2026-06-06T16:05:52.817798
MONDO:0018142,"pyruvate carboxylase deficiency, severe neonatal type",2026-06-06T16:05:52.840716
MONDO:0018143,"pyruvate carboxylase deficiency, benign type",2026-06-06T16:05:52.861672
MONDO:0018150,Gaucher disease,2026-03-18T01:49:51.181263
MONDO:0018151,coenzyme Q10 deficiency,2026-06-17T23:08:14.021624
MONDO:0018152,serpiginous choroiditis,2026-08-01T09:40:48.751796
MONDO:0018153,Erdheim-Chester disease,2026-03-06T05:34:53.325094
MONDO:0018155,lateral sclerosis,2026-03-18T01:49:51.181955
MONDO:0018171,malignant germ cell tumor of ovary,2026-08-08T15:11:41.171405
MONDO:0018172,malignant sex cord stromal tumor of ovary,2026-08-20T15:40:03.576389
MONDO:0018181,staphylococcal scalded skin syndrome,2026-08-15T09:29:29.218466
MONDO:0018199,new-onset refractory status epilepticus,2026-07-24T08:07:37.808634
MONDO:0018214,generalized epilepsy with febrile seizures plus,2026-06-05T14:45:06.478011
MONDO:0018215,paraneoplastic neurologic syndrome,2026-05-16T15:50:01.159044
MONDO:0018229,Stevens-Johnson syndrome,2026-04-26T20:08:12.774469
MONDO:0018233,otopalatodigital syndrome spectrum disorder,2026-07-06T13:56:58.329220
MONDO:0018270,extraskeletal Ewing sarcoma,2026-05-28T18:47:51.787472
MONDO:0018274,GM3 synthase deficiency,2026-05-04T06:51:43.461559
MONDO:0018276,muscular dystrophy-dystroglycanopathy,2026-03-17T19:33:28.982098
MONDO:0018304,Schnitzler syndrome,2026-06-29T11:03:07.742777
MONDO:0018305,chronic granulomatous disease,2026-07-01T09:01:39.311256
MONDO:0018307,neurodegeneration with brain iron accumulation,2026-05-10T14:46:21.722780
MONDO:0018309,Hirschsprung disease,2026-03-18T01:49:51.180736
MONDO:0018310,Langerhans cell histiocytosis,2026-05-14T09:59:39.588438
MONDO:0018320,primary microcephaly-mild intellectual disability-young-onset diabetes syndrome,2026-08-20T07:39:25.559131
MONDO:0018324,adult-onset myasthenia gravis,2026-08-19T09:06:51.817878
MONDO:0018327,glomus tumor,2026-08-01T14:49:46.352242
MONDO:0018328,homozygous familial hypercholesterolemia,2026-03-17T19:35:09.722110
MONDO:0018338,activated PI3K-delta syndrome,2026-04-12T10:22:15.163992
MONDO:0018352,squamous cell carcinoma of penis,2026-05-10T14:47:03.778723
MONDO:0018353,refractory celiac disease,2026-03-18T01:49:51.181809
MONDO:0018369,immature ovarian teratoma,2026-08-08T15:11:47.167448
MONDO:0018408,cystic echinococcosis,2026-03-18T01:49:51.181400
MONDO:0018436,megakaryoblastic acute myeloid leukemia with t(1;22)(p13;q13),2026-05-08T12:48:43.476136
MONDO:0018456,polyarticular juvenile idiopathic arthritis,2026-06-06T16:46:19.748973
MONDO:0018470,renal agenesis,2026-06-08T11:55:32.530033
MONDO:0018479,congenital adrenal hyperplasia,2026-05-07T08:57:30.250025
MONDO:0018484,semicircular canal dehiscence syndrome,2026-03-18T01:49:51.181437
MONDO:0018485,"glycogen storage disease due to acid maltase deficiency, late-onset",2026-08-18T21:05:19.767330
MONDO:0018486,visual snow syndrome,2026-03-18T01:49:51.181531
MONDO:0018493,malignant hyperthermia of anesthesia,2026-05-09T09:04:13.278285
MONDO:0018498,double outlet right ventricle with subaortic or doubly committed ventricular septal defect,2026-07-31T17:41:40.407007
MONDO:0018500,cutaneous larva migrans,2026-07-02T06:18:22.944863
MONDO:0018523,pancreatic mucinous cystadenoma,2026-03-17T19:47:48.871212
MONDO:0018544,adrenoleukodystrophy,2026-05-10T16:47:59.705812
MONDO:0018554,pulmonary veno-occlusive disease and/or pulmonary capillary haemangiomatosis,2026-07-28T12:15:25.550108
MONDO:0018555,hypogonadotropic hypogonadism,2026-07-15T06:02:44.613025
MONDO:0018556,Lambert-Eaton myasthenic syndrome,2026-08-22T00:13:54.401958
MONDO:0018564,3p25.3 microdeletion syndrome,2026-07-31T22:59:51.179121
MONDO:0018570,hypophosphatasia,2026-03-18T01:49:51.182117
MONDO:0018593,primary polyarteritis nodosa,2026-05-05T08:01:12.828107
MONDO:0018612,congenital hypothyroidism,2026-07-31T06:30:08.641258
MONDO:0018614,undetermined early-onset epileptic encephalopathy,2026-05-07T11:55:54.264614
MONDO:0018615,hemicrania continua,2026-08-16T21:14:32.822874
MONDO:0018616,central serous chorioretinopathy,2026-06-25T11:21:50.932657
MONDO:0018625,classic stiff person syndrome,2026-03-17T19:51:22.349665
MONDO:0018626,paratyphoid fever,2026-05-08T09:19:35.815236
MONDO:0018634,hereditary amyloidosis,2026-08-17T11:38:36.457348
MONDO:0018635,idiopathic phalangeal acro-osteolysis,2026-05-10T16:47:11.139252
MONDO:0018637,familial chylomicronemia syndrome,2026-05-30T06:59:39.149434
MONDO:0018645,IgG4-related sclerosing cholangitis,2026-05-07T11:57:42.212699
MONDO:0018646,sclerosing cholangitis,2026-05-07T11:57:42.149991
MONDO:0018647,secondary sclerosing cholangitis,2026-05-07T11:57:42.187199
MONDO:0018660,hemophilia,2026-08-20T07:25:41.777794
MONDO:0018666,hepatoblastoma,2026-06-18T14:09:03.416921
MONDO:0018669,snakebite envenomation,2026-03-18T01:49:51.181755
MONDO:0018677,visceral heterotaxy,2026-04-13T22:39:52.715524
MONDO:0018687,progressive muscular atrophy,2026-07-06T10:10:54.158706
MONDO:0018689,plasma cell leukemia,2026-05-10T12:56:46.710248
MONDO:0018694,isolated tracheo-esophageal fistula,2026-03-17T19:41:40.399316
MONDO:0018696,corticobasal syndrome,2026-08-07T15:41:20.239532
MONDO:0018737,catastrophic antiphospholipid syndrome,2026-07-31T06:28:09.292148
MONDO:0018741,paracetamol poisoning,2026-07-18T17:12:38.852405
MONDO:0018760,DeSanto-Shinawi syndrome,2026-07-05T23:53:20.487417
MONDO:0018762,non-acquired combined pituitary hormone deficiency,2026-05-10T14:44:07.807829
MONDO:0018763,tubulinopathy-associated dysgyria,2026-06-11T22:13:52.573638
MONDO:0018767,severe primary trimethylaminuria,2026-07-28T12:21:03.089992
MONDO:0018768,familial cold autoinflammatory syndrome,2026-06-16T10:23:54.424596
MONDO:0018769,isosporiasis,2026-07-09T14:19:36.739894
MONDO:0018770,Jeune syndrome,2026-03-18T01:49:51.182105
MONDO:0018772,Joubert syndrome,2026-03-17T19:40:41.723367
MONDO:0018778,intermediate Charcot-Marie-Tooth disease,2026-08-02T02:52:21.307918
MONDO:0018800,Kallmann syndrome,2026-06-17T11:03:01.453410
MONDO:0018804,MYO5B-related progressive familial intrahepatic cholestasis,2026-08-01T06:06:54.842555
MONDO:0018808,Caroli syndrome,2026-08-07T09:13:44.294577
MONDO:0018816,isolated neonatal sclerosing cholangitis,2026-05-07T11:57:42.256987
MONDO:0018820,recurrent metabolic encephalomyopathic crises-rhabdomyolysis-cardiac arrhythmia-intellectual disability syndrome,2026-07-31T05:39:35.116888
MONDO:0018824,pyoderma gangrenosum,2026-07-01T09:01:15.905130
MONDO:0018837,postinfectious vasculitis,2026-05-05T08:01:12.787278
MONDO:0018838,lissencephaly spectrum disorders,2026-06-03T21:45:36.539355
MONDO:0018843,embryonal carcinoma of the central nervous system,2026-08-18T10:37:39.036067
MONDO:0018852,achromatopsia,2026-04-22T23:10:38.148195
MONDO:0018864,Kikuchi-Fujimoto disease,2026-06-30T20:53:27.821093
MONDO:0018866,Aicardi-Goutieres syndrome,2026-05-04T00:44:15.391661
MONDO:0018868,metachromatic leukodystrophy,2026-05-19T21:34:25.768330
MONDO:0018869,cobblestone lissencephaly,2026-06-03T23:38:10.933211
MONDO:0018870,arterial calcification of infancy,2026-05-06T15:55:28.490030
MONDO:0018872,acute megakaryoblastic leukemia,2026-05-08T10:52:45.797688
MONDO:0018874,acute myeloid leukemia,2026-03-18T01:49:51.181585
MONDO:0018875,Li-Fraumeni syndrome,2026-03-18T01:49:51.181030
MONDO:0018876,mantle cell lymphoma,2026-03-18T01:49:51.181661
MONDO:0018881,myelodysplastic syndrome,2026-06-08T11:07:40.154786
MONDO:0018882,vasculitis,2026-07-06T05:25:54.005364
MONDO:0018883,Berardinelli-Seip congenital lipodystrophy,2026-05-04T05:03:21.505630
MONDO:0018894,distal hereditary motor neuropathy,2026-08-19T21:08:35.914278
MONDO:0018896,thrombotic thrombocytopenic purpura,2026-03-17T19:25:50.308088
MONDO:0018899,posterior cortical atrophy,2026-03-18T01:49:51.182073
MONDO:0018901,left ventricular noncompaction,2026-07-31T06:32:36.214395
MONDO:0018905,diffuse large B-cell lymphoma,2026-03-18T01:49:51.181672
MONDO:0018906,follicular lymphoma,2026-05-03T15:42:44.709046
MONDO:0018907,craniopharyngioma,2026-07-28T12:13:20.562959
MONDO:0018908,non-Hodgkin lymphoma,2026-06-30T21:12:28.990521
MONDO:0018910,oculocutaneous albinism,2026-06-17T21:52:28.294934
MONDO:0018911,maturity-onset diabetes of the young,2026-03-17T19:32:48.948667
MONDO:0018912,Cushing syndrome,2026-03-18T01:49:51.181203
MONDO:0018920,peripartum cardiomyopathy,2026-05-04T14:07:55.755240
MONDO:0018921,Meckel syndrome,2026-03-17T19:40:42.037625
MONDO:0018923,22q11.2 deletion syndrome,2026-03-18T01:49:51.182003
MONDO:0018931,"mucolipidosis type III, alpha/beta",2026-05-07T21:43:50.449090
MONDO:0018935,hairy cell leukemia,2026-03-17T19:43:13.753703
MONDO:0018937,mucopolysaccharidosis type 3,2026-04-14T14:11:31.581553
MONDO:0018938,mucopolysaccharidosis type 4,2026-05-10T05:43:58.222736
MONDO:0018940,congenital myasthenic syndrome,2026-06-15T23:59:19.698722
MONDO:0018943,myofibrillar myopathy,2026-08-01T21:19:15.905696
MONDO:0018944,gestational trophoblastic neoplasm,2026-06-15T21:25:55.722204
MONDO:0018945,XK-related neurodegenerative disease,2026-08-20T17:51:33.249622
MONDO:0018947,centronuclear myopathy,2026-06-16T16:51:17.612087
MONDO:0018948,multiminicore myopathy,2026-06-17T06:24:23.437036
MONDO:0018950,3-methylcrotonyl-CoA carboxylase deficiency,2026-05-05T05:29:00.783674
MONDO:0018954,Loeys-Dietz syndrome,2026-03-18T01:49:51.182093
MONDO:0018958,nemaline myopathy,2026-03-18T01:49:51.182158
MONDO:0018959,potassium-aggravated myotonia,2026-05-31T03:49:25.394978
MONDO:0018963,hereditary methemoglobinemia,2026-05-09T06:10:15.027747
MONDO:0018965,Alport syndrome,2026-04-30T14:19:32.417133
MONDO:0018968,iniencephaly,2026-08-05T00:04:49.946674
MONDO:0018969,craniorachischisis,2026-08-05T00:04:50.902106
MONDO:0018974,paraneoplastic pemphigus,2026-08-22T04:11:36.083935
MONDO:0018975,neurofibromatosis type 1,2026-03-18T01:49:51.181075
MONDO:0018979,multifocal motor neuropathy,2026-03-18T01:49:51.181135
MONDO:0018982,Niemann-Pick disease type C,2026-03-14T22:26:23.280537
MONDO:0018984,Oroya fever,2026-05-10T09:18:23.183255
MONDO:0018993,Charcot-Marie-Tooth disease type 2,2026-06-11T23:23:50.953902
MONDO:0018995,Charcot-Marie-Tooth disease type 4,2026-07-31T21:46:41.793873
MONDO:0018996,"spinocerebellar ataxia, autosomal recessive, with axonal neuropathy 2",2026-04-24T14:45:04.844935
MONDO:0018997,Noonan syndrome,2026-03-18T01:49:51.180979
MONDO:0018998,Leber congenital amaurosis,2026-06-08T11:04:04.659056
MONDO:0019002,Lhermitte-Duclos disease,2026-05-07T13:58:37.996392
MONDO:0019003,multiple endocrine neoplasia type 2,2026-03-18T01:49:51.181041
MONDO:0019005,nephronophthisis,2026-03-18T01:49:51.180776
MONDO:0019008,benign recurrent intrahepatic cholestasis,2026-08-01T06:07:30.354142
MONDO:0019010,congenital isolated hyperinsulinism,2026-06-17T22:55:48.594806
MONDO:0019011,Charcot-Marie-Tooth disease type 1,2026-06-11T22:24:50.344128
MONDO:0019015,omphalocele,2026-06-15T22:32:45.810815
MONDO:0019018,Tako-tsubo cardiomyopathy,2026-08-09T22:27:58.380067
MONDO:0019019,osteogenesis imperfecta,2026-06-13T18:27:30.884443
MONDO:0019028,amoebiasis due to Entamoeba histolytica,2026-03-17T19:32:58.079486
MONDO:0019037,progressive supranuclear palsy,2026-06-05T15:47:07.241060
MONDO:0019052,inborn errors of metabolism,2026-08-02T00:42:58.976278
MONDO:0019056,neuromuscular disease,2026-03-18T01:49:51.181104
MONDO:0019064,hereditary spastic paraplegia,2026-06-08T17:48:54.489224
MONDO:0019065,amyloidosis,2026-03-18T01:49:51.181239
MONDO:0019071,pure hair and nail ectodermal dysplasia,2026-08-17T14:09:52.918911
MONDO:0019078,Ritscher-Schinzel syndrome,2026-06-05T15:03:17.928929
MONDO:0019079,proximal spinal muscular atrophy,2026-07-31T22:16:17.605717
MONDO:0019082,bullous pemphigoid,2026-07-26T19:08:59.172226
MONDO:0019083,Leigh syndrome with cardiomyopathy,2026-05-30T19:45:32.247322
MONDO:0019086,carcinoma of esophagus,2026-07-06T01:14:13.920871
MONDO:0019087,cholangiocarcinoma,2026-07-05T23:39:15.694828
MONDO:0019095,plague,2026-07-31T06:34:29.013191
MONDO:0019100,neuromyelitis optica,2026-03-18T01:49:51.181938
MONDO:0019107,Rh deficiency syndrome,2026-08-16T20:37:10.693880
MONDO:0019108,silent sinus syndrome,2026-03-18T01:49:51.181915
MONDO:0019112,cancer-associated retinopathy,2026-06-21T18:02:33.920628
MONDO:0019118,inherited retinal dystrophy,2026-06-08T11:04:04.636631
MONDO:0019124,microscopic polyangiitis,2026-06-06T16:42:22.629102
MONDO:0019125,relapsing polychondritis,2026-06-17T15:33:30.332513
MONDO:0019127,polymyositis,2026-03-18T01:49:51.181423
MONDO:0019137,non-24-hour sleep-wake syndrome,2026-08-01T14:32:55.453207
MONDO:0019141,porokeratosis of Mibelli,2026-08-08T16:52:36.058367
MONDO:0019142,inherited porphyria,2026-05-10T11:13:04.250915
MONDO:0019148,Wolman disease,2026-04-14T12:57:13.068574
MONDO:0019149,cholesteryl ester storage disease,2026-04-14T12:57:13.191044
MONDO:0019154,androgen insensitivity syndrome,2026-08-20T03:33:41.852997
MONDO:0019165,central precocious puberty,2026-06-19T09:01:17.658325
MONDO:0019167,immunoglobulin A vasculitis,2026-04-14T13:46:22.831885
MONDO:0019169,pyruvate dehydrogenase deficiency,2026-04-30T14:15:09.396306
MONDO:0019170,polyarteritis nodosa,2026-03-17T19:31:10.061113
MONDO:0019171,familial long QT syndrome,2026-05-09T04:07:12.483243
MONDO:0019172,aniridia,2026-08-22T18:40:38.025723
MONDO:0019173,rabies,2026-03-18T01:49:51.181738
MONDO:0019180,hereditary hemorrhagic telangiectasia,2026-03-17T19:38:33.961557
MONDO:0019181,non-syndromic X-linked intellectual disability,2026-08-12T10:42:11.761211
MONDO:0019186,Q fever,2026-06-29T15:38:59.211815
MONDO:0019187,Axenfeld-Rieger syndrome,2026-03-18T01:49:51.180599
MONDO:0019188,Rubinstein-Taybi syndrome,2026-06-03T22:44:01.400314
MONDO:0019192,AKT2-related familial partial lipodystrophy,2026-06-07T20:24:02.013061
MONDO:0019198,sympathetic ophthalmia,2026-08-01T09:40:50.500671
MONDO:0019200,retinitis pigmentosa,2026-04-04T20:29:29.678256
MONDO:0019201,thyrotoxic periodic paralysis,2026-03-17T19:50:38.699507
MONDO:0019203,acute interstitial pneumonia,2026-08-20T07:33:02.112571
MONDO:0019204,respiratory bronchiolitis-interstitial lung disease syndrome,2026-08-20T07:33:04.110727
MONDO:0019207,DEND syndrome,2026-08-01T07:36:39.012298
MONDO:0019210,cutaneous neuroendocrine carcinoma,2026-03-18T01:49:51.181686
MONDO:0019212,disseminated superficial actinic porokeratosis,2026-08-08T16:52:34.422834
MONDO:0019218,inborn disorder of bile acid synthesis,2026-06-19T08:29:04.389969
MONDO:0019220,inborn disorder of cobalamin metabolism and transport,2026-06-17T12:31:49.721895
MONDO:0019222,inborn disorder of methionine cycle and sulfur amino acid metabolism,2026-05-10T12:51:36.588062
MONDO:0019234,peroxisome biogenesis disorder,2026-03-18T01:49:51.180785
MONDO:0019248,mucolipidosis,2026-03-18T01:49:51.180910
MONDO:0019249,mucopolysaccharidosis,2026-03-18T01:49:51.180907
MONDO:0019255,sphingolipidosis,2026-03-18T01:49:51.180905
MONDO:0019260,adult neuronal ceroid lipofuscinosis,2026-05-13T14:31:28.739455
MONDO:0019262,juvenile neuronal ceroid lipofuscinosis,2026-08-08T18:19:56.808414
MONDO:0019264,alpha-N-acetylgalactosaminidase deficiency type 3,2026-06-20T03:28:53.035915
MONDO:0019265,diazoxide-resistant focal hyperinsulinism,2026-08-01T14:38:01.025192
MONDO:0019306,congenital non-bullous ichthyosiform erythroderma,2026-05-07T09:18:44.211334
MONDO:0019310,recessive dystrophic epidermolysis bullosa inversa,2026-05-08T13:56:05.031635
MONDO:0019312,Hermansky-Pudlak syndrome,2026-06-16T16:54:27.499952
MONDO:0019316,maculopapular cutaneous mastocytosis,2026-07-31T06:32:50.838731
MONDO:0019318,inflammatory linear verrucous epidermal nevus,2026-08-14T12:20:30.180114
MONDO:0019321,atypical Werner syndrome,2026-08-24T10:31:41.670380
MONDO:0019323,pemphigus erythematosus,2026-05-06T22:20:16.865984
MONDO:0019332,punctate palmoplantar keratoderma type 1,2026-06-11T20:49:30.120675
MONDO:0019333,autosomal recessive hyperinsulinism due to SUR1 deficiency,2026-08-01T07:36:37.260391
MONDO:0019335,mild hyperphenylalaninemia,2026-03-17T19:48:37.399177
MONDO:0019338,sarcoidosis,2026-03-18T01:49:51.181251
MONDO:0019339,"47,XYY syndrome",2026-08-23T20:21:17.674323
MONDO:0019342,Seckel syndrome,2026-05-09T18:41:31.928431
MONDO:0019344,antisynthetase syndrome,2026-06-29T19:49:27.002903
MONDO:0019345,shigellosis,2026-03-18T01:49:51.181843
MONDO:0019346,sialidosis type 1,2026-05-04T11:51:03.846982
MONDO:0019347,peeling skin syndrome,2026-06-05T14:18:21.492242
MONDO:0019349,Sotos syndrome,2026-08-15T09:04:36.158582
MONDO:0019350,hereditary spherocytosis,2026-03-17T19:38:36.779153
MONDO:0019353,Stargardt disease,2026-03-18T01:49:51.182155
MONDO:0019354,Stickler syndrome,2026-04-30T14:24:34.569260
MONDO:0019355,adult-onset Still disease,2026-03-18T01:49:51.181927
MONDO:0019359,Rocky mountain spotted fever,2026-08-02T14:16:52.598564
MONDO:0019360,rickettsialpox,2026-08-19T11:04:52.840077
MONDO:0019365,scrub typhus,2026-08-19T22:34:46.682748
MONDO:0019366,free sialic acid storage disease,2026-05-10T12:53:29.657180
MONDO:0019369,complex regional pain syndrome,2026-07-31T06:36:42.208654
MONDO:0019371,narcolepsy without cataplexy,2026-03-18T01:49:51.181312
MONDO:0019373,desmoplastic small round cell tumor,2026-03-18T01:49:51.181620
MONDO:0019383,acute disseminated encephalomyelitis,2026-05-15T21:29:41.345488
MONDO:0019385,steroid-responsive encephalopathy associated with autoimmune thyroiditis,2026-05-16T04:33:27.188611
MONDO:0019390,Susac syndrome,2026-05-06T22:41:59.320704
MONDO:0019391,Fanconi anemia,2026-03-18T01:49:51.180724
MONDO:0019399,Isaac syndrome,2026-03-17T19:51:22.355743
MONDO:0019402,beta thalassemia,2026-03-08T15:13:18.235031
MONDO:0019403,congenital dyserythropoietic anemia,2026-06-05T15:11:54.094585
MONDO:0019433,oligoarticular juvenile idiopathic arthritis,2026-06-06T16:46:19.736186
MONDO:0019434,systemic-onset juvenile idiopathic arthritis,2026-08-07T19:01:36.173791
MONDO:0019437,enthesitis-related juvenile idiopathic arthritis,2026-06-06T16:46:19.762143
MONDO:0019438,AL amyloidosis,2026-06-18T23:33:55.075060
MONDO:0019439,AA amyloidosis,2026-08-04T23:38:25.764619
MONDO:0019443,dextro-looped transposition of the great arteries,2026-06-08T17:05:04.790147
MONDO:0019448,benign adult familial myoclonic epilepsy,2026-04-17T21:55:30.256665
MONDO:0019450,lissencephaly with cerebellar hypoplasia,2026-06-03T23:38:10.921515
MONDO:0019452,"myeloproliferative neoplasm, unclassifiable",2026-07-02T04:47:29.250620
MONDO:0019455,acute panmyelosis with myelofibrosis,2026-07-17T16:14:38.169574
MONDO:0019460,acute leukemia of ambiguous lineage,2026-07-31T17:00:49.459758
MONDO:0019461,B-cell prolymphocytic leukemia,2026-03-17T19:43:13.747135
MONDO:0019462,splenic marginal zone lymphoma,2026-05-01T22:50:06.630287
MONDO:0019463,non-amyloid monoclonal immunoglobulin deposition disease,2026-05-10T12:56:46.757834
MONDO:0019464,heavy chain disease,2026-08-08T16:10:19.894942
MONDO:0019465,nodal marginal zone B-cell lymphoma,2026-08-19T12:38:47.358351
MONDO:0019467,CD4+/CD56+ hematodermic neoplasm,2026-08-01T02:27:45.118180
MONDO:0019469,T-cell large granular lymphocyte leukemia,2026-07-30T18:30:12.701355
MONDO:0019470,aggressive NK-cell leukemia,2026-06-18T19:59:25.441351
MONDO:0019471,adult T-cell leukemia/lymphoma,2026-03-18T01:49:51.181658
MONDO:0019484,hypothalamic hamartomas with gelastic seizures,2026-07-30T18:52:04.561394
MONDO:0019485,idiopathic hemiconvulsion-hemiplegia syndrome,2026-08-05T19:57:42.438441
MONDO:0019487,epilepsy with myoclonic absences,2026-08-05T15:07:27.414006
MONDO:0019490,progressive familial heart block,2026-06-21T16:17:08.785654
MONDO:0019497,nonsyndromic genetic hearing loss,2026-07-28T12:16:24.083128
MONDO:0019499,Turner syndrome,2026-07-15T06:02:43.877706
MONDO:0019501,Usher syndrome,2026-05-18T15:03:54.234607
MONDO:0019502,autosomal recessive non-syndromic intellectual disability,2026-08-01T02:15:49.486131
MONDO:0019503,anterior segment dysgenesis,2026-06-20T07:05:29.149273
MONDO:0019507,amelogenesis imperfecta,2026-06-18T20:01:55.018435
MONDO:0019509,cutaneous leukocytoclastic angiitis,2026-07-01T09:01:15.940484
MONDO:0019514,hepatic veno-occlusive disease,2026-07-28T12:15:20.758143
MONDO:0019516,exudative vitreoretinopathy,2026-06-17T11:10:58.599594
MONDO:0019518,Waardenburg-Shah syndrome,2026-05-03T15:42:56.010562
MONDO:0019522,recessive dystrophic epidermolysis bullosa-generalized other,2026-05-08T13:56:05.023144
MONDO:0019586,X-linked nonsyndromic hearing loss,2026-05-08T12:20:21.039116
MONDO:0019600,xeroderma pigmentosum,2026-07-31T06:36:35.304377
MONDO:0019606,simple cryoglobulinemia,2026-07-31T06:30:23.688925
MONDO:0019609,Zellweger spectrum disorders,2026-05-17T18:57:24.350226
MONDO:0019622,non-specific interstitial pneumonia,2026-08-20T07:32:58.157923
MONDO:0019623,hereditary angioedema,2026-05-09T03:16:35.144857
MONDO:0019624,acquired angioedema,2026-05-10T12:50:15.679616
MONDO:0019625,familial thoracic aortic aneurysm and aortic dissection,2026-05-30T18:03:34.605720
MONDO:0019632,Lyme disease,2026-03-18T01:49:51.181321
MONDO:0019669,hypochondrogenesis,2026-03-18T01:49:51.182021
MONDO:0019681,juvenile sialidosis type 2,2026-06-20T07:29:22.827510
MONDO:0019682,congenital sialidosis type 2,2026-07-31T06:30:14.208024
MONDO:0019701,chondrodysplasia punctata,2026-07-01T16:35:34.043070
MONDO:0019722,glomerular disorder,2026-04-13T00:22:11.489387
MONDO:0019726,type II mixed cryoglobulinemia,2026-07-31T06:30:24.496158
MONDO:0019727,mixed cryoglobulinemia type III,2026-07-31T06:30:25.360036
MONDO:0019728,heavy chain deposition disease,2026-08-08T16:10:26.424417
MONDO:0019730,light chain deposition disease,2026-08-16T11:44:22.433062
MONDO:0019740,acquired thrombotic thrombocytopenic purpura,2026-07-05T23:32:34.003688
MONDO:0019745,cystinuria type A,2026-05-05T10:18:42.388021
MONDO:0019746,cystinuria type B,2026-05-05T10:18:42.396438
MONDO:0019751,autoinflammatory syndrome,2026-03-18T01:49:51.181024
MONDO:0019754,multicentric Castleman disease,2026-03-06T05:34:53.325089
MONDO:0019761,laryngotracheoesophageal cleft type 1,2026-03-17T19:41:40.323017
MONDO:0019762,laryngotracheoesophageal cleft type 2,2026-03-17T19:41:40.327269
MONDO:0019763,laryngotracheoesophageal cleft type 3,2026-03-17T19:41:40.331573
MONDO:0019764,laryngotracheoesophageal cleft type 4,2026-03-17T19:41:40.335826
MONDO:0019787,autoimmune enteropathy,2026-05-07T15:07:11.305376
MONDO:0019792,autosomal dominant cerebellar ataxia type I,2026-05-16T02:29:45.695427
MONDO:0019793,autosomal dominant cerebellar ataxia type III,2026-04-25T18:24:23.909866
MONDO:0019797,acrodysostosis,2026-04-30T14:17:15.898256
MONDO:0019799,hepatoerythropoietic porphyria,2026-05-10T11:13:04.342551
MONDO:0019801,acute adrenal insufficiency,2026-07-30T22:24:53.688149
MONDO:0019805,twin to twin transfusion syndrome,2026-03-17T19:54:22.479572
MONDO:0019806,primary progressive aphasia,2026-03-18T01:49:51.181944
MONDO:0019896,Kleefstra syndrome due to 9q34 microdeletion,2026-03-21T09:13:02.760807
MONDO:0019933,acromegaly,2026-03-17T19:32:49.185819
MONDO:0019941,hereditary sensory and autonomic neuropathy type 2,2026-08-22T18:43:33.546698
MONDO:0019942,distal arthrogryposis,2026-05-13T16:51:51.019232
MONDO:0019944,Eisenmenger syndrome,2026-08-09T19:45:26.819013
MONDO:0019954,pancreatic neuroendocrine tumor,2026-03-19T19:41:30.193704
MONDO:0019956,encephalitis,2026-03-18T01:49:51.181797
MONDO:0019962,thyroid lymphoma,2026-08-05T00:14:52.305016
MONDO:0019964,thymic neuroendocrine tumor,2026-08-14T09:51:42.693112
MONDO:0019975,pellagra,2026-03-18T02:23:28.074226
MONDO:0019988,pauci-immune glomerulonephritis with ANCA,2026-08-12T11:06:07.207950
MONDO:0019992,pseudohypoparathyroidism,2026-03-17T19:50:01.602086
MONDO:0019993,congenital renal artery stenosis,2026-06-18T18:14:59.406260
MONDO:0020040,"46,XY disorder of sex development",2026-06-13T19:27:01.000660
MONDO:0020066,Ehlers-Danlos syndrome,2026-03-18T01:49:51.180715
MONDO:0020072,childhood-onset epilepsy syndrome,2026-07-01T16:35:25.034347
MONDO:0020074,progressive myoclonus epilepsy,2026-06-08T11:25:00.340762
MONDO:0020088,familial partial lipodystrophy,2026-06-05T15:43:51.750213
MONDO:0020108,autoimmune hemolytic anemia,2026-03-18T01:49:51.181143
MONDO:0020123,metabolic myopathy,2026-03-17T19:45:49.803042
MONDO:0020128,motor neuron disorder,2026-06-27T01:05:17.435768
MONDO:0020135,pontocerebellar hypoplasia,2026-04-25T18:22:49.487889
MONDO:0020213,stromal corneal dystrophy,2026-08-14T13:24:37.146878
MONDO:0020242,hereditary macular dystrophy,2026-07-03T13:12:11.266733
MONDO:0020307,self-limited epilepsy with autonomic seizures,2026-08-05T01:07:03.217898
MONDO:0020310,familial focal epilepsy with variable foci,2026-05-10T14:45:45.888880
MONDO:0020311,chronic myelomonocytic leukemia,2026-04-13T00:21:42.843711
MONDO:0020321,acute undifferentiated leukemia,2026-07-31T17:00:59.750871
MONDO:0020322,acute biphenotypic leukemia,2026-07-31T17:00:47.243496
MONDO:0020323,primary mediastinal large B-cell lymphoma,2026-06-20T02:06:32.640935
MONDO:0020325,anaplastic large cell lymphoma,2026-04-30T14:20:13.891360
MONDO:0020326,lymphomatoid papulosis,2026-07-17T14:10:43.524824
MONDO:0020331,indolent systemic mastocytosis,2026-06-19T09:02:43.326502
MONDO:0020332,systemic mastocytosis with an associated clonal hematologic non-mast cell lineage disease,2026-06-19T09:02:43.360610
MONDO:0020333,aggressive systemic mastocytosis,2026-06-19T09:02:43.349492
MONDO:0020334,mast cell leukemia,2026-06-19T09:02:43.373190
MONDO:0020337,congenital dyserythropoietic anemia type 1,2026-06-05T15:11:54.107559
MONDO:0020340,bilateral perisylvian polymicrogyria,2026-08-01T13:24:40.531266
MONDO:0020347,acute inflammatory demyelinating polyradiculoneuropathy,2026-05-16T18:16:46.139194
MONDO:0020348,acute motor and sensory axonal neuropathy,2026-05-07T19:30:51.662241
MONDO:0020349,acute motor axonal neuropathy,2026-05-16T18:16:46.149297
MONDO:0020364,posterior polymorphous corneal dystrophy,2026-06-15T23:09:37.989528
MONDO:0020366,congenital glaucoma,2026-08-20T07:13:59.542503
MONDO:0020367,juvenile open angle glaucoma,2026-06-08T10:42:01.778438
MONDO:0020380,autosomal dominant cerebellar ataxia,2026-08-19T12:51:32.878864
MONDO:0020384,Niemann-Pick disease type E,2026-06-18T11:39:54.002945
MONDO:0020386,double outlet right ventricle with subaortic or doubly committed ventricular septal defect with pulmonary stenosis,2026-07-31T17:41:42.284396
MONDO:0020387,double outlet right ventricle with subpulmonary ventricular septal defect,2026-07-31T17:41:44.027221
MONDO:0020388,double outlet right ventricle with non-committed subpulmonary ventricular septal defect,2026-07-31T17:41:45.865013
MONDO:0020423,stenosis or atrophy of the coronary ostium,2026-05-14T14:19:35.413202
MONDO:0020426,malposition of the coronary ostium,2026-05-14T14:19:35.400652
MONDO:0020466,monosomy X,2026-08-10T05:57:21.990229
MONDO:0020467,mosaic monosomy X,2026-08-10T05:57:23.678058
MONDO:0020472,Turner syndrome due to structural X chromosome anomalies,2026-08-10T05:57:25.288913
MONDO:0020476,mesial temporal lobe epilepsy with hippocampal sclerosis,2026-04-05T13:03:39.807124
MONDO:0020487,Pontiac fever,2026-07-31T06:34:32.599020
MONDO:0020491,subcortical band heterotopia,2026-06-12T01:34:23.281234
MONDO:0020492,hemimegalencephaly,2026-08-05T14:36:46.707268
MONDO:0020499,Nipah virus disease,2026-08-19T21:12:14.817709
MONDO:0020525,transient neonatal diabetes mellitus,2026-03-17T19:32:48.937574
MONDO:0020526,acute megakaryoblastic leukemia in down syndrome,2026-07-17T16:14:31.568696
MONDO:0020541,maligant granulosa cell tumor of ovary,2026-08-20T15:28:31.905253
MONDO:0020542,malignant Sertoli-Leydig cell tumor of ovary,2026-08-20T15:35:33.420275
MONDO:0020544,streptococcal toxic-shock syndrome,2026-08-11T01:14:21.793194
MONDO:0020545,staphylococcal toxic-shock syndrome,2026-08-11T01:14:19.933719
MONDO:0020555,pleuropulmonary blastoma type 1,2026-04-12T23:17:12.053465
MONDO:0020556,pleuropulmonary blastoma type 2,2026-04-12T23:17:12.067660
MONDO:0020557,pleuropulmonary blastoma type 3,2026-04-12T23:17:12.076104
MONDO:0020560,atypical teratoid rhabdoid tumor,2026-04-12T22:38:26.314527
MONDO:0020562,pleomorphic liposarcoma,2026-07-06T07:21:30.490329
MONDO:0020563,dedifferentiated liposarcoma,2026-07-06T07:21:29.604347
MONDO:0020574,central nervous system nongerminomatous germ cell tumor,2026-07-26T02:04:17.461020
MONDO:0020590,mycobacterial infectious disease,2026-04-13T00:22:11.517275
MONDO:0020603,X-linked chondrodysplasia punctata 2,2026-08-13T22:19:54.297336
MONDO:0020630,developmental and epileptic encephalopathy 91,2026-03-08T04:50:13.618435
MONDO:0020635,anaplastic meningioma,2026-03-08T15:13:18.235528
MONDO:0020640,autoimmune encephalitis,2026-03-06T05:34:53.325100
MONDO:0020642,polycystic kidney disease,2026-03-18T01:49:51.181409
MONDO:0020654,renal pelvis/ureter urothelial carcinoma,2026-03-17T19:42:42.060408
MONDO:0020667,Antley-Bixler syndrome without genital anomalies or disordered steroidogenesis,2026-08-24T20:01:50.207795
MONDO:0020681,"Ehlers-Danlos syndrome, musculocontractural type 1",2026-07-31T18:56:17.483445
MONDO:0020682,"Ehlers-Danlos syndrome, spondylodysplastic type, 1",2026-05-21T03:01:59.213938
MONDO:0020688,spinal cord ischemia,2026-07-28T12:20:04.597030
MONDO:0020692,"spondylocostal dysostosis 1, autosomal recessive",2026-07-30T21:13:22.625644
MONDO:0020717,autosomal dominant wooly hair,2026-06-08T18:44:27.146925
MONDO:0020720,X-linked hypophosphatemic rickets,2026-03-08T15:18:53.232954
MONDO:0020721,X-linked sideroblastic anemia 1,2026-05-07T09:03:05.241753
MONDO:0020722,nephrolithiasis susceptibility caused by SLC26A1,2026-07-30T14:08:01.445486
MONDO:0020723,"vitamin D-dependent rickets, type 1A",2026-08-19T17:15:27.243922
MONDO:0020724,cerebral cavernous malformation 1,2026-05-04T16:31:14.654981
MONDO:0020729,autosomal recessive agammaglobulinemia 1,2026-08-08T16:44:27.037819
MONDO:0020737,"optic atrophy 10 with or without ataxia, intellectual disability, and seizures",2026-08-14T20:48:53.286151
MONDO:0020741,pyridoxine-dependent epilepsy caused by ALDH7A1 mutant,2026-07-18T07:48:51.458473
MONDO:0020743,mixed phenotype acute leukemia,2026-07-20T14:47:59.330364
MONDO:0020744,Mobitz type I atrioventricular block,2026-07-30T22:24:42.494748
MONDO:0020746,"contractures, pterygia, and variable skeletal fusions syndrome 1B",2026-08-05T14:49:45.826134
MONDO:0020761,Bowen disease of the skin,2026-08-08T16:52:45.975865
MONDO:0020765,"neuropathy, congenital hypomyelinating, 2",2026-08-22T18:37:39.136420
MONDO:0020766,"neuropathy, congenital hypomyelinating, 3",2026-08-22T18:37:41.336248
MONDO:0020768,X-linked deafness,2026-04-30T14:21:58.142022
MONDO:0020783,capillary malformation-arteriovenous malformation 1,2026-05-04T17:45:27.413249
MONDO:0020785,capillary malformation-arteriovenous malformation 2,2026-05-04T17:45:27.420318
MONDO:0020806,sinoatrial block,2026-07-06T16:08:34.905744
MONDO:0020808,testicular sertoli cell tumor,2026-06-08T18:43:30.955616
MONDO:0020857,ovarian dysgenesis 7,2026-07-15T06:02:37.762647
MONDO:0020920,escherichia coli infection,2026-07-30T22:39:37.975071
MONDO:0020937,"contractures, pterygia, and variable skeletal fusions syndrome",2026-08-05T16:32:39.388862
MONDO:0021001,hemochromatosis type 1,2026-05-18T17:26:44.041780
MONDO:0021008,secondary antiphospholipid syndrome,2026-07-31T06:28:08.503178
MONDO:0021013,"trichothiodystrophy 4, nonphotosensitive",2026-08-17T13:32:50.038093
MONDO:0021018,autosomal dominant limb-girdle muscular dystrophy type 1D (DNAJB6),2026-07-02T08:55:53.119915
MONDO:0021020,Crigler-Najjar syndrome type 1,2026-08-22T17:23:13.109544
MONDO:0021022,hereditary hyperekplexia,2026-05-10T12:27:17.212718
MONDO:0021023,complete androgen insensitivity syndrome,2026-04-30T14:15:23.945117
MONDO:0021035,alopecia-intellectual disability syndrome 1,2026-08-26T08:38:20.398322
MONDO:0021042,glioma,2026-07-15T09:00:41.434931
MONDO:0021055,classic familial adenomatous polyposis,2026-03-18T01:49:51.181200
MONDO:0021056,familial adenomatous polyposis 1,2026-03-18T01:49:51.181032
MONDO:0021060,RASopathy,2026-03-18T01:49:51.180997
MONDO:0021061,neurofibromatosis,2026-03-18T01:49:51.180990
MONDO:0021064,jugulotympanic paraganglioma,2026-08-01T14:49:55.621873
MONDO:0021067,mediastinal germ cell tumor,2026-08-08T04:41:40.827238
MONDO:0021081,anti-NMDA receptor encephalitis,2026-05-16T00:36:25.327209
MONDO:0021083,congenital fibrosis of extraocular muscles type 1,2026-08-20T07:40:19.472473
MONDO:0021106,laminopathy,2026-03-18T01:49:51.181002
MONDO:0021107,narcolepsy,2026-03-18T01:49:51.181366
MONDO:0021108,meningitis,2026-03-18T01:49:51.181513
MONDO:0021115,luminal B breast carcinoma,2026-07-31T06:30:45.434182
MONDO:0021116,luminal A breast carcinoma,2026-03-18T01:49:51.181383
MONDO:0021169,epithelioid hemangioma,2026-08-01T14:11:04.172435
MONDO:0021179,proteostasis deficiencies,2026-08-02T00:43:13.302728
MONDO:0021187,hyperlipidemia,2026-03-17T19:39:14.975608
MONDO:0021205,disorder of ear,2026-04-13T00:22:11.575830
MONDO:0021211,brain neoplasm,2026-06-03T11:06:17.370712
MONDO:0021542,hemangioma of choroid,2026-08-01T14:35:54.873582
MONDO:0021553,transverse myelitis,2026-03-18T01:49:51.181941
MONDO:0021569,"Emery-Dreifuss muscular dystrophy 2, autosomal dominant",2026-06-16T17:49:21.889795
MONDO:0021573,oocyte maturation defect 2,2026-08-20T18:47:20.056660
MONDO:0021661,coronary atherosclerosis,2026-07-26T09:18:15.935955
MONDO:0021944,auditory neuropathy,2026-05-08T12:45:50.146196
MONDO:0022308,corticobasal degeneration disorder,2026-08-05T00:41:59.417923
MONDO:0022666,cassavism,2026-07-28T12:15:54.798876
MONDO:0022697,athetoid cerebral palsy,2026-08-02T03:52:10.325003
MONDO:0022800,type 2 collagenopathy,2026-08-17T11:36:13.022613
MONDO:0022825,congenital cystic eye,2026-08-08T16:27:49.735434
MONDO:0022948,Deal Barratt Dillon syndrome,2026-08-02T01:51:13.981761
MONDO:0022965,desmoplastic infantile ganglioglioma,2026-07-01T16:53:02.830255
MONDO:0023124,Dursun syndrome,2026-07-05T19:29:37.381044
MONDO:0023134,febrile ulceronecrotic Mucha-Habermann disease,2026-07-17T14:44:40.158948
MONDO:0023152,fibrocartilaginous embolism,2026-05-05T08:01:12.642522
MONDO:0023161,viral myocarditis,2026-08-01T14:23:10.890952
MONDO:0023176,formaldehyde poisoning,2026-08-13T17:48:27.041381
MONDO:0023246,linear porokeratosis,2026-08-08T16:52:37.706743
MONDO:0023297,guttate psoriasis,2026-07-17T14:44:40.433377
MONDO:0023601,non-classic congenital adrenal hyperplasia,2026-05-07T09:32:37.461289
MONDO:0023655,"immunodeficiency 14b, autosomal recessive",2026-08-21T12:43:19.127023
MONDO:0023691,maple syrup urine disease type 1A,2026-08-08T18:34:00.121014
MONDO:0023692,maple syrup urine disease type 1B,2026-08-08T18:34:01.894158
MONDO:0023693,maple syrup urine disease type 2,2026-08-08T18:34:03.585703
MONDO:0023833,multifocal choroiditis,2026-08-01T09:40:45.433005
MONDO:0023868,melanoma associated retinopathy,2026-06-21T18:02:33.937578
MONDO:0024250,acute lichenoid pityriasis,2026-05-05T01:40:06.445248
MONDO:0024299,vitamin D-dependent rickets,2026-08-19T17:19:46.260267
MONDO:0024304,ichthyosis vulgaris,2026-05-07T12:01:08.863549
MONDO:0024309,"neuropathy, hereditary sensory and autonomic, type 2A",2026-08-22T18:43:35.265949
MONDO:0024321,disorder of GPI anchor biosynthesis,2026-08-14T01:25:46.346112
MONDO:0024336,vulvar adenocarcinoma,2026-05-09T09:24:33.112552
MONDO:0024377,"circadian rhythm sleep disorder, delayed sleep phase type",2026-03-17T19:32:23.325142
MONDO:0024379,"circadian rhythm sleep disorder, irregular sleep wake type",2026-08-01T14:32:56.860260
MONDO:0024381,"circadian rhythm sleep disorder, jet lag type",2026-07-11T11:26:49.708867
MONDO:0024382,"circadian rhythm sleep disorder, shift work type",2026-08-01T14:32:57.510526
MONDO:0024457,neurodegeneration with brain iron accumulation 2A,2026-07-31T22:29:35.340079
MONDO:0024463,ovarian dysgenesis 1,2026-05-31T03:33:43.484913
MONDO:0024472,boutonneuse fever,2026-05-09T08:56:06.943508
MONDO:0024503,digestive system neuroendocrine neoplasm,2026-06-17T20:54:40.646592
MONDO:0024506,Adams-Oliver syndrome 1,2026-07-17T20:10:46.663181
MONDO:0024517,SMARCB1-related schwannomatosis,2026-06-08T18:54:22.831642
MONDO:0024526,Zimmermann-Laband syndrome 1,2026-07-31T22:15:14.954726
MONDO:0024528,"progressive external ophthalmoplegia with mitochondrial DNA deletions, autosomal dominant 1",2026-08-01T14:48:35.592725
MONDO:0024530,Bethlem myopathy 1A,2026-07-31T17:11:57.554129
MONDO:0024534,Dowling-Degos disease 1,2026-08-01T16:34:52.446728
MONDO:0024537,Brown-Vialetto-van Laere syndrome 1,2026-07-05T23:35:14.106420
MONDO:0024539,"choroidal dystrophy, central areolar, 1",2026-06-16T17:34:01.870935
MONDO:0024540,Jervell and Lange-Nielsen syndrome 1,2026-08-17T21:02:36.332186
MONDO:0024541,trichohepatoenteric syndrome 1,2026-08-24T16:28:42.909767
MONDO:0024542,"cerebellar ataxia, intellectual disability, and dysequilibrium syndrome 1",2026-05-13T22:45:15.366063
MONDO:0024543,brittle cornea syndrome 1,2026-08-23T15:20:58.099561
MONDO:0024546,"hypertrophic osteoarthropathy, primary, autosomal recessive, 1",2026-07-31T06:34:49.153986
MONDO:0024550,frontometaphyseal dysplasia 1,2026-07-06T13:56:59.586474
MONDO:0024552,linear skin defects with multiple congenital anomalies 1,2026-08-24T13:35:02.000115
MONDO:0024553,"myopathy, lactic acidosis, and sideroblastic anemia 1",2026-05-07T09:03:05.083174
MONDO:0024554,D-2-hydroxyglutaric aciduria 1,2026-07-25T14:15:42.944910
MONDO:0024557,ataxia-telangiectasia-like disorder 1,2026-04-24T14:45:04.807992
MONDO:0024559,"aortic aneurysm, familial thoracic 1",2026-06-14T00:20:29.448474
MONDO:0024561,vitelliform macular dystrophy 3,2026-03-19T19:41:16.221611
MONDO:0024562,sick sinus syndrome 1,2026-08-17T09:20:48.329148
MONDO:0024573,familial hypertrophic cardiomyopathy,2026-08-01T19:08:30.402291
MONDO:0024574,von Willebrand disease (hereditary or acquired),2026-03-18T01:49:51.181958
MONDO:0024608,dientamoebiasis,2026-03-17T19:32:57.999398
MONDO:0024623,otorhinolaryngologic disease,2026-04-13T00:22:11.570525
MONDO:0024676,childhood kidney Wilms tumor,2026-04-12T19:21:19.844024
MONDO:0024677,pancreatic insulinoma,2026-08-01T14:38:04.776291
MONDO:0024879,metastatic carcinoma,2026-08-01T14:01:24.999546
MONDO:0024883,metastatic neoplasm,2026-08-01T08:20:09.117601
MONDO:0025193,oculopharyngodistal myopathy,2026-06-19T09:04:32.002176
MONDO:0025294,tick-borne infectious disease,2026-03-18T01:49:51.181323
MONDO:0025351,"multiple congenital anomalies-neurodevelopmental syndrome, X-linked",2026-08-01T06:29:41.330129
MONDO:0025445,Wieacker-Wolff syndrome (spectrum),2026-08-16T15:23:48.771814
MONDO:0025514,livedoid vasculopathy,2026-05-05T14:53:20.054974
MONDO:0026045,prurigo nodularis,2026-03-18T01:49:51.181992
MONDO:0026720,"mitochondrial complex I deficiency, nuclear type 12",2026-08-22T02:28:52.755924
MONDO:0026722,Mullegama-Klein-Martinez syndrome,2026-07-31T01:24:22.927557
MONDO:0026729,"congenital disorder of glycosylation, type ICC",2026-08-23T07:32:54.261932
MONDO:0026762,"Wieacker-Wolff syndrome, female-restricted",2026-08-16T15:23:51.535393
MONDO:0026777,VEXAS syndrome,2026-06-29T11:31:27.651143
MONDO:0027407,Kleefstra syndrome 1,2026-03-21T09:13:02.754204
MONDO:0029000,poisoning,2026-03-23T14:46:56.317829
MONDO:0029133,"muscular dystrophy, limb-girdle, autosomal dominant 4",2026-07-02T08:55:53.182241
MONDO:0029141,"Usher syndrome, type 4",2026-08-21T12:44:01.889075
MONDO:0030009,alopecia-intellectual disability syndrome 4,2026-08-01T07:38:07.151031
MONDO:0030019,anauxetic dysplasia 3,2026-08-01T14:41:56.802485
MONDO:0030030,Nizon-Isidor syndrome,2026-07-30T23:08:22.060927
MONDO:0030045,Liberfarb syndrome,2026-05-19T17:12:38.540947
MONDO:0030047,"microcephaly, developmental delay, and brittle hair syndrome",2026-08-17T13:33:00.550272
MONDO:0030049,"46,xx sex reversal 5",2026-07-15T07:26:59.586511
MONDO:0030055,"neuronopathy, distal hereditary motor, autosomal recessive 8",2026-08-23T23:10:21.172231
MONDO:0030059,"developmental and epileptic encephalopathy, 87",2026-07-30T23:08:20.386560
MONDO:0030065,"agenesis of corpus callosum, cardiac, ocular, and genital syndrome",2026-08-01T19:06:44.426493
MONDO:0030067,Treacher Collins syndrome 4,2026-06-04T14:29:43.207746
MONDO:0030070,"heterotaxy, visceral, 9, autosomal, with male infertility",2026-08-18T21:10:10.622768
MONDO:0030266,immunodeficiency 80 with or without congenital cardiomyopathy,2026-08-17T21:20:25.584434
MONDO:0030309,"Leber hereditary optic neuropathy, autosomal recessive",2026-08-01T19:02:40.338563
MONDO:0030323,"spinocerebellar ataxia, autosomal recessive 31",2026-08-23T07:04:47.754159
MONDO:0030339,"microcephaly 28, primary, autosomal recessive",2026-07-23T13:21:40.587838
MONDO:0030353,Joubert syndrome 38,2026-03-17T19:40:41.856723
MONDO:0030361,Aicardi-Goutieres syndrome 8,2026-05-04T01:30:50.476781
MONDO:0030362,Aicardi-Goutieres syndrome 9,2026-05-04T01:30:50.484135
MONDO:0030428,immunodeficiency 85 and autoimmunity,2026-08-22T04:01:50.549858
MONDO:0030454,Joubert syndrome 39,2026-03-17T19:40:41.861332
MONDO:0030462,Joubert syndrome 40,2026-03-17T19:40:41.866008
MONDO:0030471,Galloway-Mowat syndrome 9,2026-04-14T01:11:51.107950
MONDO:0030476,Galloway-Mowat syndrome 10,2026-04-14T01:11:51.113708
MONDO:0030500,Loeys-Dietz syndrome 6,2026-08-18T09:20:08.215992
MONDO:0030503,"cholestasis, progressive familial intrahepatic, 7, with or without hearing loss",2026-08-01T06:45:08.232831
MONDO:0030505,"cholestasis, progressive familial intrahepatic, 8",2026-08-01T06:45:10.066634
MONDO:0030506,ovarian dysgenesis 9,2026-07-15T06:02:40.156268
MONDO:0030512,"spastic paraplegia 85, autosomal recessive",2026-08-01T14:24:16.590178
MONDO:0030517,"trichothiodystrophy 8, nonphotosensitive",2026-08-17T13:32:56.900467
MONDO:0030518,"trichothiodystrophy 9, nonphotosensitive",2026-08-17T13:32:58.843423
MONDO:0030519,"agammaglobulinemia 9, autosomal recessive",2026-08-08T16:44:42.566193
MONDO:0030528,immunodeficiency 93 and hypertrophic cardiomyopathy,2026-08-01T19:06:57.641934
MONDO:0030529,"agammaglobulinemia 10, autosomal dominant",2026-08-08T16:44:44.169048
MONDO:0030606,Bryant-Li-Bhoj neurodevelopmental syndrome 1,2026-08-02T22:55:31.892087
MONDO:0030607,Bryant-Li-Bhoj neurodevelopmental syndrome 2,2026-08-02T22:55:24.197294
MONDO:0030639,Teebi hypertelorism syndrome,2026-05-09T11:20:22.576996
MONDO:0030714,"osteogenesis imperfecta, IIA 22",2026-06-30T19:18:31.503112
MONDO:0030727,developmental and epileptic encephalopathy 101,2026-07-25T16:41:07.827614
MONDO:0030731,"aortic aneurysm, familial thoracic 12",2026-06-14T00:20:29.418132
MONDO:0030736,ovarian dysgenesis 10,2026-07-15T06:02:41.349371
MONDO:0030770,congenital disorder of deglycosylation 2,2026-07-05T23:13:40.776738
MONDO:0030800,"cholestasis, progressive familial intrahepatic, 9",2026-08-01T06:45:11.849490
MONDO:0030813,immunodeficiency 101 (varicella zoster virus-specific),2026-08-25T20:10:24.452435
MONDO:0030819,meckel syndrome 14,2026-03-17T19:43:27.671825
MONDO:0030837,"neurodevelopmental disorder with microcephaly, impaired language, epilepsy, and gait abnormalities",2026-08-18T15:24:11.443252
MONDO:0030852,"neurodevelopmental disorder with dysmorphic facies, sleep disturbance, and brain abnormalities",2026-08-16T19:33:09.796778
MONDO:0030861,"osteogenesis imperfecta, type 21",2026-06-30T19:11:56.204639
MONDO:0030864,Ritscher-Schinzel syndrome 3,2026-06-07T20:13:18.758912
MONDO:0030873,cardiofacioneurodevelopmental syndrome,2026-08-01T09:35:15.452255
MONDO:0030887,"cardiomyopathy, dilated, 2G",2026-08-23T20:25:04.656125
MONDO:0030903,Hermansky-Pudlak syndrome 11,2026-06-16T16:54:27.626283
MONDO:0030933,Joubert syndrome 37,2026-03-17T19:40:41.871239
MONDO:0030991,bile acid conjugation defect 1,2026-06-19T08:29:04.497848
MONDO:0030994,neurodevelopmental disorder with or without autism or seizures,2026-08-18T15:12:16.751361
MONDO:0031006,neurodegeneration with ataxia and late-onset optic atrophy,2026-08-01T19:28:44.298583
MONDO:0031009,Glanzmann thrombasthenia 2,2026-08-24T16:11:15.033641
MONDO:0031014,autoimmune gastritis,2026-07-01T01:41:16.327154
MONDO:0031037,famililal cerebral cavernous malformations,2026-05-04T16:31:14.631284
MONDO:0031060,"microcephaly 29, primary, autosomal recessive",2026-07-23T13:21:45.287664
MONDO:0031280,Stuve-Wiedemann syndrome,2026-08-19T20:33:33.385112
MONDO:0031332,Glanzmann thrombasthenia 1,2026-08-24T16:11:08.907061
MONDO:0031376,congenital disorder of deglycosylation,2026-07-05T23:14:10.050455
MONDO:0031415,Carey-Fineman-Ziter syndrome,2026-08-15T19:59:46.499811
MONDO:0031421,Olmsted syndrome,2026-03-08T15:13:18.235470
MONDO:0031481,"microcephaly, epilepsy, and diabetes syndrome 1",2026-08-20T08:11:07.593047
MONDO:0032485,intellectual developmental disorder 61,2026-04-14T20:45:13.475874
MONDO:0032564,hennekam lymphangiectasia-lymphedema syndrome 3,2026-08-02T01:27:03.072426
MONDO:0032570,Joubert syndrome 35,2026-03-17T19:40:41.876411
MONDO:0032583,"microcephaly 24, primary, autosomal recessive",2026-07-23T13:21:31.308730
MONDO:0032590,ovarian dysgenesis 8,2026-07-15T06:02:38.959238
MONDO:0032600,Snijders Blok-Campeau syndrome,2026-05-04T18:56:08.556194
MONDO:0032606,"mitochondrial complex I deficiency, nuclear type 2",2026-08-25T19:46:10.825586
MONDO:0032634,"mitochondrial complex I deficiency, nuclear type 31",2026-08-26T13:55:42.239245
MONDO:0032657,"developmental and epileptic encephalopathy, 69",2026-07-31T06:29:01.657278
MONDO:0032678,"developmental and epileptic encephalopathy, 71",2026-07-06T08:30:13.509774
MONDO:0032681,"encephalopathy, progressive, early-onset, with episodic rhabdomyolysis",2026-08-16T19:18:06.671007
MONDO:0032685,"infantile cataract, skin abnormalities, glutamate excess, and impaired intellectual development",2026-08-07T05:24:45.131824
MONDO:0032687,"intellectual developmental disorder with abnormal behavior, microcephaly, and short stature",2026-08-01T07:44:12.456474
MONDO:0032691,Galloway-Mowat syndrome 6,2026-04-14T01:11:51.090129
MONDO:0032692,Galloway-Mowat syndrome 7,2026-04-14T01:11:51.095783
MONDO:0032693,Galloway-Mowat syndrome 8,2026-04-14T01:11:51.101424
MONDO:0032694,"microcephaly 25, primary, autosomal recessive",2026-07-23T13:21:35.868803
MONDO:0032697,Houge-Janssens syndrome 3,2026-03-17T19:39:04.195290
MONDO:0032703,"short stature, amelogenesis imperfecta, and skeletal dysplasia with scoliosis",2026-08-24T13:23:05.794710
MONDO:0032710,"developmental and epileptic encephalopathy, 72",2026-08-20T12:30:44.370930
MONDO:0032714,"facial dysmorphism, hypertrichosis, epilepsy, intellectual/developmental delay, and gingival overgrowth syndrome",2026-03-17T19:53:31.002934
MONDO:0032725,"developmental and epileptic encephalopathy, 74",2026-07-25T16:21:33.360034
MONDO:0032733,"global developmental delay, progressive ataxia, and elevated glutamine",2026-07-30T15:23:48.944774
MONDO:0032738,"gonadal dysgenesis, dysmorphic facies, retinal dystrophy, and myopathy",2026-08-01T14:07:50.239967
MONDO:0032753,"spastic ataxia 9, autosomal recessive",2026-08-19T21:01:39.208754
MONDO:0032756,long QT syndrome 8,2026-05-09T04:07:12.522072
MONDO:0032758,"neurodegeneration, early-onset, with choreoathetoid movements and microcytic anemia",2026-08-01T19:14:39.386285
MONDO:0032772,"brain abnormalities, neurodegeneration, and dysosteosclerosis",2026-08-19T21:15:31.867426
MONDO:0032775,neurodevelopmental disorder with seizures and speech and walking impairment,2026-08-01T07:38:11.705579
MONDO:0032780,"hypotonia, hypoventilation, impaired intellectual development, dysautonomia, epilepsy, and eye abnormalities",2026-03-18T01:49:51.180829
MONDO:0032786,Noonan syndrome 11,2026-08-18T09:20:50.007932
MONDO:0032787,holoprosencephaly 12 with or without pancreatic agenesis,2026-07-31T01:57:24.124139
MONDO:0032790,neurodevelopmental disorder with coarse facies and mild distal skeletal abnormalities,2026-08-15T08:58:25.704326
MONDO:0032791,Coffin-Siris syndrome 10,2026-08-01T06:27:38.899919
MONDO:0032806,"trichothiodystrophy 7, nonphotosensitive",2026-08-17T13:32:55.159225
MONDO:0032823,intellectual developmental disorder 60 with seizures,2026-08-01T09:49:23.240863
MONDO:0032831,"pontocerebellar hypoplasia, type 13",2026-08-20T15:29:02.549051
MONDO:0032846,"osteogenesis imperfecta, type 20",2026-06-30T19:03:48.252502
MONDO:0032853,"myopathy, distal, 6, adult-onset, autosomal dominant",2026-08-02T04:54:56.043820
MONDO:0032854,Zimmermann-Laband syndrome 3,2026-08-06T19:33:51.794554
MONDO:0032855,neurodevelopmental disorder with dysmorphic facies and distal skeletal anomalies,2026-08-01T06:29:39.753762
MONDO:0032882,Heyn-Sproul-Jackson syndrome,2026-07-31T06:32:00.379168
MONDO:0032893,"pachygyria, microcephaly, developmental delay, and dysmorphic facies, with or without seizures",2026-08-24T23:47:41.050287
MONDO:0032894,"neurodevelopmental disorder with epilepsy, spasticity, and brain atrophy",2026-08-16T19:18:00.571060
MONDO:0032895,"developmental and epileptic encephalopathy, 83",2026-07-05T23:12:54.549148
MONDO:0032897,intellectual developmental disorder with hypotonia and behavioral abnormalities,2026-07-30T23:08:18.853493
MONDO:0032900,neurodevelopmental disorder with hypotonia and autistic features with or without hyperkinetic movements,2026-07-06T08:53:41.392708
MONDO:0032902,Joubert syndrome 36,2026-03-17T19:40:41.882098
MONDO:0032915,long QT syndrome 16,2026-05-09T04:07:12.583680
MONDO:0032918,"developmental and epileptic encephalopathy, 84",2026-07-05T23:12:20.866245
MONDO:0032919,intellectual developmental disorder 62,2026-08-19T08:40:24.557352
MONDO:0032922,Beck-Fahrner syndrome,2026-08-22T18:32:35.701356
MONDO:0032923,"spinocerebellar ataxia, autosomal recessive 28",2026-07-23T21:44:46.147542
MONDO:0032939,"intellectual developmental disorder, autosomal dominant 63, with macrocephaly",2026-08-06T19:39:40.100618
MONDO:0033005,Galloway-Mowat syndrome 1,2026-04-14T01:11:51.062020
MONDO:0033006,"Galloway-Mowat syndrome 2, X-linked",2026-04-14T01:11:51.067614
MONDO:0033007,Galloway-Mowat syndrome 3,2026-04-14T01:11:51.072903
MONDO:0033008,Galloway-Mowat syndrome 4,2026-04-14T01:11:51.078149
MONDO:0033009,Galloway-Mowat syndrome 5,2026-04-14T01:11:51.083902
MONDO:0033044,Meckel syndrome 13,2026-03-17T19:43:27.666121
MONDO:0033045,orofaciodigital syndrome 16,2026-08-19T08:05:47.344409
MONDO:0033046,Meier-Gorlin syndrome 8,2026-08-01T02:53:03.000000
MONDO:0033047,Perrault syndrome 6,2026-08-08T21:04:10.839070
MONDO:0033308,Joubert syndrome 30,2026-03-17T19:40:41.887286
MONDO:0033309,Joubert syndrome 32,2026-03-17T19:40:41.891597
MONDO:0033310,Joubert syndrome 31,2026-03-17T19:40:41.897474
MONDO:0033311,Joubert syndrome 33,2026-03-17T19:40:41.901975
MONDO:0033352,"neuropathy, congenital hypomelinating",2026-08-22T18:37:35.598401
MONDO:0033361,"developmental and epileptic encephalopathy, 52",2026-08-19T14:29:21.531577
MONDO:0033363,"developmental and epileptic encephalopathy, 54",2026-08-19T14:44:36.364789
MONDO:0033365,"developmental and epileptic encephalopathy, 56",2026-05-31T04:42:16.925535
MONDO:0033372,"developmental and epileptic encephalopathy, 63",2026-07-06T09:27:57.101492
MONDO:0033373,"developmental and epileptic encephalopathy, 64",2026-08-20T12:21:16.169444
MONDO:0033374,"developmental and epileptic encephalopathy, 65",2026-08-20T04:18:58.276745
MONDO:0033375,orofaciodigital syndrome 17,2026-06-20T00:33:38.561175
MONDO:0033541,immunodeficiency 69,2026-08-23T06:54:31.111000
MONDO:0033558,"autoinflammation, immune dysregulation, and eosinophilia",2026-06-27T01:30:30.615608
MONDO:0033559,intellectual developmental disorder with seizures and language delay,2026-07-25T01:27:56.280567
MONDO:0033635,"mitochondrial complex IV deficiency, nuclear type 3",2026-05-30T19:16:57.558741
MONDO:0033636,"mitochondrial complex IV deficiency, nuclear type 4",2026-05-30T19:15:48.391744
MONDO:0033637,"mitochondrial complex IV deficiency, nuclear type 7",2026-07-05T23:36:16.054804
MONDO:0033638,"mitochondrial complex IV deficiency, nuclear type 8",2026-06-15T00:08:18.658304
MONDO:0033639,"mitochondrial complex IV deficiency, nuclear type 10",2026-06-17T06:24:22.649211
MONDO:0033640,"vitamin D-dependent rickets, type 3",2026-08-19T17:16:27.861776
MONDO:0033642,neurodevelopmental disorder with alopecia and brain abnormalities,2026-08-01T07:38:01.062752
MONDO:0033644,"microcornea, rod-cone dystrophy, cataract, and posterior staphyloma 1",2026-04-04T20:29:29.673332
MONDO:0033645,"mitochondrial complex IV deficiency, nuclear type 11",2026-06-20T02:09:35.129840
MONDO:0033646,"mitochondrial complex IV deficiency, nuclear type 12",2026-06-16T16:14:32.380009
MONDO:0033649,"mitochondrial complex IV deficiency, nuclear type 14",2026-06-21T10:46:32.163671
MONDO:0033650,"mitochondrial complex IV deficiency, nuclear type 15",2026-06-20T04:28:50.717481
MONDO:0033651,"mitochondrial complex IV deficiency, nuclear type 16",2026-06-19T18:17:05.308452
MONDO:0033652,"mitochondrial complex IV deficiency, nuclear type 17",2026-05-30T19:16:34.607575
MONDO:0033653,"mitochondrial complex IV deficiency, nuclear type 18",2026-06-23T18:10:50.691524
MONDO:0033654,"mitochondrial complex IV deficiency, nuclear type 19",2026-07-31T06:34:12.232743
MONDO:0033655,"mitochondrial complex IV deficiency, nuclear type 20",2026-06-19T23:09:54.504678
MONDO:0033656,"mitochondrial complex IV deficiency, nuclear type 21",2026-06-24T00:15:56.894056
MONDO:0033664,Kilquist syndrome,2026-05-30T15:24:55.234110
MONDO:0033667,Delpire-McNeill syndrome,2026-05-30T15:24:55.057233
MONDO:0033864,infantile hypotonia-oculomotor anomalies-hyperkinetic movements-developmental delay syndrome,2026-07-06T07:49:49.492175
MONDO:0033885,"mitochondrial complex IV deficiency, nuclear-type",2026-05-30T19:17:44.042829
MONDO:0033946,hereditary angioedema with C1Inh deficiency,2026-05-09T03:16:35.154193
MONDO:0034145,oculocerebrodental syndrome,2026-06-19T20:13:20.881158
MONDO:0034216,resistance to thyroid hormone due to a mutation in thyroid hormone receptor alpha,2026-07-31T18:10:06.654779
MONDO:0035133,PHIP-related behavioral problems-intellectual disability-obesity-dysmorphic features syndrome,2026-08-01T19:30:10.051304
MONDO:0035149,secondary erythromelalgia,2026-08-17T09:03:31.379661
MONDO:0035220,PLG-related hereditary angioedema with normal C1inh,2026-05-09T03:16:35.206497
MONDO:0035235,classic pyoderma gangrenosum,2026-08-20T20:57:06.460005
MONDO:0035236,pustular pyoderma gangrenosum,2026-08-20T20:57:20.833123
MONDO:0035237,bullous pyoderma gangrenosum,2026-08-20T20:59:14.996700
MONDO:0035238,vegetative pyoderma gangrenosum,2026-08-20T20:57:25.155433
MONDO:0035423,primary triglyceride deposit cardiomyovasculopathy,2026-07-28T12:18:49.903140
MONDO:0035540,pheochromocytoma-paraganglioma,2026-03-18T01:49:51.181666
MONDO:0035584,punctate inner choroidopathy,2026-08-01T09:40:47.204109
MONDO:0035605,B-lymphoblastic leukemia/lymphoma with recurrent genetic abnormality,2026-05-10T16:12:29.157232
MONDO:0035663,neuromyelitis optica spectrum disorder with anti-AQP4 antibodies,2026-05-10T07:24:50.291897
MONDO:0035666,acute transverse myelitis with anti-MOG antibodies,2026-05-15T23:06:49.045162
MONDO:0035734,hereditary angioedema with normal C1inh not related to F12 or PLG variant,2026-05-09T03:16:35.218347
MONDO:0035819,cerebellar hypoplasia-intellectual disability-congenital microcephaly-dystonia-anemia-growth retardation syndrome,2026-08-01T09:42:47.127127
MONDO:0035940,B-lymphoblastic leukemia/lymphoma with t(9;22)(q34.1;q11.2),2026-05-10T16:37:40.156796
MONDO:0035941,B-lymphoblastic leukemia/lymphoma with t(v;11q23.3),2026-05-10T16:37:40.169239
MONDO:0035942,B-lymphoblastic leukemia/lymphoma with t(12;21)(p13.2;q22.1),2026-05-10T16:37:40.180379
MONDO:0035943,B-lymphoblastic leukemia/lymphoma with hyperdiploidy,2026-05-10T16:37:40.193536
MONDO:0035944,B-lymphoblastic leukemia/lymphoma with hypodiploidy,2026-05-10T16:37:40.206674
MONDO:0035945,B-lymphoblastic leukemia/lymphoma with t(5;14)(q31.1;q32.3),2026-05-10T16:37:40.219811
MONDO:0036042,KAT6B-related multiple congenital anomalies syndrome,2026-08-17T08:21:23.340133
MONDO:0036189,oculogastrointestinal-neurodevelopmental syndrome,2026-05-08T09:20:02.111165
MONDO:0037251,congestive splenomegaly,2026-03-18T01:49:51.182085
MONDO:0040679,urothelial carcinoma,2026-03-18T01:49:51.181614
MONDO:0040870,primary polydipsia,2026-03-17T19:32:49.180381
MONDO:0041996,thallium poisoning,2026-03-18T02:23:27.873124
MONDO:0042485,infective arthritis,2026-03-18T01:49:51.181329
MONDO:0042495,arteriosclerotic retinopathy,2026-06-18T20:05:19.032610
MONDO:0042964,Machado-Joseph disease type 4,2026-04-25T18:17:07.876933
MONDO:0042979,"hypokalemic periodic paralysis, type 1",2026-05-09T11:47:45.794396
MONDO:0042981,aortic valve stenosis,2026-08-10T14:35:27.700006
MONDO:0043264,post-traumatic epilepsy,2026-08-05T00:03:51.856924
MONDO:0043267,rheumatoid vasculitis,2026-05-06T23:03:47.579231
MONDO:0043339,lathyrism,2026-07-28T12:15:58.339823
MONDO:0043373,sudden sensorineural hearing loss,2026-07-21T15:25:10.610943
MONDO:0043512,traumatic encephalopathy,2026-06-11T21:43:17.271737
MONDO:0043523,cadmium poisoning,2026-03-18T02:23:27.798389
MONDO:0043693,alcoholic liver disease,2026-05-03T15:42:25.903318
MONDO:0043759,abdominal ectopic pregnancy,2026-08-04T00:46:06.896143
MONDO:0043762,tubal pregnancy,2026-08-04T00:46:03.807208
MONDO:0043765,presbycusis,2026-07-21T15:25:10.207516
MONDO:0043836,"tuberculosis, spinal",2026-03-17T19:41:22.702690
MONDO:0043985,central nervous system lupus,2026-08-16T14:44:23.017084
MONDO:0044067,"candidiasis, invasive",2026-08-08T14:44:44.170268
MONDO:0044070,candidemia,2026-08-08T14:44:47.473471
MONDO:0044092,collagenous sprue,2026-03-18T01:49:51.181800
MONDO:0044098,ovarian ectopic pregnancy,2026-08-04T00:46:05.854048
MONDO:0044101,"pregnancy, cornual",2026-08-04T00:46:04.844297
MONDO:0044202,episodic kinesigenic dyskinesia,2026-08-01T08:27:11.377719
MONDO:0044205,Shwachman-Diamond syndrome 2,2026-04-16T12:31:24.703569
MONDO:0044304,hyperphenylalaninemia due to DNAJC12 deficiency,2026-05-08T09:52:35.247282
MONDO:0044308,bardet-biedl syndrome 21,2026-06-28T14:02:16.466308
MONDO:0044312,immunoskeletal dysplasia with neurodevelopmental abnormalities,2026-07-30T23:55:59.178580
MONDO:0044315,craniosynostosis 7,2026-05-31T04:17:12.148679
MONDO:0044319,"intellectual developmental disorder with dysmorphic facies, seizures, and distal limb anomalies",2026-08-01T00:48:32.233684
MONDO:0044322,intellectual developmental disorder with neuropsychiatric features,2026-07-06T19:51:43.982215
MONDO:0044325,"Fanconi anemia, complementation group W",2026-03-17T19:35:21.346201
MONDO:0044329,"osteogenesis imperfecta, type 18",2026-06-30T18:49:05.956461
MONDO:0044627,acute macular neuroretinopathy,2026-07-16T14:39:16.230563
MONDO:0044629,congenital amyoplasia,2026-05-13T16:51:51.010390
MONDO:0044633,idiopathic pleuroparenchymal fibroelastosis,2026-08-20T07:33:10.086637
MONDO:0044688,isolated optic neuritis,2026-05-16T09:52:12.255734
MONDO:0044696,early-onset progressive encephalopathy-hearing loss-pons hypoplasia-brain atrophy syndrome,2026-08-05T21:56:04.372944
MONDO:0044705,paranasal sinus squamous cell carcinoma,2026-06-17T10:35:20.241475
MONDO:0044714,mitochondrial myopathy-cerebellar ataxia-pigmentary retinopathy syndrome,2026-08-01T19:16:30.880990
MONDO:0044720,cerebellar ataxia with neuropathy and bilateral vestibular areflexia syndrome,2026-07-30T20:36:15.031259
MONDO:0044739,Stevens-Johnson syndrome/toxic epidermal necrolysis overlap syndrome,2026-06-24T14:34:18.504277
MONDO:0044776,premature ovarian failure 10,2026-06-07T11:30:38.960997
MONDO:0044778,nodular lymphocyte predominant Hodgkin lymphoma,2026-06-20T02:06:32.624700
MONDO:0044884,tonsillar lymphoma,2026-03-18T01:49:51.180794
MONDO:0044913,metastatic malignant neoplasm in the eye,2026-08-01T14:35:56.747869
MONDO:0044923,acute myeloid leukemia with mutated NPM1,2026-03-18T01:49:51.181569
MONDO:0044926,oropharyngeal carcinoma,2026-03-18T01:49:51.181698
MONDO:0044970,mitochondrial disease,2026-03-18T01:49:51.181007
MONDO:0045047,neurosarcoidosis,2026-05-16T04:55:09.670534
MONDO:0045056,grade II meningioma,2026-03-08T15:13:18.235523
MONDO:0049223,"osteogenesis imperfecta, type 19",2026-06-30T18:56:41.797060
MONDO:0054560,anauxetic dysplasia 1,2026-08-01T14:41:52.985190
MONDO:0054561,anauxetic dysplasia 2,2026-08-01T14:41:55.128455
MONDO:0054577,"bleeding disorder, platelet-type, 21",2026-08-22T02:13:35.839669
MONDO:0054588,Noonan syndrome-like disorder with loose anagen hair 2,2026-07-12T09:42:31.116430
MONDO:0054591,Stankiewicz-Isidor syndrome,2026-05-30T19:34:27.564154
MONDO:0054601,"pituitary adenoma 5, multiple types",2026-06-03T15:56:59.208164
MONDO:0054637,Noonan syndrome-like disorder with loose anagen hair 1,2026-07-12T09:42:30.971930
MONDO:0054665,"pituitary adenoma 3, multiple types",2026-08-18T02:43:34.242708
MONDO:0054666,ovarian dysgenesis 5,2026-07-15T06:02:35.270752
MONDO:0054680,"epiphyseal dysplasia, multiple, 7",2026-07-06T08:13:00.544884
MONDO:0054701,Kleefstra syndrome 2,2026-03-21T09:13:02.773270
MONDO:0054708,retinitis pigmentosa 80,2026-07-03T15:17:32.132790
MONDO:0054716,"microcephaly 19, primary, autosomal recessive",2026-07-23T13:21:08.070601
MONDO:0054722,geleophysic dysplasia 3,2026-05-09T22:06:53.222604
MONDO:0054748,"Fanconi anemia, complementation group S",2026-03-17T19:35:21.328201
MONDO:0054761,"microcephaly 20, primary, autosomal recessive",2026-07-23T13:21:12.639925
MONDO:0054770,orofaciodigital syndrome 18,2026-08-19T08:05:50.693613
MONDO:0054780,elliptocytosis 3,2026-05-09T04:57:52.205342
MONDO:0054794,"hydrocephalus, congenital, 3, with brain anomalies",2026-08-20T07:42:19.317490
MONDO:0054804,"microcephaly 21, primary, autosomal recessive",2026-07-23T13:21:17.426722
MONDO:0054805,"microcephaly 22, primary, autosomal recessive",2026-07-23T13:21:21.925059
MONDO:0054806,"microcephaly 23, primary, autosomal recessive",2026-07-23T13:21:26.492556
MONDO:0054845,"developmental and epileptic encephalopathy, 66",2026-08-19T20:43:39.136366
MONDO:0054850,ovarian dysgenesis 6,2026-07-15T06:02:36.528752
MONDO:0060489,"46,XX sex reversal 4",2026-07-15T07:26:56.626403
MONDO:0060491,neurodevelopmental disorder with involuntary movements,2026-07-23T20:44:56.002180
MONDO:0060496,"neurodevelopmental disorder with hypotonia, neuropathy, and deafness",2026-08-01T19:39:27.035527
MONDO:0060510,Cohen-Gibson syndrome,2026-08-15T09:04:38.133104
MONDO:0060532,congenital heart defects and skeletal malformations syndrome,2026-08-01T19:25:57.204222
MONDO:0060562,"encephalopathy, neonatal severe, with lactic acidosis and brain abnormalities",2026-03-17T19:45:29.341039
MONDO:0060568,Pilarowski-Bjornsson syndrome,2026-05-31T02:50:55.997711
MONDO:0060577,"neurodevelopmental disorder with microcephaly, ataxia, and seizures",2026-08-01T19:12:40.248985
MONDO:0060578,"neurodevelopmental disorder, mitochondrial, with abnormal movements and lactic acidosis, with or without seizures",2026-08-01T19:12:50.976275
MONDO:0060583,platelet abnormalities with eosinophilia and immune-mediated inflammatory disease,2026-08-23T22:36:11.717378
MONDO:0060585,"neuronopathy, distal hereditary motor, type 9",2026-08-22T13:49:02.445851
MONDO:0060596,neurodevelopmental disorder with dysmorphic facies and distal limb anomalies,2026-08-01T06:29:38.194740
MONDO:0060621,"neurodevelopmental disorder with microcephaly, seizures, and cortical atrophy",2026-08-18T15:29:28.319727
MONDO:0060629,"neurodevelopmental disorder with or without hyperkinetic movements and seizures, autosomal recessive",2026-07-25T16:41:08.659645
MONDO:0060640,"neurodevelopmental disorder with microcephaly, epilepsy, and brain atrophy",2026-08-16T19:18:04.841768
MONDO:0060650,Leber congenital amaurosis with early-onset deafness,2026-07-31T06:32:35.357038
MONDO:0060713,"deafness, congenital heart defects, and posterior embryotoxon",2026-08-19T09:06:22.292881
MONDO:0060779,acquired Fanconi syndrome,2026-03-08T15:18:53.233221
MONDO:0100000,MED12-related intellectual disability syndrome,2026-05-02T01:33:39.471992
MONDO:0100001,alpha-gal syndrome,2026-07-05T08:02:31.644812
MONDO:0100014,autoimmune retinopathy,2026-07-05T23:34:23.244533
MONDO:0100017,pityriasis rubra pilaris,2026-03-17T19:45:58.376779
MONDO:0100023,self-limited familial neonatal epilepsy,2026-08-01T03:33:28.631481
MONDO:0100025,epilepsy of infancy with migrating focal seizures,2026-07-18T11:05:26.295553
MONDO:0100038,complex neurodevelopmental disorder,2026-04-16T12:28:38.315978
MONDO:0100039,CDKL5 disorder,2026-07-17T21:44:11.189885
MONDO:0100040,FOXG1 disorder,2026-05-10T16:21:10.405813
MONDO:0100061,PRPS1 deficiency disorder,2026-07-30T14:07:47.990842
MONDO:0100062,genetic developmental and epileptic encephalopathy,2026-07-31T00:12:02.411996
MONDO:0100091,inherited pseudoxanthoma elasticum,2026-06-18T22:25:18.483768
MONDO:0100094,cannabinoid hyperemesis syndrome,2026-05-08T12:02:59.056554
MONDO:0100095,"neurodegeneration, childhood-onset, stress-induced, with variable ataxia and seizures",2026-08-01T19:26:00.192260
MONDO:0100096,COVID-19,2026-03-18T01:49:51.181317
MONDO:0100099,retrograde cricopharyngeus dysfunction,2026-03-18T01:49:51.181432
MONDO:0100115,acute flaccid myelitis,2026-05-16T10:34:33.918567
MONDO:0100116,Middle East respiratory syndrome,2026-06-28T20:54:25.111250
MONDO:0100124,NAA10-related syndrome,2026-05-30T21:55:04.652834
MONDO:0100125,hallucinogen-persisting perception disorder,2026-08-14T11:24:07.064352
MONDO:0100126,P5CS deficiency,2026-04-30T14:15:54.267066
MONDO:0100130,adult acute respiratory distress syndrome,2026-08-08T13:40:41.190097
MONDO:0100131,pediatric acute respiratory distress syndrome,2026-08-08T13:40:42.860397
MONDO:0100135,Dravet syndrome,2026-03-18T01:49:51.180709
MONDO:0100144,Uner Tan Syndrome,2026-08-20T14:54:36.515904
MONDO:0100151,nephropathic cystinosis,2026-05-03T07:39:48.322420
MONDO:0100153,tubulinopathy,2026-06-13T19:28:49.923778
MONDO:0100154,TUBB3-related tubulinopathy,2026-06-11T19:22:10.509734
MONDO:0100160,alcoholic ketoacidosis,2026-03-17T19:50:38.580874
MONDO:0100162,IKBKG-related immunodeficiency with or without ectodermal dysplasia,2026-04-24T18:06:30.551044
MONDO:0100163,COVID-19–associated multisystem inflammatory syndrome in children,2026-06-28T18:06:40.834451
MONDO:0100164,permanent neonatal diabetes mellitus,2026-03-17T19:32:48.943564
MONDO:0100184,GTP cyclohydrolase I deficiency,2026-05-08T09:52:35.198780
MONDO:0100186,GTP cyclohydrolase I deficiency with hyperphenylalaninemia,2026-06-22T12:42:23.149628
MONDO:0100197,parainfluenza infectious disease,2026-06-28T20:54:19.147521
MONDO:0100212,IFAP syndrome,2026-05-11T12:49:01.792841
MONDO:0100216,DICER1-related tumor predisposition,2026-08-01T14:45:06.586202
MONDO:0100230,fatty acyl-CoA reductase 1 upregulation,2026-07-28T12:19:24.141319
MONDO:0100233,long COVID-19,2026-03-18T01:49:51.180883
MONDO:0100234,paroxysmal familial ventricular fibrillation,2026-06-14T17:38:21.407032
MONDO:0100244,paroxysmal nocturnal hemoglobinuria,2026-08-13T20:23:13.352326
MONDO:0100247,multiple congenital anomalies-hypotonia-seizures syndrome,2026-08-14T04:18:19.169736
MONDO:0100249,"46,XX testicular disorder of sex development",2026-05-08T09:13:09.856999
MONDO:0100250,"46,XX sex reversal 1",2026-07-15T07:26:52.715605
MONDO:0100253,Roberts-SC phocomelia syndrome,2026-07-31T06:36:21.847062
MONDO:0100254,CACNA1A-related complex neurodevelopmental disorder,2026-03-20T13:15:30.275955
MONDO:0100255,adenosine kinase deficiency,2026-04-30T14:18:01.491935
MONDO:0100258,phytanoyl-CoA hydroxylase deficiency,2026-08-04T17:51:13.334943
MONDO:0100280,Waldenstrom macroglobulinemia,2026-07-31T06:36:10.610211
MONDO:0100288,enhanced S-cone syndrome,2026-07-10T22:30:42.468321
MONDO:0100291,early T cell progenitor acute lymphoblastic leukemia,2026-08-01T02:27:41.820778
MONDO:0100294,"mitochondrial complex II deficiency, nuclear type 1",2026-07-31T06:33:36.279724
MONDO:0100307,adult Refsum disease due to PEX7 defect,2026-08-04T17:47:42.433393
MONDO:0100313,focal segmental glomerulosclerosis,2026-04-14T13:34:56.972079
MONDO:0100316,long QT syndrome 1,2026-04-13T22:49:10.592006
MONDO:0100326,Glanzmann thrombasthenia,2026-08-24T16:11:07.036659
MONDO:0100339,Friedreich ataxia,2026-03-17T19:35:43.657902
MONDO:0100348,"neurodevelopmental disorder with microcephaly, impaired language, and gait abnormalities",2026-08-18T15:24:02.792418
MONDO:0100368,RPE65-related recessive retinopathy,2026-06-27T18:33:46.531868
MONDO:0100371,acute hepatitis C virus infection,2026-05-04T13:43:07.532341
MONDO:0100415,"acute myeloid leukemia, FLT3 internal tandem duplication",2026-03-18T01:49:51.181555
MONDO:0100429,intrahepatic cholestasis of pregnancy,2026-08-02T03:07:39.586143
MONDO:0100432,FNIP1-associated syndrome,2026-08-08T16:44:46.254022
MONDO:0100435,Schwartz-Jampel syndrome type 1,2026-08-17T20:38:39.541862
MONDO:0100437,RPGR-related retinopathy,2026-03-19T19:44:10.027927
MONDO:0100438,AIPL1-related retinopathy,2026-07-22T12:56:32.363914
MONDO:0100439,glycogen storage disease IXa2,2026-08-21T09:13:12.001144
MONDO:0100441,GUCY2D-related dominant retinopathy,2026-06-25T09:07:55.136161
MONDO:0100442,RP2-related retinopathy,2026-07-20T14:20:25.335657
MONDO:0100443,RDH5-related retinopathy,2026-08-01T16:26:58.630506
MONDO:0100444,RLBP1-related retinopathy,2026-08-01T16:28:49.054988
MONDO:0100445,LCA5-related retinopathy,2026-08-13T20:59:34.498272
MONDO:0100449,FLVCR1-related retinopathy with or without ataxia,2026-08-01T16:17:41.541463
MONDO:0100450,CAPN5-related vitreoretinopathy,2026-08-01T16:25:08.030368
MONDO:0100452,RPE65-related dominant retinopathy,2026-06-27T18:33:46.546742
MONDO:0100453,GUCY2D-related recessive retinopathy,2026-06-25T09:07:55.096245
MONDO:0100465,complex neurodevelopmental disorder with or without congenital anomalies,2026-08-18T15:26:30.053432
MONDO:0100471,vitamin D deficiency,2026-03-08T15:18:53.233216
MONDO:0100480,autoimmune primary adrenal insufficiency,2026-05-13T21:47:20.222084
MONDO:0100485,KCNH1 associated disorder,2026-07-31T21:20:26.552345
MONDO:0100488,CDH1-related diffuse gastric and lobular breast cancer syndrome,2026-03-23T20:23:39.240968
MONDO:0100494,autosomal dominant titinopathy,2026-04-20T13:48:31.901315
MONDO:0100509,IFT140-related recessive ciliopathy,2026-06-28T15:37:23.096200
MONDO:0100513,TRAF3 haploinsufficiency,2026-08-26T13:57:55.084084
MONDO:0100515,mirror movements 1 and/or agenesis of the corpus callosum,2026-08-01T19:06:52.985081
MONDO:0100531,"Emery-Dreifuss muscular dystrophy 1, X-linked",2026-06-16T17:49:21.876336
MONDO:0100553,OPTN-related open angle glaucoma,2026-08-20T14:44:10.103327
MONDO:0100566,myoclonic epilepsy in infancy,2026-08-05T20:10:26.631909
MONDO:0100567,hereditary angioedema with normal C1Inh,2026-05-09T03:16:35.186236
MONDO:0100595,furunculosis,2026-03-17T19:35:35.558587
MONDO:0100605,POLR-related leukodystrophy,2026-08-24T16:07:31.545158
MONDO:0100607,"ciliary dyskinesia, primary, 54",2026-08-22T19:08:53.565986
MONDO:0100626,SOX11-related complex neurodevelopmental disorder with or without congenital anomalies,2026-07-31T23:10:22.413370
MONDO:0100627,"CFTR-related metabolic syndrome/CF screen positive, inconclusive diagnosis",2026-05-03T15:42:37.461481
MONDO:0100631,sleep-related hypermotor epilepsy,2026-08-01T08:27:23.157799
MONDO:0400000,small intestinal bacterial overgrowth,2026-03-18T01:49:51.181455
MONDO:0400005,refeeding syndrome,2026-03-17T19:50:38.327740
MONDO:0600023,idiopathic inflammatory myopathy,2026-03-17T19:45:49.797380
MONDO:0700088,paroxysmal nonkinesigenic dyskinesia,2026-08-01T08:27:13.116975
MONDO:0700092,neurodevelopmental disorder,2026-07-06T20:19:22.105364
MONDO:0700115,proliferative vitreoretinopathy,2026-07-16T12:54:02.399135
MONDO:0700215,NTRK fusion positive cancer,2026-03-18T01:49:51.181646
MONDO:0700224,PDE6A-related retinopathy,2026-07-22T18:09:04.564096
MONDO:0700236,BBS9-related ciliopathy,2026-06-14T23:58:40.940106
MONDO:0700238,BEST1-related dominant retinopathy,2026-06-24T04:15:09.376313
MONDO:0700239,BEST1-related recessive retinopathy,2026-07-07T09:25:03.017959
MONDO:0700243,CACNA1F-related retinopathy,2026-08-01T16:19:45.896645
MONDO:0700250,"mitochondrial complex IV deficiency, nuclear type 1",2026-05-30T19:15:24.404900
MONDO:0700286,"leukodystrophy, demyelinating, adult-onset, autosomal dominant, atypical",2026-08-20T07:18:35.605943
MONDO:0700290,spermatogenic failure 98,2026-08-22T02:55:42.252879
MONDO:0700291,glycogen storage disease IX,2026-08-21T09:06:23.829171
MONDO:0700294,CTCF-related neurodevelopmental disorder,2026-03-18T01:49:51.180862
MONDO:0700335,familial isolated dilated cardiomyopathy,2026-08-23T16:44:41.647859
MONDO:0700345,TMEM127-related tumor predisposition,2026-08-01T14:46:18.421059
MONDO:0700346,MAX-related tumor predisposition,2026-08-01T14:46:16.226024
MONDO:0700350,GRIN2B-related complex neurodevelopmental disorder,2026-08-01T14:16:06.786435
MONDO:0700354,"HMGB1-related brachyphalangy, polydactyly and tibial aplasia syndrome",2026-06-12T06:09:43.095343
MONDO:0700374,CFAP418-related ciliopathy,2026-06-28T14:02:16.405944
MONDO:0700377,NDP-related vitreoretinopathy,2026-07-07T11:30:28.789491
MONDO:0700380,RHO-related retinopathy,2026-06-22T22:49:27.885193
MONDO:0700393,idiopathic triglyceride deposit cardiomyovasculopathy,2026-07-31T06:32:16.831905
MONDO:0800027,"leukoencephalopathy, diffuse hereditary, with spheroids 1",2026-06-04T00:13:35.310093
MONDO:0800028,"dyskinesia with orofacial involvement, autosomal dominant",2026-08-01T08:59:23.986616
MONDO:0800031,"central hypoventilation syndrome, congenital",2026-08-24T18:12:01.343442
MONDO:0800043,Stüve-Wiedemann syndrome 1,2026-08-19T20:33:31.405130
MONDO:0800044,congenital disorder of deglycosylation 1,2026-07-05T23:14:45.764220
MONDO:0800046,"thyroid hormone metabolism, abnormal 1",2026-07-30T14:07:34.314303
MONDO:0800047,"macrothrombocytopenia, isolated, 1, autosomal dominant",2026-08-20T18:49:35.279938
MONDO:0800105,catatonia,2026-08-14T05:51:50.777188
MONDO:0800113,necrotizing vasculitis,2026-08-18T09:41:08.830736
MONDO:0800124,Lane Hamilton syndrome,2026-03-18T01:49:51.181812
MONDO:0800130,autoinflammatory syndrome with immunodeficiency,2026-08-21T16:24:34.554890
MONDO:0800146,"agammaglobulinemia, autosomal recessive, due to BOB1 deficiency",2026-08-08T16:44:51.708931
MONDO:0800209,"fibrosis of extraocular muscles, congenital, 3b",2026-08-20T07:40:26.516588
MONDO:0800301,Friedreich ataxia with retained reflexes,2026-08-01T17:15:11.265672
MONDO:0800306,myoclonic epilepsy of Lafora 2,2026-04-26T16:55:05.371456
MONDO:0800312,"wooly hair, autosomal recessive 1, with or without hypotrichosis",2026-06-08T18:44:27.136964
MONDO:0800318,"Emery-Dreifuss muscular dystrophy 6, X-linked",2026-06-16T17:49:21.918283
MONDO:0800320,"cone dystrophy 1, X-linked",2026-03-19T19:44:10.047308
MONDO:0800323,long QT syndrome 4,2026-05-09T04:07:12.498023
MONDO:0800345,"atrial fibrillation, familial, 17",2026-06-26T21:36:39.153636
MONDO:0800349,"atrial fibrillation, familial, 16",2026-06-26T21:36:39.136486
MONDO:0800359,retinitis pigmentosa 64,2026-06-28T14:02:16.446297
MONDO:0800363,Joubert syndrome 19,2026-03-17T19:40:41.907012
MONDO:0800372,Joubert syndrome 29,2026-03-17T19:40:41.911513
MONDO:0800373,carbon monoxide poisoning,2026-07-09T18:29:06.357587
MONDO:0800382,Joubert syndrome 11,2026-03-17T19:40:41.916478
MONDO:0800383,Joubert syndrome 34,2026-03-17T19:40:41.921069
MONDO:0800385,iron poisoning,2026-08-23T13:33:27.923625
MONDO:0800386,organophosphate poisoning,2026-07-10T00:00:00.000000
MONDO:0800394,MERTK-related retinopathy,2026-07-20T13:20:08.400636
MONDO:0800395,PRPF31-related retinopathy,2026-07-09T14:32:09.821937
MONDO:0800399,RP1-related recessive retinopathy,2026-08-13T21:00:07.072902
MONDO:0800400,RP1-related dominant retinopathy,2026-08-13T21:00:02.764764
MONDO:0800401,CERKL-related retinopathy,2026-08-01T16:32:11.819107
MONDO:0800406,ABCA4-related retinopathy,2026-07-07T09:25:05.886287
MONDO:0800439,syndromic complex neurodevelopmental disorder,2026-04-24T18:06:16.725125
MONDO:0800444,Birt-Hogg-Dube syndrome,2026-08-23T13:48:23.929672
MONDO:0800448,leukoencephalopathy with vanishing white matter,2026-06-17T11:42:10.137406
MONDO:0800450,"microcephaly, short stature, and impaired glucose metabolism",2026-08-20T07:39:27.330608
MONDO:0800453,juvenile absence epilepsy,2026-04-30T14:57:17.881192
MONDO:0800470,TUBB4A-related neurologic disorder,2026-08-20T18:33:25.849169
MONDO:0800484,PRKAG2-related cardiomyopathy,2026-08-01T13:28:44.932523
MONDO:0800491,early-infantile DEE,2026-08-01T01:26:28.365549
MONDO:0800501,developmental and/or epileptic encephalopathy with spike-wave activation in sleep,2026-08-05T13:41:44.347139
MONDO:0800504,idiopathic pulmonary fibrosis,2026-03-18T01:49:51.181119
MONDO:0850046,amniotic fluid embolism,2026-08-17T09:01:41.404429
MONDO:0850054,hemophilia B leyden,2026-08-20T07:25:45.967454
MONDO:0850058,chronic neurovisceral acid sphingomyelinase deficiency,2026-06-13T18:23:36.630950
MONDO:0850094,drug-induced hearing loss,2026-07-21T15:25:11.038706
MONDO:0850097,autoimmune limbic encephalitis,2026-05-16T04:32:09.520380
MONDO:0850107,postinfectious cerebellitis,2026-08-01T13:28:22.498823
MONDO:0850110,melanoma in congenital melanocytic nevus,2026-03-18T01:49:51.180763
MONDO:0850112,breast implant-associated anaplastic large cell lymphoma,2026-04-30T14:20:13.923667
MONDO:0850196,medulloblastoma WNT activated,2026-03-18T01:49:51.181626
MONDO:0850197,medulloblastoma SHH activated,2026-03-18T01:49:51.181640
MONDO:0850231,erythema nodosum,2026-07-01T09:01:15.985840
MONDO:0850271,myeloid leukemia associated with down syndrome,2026-05-08T12:48:43.470199
MONDO:0850306,latent autoimmune diabetes in adults,2026-03-17T19:32:48.909511
MONDO:0850335,IDH-wildtype glioblastoma,2026-03-18T01:49:51.181582
MONDO:0850449,mixed phenotype acute leukemia with BCR-ABL1,2026-07-31T17:00:51.941360
MONDO:0850450,mixed phenotype acute leukemia with MLL rearranged,2026-07-31T17:00:53.889744
MONDO:0850451,"mixed phenotype acute leukemia, B/myeloid",2026-07-31T17:00:55.764298
MONDO:0850452,"mixed phenotype acute leukemia,T/myeloid",2026-07-31T17:00:57.710238
MONDO:0859137,"neurodevelopmental disorder with spasticity, cataracts, and cerebellar hypoplasia",2026-08-21T17:36:50.353171
MONDO:0859139,blepharophimosis-impaired intellectual development syndrome,2026-08-01T09:45:02.611922
MONDO:0859160,"mitochondrial complex IV deficiency, nuclear type 22",2026-06-23T05:12:45.351440
MONDO:0859163,Faundes-Banka syndrome,2026-08-01T07:38:10.305178
MONDO:0859169,White-Kernohan syndrome,2026-08-01T19:30:23.036761
MONDO:0859172,"hemolytic disease of fetus and newborn, RH-induced",2026-08-05T21:33:30.304941
MONDO:0859173,sick sinus syndrome 4,2026-08-17T09:20:50.341577
MONDO:0859178,"developmental delay, impaired speech, and behavioral abnormalities",2026-08-01T19:39:50.623025
MONDO:0859206,neurodevelopmental disorder with hearing loss and spasticity,2026-08-01T07:34:47.922154
MONDO:0859220,Ferguson-Bonni neurodevelopmental syndrome,2026-05-30T19:34:27.443342
MONDO:0859224,intellectual disability and myopathy syndrome,2026-08-01T07:36:27.648398
MONDO:0859232,neurodevelopmental disorder with central hypotonia and dysmorphic facies,2026-08-16T19:03:19.959407
MONDO:0859234,"agammaglobulinemia 8b, autosomal recessive",2026-08-08T16:44:40.885865
MONDO:0859235,"auditory neuropathy, autosomal dominant 3",2026-05-08T12:45:50.185463
MONDO:0859236,neurodevelopmental disorder with neuromuscular and skeletal abnormalities,2026-08-18T15:05:23.568605
MONDO:0859241,"neurodegeneration, childhood-onset, with progressive microcephaly",2026-08-01T14:23:21.526330
MONDO:0859249,parenti-mignot neurodevelopmental syndrome,2026-05-31T00:00:58.786274
MONDO:0859251,Dentici-Novelli neurodevelopmental syndrome,2026-05-31T00:23:05.072325
MONDO:0859272,neurodevelopmental disorder with speech delay and variable ocular anomalies,2026-07-05T21:05:14.891674
MONDO:0859282,"neurodevelopmental disorder with microcephaly, movement abnormalities, and seizures",2026-08-18T15:05:04.584013
MONDO:0859287,"neurodevelopmental disorder with microcephaly, hypotonia, and absent language",2026-08-18T15:05:46.278277
MONDO:0859293,"neurodevelopmental disorder with microcephaly, cerebral atrophy, and visual impairment",2026-08-01T07:38:13.220086
MONDO:0859310,orofaciodigital syndrome 19,2026-08-19T08:05:52.875676
MONDO:0859340,"spinocerebellar ataxia 27B, late-onset",2026-08-01T13:16:02.174689
MONDO:0859342,"microcephaly 30, primary, autosomal recessive",2026-07-23T13:21:49.883762
MONDO:0859360,"spinocerebellar ataxia, autosomal recessive 33",2026-04-16T12:24:14.925123
MONDO:0859363,"spastic paraplegia 79A, autosomal dominant, with ataxia",2026-08-08T17:18:40.569731
MONDO:0859368,short QT syndrome 7,2026-08-06T23:25:32.303271
MONDO:0859372,"cardiomyopathy, familial hypertrophic, 29, with polyglucosan bodies",2026-08-01T19:08:19.840724
MONDO:0859519,neurodevelopmental disorder with absent speech and movement and behavioral abnormalities,2026-08-20T07:13:31.179418
MONDO:0859520,"mitochondrial complex IV deficiency, nuclear type 23",2026-07-05T23:36:00.491966
MONDO:0859529,"amyotrophic lateral sclerosis 27, juvenile",2026-08-19T21:23:34.345967
MONDO:0859565,atrioventricular septal defect,2026-08-19T09:39:30.317251
MONDO:0859592,IDH-mutant and 1p/19q-codeleted oligodendroglioma,2026-03-18T01:49:51.181559
MONDO:0956994,"astrocytoma, IDH-mutant, grade 2",2026-03-18T01:49:51.181549
MONDO:0957218,"neurodevelopmental disorder with microcephaly and speech delay, with or without brain abnormalities",2026-08-01T19:12:49.508662
MONDO:0957225,"neurodegeneration with developmental delay, early respiratory failure, myoclonic seizures, and brain abnormalities",2026-08-21T17:36:48.158868
MONDO:0957279,"auditory neuropathy, autosomal dominant 2",2026-05-08T12:45:50.173372
MONDO:0957308,"spastic paraplegia 90A, autosomal dominant",2026-08-25T18:31:01.743139
MONDO:0957397,"intellectual developmental disorder, autosomal dominant 72",2026-08-19T08:37:09.549737
MONDO:0957452,segmental arterial mediolysis,2026-07-28T12:19:52.016027
MONDO:0957524,"COX deficiency, benign infantile mitochondrial myopathy",2026-06-24T19:10:40.578110
MONDO:0957541,"neurodevelopmental disorder with hypotonia and speech delay, with or without seizures",2026-08-17T03:18:40.071670
MONDO:0957553,Houge-Janssens syndrome,2026-03-08T15:13:18.235474
MONDO:0957807,"hyper-IgE syndrome 6, autosomal dominant, with recurrent infections",2026-07-29T23:43:47.458199
MONDO:0957874,"neuronopathy, distal hereditary motor, autosomal recessive 9",2026-08-22T13:57:51.765435
MONDO:0957912,organophosphate-induced delayed polyneuropathy,2026-07-10T00:00:00.000000
MONDO:0957988,"osteogenesis imperfecta, type 23",2026-06-30T19:25:34.936956
MONDO:0957997,"diabetes, deafness, developmental delay, and short stature syndrome",2026-08-23T22:19:02.218106
MONDO:0958095,"Nodal T-follicular helper cell lymphoma, follicular type",2026-04-12T22:46:03.691915
MONDO:0958174,basal cell nevus syndrome 1,2026-03-17T19:47:40.312300
MONDO:0958185,mitochondrial trifunctional protein deficiency 2,2026-08-13T17:06:30.667044
MONDO:0958189,basal cell nevus syndrome 2,2026-03-17T19:51:13.572507
MONDO:0958199,myoclonic epilepsy of Lafora 1,2026-04-26T16:55:05.312985
MONDO:0958230,orofaciodigital syndrome 20,2026-08-19T08:05:55.024355
MONDO:0958233,Bethlem myopathy 1B,2026-07-31T17:12:00.155371
MONDO:0958234,Bethlem myopathy 1C,2026-07-31T17:12:02.005699
MONDO:0958235,Ullrich congenital muscular dystrophy 1B,2026-05-09T07:20:01.586881
MONDO:0958236,Ullrich congenital muscular dystrophy 1C,2026-05-09T07:20:01.594490
MONDO:0958241,"cardiomyopathy, familial hypertrophic, 30, atrial",2026-08-19T09:05:37.778663
MONDO:0958322,"intellectual developmental disorder, X-linked, syndromic 37",2026-08-19T08:42:05.991924
MONDO:0958323,neurodevelopmental disorder with early-onset parkinsonism and behavioral abnormalities,2026-08-15T09:06:44.077989
MONDO:0958343,PAPASH syndrome,2026-03-18T01:49:51.181780
MONDO:0968946,developmental and epileptic encephalopathy 115,2026-08-01T14:09:11.757429
MONDO:0968947,neurodevelopmental disorder plus optic atrophy,2026-08-01T14:09:03.900681
MONDO:0968978,aplasia cutis-enamel dysplasia syndrome,2026-07-17T20:10:55.040183
MONDO:0971005,MHC class II deficiency 1,2026-05-05T18:10:35.374235
MONDO:0971007,neuroocular syndrome 1,2026-08-15T09:06:38.566797
MONDO:0971013,MHC class II deficiency 2,2026-05-05T18:10:35.458321
MONDO:0971014,MHC class II deficiency 3,2026-05-05T18:10:35.587961
MONDO:0971015,MHC class II deficiency 4,2026-05-05T18:10:35.638476
MONDO:0971031,auto-brewery syndrome,2026-03-18T01:49:51.181789
MONDO:0971043,"neurodevelopmental disorder with hypotonia, feeding difficulties, facial dysmorphism, and brain abnormalities",2026-08-17T03:17:29.422469
MONDO:0971049,single isolated optic neuritis,2026-05-16T09:52:12.264703
MONDO:0971050,relapsing isolated optic neuritis,2026-05-16T09:52:12.273444
MONDO:0971056,ocular surface squamous neoplasia,2026-08-01T14:36:01.398414
MONDO:0971063,autosomal dominant dopa-responsive dystonia,2026-05-05T23:18:56.702141
MONDO:0971091,acute megakaryoblastic leukemia in adult,2026-07-17T16:14:35.356460
MONDO:0971172,"neurodevelopmental disorder with hypotonia, brain anomalies, distinctive facies, and absent language",2026-07-10T05:54:51.537709
MONDO:0971174,multiple mitochondrial dysfunctions syndrome 9b,2026-03-23T20:55:07.611991
MONDO:0971176,ovarian dysgenesis 11,2026-06-05T05:38:25.537957
MONDO:0975705,otofacial neurodevelopmental syndrome,2026-07-31T17:15:57.045145
MONDO:0975754,pseudomyogenic hemangioendothelioma,2026-08-01T14:11:04.807608
MONDO:0975827,orofaciodigital syndrome 21,2026-08-19T08:05:58.084771
MONDO:0975868,acute myeloid leukemia with CBFA2T3-GLIS2 fusion,2026-05-08T12:48:43.481946
MONDO:0975898,post-selective serotonin reuptake inhibitor sexual dysfunction,2026-08-05T06:58:33.777620
MONDO:0976227,"Charcot-Marie-tooth disease, axonal, type 2JJ",2026-08-22T03:01:11.982258
MONDO:0976228,immunodeficiency 132b,2026-08-26T13:58:00.897392
MONDO:0976229,immunodeficiency 131,2026-07-30T17:12:22.954881
MONDO:0976232,Perrault syndrome 7,2026-08-08T21:04:13.436184
MONDO:0978293,Houge-Janssens syndrome 4,2026-03-17T19:39:04.201105
MONDO:0978299,"maturity-onset diabetes of the young, type 12",2026-03-17T19:32:49.002184
MONDO:0979227,Guillouet-Gordon syndrome,2026-08-21T17:36:54.374757
MONDO:0979258,cerebral proliferative angiopathy,2026-07-05T23:38:04.827176
MONDO:0979323,carotid web,2026-07-05T23:37:17.212113
MONDO:0979871,Alsahan-Harris syndrome,2026-07-03T09:11:14.336808
MONDO:0980705,"congenital disorder of glycosylation, type IIcc",2026-08-20T15:28:46.950146
MONDO:0980755,"mitochondrial complex IV deficiency, nuclear type 24",2026-06-24T16:37:25.948509
MONDO:0980940,"neurodevelopmental disorder with hypotonia, epilepsy, and absent speech",2026-06-12T01:52:07.300482
MONDO:0980941,"neurodevelopmental disorder with speech delay, movement abnormalities, and seizures",2026-06-12T01:52:25.025062
MONDO:0980967,mitochondrial dna depletion syndrome 14A (encephalomyopathic type),2026-08-18T09:47:11.108522
MONDO:0980970,"mitochondrial complex 4 deficiency, nuclear type 25",2026-07-05T23:36:08.779981
MONDO:0980991,"microcephaly 31, primary, autosomal recessive",2026-07-23T13:21:54.413757
MONDO:0980992,Meier-Gorlin syndrome 9,2026-08-01T02:53:03.000000
MONDO:0981050,Meier-Gorlin syndrome 10,2026-08-01T02:53:03.000000
MONDO:1010179,type 5 diabetes mellitus,2026-03-17T19:32:49.026708
MONDO:1010180,cardiogenetic rhythm disorder,2026-06-12T06:28:31.874719
MONDO:1010182,premenstrual dysphoric disorder,2026-07-31T06:34:38.603100
MONDO:1040001,TP63-related ectodermal dysplasia spectrum with limb and orofacial malformations,2026-07-28T12:20:16.182425
MONDO:1040015,infectious disease with sepsis,2026-03-18T01:49:51.181921
MONDO:1040024,myelin oligodendrocyte glycoprotein antibody-associated disease,2026-05-15T19:41:55.852057
MONDO:1040039,OFD1-related ciliopathy,2026-08-19T08:05:02.515545
MONDO:1040043,BBS1-related ciliopathy,2026-06-14T23:22:24.881472
MONDO:1040048,BBS2-related ciliopathy,2026-06-14T23:58:40.921342
MONDO:1040049,TTC8-related ciliopathy,2026-06-14T23:22:24.863295
MONDO:1040050,MKKS-related ciliopathy,2026-06-14T23:22:09.489857
MONDO:1040055,PRPH2-related retinopathy,2026-03-19T19:41:16.208499
MONDO:1040063,KCNV2-related retinopathy,2026-07-07T13:03:41.893014
MONDO:1040064,CRX-related retinopathy,2026-07-07T10:43:31.328470
MONDO:1040065,ARL6-related ciliopathy,2026-06-14T23:22:24.826880
MONDO:1060115,TUBB4B-related ciliopathy,2026-08-22T18:02:30.358722
MONDO:1060123,GRIN1-related complex neurodevelopmental disorder,2026-07-25T16:40:38.741410
MONDO:1060134,atherosclerotic cardiovascular disease,2026-03-18T01:49:51.181188
MONDO:1060142,GRIN2A-related self-limited epilepsy with centrotemporal spikes,2026-08-01T14:16:05.262530
MONDO:1060144,"retinitis pigmentosa 7, digenic",2026-03-19T19:41:16.245370
MONDO:1060145,Leber congenital amaurosis 18,2026-03-19T19:41:16.240339
MONDO:1060148,empty nose syndrome,2026-03-17T19:34:13.626973
MONDO:1060154,INTU-related skeletal ciliopathy,2026-06-20T00:33:38.579772
MONDO:1060166,giant cell hepatitis with autoimmune hemolytic anemia,2026-07-28T12:14:56.377642
MONDO:1060171,"diffuse midline glioma, H3 K27-altered",2026-03-18T01:49:51.181605
MONDO:1060190,APP-related brain and vascular amyloidosis,2026-07-31T14:51:05.501592
MONDO:1060194,FAS-related autoimmune lymphoproliferative immune disorder,2026-05-30T22:14:44.053893
MONDO:1060198,ischemic stroke,2026-07-28T12:15:41.367674
MONDO:1060211,NR5A1-related sex development disorder,2026-05-29T11:49:50.632280
MONDO:1060214,SYCE1-related gametogenic failure,2026-05-28T08:12:08.042349
MONDO:1060223,RNU12-related minor spliceopathy disorder,2026-06-04T03:50:13.804263
MONDO:1060237,GP9-related Bernard-Soulier syndrome,2026-08-15T10:38:56.591883
MONDO:1060238,GP1BA-related Bernard-Soulier syndrome,2026-08-15T10:38:54.280229
MONDO:1060239,GP1BB-related Bernard-Soulier syndrome,2026-08-15T10:38:55.474972
MONDO:7770002,avoidant/restrictive food intake disorder,2026-04-30T14:20:48.512695
MONDO:8000010,antiphospholipid syndrome,2026-03-18T01:49:51.180587
MONDO:8000018,benign paroxysmal positional vertigo,2026-03-17T19:51:51.975168
