sample_id,accession,dataset,organism,tissue,source_metadata,assigned_group,exclusion_reason
M10001,synapse:syn60084804,Supplementary_Data_6:Avg. PAC scores AD progression,Homo sapiens,DLPFC,"PsychAD snRNA-seq derived donor x 27-subclass average PAC score (AD progression); controlled cohort not accessed; donor ID only, no diagnosis/Braak/resilience label",unlabeled,
M10031,synapse:syn60084804,Supplementary_Data_6:Avg. PAC scores AD progression,Homo sapiens,DLPFC,"PsychAD snRNA-seq derived donor x 27-subclass average PAC score (AD progression); controlled cohort not accessed; donor ID only, no diagnosis/Braak/resilience label",unlabeled,
M10233,synapse:syn60084804,Supplementary_Data_6:Avg. PAC scores AD progression,Homo sapiens,DLPFC,"PsychAD snRNA-seq derived donor x 27-subclass average PAC score (AD progression); controlled cohort not accessed; donor ID only, no diagnosis/Braak/resilience label",unlabeled,
M10282,synapse:syn60084804,Supplementary_Data_6:Avg. PAC scores AD progression,Homo sapiens,DLPFC,"PsychAD snRNA-seq derived donor x 27-subclass average PAC score (AD progression); controlled cohort not accessed; donor ID only, no diagnosis/Braak/resilience label",unlabeled,
M10632,synapse:syn60084804,Supplementary_Data_6:Avg. PAC scores AD progression,Homo sapiens,DLPFC,"PsychAD snRNA-seq derived donor x 27-subclass average PAC score (AD progression); controlled cohort not accessed; donor ID only, no diagnosis/Braak/resilience label",unlabeled,
M10730,synapse:syn60084804,Supplementary_Data_6:Avg. PAC scores AD progression,Homo sapiens,DLPFC,"PsychAD snRNA-seq derived donor x 27-subclass average PAC score (AD progression); controlled cohort not accessed; donor ID only, no diagnosis/Braak/resilience label",unlabeled,
M10795,synapse:syn60084804,Supplementary_Data_6:Avg. PAC scores AD progression,Homo sapiens,DLPFC,"PsychAD snRNA-seq derived donor x 27-subclass average PAC score (AD progression); controlled cohort not accessed; donor ID only, no diagnosis/Braak/resilience label",unlabeled,
M107983,synapse:syn60084804,Supplementary_Data_6:Avg. PAC scores AD progression,Homo sapiens,DLPFC,"PsychAD snRNA-seq derived donor x 27-subclass average PAC score (AD progression); controlled cohort not accessed; donor ID only, no diagnosis/Braak/resilience label",unlabeled,
M11243,synapse:syn60084804,Supplementary_Data_6:Avg. PAC scores AD progression,Homo sapiens,DLPFC,"PsychAD snRNA-seq derived donor x 27-subclass average PAC score (AD progression); controlled cohort not accessed; donor ID only, no diagnosis/Braak/resilience label",unlabeled,
M11371,synapse:syn60084804,Supplementary_Data_6:Avg. PAC scores AD progression,Homo sapiens,DLPFC,"PsychAD snRNA-seq derived donor x 27-subclass average PAC score (AD progression); controlled cohort not accessed; donor ID only, no diagnosis/Braak/resilience label",unlabeled,
M1140,synapse:syn60084804,Supplementary_Data_6:Avg. PAC scores AD progression,Homo sapiens,DLPFC,"PsychAD snRNA-seq derived donor x 27-subclass average PAC score (AD progression); controlled cohort not accessed; donor ID only, no diagnosis/Braak/resilience label",unlabeled,
M11526,synapse:syn60084804,Supplementary_Data_6:Avg. PAC scores AD progression,Homo sapiens,DLPFC,"PsychAD snRNA-seq derived donor x 27-subclass average PAC score (AD progression); controlled cohort not accessed; donor ID only, no diagnosis/Braak/resilience label",unlabeled,
M11588,synapse:syn60084804,Supplementary_Data_6:Avg. PAC scores AD progression,Homo sapiens,DLPFC,"PsychAD snRNA-seq derived donor x 27-subclass average PAC score (AD progression); controlled cohort not accessed; donor ID only, no diagnosis/Braak/resilience label",unlabeled,
M11589,synapse:syn60084804,Supplementary_Data_6:Avg. PAC scores AD progression,Homo sapiens,DLPFC,"PsychAD snRNA-seq derived donor x 27-subclass average PAC score (AD progression); controlled cohort not accessed; donor ID only, no diagnosis/Braak/resilience label",unlabeled,
M11716,synapse:syn60084804,Supplementary_Data_6:Avg. PAC scores AD progression,Homo sapiens,DLPFC,"PsychAD snRNA-seq derived donor x 27-subclass average PAC score (AD progression); controlled cohort not accessed; donor ID only, no diagnosis/Braak/resilience label",unlabeled,
M1176,synapse:syn60084804,Supplementary_Data_6:Avg. PAC scores AD progression,Homo sapiens,DLPFC,"PsychAD snRNA-seq derived donor x 27-subclass average PAC score (AD progression); controlled cohort not accessed; donor ID only, no diagnosis/Braak/resilience label",unlabeled,
M118449,synapse:syn60084804,Supplementary_Data_6:Avg. PAC scores AD progression,Homo sapiens,DLPFC,"PsychAD snRNA-seq derived donor x 27-subclass average PAC score (AD progression); controlled cohort not accessed; donor ID only, no diagnosis/Braak/resilience label",unlabeled,
M11938,synapse:syn60084804,Supplementary_Data_6:Avg. PAC scores AD progression,Homo sapiens,DLPFC,"PsychAD snRNA-seq derived donor x 27-subclass average PAC score (AD progression); controlled cohort not accessed; donor ID only, no diagnosis/Braak/resilience label",unlabeled,
M1198,synapse:syn60084804,Supplementary_Data_6:Avg. PAC scores AD progression,Homo sapiens,DLPFC,"PsychAD snRNA-seq derived donor x 27-subclass average PAC score (AD progression); controlled cohort not accessed; donor ID only, no diagnosis/Braak/resilience label",unlabeled,
M12047,synapse:syn60084804,Supplementary_Data_6:Avg. PAC scores AD progression,Homo sapiens,DLPFC,"PsychAD snRNA-seq derived donor x 27-subclass average PAC score (AD progression); controlled cohort not accessed; donor ID only, no diagnosis/Braak/resilience label",unlabeled,
M12052,synapse:syn60084804,Supplementary_Data_6:Avg. PAC scores AD progression,Homo sapiens,DLPFC,"PsychAD snRNA-seq derived donor x 27-subclass average PAC score (AD progression); controlled cohort not accessed; donor ID only, no diagnosis/Braak/resilience label",unlabeled,
M12314,synapse:syn60084804,Supplementary_Data_6:Avg. PAC scores AD progression,Homo sapiens,DLPFC,"PsychAD snRNA-seq derived donor x 27-subclass average PAC score (AD progression); controlled cohort not accessed; donor ID only, no diagnosis/Braak/resilience label",unlabeled,
M12326,synapse:syn60084804,Supplementary_Data_6:Avg. PAC scores AD progression,Homo sapiens,DLPFC,"PsychAD snRNA-seq derived donor x 27-subclass average PAC score (AD progression); controlled cohort not accessed; donor ID only, no diagnosis/Braak/resilience label",unlabeled,
M12479,synapse:syn60084804,Supplementary_Data_6:Avg. PAC scores AD progression,Homo sapiens,DLPFC,"PsychAD snRNA-seq derived donor x 27-subclass average PAC score (AD progression); controlled cohort not accessed; donor ID only, no diagnosis/Braak/resilience label",unlabeled,
M12614,synapse:syn60084804,Supplementary_Data_6:Avg. PAC scores AD progression,Homo sapiens,DLPFC,"PsychAD snRNA-seq derived donor x 27-subclass average PAC score (AD progression); controlled cohort not accessed; donor ID only, no diagnosis/Braak/resilience label",unlabeled,
M12792,synapse:syn60084804,Supplementary_Data_6:Avg. PAC scores AD progression,Homo sapiens,DLPFC,"PsychAD snRNA-seq derived donor x 27-subclass average PAC score (AD progression); controlled cohort not accessed; donor ID only, no diagnosis/Braak/resilience label",unlabeled,
M12876,synapse:syn60084804,Supplementary_Data_6:Avg. PAC scores AD progression,Homo sapiens,DLPFC,"PsychAD snRNA-seq derived donor x 27-subclass average PAC score (AD progression); controlled cohort not accessed; donor ID only, no diagnosis/Braak/resilience label",unlabeled,
M13078,synapse:syn60084804,Supplementary_Data_6:Avg. PAC scores AD progression,Homo sapiens,DLPFC,"PsychAD snRNA-seq derived donor x 27-subclass average PAC score (AD progression); controlled cohort not accessed; donor ID only, no diagnosis/Braak/resilience label",unlabeled,
M13090,synapse:syn60084804,Supplementary_Data_6:Avg. PAC scores AD progression,Homo sapiens,DLPFC,"PsychAD snRNA-seq derived donor x 27-subclass average PAC score (AD progression); controlled cohort not accessed; donor ID only, no diagnosis/Braak/resilience label",unlabeled,
M13326,synapse:syn60084804,Supplementary_Data_6:Avg. PAC scores AD progression,Homo sapiens,DLPFC,"PsychAD snRNA-seq derived donor x 27-subclass average PAC score (AD progression); controlled cohort not accessed; donor ID only, no diagnosis/Braak/resilience label",unlabeled,
M13640,synapse:syn60084804,Supplementary_Data_6:Avg. PAC scores AD progression,Homo sapiens,DLPFC,"PsychAD snRNA-seq derived donor x 27-subclass average PAC score (AD progression); controlled cohort not accessed; donor ID only, no diagnosis/Braak/resilience label",unlabeled,
M13872,synapse:syn60084804,Supplementary_Data_6:Avg. PAC scores AD progression,Homo sapiens,DLPFC,"PsychAD snRNA-seq derived donor x 27-subclass average PAC score (AD progression); controlled cohort not accessed; donor ID only, no diagnosis/Braak/resilience label",unlabeled,
M14385,synapse:syn60084804,Supplementary_Data_6:Avg. PAC scores AD progression,Homo sapiens,DLPFC,"PsychAD snRNA-seq derived donor x 27-subclass average PAC score (AD progression); controlled cohort not accessed; donor ID only, no diagnosis/Braak/resilience label",unlabeled,
M14434,synapse:syn60084804,Supplementary_Data_6:Avg. PAC scores AD progression,Homo sapiens,DLPFC,"PsychAD snRNA-seq derived donor x 27-subclass average PAC score (AD progression); controlled cohort not accessed; donor ID only, no diagnosis/Braak/resilience label",unlabeled,
M14597,synapse:syn60084804,Supplementary_Data_6:Avg. PAC scores AD progression,Homo sapiens,DLPFC,"PsychAD snRNA-seq derived donor x 27-subclass average PAC score (AD progression); controlled cohort not accessed; donor ID only, no diagnosis/Braak/resilience label",unlabeled,
M14666,synapse:syn60084804,Supplementary_Data_6:Avg. PAC scores AD progression,Homo sapiens,DLPFC,"PsychAD snRNA-seq derived donor x 27-subclass average PAC score (AD progression); controlled cohort not accessed; donor ID only, no diagnosis/Braak/resilience label",unlabeled,
M14812,synapse:syn60084804,Supplementary_Data_6:Avg. PAC scores AD progression,Homo sapiens,DLPFC,"PsychAD snRNA-seq derived donor x 27-subclass average PAC score (AD progression); controlled cohort not accessed; donor ID only, no diagnosis/Braak/resilience label",unlabeled,
M14897,synapse:syn60084804,Supplementary_Data_6:Avg. PAC scores AD progression,Homo sapiens,DLPFC,"PsychAD snRNA-seq derived donor x 27-subclass average PAC score (AD progression); controlled cohort not accessed; donor ID only, no diagnosis/Braak/resilience label",unlabeled,
M14947,synapse:syn60084804,Supplementary_Data_6:Avg. PAC scores AD progression,Homo sapiens,DLPFC,"PsychAD snRNA-seq derived donor x 27-subclass average PAC score (AD progression); controlled cohort not accessed; donor ID only, no diagnosis/Braak/resilience label",unlabeled,
M15272,synapse:syn60084804,Supplementary_Data_6:Avg. PAC scores AD progression,Homo sapiens,DLPFC,"PsychAD snRNA-seq derived donor x 27-subclass average PAC score (AD progression); controlled cohort not accessed; donor ID only, no diagnosis/Braak/resilience label",unlabeled,
M153,synapse:syn60084804,Supplementary_Data_6:Avg. PAC scores AD progression,Homo sapiens,DLPFC,"PsychAD snRNA-seq derived donor x 27-subclass average PAC score (AD progression); controlled cohort not accessed; donor ID only, no diagnosis/Braak/resilience label",unlabeled,
M15395,synapse:syn60084804,Supplementary_Data_6:Avg. PAC scores AD progression,Homo sapiens,DLPFC,"PsychAD snRNA-seq derived donor x 27-subclass average PAC score (AD progression); controlled cohort not accessed; donor ID only, no diagnosis/Braak/resilience label",unlabeled,
M15410,synapse:syn60084804,Supplementary_Data_6:Avg. PAC scores AD progression,Homo sapiens,DLPFC,"PsychAD snRNA-seq derived donor x 27-subclass average PAC score (AD progression); controlled cohort not accessed; donor ID only, no diagnosis/Braak/resilience label",unlabeled,
M15627,synapse:syn60084804,Supplementary_Data_6:Avg. PAC scores AD progression,Homo sapiens,DLPFC,"PsychAD snRNA-seq derived donor x 27-subclass average PAC score (AD progression); controlled cohort not accessed; donor ID only, no diagnosis/Braak/resilience label",unlabeled,
M16204,synapse:syn60084804,Supplementary_Data_6:Avg. PAC scores AD progression,Homo sapiens,DLPFC,"PsychAD snRNA-seq derived donor x 27-subclass average PAC score (AD progression); controlled cohort not accessed; donor ID only, no diagnosis/Braak/resilience label",unlabeled,
M16436,synapse:syn60084804,Supplementary_Data_6:Avg. PAC scores AD progression,Homo sapiens,DLPFC,"PsychAD snRNA-seq derived donor x 27-subclass average PAC score (AD progression); controlled cohort not accessed; donor ID only, no diagnosis/Braak/resilience label",unlabeled,
M16485,synapse:syn60084804,Supplementary_Data_6:Avg. PAC scores AD progression,Homo sapiens,DLPFC,"PsychAD snRNA-seq derived donor x 27-subclass average PAC score (AD progression); controlled cohort not accessed; donor ID only, no diagnosis/Braak/resilience label",unlabeled,
M16717,synapse:syn60084804,Supplementary_Data_6:Avg. PAC scores AD progression,Homo sapiens,DLPFC,"PsychAD snRNA-seq derived donor x 27-subclass average PAC score (AD progression); controlled cohort not accessed; donor ID only, no diagnosis/Braak/resilience label",unlabeled,
M16998,synapse:syn60084804,Supplementary_Data_6:Avg. PAC scores AD progression,Homo sapiens,DLPFC,"PsychAD snRNA-seq derived donor x 27-subclass average PAC score (AD progression); controlled cohort not accessed; donor ID only, no diagnosis/Braak/resilience label",unlabeled,
M1712,synapse:syn60084804,Supplementary_Data_6:Avg. PAC scores AD progression,Homo sapiens,DLPFC,"PsychAD snRNA-seq derived donor x 27-subclass average PAC score (AD progression); controlled cohort not accessed; donor ID only, no diagnosis/Braak/resilience label",unlabeled,
M1746,synapse:syn60084804,Supplementary_Data_6:Avg. PAC scores AD progression,Homo sapiens,DLPFC,"PsychAD snRNA-seq derived donor x 27-subclass average PAC score (AD progression); controlled cohort not accessed; donor ID only, no diagnosis/Braak/resilience label",unlabeled,
M17693,synapse:syn60084804,Supplementary_Data_6:Avg. PAC scores AD progression,Homo sapiens,DLPFC,"PsychAD snRNA-seq derived donor x 27-subclass average PAC score (AD progression); controlled cohort not accessed; donor ID only, no diagnosis/Braak/resilience label",unlabeled,
M17728,synapse:syn60084804,Supplementary_Data_6:Avg. PAC scores AD progression,Homo sapiens,DLPFC,"PsychAD snRNA-seq derived donor x 27-subclass average PAC score (AD progression); controlled cohort not accessed; donor ID only, no diagnosis/Braak/resilience label",unlabeled,
M18153,synapse:syn60084804,Supplementary_Data_6:Avg. PAC scores AD progression,Homo sapiens,DLPFC,"PsychAD snRNA-seq derived donor x 27-subclass average PAC score (AD progression); controlled cohort not accessed; donor ID only, no diagnosis/Braak/resilience label",unlabeled,
M18243,synapse:syn60084804,Supplementary_Data_6:Avg. PAC scores AD progression,Homo sapiens,DLPFC,"PsychAD snRNA-seq derived donor x 27-subclass average PAC score (AD progression); controlled cohort not accessed; donor ID only, no diagnosis/Braak/resilience label",unlabeled,
M18305,synapse:syn60084804,Supplementary_Data_6:Avg. PAC scores AD progression,Homo sapiens,DLPFC,"PsychAD snRNA-seq derived donor x 27-subclass average PAC score (AD progression); controlled cohort not accessed; donor ID only, no diagnosis/Braak/resilience label",unlabeled,
M184,synapse:syn60084804,Supplementary_Data_6:Avg. PAC scores AD progression,Homo sapiens,DLPFC,"PsychAD snRNA-seq derived donor x 27-subclass average PAC score (AD progression); controlled cohort not accessed; donor ID only, no diagnosis/Braak/resilience label",unlabeled,
M18763,synapse:syn60084804,Supplementary_Data_6:Avg. PAC scores AD progression,Homo sapiens,DLPFC,"PsychAD snRNA-seq derived donor x 27-subclass average PAC score (AD progression); controlled cohort not accessed; donor ID only, no diagnosis/Braak/resilience label",unlabeled,
M18768,synapse:syn60084804,Supplementary_Data_6:Avg. PAC scores AD progression,Homo sapiens,DLPFC,"PsychAD snRNA-seq derived donor x 27-subclass average PAC score (AD progression); controlled cohort not accessed; donor ID only, no diagnosis/Braak/resilience label",unlabeled,
M19050,synapse:syn60084804,Supplementary_Data_6:Avg. PAC scores AD progression,Homo sapiens,DLPFC,"PsychAD snRNA-seq derived donor x 27-subclass average PAC score (AD progression); controlled cohort not accessed; donor ID only, no diagnosis/Braak/resilience label",unlabeled,
M19193,synapse:syn60084804,Supplementary_Data_6:Avg. PAC scores AD progression,Homo sapiens,DLPFC,"PsychAD snRNA-seq derived donor x 27-subclass average PAC score (AD progression); controlled cohort not accessed; donor ID only, no diagnosis/Braak/resilience label",unlabeled,
M19281,synapse:syn60084804,Supplementary_Data_6:Avg. PAC scores AD progression,Homo sapiens,DLPFC,"PsychAD snRNA-seq derived donor x 27-subclass average PAC score (AD progression); controlled cohort not accessed; donor ID only, no diagnosis/Braak/resilience label",unlabeled,
M19331,synapse:syn60084804,Supplementary_Data_6:Avg. PAC scores AD progression,Homo sapiens,DLPFC,"PsychAD snRNA-seq derived donor x 27-subclass average PAC score (AD progression); controlled cohort not accessed; donor ID only, no diagnosis/Braak/resilience label",unlabeled,
M1943,synapse:syn60084804,Supplementary_Data_6:Avg. PAC scores AD progression,Homo sapiens,DLPFC,"PsychAD snRNA-seq derived donor x 27-subclass average PAC score (AD progression); controlled cohort not accessed; donor ID only, no diagnosis/Braak/resilience label",unlabeled,
M19543,synapse:syn60084804,Supplementary_Data_6:Avg. PAC scores AD progression,Homo sapiens,DLPFC,"PsychAD snRNA-seq derived donor x 27-subclass average PAC score (AD progression); controlled cohort not accessed; donor ID only, no diagnosis/Braak/resilience label",unlabeled,
M19551,synapse:syn60084804,Supplementary_Data_6:Avg. PAC scores AD progression,Homo sapiens,DLPFC,"PsychAD snRNA-seq derived donor x 27-subclass average PAC score (AD progression); controlled cohort not accessed; donor ID only, no diagnosis/Braak/resilience label",unlabeled,
M19562,synapse:syn60084804,Supplementary_Data_6:Avg. PAC scores AD progression,Homo sapiens,DLPFC,"PsychAD snRNA-seq derived donor x 27-subclass average PAC score (AD progression); controlled cohort not accessed; donor ID only, no diagnosis/Braak/resilience label",unlabeled,
M19844,synapse:syn60084804,Supplementary_Data_6:Avg. PAC scores AD progression,Homo sapiens,DLPFC,"PsychAD snRNA-seq derived donor x 27-subclass average PAC score (AD progression); controlled cohort not accessed; donor ID only, no diagnosis/Braak/resilience label",unlabeled,
M19997,synapse:syn60084804,Supplementary_Data_6:Avg. PAC scores AD progression,Homo sapiens,DLPFC,"PsychAD snRNA-seq derived donor x 27-subclass average PAC score (AD progression); controlled cohort not accessed; donor ID only, no diagnosis/Braak/resilience label",unlabeled,
M201539,synapse:syn60084804,Supplementary_Data_6:Avg. PAC scores AD progression,Homo sapiens,DLPFC,"PsychAD snRNA-seq derived donor x 27-subclass average PAC score (AD progression); controlled cohort not accessed; donor ID only, no diagnosis/Braak/resilience label",unlabeled,
M20337,synapse:syn60084804,Supplementary_Data_6:Avg. PAC scores AD progression,Homo sapiens,DLPFC,"PsychAD snRNA-seq derived donor x 27-subclass average PAC score (AD progression); controlled cohort not accessed; donor ID only, no diagnosis/Braak/resilience label",unlabeled,
M20356,synapse:syn60084804,Supplementary_Data_6:Avg. PAC scores AD progression,Homo sapiens,DLPFC,"PsychAD snRNA-seq derived donor x 27-subclass average PAC score (AD progression); controlled cohort not accessed; donor ID only, no diagnosis/Braak/resilience label",unlabeled,
M20485,synapse:syn60084804,Supplementary_Data_6:Avg. PAC scores AD progression,Homo sapiens,DLPFC,"PsychAD snRNA-seq derived donor x 27-subclass average PAC score (AD progression); controlled cohort not accessed; donor ID only, no diagnosis/Braak/resilience label",unlabeled,
M20588,synapse:syn60084804,Supplementary_Data_6:Avg. PAC scores AD progression,Homo sapiens,DLPFC,"PsychAD snRNA-seq derived donor x 27-subclass average PAC score (AD progression); controlled cohort not accessed; donor ID only, no diagnosis/Braak/resilience label",unlabeled,
M207,synapse:syn60084804,Supplementary_Data_6:Avg. PAC scores AD progression,Homo sapiens,DLPFC,"PsychAD snRNA-seq derived donor x 27-subclass average PAC score (AD progression); controlled cohort not accessed; donor ID only, no diagnosis/Braak/resilience label",unlabeled,
M20701,synapse:syn60084804,Supplementary_Data_6:Avg. PAC scores AD progression,Homo sapiens,DLPFC,"PsychAD snRNA-seq derived donor x 27-subclass average PAC score (AD progression); controlled cohort not accessed; donor ID only, no diagnosis/Braak/resilience label",unlabeled,
M20855,synapse:syn60084804,Supplementary_Data_6:Avg. PAC scores AD progression,Homo sapiens,DLPFC,"PsychAD snRNA-seq derived donor x 27-subclass average PAC score (AD progression); controlled cohort not accessed; donor ID only, no diagnosis/Braak/resilience label",unlabeled,
M20869,synapse:syn60084804,Supplementary_Data_6:Avg. PAC scores AD progression,Homo sapiens,DLPFC,"PsychAD snRNA-seq derived donor x 27-subclass average PAC score (AD progression); controlled cohort not accessed; donor ID only, no diagnosis/Braak/resilience label",unlabeled,
M21046,synapse:syn60084804,Supplementary_Data_6:Avg. PAC scores AD progression,Homo sapiens,DLPFC,"PsychAD snRNA-seq derived donor x 27-subclass average PAC score (AD progression); controlled cohort not accessed; donor ID only, no diagnosis/Braak/resilience label",unlabeled,
M21278,synapse:syn60084804,Supplementary_Data_6:Avg. PAC scores AD progression,Homo sapiens,DLPFC,"PsychAD snRNA-seq derived donor x 27-subclass average PAC score (AD progression); controlled cohort not accessed; donor ID only, no diagnosis/Braak/resilience label",unlabeled,
M21530,synapse:syn60084804,Supplementary_Data_6:Avg. PAC scores AD progression,Homo sapiens,DLPFC,"PsychAD snRNA-seq derived donor x 27-subclass average PAC score (AD progression); controlled cohort not accessed; donor ID only, no diagnosis/Braak/resilience label",unlabeled,
M21614,synapse:syn60084804,Supplementary_Data_6:Avg. PAC scores AD progression,Homo sapiens,DLPFC,"PsychAD snRNA-seq derived donor x 27-subclass average PAC score (AD progression); controlled cohort not accessed; donor ID only, no diagnosis/Braak/resilience label",unlabeled,
M22127,synapse:syn60084804,Supplementary_Data_6:Avg. PAC scores AD progression,Homo sapiens,DLPFC,"PsychAD snRNA-seq derived donor x 27-subclass average PAC score (AD progression); controlled cohort not accessed; donor ID only, no diagnosis/Braak/resilience label",unlabeled,
M22640,synapse:syn60084804,Supplementary_Data_6:Avg. PAC scores AD progression,Homo sapiens,DLPFC,"PsychAD snRNA-seq derived donor x 27-subclass average PAC score (AD progression); controlled cohort not accessed; donor ID only, no diagnosis/Braak/resilience label",unlabeled,
M22767,synapse:syn60084804,Supplementary_Data_6:Avg. PAC scores AD progression,Homo sapiens,DLPFC,"PsychAD snRNA-seq derived donor x 27-subclass average PAC score (AD progression); controlled cohort not accessed; donor ID only, no diagnosis/Braak/resilience label",unlabeled,
M22921,synapse:syn60084804,Supplementary_Data_6:Avg. PAC scores AD progression,Homo sapiens,DLPFC,"PsychAD snRNA-seq derived donor x 27-subclass average PAC score (AD progression); controlled cohort not accessed; donor ID only, no diagnosis/Braak/resilience label",unlabeled,
M23065,synapse:syn60084804,Supplementary_Data_6:Avg. PAC scores AD progression,Homo sapiens,DLPFC,"PsychAD snRNA-seq derived donor x 27-subclass average PAC score (AD progression); controlled cohort not accessed; donor ID only, no diagnosis/Braak/resilience label",unlabeled,
M23152,synapse:syn60084804,Supplementary_Data_6:Avg. PAC scores AD progression,Homo sapiens,DLPFC,"PsychAD snRNA-seq derived donor x 27-subclass average PAC score (AD progression); controlled cohort not accessed; donor ID only, no diagnosis/Braak/resilience label",unlabeled,
M23714,synapse:syn60084804,Supplementary_Data_6:Avg. PAC scores AD progression,Homo sapiens,DLPFC,"PsychAD snRNA-seq derived donor x 27-subclass average PAC score (AD progression); controlled cohort not accessed; donor ID only, no diagnosis/Braak/resilience label",unlabeled,
M23983,synapse:syn60084804,Supplementary_Data_6:Avg. PAC scores AD progression,Homo sapiens,DLPFC,"PsychAD snRNA-seq derived donor x 27-subclass average PAC score (AD progression); controlled cohort not accessed; donor ID only, no diagnosis/Braak/resilience label",unlabeled,
M24227,synapse:syn60084804,Supplementary_Data_6:Avg. PAC scores AD progression,Homo sapiens,DLPFC,"PsychAD snRNA-seq derived donor x 27-subclass average PAC score (AD progression); controlled cohort not accessed; donor ID only, no diagnosis/Braak/resilience label",unlabeled,
M24257,synapse:syn60084804,Supplementary_Data_6:Avg. PAC scores AD progression,Homo sapiens,DLPFC,"PsychAD snRNA-seq derived donor x 27-subclass average PAC score (AD progression); controlled cohort not accessed; donor ID only, no diagnosis/Braak/resilience label",unlabeled,
M24410,synapse:syn60084804,Supplementary_Data_6:Avg. PAC scores AD progression,Homo sapiens,DLPFC,"PsychAD snRNA-seq derived donor x 27-subclass average PAC score (AD progression); controlled cohort not accessed; donor ID only, no diagnosis/Braak/resilience label",unlabeled,
M24420,synapse:syn60084804,Supplementary_Data_6:Avg. PAC scores AD progression,Homo sapiens,DLPFC,"PsychAD snRNA-seq derived donor x 27-subclass average PAC score (AD progression); controlled cohort not accessed; donor ID only, no diagnosis/Braak/resilience label",unlabeled,
M24443,synapse:syn60084804,Supplementary_Data_6:Avg. PAC scores AD progression,Homo sapiens,DLPFC,"PsychAD snRNA-seq derived donor x 27-subclass average PAC score (AD progression); controlled cohort not accessed; donor ID only, no diagnosis/Braak/resilience label",unlabeled,
M24508,synapse:syn60084804,Supplementary_Data_6:Avg. PAC scores AD progression,Homo sapiens,DLPFC,"PsychAD snRNA-seq derived donor x 27-subclass average PAC score (AD progression); controlled cohort not accessed; donor ID only, no diagnosis/Braak/resilience label",unlabeled,
M24905,synapse:syn60084804,Supplementary_Data_6:Avg. PAC scores AD progression,Homo sapiens,DLPFC,"PsychAD snRNA-seq derived donor x 27-subclass average PAC score (AD progression); controlled cohort not accessed; donor ID only, no diagnosis/Braak/resilience label",unlabeled,
M2491,synapse:syn60084804,Supplementary_Data_6:Avg. PAC scores AD progression,Homo sapiens,DLPFC,"PsychAD snRNA-seq derived donor x 27-subclass average PAC score (AD progression); controlled cohort not accessed; donor ID only, no diagnosis/Braak/resilience label",unlabeled,
M25144,synapse:syn60084804,Supplementary_Data_6:Avg. PAC scores AD progression,Homo sapiens,DLPFC,"PsychAD snRNA-seq derived donor x 27-subclass average PAC score (AD progression); controlled cohort not accessed; donor ID only, no diagnosis/Braak/resilience label",unlabeled,
M252323,synapse:syn60084804,Supplementary_Data_6:Avg. PAC scores AD progression,Homo sapiens,DLPFC,"PsychAD snRNA-seq derived donor x 27-subclass average PAC score (AD progression); controlled cohort not accessed; donor ID only, no diagnosis/Braak/resilience label",unlabeled,
M25234,synapse:syn60084804,Supplementary_Data_6:Avg. PAC scores AD progression,Homo sapiens,DLPFC,"PsychAD snRNA-seq derived donor x 27-subclass average PAC score (AD progression); controlled cohort not accessed; donor ID only, no diagnosis/Braak/resilience label",unlabeled,
M25557,synapse:syn60084804,Supplementary_Data_6:Avg. PAC scores AD progression,Homo sapiens,DLPFC,"PsychAD snRNA-seq derived donor x 27-subclass average PAC score (AD progression); controlled cohort not accessed; donor ID only, no diagnosis/Braak/resilience label",unlabeled,
M26229,synapse:syn60084804,Supplementary_Data_6:Avg. PAC scores AD progression,Homo sapiens,DLPFC,"PsychAD snRNA-seq derived donor x 27-subclass average PAC score (AD progression); controlled cohort not accessed; donor ID only, no diagnosis/Braak/resilience label",unlabeled,
M2646,synapse:syn60084804,Supplementary_Data_6:Avg. PAC scores AD progression,Homo sapiens,DLPFC,"PsychAD snRNA-seq derived donor x 27-subclass average PAC score (AD progression); controlled cohort not accessed; donor ID only, no diagnosis/Braak/resilience label",unlabeled,
M26792,synapse:syn60084804,Supplementary_Data_6:Avg. PAC scores AD progression,Homo sapiens,DLPFC,"PsychAD snRNA-seq derived donor x 27-subclass average PAC score (AD progression); controlled cohort not accessed; donor ID only, no diagnosis/Braak/resilience label",unlabeled,
M26968,synapse:syn60084804,Supplementary_Data_6:Avg. PAC scores AD progression,Homo sapiens,DLPFC,"PsychAD snRNA-seq derived donor x 27-subclass average PAC score (AD progression); controlled cohort not accessed; donor ID only, no diagnosis/Braak/resilience label",unlabeled,
M26976,synapse:syn60084804,Supplementary_Data_6:Avg. PAC scores AD progression,Homo sapiens,DLPFC,"PsychAD snRNA-seq derived donor x 27-subclass average PAC score (AD progression); controlled cohort not accessed; donor ID only, no diagnosis/Braak/resilience label",unlabeled,
M26992,synapse:syn60084804,Supplementary_Data_6:Avg. PAC scores AD progression,Homo sapiens,DLPFC,"PsychAD snRNA-seq derived donor x 27-subclass average PAC score (AD progression); controlled cohort not accessed; donor ID only, no diagnosis/Braak/resilience label",unlabeled,
M271140,synapse:syn60084804,Supplementary_Data_6:Avg. PAC scores AD progression,Homo sapiens,DLPFC,"PsychAD snRNA-seq derived donor x 27-subclass average PAC score (AD progression); controlled cohort not accessed; donor ID only, no diagnosis/Braak/resilience label",unlabeled,
M271150,synapse:syn60084804,Supplementary_Data_6:Avg. PAC scores AD progression,Homo sapiens,DLPFC,"PsychAD snRNA-seq derived donor x 27-subclass average PAC score (AD progression); controlled cohort not accessed; donor ID only, no diagnosis/Braak/resilience label",unlabeled,
M27285,synapse:syn60084804,Supplementary_Data_6:Avg. PAC scores AD progression,Homo sapiens,DLPFC,"PsychAD snRNA-seq derived donor x 27-subclass average PAC score (AD progression); controlled cohort not accessed; donor ID only, no diagnosis/Braak/resilience label",unlabeled,
M27409,synapse:syn60084804,Supplementary_Data_6:Avg. PAC scores AD progression,Homo sapiens,DLPFC,"PsychAD snRNA-seq derived donor x 27-subclass average PAC score (AD progression); controlled cohort not accessed; donor ID only, no diagnosis/Braak/resilience label",unlabeled,
M27521,synapse:syn60084804,Supplementary_Data_6:Avg. PAC scores AD progression,Homo sapiens,DLPFC,"PsychAD snRNA-seq derived donor x 27-subclass average PAC score (AD progression); controlled cohort not accessed; donor ID only, no diagnosis/Braak/resilience label",unlabeled,
M2772,synapse:syn60084804,Supplementary_Data_6:Avg. PAC scores AD progression,Homo sapiens,DLPFC,"PsychAD snRNA-seq derived donor x 27-subclass average PAC score (AD progression); controlled cohort not accessed; donor ID only, no diagnosis/Braak/resilience label",unlabeled,
M27813,synapse:syn60084804,Supplementary_Data_6:Avg. PAC scores AD progression,Homo sapiens,DLPFC,"PsychAD snRNA-seq derived donor x 27-subclass average PAC score (AD progression); controlled cohort not accessed; donor ID only, no diagnosis/Braak/resilience label",unlabeled,
M27965,synapse:syn60084804,Supplementary_Data_6:Avg. PAC scores AD progression,Homo sapiens,DLPFC,"PsychAD snRNA-seq derived donor x 27-subclass average PAC score (AD progression); controlled cohort not accessed; donor ID only, no diagnosis/Braak/resilience label",unlabeled,
M28034,synapse:syn60084804,Supplementary_Data_6:Avg. PAC scores AD progression,Homo sapiens,DLPFC,"PsychAD snRNA-seq derived donor x 27-subclass average PAC score (AD progression); controlled cohort not accessed; donor ID only, no diagnosis/Braak/resilience label",unlabeled,
M28083,synapse:syn60084804,Supplementary_Data_6:Avg. PAC scores AD progression,Homo sapiens,DLPFC,"PsychAD snRNA-seq derived donor x 27-subclass average PAC score (AD progression); controlled cohort not accessed; donor ID only, no diagnosis/Braak/resilience label",unlabeled,
M28098,synapse:syn60084804,Supplementary_Data_6:Avg. PAC scores AD progression,Homo sapiens,DLPFC,"PsychAD snRNA-seq derived donor x 27-subclass average PAC score (AD progression); controlled cohort not accessed; donor ID only, no diagnosis/Braak/resilience label",unlabeled,
M28167,synapse:syn60084804,Supplementary_Data_6:Avg. PAC scores AD progression,Homo sapiens,DLPFC,"PsychAD snRNA-seq derived donor x 27-subclass average PAC score (AD progression); controlled cohort not accessed; donor ID only, no diagnosis/Braak/resilience label",unlabeled,
M282520,synapse:syn60084804,Supplementary_Data_6:Avg. PAC scores AD progression,Homo sapiens,DLPFC,"PsychAD snRNA-seq derived donor x 27-subclass average PAC score (AD progression); controlled cohort not accessed; donor ID only, no diagnosis/Braak/resilience label",unlabeled,
M28379,synapse:syn60084804,Supplementary_Data_6:Avg. PAC scores AD progression,Homo sapiens,DLPFC,"PsychAD snRNA-seq derived donor x 27-subclass average PAC score (AD progression); controlled cohort not accessed; donor ID only, no diagnosis/Braak/resilience label",unlabeled,
M28437,synapse:syn60084804,Supplementary_Data_6:Avg. PAC scores AD progression,Homo sapiens,DLPFC,"PsychAD snRNA-seq derived donor x 27-subclass average PAC score (AD progression); controlled cohort not accessed; donor ID only, no diagnosis/Braak/resilience label",unlabeled,
M28592,synapse:syn60084804,Supplementary_Data_6:Avg. PAC scores AD progression,Homo sapiens,DLPFC,"PsychAD snRNA-seq derived donor x 27-subclass average PAC score (AD progression); controlled cohort not accessed; donor ID only, no diagnosis/Braak/resilience label",unlabeled,
M28843,synapse:syn60084804,Supplementary_Data_6:Avg. PAC scores AD progression,Homo sapiens,DLPFC,"PsychAD snRNA-seq derived donor x 27-subclass average PAC score (AD progression); controlled cohort not accessed; donor ID only, no diagnosis/Braak/resilience label",unlabeled,
M28892,synapse:syn60084804,Supplementary_Data_6:Avg. PAC scores AD progression,Homo sapiens,DLPFC,"PsychAD snRNA-seq derived donor x 27-subclass average PAC score (AD progression); controlled cohort not accessed; donor ID only, no diagnosis/Braak/resilience label",unlabeled,
M2899,synapse:syn60084804,Supplementary_Data_6:Avg. PAC scores AD progression,Homo sapiens,DLPFC,"PsychAD snRNA-seq derived donor x 27-subclass average PAC score (AD progression); controlled cohort not accessed; donor ID only, no diagnosis/Braak/resilience label",unlabeled,
M29124,synapse:syn60084804,Supplementary_Data_6:Avg. PAC scores AD progression,Homo sapiens,DLPFC,"PsychAD snRNA-seq derived donor x 27-subclass average PAC score (AD progression); controlled cohort not accessed; donor ID only, no diagnosis/Braak/resilience label",unlabeled,
M29188,synapse:syn60084804,Supplementary_Data_6:Avg. PAC scores AD progression,Homo sapiens,DLPFC,"PsychAD snRNA-seq derived donor x 27-subclass average PAC score (AD progression); controlled cohort not accessed; donor ID only, no diagnosis/Braak/resilience label",unlabeled,
M29466,synapse:syn60084804,Supplementary_Data_6:Avg. PAC scores AD progression,Homo sapiens,DLPFC,"PsychAD snRNA-seq derived donor x 27-subclass average PAC score (AD progression); controlled cohort not accessed; donor ID only, no diagnosis/Braak/resilience label",unlabeled,
M29582,synapse:syn60084804,Supplementary_Data_6:Avg. PAC scores AD progression,Homo sapiens,DLPFC,"PsychAD snRNA-seq derived donor x 27-subclass average PAC score (AD progression); controlled cohort not accessed; donor ID only, no diagnosis/Braak/resilience label",unlabeled,
M29637,synapse:syn60084804,Supplementary_Data_6:Avg. PAC scores AD progression,Homo sapiens,DLPFC,"PsychAD snRNA-seq derived donor x 27-subclass average PAC score (AD progression); controlled cohort not accessed; donor ID only, no diagnosis/Braak/resilience label",unlabeled,
M29668,synapse:syn60084804,Supplementary_Data_6:Avg. PAC scores AD progression,Homo sapiens,DLPFC,"PsychAD snRNA-seq derived donor x 27-subclass average PAC score (AD progression); controlled cohort not accessed; donor ID only, no diagnosis/Braak/resilience label",unlabeled,
M29716,synapse:syn60084804,Supplementary_Data_6:Avg. PAC scores AD progression,Homo sapiens,DLPFC,"PsychAD snRNA-seq derived donor x 27-subclass average PAC score (AD progression); controlled cohort not accessed; donor ID only, no diagnosis/Braak/resilience label",unlabeled,
M29736,synapse:syn60084804,Supplementary_Data_6:Avg. PAC scores AD progression,Homo sapiens,DLPFC,"PsychAD snRNA-seq derived donor x 27-subclass average PAC score (AD progression); controlled cohort not accessed; donor ID only, no diagnosis/Braak/resilience label",unlabeled,
M298992,synapse:syn60084804,Supplementary_Data_6:Avg. PAC scores AD progression,Homo sapiens,DLPFC,"PsychAD snRNA-seq derived donor x 27-subclass average PAC score (AD progression); controlled cohort not accessed; donor ID only, no diagnosis/Braak/resilience label",unlabeled,
M3003,synapse:syn60084804,Supplementary_Data_6:Avg. PAC scores AD progression,Homo sapiens,DLPFC,"PsychAD snRNA-seq derived donor x 27-subclass average PAC score (AD progression); controlled cohort not accessed; donor ID only, no diagnosis/Braak/resilience label",unlabeled,
M30150,synapse:syn60084804,Supplementary_Data_6:Avg. PAC scores AD progression,Homo sapiens,DLPFC,"PsychAD snRNA-seq derived donor x 27-subclass average PAC score (AD progression); controlled cohort not accessed; donor ID only, no diagnosis/Braak/resilience label",unlabeled,
M30199,synapse:syn60084804,Supplementary_Data_6:Avg. PAC scores AD progression,Homo sapiens,DLPFC,"PsychAD snRNA-seq derived donor x 27-subclass average PAC score (AD progression); controlled cohort not accessed; donor ID only, no diagnosis/Braak/resilience label",unlabeled,
M3038,synapse:syn60084804,Supplementary_Data_6:Avg. PAC scores AD progression,Homo sapiens,DLPFC,"PsychAD snRNA-seq derived donor x 27-subclass average PAC score (AD progression); controlled cohort not accessed; donor ID only, no diagnosis/Braak/resilience label",unlabeled,
M304882,synapse:syn60084804,Supplementary_Data_6:Avg. PAC scores AD progression,Homo sapiens,DLPFC,"PsychAD snRNA-seq derived donor x 27-subclass average PAC score (AD progression); controlled cohort not accessed; donor ID only, no diagnosis/Braak/resilience label",unlabeled,
M30663,synapse:syn60084804,Supplementary_Data_6:Avg. PAC scores AD progression,Homo sapiens,DLPFC,"PsychAD snRNA-seq derived donor x 27-subclass average PAC score (AD progression); controlled cohort not accessed; donor ID only, no diagnosis/Braak/resilience label",unlabeled,
M307567,synapse:syn60084804,Supplementary_Data_6:Avg. PAC scores AD progression,Homo sapiens,DLPFC,"PsychAD snRNA-seq derived donor x 27-subclass average PAC score (AD progression); controlled cohort not accessed; donor ID only, no diagnosis/Braak/resilience label",unlabeled,
M31225,synapse:syn60084804,Supplementary_Data_6:Avg. PAC scores AD progression,Homo sapiens,DLPFC,"PsychAD snRNA-seq derived donor x 27-subclass average PAC score (AD progression); controlled cohort not accessed; donor ID only, no diagnosis/Braak/resilience label",unlabeled,
M31555,synapse:syn60084804,Supplementary_Data_6:Avg. PAC scores AD progression,Homo sapiens,DLPFC,"PsychAD snRNA-seq derived donor x 27-subclass average PAC score (AD progression); controlled cohort not accessed; donor ID only, no diagnosis/Braak/resilience label",unlabeled,
M31556,synapse:syn60084804,Supplementary_Data_6:Avg. PAC scores AD progression,Homo sapiens,DLPFC,"PsychAD snRNA-seq derived donor x 27-subclass average PAC score (AD progression); controlled cohort not accessed; donor ID only, no diagnosis/Braak/resilience label",unlabeled,
M31634,synapse:syn60084804,Supplementary_Data_6:Avg. PAC scores AD progression,Homo sapiens,DLPFC,"PsychAD snRNA-seq derived donor x 27-subclass average PAC score (AD progression); controlled cohort not accessed; donor ID only, no diagnosis/Braak/resilience label",unlabeled,
M31737,synapse:syn60084804,Supplementary_Data_6:Avg. PAC scores AD progression,Homo sapiens,DLPFC,"PsychAD snRNA-seq derived donor x 27-subclass average PAC score (AD progression); controlled cohort not accessed; donor ID only, no diagnosis/Braak/resilience label",unlabeled,
M31762,synapse:syn60084804,Supplementary_Data_6:Avg. PAC scores AD progression,Homo sapiens,DLPFC,"PsychAD snRNA-seq derived donor x 27-subclass average PAC score (AD progression); controlled cohort not accessed; donor ID only, no diagnosis/Braak/resilience label",unlabeled,
M31969,synapse:syn60084804,Supplementary_Data_6:Avg. PAC scores AD progression,Homo sapiens,DLPFC,"PsychAD snRNA-seq derived donor x 27-subclass average PAC score (AD progression); controlled cohort not accessed; donor ID only, no diagnosis/Braak/resilience label",unlabeled,
M31998,synapse:syn60084804,Supplementary_Data_6:Avg. PAC scores AD progression,Homo sapiens,DLPFC,"PsychAD snRNA-seq derived donor x 27-subclass average PAC score (AD progression); controlled cohort not accessed; donor ID only, no diagnosis/Braak/resilience label",unlabeled,
M32068,synapse:syn60084804,Supplementary_Data_6:Avg. PAC scores AD progression,Homo sapiens,DLPFC,"PsychAD snRNA-seq derived donor x 27-subclass average PAC score (AD progression); controlled cohort not accessed; donor ID only, no diagnosis/Braak/resilience label",unlabeled,
M323252,synapse:syn60084804,Supplementary_Data_6:Avg. PAC scores AD progression,Homo sapiens,DLPFC,"PsychAD snRNA-seq derived donor x 27-subclass average PAC score (AD progression); controlled cohort not accessed; donor ID only, no diagnosis/Braak/resilience label",unlabeled,
M32482,synapse:syn60084804,Supplementary_Data_6:Avg. PAC scores AD progression,Homo sapiens,DLPFC,"PsychAD snRNA-seq derived donor x 27-subclass average PAC score (AD progression); controlled cohort not accessed; donor ID only, no diagnosis/Braak/resilience label",unlabeled,
M32561,synapse:syn60084804,Supplementary_Data_6:Avg. PAC scores AD progression,Homo sapiens,DLPFC,"PsychAD snRNA-seq derived donor x 27-subclass average PAC score (AD progression); controlled cohort not accessed; donor ID only, no diagnosis/Braak/resilience label",unlabeled,
M32714,synapse:syn60084804,Supplementary_Data_6:Avg. PAC scores AD progression,Homo sapiens,DLPFC,"PsychAD snRNA-seq derived donor x 27-subclass average PAC score (AD progression); controlled cohort not accessed; donor ID only, no diagnosis/Braak/resilience label",unlabeled,
M32931,synapse:syn60084804,Supplementary_Data_6:Avg. PAC scores AD progression,Homo sapiens,DLPFC,"PsychAD snRNA-seq derived donor x 27-subclass average PAC score (AD progression); controlled cohort not accessed; donor ID only, no diagnosis/Braak/resilience label",unlabeled,
M32995,synapse:syn60084804,Supplementary_Data_6:Avg. PAC scores AD progression,Homo sapiens,DLPFC,"PsychAD snRNA-seq derived donor x 27-subclass average PAC score (AD progression); controlled cohort not accessed; donor ID only, no diagnosis/Braak/resilience label",unlabeled,
M3319,synapse:syn60084804,Supplementary_Data_6:Avg. PAC scores AD progression,Homo sapiens,DLPFC,"PsychAD snRNA-seq derived donor x 27-subclass average PAC score (AD progression); controlled cohort not accessed; donor ID only, no diagnosis/Braak/resilience label",unlabeled,
M33390,synapse:syn60084804,Supplementary_Data_6:Avg. PAC scores AD progression,Homo sapiens,DLPFC,"PsychAD snRNA-seq derived donor x 27-subclass average PAC score (AD progression); controlled cohort not accessed; donor ID only, no diagnosis/Braak/resilience label",unlabeled,
M33508,synapse:syn60084804,Supplementary_Data_6:Avg. PAC scores AD progression,Homo sapiens,DLPFC,"PsychAD snRNA-seq derived donor x 27-subclass average PAC score (AD progression); controlled cohort not accessed; donor ID only, no diagnosis/Braak/resilience label",unlabeled,
M336074,synapse:syn60084804,Supplementary_Data_6:Avg. PAC scores AD progression,Homo sapiens,DLPFC,"PsychAD snRNA-seq derived donor x 27-subclass average PAC score (AD progression); controlled cohort not accessed; donor ID only, no diagnosis/Braak/resilience label",unlabeled,
M33688,synapse:syn60084804,Supplementary_Data_6:Avg. PAC scores AD progression,Homo sapiens,DLPFC,"PsychAD snRNA-seq derived donor x 27-subclass average PAC score (AD progression); controlled cohort not accessed; donor ID only, no diagnosis/Braak/resilience label",unlabeled,
M33690,synapse:syn60084804,Supplementary_Data_6:Avg. PAC scores AD progression,Homo sapiens,DLPFC,"PsychAD snRNA-seq derived donor x 27-subclass average PAC score (AD progression); controlled cohort not accessed; donor ID only, no diagnosis/Braak/resilience label",unlabeled,
M33789,synapse:syn60084804,Supplementary_Data_6:Avg. PAC scores AD progression,Homo sapiens,DLPFC,"PsychAD snRNA-seq derived donor x 27-subclass average PAC score (AD progression); controlled cohort not accessed; donor ID only, no diagnosis/Braak/resilience label",unlabeled,
M33868,synapse:syn60084804,Supplementary_Data_6:Avg. PAC scores AD progression,Homo sapiens,DLPFC,"PsychAD snRNA-seq derived donor x 27-subclass average PAC score (AD progression); controlled cohort not accessed; donor ID only, no diagnosis/Braak/resilience label",unlabeled,
M33987,synapse:syn60084804,Supplementary_Data_6:Avg. PAC scores AD progression,Homo sapiens,DLPFC,"PsychAD snRNA-seq derived donor x 27-subclass average PAC score (AD progression); controlled cohort not accessed; donor ID only, no diagnosis/Braak/resilience label",unlabeled,
M34015,synapse:syn60084804,Supplementary_Data_6:Avg. PAC scores AD progression,Homo sapiens,DLPFC,"PsychAD snRNA-seq derived donor x 27-subclass average PAC score (AD progression); controlled cohort not accessed; donor ID only, no diagnosis/Braak/resilience label",unlabeled,
M34070,synapse:syn60084804,Supplementary_Data_6:Avg. PAC scores AD progression,Homo sapiens,DLPFC,"PsychAD snRNA-seq derived donor x 27-subclass average PAC score (AD progression); controlled cohort not accessed; donor ID only, no diagnosis/Braak/resilience label",unlabeled,
M34238,synapse:syn60084804,Supplementary_Data_6:Avg. PAC scores AD progression,Homo sapiens,DLPFC,"PsychAD snRNA-seq derived donor x 27-subclass average PAC score (AD progression); controlled cohort not accessed; donor ID only, no diagnosis/Braak/resilience label",unlabeled,
M34302,synapse:syn60084804,Supplementary_Data_6:Avg. PAC scores AD progression,Homo sapiens,DLPFC,"PsychAD snRNA-seq derived donor x 27-subclass average PAC score (AD progression); controlled cohort not accessed; donor ID only, no diagnosis/Braak/resilience label",unlabeled,
M34371,synapse:syn60084804,Supplementary_Data_6:Avg. PAC scores AD progression,Homo sapiens,DLPFC,"PsychAD snRNA-seq derived donor x 27-subclass average PAC score (AD progression); controlled cohort not accessed; donor ID only, no diagnosis/Braak/resilience label",unlabeled,
M34583,synapse:syn60084804,Supplementary_Data_6:Avg. PAC scores AD progression,Homo sapiens,DLPFC,"PsychAD snRNA-seq derived donor x 27-subclass average PAC score (AD progression); controlled cohort not accessed; donor ID only, no diagnosis/Braak/resilience label",unlabeled,
M34682,synapse:syn60084804,Supplementary_Data_6:Avg. PAC scores AD progression,Homo sapiens,DLPFC,"PsychAD snRNA-seq derived donor x 27-subclass average PAC score (AD progression); controlled cohort not accessed; donor ID only, no diagnosis/Braak/resilience label",unlabeled,
M34701,synapse:syn60084804,Supplementary_Data_6:Avg. PAC scores AD progression,Homo sapiens,DLPFC,"PsychAD snRNA-seq derived donor x 27-subclass average PAC score (AD progression); controlled cohort not accessed; donor ID only, no diagnosis/Braak/resilience label",unlabeled,
M34815,synapse:syn60084804,Supplementary_Data_6:Avg. PAC scores AD progression,Homo sapiens,DLPFC,"PsychAD snRNA-seq derived donor x 27-subclass average PAC score (AD progression); controlled cohort not accessed; donor ID only, no diagnosis/Braak/resilience label",unlabeled,
M35096,synapse:syn60084804,Supplementary_Data_6:Avg. PAC scores AD progression,Homo sapiens,DLPFC,"PsychAD snRNA-seq derived donor x 27-subclass average PAC score (AD progression); controlled cohort not accessed; donor ID only, no diagnosis/Braak/resilience label",unlabeled,
M35115,synapse:syn60084804,Supplementary_Data_6:Avg. PAC scores AD progression,Homo sapiens,DLPFC,"PsychAD snRNA-seq derived donor x 27-subclass average PAC score (AD progression); controlled cohort not accessed; donor ID only, no diagnosis/Braak/resilience label",unlabeled,
M35312,synapse:syn60084804,Supplementary_Data_6:Avg. PAC scores AD progression,Homo sapiens,DLPFC,"PsychAD snRNA-seq derived donor x 27-subclass average PAC score (AD progression); controlled cohort not accessed; donor ID only, no diagnosis/Braak/resilience label",unlabeled,
M35594,synapse:syn60084804,Supplementary_Data_6:Avg. PAC scores AD progression,Homo sapiens,DLPFC,"PsychAD snRNA-seq derived donor x 27-subclass average PAC score (AD progression); controlled cohort not accessed; donor ID only, no diagnosis/Braak/resilience label",unlabeled,
M35609,synapse:syn60084804,Supplementary_Data_6:Avg. PAC scores AD progression,Homo sapiens,DLPFC,"PsychAD snRNA-seq derived donor x 27-subclass average PAC score (AD progression); controlled cohort not accessed; donor ID only, no diagnosis/Braak/resilience label",unlabeled,
M3566,synapse:syn60084804,Supplementary_Data_6:Avg. PAC scores AD progression,Homo sapiens,DLPFC,"PsychAD snRNA-seq derived donor x 27-subclass average PAC score (AD progression); controlled cohort not accessed; donor ID only, no diagnosis/Braak/resilience label",unlabeled,
M35758,synapse:syn60084804,Supplementary_Data_6:Avg. PAC scores AD progression,Homo sapiens,DLPFC,"PsychAD snRNA-seq derived donor x 27-subclass average PAC score (AD progression); controlled cohort not accessed; donor ID only, no diagnosis/Braak/resilience label",unlabeled,
M35840,synapse:syn60084804,Supplementary_Data_6:Avg. PAC scores AD progression,Homo sapiens,DLPFC,"PsychAD snRNA-seq derived donor x 27-subclass average PAC score (AD progression); controlled cohort not accessed; donor ID only, no diagnosis/Braak/resilience label",unlabeled,
M36047,synapse:syn60084804,Supplementary_Data_6:Avg. PAC scores AD progression,Homo sapiens,DLPFC,"PsychAD snRNA-seq derived donor x 27-subclass average PAC score (AD progression); controlled cohort not accessed; donor ID only, no diagnosis/Braak/resilience label",unlabeled,
M36067,synapse:syn60084804,Supplementary_Data_6:Avg. PAC scores AD progression,Homo sapiens,DLPFC,"PsychAD snRNA-seq derived donor x 27-subclass average PAC score (AD progression); controlled cohort not accessed; donor ID only, no diagnosis/Braak/resilience label",unlabeled,
M36121,synapse:syn60084804,Supplementary_Data_6:Avg. PAC scores AD progression,Homo sapiens,DLPFC,"PsychAD snRNA-seq derived donor x 27-subclass average PAC score (AD progression); controlled cohort not accessed; donor ID only, no diagnosis/Braak/resilience label",unlabeled,
M36203,synapse:syn60084804,Supplementary_Data_6:Avg. PAC scores AD progression,Homo sapiens,DLPFC,"PsychAD snRNA-seq derived donor x 27-subclass average PAC score (AD progression); controlled cohort not accessed; donor ID only, no diagnosis/Braak/resilience label",unlabeled,
M36388,synapse:syn60084804,Supplementary_Data_6:Avg. PAC scores AD progression,Homo sapiens,DLPFC,"PsychAD snRNA-seq derived donor x 27-subclass average PAC score (AD progression); controlled cohort not accessed; donor ID only, no diagnosis/Braak/resilience label",unlabeled,
M36615,synapse:syn60084804,Supplementary_Data_6:Avg. PAC scores AD progression,Homo sapiens,DLPFC,"PsychAD snRNA-seq derived donor x 27-subclass average PAC score (AD progression); controlled cohort not accessed; donor ID only, no diagnosis/Braak/resilience label",unlabeled,
M36634,synapse:syn60084804,Supplementary_Data_6:Avg. PAC scores AD progression,Homo sapiens,DLPFC,"PsychAD snRNA-seq derived donor x 27-subclass average PAC score (AD progression); controlled cohort not accessed; donor ID only, no diagnosis/Braak/resilience label",unlabeled,
M37107,synapse:syn60084804,Supplementary_Data_6:Avg. PAC scores AD progression,Homo sapiens,DLPFC,"PsychAD snRNA-seq derived donor x 27-subclass average PAC score (AD progression); controlled cohort not accessed; donor ID only, no diagnosis/Braak/resilience label",unlabeled,
M37256,synapse:syn60084804,Supplementary_Data_6:Avg. PAC scores AD progression,Homo sapiens,DLPFC,"PsychAD snRNA-seq derived donor x 27-subclass average PAC score (AD progression); controlled cohort not accessed; donor ID only, no diagnosis/Braak/resilience label",unlabeled,
M37330,synapse:syn60084804,Supplementary_Data_6:Avg. PAC scores AD progression,Homo sapiens,DLPFC,"PsychAD snRNA-seq derived donor x 27-subclass average PAC score (AD progression); controlled cohort not accessed; donor ID only, no diagnosis/Braak/resilience label",unlabeled,
M3760,synapse:syn60084804,Supplementary_Data_6:Avg. PAC scores AD progression,Homo sapiens,DLPFC,"PsychAD snRNA-seq derived donor x 27-subclass average PAC score (AD progression); controlled cohort not accessed; donor ID only, no diagnosis/Braak/resilience label",unlabeled,
M37684,synapse:syn60084804,Supplementary_Data_6:Avg. PAC scores AD progression,Homo sapiens,DLPFC,"PsychAD snRNA-seq derived donor x 27-subclass average PAC score (AD progression); controlled cohort not accessed; donor ID only, no diagnosis/Braak/resilience label",unlabeled,
M37941,synapse:syn60084804,Supplementary_Data_6:Avg. PAC scores AD progression,Homo sapiens,DLPFC,"PsychAD snRNA-seq derived donor x 27-subclass average PAC score (AD progression); controlled cohort not accessed; donor ID only, no diagnosis/Braak/resilience label",unlabeled,
M37960,synapse:syn60084804,Supplementary_Data_6:Avg. PAC scores AD progression,Homo sapiens,DLPFC,"PsychAD snRNA-seq derived donor x 27-subclass average PAC score (AD progression); controlled cohort not accessed; donor ID only, no diagnosis/Braak/resilience label",unlabeled,
M3797,synapse:syn60084804,Supplementary_Data_6:Avg. PAC scores AD progression,Homo sapiens,DLPFC,"PsychAD snRNA-seq derived donor x 27-subclass average PAC score (AD progression); controlled cohort not accessed; donor ID only, no diagnosis/Braak/resilience label",unlabeled,
M38069,synapse:syn60084804,Supplementary_Data_6:Avg. PAC scores AD progression,Homo sapiens,DLPFC,"PsychAD snRNA-seq derived donor x 27-subclass average PAC score (AD progression); controlled cohort not accessed; donor ID only, no diagnosis/Braak/resilience label",unlabeled,
M38405,synapse:syn60084804,Supplementary_Data_6:Avg. PAC scores AD progression,Homo sapiens,DLPFC,"PsychAD snRNA-seq derived donor x 27-subclass average PAC score (AD progression); controlled cohort not accessed; donor ID only, no diagnosis/Braak/resilience label",unlabeled,
M384383,synapse:syn60084804,Supplementary_Data_6:Avg. PAC scores AD progression,Homo sapiens,DLPFC,"PsychAD snRNA-seq derived donor x 27-subclass average PAC score (AD progression); controlled cohort not accessed; donor ID only, no diagnosis/Braak/resilience label",unlabeled,
M38454,synapse:syn60084804,Supplementary_Data_6:Avg. PAC scores AD progression,Homo sapiens,DLPFC,"PsychAD snRNA-seq derived donor x 27-subclass average PAC score (AD progression); controlled cohort not accessed; donor ID only, no diagnosis/Braak/resilience label",unlabeled,
M38519,synapse:syn60084804,Supplementary_Data_6:Avg. PAC scores AD progression,Homo sapiens,DLPFC,"PsychAD snRNA-seq derived donor x 27-subclass average PAC score (AD progression); controlled cohort not accessed; donor ID only, no diagnosis/Braak/resilience label",unlabeled,
M38686,synapse:syn60084804,Supplementary_Data_6:Avg. PAC scores AD progression,Homo sapiens,DLPFC,"PsychAD snRNA-seq derived donor x 27-subclass average PAC score (AD progression); controlled cohort not accessed; donor ID only, no diagnosis/Braak/resilience label",unlabeled,
M39198,synapse:syn60084804,Supplementary_Data_6:Avg. PAC scores AD progression,Homo sapiens,DLPFC,"PsychAD snRNA-seq derived donor x 27-subclass average PAC score (AD progression); controlled cohort not accessed; donor ID only, no diagnosis/Braak/resilience label",unlabeled,
M39233,synapse:syn60084804,Supplementary_Data_6:Avg. PAC scores AD progression,Homo sapiens,DLPFC,"PsychAD snRNA-seq derived donor x 27-subclass average PAC score (AD progression); controlled cohort not accessed; donor ID only, no diagnosis/Braak/resilience label",unlabeled,
M39413,synapse:syn60084804,Supplementary_Data_6:Avg. PAC scores AD progression,Homo sapiens,DLPFC,"PsychAD snRNA-seq derived donor x 27-subclass average PAC score (AD progression); controlled cohort not accessed; donor ID only, no diagnosis/Braak/resilience label",unlabeled,
M39480,synapse:syn60084804,Supplementary_Data_6:Avg. PAC scores AD progression,Homo sapiens,DLPFC,"PsychAD snRNA-seq derived donor x 27-subclass average PAC score (AD progression); controlled cohort not accessed; donor ID only, no diagnosis/Braak/resilience label",unlabeled,
M395695,synapse:syn60084804,Supplementary_Data_6:Avg. PAC scores AD progression,Homo sapiens,DLPFC,"PsychAD snRNA-seq derived donor x 27-subclass average PAC score (AD progression); controlled cohort not accessed; donor ID only, no diagnosis/Braak/resilience label",unlabeled,
M39711,synapse:syn60084804,Supplementary_Data_6:Avg. PAC scores AD progression,Homo sapiens,DLPFC,"PsychAD snRNA-seq derived donor x 27-subclass average PAC score (AD progression); controlled cohort not accessed; donor ID only, no diagnosis/Braak/resilience label",unlabeled,
M4009,synapse:syn60084804,Supplementary_Data_6:Avg. PAC scores AD progression,Homo sapiens,DLPFC,"PsychAD snRNA-seq derived donor x 27-subclass average PAC score (AD progression); controlled cohort not accessed; donor ID only, no diagnosis/Braak/resilience label",unlabeled,
M40103,synapse:syn60084804,Supplementary_Data_6:Avg. PAC scores AD progression,Homo sapiens,DLPFC,"PsychAD snRNA-seq derived donor x 27-subclass average PAC score (AD progression); controlled cohort not accessed; donor ID only, no diagnosis/Braak/resilience label",unlabeled,
M40274,synapse:syn60084804,Supplementary_Data_6:Avg. PAC scores AD progression,Homo sapiens,DLPFC,"PsychAD snRNA-seq derived donor x 27-subclass average PAC score (AD progression); controlled cohort not accessed; donor ID only, no diagnosis/Braak/resilience label",unlabeled,
M4030,synapse:syn60084804,Supplementary_Data_6:Avg. PAC scores AD progression,Homo sapiens,DLPFC,"PsychAD snRNA-seq derived donor x 27-subclass average PAC score (AD progression); controlled cohort not accessed; donor ID only, no diagnosis/Braak/resilience label",unlabeled,
M40437,synapse:syn60084804,Supplementary_Data_6:Avg. PAC scores AD progression,Homo sapiens,DLPFC,"PsychAD snRNA-seq derived donor x 27-subclass average PAC score (AD progression); controlled cohort not accessed; donor ID only, no diagnosis/Braak/resilience label",unlabeled,
M40565,synapse:syn60084804,Supplementary_Data_6:Avg. PAC scores AD progression,Homo sapiens,DLPFC,"PsychAD snRNA-seq derived donor x 27-subclass average PAC score (AD progression); controlled cohort not accessed; donor ID only, no diagnosis/Braak/resilience label",unlabeled,
M40584,synapse:syn60084804,Supplementary_Data_6:Avg. PAC scores AD progression,Homo sapiens,DLPFC,"PsychAD snRNA-seq derived donor x 27-subclass average PAC score (AD progression); controlled cohort not accessed; donor ID only, no diagnosis/Braak/resilience label",unlabeled,
M4078,synapse:syn60084804,Supplementary_Data_6:Avg. PAC scores AD progression,Homo sapiens,DLPFC,"PsychAD snRNA-seq derived donor x 27-subclass average PAC score (AD progression); controlled cohort not accessed; donor ID only, no diagnosis/Braak/resilience label",unlabeled,
M40816,synapse:syn60084804,Supplementary_Data_6:Avg. PAC scores AD progression,Homo sapiens,DLPFC,"PsychAD snRNA-seq derived donor x 27-subclass average PAC score (AD progression); controlled cohort not accessed; donor ID only, no diagnosis/Braak/resilience label",unlabeled,
M40820,synapse:syn60084804,Supplementary_Data_6:Avg. PAC scores AD progression,Homo sapiens,DLPFC,"PsychAD snRNA-seq derived donor x 27-subclass average PAC score (AD progression); controlled cohort not accessed; donor ID only, no diagnosis/Braak/resilience label",unlabeled,
M41136,synapse:syn60084804,Supplementary_Data_6:Avg. PAC scores AD progression,Homo sapiens,DLPFC,"PsychAD snRNA-seq derived donor x 27-subclass average PAC score (AD progression); controlled cohort not accessed; donor ID only, no diagnosis/Braak/resilience label",unlabeled,
M41250,synapse:syn60084804,Supplementary_Data_6:Avg. PAC scores AD progression,Homo sapiens,DLPFC,"PsychAD snRNA-seq derived donor x 27-subclass average PAC score (AD progression); controlled cohort not accessed; donor ID only, no diagnosis/Braak/resilience label",unlabeled,
M41299,synapse:syn60084804,Supplementary_Data_6:Avg. PAC scores AD progression,Homo sapiens,DLPFC,"PsychAD snRNA-seq derived donor x 27-subclass average PAC score (AD progression); controlled cohort not accessed; donor ID only, no diagnosis/Braak/resilience label",unlabeled,
M41496,synapse:syn60084804,Supplementary_Data_6:Avg. PAC scores AD progression,Homo sapiens,DLPFC,"PsychAD snRNA-seq derived donor x 27-subclass average PAC score (AD progression); controlled cohort not accessed; donor ID only, no diagnosis/Braak/resilience label",unlabeled,
M41763,synapse:syn60084804,Supplementary_Data_6:Avg. PAC scores AD progression,Homo sapiens,DLPFC,"PsychAD snRNA-seq derived donor x 27-subclass average PAC score (AD progression); controlled cohort not accessed; donor ID only, no diagnosis/Braak/resilience label",unlabeled,
M41832,synapse:syn60084804,Supplementary_Data_6:Avg. PAC scores AD progression,Homo sapiens,DLPFC,"PsychAD snRNA-seq derived donor x 27-subclass average PAC score (AD progression); controlled cohort not accessed; donor ID only, no diagnosis/Braak/resilience label",unlabeled,
M42055,synapse:syn60084804,Supplementary_Data_6:Avg. PAC scores AD progression,Homo sapiens,DLPFC,"PsychAD snRNA-seq derived donor x 27-subclass average PAC score (AD progression); controlled cohort not accessed; donor ID only, no diagnosis/Braak/resilience label",unlabeled,
M42537,synapse:syn60084804,Supplementary_Data_6:Avg. PAC scores AD progression,Homo sapiens,DLPFC,"PsychAD snRNA-seq derived donor x 27-subclass average PAC score (AD progression); controlled cohort not accessed; donor ID only, no diagnosis/Braak/resilience label",unlabeled,
M42557,synapse:syn60084804,Supplementary_Data_6:Avg. PAC scores AD progression,Homo sapiens,DLPFC,"PsychAD snRNA-seq derived donor x 27-subclass average PAC score (AD progression); controlled cohort not accessed; donor ID only, no diagnosis/Braak/resilience label",unlabeled,
M42725,synapse:syn60084804,Supplementary_Data_6:Avg. PAC scores AD progression,Homo sapiens,DLPFC,"PsychAD snRNA-seq derived donor x 27-subclass average PAC score (AD progression); controlled cohort not accessed; donor ID only, no diagnosis/Braak/resilience label",unlabeled,
M42769,synapse:syn60084804,Supplementary_Data_6:Avg. PAC scores AD progression,Homo sapiens,DLPFC,"PsychAD snRNA-seq derived donor x 27-subclass average PAC score (AD progression); controlled cohort not accessed; donor ID only, no diagnosis/Braak/resilience label",unlabeled,
M42795,synapse:syn60084804,Supplementary_Data_6:Avg. PAC scores AD progression,Homo sapiens,DLPFC,"PsychAD snRNA-seq derived donor x 27-subclass average PAC score (AD progression); controlled cohort not accessed; donor ID only, no diagnosis/Braak/resilience label",unlabeled,
M43069,synapse:syn60084804,Supplementary_Data_6:Avg. PAC scores AD progression,Homo sapiens,DLPFC,"PsychAD snRNA-seq derived donor x 27-subclass average PAC score (AD progression); controlled cohort not accessed; donor ID only, no diagnosis/Braak/resilience label",unlabeled,
M4310,synapse:syn60084804,Supplementary_Data_6:Avg. PAC scores AD progression,Homo sapiens,DLPFC,"PsychAD snRNA-seq derived donor x 27-subclass average PAC score (AD progression); controlled cohort not accessed; donor ID only, no diagnosis/Braak/resilience label",unlabeled,
M43351,synapse:syn60084804,Supplementary_Data_6:Avg. PAC scores AD progression,Homo sapiens,DLPFC,"PsychAD snRNA-seq derived donor x 27-subclass average PAC score (AD progression); controlled cohort not accessed; donor ID only, no diagnosis/Braak/resilience label",unlabeled,
M43479,synapse:syn60084804,Supplementary_Data_6:Avg. PAC scores AD progression,Homo sapiens,DLPFC,"PsychAD snRNA-seq derived donor x 27-subclass average PAC score (AD progression); controlled cohort not accessed; donor ID only, no diagnosis/Braak/resilience label",unlabeled,
M43632,synapse:syn60084804,Supplementary_Data_6:Avg. PAC scores AD progression,Homo sapiens,DLPFC,"PsychAD snRNA-seq derived donor x 27-subclass average PAC score (AD progression); controlled cohort not accessed; donor ID only, no diagnosis/Braak/resilience label",unlabeled,
M437907,synapse:syn60084804,Supplementary_Data_6:Avg. PAC scores AD progression,Homo sapiens,DLPFC,"PsychAD snRNA-seq derived donor x 27-subclass average PAC score (AD progression); controlled cohort not accessed; donor ID only, no diagnosis/Braak/resilience label",unlabeled,
M439,synapse:syn60084804,Supplementary_Data_6:Avg. PAC scores AD progression,Homo sapiens,DLPFC,"PsychAD snRNA-seq derived donor x 27-subclass average PAC score (AD progression); controlled cohort not accessed; donor ID only, no diagnosis/Braak/resilience label",unlabeled,
M43942,synapse:syn60084804,Supplementary_Data_6:Avg. PAC scores AD progression,Homo sapiens,DLPFC,"PsychAD snRNA-seq derived donor x 27-subclass average PAC score (AD progression); controlled cohort not accessed; donor ID only, no diagnosis/Braak/resilience label",unlabeled,
M44145,synapse:syn60084804,Supplementary_Data_6:Avg. PAC scores AD progression,Homo sapiens,DLPFC,"PsychAD snRNA-seq derived donor x 27-subclass average PAC score (AD progression); controlled cohort not accessed; donor ID only, no diagnosis/Braak/resilience label",unlabeled,
M44223,synapse:syn60084804,Supplementary_Data_6:Avg. PAC scores AD progression,Homo sapiens,DLPFC,"PsychAD snRNA-seq derived donor x 27-subclass average PAC score (AD progression); controlled cohort not accessed; donor ID only, no diagnosis/Braak/resilience label",unlabeled,
M44456,synapse:syn60084804,Supplementary_Data_6:Avg. PAC scores AD progression,Homo sapiens,DLPFC,"PsychAD snRNA-seq derived donor x 27-subclass average PAC score (AD progression); controlled cohort not accessed; donor ID only, no diagnosis/Braak/resilience label",unlabeled,
M44475,synapse:syn60084804,Supplementary_Data_6:Avg. PAC scores AD progression,Homo sapiens,DLPFC,"PsychAD snRNA-seq derived donor x 27-subclass average PAC score (AD progression); controlled cohort not accessed; donor ID only, no diagnosis/Braak/resilience label",unlabeled,
M44532,synapse:syn60084804,Supplementary_Data_6:Avg. PAC scores AD progression,Homo sapiens,DLPFC,"PsychAD snRNA-seq derived donor x 27-subclass average PAC score (AD progression); controlled cohort not accessed; donor ID only, no diagnosis/Braak/resilience label",unlabeled,
M44657,synapse:syn60084804,Supplementary_Data_6:Avg. PAC scores AD progression,Homo sapiens,DLPFC,"PsychAD snRNA-seq derived donor x 27-subclass average PAC score (AD progression); controlled cohort not accessed; donor ID only, no diagnosis/Braak/resilience label",unlabeled,
M44785,synapse:syn60084804,Supplementary_Data_6:Avg. PAC scores AD progression,Homo sapiens,DLPFC,"PsychAD snRNA-seq derived donor x 27-subclass average PAC score (AD progression); controlled cohort not accessed; donor ID only, no diagnosis/Braak/resilience label",unlabeled,
M44790,synapse:syn60084804,Supplementary_Data_6:Avg. PAC scores AD progression,Homo sapiens,DLPFC,"PsychAD snRNA-seq derived donor x 27-subclass average PAC score (AD progression); controlled cohort not accessed; donor ID only, no diagnosis/Braak/resilience label",unlabeled,
M44889,synapse:syn60084804,Supplementary_Data_6:Avg. PAC scores AD progression,Homo sapiens,DLPFC,"PsychAD snRNA-seq derived donor x 27-subclass average PAC score (AD progression); controlled cohort not accessed; donor ID only, no diagnosis/Braak/resilience label",unlabeled,
M44958,synapse:syn60084804,Supplementary_Data_6:Avg. PAC scores AD progression,Homo sapiens,DLPFC,"PsychAD snRNA-seq derived donor x 27-subclass average PAC score (AD progression); controlled cohort not accessed; donor ID only, no diagnosis/Braak/resilience label",unlabeled,
M45001,synapse:syn60084804,Supplementary_Data_6:Avg. PAC scores AD progression,Homo sapiens,DLPFC,"PsychAD snRNA-seq derived donor x 27-subclass average PAC score (AD progression); controlled cohort not accessed; donor ID only, no diagnosis/Braak/resilience label",unlabeled,
M45135,synapse:syn60084804,Supplementary_Data_6:Avg. PAC scores AD progression,Homo sapiens,DLPFC,"PsychAD snRNA-seq derived donor x 27-subclass average PAC score (AD progression); controlled cohort not accessed; donor ID only, no diagnosis/Braak/resilience label",unlabeled,
M4516,synapse:syn60084804,Supplementary_Data_6:Avg. PAC scores AD progression,Homo sapiens,DLPFC,"PsychAD snRNA-seq derived donor x 27-subclass average PAC score (AD progression); controlled cohort not accessed; donor ID only, no diagnosis/Braak/resilience label",unlabeled,
M45801,synapse:syn60084804,Supplementary_Data_6:Avg. PAC scores AD progression,Homo sapiens,DLPFC,"PsychAD snRNA-seq derived donor x 27-subclass average PAC score (AD progression); controlled cohort not accessed; donor ID only, no diagnosis/Braak/resilience label",unlabeled,
M45871,synapse:syn60084804,Supplementary_Data_6:Avg. PAC scores AD progression,Homo sapiens,DLPFC,"PsychAD snRNA-seq derived donor x 27-subclass average PAC score (AD progression); controlled cohort not accessed; donor ID only, no diagnosis/Braak/resilience label",unlabeled,
M45915,synapse:syn60084804,Supplementary_Data_6:Avg. PAC scores AD progression,Homo sapiens,DLPFC,"PsychAD snRNA-seq derived donor x 27-subclass average PAC score (AD progression); controlled cohort not accessed; donor ID only, no diagnosis/Braak/resilience label",unlabeled,
M46112,synapse:syn60084804,Supplementary_Data_6:Avg. PAC scores AD progression,Homo sapiens,DLPFC,"PsychAD snRNA-seq derived donor x 27-subclass average PAC score (AD progression); controlled cohort not accessed; donor ID only, no diagnosis/Braak/resilience label",unlabeled,
M46146,synapse:syn60084804,Supplementary_Data_6:Avg. PAC scores AD progression,Homo sapiens,DLPFC,"PsychAD snRNA-seq derived donor x 27-subclass average PAC score (AD progression); controlled cohort not accessed; donor ID only, no diagnosis/Braak/resilience label",unlabeled,
M46196,synapse:syn60084804,Supplementary_Data_6:Avg. PAC scores AD progression,Homo sapiens,DLPFC,"PsychAD snRNA-seq derived donor x 27-subclass average PAC score (AD progression); controlled cohort not accessed; donor ID only, no diagnosis/Braak/resilience label",unlabeled,
M46265,synapse:syn60084804,Supplementary_Data_6:Avg. PAC scores AD progression,Homo sapiens,DLPFC,"PsychAD snRNA-seq derived donor x 27-subclass average PAC score (AD progression); controlled cohort not accessed; donor ID only, no diagnosis/Braak/resilience label",unlabeled,
M46292,synapse:syn60084804,Supplementary_Data_6:Avg. PAC scores AD progression,Homo sapiens,DLPFC,"PsychAD snRNA-seq derived donor x 27-subclass average PAC score (AD progression); controlled cohort not accessed; donor ID only, no diagnosis/Braak/resilience label",unlabeled,
M46694,synapse:syn60084804,Supplementary_Data_6:Avg. PAC scores AD progression,Homo sapiens,DLPFC,"PsychAD snRNA-seq derived donor x 27-subclass average PAC score (AD progression); controlled cohort not accessed; donor ID only, no diagnosis/Braak/resilience label",unlabeled,
M47108,synapse:syn60084804,Supplementary_Data_6:Avg. PAC scores AD progression,Homo sapiens,DLPFC,"PsychAD snRNA-seq derived donor x 27-subclass average PAC score (AD progression); controlled cohort not accessed; donor ID only, no diagnosis/Braak/resilience label",unlabeled,
M47207,synapse:syn60084804,Supplementary_Data_6:Avg. PAC scores AD progression,Homo sapiens,DLPFC,"PsychAD snRNA-seq derived donor x 27-subclass average PAC score (AD progression); controlled cohort not accessed; donor ID only, no diagnosis/Braak/resilience label",unlabeled,
M47503,synapse:syn60084804,Supplementary_Data_6:Avg. PAC scores AD progression,Homo sapiens,DLPFC,"PsychAD snRNA-seq derived donor x 27-subclass average PAC score (AD progression); controlled cohort not accessed; donor ID only, no diagnosis/Braak/resilience label",unlabeled,
M47734,synapse:syn60084804,Supplementary_Data_6:Avg. PAC scores AD progression,Homo sapiens,DLPFC,"PsychAD snRNA-seq derived donor x 27-subclass average PAC score (AD progression); controlled cohort not accessed; donor ID only, no diagnosis/Braak/resilience label",unlabeled,
M47819,synapse:syn60084804,Supplementary_Data_6:Avg. PAC scores AD progression,Homo sapiens,DLPFC,"PsychAD snRNA-seq derived donor x 27-subclass average PAC score (AD progression); controlled cohort not accessed; donor ID only, no diagnosis/Braak/resilience label",unlabeled,
M47966,synapse:syn60084804,Supplementary_Data_6:Avg. PAC scores AD progression,Homo sapiens,DLPFC,"PsychAD snRNA-seq derived donor x 27-subclass average PAC score (AD progression); controlled cohort not accessed; donor ID only, no diagnosis/Braak/resilience label",unlabeled,
M48016,synapse:syn60084804,Supplementary_Data_6:Avg. PAC scores AD progression,Homo sapiens,DLPFC,"PsychAD snRNA-seq derived donor x 27-subclass average PAC score (AD progression); controlled cohort not accessed; donor ID only, no diagnosis/Braak/resilience label",unlabeled,
M48247,synapse:syn60084804,Supplementary_Data_6:Avg. PAC scores AD progression,Homo sapiens,DLPFC,"PsychAD snRNA-seq derived donor x 27-subclass average PAC score (AD progression); controlled cohort not accessed; donor ID only, no diagnosis/Braak/resilience label",unlabeled,
M48528,synapse:syn60084804,Supplementary_Data_6:Avg. PAC scores AD progression,Homo sapiens,DLPFC,"PsychAD snRNA-seq derived donor x 27-subclass average PAC score (AD progression); controlled cohort not accessed; donor ID only, no diagnosis/Braak/resilience label",unlabeled,
M48992,synapse:syn60084804,Supplementary_Data_6:Avg. PAC scores AD progression,Homo sapiens,DLPFC,"PsychAD snRNA-seq derived donor x 27-subclass average PAC score (AD progression); controlled cohort not accessed; donor ID only, no diagnosis/Braak/resilience label",unlabeled,
M49006,synapse:syn60084804,Supplementary_Data_6:Avg. PAC scores AD progression,Homo sapiens,DLPFC,"PsychAD snRNA-seq derived donor x 27-subclass average PAC score (AD progression); controlled cohort not accessed; donor ID only, no diagnosis/Braak/resilience label",unlabeled,
M49254,synapse:syn60084804,Supplementary_Data_6:Avg. PAC scores AD progression,Homo sapiens,DLPFC,"PsychAD snRNA-seq derived donor x 27-subclass average PAC score (AD progression); controlled cohort not accessed; donor ID only, no diagnosis/Braak/resilience label",unlabeled,
M49401,synapse:syn60084804,Supplementary_Data_6:Avg. PAC scores AD progression,Homo sapiens,DLPFC,"PsychAD snRNA-seq derived donor x 27-subclass average PAC score (AD progression); controlled cohort not accessed; donor ID only, no diagnosis/Braak/resilience label",unlabeled,
M49781,synapse:syn60084804,Supplementary_Data_6:Avg. PAC scores AD progression,Homo sapiens,DLPFC,"PsychAD snRNA-seq derived donor x 27-subclass average PAC score (AD progression); controlled cohort not accessed; donor ID only, no diagnosis/Braak/resilience label",unlabeled,
M49884,synapse:syn60084804,Supplementary_Data_6:Avg. PAC scores AD progression,Homo sapiens,DLPFC,"PsychAD snRNA-seq derived donor x 27-subclass average PAC score (AD progression); controlled cohort not accessed; donor ID only, no diagnosis/Braak/resilience label",unlabeled,
M50086,synapse:syn60084804,Supplementary_Data_6:Avg. PAC scores AD progression,Homo sapiens,DLPFC,"PsychAD snRNA-seq derived donor x 27-subclass average PAC score (AD progression); controlled cohort not accessed; donor ID only, no diagnosis/Braak/resilience label",unlabeled,
M50146,synapse:syn60084804,Supplementary_Data_6:Avg. PAC scores AD progression,Homo sapiens,DLPFC,"PsychAD snRNA-seq derived donor x 27-subclass average PAC score (AD progression); controlled cohort not accessed; donor ID only, no diagnosis/Braak/resilience label",unlabeled,
M503571,synapse:syn60084804,Supplementary_Data_6:Avg. PAC scores AD progression,Homo sapiens,DLPFC,"PsychAD snRNA-seq derived donor x 27-subclass average PAC score (AD progression); controlled cohort not accessed; donor ID only, no diagnosis/Braak/resilience label",unlabeled,
M50580,synapse:syn60084804,Supplementary_Data_6:Avg. PAC scores AD progression,Homo sapiens,DLPFC,"PsychAD snRNA-seq derived donor x 27-subclass average PAC score (AD progression); controlled cohort not accessed; donor ID only, no diagnosis/Braak/resilience label",unlabeled,
M50743,synapse:syn60084804,Supplementary_Data_6:Avg. PAC scores AD progression,Homo sapiens,DLPFC,"PsychAD snRNA-seq derived donor x 27-subclass average PAC score (AD progression); controlled cohort not accessed; donor ID only, no diagnosis/Braak/resilience label",unlabeled,
M50883,synapse:syn60084804,Supplementary_Data_6:Avg. PAC scores AD progression,Homo sapiens,DLPFC,"PsychAD snRNA-seq derived donor x 27-subclass average PAC score (AD progression); controlled cohort not accessed; donor ID only, no diagnosis/Braak/resilience label",unlabeled,
M51093,synapse:syn60084804,Supplementary_Data_6:Avg. PAC scores AD progression,Homo sapiens,DLPFC,"PsychAD snRNA-seq derived donor x 27-subclass average PAC score (AD progression); controlled cohort not accessed; donor ID only, no diagnosis/Braak/resilience label",unlabeled,
M51374,synapse:syn60084804,Supplementary_Data_6:Avg. PAC scores AD progression,Homo sapiens,DLPFC,"PsychAD snRNA-seq derived donor x 27-subclass average PAC score (AD progression); controlled cohort not accessed; donor ID only, no diagnosis/Braak/resilience label",unlabeled,
M52631,synapse:syn60084804,Supplementary_Data_6:Avg. PAC scores AD progression,Homo sapiens,DLPFC,"PsychAD snRNA-seq derived donor x 27-subclass average PAC score (AD progression); controlled cohort not accessed; donor ID only, no diagnosis/Braak/resilience label",unlabeled,
M52730,synapse:syn60084804,Supplementary_Data_6:Avg. PAC scores AD progression,Homo sapiens,DLPFC,"PsychAD snRNA-seq derived donor x 27-subclass average PAC score (AD progression); controlled cohort not accessed; donor ID only, no diagnosis/Braak/resilience label",unlabeled,
M52897,synapse:syn60084804,Supplementary_Data_6:Avg. PAC scores AD progression,Homo sapiens,DLPFC,"PsychAD snRNA-seq derived donor x 27-subclass average PAC score (AD progression); controlled cohort not accessed; donor ID only, no diagnosis/Braak/resilience label",unlabeled,
M5301,synapse:syn60084804,Supplementary_Data_6:Avg. PAC scores AD progression,Homo sapiens,DLPFC,"PsychAD snRNA-seq derived donor x 27-subclass average PAC score (AD progression); controlled cohort not accessed; donor ID only, no diagnosis/Braak/resilience label",unlabeled,
M53095,synapse:syn60084804,Supplementary_Data_6:Avg. PAC scores AD progression,Homo sapiens,DLPFC,"PsychAD snRNA-seq derived donor x 27-subclass average PAC score (AD progression); controlled cohort not accessed; donor ID only, no diagnosis/Braak/resilience label",unlabeled,
M5323,synapse:syn60084804,Supplementary_Data_6:Avg. PAC scores AD progression,Homo sapiens,DLPFC,"PsychAD snRNA-seq derived donor x 27-subclass average PAC score (AD progression); controlled cohort not accessed; donor ID only, no diagnosis/Braak/resilience label",unlabeled,
M53257,synapse:syn60084804,Supplementary_Data_6:Avg. PAC scores AD progression,Homo sapiens,DLPFC,"PsychAD snRNA-seq derived donor x 27-subclass average PAC score (AD progression); controlled cohort not accessed; donor ID only, no diagnosis/Braak/resilience label",unlabeled,
M53390,synapse:syn60084804,Supplementary_Data_6:Avg. PAC scores AD progression,Homo sapiens,DLPFC,"PsychAD snRNA-seq derived donor x 27-subclass average PAC score (AD progression); controlled cohort not accessed; donor ID only, no diagnosis/Braak/resilience label",unlabeled,
M5358,synapse:syn60084804,Supplementary_Data_6:Avg. PAC scores AD progression,Homo sapiens,DLPFC,"PsychAD snRNA-seq derived donor x 27-subclass average PAC score (AD progression); controlled cohort not accessed; donor ID only, no diagnosis/Braak/resilience label",unlabeled,
M53661,synapse:syn60084804,Supplementary_Data_6:Avg. PAC scores AD progression,Homo sapiens,DLPFC,"PsychAD snRNA-seq derived donor x 27-subclass average PAC score (AD progression); controlled cohort not accessed; donor ID only, no diagnosis/Braak/resilience label",unlabeled,
M53706,synapse:syn60084804,Supplementary_Data_6:Avg. PAC scores AD progression,Homo sapiens,DLPFC,"PsychAD snRNA-seq derived donor x 27-subclass average PAC score (AD progression); controlled cohort not accessed; donor ID only, no diagnosis/Braak/resilience label",unlabeled,
M53938,synapse:syn60084804,Supplementary_Data_6:Avg. PAC scores AD progression,Homo sapiens,DLPFC,"PsychAD snRNA-seq derived donor x 27-subclass average PAC score (AD progression); controlled cohort not accessed; donor ID only, no diagnosis/Braak/resilience label",unlabeled,
M54150,synapse:syn60084804,Supplementary_Data_6:Avg. PAC scores AD progression,Homo sapiens,DLPFC,"PsychAD snRNA-seq derived donor x 27-subclass average PAC score (AD progression); controlled cohort not accessed; donor ID only, no diagnosis/Braak/resilience label",unlabeled,
M54396,synapse:syn60084804,Supplementary_Data_6:Avg. PAC scores AD progression,Homo sapiens,DLPFC,"PsychAD snRNA-seq derived donor x 27-subclass average PAC score (AD progression); controlled cohort not accessed; donor ID only, no diagnosis/Braak/resilience label",unlabeled,
M54451,synapse:syn60084804,Supplementary_Data_6:Avg. PAC scores AD progression,Homo sapiens,DLPFC,"PsychAD snRNA-seq derived donor x 27-subclass average PAC score (AD progression); controlled cohort not accessed; donor ID only, no diagnosis/Braak/resilience label",unlabeled,
M54682,synapse:syn60084804,Supplementary_Data_6:Avg. PAC scores AD progression,Homo sapiens,DLPFC,"PsychAD snRNA-seq derived donor x 27-subclass average PAC score (AD progression); controlled cohort not accessed; donor ID only, no diagnosis/Braak/resilience label",unlabeled,
M550058,synapse:syn60084804,Supplementary_Data_6:Avg. PAC scores AD progression,Homo sapiens,DLPFC,"PsychAD snRNA-seq derived donor x 27-subclass average PAC score (AD progression); controlled cohort not accessed; donor ID only, no diagnosis/Braak/resilience label",unlabeled,
M55015,synapse:syn60084804,Supplementary_Data_6:Avg. PAC scores AD progression,Homo sapiens,DLPFC,"PsychAD snRNA-seq derived donor x 27-subclass average PAC score (AD progression); controlled cohort not accessed; donor ID only, no diagnosis/Braak/resilience label",unlabeled,
M55245,synapse:syn60084804,Supplementary_Data_6:Avg. PAC scores AD progression,Homo sapiens,DLPFC,"PsychAD snRNA-seq derived donor x 27-subclass average PAC score (AD progression); controlled cohort not accessed; donor ID only, no diagnosis/Braak/resilience label",unlabeled,
M55476,synapse:syn60084804,Supplementary_Data_6:Avg. PAC scores AD progression,Homo sapiens,DLPFC,"PsychAD snRNA-seq derived donor x 27-subclass average PAC score (AD progression); controlled cohort not accessed; donor ID only, no diagnosis/Braak/resilience label",unlabeled,
M56009,synapse:syn60084804,Supplementary_Data_6:Avg. PAC scores AD progression,Homo sapiens,DLPFC,"PsychAD snRNA-seq derived donor x 27-subclass average PAC score (AD progression); controlled cohort not accessed; donor ID only, no diagnosis/Braak/resilience label",unlabeled,
M56019,synapse:syn60084804,Supplementary_Data_6:Avg. PAC scores AD progression,Homo sapiens,DLPFC,"PsychAD snRNA-seq derived donor x 27-subclass average PAC score (AD progression); controlled cohort not accessed; donor ID only, no diagnosis/Braak/resilience label",unlabeled,
M56024,synapse:syn60084804,Supplementary_Data_6:Avg. PAC scores AD progression,Homo sapiens,DLPFC,"PsychAD snRNA-seq derived donor x 27-subclass average PAC score (AD progression); controlled cohort not accessed; donor ID only, no diagnosis/Braak/resilience label",unlabeled,
M56039,synapse:syn60084804,Supplementary_Data_6:Avg. PAC scores AD progression,Homo sapiens,DLPFC,"PsychAD snRNA-seq derived donor x 27-subclass average PAC score (AD progression); controlled cohort not accessed; donor ID only, no diagnosis/Braak/resilience label",unlabeled,
M56061,synapse:syn60084804,Supplementary_Data_6:Avg. PAC scores AD progression,Homo sapiens,DLPFC,"PsychAD snRNA-seq derived donor x 27-subclass average PAC score (AD progression); controlled cohort not accessed; donor ID only, no diagnosis/Braak/resilience label",unlabeled,
M56216,synapse:syn60084804,Supplementary_Data_6:Avg. PAC scores AD progression,Homo sapiens,DLPFC,"PsychAD snRNA-seq derived donor x 27-subclass average PAC score (AD progression); controlled cohort not accessed; donor ID only, no diagnosis/Braak/resilience label",unlabeled,
M56356,synapse:syn60084804,Supplementary_Data_6:Avg. PAC scores AD progression,Homo sapiens,DLPFC,"PsychAD snRNA-seq derived donor x 27-subclass average PAC score (AD progression); controlled cohort not accessed; donor ID only, no diagnosis/Braak/resilience label",unlabeled,
M56398,synapse:syn60084804,Supplementary_Data_6:Avg. PAC scores AD progression,Homo sapiens,DLPFC,"PsychAD snRNA-seq derived donor x 27-subclass average PAC score (AD progression); controlled cohort not accessed; donor ID only, no diagnosis/Braak/resilience label",unlabeled,
M56537,synapse:syn60084804,Supplementary_Data_6:Avg. PAC scores AD progression,Homo sapiens,DLPFC,"PsychAD snRNA-seq derived donor x 27-subclass average PAC score (AD progression); controlled cohort not accessed; donor ID only, no diagnosis/Braak/resilience label",unlabeled,
M56783,synapse:syn60084804,Supplementary_Data_6:Avg. PAC scores AD progression,Homo sapiens,DLPFC,"PsychAD snRNA-seq derived donor x 27-subclass average PAC score (AD progression); controlled cohort not accessed; donor ID only, no diagnosis/Braak/resilience label",unlabeled,
M57046,synapse:syn60084804,Supplementary_Data_6:Avg. PAC scores AD progression,Homo sapiens,DLPFC,"PsychAD snRNA-seq derived donor x 27-subclass average PAC score (AD progression); controlled cohort not accessed; donor ID only, no diagnosis/Braak/resilience label",unlabeled,
M57064,synapse:syn60084804,Supplementary_Data_6:Avg. PAC scores AD progression,Homo sapiens,DLPFC,"PsychAD snRNA-seq derived donor x 27-subclass average PAC score (AD progression); controlled cohort not accessed; donor ID only, no diagnosis/Braak/resilience label",unlabeled,
M571120,synapse:syn60084804,Supplementary_Data_6:Avg. PAC scores AD progression,Homo sapiens,DLPFC,"PsychAD snRNA-seq derived donor x 27-subclass average PAC score (AD progression); controlled cohort not accessed; donor ID only, no diagnosis/Braak/resilience label",unlabeled,
M57242,synapse:syn60084804,Supplementary_Data_6:Avg. PAC scores AD progression,Homo sapiens,DLPFC,"PsychAD snRNA-seq derived donor x 27-subclass average PAC score (AD progression); controlled cohort not accessed; donor ID only, no diagnosis/Braak/resilience label",unlabeled,
M57490,synapse:syn60084804,Supplementary_Data_6:Avg. PAC scores AD progression,Homo sapiens,DLPFC,"PsychAD snRNA-seq derived donor x 27-subclass average PAC score (AD progression); controlled cohort not accessed; donor ID only, no diagnosis/Braak/resilience label",unlabeled,
M57528,synapse:syn60084804,Supplementary_Data_6:Avg. PAC scores AD progression,Homo sapiens,DLPFC,"PsychAD snRNA-seq derived donor x 27-subclass average PAC score (AD progression); controlled cohort not accessed; donor ID only, no diagnosis/Braak/resilience label",unlabeled,
M576228,synapse:syn60084804,Supplementary_Data_6:Avg. PAC scores AD progression,Homo sapiens,DLPFC,"PsychAD snRNA-seq derived donor x 27-subclass average PAC score (AD progression); controlled cohort not accessed; donor ID only, no diagnosis/Braak/resilience label",unlabeled,
M58071,synapse:syn60084804,Supplementary_Data_6:Avg. PAC scores AD progression,Homo sapiens,DLPFC,"PsychAD snRNA-seq derived donor x 27-subclass average PAC score (AD progression); controlled cohort not accessed; donor ID only, no diagnosis/Braak/resilience label",unlabeled,
M580893,synapse:syn60084804,Supplementary_Data_6:Avg. PAC scores AD progression,Homo sapiens,DLPFC,"PsychAD snRNA-seq derived donor x 27-subclass average PAC score (AD progression); controlled cohort not accessed; donor ID only, no diagnosis/Braak/resilience label",unlabeled,
M5812,synapse:syn60084804,Supplementary_Data_6:Avg. PAC scores AD progression,Homo sapiens,DLPFC,"PsychAD snRNA-seq derived donor x 27-subclass average PAC score (AD progression); controlled cohort not accessed; donor ID only, no diagnosis/Braak/resilience label",unlabeled,
M58301,synapse:syn60084804,Supplementary_Data_6:Avg. PAC scores AD progression,Homo sapiens,DLPFC,"PsychAD snRNA-seq derived donor x 27-subclass average PAC score (AD progression); controlled cohort not accessed; donor ID only, no diagnosis/Braak/resilience label",unlabeled,
M587421,synapse:syn60084804,Supplementary_Data_6:Avg. PAC scores AD progression,Homo sapiens,DLPFC,"PsychAD snRNA-seq derived donor x 27-subclass average PAC score (AD progression); controlled cohort not accessed; donor ID only, no diagnosis/Braak/resilience label",unlabeled,
M5883,synapse:syn60084804,Supplementary_Data_6:Avg. PAC scores AD progression,Homo sapiens,DLPFC,"PsychAD snRNA-seq derived donor x 27-subclass average PAC score (AD progression); controlled cohort not accessed; donor ID only, no diagnosis/Braak/resilience label",unlabeled,
M59029,synapse:syn60084804,Supplementary_Data_6:Avg. PAC scores AD progression,Homo sapiens,DLPFC,"PsychAD snRNA-seq derived donor x 27-subclass average PAC score (AD progression); controlled cohort not accessed; donor ID only, no diagnosis/Braak/resilience label",unlabeled,
M59593,synapse:syn60084804,Supplementary_Data_6:Avg. PAC scores AD progression,Homo sapiens,DLPFC,"PsychAD snRNA-seq derived donor x 27-subclass average PAC score (AD progression); controlled cohort not accessed; donor ID only, no diagnosis/Braak/resilience label",unlabeled,
M59628,synapse:syn60084804,Supplementary_Data_6:Avg. PAC scores AD progression,Homo sapiens,DLPFC,"PsychAD snRNA-seq derived donor x 27-subclass average PAC score (AD progression); controlled cohort not accessed; donor ID only, no diagnosis/Braak/resilience label",unlabeled,
M59697,synapse:syn60084804,Supplementary_Data_6:Avg. PAC scores AD progression,Homo sapiens,DLPFC,"PsychAD snRNA-seq derived donor x 27-subclass average PAC score (AD progression); controlled cohort not accessed; donor ID only, no diagnosis/Braak/resilience label",unlabeled,
M59796,synapse:syn60084804,Supplementary_Data_6:Avg. PAC scores AD progression,Homo sapiens,DLPFC,"PsychAD snRNA-seq derived donor x 27-subclass average PAC score (AD progression); controlled cohort not accessed; donor ID only, no diagnosis/Braak/resilience label",unlabeled,
M59860,synapse:syn60084804,Supplementary_Data_6:Avg. PAC scores AD progression,Homo sapiens,DLPFC,"PsychAD snRNA-seq derived donor x 27-subclass average PAC score (AD progression); controlled cohort not accessed; donor ID only, no diagnosis/Braak/resilience label",unlabeled,
M59910,synapse:syn60084804,Supplementary_Data_6:Avg. PAC scores AD progression,Homo sapiens,DLPFC,"PsychAD snRNA-seq derived donor x 27-subclass average PAC score (AD progression); controlled cohort not accessed; donor ID only, no diagnosis/Braak/resilience label",unlabeled,
M60126,synapse:syn60084804,Supplementary_Data_6:Avg. PAC scores AD progression,Homo sapiens,DLPFC,"PsychAD snRNA-seq derived donor x 27-subclass average PAC score (AD progression); controlled cohort not accessed; donor ID only, no diagnosis/Braak/resilience label",unlabeled,
M60407,synapse:syn60084804,Supplementary_Data_6:Avg. PAC scores AD progression,Homo sapiens,DLPFC,"PsychAD snRNA-seq derived donor x 27-subclass average PAC score (AD progression); controlled cohort not accessed; donor ID only, no diagnosis/Braak/resilience label",unlabeled,
M604571,synapse:syn60084804,Supplementary_Data_6:Avg. PAC scores AD progression,Homo sapiens,DLPFC,"PsychAD snRNA-seq derived donor x 27-subclass average PAC score (AD progression); controlled cohort not accessed; donor ID only, no diagnosis/Braak/resilience label",unlabeled,
M60654,synapse:syn60084804,Supplementary_Data_6:Avg. PAC scores AD progression,Homo sapiens,DLPFC,"PsychAD snRNA-seq derived donor x 27-subclass average PAC score (AD progression); controlled cohort not accessed; donor ID only, no diagnosis/Braak/resilience label",unlabeled,
M60935,synapse:syn60084804,Supplementary_Data_6:Avg. PAC scores AD progression,Homo sapiens,DLPFC,"PsychAD snRNA-seq derived donor x 27-subclass average PAC score (AD progression); controlled cohort not accessed; donor ID only, no diagnosis/Braak/resilience label",unlabeled,
M61106,synapse:syn60084804,Supplementary_Data_6:Avg. PAC scores AD progression,Homo sapiens,DLPFC,"PsychAD snRNA-seq derived donor x 27-subclass average PAC score (AD progression); controlled cohort not accessed; donor ID only, no diagnosis/Braak/resilience label",unlabeled,
M61517,synapse:syn60084804,Supplementary_Data_6:Avg. PAC scores AD progression,Homo sapiens,DLPFC,"PsychAD snRNA-seq derived donor x 27-subclass average PAC score (AD progression); controlled cohort not accessed; donor ID only, no diagnosis/Braak/resilience label",unlabeled,
M61563,synapse:syn60084804,Supplementary_Data_6:Avg. PAC scores AD progression,Homo sapiens,DLPFC,"PsychAD snRNA-seq derived donor x 27-subclass average PAC score (AD progression); controlled cohort not accessed; donor ID only, no diagnosis/Braak/resilience label",unlabeled,
M6160,synapse:syn60084804,Supplementary_Data_6:Avg. PAC scores AD progression,Homo sapiens,DLPFC,"PsychAD snRNA-seq derived donor x 27-subclass average PAC score (AD progression); controlled cohort not accessed; donor ID only, no diagnosis/Braak/resilience label",unlabeled,
M6161,synapse:syn60084804,Supplementary_Data_6:Avg. PAC scores AD progression,Homo sapiens,DLPFC,"PsychAD snRNA-seq derived donor x 27-subclass average PAC score (AD progression); controlled cohort not accessed; donor ID only, no diagnosis/Braak/resilience label",unlabeled,
M61631,synapse:syn60084804,Supplementary_Data_6:Avg. PAC scores AD progression,Homo sapiens,DLPFC,"PsychAD snRNA-seq derived donor x 27-subclass average PAC score (AD progression); controlled cohort not accessed; donor ID only, no diagnosis/Braak/resilience label",unlabeled,
M61680,synapse:syn60084804,Supplementary_Data_6:Avg. PAC scores AD progression,Homo sapiens,DLPFC,"PsychAD snRNA-seq derived donor x 27-subclass average PAC score (AD progression); controlled cohort not accessed; donor ID only, no diagnosis/Braak/resilience label",unlabeled,
M61862,synapse:syn60084804,Supplementary_Data_6:Avg. PAC scores AD progression,Homo sapiens,DLPFC,"PsychAD snRNA-seq derived donor x 27-subclass average PAC score (AD progression); controlled cohort not accessed; donor ID only, no diagnosis/Braak/resilience label",unlabeled,
M61911,synapse:syn60084804,Supplementary_Data_6:Avg. PAC scores AD progression,Homo sapiens,DLPFC,"PsychAD snRNA-seq derived donor x 27-subclass average PAC score (AD progression); controlled cohort not accessed; donor ID only, no diagnosis/Braak/resilience label",unlabeled,
M61946,synapse:syn60084804,Supplementary_Data_6:Avg. PAC scores AD progression,Homo sapiens,DLPFC,"PsychAD snRNA-seq derived donor x 27-subclass average PAC score (AD progression); controlled cohort not accessed; donor ID only, no diagnosis/Braak/resilience label",unlabeled,
M628275,synapse:syn60084804,Supplementary_Data_6:Avg. PAC scores AD progression,Homo sapiens,DLPFC,"PsychAD snRNA-seq derived donor x 27-subclass average PAC score (AD progression); controlled cohort not accessed; donor ID only, no diagnosis/Braak/resilience label",unlabeled,
M63213,synapse:syn60084804,Supplementary_Data_6:Avg. PAC scores AD progression,Homo sapiens,DLPFC,"PsychAD snRNA-seq derived donor x 27-subclass average PAC score (AD progression); controlled cohort not accessed; donor ID only, no diagnosis/Braak/resilience label",unlabeled,
M6344,synapse:syn60084804,Supplementary_Data_6:Avg. PAC scores AD progression,Homo sapiens,DLPFC,"PsychAD snRNA-seq derived donor x 27-subclass average PAC score (AD progression); controlled cohort not accessed; donor ID only, no diagnosis/Braak/resilience label",unlabeled,
M6362,synapse:syn60084804,Supplementary_Data_6:Avg. PAC scores AD progression,Homo sapiens,DLPFC,"PsychAD snRNA-seq derived donor x 27-subclass average PAC score (AD progression); controlled cohort not accessed; donor ID only, no diagnosis/Braak/resilience label",unlabeled,
M63628,synapse:syn60084804,Supplementary_Data_6:Avg. PAC scores AD progression,Homo sapiens,DLPFC,"PsychAD snRNA-seq derived donor x 27-subclass average PAC score (AD progression); controlled cohort not accessed; donor ID only, no diagnosis/Braak/resilience label",unlabeled,
M63731,synapse:syn60084804,Supplementary_Data_6:Avg. PAC scores AD progression,Homo sapiens,DLPFC,"PsychAD snRNA-seq derived donor x 27-subclass average PAC score (AD progression); controlled cohort not accessed; donor ID only, no diagnosis/Braak/resilience label",unlabeled,
M638682,synapse:syn60084804,Supplementary_Data_6:Avg. PAC scores AD progression,Homo sapiens,DLPFC,"PsychAD snRNA-seq derived donor x 27-subclass average PAC score (AD progression); controlled cohort not accessed; donor ID only, no diagnosis/Braak/resilience label",unlabeled,
M639636,synapse:syn60084804,Supplementary_Data_6:Avg. PAC scores AD progression,Homo sapiens,DLPFC,"PsychAD snRNA-seq derived donor x 27-subclass average PAC score (AD progression); controlled cohort not accessed; donor ID only, no diagnosis/Braak/resilience label",unlabeled,
M64012,synapse:syn60084804,Supplementary_Data_6:Avg. PAC scores AD progression,Homo sapiens,DLPFC,"PsychAD snRNA-seq derived donor x 27-subclass average PAC score (AD progression); controlled cohort not accessed; donor ID only, no diagnosis/Braak/resilience label",unlabeled,
M64293,synapse:syn60084804,Supplementary_Data_6:Avg. PAC scores AD progression,Homo sapiens,DLPFC,"PsychAD snRNA-seq derived donor x 27-subclass average PAC score (AD progression); controlled cohort not accessed; donor ID only, no diagnosis/Braak/resilience label",unlabeled,
M64456,synapse:syn60084804,Supplementary_Data_6:Avg. PAC scores AD progression,Homo sapiens,DLPFC,"PsychAD snRNA-seq derived donor x 27-subclass average PAC score (AD progression); controlled cohort not accessed; donor ID only, no diagnosis/Braak/resilience label",unlabeled,
M64468,synapse:syn60084804,Supplementary_Data_6:Avg. PAC scores AD progression,Homo sapiens,DLPFC,"PsychAD snRNA-seq derived donor x 27-subclass average PAC score (AD progression); controlled cohort not accessed; donor ID only, no diagnosis/Braak/resilience label",unlabeled,
M64525,synapse:syn60084804,Supplementary_Data_6:Avg. PAC scores AD progression,Homo sapiens,DLPFC,"PsychAD snRNA-seq derived donor x 27-subclass average PAC score (AD progression); controlled cohort not accessed; donor ID only, no diagnosis/Braak/resilience label",unlabeled,
M64693,synapse:syn60084804,Supplementary_Data_6:Avg. PAC scores AD progression,Homo sapiens,DLPFC,"PsychAD snRNA-seq derived donor x 27-subclass average PAC score (AD progression); controlled cohort not accessed; donor ID only, no diagnosis/Braak/resilience label",unlabeled,
M64757,synapse:syn60084804,Supplementary_Data_6:Avg. PAC scores AD progression,Homo sapiens,DLPFC,"PsychAD snRNA-seq derived donor x 27-subclass average PAC score (AD progression); controlled cohort not accessed; donor ID only, no diagnosis/Braak/resilience label",unlabeled,
M64886,synapse:syn60084804,Supplementary_Data_6:Avg. PAC scores AD progression,Homo sapiens,DLPFC,"PsychAD snRNA-seq derived donor x 27-subclass average PAC score (AD progression); controlled cohort not accessed; donor ID only, no diagnosis/Braak/resilience label",unlabeled,
M64891,synapse:syn60084804,Supplementary_Data_6:Avg. PAC scores AD progression,Homo sapiens,DLPFC,"PsychAD snRNA-seq derived donor x 27-subclass average PAC score (AD progression); controlled cohort not accessed; donor ID only, no diagnosis/Braak/resilience label",unlabeled,
M652464,synapse:syn60084804,Supplementary_Data_6:Avg. PAC scores AD progression,Homo sapiens,DLPFC,"PsychAD snRNA-seq derived donor x 27-subclass average PAC score (AD progression); controlled cohort not accessed; donor ID only, no diagnosis/Braak/resilience label",unlabeled,
M65319,synapse:syn60084804,Supplementary_Data_6:Avg. PAC scores AD progression,Homo sapiens,DLPFC,"PsychAD snRNA-seq derived donor x 27-subclass average PAC score (AD progression); controlled cohort not accessed; donor ID only, no diagnosis/Braak/resilience label",unlabeled,
M65551,synapse:syn60084804,Supplementary_Data_6:Avg. PAC scores AD progression,Homo sapiens,DLPFC,"PsychAD snRNA-seq derived donor x 27-subclass average PAC score (AD progression); controlled cohort not accessed; donor ID only, no diagnosis/Braak/resilience label",unlabeled,
M6559,synapse:syn60084804,Supplementary_Data_6:Avg. PAC scores AD progression,Homo sapiens,DLPFC,"PsychAD snRNA-seq derived donor x 27-subclass average PAC score (AD progression); controlled cohort not accessed; donor ID only, no diagnosis/Braak/resilience label",unlabeled,
M65630,synapse:syn60084804,Supplementary_Data_6:Avg. PAC scores AD progression,Homo sapiens,DLPFC,"PsychAD snRNA-seq derived donor x 27-subclass average PAC score (AD progression); controlled cohort not accessed; donor ID only, no diagnosis/Braak/resilience label",unlabeled,
M65797,synapse:syn60084804,Supplementary_Data_6:Avg. PAC scores AD progression,Homo sapiens,DLPFC,"PsychAD snRNA-seq derived donor x 27-subclass average PAC score (AD progression); controlled cohort not accessed; donor ID only, no diagnosis/Braak/resilience label",unlabeled,
M65832,synapse:syn60084804,Supplementary_Data_6:Avg. PAC scores AD progression,Homo sapiens,DLPFC,"PsychAD snRNA-seq derived donor x 27-subclass average PAC score (AD progression); controlled cohort not accessed; donor ID only, no diagnosis/Braak/resilience label",unlabeled,
M660286,synapse:syn60084804,Supplementary_Data_6:Avg. PAC scores AD progression,Homo sapiens,DLPFC,"PsychAD snRNA-seq derived donor x 27-subclass average PAC score (AD progression); controlled cohort not accessed; donor ID only, no diagnosis/Braak/resilience label",unlabeled,
M66132,synapse:syn60084804,Supplementary_Data_6:Avg. PAC scores AD progression,Homo sapiens,DLPFC,"PsychAD snRNA-seq derived donor x 27-subclass average PAC score (AD progression); controlled cohort not accessed; donor ID only, no diagnosis/Braak/resilience label",unlabeled,
M6643,synapse:syn60084804,Supplementary_Data_6:Avg. PAC scores AD progression,Homo sapiens,DLPFC,"PsychAD snRNA-seq derived donor x 27-subclass average PAC score (AD progression); controlled cohort not accessed; donor ID only, no diagnosis/Braak/resilience label",unlabeled,
M66586,synapse:syn60084804,Supplementary_Data_6:Avg. PAC scores AD progression,Homo sapiens,DLPFC,"PsychAD snRNA-seq derived donor x 27-subclass average PAC score (AD progression); controlled cohort not accessed; donor ID only, no diagnosis/Braak/resilience label",unlabeled,
M66789,synapse:syn60084804,Supplementary_Data_6:Avg. PAC scores AD progression,Homo sapiens,DLPFC,"PsychAD snRNA-seq derived donor x 27-subclass average PAC score (AD progression); controlled cohort not accessed; donor ID only, no diagnosis/Braak/resilience label",unlabeled,
M66831,synapse:syn60084804,Supplementary_Data_6:Avg. PAC scores AD progression,Homo sapiens,DLPFC,"PsychAD snRNA-seq derived donor x 27-subclass average PAC score (AD progression); controlled cohort not accessed; donor ID only, no diagnosis/Braak/resilience label",unlabeled,
M66858,synapse:syn60084804,Supplementary_Data_6:Avg. PAC scores AD progression,Homo sapiens,DLPFC,"PsychAD snRNA-seq derived donor x 27-subclass average PAC score (AD progression); controlled cohort not accessed; donor ID only, no diagnosis/Braak/resilience label",unlabeled,
M66936,synapse:syn60084804,Supplementary_Data_6:Avg. PAC scores AD progression,Homo sapiens,DLPFC,"PsychAD snRNA-seq derived donor x 27-subclass average PAC score (AD progression); controlled cohort not accessed; donor ID only, no diagnosis/Braak/resilience label",unlabeled,
M67003,synapse:syn60084804,Supplementary_Data_6:Avg. PAC scores AD progression,Homo sapiens,DLPFC,"PsychAD snRNA-seq derived donor x 27-subclass average PAC score (AD progression); controlled cohort not accessed; donor ID only, no diagnosis/Braak/resilience label",unlabeled,
M67089,synapse:syn60084804,Supplementary_Data_6:Avg. PAC scores AD progression,Homo sapiens,DLPFC,"PsychAD snRNA-seq derived donor x 27-subclass average PAC score (AD progression); controlled cohort not accessed; donor ID only, no diagnosis/Braak/resilience label",unlabeled,
M67351,synapse:syn60084804,Supplementary_Data_6:Avg. PAC scores AD progression,Homo sapiens,DLPFC,"PsychAD snRNA-seq derived donor x 27-subclass average PAC score (AD progression); controlled cohort not accessed; donor ID only, no diagnosis/Braak/resilience label",unlabeled,
M67602,synapse:syn60084804,Supplementary_Data_6:Avg. PAC scores AD progression,Homo sapiens,DLPFC,"PsychAD snRNA-seq derived donor x 27-subclass average PAC score (AD progression); controlled cohort not accessed; donor ID only, no diagnosis/Braak/resilience label",unlabeled,
M67720,synapse:syn60084804,Supplementary_Data_6:Avg. PAC scores AD progression,Homo sapiens,DLPFC,"PsychAD snRNA-seq derived donor x 27-subclass average PAC score (AD progression); controlled cohort not accessed; donor ID only, no diagnosis/Braak/resilience label",unlabeled,
M67782,synapse:syn60084804,Supplementary_Data_6:Avg. PAC scores AD progression,Homo sapiens,DLPFC,"PsychAD snRNA-seq derived donor x 27-subclass average PAC score (AD progression); controlled cohort not accessed; donor ID only, no diagnosis/Braak/resilience label",unlabeled,
M67819,synapse:syn60084804,Supplementary_Data_6:Avg. PAC scores AD progression,Homo sapiens,DLPFC,"PsychAD snRNA-seq derived donor x 27-subclass average PAC score (AD progression); controlled cohort not accessed; donor ID only, no diagnosis/Braak/resilience label",unlabeled,
M67883,synapse:syn60084804,Supplementary_Data_6:Avg. PAC scores AD progression,Homo sapiens,DLPFC,"PsychAD snRNA-seq derived donor x 27-subclass average PAC score (AD progression); controlled cohort not accessed; donor ID only, no diagnosis/Braak/resilience label",unlabeled,
M67937,synapse:syn60084804,Supplementary_Data_6:Avg. PAC scores AD progression,Homo sapiens,DLPFC,"PsychAD snRNA-seq derived donor x 27-subclass average PAC score (AD progression); controlled cohort not accessed; donor ID only, no diagnosis/Braak/resilience label",unlabeled,
M68017,synapse:syn60084804,Supplementary_Data_6:Avg. PAC scores AD progression,Homo sapiens,DLPFC,"PsychAD snRNA-seq derived donor x 27-subclass average PAC score (AD progression); controlled cohort not accessed; donor ID only, no diagnosis/Braak/resilience label",unlabeled,
M68396,synapse:syn60084804,Supplementary_Data_6:Avg. PAC scores AD progression,Homo sapiens,DLPFC,"PsychAD snRNA-seq derived donor x 27-subclass average PAC score (AD progression); controlled cohort not accessed; donor ID only, no diagnosis/Braak/resilience label",unlabeled,
M6874,synapse:syn60084804,Supplementary_Data_6:Avg. PAC scores AD progression,Homo sapiens,DLPFC,"PsychAD snRNA-seq derived donor x 27-subclass average PAC score (AD progression); controlled cohort not accessed; donor ID only, no diagnosis/Braak/resilience label",unlabeled,
M68806,synapse:syn60084804,Supplementary_Data_6:Avg. PAC scores AD progression,Homo sapiens,DLPFC,"PsychAD snRNA-seq derived donor x 27-subclass average PAC score (AD progression); controlled cohort not accessed; donor ID only, no diagnosis/Braak/resilience label",unlabeled,
M69155,synapse:syn60084804,Supplementary_Data_6:Avg. PAC scores AD progression,Homo sapiens,DLPFC,"PsychAD snRNA-seq derived donor x 27-subclass average PAC score (AD progression); controlled cohort not accessed; donor ID only, no diagnosis/Braak/resilience label",unlabeled,
M69422,synapse:syn60084804,Supplementary_Data_6:Avg. PAC scores AD progression,Homo sapiens,DLPFC,"PsychAD snRNA-seq derived donor x 27-subclass average PAC score (AD progression); controlled cohort not accessed; donor ID only, no diagnosis/Braak/resilience label",unlabeled,
M69471,synapse:syn60084804,Supplementary_Data_6:Avg. PAC scores AD progression,Homo sapiens,DLPFC,"PsychAD snRNA-seq derived donor x 27-subclass average PAC score (AD progression); controlled cohort not accessed; donor ID only, no diagnosis/Braak/resilience label",unlabeled,
M69779,synapse:syn60084804,Supplementary_Data_6:Avg. PAC scores AD progression,Homo sapiens,DLPFC,"PsychAD snRNA-seq derived donor x 27-subclass average PAC score (AD progression); controlled cohort not accessed; donor ID only, no diagnosis/Braak/resilience label",unlabeled,
M69984,synapse:syn60084804,Supplementary_Data_6:Avg. PAC scores AD progression,Homo sapiens,DLPFC,"PsychAD snRNA-seq derived donor x 27-subclass average PAC score (AD progression); controlled cohort not accessed; donor ID only, no diagnosis/Braak/resilience label",unlabeled,
M70207,synapse:syn60084804,Supplementary_Data_6:Avg. PAC scores AD progression,Homo sapiens,DLPFC,"PsychAD snRNA-seq derived donor x 27-subclass average PAC score (AD progression); controlled cohort not accessed; donor ID only, no diagnosis/Braak/resilience label",unlabeled,
M70235,synapse:syn60084804,Supplementary_Data_6:Avg. PAC scores AD progression,Homo sapiens,DLPFC,"PsychAD snRNA-seq derived donor x 27-subclass average PAC score (AD progression); controlled cohort not accessed; donor ID only, no diagnosis/Braak/resilience label",unlabeled,
M70362,synapse:syn60084804,Supplementary_Data_6:Avg. PAC scores AD progression,Homo sapiens,DLPFC,"PsychAD snRNA-seq derived donor x 27-subclass average PAC score (AD progression); controlled cohort not accessed; donor ID only, no diagnosis/Braak/resilience label",unlabeled,
M70658,synapse:syn60084804,Supplementary_Data_6:Avg. PAC scores AD progression,Homo sapiens,DLPFC,"PsychAD snRNA-seq derived donor x 27-subclass average PAC score (AD progression); controlled cohort not accessed; donor ID only, no diagnosis/Braak/resilience label",unlabeled,
M70729,synapse:syn60084804,Supplementary_Data_6:Avg. PAC scores AD progression,Homo sapiens,DLPFC,"PsychAD snRNA-seq derived donor x 27-subclass average PAC score (AD progression); controlled cohort not accessed; donor ID only, no diagnosis/Braak/resilience label",unlabeled,
M7107,synapse:syn60084804,Supplementary_Data_6:Avg. PAC scores AD progression,Homo sapiens,DLPFC,"PsychAD snRNA-seq derived donor x 27-subclass average PAC score (AD progression); controlled cohort not accessed; donor ID only, no diagnosis/Braak/resilience label",unlabeled,
M71238,synapse:syn60084804,Supplementary_Data_6:Avg. PAC scores AD progression,Homo sapiens,DLPFC,"PsychAD snRNA-seq derived donor x 27-subclass average PAC score (AD progression); controlled cohort not accessed; donor ID only, no diagnosis/Braak/resilience label",unlabeled,
M71241,synapse:syn60084804,Supplementary_Data_6:Avg. PAC scores AD progression,Homo sapiens,DLPFC,"PsychAD snRNA-seq derived donor x 27-subclass average PAC score (AD progression); controlled cohort not accessed; donor ID only, no diagnosis/Braak/resilience label",unlabeled,
M71503,synapse:syn60084804,Supplementary_Data_6:Avg. PAC scores AD progression,Homo sapiens,DLPFC,"PsychAD snRNA-seq derived donor x 27-subclass average PAC score (AD progression); controlled cohort not accessed; donor ID only, no diagnosis/Braak/resilience label",unlabeled,
M7155,synapse:syn60084804,Supplementary_Data_6:Avg. PAC scores AD progression,Homo sapiens,DLPFC,"PsychAD snRNA-seq derived donor x 27-subclass average PAC score (AD progression); controlled cohort not accessed; donor ID only, no diagnosis/Braak/resilience label",unlabeled,
M71602,synapse:syn60084804,Supplementary_Data_6:Avg. PAC scores AD progression,Homo sapiens,DLPFC,"PsychAD snRNA-seq derived donor x 27-subclass average PAC score (AD progression); controlled cohort not accessed; donor ID only, no diagnosis/Braak/resilience label",unlabeled,
M71719,synapse:syn60084804,Supplementary_Data_6:Avg. PAC scores AD progression,Homo sapiens,DLPFC,"PsychAD snRNA-seq derived donor x 27-subclass average PAC score (AD progression); controlled cohort not accessed; donor ID only, no diagnosis/Braak/resilience label",unlabeled,
M71789,synapse:syn60084804,Supplementary_Data_6:Avg. PAC scores AD progression,Homo sapiens,DLPFC,"PsychAD snRNA-seq derived donor x 27-subclass average PAC score (AD progression); controlled cohort not accessed; donor ID only, no diagnosis/Braak/resilience label",unlabeled,
M72035,synapse:syn60084804,Supplementary_Data_6:Avg. PAC scores AD progression,Homo sapiens,DLPFC,"PsychAD snRNA-seq derived donor x 27-subclass average PAC score (AD progression); controlled cohort not accessed; donor ID only, no diagnosis/Braak/resilience label",unlabeled,
M72079,synapse:syn60084804,Supplementary_Data_6:Avg. PAC scores AD progression,Homo sapiens,DLPFC,"PsychAD snRNA-seq derived donor x 27-subclass average PAC score (AD progression); controlled cohort not accessed; donor ID only, no diagnosis/Braak/resilience label",unlabeled,
M72114,synapse:syn60084804,Supplementary_Data_6:Avg. PAC scores AD progression,Homo sapiens,DLPFC,"PsychAD snRNA-seq derived donor x 27-subclass average PAC score (AD progression); controlled cohort not accessed; donor ID only, no diagnosis/Braak/resilience label",unlabeled,
M72548,synapse:syn60084804,Supplementary_Data_6:Avg. PAC scores AD progression,Homo sapiens,DLPFC,"PsychAD snRNA-seq derived donor x 27-subclass average PAC score (AD progression); controlled cohort not accessed; donor ID only, no diagnosis/Braak/resilience label",unlabeled,
M72578,synapse:syn60084804,Supplementary_Data_6:Avg. PAC scores AD progression,Homo sapiens,DLPFC,"PsychAD snRNA-seq derived donor x 27-subclass average PAC score (AD progression); controlled cohort not accessed; donor ID only, no diagnosis/Braak/resilience label",unlabeled,
M7283,synapse:syn60084804,Supplementary_Data_6:Avg. PAC scores AD progression,Homo sapiens,DLPFC,"PsychAD snRNA-seq derived donor x 27-subclass average PAC score (AD progression); controlled cohort not accessed; donor ID only, no diagnosis/Braak/resilience label",unlabeled,
M73007,synapse:syn60084804,Supplementary_Data_6:Avg. PAC scores AD progression,Homo sapiens,DLPFC,"PsychAD snRNA-seq derived donor x 27-subclass average PAC score (AD progression); controlled cohort not accessed; donor ID only, no diagnosis/Braak/resilience label",unlabeled,
M73140,synapse:syn60084804,Supplementary_Data_6:Avg. PAC scores AD progression,Homo sapiens,DLPFC,"PsychAD snRNA-seq derived donor x 27-subclass average PAC score (AD progression); controlled cohort not accessed; donor ID only, no diagnosis/Braak/resilience label",unlabeled,
M732693,synapse:syn60084804,Supplementary_Data_6:Avg. PAC scores AD progression,Homo sapiens,DLPFC,"PsychAD snRNA-seq derived donor x 27-subclass average PAC score (AD progression); controlled cohort not accessed; donor ID only, no diagnosis/Braak/resilience label",unlabeled,
M73293,synapse:syn60084804,Supplementary_Data_6:Avg. PAC scores AD progression,Homo sapiens,DLPFC,"PsychAD snRNA-seq derived donor x 27-subclass average PAC score (AD progression); controlled cohort not accessed; donor ID only, no diagnosis/Braak/resilience label",unlabeled,
M73342,synapse:syn60084804,Supplementary_Data_6:Avg. PAC scores AD progression,Homo sapiens,DLPFC,"PsychAD snRNA-seq derived donor x 27-subclass average PAC score (AD progression); controlled cohort not accessed; donor ID only, no diagnosis/Braak/resilience label",unlabeled,
M7353,synapse:syn60084804,Supplementary_Data_6:Avg. PAC scores AD progression,Homo sapiens,DLPFC,"PsychAD snRNA-seq derived donor x 27-subclass average PAC score (AD progression); controlled cohort not accessed; donor ID only, no diagnosis/Braak/resilience label",unlabeled,
M73574,synapse:syn60084804,Supplementary_Data_6:Avg. PAC scores AD progression,Homo sapiens,DLPFC,"PsychAD snRNA-seq derived donor x 27-subclass average PAC score (AD progression); controlled cohort not accessed; donor ID only, no diagnosis/Braak/resilience label",unlabeled,
M73787,synapse:syn60084804,Supplementary_Data_6:Avg. PAC scores AD progression,Homo sapiens,DLPFC,"PsychAD snRNA-seq derived donor x 27-subclass average PAC score (AD progression); controlled cohort not accessed; donor ID only, no diagnosis/Braak/resilience label",unlabeled,
M74087,synapse:syn60084804,Supplementary_Data_6:Avg. PAC scores AD progression,Homo sapiens,DLPFC,"PsychAD snRNA-seq derived donor x 27-subclass average PAC score (AD progression); controlled cohort not accessed; donor ID only, no diagnosis/Braak/resilience label",unlabeled,
M74600,synapse:syn60084804,Supplementary_Data_6:Avg. PAC scores AD progression,Homo sapiens,DLPFC,"PsychAD snRNA-seq derived donor x 27-subclass average PAC score (AD progression); controlled cohort not accessed; donor ID only, no diagnosis/Braak/resilience label",unlabeled,
M74881,synapse:syn60084804,Supplementary_Data_6:Avg. PAC scores AD progression,Homo sapiens,DLPFC,"PsychAD snRNA-seq derived donor x 27-subclass average PAC score (AD progression); controlled cohort not accessed; donor ID only, no diagnosis/Braak/resilience label",unlabeled,
M74931,synapse:syn60084804,Supplementary_Data_6:Avg. PAC scores AD progression,Homo sapiens,DLPFC,"PsychAD snRNA-seq derived donor x 27-subclass average PAC score (AD progression); controlled cohort not accessed; donor ID only, no diagnosis/Braak/resilience label",unlabeled,
M75093,synapse:syn60084804,Supplementary_Data_6:Avg. PAC scores AD progression,Homo sapiens,DLPFC,"PsychAD snRNA-seq derived donor x 27-subclass average PAC score (AD progression); controlled cohort not accessed; donor ID only, no diagnosis/Braak/resilience label",unlabeled,
M75112,synapse:syn60084804,Supplementary_Data_6:Avg. PAC scores AD progression,Homo sapiens,DLPFC,"PsychAD snRNA-seq derived donor x 27-subclass average PAC score (AD progression); controlled cohort not accessed; donor ID only, no diagnosis/Braak/resilience label",unlabeled,
M755,synapse:syn60084804,Supplementary_Data_6:Avg. PAC scores AD progression,Homo sapiens,DLPFC,"PsychAD snRNA-seq derived donor x 27-subclass average PAC score (AD progression); controlled cohort not accessed; donor ID only, no diagnosis/Braak/resilience label",unlabeled,
M75505,synapse:syn60084804,Supplementary_Data_6:Avg. PAC scores AD progression,Homo sapiens,DLPFC,"PsychAD snRNA-seq derived donor x 27-subclass average PAC score (AD progression); controlled cohort not accessed; donor ID only, no diagnosis/Braak/resilience label",unlabeled,
M75705,synapse:syn60084804,Supplementary_Data_6:Avg. PAC scores AD progression,Homo sapiens,DLPFC,"PsychAD snRNA-seq derived donor x 27-subclass average PAC score (AD progression); controlled cohort not accessed; donor ID only, no diagnosis/Braak/resilience label",unlabeled,
M75757,synapse:syn60084804,Supplementary_Data_6:Avg. PAC scores AD progression,Homo sapiens,DLPFC,"PsychAD snRNA-seq derived donor x 27-subclass average PAC score (AD progression); controlled cohort not accessed; donor ID only, no diagnosis/Braak/resilience label",unlabeled,
M75954,synapse:syn60084804,Supplementary_Data_6:Avg. PAC scores AD progression,Homo sapiens,DLPFC,"PsychAD snRNA-seq derived donor x 27-subclass average PAC score (AD progression); controlled cohort not accessed; donor ID only, no diagnosis/Braak/resilience label",unlabeled,
M76188,synapse:syn60084804,Supplementary_Data_6:Avg. PAC scores AD progression,Homo sapiens,DLPFC,"PsychAD snRNA-seq derived donor x 27-subclass average PAC score (AD progression); controlled cohort not accessed; donor ID only, no diagnosis/Braak/resilience label",unlabeled,
M76268,synapse:syn60084804,Supplementary_Data_6:Avg. PAC scores AD progression,Homo sapiens,DLPFC,"PsychAD snRNA-seq derived donor x 27-subclass average PAC score (AD progression); controlled cohort not accessed; donor ID only, no diagnosis/Braak/resilience label",unlabeled,
M76286,synapse:syn60084804,Supplementary_Data_6:Avg. PAC scores AD progression,Homo sapiens,DLPFC,"PsychAD snRNA-seq derived donor x 27-subclass average PAC score (AD progression); controlled cohort not accessed; donor ID only, no diagnosis/Braak/resilience label",unlabeled,
M76365,synapse:syn60084804,Supplementary_Data_6:Avg. PAC scores AD progression,Homo sapiens,DLPFC,"PsychAD snRNA-seq derived donor x 27-subclass average PAC score (AD progression); controlled cohort not accessed; donor ID only, no diagnosis/Braak/resilience label",unlabeled,
M7649,synapse:syn60084804,Supplementary_Data_6:Avg. PAC scores AD progression,Homo sapiens,DLPFC,"PsychAD snRNA-seq derived donor x 27-subclass average PAC score (AD progression); controlled cohort not accessed; donor ID only, no diagnosis/Braak/resilience label",unlabeled,
M76564,synapse:syn60084804,Supplementary_Data_6:Avg. PAC scores AD progression,Homo sapiens,DLPFC,"PsychAD snRNA-seq derived donor x 27-subclass average PAC score (AD progression); controlled cohort not accessed; donor ID only, no diagnosis/Braak/resilience label",unlabeled,
M76651,synapse:syn60084804,Supplementary_Data_6:Avg. PAC scores AD progression,Homo sapiens,DLPFC,"PsychAD snRNA-seq derived donor x 27-subclass average PAC score (AD progression); controlled cohort not accessed; donor ID only, no diagnosis/Braak/resilience label",unlabeled,
M76678,synapse:syn60084804,Supplementary_Data_6:Avg. PAC scores AD progression,Homo sapiens,DLPFC,"PsychAD snRNA-seq derived donor x 27-subclass average PAC score (AD progression); controlled cohort not accessed; donor ID only, no diagnosis/Braak/resilience label",unlabeled,
M76897,synapse:syn60084804,Supplementary_Data_6:Avg. PAC scores AD progression,Homo sapiens,DLPFC,"PsychAD snRNA-seq derived donor x 27-subclass average PAC score (AD progression); controlled cohort not accessed; donor ID only, no diagnosis/Braak/resilience label",unlabeled,
M7698,synapse:syn60084804,Supplementary_Data_6:Avg. PAC scores AD progression,Homo sapiens,DLPFC,"PsychAD snRNA-seq derived donor x 27-subclass average PAC score (AD progression); controlled cohort not accessed; donor ID only, no diagnosis/Braak/resilience label",unlabeled,
M77061,synapse:syn60084804,Supplementary_Data_6:Avg. PAC scores AD progression,Homo sapiens,DLPFC,"PsychAD snRNA-seq derived donor x 27-subclass average PAC score (AD progression); controlled cohort not accessed; donor ID only, no diagnosis/Braak/resilience label",unlabeled,
M77164,synapse:syn60084804,Supplementary_Data_6:Avg. PAC scores AD progression,Homo sapiens,DLPFC,"PsychAD snRNA-seq derived donor x 27-subclass average PAC score (AD progression); controlled cohort not accessed; donor ID only, no diagnosis/Braak/resilience label",unlabeled,
M77223,synapse:syn60084804,Supplementary_Data_6:Avg. PAC scores AD progression,Homo sapiens,DLPFC,"PsychAD snRNA-seq derived donor x 27-subclass average PAC score (AD progression); controlled cohort not accessed; donor ID only, no diagnosis/Braak/resilience label",unlabeled,
M77445,synapse:syn60084804,Supplementary_Data_6:Avg. PAC scores AD progression,Homo sapiens,DLPFC,"PsychAD snRNA-seq derived donor x 27-subclass average PAC score (AD progression); controlled cohort not accessed; donor ID only, no diagnosis/Braak/resilience label",unlabeled,
M77549,synapse:syn60084804,Supplementary_Data_6:Avg. PAC scores AD progression,Homo sapiens,DLPFC,"PsychAD snRNA-seq derived donor x 27-subclass average PAC score (AD progression); controlled cohort not accessed; donor ID only, no diagnosis/Braak/resilience label",unlabeled,
M77591,synapse:syn60084804,Supplementary_Data_6:Avg. PAC scores AD progression,Homo sapiens,DLPFC,"PsychAD snRNA-seq derived donor x 27-subclass average PAC score (AD progression); controlled cohort not accessed; donor ID only, no diagnosis/Braak/resilience label",unlabeled,
M77677,synapse:syn60084804,Supplementary_Data_6:Avg. PAC scores AD progression,Homo sapiens,DLPFC,"PsychAD snRNA-seq derived donor x 27-subclass average PAC score (AD progression); controlled cohort not accessed; donor ID only, no diagnosis/Braak/resilience label",unlabeled,
M77920,synapse:syn60084804,Supplementary_Data_6:Avg. PAC scores AD progression,Homo sapiens,DLPFC,"PsychAD snRNA-seq derived donor x 27-subclass average PAC score (AD progression); controlled cohort not accessed; donor ID only, no diagnosis/Braak/resilience label",unlabeled,
M77958,synapse:syn60084804,Supplementary_Data_6:Avg. PAC scores AD progression,Homo sapiens,DLPFC,"PsychAD snRNA-seq derived donor x 27-subclass average PAC score (AD progression); controlled cohort not accessed; donor ID only, no diagnosis/Braak/resilience label",unlabeled,
M77983,synapse:syn60084804,Supplementary_Data_6:Avg. PAC scores AD progression,Homo sapiens,DLPFC,"PsychAD snRNA-seq derived donor x 27-subclass average PAC score (AD progression); controlled cohort not accessed; donor ID only, no diagnosis/Braak/resilience label",unlabeled,
M78451,synapse:syn60084804,Supplementary_Data_6:Avg. PAC scores AD progression,Homo sapiens,DLPFC,"PsychAD snRNA-seq derived donor x 27-subclass average PAC score (AD progression); controlled cohort not accessed; donor ID only, no diagnosis/Braak/resilience label",unlabeled,
M78471,synapse:syn60084804,Supplementary_Data_6:Avg. PAC scores AD progression,Homo sapiens,DLPFC,"PsychAD snRNA-seq derived donor x 27-subclass average PAC score (AD progression); controlled cohort not accessed; donor ID only, no diagnosis/Braak/resilience label",unlabeled,
M78832,synapse:syn60084804,Supplementary_Data_6:Avg. PAC scores AD progression,Homo sapiens,DLPFC,"PsychAD snRNA-seq derived donor x 27-subclass average PAC score (AD progression); controlled cohort not accessed; donor ID only, no diagnosis/Braak/resilience label",unlabeled,
M79245,synapse:syn60084804,Supplementary_Data_6:Avg. PAC scores AD progression,Homo sapiens,DLPFC,"PsychAD snRNA-seq derived donor x 27-subclass average PAC score (AD progression); controlled cohort not accessed; donor ID only, no diagnosis/Braak/resilience label",unlabeled,
M79265,synapse:syn60084804,Supplementary_Data_6:Avg. PAC scores AD progression,Homo sapiens,DLPFC,"PsychAD snRNA-seq derived donor x 27-subclass average PAC score (AD progression); controlled cohort not accessed; donor ID only, no diagnosis/Braak/resilience label",unlabeled,
M793497,synapse:syn60084804,Supplementary_Data_6:Avg. PAC scores AD progression,Homo sapiens,DLPFC,"PsychAD snRNA-seq derived donor x 27-subclass average PAC score (AD progression); controlled cohort not accessed; donor ID only, no diagnosis/Braak/resilience label",unlabeled,
M7949,synapse:syn60084804,Supplementary_Data_6:Avg. PAC scores AD progression,Homo sapiens,DLPFC,"PsychAD snRNA-seq derived donor x 27-subclass average PAC score (AD progression); controlled cohort not accessed; donor ID only, no diagnosis/Braak/resilience label",unlabeled,
M79496,synapse:syn60084804,Supplementary_Data_6:Avg. PAC scores AD progression,Homo sapiens,DLPFC,"PsychAD snRNA-seq derived donor x 27-subclass average PAC score (AD progression); controlled cohort not accessed; donor ID only, no diagnosis/Braak/resilience label",unlabeled,
M79856,synapse:syn60084804,Supplementary_Data_6:Avg. PAC scores AD progression,Homo sapiens,DLPFC,"PsychAD snRNA-seq derived donor x 27-subclass average PAC score (AD progression); controlled cohort not accessed; donor ID only, no diagnosis/Braak/resilience label",unlabeled,
M79925,synapse:syn60084804,Supplementary_Data_6:Avg. PAC scores AD progression,Homo sapiens,DLPFC,"PsychAD snRNA-seq derived donor x 27-subclass average PAC score (AD progression); controlled cohort not accessed; donor ID only, no diagnosis/Braak/resilience label",unlabeled,
M79926,synapse:syn60084804,Supplementary_Data_6:Avg. PAC scores AD progression,Homo sapiens,DLPFC,"PsychAD snRNA-seq derived donor x 27-subclass average PAC score (AD progression); controlled cohort not accessed; donor ID only, no diagnosis/Braak/resilience label",unlabeled,
M79989,synapse:syn60084804,Supplementary_Data_6:Avg. PAC scores AD progression,Homo sapiens,DLPFC,"PsychAD snRNA-seq derived donor x 27-subclass average PAC score (AD progression); controlled cohort not accessed; donor ID only, no diagnosis/Braak/resilience label",unlabeled,
M80009,synapse:syn60084804,Supplementary_Data_6:Avg. PAC scores AD progression,Homo sapiens,DLPFC,"PsychAD snRNA-seq derived donor x 27-subclass average PAC score (AD progression); controlled cohort not accessed; donor ID only, no diagnosis/Braak/resilience label",unlabeled,
M80026,synapse:syn60084804,Supplementary_Data_6:Avg. PAC scores AD progression,Homo sapiens,DLPFC,"PsychAD snRNA-seq derived donor x 27-subclass average PAC score (AD progression); controlled cohort not accessed; donor ID only, no diagnosis/Braak/resilience label",unlabeled,
M80255,synapse:syn60084804,Supplementary_Data_6:Avg. PAC scores AD progression,Homo sapiens,DLPFC,"PsychAD snRNA-seq derived donor x 27-subclass average PAC score (AD progression); controlled cohort not accessed; donor ID only, no diagnosis/Braak/resilience label",unlabeled,
M80453,synapse:syn60084804,Supplementary_Data_6:Avg. PAC scores AD progression,Homo sapiens,DLPFC,"PsychAD snRNA-seq derived donor x 27-subclass average PAC score (AD progression); controlled cohort not accessed; donor ID only, no diagnosis/Braak/resilience label",unlabeled,
M80488,synapse:syn60084804,Supplementary_Data_6:Avg. PAC scores AD progression,Homo sapiens,DLPFC,"PsychAD snRNA-seq derived donor x 27-subclass average PAC score (AD progression); controlled cohort not accessed; donor ID only, no diagnosis/Braak/resilience label",unlabeled,
M80522,synapse:syn60084804,Supplementary_Data_6:Avg. PAC scores AD progression,Homo sapiens,DLPFC,"PsychAD snRNA-seq derived donor x 27-subclass average PAC score (AD progression); controlled cohort not accessed; donor ID only, no diagnosis/Braak/resilience label",unlabeled,
M80571,synapse:syn60084804,Supplementary_Data_6:Avg. PAC scores AD progression,Homo sapiens,DLPFC,"PsychAD snRNA-seq derived donor x 27-subclass average PAC score (AD progression); controlled cohort not accessed; donor ID only, no diagnosis/Braak/resilience label",unlabeled,
M80700,synapse:syn60084804,Supplementary_Data_6:Avg. PAC scores AD progression,Homo sapiens,DLPFC,"PsychAD snRNA-seq derived donor x 27-subclass average PAC score (AD progression); controlled cohort not accessed; donor ID only, no diagnosis/Braak/resilience label",unlabeled,
M80803,synapse:syn60084804,Supplementary_Data_6:Avg. PAC scores AD progression,Homo sapiens,DLPFC,"PsychAD snRNA-seq derived donor x 27-subclass average PAC score (AD progression); controlled cohort not accessed; donor ID only, no diagnosis/Braak/resilience label",unlabeled,
M808460,synapse:syn60084804,Supplementary_Data_6:Avg. PAC scores AD progression,Homo sapiens,DLPFC,"PsychAD snRNA-seq derived donor x 27-subclass average PAC score (AD progression); controlled cohort not accessed; donor ID only, no diagnosis/Braak/resilience label",unlabeled,
M80875,synapse:syn60084804,Supplementary_Data_6:Avg. PAC scores AD progression,Homo sapiens,DLPFC,"PsychAD snRNA-seq derived donor x 27-subclass average PAC score (AD progression); controlled cohort not accessed; donor ID only, no diagnosis/Braak/resilience label",unlabeled,
M81015,synapse:syn60084804,Supplementary_Data_6:Avg. PAC scores AD progression,Homo sapiens,DLPFC,"PsychAD snRNA-seq derived donor x 27-subclass average PAC score (AD progression); controlled cohort not accessed; donor ID only, no diagnosis/Braak/resilience label",unlabeled,
M81035,synapse:syn60084804,Supplementary_Data_6:Avg. PAC scores AD progression,Homo sapiens,DLPFC,"PsychAD snRNA-seq derived donor x 27-subclass average PAC score (AD progression); controlled cohort not accessed; donor ID only, no diagnosis/Braak/resilience label",unlabeled,
M81316,synapse:syn60084804,Supplementary_Data_6:Avg. PAC scores AD progression,Homo sapiens,DLPFC,"PsychAD snRNA-seq derived donor x 27-subclass average PAC score (AD progression); controlled cohort not accessed; donor ID only, no diagnosis/Braak/resilience label",unlabeled,
M81548,synapse:syn60084804,Supplementary_Data_6:Avg. PAC scores AD progression,Homo sapiens,DLPFC,"PsychAD snRNA-seq derived donor x 27-subclass average PAC score (AD progression); controlled cohort not accessed; donor ID only, no diagnosis/Braak/resilience label",unlabeled,
M81616,synapse:syn60084804,Supplementary_Data_6:Avg. PAC scores AD progression,Homo sapiens,DLPFC,"PsychAD snRNA-seq derived donor x 27-subclass average PAC score (AD progression); controlled cohort not accessed; donor ID only, no diagnosis/Braak/resilience label",unlabeled,
M8176,synapse:syn60084804,Supplementary_Data_6:Avg. PAC scores AD progression,Homo sapiens,DLPFC,"PsychAD snRNA-seq derived donor x 27-subclass average PAC score (AD progression); controlled cohort not accessed; donor ID only, no diagnosis/Braak/resilience label",unlabeled,
M818338,synapse:syn60084804,Supplementary_Data_6:Avg. PAC scores AD progression,Homo sapiens,DLPFC,"PsychAD snRNA-seq derived donor x 27-subclass average PAC score (AD progression); controlled cohort not accessed; donor ID only, no diagnosis/Braak/resilience label",unlabeled,
M81898,synapse:syn60084804,Supplementary_Data_6:Avg. PAC scores AD progression,Homo sapiens,DLPFC,"PsychAD snRNA-seq derived donor x 27-subclass average PAC score (AD progression); controlled cohort not accessed; donor ID only, no diagnosis/Braak/resilience label",unlabeled,
M82158,synapse:syn60084804,Supplementary_Data_6:Avg. PAC scores AD progression,Homo sapiens,DLPFC,"PsychAD snRNA-seq derived donor x 27-subclass average PAC score (AD progression); controlled cohort not accessed; donor ID only, no diagnosis/Braak/resilience label",unlabeled,
M82228,synapse:syn60084804,Supplementary_Data_6:Avg. PAC scores AD progression,Homo sapiens,DLPFC,"PsychAD snRNA-seq derived donor x 27-subclass average PAC score (AD progression); controlled cohort not accessed; donor ID only, no diagnosis/Braak/resilience label",unlabeled,
M82391,synapse:syn60084804,Supplementary_Data_6:Avg. PAC scores AD progression,Homo sapiens,DLPFC,"PsychAD snRNA-seq derived donor x 27-subclass average PAC score (AD progression); controlled cohort not accessed; donor ID only, no diagnosis/Braak/resilience label",unlabeled,
M82984,synapse:syn60084804,Supplementary_Data_6:Avg. PAC scores AD progression,Homo sapiens,DLPFC,"PsychAD snRNA-seq derived donor x 27-subclass average PAC score (AD progression); controlled cohort not accessed; donor ID only, no diagnosis/Braak/resilience label",unlabeled,
M8299,synapse:syn60084804,Supplementary_Data_6:Avg. PAC scores AD progression,Homo sapiens,DLPFC,"PsychAD snRNA-seq derived donor x 27-subclass average PAC score (AD progression); controlled cohort not accessed; donor ID only, no diagnosis/Braak/resilience label",unlabeled,
M83136,synapse:syn60084804,Supplementary_Data_6:Avg. PAC scores AD progression,Homo sapiens,DLPFC,"PsychAD snRNA-seq derived donor x 27-subclass average PAC score (AD progression); controlled cohort not accessed; donor ID only, no diagnosis/Braak/resilience label",unlabeled,
M83214,synapse:syn60084804,Supplementary_Data_6:Avg. PAC scores AD progression,Homo sapiens,DLPFC,"PsychAD snRNA-seq derived donor x 27-subclass average PAC score (AD progression); controlled cohort not accessed; donor ID only, no diagnosis/Braak/resilience label",unlabeled,
M83234,synapse:syn60084804,Supplementary_Data_6:Avg. PAC scores AD progression,Homo sapiens,DLPFC,"PsychAD snRNA-seq derived donor x 27-subclass average PAC score (AD progression); controlled cohort not accessed; donor ID only, no diagnosis/Braak/resilience label",unlabeled,
M83367,synapse:syn60084804,Supplementary_Data_6:Avg. PAC scores AD progression,Homo sapiens,DLPFC,"PsychAD snRNA-seq derived donor x 27-subclass average PAC score (AD progression); controlled cohort not accessed; donor ID only, no diagnosis/Braak/resilience label",unlabeled,
M837246,synapse:syn60084804,Supplementary_Data_6:Avg. PAC scores AD progression,Homo sapiens,DLPFC,"PsychAD snRNA-seq derived donor x 27-subclass average PAC score (AD progression); controlled cohort not accessed; donor ID only, no diagnosis/Braak/resilience label",unlabeled,
M83910,synapse:syn60084804,Supplementary_Data_6:Avg. PAC scores AD progression,Homo sapiens,DLPFC,"PsychAD snRNA-seq derived donor x 27-subclass average PAC score (AD progression); controlled cohort not accessed; donor ID only, no diagnosis/Braak/resilience label",unlabeled,
M84161,synapse:syn60084804,Supplementary_Data_6:Avg. PAC scores AD progression,Homo sapiens,DLPFC,"PsychAD snRNA-seq derived donor x 27-subclass average PAC score (AD progression); controlled cohort not accessed; donor ID only, no diagnosis/Braak/resilience label",unlabeled,
M84393,synapse:syn60084804,Supplementary_Data_6:Avg. PAC scores AD progression,Homo sapiens,DLPFC,"PsychAD snRNA-seq derived donor x 27-subclass average PAC score (AD progression); controlled cohort not accessed; donor ID only, no diagnosis/Braak/resilience label",unlabeled,
M84423,synapse:syn60084804,Supplementary_Data_6:Avg. PAC scores AD progression,Homo sapiens,DLPFC,"PsychAD snRNA-seq derived donor x 27-subclass average PAC score (AD progression); controlled cohort not accessed; donor ID only, no diagnosis/Braak/resilience label",unlabeled,
M84425,synapse:syn60084804,Supplementary_Data_6:Avg. PAC scores AD progression,Homo sapiens,DLPFC,"PsychAD snRNA-seq derived donor x 27-subclass average PAC score (AD progression); controlled cohort not accessed; donor ID only, no diagnosis/Braak/resilience label",unlabeled,
M84511,synapse:syn60084804,Supplementary_Data_6:Avg. PAC scores AD progression,Homo sapiens,DLPFC,"PsychAD snRNA-seq derived donor x 27-subclass average PAC score (AD progression); controlled cohort not accessed; donor ID only, no diagnosis/Braak/resilience label",unlabeled,
M84521,synapse:syn60084804,Supplementary_Data_6:Avg. PAC scores AD progression,Homo sapiens,DLPFC,"PsychAD snRNA-seq derived donor x 27-subclass average PAC score (AD progression); controlled cohort not accessed; donor ID only, no diagnosis/Braak/resilience label",unlabeled,
M84538,synapse:syn60084804,Supplementary_Data_6:Avg. PAC scores AD progression,Homo sapiens,DLPFC,"PsychAD snRNA-seq derived donor x 27-subclass average PAC score (AD progression); controlled cohort not accessed; donor ID only, no diagnosis/Braak/resilience label",unlabeled,
M84803,synapse:syn60084804,Supplementary_Data_6:Avg. PAC scores AD progression,Homo sapiens,DLPFC,"PsychAD snRNA-seq derived donor x 27-subclass average PAC score (AD progression); controlled cohort not accessed; donor ID only, no diagnosis/Braak/resilience label",unlabeled,
M84955,synapse:syn60084804,Supplementary_Data_6:Avg. PAC scores AD progression,Homo sapiens,DLPFC,"PsychAD snRNA-seq derived donor x 27-subclass average PAC score (AD progression); controlled cohort not accessed; donor ID only, no diagnosis/Braak/resilience label",unlabeled,
M85168,synapse:syn60084804,Supplementary_Data_6:Avg. PAC scores AD progression,Homo sapiens,DLPFC,"PsychAD snRNA-seq derived donor x 27-subclass average PAC score (AD progression); controlled cohort not accessed; donor ID only, no diagnosis/Braak/resilience label",unlabeled,
M85730,synapse:syn60084804,Supplementary_Data_6:Avg. PAC scores AD progression,Homo sapiens,DLPFC,"PsychAD snRNA-seq derived donor x 27-subclass average PAC score (AD progression); controlled cohort not accessed; donor ID only, no diagnosis/Braak/resilience label",unlabeled,
M85824,synapse:syn60084804,Supplementary_Data_6:Avg. PAC scores AD progression,Homo sapiens,DLPFC,"PsychAD snRNA-seq derived donor x 27-subclass average PAC score (AD progression); controlled cohort not accessed; donor ID only, no diagnosis/Braak/resilience label",unlabeled,
M85981,synapse:syn60084804,Supplementary_Data_6:Avg. PAC scores AD progression,Homo sapiens,DLPFC,"PsychAD snRNA-seq derived donor x 27-subclass average PAC score (AD progression); controlled cohort not accessed; donor ID only, no diagnosis/Braak/resilience label",unlabeled,
M86050,synapse:syn60084804,Supplementary_Data_6:Avg. PAC scores AD progression,Homo sapiens,DLPFC,"PsychAD snRNA-seq derived donor x 27-subclass average PAC score (AD progression); controlled cohort not accessed; donor ID only, no diagnosis/Braak/resilience label",unlabeled,
M86087,synapse:syn60084804,Supplementary_Data_6:Avg. PAC scores AD progression,Homo sapiens,DLPFC,"PsychAD snRNA-seq derived donor x 27-subclass average PAC score (AD progression); controlled cohort not accessed; donor ID only, no diagnosis/Braak/resilience label",unlabeled,
M86213,synapse:syn60084804,Supplementary_Data_6:Avg. PAC scores AD progression,Homo sapiens,DLPFC,"PsychAD snRNA-seq derived donor x 27-subclass average PAC score (AD progression); controlled cohort not accessed; donor ID only, no diagnosis/Braak/resilience label",unlabeled,
M86262,synapse:syn60084804,Supplementary_Data_6:Avg. PAC scores AD progression,Homo sapiens,DLPFC,"PsychAD snRNA-seq derived donor x 27-subclass average PAC score (AD progression); controlled cohort not accessed; donor ID only, no diagnosis/Braak/resilience label",unlabeled,
M864250,synapse:syn60084804,Supplementary_Data_6:Avg. PAC scores AD progression,Homo sapiens,DLPFC,"PsychAD snRNA-seq derived donor x 27-subclass average PAC score (AD progression); controlled cohort not accessed; donor ID only, no diagnosis/Braak/resilience label",unlabeled,
M87037,synapse:syn60084804,Supplementary_Data_6:Avg. PAC scores AD progression,Homo sapiens,DLPFC,"PsychAD snRNA-seq derived donor x 27-subclass average PAC score (AD progression); controlled cohort not accessed; donor ID only, no diagnosis/Braak/resilience label",unlabeled,
M87426,synapse:syn60084804,Supplementary_Data_6:Avg. PAC scores AD progression,Homo sapiens,DLPFC,"PsychAD snRNA-seq derived donor x 27-subclass average PAC score (AD progression); controlled cohort not accessed; donor ID only, no diagnosis/Braak/resilience label",unlabeled,
M8743,synapse:syn60084804,Supplementary_Data_6:Avg. PAC scores AD progression,Homo sapiens,DLPFC,"PsychAD snRNA-seq derived donor x 27-subclass average PAC score (AD progression); controlled cohort not accessed; donor ID only, no diagnosis/Braak/resilience label",unlabeled,
M87485,synapse:syn60084804,Supplementary_Data_6:Avg. PAC scores AD progression,Homo sapiens,DLPFC,"PsychAD snRNA-seq derived donor x 27-subclass average PAC score (AD progression); controlled cohort not accessed; donor ID only, no diagnosis/Braak/resilience label",unlabeled,
M87519,synapse:syn60084804,Supplementary_Data_6:Avg. PAC scores AD progression,Homo sapiens,DLPFC,"PsychAD snRNA-seq derived donor x 27-subclass average PAC score (AD progression); controlled cohort not accessed; donor ID only, no diagnosis/Braak/resilience label",unlabeled,
M88010,synapse:syn60084804,Supplementary_Data_6:Avg. PAC scores AD progression,Homo sapiens,DLPFC,"PsychAD snRNA-seq derived donor x 27-subclass average PAC score (AD progression); controlled cohort not accessed; donor ID only, no diagnosis/Braak/resilience label",unlabeled,
M88112,synapse:syn60084804,Supplementary_Data_6:Avg. PAC scores AD progression,Homo sapiens,DLPFC,"PsychAD snRNA-seq derived donor x 27-subclass average PAC score (AD progression); controlled cohort not accessed; donor ID only, no diagnosis/Braak/resilience label",unlabeled,
M88131,synapse:syn60084804,Supplementary_Data_6:Avg. PAC scores AD progression,Homo sapiens,DLPFC,"PsychAD snRNA-seq derived donor x 27-subclass average PAC score (AD progression); controlled cohort not accessed; donor ID only, no diagnosis/Braak/resilience label",unlabeled,
M88811,synapse:syn60084804,Supplementary_Data_6:Avg. PAC scores AD progression,Homo sapiens,DLPFC,"PsychAD snRNA-seq derived donor x 27-subclass average PAC score (AD progression); controlled cohort not accessed; donor ID only, no diagnosis/Braak/resilience label",unlabeled,
M8926,synapse:syn60084804,Supplementary_Data_6:Avg. PAC scores AD progression,Homo sapiens,DLPFC,"PsychAD snRNA-seq derived donor x 27-subclass average PAC score (AD progression); controlled cohort not accessed; donor ID only, no diagnosis/Braak/resilience label",unlabeled,
M89571,synapse:syn60084804,Supplementary_Data_6:Avg. PAC scores AD progression,Homo sapiens,DLPFC,"PsychAD snRNA-seq derived donor x 27-subclass average PAC score (AD progression); controlled cohort not accessed; donor ID only, no diagnosis/Braak/resilience label",unlabeled,
M89620,synapse:syn60084804,Supplementary_Data_6:Avg. PAC scores AD progression,Homo sapiens,DLPFC,"PsychAD snRNA-seq derived donor x 27-subclass average PAC score (AD progression); controlled cohort not accessed; donor ID only, no diagnosis/Braak/resilience label",unlabeled,
M8975,synapse:syn60084804,Supplementary_Data_6:Avg. PAC scores AD progression,Homo sapiens,DLPFC,"PsychAD snRNA-seq derived donor x 27-subclass average PAC score (AD progression); controlled cohort not accessed; donor ID only, no diagnosis/Braak/resilience label",unlabeled,
M90084,synapse:syn60084804,Supplementary_Data_6:Avg. PAC scores AD progression,Homo sapiens,DLPFC,"PsychAD snRNA-seq derived donor x 27-subclass average PAC score (AD progression); controlled cohort not accessed; donor ID only, no diagnosis/Braak/resilience label",unlabeled,
M90262,synapse:syn60084804,Supplementary_Data_6:Avg. PAC scores AD progression,Homo sapiens,DLPFC,"PsychAD snRNA-seq derived donor x 27-subclass average PAC score (AD progression); controlled cohort not accessed; donor ID only, no diagnosis/Braak/resilience label",unlabeled,
M90395,synapse:syn60084804,Supplementary_Data_6:Avg. PAC scores AD progression,Homo sapiens,DLPFC,"PsychAD snRNA-seq derived donor x 27-subclass average PAC score (AD progression); controlled cohort not accessed; donor ID only, no diagnosis/Braak/resilience label",unlabeled,
M90581,synapse:syn60084804,Supplementary_Data_6:Avg. PAC scores AD progression,Homo sapiens,DLPFC,"PsychAD snRNA-seq derived donor x 27-subclass average PAC score (AD progression); controlled cohort not accessed; donor ID only, no diagnosis/Braak/resilience label",unlabeled,
M90596,synapse:syn60084804,Supplementary_Data_6:Avg. PAC scores AD progression,Homo sapiens,DLPFC,"PsychAD snRNA-seq derived donor x 27-subclass average PAC score (AD progression); controlled cohort not accessed; donor ID only, no diagnosis/Braak/resilience label",unlabeled,
M90828,synapse:syn60084804,Supplementary_Data_6:Avg. PAC scores AD progression,Homo sapiens,DLPFC,"PsychAD snRNA-seq derived donor x 27-subclass average PAC score (AD progression); controlled cohort not accessed; donor ID only, no diagnosis/Braak/resilience label",unlabeled,
M90897,synapse:syn60084804,Supplementary_Data_6:Avg. PAC scores AD progression,Homo sapiens,DLPFC,"PsychAD snRNA-seq derived donor x 27-subclass average PAC score (AD progression); controlled cohort not accessed; donor ID only, no diagnosis/Braak/resilience label",unlabeled,
M90996,synapse:syn60084804,Supplementary_Data_6:Avg. PAC scores AD progression,Homo sapiens,DLPFC,"PsychAD snRNA-seq derived donor x 27-subclass average PAC score (AD progression); controlled cohort not accessed; donor ID only, no diagnosis/Braak/resilience label",unlabeled,
M91139,synapse:syn60084804,Supplementary_Data_6:Avg. PAC scores AD progression,Homo sapiens,DLPFC,"PsychAD snRNA-seq derived donor x 27-subclass average PAC score (AD progression); controlled cohort not accessed; donor ID only, no diagnosis/Braak/resilience label",unlabeled,
M912489,synapse:syn60084804,Supplementary_Data_6:Avg. PAC scores AD progression,Homo sapiens,DLPFC,"PsychAD snRNA-seq derived donor x 27-subclass average PAC score (AD progression); controlled cohort not accessed; donor ID only, no diagnosis/Braak/resilience label",unlabeled,
M91390,synapse:syn60084804,Supplementary_Data_6:Avg. PAC scores AD progression,Homo sapiens,DLPFC,"PsychAD snRNA-seq derived donor x 27-subclass average PAC score (AD progression); controlled cohort not accessed; donor ID only, no diagnosis/Braak/resilience label",unlabeled,
M91854,synapse:syn60084804,Supplementary_Data_6:Avg. PAC scores AD progression,Homo sapiens,DLPFC,"PsychAD snRNA-seq derived donor x 27-subclass average PAC score (AD progression); controlled cohort not accessed; donor ID only, no diagnosis/Braak/resilience label",unlabeled,
M9207,synapse:syn60084804,Supplementary_Data_6:Avg. PAC scores AD progression,Homo sapiens,DLPFC,"PsychAD snRNA-seq derived donor x 27-subclass average PAC score (AD progression); controlled cohort not accessed; donor ID only, no diagnosis/Braak/resilience label",unlabeled,
M927140,synapse:syn60084804,Supplementary_Data_6:Avg. PAC scores AD progression,Homo sapiens,DLPFC,"PsychAD snRNA-seq derived donor x 27-subclass average PAC score (AD progression); controlled cohort not accessed; donor ID only, no diagnosis/Braak/resilience label",unlabeled,
M93210,synapse:syn60084804,Supplementary_Data_6:Avg. PAC scores AD progression,Homo sapiens,DLPFC,"PsychAD snRNA-seq derived donor x 27-subclass average PAC score (AD progression); controlled cohort not accessed; donor ID only, no diagnosis/Braak/resilience label",unlabeled,
M93392,synapse:syn60084804,Supplementary_Data_6:Avg. PAC scores AD progression,Homo sapiens,DLPFC,"PsychAD snRNA-seq derived donor x 27-subclass average PAC score (AD progression); controlled cohort not accessed; donor ID only, no diagnosis/Braak/resilience label",unlabeled,
M93603,synapse:syn60084804,Supplementary_Data_6:Avg. PAC scores AD progression,Homo sapiens,DLPFC,"PsychAD snRNA-seq derived donor x 27-subclass average PAC score (AD progression); controlled cohort not accessed; donor ID only, no diagnosis/Braak/resilience label",unlabeled,
M93995,synapse:syn60084804,Supplementary_Data_6:Avg. PAC scores AD progression,Homo sapiens,DLPFC,"PsychAD snRNA-seq derived donor x 27-subclass average PAC score (AD progression); controlled cohort not accessed; donor ID only, no diagnosis/Braak/resilience label",unlabeled,
M94213,synapse:syn60084804,Supplementary_Data_6:Avg. PAC scores AD progression,Homo sapiens,DLPFC,"PsychAD snRNA-seq derived donor x 27-subclass average PAC score (AD progression); controlled cohort not accessed; donor ID only, no diagnosis/Braak/resilience label",unlabeled,
M9439,synapse:syn60084804,Supplementary_Data_6:Avg. PAC scores AD progression,Homo sapiens,DLPFC,"PsychAD snRNA-seq derived donor x 27-subclass average PAC score (AD progression); controlled cohort not accessed; donor ID only, no diagnosis/Braak/resilience label",unlabeled,
M94517,synapse:syn60084804,Supplementary_Data_6:Avg. PAC scores AD progression,Homo sapiens,DLPFC,"PsychAD snRNA-seq derived donor x 27-subclass average PAC score (AD progression); controlled cohort not accessed; donor ID only, no diagnosis/Braak/resilience label",unlabeled,
M94804,synapse:syn60084804,Supplementary_Data_6:Avg. PAC scores AD progression,Homo sapiens,DLPFC,"PsychAD snRNA-seq derived donor x 27-subclass average PAC score (AD progression); controlled cohort not accessed; donor ID only, no diagnosis/Braak/resilience label",unlabeled,
M94828,synapse:syn60084804,Supplementary_Data_6:Avg. PAC scores AD progression,Homo sapiens,DLPFC,"PsychAD snRNA-seq derived donor x 27-subclass average PAC score (AD progression); controlled cohort not accessed; donor ID only, no diagnosis/Braak/resilience label",unlabeled,
M95015,synapse:syn60084804,Supplementary_Data_6:Avg. PAC scores AD progression,Homo sapiens,DLPFC,"PsychAD snRNA-seq derived donor x 27-subclass average PAC score (AD progression); controlled cohort not accessed; donor ID only, no diagnosis/Braak/resilience label",unlabeled,
M95439,synapse:syn60084804,Supplementary_Data_6:Avg. PAC scores AD progression,Homo sapiens,DLPFC,"PsychAD snRNA-seq derived donor x 27-subclass average PAC score (AD progression); controlled cohort not accessed; donor ID only, no diagnosis/Braak/resilience label",unlabeled,
M95506,synapse:syn60084804,Supplementary_Data_6:Avg. PAC scores AD progression,Homo sapiens,DLPFC,"PsychAD snRNA-seq derived donor x 27-subclass average PAC score (AD progression); controlled cohort not accessed; donor ID only, no diagnosis/Braak/resilience label",unlabeled,
M95774,synapse:syn60084804,Supplementary_Data_6:Avg. PAC scores AD progression,Homo sapiens,DLPFC,"PsychAD snRNA-seq derived donor x 27-subclass average PAC score (AD progression); controlled cohort not accessed; donor ID only, no diagnosis/Braak/resilience label",unlabeled,
M96055,synapse:syn60084804,Supplementary_Data_6:Avg. PAC scores AD progression,Homo sapiens,DLPFC,"PsychAD snRNA-seq derived donor x 27-subclass average PAC score (AD progression); controlled cohort not accessed; donor ID only, no diagnosis/Braak/resilience label",unlabeled,
M96251,synapse:syn60084804,Supplementary_Data_6:Avg. PAC scores AD progression,Homo sapiens,DLPFC,"PsychAD snRNA-seq derived donor x 27-subclass average PAC score (AD progression); controlled cohort not accessed; donor ID only, no diagnosis/Braak/resilience label",unlabeled,
M96800,synapse:syn60084804,Supplementary_Data_6:Avg. PAC scores AD progression,Homo sapiens,DLPFC,"PsychAD snRNA-seq derived donor x 27-subclass average PAC score (AD progression); controlled cohort not accessed; donor ID only, no diagnosis/Braak/resilience label",unlabeled,
M96977,synapse:syn60084804,Supplementary_Data_6:Avg. PAC scores AD progression,Homo sapiens,DLPFC,"PsychAD snRNA-seq derived donor x 27-subclass average PAC score (AD progression); controlled cohort not accessed; donor ID only, no diagnosis/Braak/resilience label",unlabeled,
M97134,synapse:syn60084804,Supplementary_Data_6:Avg. PAC scores AD progression,Homo sapiens,DLPFC,"PsychAD snRNA-seq derived donor x 27-subclass average PAC score (AD progression); controlled cohort not accessed; donor ID only, no diagnosis/Braak/resilience label",unlabeled,
M97560,synapse:syn60084804,Supplementary_Data_6:Avg. PAC scores AD progression,Homo sapiens,DLPFC,"PsychAD snRNA-seq derived donor x 27-subclass average PAC score (AD progression); controlled cohort not accessed; donor ID only, no diagnosis/Braak/resilience label",unlabeled,
M97579,synapse:syn60084804,Supplementary_Data_6:Avg. PAC scores AD progression,Homo sapiens,DLPFC,"PsychAD snRNA-seq derived donor x 27-subclass average PAC score (AD progression); controlled cohort not accessed; donor ID only, no diagnosis/Braak/resilience label",unlabeled,
M97594,synapse:syn60084804,Supplementary_Data_6:Avg. PAC scores AD progression,Homo sapiens,DLPFC,"PsychAD snRNA-seq derived donor x 27-subclass average PAC score (AD progression); controlled cohort not accessed; donor ID only, no diagnosis/Braak/resilience label",unlabeled,
M97728,synapse:syn60084804,Supplementary_Data_6:Avg. PAC scores AD progression,Homo sapiens,DLPFC,"PsychAD snRNA-seq derived donor x 27-subclass average PAC score (AD progression); controlled cohort not accessed; donor ID only, no diagnosis/Braak/resilience label",unlabeled,
M97977,synapse:syn60084804,Supplementary_Data_6:Avg. PAC scores AD progression,Homo sapiens,DLPFC,"PsychAD snRNA-seq derived donor x 27-subclass average PAC score (AD progression); controlled cohort not accessed; donor ID only, no diagnosis/Braak/resilience label",unlabeled,
M980386,synapse:syn60084804,Supplementary_Data_6:Avg. PAC scores AD progression,Homo sapiens,DLPFC,"PsychAD snRNA-seq derived donor x 27-subclass average PAC score (AD progression); controlled cohort not accessed; donor ID only, no diagnosis/Braak/resilience label",unlabeled,
M98107,synapse:syn60084804,Supplementary_Data_6:Avg. PAC scores AD progression,Homo sapiens,DLPFC,"PsychAD snRNA-seq derived donor x 27-subclass average PAC score (AD progression); controlled cohort not accessed; donor ID only, no diagnosis/Braak/resilience label",unlabeled,
M98979,synapse:syn60084804,Supplementary_Data_6:Avg. PAC scores AD progression,Homo sapiens,DLPFC,"PsychAD snRNA-seq derived donor x 27-subclass average PAC score (AD progression); controlled cohort not accessed; donor ID only, no diagnosis/Braak/resilience label",unlabeled,
M99118,synapse:syn60084804,Supplementary_Data_6:Avg. PAC scores AD progression,Homo sapiens,DLPFC,"PsychAD snRNA-seq derived donor x 27-subclass average PAC score (AD progression); controlled cohort not accessed; donor ID only, no diagnosis/Braak/resilience label",unlabeled,
M99310,synapse:syn60084804,Supplementary_Data_6:Avg. PAC scores AD progression,Homo sapiens,DLPFC,"PsychAD snRNA-seq derived donor x 27-subclass average PAC score (AD progression); controlled cohort not accessed; donor ID only, no diagnosis/Braak/resilience label",unlabeled,
M99345,synapse:syn60084804,Supplementary_Data_6:Avg. PAC scores AD progression,Homo sapiens,DLPFC,"PsychAD snRNA-seq derived donor x 27-subclass average PAC score (AD progression); controlled cohort not accessed; donor ID only, no diagnosis/Braak/resilience label",unlabeled,
M99364,synapse:syn60084804,Supplementary_Data_6:Avg. PAC scores AD progression,Homo sapiens,DLPFC,"PsychAD snRNA-seq derived donor x 27-subclass average PAC score (AD progression); controlled cohort not accessed; donor ID only, no diagnosis/Braak/resilience label",unlabeled,
M99394,synapse:syn60084804,Supplementary_Data_6:Avg. PAC scores AD progression,Homo sapiens,DLPFC,"PsychAD snRNA-seq derived donor x 27-subclass average PAC score (AD progression); controlled cohort not accessed; donor ID only, no diagnosis/Braak/resilience label",unlabeled,
M9946,synapse:syn60084804,Supplementary_Data_6:Avg. PAC scores AD progression,Homo sapiens,DLPFC,"PsychAD snRNA-seq derived donor x 27-subclass average PAC score (AD progression); controlled cohort not accessed; donor ID only, no diagnosis/Braak/resilience label",unlabeled,
M99645,synapse:syn60084804,Supplementary_Data_6:Avg. PAC scores AD progression,Homo sapiens,DLPFC,"PsychAD snRNA-seq derived donor x 27-subclass average PAC score (AD progression); controlled cohort not accessed; donor ID only, no diagnosis/Braak/resilience label",unlabeled,
M99877,synapse:syn60084804,Supplementary_Data_6:Avg. PAC scores AD progression,Homo sapiens,DLPFC,"PsychAD snRNA-seq derived donor x 27-subclass average PAC score (AD progression); controlled cohort not accessed; donor ID only, no diagnosis/Braak/resilience label",unlabeled,
M99891,synapse:syn60084804,Supplementary_Data_6:Avg. PAC scores AD progression,Homo sapiens,DLPFC,"PsychAD snRNA-seq derived donor x 27-subclass average PAC score (AD progression); controlled cohort not accessed; donor ID only, no diagnosis/Braak/resilience label",unlabeled,
