curie,notice_id
LOINC:100017-3,Na604a94d48
LOINC:100030-6,Nfb382cca93
LOINC:100031-4,Nfb382cca93
LOINC:100032-2,Nfb382cca93
LOINC:100033-0,Nfb382cca93
LOINC:100062-9,N627fd5227e
LOINC:100159-3,Na2a092e618
LOINC:100196-5,Na2a092e618
LOINC:100198-1,Na2a092e618
LOINC:100199-9,Na2a092e618
LOINC:100200-5,Na2a092e618
LOINC:100201-3,Na2a092e618
LOINC:100202-1,Na2a092e618
LOINC:100203-9,Na2a092e618
LOINC:100204-7,Na2a092e618
LOINC:100205-4,Na2a092e618
LOINC:100206-2,Na2a092e618
LOINC:100207-0,Na2a092e618
LOINC:100208-8,Na2a092e618
LOINC:100209-6,Na2a092e618
LOINC:100210-4,Na2a092e618
LOINC:100211-2,Na2a092e618
LOINC:100212-0,Na2a092e618
LOINC:100283-1,N5abf618517
LOINC:100288-0,N5abf618517
LOINC:100290-6,N5abf618517
LOINC:100291-4,N5abf618517
LOINC:100292-2,Na2a092e618
LOINC:100299-7,Na2a092e618
LOINC:100821-8,N81206e35aa
LOINC:100822-6,N81206e35aa
LOINC:100823-4,N81206e35aa
LOINC:100824-2,N81206e35aa
LOINC:100825-9,N81206e35aa
LOINC:100826-7,N81206e35aa
LOINC:100827-5,N81206e35aa
LOINC:100828-3,N81206e35aa
LOINC:100916-6,Na1c3245260
LOINC:100921-6,Na1c3245260
LOINC:100922-4,Na1c3245260
LOINC:100923-2,Na1c3245260
LOINC:100928-1,Na1c3245260
LOINC:100929-9,Na1c3245260
LOINC:100934-9,Na1c3245260
LOINC:100935-6,Na1c3245260
LOINC:100940-6,Na1c3245260
LOINC:100941-4,Na1c3245260
LOINC:100946-3,Na1c3245260
LOINC:100951-3,Na1c3245260
LOINC:100952-1,Na1c3245260
LOINC:100953-9,Na1c3245260
LOINC:100958-8,Na1c3245260
LOINC:100959-6,Na1c3245260
LOINC:100970-3,N81206e35aa
LOINC:101438-0,Nb4b88822d2
LOINC:101441-4,Nb4b88822d2
LOINC:101442-2,Nb4b88822d2
LOINC:101549-4,N2b74afe257
LOINC:101551-0,N2b74afe257
LOINC:101789-6,Na27bb9696e
LOINC:101807-6,Na27bb9696e
LOINC:101819-1,N8786d82d66
LOINC:101951-2,N7a12280496
LOINC:101967-8,N7a12280496
LOINC:101973-6,N7a12280496
LOINC:101974-4,N7a12280496
LOINC:101975-1,N7a12280496
LOINC:103705-0,Nc26a9a906e
LOINC:103706-8,Nc26a9a906e
LOINC:103707-6,Nc26a9a906e
LOINC:103709-2,Nf957b8d0a6
LOINC:103752-2,Ncaa049a432
LOINC:103753-0,Ncaa049a432
LOINC:103754-8,Ncaa049a432
LOINC:103755-5,Ncaa049a432
LOINC:103756-3,Ncaa049a432
LOINC:103757-1,Ncaa049a432
LOINC:103758-9,Ncaa049a432
LOINC:103759-7,Ncaa049a432
LOINC:103760-5,Ncaa049a432
LOINC:103761-3,Ncaa049a432
LOINC:103762-1,Ncaa049a432
LOINC:103763-9,Ncaa049a432
LOINC:103764-7,Ncaa049a432
LOINC:103765-4,Ncaa049a432
LOINC:103766-2,Ncaa049a432
LOINC:103767-0,Ncaa049a432
LOINC:103768-8,Ncaa049a432
LOINC:103770-4,Ncaa049a432
LOINC:103771-2,Ncaa049a432
LOINC:103772-0,Ncaa049a432
LOINC:103773-8,Ncaa049a432
LOINC:103774-6,Ncaa049a432
LOINC:104006-2,Ncaa049a432
LOINC:104028-6,N66e85a045b
LOINC:104029-4,N66e85a045b
LOINC:104030-2,N66e85a045b
LOINC:104031-0,N66e85a045b
LOINC:104032-8,N66e85a045b
LOINC:104033-6,N66e85a045b
LOINC:104034-4,N66e85a045b
LOINC:104035-1,N66e85a045b
LOINC:104036-9,N66e85a045b
LOINC:104037-7,N66e85a045b
LOINC:104038-5,N66e85a045b
LOINC:104881-8,N422a041bad
LOINC:104882-6,N422a041bad
LOINC:105306-5,Nf0be40711b
LOINC:105311-5,Nf0be40711b
LOINC:105317-2,Nf0be40711b
LOINC:105318-0,Nf0be40711b
LOINC:105414-7,N422a041bad
LOINC:105438-6,Nf0be40711b
LOINC:105439-4,Nf0be40711b
LOINC:105440-2,Nf0be40711b
LOINC:105441-0,Nf0be40711b
LOINC:105442-8,Nf0be40711b
LOINC:105443-6,Nf0be40711b
LOINC:105446-9,Nf0be40711b
LOINC:105451-9,Nf0be40711b
LOINC:105452-7,Nf0be40711b
LOINC:105453-5,Nf0be40711b
LOINC:105454-3,Nf0be40711b
LOINC:105455-0,Nf0be40711b
LOINC:106103-5,Nf0be40711b
LOINC:106217-3,Nf0be40711b
LOINC:106218-1,Nf0be40711b
LOINC:106219-9,Nf0be40711b
LOINC:106221-5,Nf0be40711b
LOINC:106222-3,Nf0be40711b
LOINC:106223-1,Nf0be40711b
LOINC:106224-9,Nf0be40711b
LOINC:106225-6,Nf0be40711b
LOINC:106226-4,Nf0be40711b
LOINC:106227-2,Nf0be40711b
LOINC:106228-0,Nf0be40711b
LOINC:106229-8,Nf0be40711b
LOINC:106230-6,Nf0be40711b
LOINC:106231-4,Nf0be40711b
LOINC:106232-2,Nf0be40711b
LOINC:106234-8,Nf0be40711b
LOINC:106235-5,Nf0be40711b
LOINC:106236-3,Nf0be40711b
LOINC:106237-1,Nf0be40711b
LOINC:106238-9,Nf0be40711b
LOINC:106239-7,Nf0be40711b
LOINC:106240-5,Nf0be40711b
LOINC:106241-3,Nf0be40711b
LOINC:106242-1,Nf0be40711b
LOINC:106243-9,Nf0be40711b
LOINC:106244-7,Nf0be40711b
LOINC:106245-4,Nf0be40711b
LOINC:106246-2,Nf0be40711b
LOINC:106247-0,Nf0be40711b
LOINC:106248-8,Nf0be40711b
LOINC:106249-6,Nf0be40711b
LOINC:106250-4,Nf0be40711b
LOINC:106301-5,Na7f1295989
LOINC:106339-5,Na7f1295989
LOINC:106340-3,Na7f1295989
LOINC:106341-1,Na7f1295989
LOINC:106342-9,Na7f1295989
LOINC:106343-7,Na7f1295989
LOINC:106344-5,Na7f1295989
LOINC:106414-6,Ncd4037e76a
LOINC:106415-3,Ncd4037e76a
LOINC:106416-1,Ncd4037e76a
LOINC:106798-2,Ne62e4d65f4
LOINC:106799-0,Ne62e4d65f4
LOINC:106800-6,Ne62e4d65f4
LOINC:106801-4,Ne62e4d65f4
LOINC:106802-2,Ne62e4d65f4
LOINC:106803-0,Ne62e4d65f4
LOINC:106804-8,Ne62e4d65f4
LOINC:106860-0,Nc7a19b4f63
LOINC:106875-8,Nc7a19b4f63
LOINC:106877-4,N4cc8c11bce
LOINC:106878-2,N4cc8c11bce
LOINC:106879-0,N4cc8c11bce
LOINC:106881-6,N4cc8c11bce
LOINC:106903-8,Nc7a19b4f63
LOINC:106904-6,Nc7a19b4f63
LOINC:106970-7,N4cc8c11bce
LOINC:107104-2,N4cc8c11bce
LOINC:107105-9,N4cc8c11bce
LOINC:107106-7,N4cc8c11bce
LOINC:107107-5,N59298a57ff
LOINC:107114-1,N59298a57ff
LOINC:107335-2,N4cc8c11bce
LOINC:107582-9,N0611400d7f
LOINC:107583-7,N0611400d7f
LOINC:107617-3,Nc1ceac8c35
LOINC:107618-1,Nc1ceac8c35
LOINC:115790-8,N59298a57ff
LOINC:115791-6,N59298a57ff
LOINC:115792-4,N59298a57ff
LOINC:33726-1,N15c838d2e1
LOINC:38213-5,Nb7b261ecde
LOINC:38215-0,Nb7b261ecde
LOINC:38216-8,Nb7b261ecde
LOINC:38217-6,Nb7b261ecde
LOINC:38218-4,Nb7b261ecde
LOINC:38219-2,Nb7b261ecde
LOINC:38220-0,Nb7b261ecde
LOINC:38222-6,N8b4f0a3243
LOINC:38223-4,N8b4f0a3243
LOINC:38224-2,N8b4f0a3243
LOINC:38225-9,N8b4f0a3243
LOINC:38226-7,N8b4f0a3243
LOINC:38227-5,N8b4f0a3243
LOINC:38228-3,N8b4f0a3243
LOINC:38229-1,N8b4f0a3243
LOINC:44249-1,Nc26a9a906e
LOINC:44251-7,Nc26a9a906e
LOINC:44252-5,Nc26a9a906e
LOINC:44253-3,Nc26a9a906e
LOINC:44254-1,Nc26a9a906e
LOINC:44256-6,Nc26a9a906e
LOINC:44257-4,Nc26a9a906e
LOINC:44258-2,Nc26a9a906e
LOINC:44259-0,Nc26a9a906e
LOINC:44260-8,Nc26a9a906e
LOINC:44261-6,Nc26a9a906e
LOINC:44262-4,Nc26a9a906e
LOINC:44693-0,N15c838d2e1
LOINC:45230-0,Na4262a3d59
LOINC:45231-8,Na4262a3d59
LOINC:45232-6,Na4262a3d59
LOINC:45233-4,Na4262a3d59
LOINC:45234-2,Na4262a3d59
LOINC:45235-9,Na4262a3d59
LOINC:45236-7,Na4262a3d59
LOINC:45237-5,Na4262a3d59
LOINC:45238-3,Na4262a3d59
LOINC:45239-1,Na4262a3d59
LOINC:45240-9,Na4262a3d59
LOINC:45241-7,Na4262a3d59
LOINC:45242-5,Na4262a3d59
LOINC:45243-3,Na4262a3d59
LOINC:45244-1,Na4262a3d59
LOINC:45245-8,Na4262a3d59
LOINC:45246-6,Na4262a3d59
LOINC:45247-4,Na4262a3d59
LOINC:45248-2,Na4262a3d59
LOINC:45249-0,Na4262a3d59
LOINC:45250-8,Na4262a3d59
LOINC:45251-6,Na4262a3d59
LOINC:45252-4,Na4262a3d59
LOINC:45253-2,Na4262a3d59
LOINC:45254-0,Na4262a3d59
LOINC:45255-7,Na4262a3d59
LOINC:45256-5,Na4262a3d59
LOINC:45257-3,Na4262a3d59
LOINC:45258-1,Na4262a3d59
LOINC:45259-9,Na4262a3d59
LOINC:45260-7,Na4262a3d59
LOINC:45261-5,Na4262a3d59
LOINC:45262-3,Na4262a3d59
LOINC:45263-1,Na4262a3d59
LOINC:45264-9,Na4262a3d59
LOINC:45405-8,Nfb3c882b92
LOINC:45406-6,Nfb3c882b92
LOINC:45407-4,Nfb3c882b92
LOINC:45408-2,Nfb3c882b92
LOINC:45409-0,Nfb3c882b92
LOINC:45410-8,Nfb3c882b92
LOINC:45411-6,Nfb3c882b92
LOINC:45412-4,Nfb3c882b92
LOINC:45413-2,Nfb3c882b92
LOINC:45414-0,Nfb3c882b92
LOINC:45415-7,Nfb3c882b92
LOINC:45416-5,Nfb3c882b92
LOINC:45417-3,Nfb3c882b92
LOINC:45419-9,Nfb3c882b92
LOINC:45420-7,Nfb3c882b92
LOINC:45421-5,Nfb3c882b92
LOINC:45422-3,Nfb3c882b92
LOINC:45423-1,Nfb3c882b92
LOINC:45424-9,Nfb3c882b92
LOINC:45425-6,Nfb3c882b92
LOINC:45426-4,Nfb3c882b92
LOINC:45427-2,Nfb3c882b92
LOINC:45428-0,Nfb3c882b92
LOINC:45429-8,Nfb3c882b92
LOINC:45430-6,Nfb3c882b92
LOINC:45431-4,Nfb3c882b92
LOINC:45432-2,Nfb3c882b92
LOINC:45433-0,Nfb3c882b92
LOINC:45434-8,Nfb3c882b92
LOINC:45435-5,Nfb3c882b92
LOINC:45436-3,Nfb3c882b92
LOINC:45437-1,Nfb3c882b92
LOINC:45438-9,Nfb3c882b92
LOINC:45439-7,Nfb3c882b92
LOINC:45440-5,Nfb3c882b92
LOINC:45441-3,Nfb3c882b92
LOINC:45442-1,Nfb3c882b92
LOINC:45443-9,Nfb3c882b92
LOINC:45444-7,Nfb3c882b92
LOINC:45445-4,Nfb3c882b92
LOINC:45446-2,Nfb3c882b92
LOINC:45447-0,Nfb3c882b92
LOINC:45448-8,Nfb3c882b92
LOINC:45449-6,Nfb3c882b92
LOINC:45450-4,Nfb3c882b92
LOINC:45451-2,Nfb3c882b92
LOINC:45452-0,Nfb3c882b92
LOINC:45453-8,Nfb3c882b92
LOINC:45454-6,Nfb3c882b92
LOINC:45455-3,Nfb3c882b92
LOINC:45456-1,Nfb3c882b92
LOINC:45457-9,Nfb3c882b92
LOINC:45458-7,Nfb3c882b92
LOINC:45459-5,Nfb3c882b92
LOINC:45460-3,Nfb3c882b92
LOINC:45461-1,Nfb3c882b92
LOINC:45462-9,Nfb3c882b92
LOINC:45463-7,Nfb3c882b92
LOINC:45464-5,Nfb3c882b92
LOINC:45465-2,Nfb3c882b92
LOINC:45466-0,Nfb3c882b92
LOINC:45467-8,Nfb3c882b92
LOINC:45468-6,Nfb3c882b92
LOINC:45469-4,Nfb3c882b92
LOINC:45470-2,Nfb3c882b92
LOINC:45471-0,Nfb3c882b92
LOINC:45472-8,Nfb3c882b92
LOINC:45474-4,Nfb3c882b92
LOINC:45475-1,Nfb3c882b92
LOINC:45476-9,Nfb3c882b92
LOINC:45477-7,Nfb3c882b92
LOINC:45478-5,Nfb3c882b92
LOINC:45479-3,Nfb3c882b92
LOINC:45480-1,Nfb3c882b92
LOINC:45481-9,Nfb3c882b92
LOINC:45482-7,Nfb3c882b92
LOINC:45483-5,Nfb3c882b92
LOINC:45484-3,Nfb3c882b92
LOINC:45485-0,Nfb3c882b92
LOINC:45486-8,Nfb3c882b92
LOINC:45487-6,Nfb3c882b92
LOINC:45488-4,Nfb3c882b92
LOINC:45489-2,Nfb3c882b92
LOINC:45490-0,Nfb3c882b92
LOINC:45491-8,Nfb3c882b92
LOINC:45492-6,Nfb3c882b92
LOINC:45493-4,Nfb3c882b92
LOINC:45494-2,Nfb3c882b92
LOINC:45495-9,Nfb3c882b92
LOINC:45496-7,Nfb3c882b92
LOINC:45497-5,Nfb3c882b92
LOINC:45498-3,Nfb3c882b92
LOINC:45499-1,Nfb3c882b92
LOINC:45500-6,Nfb3c882b92
LOINC:45501-4,Nfb3c882b92
LOINC:45502-2,Nfb3c882b92
LOINC:45503-0,Nfb3c882b92
LOINC:45504-8,Nfb3c882b92
LOINC:45505-5,Nfb3c882b92
LOINC:45506-3,Nfb3c882b92
LOINC:45507-1,Nfb3c882b92
LOINC:45508-9,Nfb3c882b92
LOINC:45509-7,Nfb3c882b92
LOINC:45510-5,Nfb3c882b92
LOINC:45511-3,Nfb3c882b92
LOINC:45512-1,Nfb3c882b92
LOINC:45513-9,Nfb3c882b92
LOINC:45514-7,Nfb3c882b92
LOINC:45515-4,Nfb3c882b92
LOINC:45516-2,Nfb3c882b92
LOINC:45517-0,Nfb3c882b92
LOINC:45518-8,Nfb3c882b92
LOINC:45519-6,Nfb3c882b92
LOINC:45520-4,Nfb3c882b92
LOINC:45521-2,Nfb3c882b92
LOINC:45522-0,Nfb3c882b92
LOINC:45523-8,Nfb3c882b92
LOINC:45524-6,Nfb3c882b92
LOINC:45525-3,Nfb3c882b92
LOINC:45526-1,Nfb3c882b92
LOINC:45527-9,Nfb3c882b92
LOINC:45528-7,Nfb3c882b92
LOINC:45529-5,Nfb3c882b92
LOINC:45530-3,Nfb3c882b92
LOINC:45531-1,Nfb3c882b92
LOINC:45532-9,Nfb3c882b92
LOINC:45533-7,Nfb3c882b92
LOINC:45534-5,Nfb3c882b92
LOINC:45535-2,Nfb3c882b92
LOINC:45536-0,Nfb3c882b92
LOINC:45537-8,Nfb3c882b92
LOINC:45538-6,Nfb3c882b92
LOINC:45539-4,Nfb3c882b92
LOINC:45540-2,Nfb3c882b92
LOINC:45541-0,Nfb3c882b92
LOINC:45542-8,Nfb3c882b92
LOINC:45543-6,Nfb3c882b92
LOINC:45544-4,Nfb3c882b92
LOINC:45545-1,Nfb3c882b92
LOINC:45546-9,Nfb3c882b92
LOINC:45547-7,Nfb3c882b92
LOINC:45548-5,Nfb3c882b92
LOINC:45549-3,Nfb3c882b92
LOINC:45550-1,Nfb3c882b92
LOINC:45551-9,Nfb3c882b92
LOINC:45552-7,Nfb3c882b92
LOINC:45553-5,Nfb3c882b92
LOINC:45554-3,Nfb3c882b92
LOINC:45555-0,Nfb3c882b92
LOINC:45556-8,Nfb3c882b92
LOINC:45557-6,Nfb3c882b92
LOINC:45558-4,Nfb3c882b92
LOINC:45559-2,Nfb3c882b92
LOINC:45560-0,Nfb3c882b92
LOINC:45561-8,Nfb3c882b92
LOINC:45562-6,Nfb3c882b92
LOINC:45563-4,Nfb3c882b92
LOINC:45564-2,Nfb3c882b92
LOINC:45565-9,Nfb3c882b92
LOINC:45566-7,Nfb3c882b92
LOINC:45567-5,Nfb3c882b92
LOINC:45568-3,Nfb3c882b92
LOINC:45569-1,Nfb3c882b92
LOINC:45570-9,Nfb3c882b92
LOINC:45571-7,Nfb3c882b92
LOINC:45572-5,Nfb3c882b92
LOINC:45573-3,Nfb3c882b92
LOINC:45574-1,Nfb3c882b92
LOINC:45575-8,Nfb3c882b92
LOINC:45576-6,Nfb3c882b92
LOINC:45577-4,Nfb3c882b92
LOINC:45578-2,Nfb3c882b92
LOINC:45579-0,Nfb3c882b92
LOINC:45580-8,Nfb3c882b92
LOINC:45581-6,Nfb3c882b92
LOINC:45582-4,Nfb3c882b92
LOINC:45583-2,Nfb3c882b92
LOINC:45584-0,Nfb3c882b92
LOINC:45585-7,Nfb3c882b92
LOINC:45586-5,Nfb3c882b92
LOINC:45587-3,Nfb3c882b92
LOINC:45610-3,Nfb3c882b92
LOINC:45611-1,Nfb3c882b92
LOINC:45612-9,Nfb3c882b92
LOINC:45614-5,Nfb3c882b92
LOINC:45615-2,Nfb3c882b92
LOINC:45616-0,Nfb3c882b92
LOINC:45617-8,Nfb3c882b92
LOINC:45618-6,Nfb3c882b92
LOINC:45619-4,Nfb3c882b92
LOINC:45620-2,Nfb3c882b92
LOINC:45621-0,Nfb3c882b92
LOINC:45622-8,Nfb3c882b92
LOINC:45623-6,Nfb3c882b92
LOINC:45624-4,Nfb3c882b92
LOINC:45625-1,Nfb3c882b92
LOINC:45626-9,Nfb3c882b92
LOINC:45627-7,Nfb3c882b92
LOINC:45628-5,Nfb3c882b92
LOINC:45629-3,Nfb3c882b92
LOINC:45630-1,Nfb3c882b92
LOINC:45631-9,Nfb3c882b92
LOINC:45632-7,Nfb3c882b92
LOINC:45633-5,Nfb3c882b92
LOINC:45634-3,Nfb3c882b92
LOINC:45635-0,Nfb3c882b92
LOINC:45636-8,Nfb3c882b92
LOINC:45637-6,Nfb3c882b92
LOINC:45638-4,Nfb3c882b92
LOINC:45639-2,Nfb3c882b92
LOINC:45640-0,Nfb3c882b92
LOINC:45641-8,Nfb3c882b92
LOINC:45642-6,Nfb3c882b92
LOINC:45643-4,Nfb3c882b92
LOINC:45644-2,Nfb3c882b92
LOINC:45645-9,Nfb3c882b92
LOINC:45646-7,Nfb3c882b92
LOINC:45647-5,Nfb3c882b92
LOINC:45648-3,Nfb3c882b92
LOINC:45649-1,Nfb3c882b92
LOINC:45650-9,Nfb3c882b92
LOINC:45651-7,Nfb3c882b92
LOINC:45652-5,Nfb3c882b92
LOINC:45653-3,Nfb3c882b92
LOINC:45654-1,Nfb3c882b92
LOINC:45655-8,Nfb3c882b92
LOINC:45656-6,Nfb3c882b92
LOINC:45657-4,Nfb3c882b92
LOINC:45658-2,Nfb3c882b92
LOINC:45659-0,Nfb3c882b92
LOINC:45660-8,Nfb3c882b92
LOINC:45661-6,Nfb3c882b92
LOINC:45662-4,Nfb3c882b92
LOINC:45663-2,Nfb3c882b92
LOINC:45664-0,Nfb3c882b92
LOINC:45665-7,Nfb3c882b92
LOINC:45666-5,Nfb3c882b92
LOINC:45667-3,Nfb3c882b92
LOINC:45668-1,Nfb3c882b92
LOINC:45669-9,Nfb3c882b92
LOINC:45670-7,Nfb3c882b92
LOINC:45671-5,Nfb3c882b92
LOINC:45672-3,Nfb3c882b92
LOINC:45673-1,Nfb3c882b92
LOINC:45674-9,Nfb3c882b92
LOINC:45676-4,Nfb3c882b92
LOINC:45677-2,Nfb3c882b92
LOINC:45678-0,Nfb3c882b92
LOINC:45679-8,Nfb3c882b92
LOINC:45680-6,Nfb3c882b92
LOINC:45681-4,Nfb3c882b92
LOINC:45682-2,Nfb3c882b92
LOINC:45683-0,Nfb3c882b92
LOINC:45684-8,Nfb3c882b92
LOINC:45685-5,Nfb3c882b92
LOINC:45686-3,Nfb3c882b92
LOINC:45687-1,Nfb3c882b92
LOINC:45688-9,Nfb3c882b92
LOINC:45689-7,Nfb3c882b92
LOINC:45690-5,Nfb3c882b92
LOINC:45691-3,Nfb3c882b92
LOINC:45692-1,Nfb3c882b92
LOINC:45693-9,Nfb3c882b92
LOINC:45694-7,Nfb3c882b92
LOINC:45695-4,Nfb3c882b92
LOINC:45696-2,Nfb3c882b92
LOINC:45697-0,Nfb3c882b92
LOINC:45698-8,Nfb3c882b92
LOINC:45699-6,Nfb3c882b92
LOINC:45700-2,Nfb3c882b92
LOINC:45701-0,Nfb3c882b92
LOINC:45702-8,Nfb3c882b92
LOINC:45703-6,Nfb3c882b92
LOINC:45704-4,Nfb3c882b92
LOINC:45705-1,Nfb3c882b92
LOINC:45706-9,Nfb3c882b92
LOINC:45707-7,Nfb3c882b92
LOINC:45708-5,Nfb3c882b92
LOINC:45709-3,Nfb3c882b92
LOINC:45710-1,Nfb3c882b92
LOINC:45711-9,Nfb3c882b92
LOINC:45712-7,Nfb3c882b92
LOINC:45713-5,Nfb3c882b92
LOINC:45714-3,Nfb3c882b92
LOINC:45715-0,Nfb3c882b92
LOINC:45717-6,Nfb3c882b92
LOINC:45718-4,Nfb3c882b92
LOINC:45719-2,Nfb3c882b92
LOINC:45720-0,Nfb3c882b92
LOINC:45721-8,Nfb3c882b92
LOINC:45722-6,Nfb3c882b92
LOINC:45723-4,Nfb3c882b92
LOINC:45724-2,Nfb3c882b92
LOINC:45725-9,Nfb3c882b92
LOINC:45726-7,Nfb3c882b92
LOINC:45727-5,Nfb3c882b92
LOINC:45728-3,Nfb3c882b92
LOINC:45729-1,Nfb3c882b92
LOINC:45730-9,Nfb3c882b92
LOINC:45731-7,Nfb3c882b92
LOINC:45732-5,Nfb3c882b92
LOINC:45733-3,Nfb3c882b92
LOINC:45734-1,Nfb3c882b92
LOINC:45735-8,Nfb3c882b92
LOINC:45736-6,Nfb3c882b92
LOINC:45737-4,Nfb3c882b92
LOINC:45738-2,Nfb3c882b92
LOINC:45739-0,Nfb3c882b92
LOINC:45740-8,Nfb3c882b92
LOINC:45741-6,Nfb3c882b92
LOINC:45742-4,Nfb3c882b92
LOINC:45743-2,Nfb3c882b92
LOINC:45744-0,Nfb3c882b92
LOINC:45745-7,Nfb3c882b92
LOINC:45746-5,Nfb3c882b92
LOINC:45747-3,Nfb3c882b92
LOINC:45748-1,Nfb3c882b92
LOINC:45749-9,Nfb3c882b92
LOINC:45750-7,Nfb3c882b92
LOINC:45751-5,Nfb3c882b92
LOINC:45752-3,Nfb3c882b92
LOINC:45753-1,Nfb3c882b92
LOINC:45754-9,Nfb3c882b92
LOINC:45755-6,Nfb3c882b92
LOINC:45756-4,Nfb3c882b92
LOINC:45757-2,Nfb3c882b92
LOINC:45758-0,Nfb3c882b92
LOINC:45759-8,Nfb3c882b92
LOINC:45761-4,Nfb3c882b92
LOINC:45763-0,Nfb3c882b92
LOINC:45765-5,Nfb3c882b92
LOINC:45769-7,Nfb3c882b92
LOINC:45770-5,Nfb3c882b92
LOINC:45771-3,Nfb3c882b92
LOINC:45772-1,Nfb3c882b92
LOINC:45773-9,Nfb3c882b92
LOINC:45774-7,Nfb3c882b92
LOINC:45775-4,Nfb3c882b92
LOINC:45776-2,Nfb3c882b92
LOINC:45777-0,Nfb3c882b92
LOINC:45778-8,Nfb3c882b92
LOINC:45779-6,Nfb3c882b92
LOINC:45780-4,Nfb3c882b92
LOINC:45781-2,Nfb3c882b92
LOINC:45782-0,Nfb3c882b92
LOINC:45783-8,Nfb3c882b92
LOINC:45784-6,Nfb3c882b92
LOINC:45785-3,Nfb3c882b92
LOINC:45786-1,Nfb3c882b92
LOINC:45787-9,Nfb3c882b92
LOINC:45788-7,Nfb3c882b92
LOINC:45789-5,Nfb3c882b92
LOINC:45790-3,Nfb3c882b92
LOINC:45791-1,Nfb3c882b92
LOINC:45792-9,Nfb3c882b92
LOINC:45793-7,Nfb3c882b92
LOINC:45794-5,Nfb3c882b92
LOINC:45795-2,Nfb3c882b92
LOINC:45796-0,Nfb3c882b92
LOINC:45797-8,Nfb3c882b92
LOINC:45798-6,Nfb3c882b92
LOINC:45799-4,Nfb3c882b92
LOINC:45800-0,Nfb3c882b92
LOINC:45801-8,Nfb3c882b92
LOINC:45802-6,Nfb3c882b92
LOINC:45803-4,Nfb3c882b92
LOINC:45804-2,Nfb3c882b92
LOINC:45805-9,Nfb3c882b92
LOINC:45806-7,Nfb3c882b92
LOINC:45807-5,Nfb3c882b92
LOINC:45808-3,Nfb3c882b92
LOINC:45809-1,Nfb3c882b92
LOINC:45810-9,Nfb3c882b92
LOINC:45811-7,Nfb3c882b92
LOINC:45812-5,Nfb3c882b92
LOINC:45813-3,Nfb3c882b92
LOINC:45814-1,Nfb3c882b92
LOINC:45815-8,Nfb3c882b92
LOINC:45816-6,Nfb3c882b92
LOINC:45817-4,Nfb3c882b92
LOINC:45818-2,Nfb3c882b92
LOINC:45819-0,Nfb3c882b92
LOINC:45820-8,Nfb3c882b92
LOINC:45821-6,Nfb3c882b92
LOINC:45822-4,Nfb3c882b92
LOINC:45823-2,Nfb3c882b92
LOINC:45824-0,Nfb3c882b92
LOINC:45825-7,Nfb3c882b92
LOINC:45826-5,Nfb3c882b92
LOINC:45827-3,Nfb3c882b92
LOINC:45828-1,Nfb3c882b92
LOINC:45829-9,Nfb3c882b92
LOINC:45830-7,Nfb3c882b92
LOINC:45831-5,Nfb3c882b92
LOINC:45832-3,Nfb3c882b92
LOINC:45833-1,Nfb3c882b92
LOINC:45834-9,Nfb3c882b92
LOINC:45835-6,Nfb3c882b92
LOINC:45836-4,Nfb3c882b92
LOINC:45837-2,Nfb3c882b92
LOINC:45838-0,Nfb3c882b92
LOINC:45839-8,Nfb3c882b92
LOINC:45840-6,Nfb3c882b92
LOINC:45841-4,Nfb3c882b92
LOINC:45842-2,Nfb3c882b92
LOINC:45843-0,Nfb3c882b92
LOINC:45844-8,Nfb3c882b92
LOINC:45845-5,Nfb3c882b92
LOINC:45846-3,Nfb3c882b92
LOINC:45848-9,Nfb3c882b92
LOINC:45849-7,Nfb3c882b92
LOINC:45850-5,Nfb3c882b92
LOINC:45851-3,Nfb3c882b92
LOINC:45853-9,Nfb3c882b92
LOINC:45854-7,Nfb3c882b92
LOINC:45855-4,Nfb3c882b92
LOINC:45856-2,Nfb3c882b92
LOINC:45857-0,Nfb3c882b92
LOINC:45858-8,Nfb3c882b92
LOINC:45859-6,Nfb3c882b92
LOINC:45860-4,Nfb3c882b92
LOINC:45861-2,Nfb3c882b92
LOINC:45862-0,Nfb3c882b92
LOINC:45863-8,Nfb3c882b92
LOINC:45864-6,Nfb3c882b92
LOINC:45865-3,Nfb3c882b92
LOINC:45866-1,Nfb3c882b92
LOINC:45867-9,Nfb3c882b92
LOINC:45868-7,Nfb3c882b92
LOINC:45869-5,Nfb3c882b92
LOINC:45870-3,Nfb3c882b92
LOINC:45871-1,Nfb3c882b92
LOINC:45872-9,Nfb3c882b92
LOINC:45873-7,Nfb3c882b92
LOINC:45874-5,Nfb3c882b92
LOINC:45875-2,Nfb3c882b92
LOINC:45876-0,Nfb3c882b92
LOINC:45877-8,Nfb3c882b92
LOINC:45878-6,Nfb3c882b92
LOINC:45879-4,Nfb3c882b92
LOINC:45880-2,Nfb3c882b92
LOINC:45881-0,Nfb3c882b92
LOINC:45882-8,Nfb3c882b92
LOINC:45883-6,Nfb3c882b92
LOINC:45884-4,Nfb3c882b92
LOINC:45885-1,Nfb3c882b92
LOINC:45886-9,Nfb3c882b92
LOINC:45887-7,Nfb3c882b92
LOINC:45888-5,Nfb3c882b92
LOINC:45889-3,Nfb3c882b92
LOINC:45890-1,Nfb3c882b92
LOINC:45891-9,Nfb3c882b92
LOINC:45892-7,Nfb3c882b92
LOINC:45893-5,Nfb3c882b92
LOINC:45894-3,Nfb3c882b92
LOINC:45895-0,Nfb3c882b92
LOINC:45896-8,Nfb3c882b92
LOINC:45897-6,Nfb3c882b92
LOINC:45898-4,Nfb3c882b92
LOINC:45899-2,Nfb3c882b92
LOINC:45900-8,Nfb3c882b92
LOINC:45901-6,Nfb3c882b92
LOINC:45902-4,Nfb3c882b92
LOINC:45903-2,Nfb3c882b92
LOINC:45904-0,Nfb3c882b92
LOINC:45905-7,Nfb3c882b92
LOINC:45906-5,Nfb3c882b92
LOINC:45907-3,Nfb3c882b92
LOINC:45908-1,Nfb3c882b92
LOINC:45909-9,Nfb3c882b92
LOINC:45910-7,Nfb3c882b92
LOINC:45911-5,Nfb3c882b92
LOINC:45912-3,Nfb3c882b92
LOINC:45913-1,Nfb3c882b92
LOINC:45914-9,Nfb3c882b92
LOINC:45915-6,Nfb3c882b92
LOINC:45916-4,Nfb3c882b92
LOINC:45917-2,Nfb3c882b92
LOINC:45918-0,Nfb3c882b92
LOINC:45919-8,Nfb3c882b92
LOINC:45920-6,Nfb3c882b92
LOINC:45921-4,Nfb3c882b92
LOINC:45922-2,Nfb3c882b92
LOINC:45923-0,Nfb3c882b92
LOINC:45924-8,Nfb3c882b92
LOINC:45925-5,Nfb3c882b92
LOINC:45926-3,Nfb3c882b92
LOINC:45927-1,Nfb3c882b92
LOINC:45928-9,Nfb3c882b92
LOINC:45929-7,Nfb3c882b92
LOINC:45930-5,Nfb3c882b92
LOINC:45931-3,Nfb3c882b92
LOINC:45932-1,Nfb3c882b92
LOINC:45933-9,Nfb3c882b92
LOINC:45934-7,Nfb3c882b92
LOINC:45935-4,Nfb3c882b92
LOINC:45936-2,Nfb3c882b92
LOINC:45937-0,Nfb3c882b92
LOINC:45938-8,Nfb3c882b92
LOINC:45939-6,Nfb3c882b92
LOINC:45940-4,Nfb3c882b92
LOINC:45941-2,Nfb3c882b92
LOINC:45942-0,Nfb3c882b92
LOINC:45943-8,Nfb3c882b92
LOINC:45944-6,Nfb3c882b92
LOINC:45945-3,Nfb3c882b92
LOINC:45946-1,Nfb3c882b92
LOINC:45947-9,Nfb3c882b92
LOINC:45948-7,Nfb3c882b92
LOINC:45949-5,Nfb3c882b92
LOINC:45950-3,Nfb3c882b92
LOINC:45951-1,Nfb3c882b92
LOINC:45953-7,Nfb3c882b92
LOINC:45954-5,Nfb3c882b92
LOINC:45955-2,Nfb3c882b92
LOINC:45957-8,Nfb3c882b92
LOINC:45958-6,Nfb3c882b92
LOINC:45959-4,Nfb3c882b92
LOINC:45960-2,Nfb3c882b92
LOINC:45961-0,Nfb3c882b92
LOINC:45962-8,Nfb3c882b92
LOINC:45963-6,Nfb3c882b92
LOINC:45964-4,Nfb3c882b92
LOINC:45967-7,Nfb3c882b92
LOINC:45968-5,Nfb3c882b92
LOINC:45969-3,Nfb3c882b92
LOINC:45970-1,Nfb3c882b92
LOINC:45971-9,Nfb3c882b92
LOINC:45972-7,Nfb3c882b92
LOINC:45973-5,Nfb3c882b92
LOINC:45974-3,Nfb3c882b92
LOINC:45975-0,Nfb3c882b92
LOINC:45976-8,Nfb3c882b92
LOINC:45977-6,Nfb3c882b92
LOINC:45978-4,Nfb3c882b92
LOINC:45979-2,Nfb3c882b92
LOINC:45980-0,Nfb3c882b92
LOINC:45981-8,Nfb3c882b92
LOINC:45982-6,Nfb3c882b92
LOINC:45983-4,Nfb3c882b92
LOINC:45984-2,Nfb3c882b92
LOINC:45985-9,Nfb3c882b92
LOINC:45986-7,Nfb3c882b92
LOINC:45987-5,Nfb3c882b92
LOINC:45988-3,Nfb3c882b92
LOINC:45989-1,Nfb3c882b92
LOINC:45990-9,Nfb3c882b92
LOINC:45991-7,Nfb3c882b92
LOINC:45992-5,Nfb3c882b92
LOINC:45993-3,Nfb3c882b92
LOINC:45994-1,Nfb3c882b92
LOINC:45995-8,Nfb3c882b92
LOINC:45996-6,Nfb3c882b92
LOINC:45997-4,Nfb3c882b92
LOINC:45998-2,Nfb3c882b92
LOINC:45999-0,Nfb3c882b92
LOINC:46000-6,Nfb3c882b92
LOINC:46001-4,Nfb3c882b92
LOINC:46002-2,Nfb3c882b92
LOINC:46003-0,Nfb3c882b92
LOINC:46004-8,Nfb3c882b92
LOINC:46005-5,Nfb3c882b92
LOINC:46006-3,Nfb3c882b92
LOINC:46007-1,Nfb3c882b92
LOINC:46009-7,Nfb3c882b92
LOINC:46010-5,Nfb3c882b92
LOINC:46011-3,Nfb3c882b92
LOINC:46012-1,Nfb3c882b92
LOINC:46013-9,Nfb3c882b92
LOINC:46014-7,Nfb3c882b92
LOINC:46015-4,Nfb3c882b92
LOINC:46016-2,Nfb3c882b92
LOINC:46017-0,Nfb3c882b92
LOINC:46018-8,Nfb3c882b92
LOINC:46019-6,Nfb3c882b92
LOINC:46020-4,Nfb3c882b92
LOINC:46021-2,Nfb3c882b92
LOINC:46022-0,Nfb3c882b92
LOINC:46023-8,Nfb3c882b92
LOINC:46024-6,Nfb3c882b92
LOINC:46025-3,Nfb3c882b92
LOINC:46026-1,Nfb3c882b92
LOINC:46027-9,Nfb3c882b92
LOINC:46028-7,Nfb3c882b92
LOINC:46029-5,Nfb3c882b92
LOINC:46030-3,Nfb3c882b92
LOINC:46031-1,Nfb3c882b92
LOINC:46032-9,Nfb3c882b92
LOINC:46033-7,Nfb3c882b92
LOINC:46034-5,Nfb3c882b92
LOINC:46035-2,Nfb3c882b92
LOINC:46036-0,Nfb3c882b92
LOINC:46037-8,Nfb3c882b92
LOINC:46038-6,Nfb3c882b92
LOINC:46039-4,Nfb3c882b92
LOINC:46040-2,Nfb3c882b92
LOINC:46041-0,Nfb3c882b92
LOINC:46042-8,Nfb3c882b92
LOINC:46043-6,Nfb3c882b92
LOINC:46044-4,Nfb3c882b92
LOINC:46045-1,Nfb3c882b92
LOINC:46046-9,Nfb3c882b92
LOINC:46047-7,Nfb3c882b92
LOINC:46048-5,Nfb3c882b92
LOINC:46049-3,Nfb3c882b92
LOINC:46050-1,Nfb3c882b92
LOINC:46051-9,Nfb3c882b92
LOINC:46052-7,Nfb3c882b92
LOINC:46053-5,Nfb3c882b92
LOINC:46054-3,Nfb3c882b92
LOINC:46055-0,Nfb3c882b92
LOINC:46056-8,Nfb3c882b92
LOINC:46057-6,Nfb3c882b92
LOINC:46058-4,Nfb3c882b92
LOINC:46059-2,Nfb3c882b92
LOINC:46060-0,Nfb3c882b92
LOINC:46061-8,Nfb3c882b92
LOINC:46062-6,Nfb3c882b92
LOINC:46063-4,Nfb3c882b92
LOINC:46064-2,Nfb3c882b92
LOINC:46065-9,Nfb3c882b92
LOINC:46066-7,Nfb3c882b92
LOINC:46067-5,Nfb3c882b92
LOINC:46068-3,Nfb3c882b92
LOINC:46069-1,Nfb3c882b92
LOINC:46070-9,Nfb3c882b92
LOINC:46071-7,Nfb3c882b92
LOINC:46072-5,Nfb3c882b92
LOINC:46073-3,Nfb3c882b92
LOINC:46074-1,Nfb3c882b92
LOINC:46075-8,Nfb3c882b92
LOINC:46076-6,Nfb3c882b92
LOINC:46077-4,Nfb3c882b92
LOINC:46078-2,Nfb3c882b92
LOINC:46079-0,Nfb3c882b92
LOINC:46101-2,Nfb3c882b92
LOINC:46102-0,Nfb3c882b92
LOINC:46103-8,Nfb3c882b92
LOINC:46104-6,Nfb3c882b92
LOINC:46105-3,Nfb3c882b92
LOINC:46107-9,Nfb3c882b92
LOINC:46139-2,Nfb3c882b92
LOINC:46140-0,Nfb3c882b92
LOINC:46141-8,Nfb3c882b92
LOINC:46142-6,Nfb3c882b92
LOINC:46143-4,Nfb3c882b92
LOINC:46144-2,Nfb3c882b92
LOINC:46145-9,Nfb3c882b92
LOINC:46146-7,Nfb3c882b92
LOINC:46147-5,Nfb3c882b92
LOINC:46148-3,Nfb3c882b92
LOINC:46149-1,Nfb3c882b92
LOINC:46150-9,Nfb3c882b92
LOINC:46151-7,Nfb3c882b92
LOINC:46152-5,Nfb3c882b92
LOINC:46153-3,Nfb3c882b92
LOINC:46457-8,N50765fc3c5
LOINC:46460-2,N50765fc3c5
LOINC:46461-0,N50765fc3c5
LOINC:46462-8,N50765fc3c5
LOINC:46464-4,N50765fc3c5
LOINC:46469-3,N50765fc3c5
LOINC:46470-1,N50765fc3c5
LOINC:46471-9,N50765fc3c5
LOINC:46472-7,N50765fc3c5
LOINC:46474-3,N50765fc3c5
LOINC:46475-0,N50765fc3c5
LOINC:46476-8,N50765fc3c5
LOINC:46477-6,N50765fc3c5
LOINC:46478-4,N50765fc3c5
LOINC:46479-2,N50765fc3c5
LOINC:46480-0,N50765fc3c5
LOINC:46481-8,N50765fc3c5
LOINC:46482-6,N50765fc3c5
LOINC:46483-4,N50765fc3c5
LOINC:46484-2,N50765fc3c5
LOINC:46485-9,N50765fc3c5
LOINC:46486-7,N50765fc3c5
LOINC:46487-5,N50765fc3c5
LOINC:46488-3,N50765fc3c5
LOINC:46489-1,N50765fc3c5
LOINC:46490-9,N50765fc3c5
LOINC:46491-7,N50765fc3c5
LOINC:46492-5,N50765fc3c5
LOINC:46502-1,N50765fc3c5
LOINC:46505-4,N50765fc3c5
LOINC:46506-2,N50765fc3c5
LOINC:46508-8,N50765fc3c5
LOINC:46509-6,N50765fc3c5
LOINC:46510-4,N50765fc3c5
LOINC:46512-0,N50765fc3c5
LOINC:46513-8,N50765fc3c5
LOINC:46514-6,N50765fc3c5
LOINC:46515-3,N50765fc3c5
LOINC:46516-1,N50765fc3c5
LOINC:46517-9,N50765fc3c5
LOINC:46518-7,N50765fc3c5
LOINC:46519-5,N50765fc3c5
LOINC:46520-3,N50765fc3c5
LOINC:46521-1,N50765fc3c5
LOINC:46522-9,N50765fc3c5
LOINC:46523-7,N50765fc3c5
LOINC:46524-5,N50765fc3c5
LOINC:46525-2,N50765fc3c5
LOINC:46526-0,N50765fc3c5
LOINC:46527-8,N50765fc3c5
LOINC:46528-6,N50765fc3c5
LOINC:46529-4,N50765fc3c5
LOINC:46530-2,N50765fc3c5
LOINC:46531-0,N50765fc3c5
LOINC:46532-8,N50765fc3c5
LOINC:46533-6,N50765fc3c5
LOINC:46535-1,N50765fc3c5
LOINC:46537-7,N50765fc3c5
LOINC:46538-5,N50765fc3c5
LOINC:46539-3,N50765fc3c5
LOINC:46540-1,N50765fc3c5
LOINC:46541-9,N50765fc3c5
LOINC:46542-7,N50765fc3c5
LOINC:46543-5,N50765fc3c5
LOINC:46544-3,N50765fc3c5
LOINC:46545-0,N50765fc3c5
LOINC:46546-8,N50765fc3c5
LOINC:46547-6,N50765fc3c5
LOINC:46548-4,N50765fc3c5
LOINC:46549-2,N50765fc3c5
LOINC:46550-0,N50765fc3c5
LOINC:46551-8,N50765fc3c5
LOINC:46554-2,N50765fc3c5
LOINC:46555-9,N50765fc3c5
LOINC:46556-7,N50765fc3c5
LOINC:46557-5,N50765fc3c5
LOINC:46558-3,N50765fc3c5
LOINC:46559-1,N50765fc3c5
LOINC:46560-9,N50765fc3c5
LOINC:46561-7,N50765fc3c5
LOINC:46562-5,N50765fc3c5
LOINC:46563-3,N50765fc3c5
LOINC:46564-1,N50765fc3c5
LOINC:46565-8,N50765fc3c5
LOINC:46566-6,N50765fc3c5
LOINC:46567-4,N50765fc3c5
LOINC:46568-2,N50765fc3c5
LOINC:46570-8,N50765fc3c5
LOINC:46571-6,N50765fc3c5
LOINC:46572-4,N50765fc3c5
LOINC:46573-2,N50765fc3c5
LOINC:46574-0,N50765fc3c5
LOINC:46575-7,N50765fc3c5
LOINC:46576-5,N50765fc3c5
LOINC:46577-3,N50765fc3c5
LOINC:46579-9,N50765fc3c5
LOINC:46580-7,N50765fc3c5
LOINC:46583-1,N50765fc3c5
LOINC:46584-9,N50765fc3c5
LOINC:46585-6,N50765fc3c5
LOINC:46586-4,N50765fc3c5
LOINC:46590-6,N50765fc3c5
LOINC:46594-8,N50765fc3c5
LOINC:46596-3,N50765fc3c5
LOINC:46598-9,N50765fc3c5
LOINC:46600-3,N50765fc3c5
LOINC:46601-1,N50765fc3c5
LOINC:46602-9,N50765fc3c5
LOINC:46603-7,N50765fc3c5
LOINC:46604-5,N50765fc3c5
LOINC:46605-2,N50765fc3c5
LOINC:46606-0,N50765fc3c5
LOINC:46608-6,N50765fc3c5
LOINC:46609-4,N50765fc3c5
LOINC:46610-2,N50765fc3c5
LOINC:47239-9,Na4262a3d59
LOINC:47240-7,Na4262a3d59
LOINC:47241-5,Na4262a3d59
LOINC:47242-3,Na4262a3d59
LOINC:47243-1,Na4262a3d59
LOINC:47244-9,Na4262a3d59
LOINC:47245-6,Na4262a3d59
LOINC:47246-4,Na4262a3d59
LOINC:47247-2,Na4262a3d59
LOINC:47248-0,Na4262a3d59
LOINC:47249-8,Na4262a3d59
LOINC:50787-1,Nfb3c882b92
LOINC:50943-0,Nfb3c882b92
LOINC:52495-9,Nef4b82d93a
LOINC:52498-3,Nc26a9a906e
LOINC:52738-2,Nef4b82d93a
LOINC:52739-0,Nef4b82d93a
LOINC:52740-8,Nef4b82d93a
LOINC:52741-6,Nef4b82d93a
LOINC:52826-5,Nb433622313
LOINC:52827-3,Nb433622313
LOINC:52834-9,Nb433622313
LOINC:52838-0,Nb433622313
LOINC:52839-8,Nb433622313
LOINC:52840-6,Nb433622313
LOINC:52841-4,Nb433622313
LOINC:52842-2,Nb433622313
LOINC:52843-0,Nb433622313
LOINC:52844-8,Nb433622313
LOINC:52845-5,Nb433622313
LOINC:52846-3,Nb433622313
LOINC:52847-1,Nb433622313
LOINC:52848-9,Nb433622313
LOINC:52849-7,Nb433622313
LOINC:52850-5,Nb433622313
LOINC:52851-3,Nb433622313
LOINC:52852-1,Nb433622313
LOINC:52853-9,Nb433622313
LOINC:52854-7,Nb433622313
LOINC:52855-4,Nb433622313
LOINC:52856-2,Nb433622313
LOINC:52857-0,Nb433622313
LOINC:52858-8,Nb433622313
LOINC:52859-6,Nb433622313
LOINC:52860-4,Nb433622313
LOINC:52861-2,Nb433622313
LOINC:52862-0,Nb433622313
LOINC:52863-8,Nb433622313
LOINC:52864-6,Nb433622313
LOINC:52865-3,Nb433622313
LOINC:52866-1,Nb433622313
LOINC:52867-9,Nb433622313
LOINC:52868-7,Nb433622313
LOINC:52869-5,Nb433622313
LOINC:52870-3,Nb433622313
LOINC:52871-1,Nb433622313
LOINC:52872-9,Nb433622313
LOINC:53599-7,Nfb3c882b92
LOINC:54627-5,Nef4b82d93a
LOINC:54628-3,Nef4b82d93a
LOINC:54629-1,Nef4b82d93a
LOINC:54630-9,Nef4b82d93a
LOINC:54631-7,Nef4b82d93a
LOINC:54632-5,Nef4b82d93a
LOINC:54635-8,Nc26a9a906e
LOINC:54636-6,Nc26a9a906e
LOINC:54637-4,Nc26a9a906e
LOINC:54638-2,Nc26a9a906e
LOINC:54639-0,Nc26a9a906e
LOINC:54640-8,Nc26a9a906e
LOINC:54641-6,Nc26a9a906e
LOINC:54642-4,Nc26a9a906e
LOINC:54643-2,Nc26a9a906e
LOINC:54644-0,Nc26a9a906e
LOINC:54645-7,Nc26a9a906e
LOINC:54646-5,Nc26a9a906e
LOINC:54647-3,Nc26a9a906e
LOINC:54648-1,Nc26a9a906e
LOINC:54649-9,Nc26a9a906e
LOINC:54650-7,Nc26a9a906e
LOINC:54651-5,Nc26a9a906e
LOINC:54652-3,Nc26a9a906e
LOINC:54653-1,Nc26a9a906e
LOINC:54654-9,Nc26a9a906e
LOINC:54657-2,Nc26a9a906e
LOINC:54658-0,Nc26a9a906e
LOINC:54659-8,Nc26a9a906e
LOINC:54660-6,Nc26a9a906e
LOINC:54661-4,Nc26a9a906e
LOINC:54662-2,Nc26a9a906e
LOINC:54663-0,Nc26a9a906e
LOINC:54664-8,Nc26a9a906e
LOINC:54665-5,Nc26a9a906e
LOINC:54666-3,Nc26a9a906e
LOINC:54667-1,Nc26a9a906e
LOINC:54668-9,Nc26a9a906e
LOINC:54669-7,Nc26a9a906e
LOINC:54670-5,Nc26a9a906e
LOINC:54671-3,Nc26a9a906e
LOINC:54672-1,Nc26a9a906e
LOINC:54673-9,Nc26a9a906e
LOINC:54674-7,Nc26a9a906e
LOINC:54675-4,Nc26a9a906e
LOINC:54676-2,Nc26a9a906e
LOINC:54677-0,Nc26a9a906e
LOINC:55744-7,Na1c3245260
LOINC:55749-6,Na1c3245260
LOINC:55757-9,Nc26a9a906e
LOINC:55758-7,Nc26a9a906e
LOINC:57120-8,Nb433622313
LOINC:57121-6,Nb433622313
LOINC:57122-4,Nb433622313
LOINC:57123-2,Nb433622313
LOINC:57124-0,Nb433622313
LOINC:57125-7,Nb433622313
LOINC:57126-5,Nb433622313
LOINC:57127-3,Nb433622313
LOINC:57696-7,N5c6a574862
LOINC:58120-7,Nc26a9a906e
LOINC:60687-1,Ne081bf11be
LOINC:60688-9,Ne081bf11be
LOINC:60689-7,Ne081bf11be
LOINC:60690-5,Ne081bf11be
LOINC:60691-3,Ne081bf11be
LOINC:60692-1,Ne081bf11be
LOINC:60693-9,Ne081bf11be
LOINC:60694-7,Ne081bf11be
LOINC:60695-4,Ne081bf11be
LOINC:60696-2,Ne081bf11be
LOINC:60697-0,Ne081bf11be
LOINC:60698-8,Ne081bf11be
LOINC:60699-6,Ne081bf11be
LOINC:60700-2,Ne081bf11be
LOINC:60701-0,Ne081bf11be
LOINC:60702-8,Ne081bf11be
LOINC:60703-6,Ne081bf11be
LOINC:60704-4,Ne081bf11be
LOINC:60705-1,Ne081bf11be
LOINC:60706-9,Ne081bf11be
LOINC:60707-7,Ne081bf11be
LOINC:60708-5,Ne081bf11be
LOINC:60709-3,Ne081bf11be
LOINC:60710-1,Ne081bf11be
LOINC:60711-9,Ne081bf11be
LOINC:60712-7,Ne081bf11be
LOINC:60713-5,Ne081bf11be
LOINC:60714-3,Ne081bf11be
LOINC:60715-0,Ne081bf11be
LOINC:60716-8,Ne081bf11be
LOINC:60717-6,Ne081bf11be
LOINC:60718-4,Ne081bf11be
LOINC:60719-2,Ne081bf11be
LOINC:60720-0,Ne081bf11be
LOINC:60721-8,Ne081bf11be
LOINC:60722-6,Ne081bf11be
LOINC:60723-4,Ne081bf11be
LOINC:60724-2,Ne081bf11be
LOINC:60725-9,Ne081bf11be
LOINC:60726-7,Ne081bf11be
LOINC:60727-5,Ne081bf11be
LOINC:60728-3,Ne081bf11be
LOINC:60729-1,Ne081bf11be
LOINC:60730-9,Ne081bf11be
LOINC:60731-7,Ne081bf11be
LOINC:60732-5,Ne081bf11be
LOINC:60733-3,Ne081bf11be
LOINC:60734-1,Ne081bf11be
LOINC:60735-8,Ne081bf11be
LOINC:60736-6,Ne081bf11be
LOINC:61131-9,Ne081bf11be
LOINC:61132-7,Ne081bf11be
LOINC:61133-5,Ne081bf11be
LOINC:61134-3,Ne081bf11be
LOINC:61135-0,Ne081bf11be
LOINC:61136-8,Ne081bf11be
LOINC:61137-6,Ne081bf11be
LOINC:61576-5,N4cc8c11bce
LOINC:61578-1,N4cc8c11bce
LOINC:61579-9,N4cc8c11bce
LOINC:61580-7,N4cc8c11bce
LOINC:61581-5,N4cc8c11bce
LOINC:61582-3,N4cc8c11bce
LOINC:61583-1,N4cc8c11bce
LOINC:61584-9,N4cc8c11bce
LOINC:61585-6,N4cc8c11bce
LOINC:61586-4,N4cc8c11bce
LOINC:61587-2,N4cc8c11bce
LOINC:61588-0,N4cc8c11bce
LOINC:61589-8,N4cc8c11bce
LOINC:61590-6,N4cc8c11bce
LOINC:61591-4,N4cc8c11bce
LOINC:61592-2,N4cc8c11bce
LOINC:61593-0,N4cc8c11bce
LOINC:61594-8,N4cc8c11bce
LOINC:61595-5,N4cc8c11bce
LOINC:61596-3,N4cc8c11bce
LOINC:61597-1,N4cc8c11bce
LOINC:61598-9,N4cc8c11bce
LOINC:61599-7,N4cc8c11bce
LOINC:61600-3,N4cc8c11bce
LOINC:61601-1,N4cc8c11bce
LOINC:61602-9,N4cc8c11bce
LOINC:61603-7,N4cc8c11bce
LOINC:61604-5,N4cc8c11bce
LOINC:61605-2,N4cc8c11bce
LOINC:61606-0,N4cc8c11bce
LOINC:61607-8,N4cc8c11bce
LOINC:61608-6,N4cc8c11bce
LOINC:61609-4,N4cc8c11bce
LOINC:61610-2,N4cc8c11bce
LOINC:61611-0,N4cc8c11bce
LOINC:61612-8,N4cc8c11bce
LOINC:61613-6,N4cc8c11bce
LOINC:61614-4,N4cc8c11bce
LOINC:61615-1,N4cc8c11bce
LOINC:61616-9,N4cc8c11bce
LOINC:61617-7,N4cc8c11bce
LOINC:61618-5,N4cc8c11bce
LOINC:61619-3,N4cc8c11bce
LOINC:61620-1,N4cc8c11bce
LOINC:61621-9,N4cc8c11bce
LOINC:61622-7,N4cc8c11bce
LOINC:61623-5,N4cc8c11bce
LOINC:61624-3,N4cc8c11bce
LOINC:61625-0,N4cc8c11bce
LOINC:61626-8,N4cc8c11bce
LOINC:61627-6,N4cc8c11bce
LOINC:61628-4,N4cc8c11bce
LOINC:61629-2,N4cc8c11bce
LOINC:61630-0,N4cc8c11bce
LOINC:61631-8,N4cc8c11bce
LOINC:61632-6,N4cc8c11bce
LOINC:61633-4,N4cc8c11bce
LOINC:61634-2,N4cc8c11bce
LOINC:61635-9,N4cc8c11bce
LOINC:61636-7,N4cc8c11bce
LOINC:61637-5,N4cc8c11bce
LOINC:61638-3,N4cc8c11bce
LOINC:61639-1,N4cc8c11bce
LOINC:61640-9,N4cc8c11bce
LOINC:61641-7,N4cc8c11bce
LOINC:61642-5,N4cc8c11bce
LOINC:61643-3,N4cc8c11bce
LOINC:61644-1,N4cc8c11bce
LOINC:61645-8,N4cc8c11bce
LOINC:61646-6,N4cc8c11bce
LOINC:61647-4,N4cc8c11bce
LOINC:61648-2,N4cc8c11bce
LOINC:61649-0,N4cc8c11bce
LOINC:61650-8,N4cc8c11bce
LOINC:61651-6,N4cc8c11bce
LOINC:61652-4,N4cc8c11bce
LOINC:61653-2,N4cc8c11bce
LOINC:61654-0,N4cc8c11bce
LOINC:61655-7,N4cc8c11bce
LOINC:61656-5,N4cc8c11bce
LOINC:61657-3,N4cc8c11bce
LOINC:61658-1,N4cc8c11bce
LOINC:61659-9,N4cc8c11bce
LOINC:61660-7,N4cc8c11bce
LOINC:61661-5,N4cc8c11bce
LOINC:61662-3,N4cc8c11bce
LOINC:61663-1,N4cc8c11bce
LOINC:61664-9,N4cc8c11bce
LOINC:61665-6,N4cc8c11bce
LOINC:61666-4,N4cc8c11bce
LOINC:61667-2,N4cc8c11bce
LOINC:61668-0,N4cc8c11bce
LOINC:61669-8,N4cc8c11bce
LOINC:61670-6,N4cc8c11bce
LOINC:61671-4,N4cc8c11bce
LOINC:61672-2,N4cc8c11bce
LOINC:61673-0,N4cc8c11bce
LOINC:61674-8,N4cc8c11bce
LOINC:61675-5,N4cc8c11bce
LOINC:61676-3,N4cc8c11bce
LOINC:61677-1,N4cc8c11bce
LOINC:61678-9,N4cc8c11bce
LOINC:61679-7,N4cc8c11bce
LOINC:61680-5,N4cc8c11bce
LOINC:61681-3,N4cc8c11bce
LOINC:61682-1,N4cc8c11bce
LOINC:61683-9,N4cc8c11bce
LOINC:61684-7,N4cc8c11bce
LOINC:61685-4,N4cc8c11bce
LOINC:61686-2,N4cc8c11bce
LOINC:61687-0,N4cc8c11bce
LOINC:61688-8,N4cc8c11bce
LOINC:61689-6,N4cc8c11bce
LOINC:61690-4,N4cc8c11bce
LOINC:61691-2,N4cc8c11bce
LOINC:61692-0,N4cc8c11bce
LOINC:61693-8,N4cc8c11bce
LOINC:61694-6,N4cc8c11bce
LOINC:61695-3,N4cc8c11bce
LOINC:61696-1,N4cc8c11bce
LOINC:61697-9,N4cc8c11bce
LOINC:61698-7,N4cc8c11bce
LOINC:61699-5,N4cc8c11bce
LOINC:61700-1,N4cc8c11bce
LOINC:61701-9,N4cc8c11bce
LOINC:61702-7,N4cc8c11bce
LOINC:61703-5,N4cc8c11bce
LOINC:61704-3,N4cc8c11bce
LOINC:61705-0,N4cc8c11bce
LOINC:61706-8,N4cc8c11bce
LOINC:61707-6,N4cc8c11bce
LOINC:61708-4,N4cc8c11bce
LOINC:61709-2,N4cc8c11bce
LOINC:61710-0,N4cc8c11bce
LOINC:61711-8,N4cc8c11bce
LOINC:61712-6,N4cc8c11bce
LOINC:61713-4,N4cc8c11bce
LOINC:61714-2,N4cc8c11bce
LOINC:61715-9,N4cc8c11bce
LOINC:61716-7,N4cc8c11bce
LOINC:61717-5,N4cc8c11bce
LOINC:61718-3,N4cc8c11bce
LOINC:61719-1,N4cc8c11bce
LOINC:61720-9,N4cc8c11bce
LOINC:61721-7,N4cc8c11bce
LOINC:61722-5,N4cc8c11bce
LOINC:61723-3,N4cc8c11bce
LOINC:61724-1,N4cc8c11bce
LOINC:61725-8,N4cc8c11bce
LOINC:61726-6,N4cc8c11bce
LOINC:61727-4,N4cc8c11bce
LOINC:61728-2,N4cc8c11bce
LOINC:61729-0,N4cc8c11bce
LOINC:61730-8,N4cc8c11bce
LOINC:61731-6,N4cc8c11bce
LOINC:61732-4,N4cc8c11bce
LOINC:61733-2,N4cc8c11bce
LOINC:61734-0,N4cc8c11bce
LOINC:61735-7,N4cc8c11bce
LOINC:61736-5,N4cc8c11bce
LOINC:61737-3,N4cc8c11bce
LOINC:61738-1,N4cc8c11bce
LOINC:61739-9,N4cc8c11bce
LOINC:61740-7,N4cc8c11bce
LOINC:61741-5,N4cc8c11bce
LOINC:61742-3,N4cc8c11bce
LOINC:61743-1,N4cc8c11bce
LOINC:61744-9,N4cc8c11bce
LOINC:61745-6,N4cc8c11bce
LOINC:61746-4,N4cc8c11bce
LOINC:61747-2,N4cc8c11bce
LOINC:61748-0,N4cc8c11bce
LOINC:61749-8,N4cc8c11bce
LOINC:61750-6,N4cc8c11bce
LOINC:61751-4,N4cc8c11bce
LOINC:61752-2,N4cc8c11bce
LOINC:61753-0,N4cc8c11bce
LOINC:61754-8,N4cc8c11bce
LOINC:61755-5,N4cc8c11bce
LOINC:61756-3,N4cc8c11bce
LOINC:61757-1,N4cc8c11bce
LOINC:61758-9,N4cc8c11bce
LOINC:61759-7,N4cc8c11bce
LOINC:61760-5,N4cc8c11bce
LOINC:61761-3,N4cc8c11bce
LOINC:61762-1,N4cc8c11bce
LOINC:61763-9,N4cc8c11bce
LOINC:61764-7,N4cc8c11bce
LOINC:61765-4,N4cc8c11bce
LOINC:61766-2,N4cc8c11bce
LOINC:61767-0,N4cc8c11bce
LOINC:61768-8,N4cc8c11bce
LOINC:61769-6,N4cc8c11bce
LOINC:61770-4,N4cc8c11bce
LOINC:61771-2,N4cc8c11bce
LOINC:61772-0,N4cc8c11bce
LOINC:61773-8,N4cc8c11bce
LOINC:61774-6,N4cc8c11bce
LOINC:61775-3,N4cc8c11bce
LOINC:61776-1,N4cc8c11bce
LOINC:61777-9,N4cc8c11bce
LOINC:61778-7,N4cc8c11bce
LOINC:61779-5,N4cc8c11bce
LOINC:61780-3,N4cc8c11bce
LOINC:61781-1,N4cc8c11bce
LOINC:61782-9,N4cc8c11bce
LOINC:61783-7,N4cc8c11bce
LOINC:61784-5,N4cc8c11bce
LOINC:61785-2,N4cc8c11bce
LOINC:61786-0,N4cc8c11bce
LOINC:61787-8,N4cc8c11bce
LOINC:61788-6,N4cc8c11bce
LOINC:61789-4,N4cc8c11bce
LOINC:61790-2,N4cc8c11bce
LOINC:61791-0,N4cc8c11bce
LOINC:61792-8,N4cc8c11bce
LOINC:61793-6,N4cc8c11bce
LOINC:61794-4,N4cc8c11bce
LOINC:61795-1,N4cc8c11bce
LOINC:61796-9,N4cc8c11bce
LOINC:61797-7,N4cc8c11bce
LOINC:61798-5,N4cc8c11bce
LOINC:61799-3,N4cc8c11bce
LOINC:61800-9,N4cc8c11bce
LOINC:61801-7,N4cc8c11bce
LOINC:61802-5,N4cc8c11bce
LOINC:61803-3,N4cc8c11bce
LOINC:61804-1,N4cc8c11bce
LOINC:61805-8,N4cc8c11bce
LOINC:61806-6,N4cc8c11bce
LOINC:61807-4,N4cc8c11bce
LOINC:61808-2,N4cc8c11bce
LOINC:61809-0,N4cc8c11bce
LOINC:61810-8,N4cc8c11bce
LOINC:61811-6,N4cc8c11bce
LOINC:61812-4,N4cc8c11bce
LOINC:61813-2,N4cc8c11bce
LOINC:61814-0,N4cc8c11bce
LOINC:61815-7,N4cc8c11bce
LOINC:61816-5,N4cc8c11bce
LOINC:61817-3,N4cc8c11bce
LOINC:61818-1,N4cc8c11bce
LOINC:61819-9,N4cc8c11bce
LOINC:61820-7,N4cc8c11bce
LOINC:61821-5,N4cc8c11bce
LOINC:61822-3,N4cc8c11bce
LOINC:61823-1,N4cc8c11bce
LOINC:61824-9,N4cc8c11bce
LOINC:61825-6,N4cc8c11bce
LOINC:61826-4,N4cc8c11bce
LOINC:61827-2,N4cc8c11bce
LOINC:61828-0,N4cc8c11bce
LOINC:61829-8,N4cc8c11bce
LOINC:61830-6,N4cc8c11bce
LOINC:61831-4,N4cc8c11bce
LOINC:61832-2,N4cc8c11bce
LOINC:61833-0,N4cc8c11bce
LOINC:61834-8,N4cc8c11bce
LOINC:61835-5,N4cc8c11bce
LOINC:61836-3,N4cc8c11bce
LOINC:61837-1,N4cc8c11bce
LOINC:61838-9,N4cc8c11bce
LOINC:61839-7,N4cc8c11bce
LOINC:61840-5,N4cc8c11bce
LOINC:61841-3,N4cc8c11bce
LOINC:61842-1,N4cc8c11bce
LOINC:61843-9,N4cc8c11bce
LOINC:61844-7,N4cc8c11bce
LOINC:61845-4,N4cc8c11bce
LOINC:61846-2,N4cc8c11bce
LOINC:61847-0,N4cc8c11bce
LOINC:61848-8,N4cc8c11bce
LOINC:61849-6,N4cc8c11bce
LOINC:61850-4,N4cc8c11bce
LOINC:61851-2,N4cc8c11bce
LOINC:61852-0,N4cc8c11bce
LOINC:61853-8,N4cc8c11bce
LOINC:61854-6,N4cc8c11bce
LOINC:61855-3,N4cc8c11bce
LOINC:61856-1,N4cc8c11bce
LOINC:61857-9,N4cc8c11bce
LOINC:61858-7,N4cc8c11bce
LOINC:61859-5,N4cc8c11bce
LOINC:61860-3,N4cc8c11bce
LOINC:61861-1,N4cc8c11bce
LOINC:61862-9,N4cc8c11bce
LOINC:61863-7,N4cc8c11bce
LOINC:61864-5,N4cc8c11bce
LOINC:61865-2,N4cc8c11bce
LOINC:61866-0,N4cc8c11bce
LOINC:61867-8,N4cc8c11bce
LOINC:61868-6,N4cc8c11bce
LOINC:61869-4,N4cc8c11bce
LOINC:61870-2,N4cc8c11bce
LOINC:61871-0,N4cc8c11bce
LOINC:61872-8,N4cc8c11bce
LOINC:61873-6,N4cc8c11bce
LOINC:61874-4,N4cc8c11bce
LOINC:61875-1,N4cc8c11bce
LOINC:61876-9,N4cc8c11bce
LOINC:61877-7,N4cc8c11bce
LOINC:61878-5,N4cc8c11bce
LOINC:61879-3,N4cc8c11bce
LOINC:61880-1,N4cc8c11bce
LOINC:61881-9,N4cc8c11bce
LOINC:61882-7,N4cc8c11bce
LOINC:61883-5,N4cc8c11bce
LOINC:61884-3,N4cc8c11bce
LOINC:61885-0,N4cc8c11bce
LOINC:61886-8,N4cc8c11bce
LOINC:61887-6,N4cc8c11bce
LOINC:61888-4,N4cc8c11bce
LOINC:61889-2,N4cc8c11bce
LOINC:61890-0,N4cc8c11bce
LOINC:61891-8,N4cc8c11bce
LOINC:61892-6,N4cc8c11bce
LOINC:61893-4,N4cc8c11bce
LOINC:61894-2,N4cc8c11bce
LOINC:61895-9,N4cc8c11bce
LOINC:61896-7,N4cc8c11bce
LOINC:61897-5,N4cc8c11bce
LOINC:61898-3,N4cc8c11bce
LOINC:61899-1,N4cc8c11bce
LOINC:61900-7,N4cc8c11bce
LOINC:61901-5,N4cc8c11bce
LOINC:61902-3,N4cc8c11bce
LOINC:61903-1,N4cc8c11bce
LOINC:61904-9,N4cc8c11bce
LOINC:61905-6,N4cc8c11bce
LOINC:61906-4,N4cc8c11bce
LOINC:61907-2,N4cc8c11bce
LOINC:61908-0,N4cc8c11bce
LOINC:61909-8,N4cc8c11bce
LOINC:61910-6,N4cc8c11bce
LOINC:61911-4,N4cc8c11bce
LOINC:61912-2,N4cc8c11bce
LOINC:61913-0,N4cc8c11bce
LOINC:61914-8,N4cc8c11bce
LOINC:61915-5,N4cc8c11bce
LOINC:61916-3,N4cc8c11bce
LOINC:61917-1,N4cc8c11bce
LOINC:61918-9,N4cc8c11bce
LOINC:61919-7,N4cc8c11bce
LOINC:61920-5,N4cc8c11bce
LOINC:61921-3,N4cc8c11bce
LOINC:61922-1,N4cc8c11bce
LOINC:61923-9,N4cc8c11bce
LOINC:61924-7,N4cc8c11bce
LOINC:61925-4,N4cc8c11bce
LOINC:61926-2,N4cc8c11bce
LOINC:61927-0,N4cc8c11bce
LOINC:61928-8,N4cc8c11bce
LOINC:61929-6,N4cc8c11bce
LOINC:61930-4,N4cc8c11bce
LOINC:61931-2,N4cc8c11bce
LOINC:61932-0,N4cc8c11bce
LOINC:61934-6,N4cc8c11bce
LOINC:61935-3,N4cc8c11bce
LOINC:61936-1,N4cc8c11bce
LOINC:61937-9,N4cc8c11bce
LOINC:61938-7,N4cc8c11bce
LOINC:61939-5,N4cc8c11bce
LOINC:61940-3,N4cc8c11bce
LOINC:61941-1,N4cc8c11bce
LOINC:61942-9,N4cc8c11bce
LOINC:61943-7,N4cc8c11bce
LOINC:61944-5,N4cc8c11bce
LOINC:61945-2,N4cc8c11bce
LOINC:61946-0,N4cc8c11bce
LOINC:61947-8,N4cc8c11bce
LOINC:61948-6,N4cc8c11bce
LOINC:61949-4,N4cc8c11bce
LOINC:61950-2,N4cc8c11bce
LOINC:61951-0,N4cc8c11bce
LOINC:61952-8,N4cc8c11bce
LOINC:61953-6,N4cc8c11bce
LOINC:61954-4,N4cc8c11bce
LOINC:61955-1,N4cc8c11bce
LOINC:61956-9,N4cc8c11bce
LOINC:61957-7,N4cc8c11bce
LOINC:61958-5,N4cc8c11bce
LOINC:61959-3,N4cc8c11bce
LOINC:61960-1,N4cc8c11bce
LOINC:61961-9,N4cc8c11bce
LOINC:61962-7,N4cc8c11bce
LOINC:61963-5,N4cc8c11bce
LOINC:61964-3,N4cc8c11bce
LOINC:61965-0,N4cc8c11bce
LOINC:61966-8,N4cc8c11bce
LOINC:61967-6,N4cc8c11bce
LOINC:61968-4,N4cc8c11bce
LOINC:61969-2,N4cc8c11bce
LOINC:61970-0,N4cc8c11bce
LOINC:61971-8,N4cc8c11bce
LOINC:61972-6,N4cc8c11bce
LOINC:61973-4,N4cc8c11bce
LOINC:61974-2,N4cc8c11bce
LOINC:61975-9,N4cc8c11bce
LOINC:61976-7,N4cc8c11bce
LOINC:61977-5,N4cc8c11bce
LOINC:61978-3,N4cc8c11bce
LOINC:61979-1,N4cc8c11bce
LOINC:61980-9,N4cc8c11bce
LOINC:61981-7,N4cc8c11bce
LOINC:61982-5,N4cc8c11bce
LOINC:61983-3,N4cc8c11bce
LOINC:61984-1,N4cc8c11bce
LOINC:61985-8,N4cc8c11bce
LOINC:61986-6,N4cc8c11bce
LOINC:61987-4,N4cc8c11bce
LOINC:61988-2,N4cc8c11bce
LOINC:61989-0,N4cc8c11bce
LOINC:61990-8,N4cc8c11bce
LOINC:61991-6,N4cc8c11bce
LOINC:61993-2,N4cc8c11bce
LOINC:61994-0,N4cc8c11bce
LOINC:61995-7,N4cc8c11bce
LOINC:61996-5,N4cc8c11bce
LOINC:61997-3,N4cc8c11bce
LOINC:61998-1,N4cc8c11bce
LOINC:61999-9,N4cc8c11bce
LOINC:62000-5,N4cc8c11bce
LOINC:62001-3,N4cc8c11bce
LOINC:62002-1,N4cc8c11bce
LOINC:62003-9,N4cc8c11bce
LOINC:62004-7,N4cc8c11bce
LOINC:62005-4,N4cc8c11bce
LOINC:62006-2,N4cc8c11bce
LOINC:62007-0,N4cc8c11bce
LOINC:62008-8,N4cc8c11bce
LOINC:62009-6,N4cc8c11bce
LOINC:62010-4,N4cc8c11bce
LOINC:62011-2,N4cc8c11bce
LOINC:62012-0,N4cc8c11bce
LOINC:62013-8,N4cc8c11bce
LOINC:62014-6,N4cc8c11bce
LOINC:62015-3,N4cc8c11bce
LOINC:62016-1,N4cc8c11bce
LOINC:62017-9,N4cc8c11bce
LOINC:62018-7,N4cc8c11bce
LOINC:62019-5,N4cc8c11bce
LOINC:62020-3,N4cc8c11bce
LOINC:62021-1,N4cc8c11bce
LOINC:62022-9,N4cc8c11bce
LOINC:62023-7,N4cc8c11bce
LOINC:62024-5,N4cc8c11bce
LOINC:62025-2,N4cc8c11bce
LOINC:62026-0,N4cc8c11bce
LOINC:62027-8,N4cc8c11bce
LOINC:62028-6,N4cc8c11bce
LOINC:62029-4,N4cc8c11bce
LOINC:62030-2,N4cc8c11bce
LOINC:62031-0,N4cc8c11bce
LOINC:62032-8,N4cc8c11bce
LOINC:62033-6,N4cc8c11bce
LOINC:62034-4,N4cc8c11bce
LOINC:62035-1,N4cc8c11bce
LOINC:62036-9,N4cc8c11bce
LOINC:62037-7,N4cc8c11bce
LOINC:62038-5,N4cc8c11bce
LOINC:62039-3,N4cc8c11bce
LOINC:62040-1,N4cc8c11bce
LOINC:62041-9,N4cc8c11bce
LOINC:62042-7,N4cc8c11bce
LOINC:62043-5,N4cc8c11bce
LOINC:62044-3,N4cc8c11bce
LOINC:62045-0,N4cc8c11bce
LOINC:62046-8,N4cc8c11bce
LOINC:62047-6,N4cc8c11bce
LOINC:62048-4,N4cc8c11bce
LOINC:62049-2,N4cc8c11bce
LOINC:62050-0,N4cc8c11bce
LOINC:62051-8,N4cc8c11bce
LOINC:62052-6,N4cc8c11bce
LOINC:62053-4,N4cc8c11bce
LOINC:62054-2,N4cc8c11bce
LOINC:62055-9,N4cc8c11bce
LOINC:62056-7,N4cc8c11bce
LOINC:62057-5,N4cc8c11bce
LOINC:62058-3,N4cc8c11bce
LOINC:62059-1,N4cc8c11bce
LOINC:62060-9,N4cc8c11bce
LOINC:62061-7,N4cc8c11bce
LOINC:62062-5,N4cc8c11bce
LOINC:62063-3,N4cc8c11bce
LOINC:62064-1,N4cc8c11bce
LOINC:62065-8,N4cc8c11bce
LOINC:62066-6,N4cc8c11bce
LOINC:62067-4,N4cc8c11bce
LOINC:62068-2,N4cc8c11bce
LOINC:62069-0,N4cc8c11bce
LOINC:62070-8,N4cc8c11bce
LOINC:62071-6,N4cc8c11bce
LOINC:62072-4,N4cc8c11bce
LOINC:62073-2,N4cc8c11bce
LOINC:62074-0,N4cc8c11bce
LOINC:62075-7,N4cc8c11bce
LOINC:62076-5,N4cc8c11bce
LOINC:62077-3,N4cc8c11bce
LOINC:62078-1,N4cc8c11bce
LOINC:62079-9,N4cc8c11bce
LOINC:62080-7,N4cc8c11bce
LOINC:62081-5,N4cc8c11bce
LOINC:62082-3,N4cc8c11bce
LOINC:62083-1,N4cc8c11bce
LOINC:62084-9,N4cc8c11bce
LOINC:62085-6,N4cc8c11bce
LOINC:62086-4,N4cc8c11bce
LOINC:62087-2,N4cc8c11bce
LOINC:62088-0,N4cc8c11bce
LOINC:62089-8,N4cc8c11bce
LOINC:62090-6,N4cc8c11bce
LOINC:62091-4,N4cc8c11bce
LOINC:62092-2,N4cc8c11bce
LOINC:62093-0,N4cc8c11bce
LOINC:62094-8,N4cc8c11bce
LOINC:62095-5,N4cc8c11bce
LOINC:62096-3,N4cc8c11bce
LOINC:62097-1,N4cc8c11bce
LOINC:62098-9,N4cc8c11bce
LOINC:62099-7,N4cc8c11bce
LOINC:62100-3,N4cc8c11bce
LOINC:62101-1,N4cc8c11bce
LOINC:62102-9,N4cc8c11bce
LOINC:62103-7,N4cc8c11bce
LOINC:62104-5,N4cc8c11bce
LOINC:62105-2,N4cc8c11bce
LOINC:62106-0,N4cc8c11bce
LOINC:62107-8,N4cc8c11bce
LOINC:62108-6,N4cc8c11bce
LOINC:62109-4,N4cc8c11bce
LOINC:62110-2,N4cc8c11bce
LOINC:62111-0,N4cc8c11bce
LOINC:62112-8,N4cc8c11bce
LOINC:62113-6,N4cc8c11bce
LOINC:62114-4,N4cc8c11bce
LOINC:62115-1,N4cc8c11bce
LOINC:62116-9,N4cc8c11bce
LOINC:62117-7,N4cc8c11bce
LOINC:62118-5,N4cc8c11bce
LOINC:62119-3,N4cc8c11bce
LOINC:62120-1,N4cc8c11bce
LOINC:62121-9,N4cc8c11bce
LOINC:62122-7,N4cc8c11bce
LOINC:62123-5,N4cc8c11bce
LOINC:62124-3,N4cc8c11bce
LOINC:62125-0,N4cc8c11bce
LOINC:62126-8,N4cc8c11bce
LOINC:62127-6,N4cc8c11bce
LOINC:62128-4,N4cc8c11bce
LOINC:62129-2,N4cc8c11bce
LOINC:62130-0,N4cc8c11bce
LOINC:62131-8,N4cc8c11bce
LOINC:62132-6,N4cc8c11bce
LOINC:62133-4,N4cc8c11bce
LOINC:62134-2,N4cc8c11bce
LOINC:62135-9,N4cc8c11bce
LOINC:62136-7,N4cc8c11bce
LOINC:62137-5,N4cc8c11bce
LOINC:62138-3,N4cc8c11bce
LOINC:62139-1,N4cc8c11bce
LOINC:62140-9,N4cc8c11bce
LOINC:62141-7,N4cc8c11bce
LOINC:62142-5,N4cc8c11bce
LOINC:62143-3,N4cc8c11bce
LOINC:62144-1,N4cc8c11bce
LOINC:62145-8,N4cc8c11bce
LOINC:62146-6,N4cc8c11bce
LOINC:62147-4,N4cc8c11bce
LOINC:62148-2,N4cc8c11bce
LOINC:62149-0,N4cc8c11bce
LOINC:62150-8,N4cc8c11bce
LOINC:62151-6,N4cc8c11bce
LOINC:62152-4,N4cc8c11bce
LOINC:62153-2,N4cc8c11bce
LOINC:62154-0,N4cc8c11bce
LOINC:62155-7,N4cc8c11bce
LOINC:62156-5,N4cc8c11bce
LOINC:62157-3,N4cc8c11bce
LOINC:62158-1,N4cc8c11bce
LOINC:62159-9,N4cc8c11bce
LOINC:62160-7,N4cc8c11bce
LOINC:62161-5,N4cc8c11bce
LOINC:62162-3,N4cc8c11bce
LOINC:62163-1,N4cc8c11bce
LOINC:62164-9,N4cc8c11bce
LOINC:62165-6,N4cc8c11bce
LOINC:62166-4,N4cc8c11bce
LOINC:62167-2,N4cc8c11bce
LOINC:62168-0,N4cc8c11bce
LOINC:62169-8,N4cc8c11bce
LOINC:62170-6,N4cc8c11bce
LOINC:62171-4,N4cc8c11bce
LOINC:62172-2,N4cc8c11bce
LOINC:62173-0,N4cc8c11bce
LOINC:62174-8,N4cc8c11bce
LOINC:62175-5,N4cc8c11bce
LOINC:62176-3,N4cc8c11bce
LOINC:62177-1,N4cc8c11bce
LOINC:62178-9,N4cc8c11bce
LOINC:62179-7,N4cc8c11bce
LOINC:62180-5,N4cc8c11bce
LOINC:62181-3,N4cc8c11bce
LOINC:62182-1,N4cc8c11bce
LOINC:62183-9,N4cc8c11bce
LOINC:62184-7,N4cc8c11bce
LOINC:62185-4,N4cc8c11bce
LOINC:62186-2,N4cc8c11bce
LOINC:62187-0,N4cc8c11bce
LOINC:62188-8,N4cc8c11bce
LOINC:62189-6,N4cc8c11bce
LOINC:62190-4,N4cc8c11bce
LOINC:62191-2,N4cc8c11bce
LOINC:62192-0,N4cc8c11bce
LOINC:62193-8,N4cc8c11bce
LOINC:62194-6,N4cc8c11bce
LOINC:62195-3,N4cc8c11bce
LOINC:62196-1,N4cc8c11bce
LOINC:62197-9,N4cc8c11bce
LOINC:62198-7,N4cc8c11bce
LOINC:62199-5,N4cc8c11bce
LOINC:62200-1,N4cc8c11bce
LOINC:62204-3,N4cc8c11bce
LOINC:62205-0,N4cc8c11bce
LOINC:62206-8,N4cc8c11bce
LOINC:62207-6,N4cc8c11bce
LOINC:62208-4,N4cc8c11bce
LOINC:62209-2,N4cc8c11bce
LOINC:62210-0,N4cc8c11bce
LOINC:62211-8,N4cc8c11bce
LOINC:62212-6,N4cc8c11bce
LOINC:62213-4,N4cc8c11bce
LOINC:62214-2,N4cc8c11bce
LOINC:62215-9,N4cc8c11bce
LOINC:62216-7,N4cc8c11bce
LOINC:62217-5,N4cc8c11bce
LOINC:62218-3,N4cc8c11bce
LOINC:62219-1,N4cc8c11bce
LOINC:62220-9,N4cc8c11bce
LOINC:62221-7,N4cc8c11bce
LOINC:62222-5,N4cc8c11bce
LOINC:62223-3,N4cc8c11bce
LOINC:62224-1,N4cc8c11bce
LOINC:62225-8,N4cc8c11bce
LOINC:62226-6,N4cc8c11bce
LOINC:62227-4,N4cc8c11bce
LOINC:62228-2,N4cc8c11bce
LOINC:62229-0,N4cc8c11bce
LOINC:62230-8,N4cc8c11bce
LOINC:62231-6,N4cc8c11bce
LOINC:62232-4,N4cc8c11bce
LOINC:62233-2,N4cc8c11bce
LOINC:62334-8,N4cc8c11bce
LOINC:62336-3,N4cc8c11bce
LOINC:62337-1,N4cc8c11bce
LOINC:62338-9,N4cc8c11bce
LOINC:62339-7,N4cc8c11bce
LOINC:62340-5,N4cc8c11bce
LOINC:67889-6,N86588063e4
LOINC:67890-4,N86588063e4
LOINC:67891-2,N86588063e4
LOINC:67892-0,N86588063e4
LOINC:67893-8,N86588063e4
LOINC:67894-6,N86588063e4
LOINC:67895-3,N86588063e4
LOINC:67896-1,N86588063e4
LOINC:67897-9,N86588063e4
LOINC:67898-7,N86588063e4
LOINC:67899-5,N86588063e4
LOINC:67900-1,N86588063e4
LOINC:67901-9,N86588063e4
LOINC:67902-7,N86588063e4
LOINC:67903-5,N86588063e4
LOINC:67904-3,N86588063e4
LOINC:67905-0,N86588063e4
LOINC:67906-8,N86588063e4
LOINC:67907-6,N86588063e4
LOINC:67908-4,N86588063e4
LOINC:67909-2,N86588063e4
LOINC:67910-0,N86588063e4
LOINC:67911-8,N86588063e4
LOINC:67912-6,N86588063e4
LOINC:67913-4,N86588063e4
LOINC:67914-2,N86588063e4
LOINC:67915-9,N86588063e4
LOINC:67916-7,N86588063e4
LOINC:67917-5,N86588063e4
LOINC:67918-3,N86588063e4
LOINC:67919-1,N86588063e4
LOINC:67920-9,N86588063e4
LOINC:67921-7,N86588063e4
LOINC:67922-5,N86588063e4
LOINC:67923-3,N86588063e4
LOINC:67924-1,N86588063e4
LOINC:67925-8,N86588063e4
LOINC:67926-6,N86588063e4
LOINC:67927-4,N86588063e4
LOINC:67928-2,N86588063e4
LOINC:67929-0,N86588063e4
LOINC:67930-8,N86588063e4
LOINC:67931-6,N86588063e4
LOINC:67932-4,N86588063e4
LOINC:67933-2,N86588063e4
LOINC:67934-0,N86588063e4
LOINC:67935-7,N86588063e4
LOINC:67936-5,N86588063e4
LOINC:67937-3,N86588063e4
LOINC:67938-1,N86588063e4
LOINC:67939-9,N86588063e4
LOINC:67940-7,N86588063e4
LOINC:67941-5,N86588063e4
LOINC:67942-3,N86588063e4
LOINC:67943-1,N86588063e4
LOINC:67944-9,N86588063e4
LOINC:67945-6,N86588063e4
LOINC:67946-4,N86588063e4
LOINC:67947-2,N86588063e4
LOINC:67948-0,N86588063e4
LOINC:67949-8,N86588063e4
LOINC:67950-6,N86588063e4
LOINC:67951-4,N86588063e4
LOINC:67952-2,N86588063e4
LOINC:67953-0,N86588063e4
LOINC:67954-8,N86588063e4
LOINC:67955-5,N86588063e4
LOINC:67956-3,N86588063e4
LOINC:67957-1,N86588063e4
LOINC:67958-9,N86588063e4
LOINC:67959-7,N86588063e4
LOINC:67960-5,N86588063e4
LOINC:67961-3,N86588063e4
LOINC:67962-1,N86588063e4
LOINC:67963-9,N86588063e4
LOINC:67964-7,N86588063e4
LOINC:67965-4,N86588063e4
LOINC:67966-2,N86588063e4
LOINC:67967-0,N86588063e4
LOINC:67968-8,N86588063e4
LOINC:67969-6,N86588063e4
LOINC:67970-4,N86588063e4
LOINC:67971-2,N86588063e4
LOINC:67972-0,N86588063e4
LOINC:67973-8,N86588063e4
LOINC:67974-6,N86588063e4
LOINC:67975-3,N86588063e4
LOINC:67976-1,N86588063e4
LOINC:67977-9,N86588063e4
LOINC:67978-7,N86588063e4
LOINC:67979-5,N86588063e4
LOINC:67980-3,N86588063e4
LOINC:67981-1,N86588063e4
LOINC:67982-9,N86588063e4
LOINC:67983-7,N86588063e4
LOINC:67984-5,N86588063e4
LOINC:67985-2,N86588063e4
LOINC:67986-0,N86588063e4
LOINC:67987-8,N86588063e4
LOINC:67988-6,N86588063e4
LOINC:67989-4,N86588063e4
LOINC:67990-2,N86588063e4
LOINC:67991-0,N86588063e4
LOINC:67992-8,N86588063e4
LOINC:67993-6,N86588063e4
LOINC:67994-4,N86588063e4
LOINC:67995-1,N86588063e4
LOINC:67996-9,N86588063e4
LOINC:67997-7,N86588063e4
LOINC:67998-5,N86588063e4
LOINC:67999-3,N86588063e4
LOINC:68000-9,N86588063e4
LOINC:68001-7,N86588063e4
LOINC:68002-5,N86588063e4
LOINC:68003-3,N86588063e4
LOINC:68004-1,N86588063e4
LOINC:68005-8,N86588063e4
LOINC:68006-6,N86588063e4
LOINC:68007-4,N86588063e4
LOINC:68008-2,N86588063e4
LOINC:68009-0,N86588063e4
LOINC:68010-8,N86588063e4
LOINC:68011-6,N86588063e4
LOINC:68012-4,N86588063e4
LOINC:68013-2,N86588063e4
LOINC:68014-0,N86588063e4
LOINC:68015-7,N86588063e4
LOINC:68016-5,N86588063e4
LOINC:68017-3,N86588063e4
LOINC:68018-1,N86588063e4
LOINC:68019-9,N86588063e4
LOINC:68020-7,N86588063e4
LOINC:68021-5,N86588063e4
LOINC:68022-3,N86588063e4
LOINC:68023-1,N86588063e4
LOINC:68024-9,N86588063e4
LOINC:68025-6,N86588063e4
LOINC:68026-4,N86588063e4
LOINC:68027-2,N86588063e4
LOINC:68028-0,N86588063e4
LOINC:68029-8,N86588063e4
LOINC:68030-6,N86588063e4
LOINC:68031-4,N86588063e4
LOINC:68032-2,N86588063e4
LOINC:68033-0,N86588063e4
LOINC:68034-8,N86588063e4
LOINC:68035-5,N86588063e4
LOINC:68036-3,N86588063e4
LOINC:68037-1,N86588063e4
LOINC:68038-9,N86588063e4
LOINC:68039-7,N86588063e4
LOINC:68040-5,N86588063e4
LOINC:68041-3,N86588063e4
LOINC:68042-1,N86588063e4
LOINC:68043-9,N86588063e4
LOINC:68044-7,N86588063e4
LOINC:68045-4,N86588063e4
LOINC:68046-2,N86588063e4
LOINC:68047-0,N86588063e4
LOINC:68048-8,N86588063e4
LOINC:68049-6,N86588063e4
LOINC:68050-4,N86588063e4
LOINC:68051-2,N86588063e4
LOINC:68052-0,N86588063e4
LOINC:68053-8,N86588063e4
LOINC:68054-6,N86588063e4
LOINC:68055-3,N86588063e4
LOINC:68056-1,N86588063e4
LOINC:68057-9,N86588063e4
LOINC:68058-7,N86588063e4
LOINC:68059-5,N86588063e4
LOINC:68060-3,N86588063e4
LOINC:68061-1,N86588063e4
LOINC:68062-9,N86588063e4
LOINC:68063-7,N86588063e4
LOINC:68064-5,N86588063e4
LOINC:68065-2,N86588063e4
LOINC:68066-0,N86588063e4
LOINC:68067-8,N86588063e4
LOINC:68068-6,N86588063e4
LOINC:68069-4,N86588063e4
LOINC:68070-2,N86588063e4
LOINC:68071-0,N86588063e4
LOINC:68072-8,N86588063e4
LOINC:68073-6,N86588063e4
LOINC:68074-4,N86588063e4
LOINC:68075-1,N86588063e4
LOINC:68076-9,N86588063e4
LOINC:68077-7,N86588063e4
LOINC:68078-5,N86588063e4
LOINC:68079-3,N86588063e4
LOINC:68080-1,N86588063e4
LOINC:68081-9,N86588063e4
LOINC:68082-7,N86588063e4
LOINC:68083-5,N86588063e4
LOINC:68084-3,N86588063e4
LOINC:68085-0,N86588063e4
LOINC:68086-8,N86588063e4
LOINC:68087-6,N86588063e4
LOINC:68088-4,N86588063e4
LOINC:68089-2,N86588063e4
LOINC:68090-0,N86588063e4
LOINC:68091-8,N86588063e4
LOINC:68092-6,N86588063e4
LOINC:68093-4,N86588063e4
LOINC:68094-2,N86588063e4
LOINC:68095-9,N86588063e4
LOINC:68096-7,N86588063e4
LOINC:68097-5,N86588063e4
LOINC:68098-3,N86588063e4
LOINC:68099-1,N86588063e4
LOINC:68100-7,N86588063e4
LOINC:68101-5,N86588063e4
LOINC:68102-3,N86588063e4
LOINC:68103-1,N86588063e4
LOINC:68104-9,N86588063e4
LOINC:68105-6,N86588063e4
LOINC:68106-4,N86588063e4
LOINC:68107-2,N86588063e4
LOINC:68108-0,N86588063e4
LOINC:68109-8,N86588063e4
LOINC:68110-6,N86588063e4
LOINC:68111-4,N86588063e4
LOINC:68112-2,N86588063e4
LOINC:68113-0,N86588063e4
LOINC:68114-8,N86588063e4
LOINC:68115-5,N86588063e4
LOINC:68116-3,N86588063e4
LOINC:68117-1,N86588063e4
LOINC:68118-9,N86588063e4
LOINC:68119-7,N86588063e4
LOINC:68120-5,N86588063e4
LOINC:68121-3,N86588063e4
LOINC:68122-1,N86588063e4
LOINC:68125-4,N86588063e4
LOINC:68126-2,N86588063e4
LOINC:68127-0,N86588063e4
LOINC:68128-8,N86588063e4
LOINC:68129-6,N86588063e4
LOINC:68130-4,N86588063e4
LOINC:68131-2,N86588063e4
LOINC:68132-0,N86588063e4
LOINC:68133-8,N86588063e4
LOINC:68134-6,N86588063e4
LOINC:68135-3,N86588063e4
LOINC:68136-1,N86588063e4
LOINC:68137-9,N86588063e4
LOINC:68138-7,N86588063e4
LOINC:68139-5,N86588063e4
LOINC:68140-3,N86588063e4
LOINC:68141-1,N86588063e4
LOINC:68142-9,N86588063e4
LOINC:68143-7,N86588063e4
LOINC:68144-5,N86588063e4
LOINC:68145-2,N86588063e4
LOINC:68146-0,N86588063e4
LOINC:68147-8,N86588063e4
LOINC:68148-6,N86588063e4
LOINC:68149-4,N86588063e4
LOINC:68150-2,N86588063e4
LOINC:68151-0,N86588063e4
LOINC:68152-8,N86588063e4
LOINC:68153-6,N86588063e4
LOINC:68154-4,N86588063e4
LOINC:68155-1,N86588063e4
LOINC:68156-9,N86588063e4
LOINC:68157-7,N86588063e4
LOINC:68158-5,N86588063e4
LOINC:68159-3,N86588063e4
LOINC:68160-1,N86588063e4
LOINC:68161-9,N86588063e4
LOINC:68162-7,N86588063e4
LOINC:68163-5,N86588063e4
LOINC:68164-3,N86588063e4
LOINC:68165-0,N86588063e4
LOINC:68166-8,N86588063e4
LOINC:68167-6,N86588063e4
LOINC:68168-4,N86588063e4
LOINC:68169-2,N86588063e4
LOINC:68170-0,N86588063e4
LOINC:68171-8,N86588063e4
LOINC:68172-6,N86588063e4
LOINC:68173-4,N86588063e4
LOINC:68174-2,N86588063e4
LOINC:68175-9,N86588063e4
LOINC:68176-7,N86588063e4
LOINC:68177-5,N86588063e4
LOINC:68178-3,N86588063e4
LOINC:68179-1,N86588063e4
LOINC:68180-9,N86588063e4
LOINC:68181-7,N86588063e4
LOINC:68182-5,N86588063e4
LOINC:68183-3,N86588063e4
LOINC:68184-1,N86588063e4
LOINC:68185-8,N86588063e4
LOINC:68186-6,N86588063e4
LOINC:68187-4,N86588063e4
LOINC:68188-2,N86588063e4
LOINC:68189-0,N86588063e4
LOINC:68190-8,N86588063e4
LOINC:68191-6,N86588063e4
LOINC:68192-4,N86588063e4
LOINC:68193-2,N86588063e4
LOINC:68194-0,N86588063e4
LOINC:68195-7,N86588063e4
LOINC:68196-5,N86588063e4
LOINC:68197-3,N86588063e4
LOINC:68198-1,N86588063e4
LOINC:68199-9,N86588063e4
LOINC:68200-5,N86588063e4
LOINC:68201-3,N86588063e4
LOINC:68202-1,N86588063e4
LOINC:68203-9,N86588063e4
LOINC:68204-7,N86588063e4
LOINC:68205-4,N86588063e4
LOINC:68206-2,N86588063e4
LOINC:68207-0,N86588063e4
LOINC:68208-8,N86588063e4
LOINC:68209-6,N86588063e4
LOINC:68210-4,N86588063e4
LOINC:68211-2,N86588063e4
LOINC:68212-0,N86588063e4
LOINC:68213-8,N86588063e4
LOINC:68214-6,N86588063e4
LOINC:68215-3,N86588063e4
LOINC:68216-1,N86588063e4
LOINC:68217-9,N86588063e4
LOINC:68218-7,N86588063e4
LOINC:68219-5,N86588063e4
LOINC:68220-3,N86588063e4
LOINC:68221-1,N86588063e4
LOINC:68222-9,N86588063e4
LOINC:68223-7,N86588063e4
LOINC:68224-5,N86588063e4
LOINC:68225-2,N86588063e4
LOINC:68226-0,N86588063e4
LOINC:68227-8,N86588063e4
LOINC:68228-6,N86588063e4
LOINC:68229-4,N86588063e4
LOINC:68230-2,N86588063e4
LOINC:68231-0,N86588063e4
LOINC:68232-8,N86588063e4
LOINC:68233-6,N86588063e4
LOINC:68234-4,N86588063e4
LOINC:68235-1,N86588063e4
LOINC:68236-9,N86588063e4
LOINC:68237-7,N86588063e4
LOINC:68238-5,N86588063e4
LOINC:68239-3,N86588063e4
LOINC:68240-1,N86588063e4
LOINC:68241-9,N86588063e4
LOINC:68242-7,N86588063e4
LOINC:68243-5,N86588063e4
LOINC:68244-3,N86588063e4
LOINC:68245-0,N86588063e4
LOINC:68246-8,N86588063e4
LOINC:68247-6,N86588063e4
LOINC:68248-4,N86588063e4
LOINC:68249-2,N86588063e4
LOINC:68250-0,N86588063e4
LOINC:68251-8,N86588063e4
LOINC:68252-6,N86588063e4
LOINC:68253-4,N86588063e4
LOINC:68254-2,N86588063e4
LOINC:68255-9,N86588063e4
LOINC:68256-7,N86588063e4
LOINC:68257-5,N86588063e4
LOINC:68258-3,N86588063e4
LOINC:68259-1,N86588063e4
LOINC:68260-9,N86588063e4
LOINC:68261-7,N86588063e4
LOINC:68262-5,N86588063e4
LOINC:68263-3,N86588063e4
LOINC:68264-1,N86588063e4
LOINC:68265-8,N86588063e4
LOINC:68266-6,N86588063e4
LOINC:68267-4,N86588063e4
LOINC:68268-2,N86588063e4
LOINC:68269-0,N86588063e4
LOINC:68270-8,N86588063e4
LOINC:68271-6,N86588063e4
LOINC:68272-4,N86588063e4
LOINC:68273-2,N86588063e4
LOINC:68274-0,N86588063e4
LOINC:68275-7,N86588063e4
LOINC:68276-5,N86588063e4
LOINC:68277-3,N86588063e4
LOINC:68278-1,N86588063e4
LOINC:68279-9,N86588063e4
LOINC:68280-7,N86588063e4
LOINC:68281-5,N86588063e4
LOINC:68282-3,N86588063e4
LOINC:68283-1,N86588063e4
LOINC:68284-9,N86588063e4
LOINC:68285-6,N86588063e4
LOINC:68286-4,N86588063e4
LOINC:68287-2,N86588063e4
LOINC:68288-0,N86588063e4
LOINC:68289-8,N86588063e4
LOINC:68290-6,N86588063e4
LOINC:68291-4,N86588063e4
LOINC:68292-2,N86588063e4
LOINC:68293-0,N86588063e4
LOINC:68294-8,N86588063e4
LOINC:68295-5,N86588063e4
LOINC:68296-3,N86588063e4
LOINC:68297-1,N86588063e4
LOINC:68298-9,N86588063e4
LOINC:68299-7,N86588063e4
LOINC:68300-3,N86588063e4
LOINC:68301-1,N86588063e4
LOINC:68302-9,N86588063e4
LOINC:68303-7,N86588063e4
LOINC:68304-5,N86588063e4
LOINC:68305-2,N86588063e4
LOINC:68306-0,N86588063e4
LOINC:68307-8,N86588063e4
LOINC:68308-6,N86588063e4
LOINC:68309-4,N86588063e4
LOINC:68310-2,N86588063e4
LOINC:68311-0,N86588063e4
LOINC:68312-8,N86588063e4
LOINC:68313-6,N86588063e4
LOINC:68321-9,N86588063e4
LOINC:68322-7,N86588063e4
LOINC:68323-5,N86588063e4
LOINC:69491-9,N8c03be5fbd
LOINC:69492-7,N8c03be5fbd
LOINC:69493-5,N8c03be5fbd
LOINC:69494-3,N8c03be5fbd
LOINC:69495-0,N8c03be5fbd
LOINC:69496-8,N8c03be5fbd
LOINC:69497-6,N8c03be5fbd
LOINC:69498-4,N8c03be5fbd
LOINC:69499-2,N8c03be5fbd
LOINC:69500-7,N8c03be5fbd
LOINC:69501-5,N8c03be5fbd
LOINC:69502-3,N8c03be5fbd
LOINC:69503-1,N8c03be5fbd
LOINC:69504-9,N8c03be5fbd
LOINC:69505-6,N8c03be5fbd
LOINC:69506-4,N8c03be5fbd
LOINC:69507-2,N8c03be5fbd
LOINC:69508-0,N8c03be5fbd
LOINC:69509-8,N8c03be5fbd
LOINC:69510-6,N8c03be5fbd
LOINC:69511-4,N8c03be5fbd
LOINC:69512-2,N8c03be5fbd
LOINC:69513-0,N8c03be5fbd
LOINC:69514-8,N8c03be5fbd
LOINC:69515-5,N8c03be5fbd
LOINC:69516-3,N8c03be5fbd
LOINC:69517-1,N8c03be5fbd
LOINC:69518-9,N8c03be5fbd
LOINC:69519-7,N8c03be5fbd
LOINC:69520-5,N8c03be5fbd
LOINC:69521-3,N8c03be5fbd
LOINC:69522-1,N8c03be5fbd
LOINC:69523-9,N8c03be5fbd
LOINC:69524-7,N8c03be5fbd
LOINC:69525-4,N8c03be5fbd
LOINC:69526-2,N8c03be5fbd
LOINC:69527-0,N8c03be5fbd
LOINC:69528-8,N8c03be5fbd
LOINC:69529-6,N8c03be5fbd
LOINC:69530-4,N8c03be5fbd
LOINC:69531-2,N8c03be5fbd
LOINC:69532-0,N8c03be5fbd
LOINC:69533-8,N8c03be5fbd
LOINC:69534-6,N8c03be5fbd
LOINC:69535-3,N8c03be5fbd
LOINC:69536-1,N8c03be5fbd
LOINC:69537-9,N8c03be5fbd
LOINC:69538-7,N8c03be5fbd
LOINC:69539-5,N8c03be5fbd
LOINC:69540-3,N8c03be5fbd
LOINC:69541-1,N8c03be5fbd
LOINC:69586-6,N8c03be5fbd
LOINC:69587-4,N8c03be5fbd
LOINC:69588-2,N8c03be5fbd
LOINC:69589-0,N8c03be5fbd
LOINC:69590-8,N8c03be5fbd
LOINC:69591-6,N8c03be5fbd
LOINC:69592-4,N8c03be5fbd
LOINC:69593-2,N8c03be5fbd
LOINC:69594-0,N8c03be5fbd
LOINC:69595-7,N8c03be5fbd
LOINC:69596-5,N8c03be5fbd
LOINC:69597-3,N8c03be5fbd
LOINC:69598-1,N8c03be5fbd
LOINC:69599-9,N8c03be5fbd
LOINC:69600-5,N8c03be5fbd
LOINC:69601-3,N8c03be5fbd
LOINC:69602-1,N8c03be5fbd
LOINC:69603-9,N8c03be5fbd
LOINC:69604-7,N8c03be5fbd
LOINC:69605-4,N8c03be5fbd
LOINC:69606-2,N8c03be5fbd
LOINC:69607-0,N8c03be5fbd
LOINC:69608-8,N8c03be5fbd
LOINC:69609-6,N8c03be5fbd
LOINC:69610-4,N8c03be5fbd
LOINC:69611-2,N8c03be5fbd
LOINC:69612-0,N8c03be5fbd
LOINC:69613-8,N8c03be5fbd
LOINC:69614-6,N8c03be5fbd
LOINC:69615-3,N8c03be5fbd
LOINC:69616-1,N8c03be5fbd
LOINC:69617-9,N8c03be5fbd
LOINC:69618-7,N8c03be5fbd
LOINC:69619-5,N8c03be5fbd
LOINC:69620-3,N8c03be5fbd
LOINC:69621-1,N8c03be5fbd
LOINC:69622-9,N8c03be5fbd
LOINC:69623-7,N8c03be5fbd
LOINC:69624-5,N8c03be5fbd
LOINC:69625-2,N8c03be5fbd
LOINC:69626-0,N8c03be5fbd
LOINC:69627-8,N8c03be5fbd
LOINC:69631-0,N8c03be5fbd
LOINC:69632-8,N8c03be5fbd
LOINC:69633-6,N8c03be5fbd
LOINC:69652-6,N8c03be5fbd
LOINC:69653-4,N8c03be5fbd
LOINC:69654-2,N8c03be5fbd
LOINC:69671-6,Nc26a9a906e
LOINC:69672-4,Nc26a9a906e
LOINC:69673-2,Nc26a9a906e
LOINC:69674-0,Nc26a9a906e
LOINC:69675-7,Nc26a9a906e
LOINC:69676-5,Nc26a9a906e
LOINC:69677-3,Nc26a9a906e
LOINC:69678-1,Nc26a9a906e
LOINC:69679-9,Nc26a9a906e
LOINC:69680-7,Nc26a9a906e
LOINC:69681-5,Nc26a9a906e
LOINC:69682-3,Nc26a9a906e
LOINC:69683-1,Nc26a9a906e
LOINC:69684-9,Nc26a9a906e
LOINC:69685-6,Nc26a9a906e
LOINC:69686-4,Nc26a9a906e
LOINC:69687-2,Nc26a9a906e
LOINC:69688-0,Nc26a9a906e
LOINC:69689-8,Nc26a9a906e
LOINC:69690-6,Nc26a9a906e
LOINC:69691-4,Nc26a9a906e
LOINC:69692-2,Nc26a9a906e
LOINC:69693-0,Nc26a9a906e
LOINC:69694-8,Nc26a9a906e
LOINC:69695-5,Nc26a9a906e
LOINC:69696-3,Nc26a9a906e
LOINC:69697-1,Nc26a9a906e
LOINC:69698-9,Nc26a9a906e
LOINC:69699-7,Nc26a9a906e
LOINC:69700-3,Nc26a9a906e
LOINC:69701-1,Nc26a9a906e
LOINC:69702-9,Nc26a9a906e
LOINC:69703-7,Nc26a9a906e
LOINC:69704-5,Nc26a9a906e
LOINC:69705-2,Nc26a9a906e
LOINC:69706-0,Nc26a9a906e
LOINC:69707-8,Nc26a9a906e
LOINC:69708-6,Nc26a9a906e
LOINC:69709-4,Nc26a9a906e
LOINC:69710-2,Nc26a9a906e
LOINC:69711-0,Nc26a9a906e
LOINC:69712-8,Nc26a9a906e
LOINC:69713-6,Nc26a9a906e
LOINC:69714-4,Nc26a9a906e
LOINC:69715-1,Nc26a9a906e
LOINC:69716-9,Nc26a9a906e
LOINC:69717-7,Nc26a9a906e
LOINC:69720-1,Nc26a9a906e
LOINC:69721-9,Nc26a9a906e
LOINC:69722-7,Nc26a9a906e
LOINC:69723-5,Nc26a9a906e
LOINC:69724-3,Nc26a9a906e
LOINC:69728-4,Nc26a9a906e
LOINC:69729-2,Nc26a9a906e
LOINC:69731-8,Nc26a9a906e
LOINC:69732-6,Nc26a9a906e
LOINC:69733-4,Nc26a9a906e
LOINC:69734-2,Nc26a9a906e
LOINC:69735-9,Nc26a9a906e
LOINC:69736-7,Nc26a9a906e
LOINC:69737-5,Nc26a9a906e
LOINC:69751-6,N8c03be5fbd
LOINC:69752-4,N8c03be5fbd
LOINC:70182-1,N7322a512cf
LOINC:70271-2,Nc26a9a906e
LOINC:70272-0,Nc26a9a906e
LOINC:70273-8,Nc26a9a906e
LOINC:70274-6,Nc26a9a906e
LOINC:70301-7,Nb6dd592cb5
LOINC:70302-5,Nb6dd592cb5
LOINC:70303-3,Nb6dd592cb5
LOINC:70304-1,Nb6dd592cb5
LOINC:70306-6,Nb6dd592cb5
LOINC:70307-4,Nb6dd592cb5
LOINC:70308-2,Nb6dd592cb5
LOINC:70309-0,Nb6dd592cb5
LOINC:70310-8,Nb6dd592cb5
LOINC:70311-6,Nb6dd592cb5
LOINC:70312-4,Nb6dd592cb5
LOINC:70313-2,Nb6dd592cb5
LOINC:70314-0,Nb6dd592cb5
LOINC:70315-7,Nb6dd592cb5
LOINC:70316-5,Nb6dd592cb5
LOINC:70317-3,Nb6dd592cb5
LOINC:70318-1,Nb6dd592cb5
LOINC:70319-9,Nb6dd592cb5
LOINC:70320-7,Nb6dd592cb5
LOINC:70321-5,Nb6dd592cb5
LOINC:70322-3,Nb6dd592cb5
LOINC:70323-1,Nb6dd592cb5
LOINC:70324-9,Nb6dd592cb5
LOINC:70325-6,Nb6dd592cb5
LOINC:70326-4,Nb6dd592cb5
LOINC:70327-2,Nb6dd592cb5
LOINC:70328-0,Nb6dd592cb5
LOINC:70329-8,Nb6dd592cb5
LOINC:70330-6,Nb6dd592cb5
LOINC:70331-4,Nb6dd592cb5
LOINC:70332-2,Nb6dd592cb5
LOINC:70333-0,Nb6dd592cb5
LOINC:70334-8,Nb6dd592cb5
LOINC:70335-5,Nb6dd592cb5
LOINC:70336-3,Nb6dd592cb5
LOINC:70337-1,Nb6dd592cb5
LOINC:70338-9,Nb6dd592cb5
LOINC:70339-7,Nb6dd592cb5
LOINC:70340-5,Nb6dd592cb5
LOINC:70341-3,Nb6dd592cb5
LOINC:70342-1,Nb6dd592cb5
LOINC:70343-9,Nb6dd592cb5
LOINC:70344-7,Nb6dd592cb5
LOINC:70345-4,Nb6dd592cb5
LOINC:70346-2,Nb6dd592cb5
LOINC:70347-0,Nb6dd592cb5
LOINC:70348-8,Nb6dd592cb5
LOINC:70349-6,Nb6dd592cb5
LOINC:70350-4,Nb6dd592cb5
LOINC:70351-2,Nb6dd592cb5
LOINC:70352-0,Nb6dd592cb5
LOINC:70353-8,Nb6dd592cb5
LOINC:70354-6,Nb6dd592cb5
LOINC:70355-3,Nb6dd592cb5
LOINC:70356-1,Nb6dd592cb5
LOINC:70357-9,Nb6dd592cb5
LOINC:70358-7,Nb6dd592cb5
LOINC:70359-5,Nb6dd592cb5
LOINC:70360-3,Nb6dd592cb5
LOINC:70361-1,Nb6dd592cb5
LOINC:70362-9,Nb6dd592cb5
LOINC:70363-7,Nb6dd592cb5
LOINC:70364-5,Nb6dd592cb5
LOINC:70365-2,Nb6dd592cb5
LOINC:70366-0,Nb6dd592cb5
LOINC:70367-8,Nb6dd592cb5
LOINC:70368-6,Nb6dd592cb5
LOINC:70369-4,Nb6dd592cb5
LOINC:70370-2,Nb6dd592cb5
LOINC:70371-0,Nb6dd592cb5
LOINC:70372-8,Nb6dd592cb5
LOINC:70373-6,Nb6dd592cb5
LOINC:70374-4,Nb6dd592cb5
LOINC:70375-1,Nb6dd592cb5
LOINC:70376-9,Nb6dd592cb5
LOINC:70377-7,Nb6dd592cb5
LOINC:70378-5,Nb6dd592cb5
LOINC:70379-3,Nb6dd592cb5
LOINC:70380-1,Nb6dd592cb5
LOINC:70381-9,Nb6dd592cb5
LOINC:70382-7,Nb6dd592cb5
LOINC:70383-5,Nb6dd592cb5
LOINC:70384-3,Nb6dd592cb5
LOINC:70385-0,Nb6dd592cb5
LOINC:70386-8,Nb6dd592cb5
LOINC:70387-6,Nb6dd592cb5
LOINC:70388-4,Nb6dd592cb5
LOINC:70389-2,Nb6dd592cb5
LOINC:70390-0,Nb6dd592cb5
LOINC:70391-8,Nb6dd592cb5
LOINC:70392-6,Nb6dd592cb5
LOINC:70393-4,Nb6dd592cb5
LOINC:70394-2,Nb6dd592cb5
LOINC:70395-9,Nb6dd592cb5
LOINC:70396-7,Nb6dd592cb5
LOINC:70397-5,Nb6dd592cb5
LOINC:70398-3,Nb6dd592cb5
LOINC:70399-1,Nb6dd592cb5
LOINC:70400-7,Nb6dd592cb5
LOINC:70401-5,Nb6dd592cb5
LOINC:70402-3,Nb6dd592cb5
LOINC:70403-1,Nb6dd592cb5
LOINC:70404-9,Nb6dd592cb5
LOINC:70405-6,Nb6dd592cb5
LOINC:70406-4,Nb6dd592cb5
LOINC:70407-2,Nb6dd592cb5
LOINC:70408-0,Nb6dd592cb5
LOINC:70409-8,Nb6dd592cb5
LOINC:70410-6,Nb6dd592cb5
LOINC:70411-4,Nb6dd592cb5
LOINC:70412-2,Nb6dd592cb5
LOINC:70413-0,Nb6dd592cb5
LOINC:70414-8,Nb6dd592cb5
LOINC:70415-5,Nb6dd592cb5
LOINC:70416-3,Nb6dd592cb5
LOINC:70417-1,Nb6dd592cb5
LOINC:70418-9,Nb6dd592cb5
LOINC:70419-7,Nb6dd592cb5
LOINC:70420-5,Nb6dd592cb5
LOINC:70421-3,Nb6dd592cb5
LOINC:70422-1,Nb6dd592cb5
LOINC:70423-9,Nb6dd592cb5
LOINC:70424-7,Nb6dd592cb5
LOINC:70425-4,Nb6dd592cb5
LOINC:70426-2,Nb6dd592cb5
LOINC:70427-0,Nb6dd592cb5
LOINC:70428-8,Nb6dd592cb5
LOINC:70429-6,Nb6dd592cb5
LOINC:70430-4,Nb6dd592cb5
LOINC:70431-2,Nb6dd592cb5
LOINC:70432-0,Nb6dd592cb5
LOINC:70433-8,Nb6dd592cb5
LOINC:70434-6,Nb6dd592cb5
LOINC:70435-3,Nb6dd592cb5
LOINC:70436-1,Nb6dd592cb5
LOINC:70437-9,Nb6dd592cb5
LOINC:70438-7,Nb6dd592cb5
LOINC:70439-5,Nb6dd592cb5
LOINC:70440-3,Nb6dd592cb5
LOINC:70441-1,Nb6dd592cb5
LOINC:70442-9,Nb6dd592cb5
LOINC:70443-7,Nb6dd592cb5
LOINC:70444-5,Nb6dd592cb5
LOINC:70445-2,Nb6dd592cb5
LOINC:70446-0,Nb6dd592cb5
LOINC:70447-8,Nb6dd592cb5
LOINC:70448-6,Nb6dd592cb5
LOINC:70449-4,Nb6dd592cb5
LOINC:70450-2,Nb6dd592cb5
LOINC:70451-0,Nb6dd592cb5
LOINC:70452-8,Nb6dd592cb5
LOINC:70453-6,Nb6dd592cb5
LOINC:70454-4,Nb6dd592cb5
LOINC:70455-1,Nb6dd592cb5
LOINC:70456-9,Nb6dd592cb5
LOINC:70457-7,Nb6dd592cb5
LOINC:70458-5,Nb6dd592cb5
LOINC:70459-3,Nb6dd592cb5
LOINC:70460-1,Nb6dd592cb5
LOINC:70461-9,Nb6dd592cb5
LOINC:70462-7,Nb6dd592cb5
LOINC:70463-5,Nb6dd592cb5
LOINC:70464-3,Nb6dd592cb5
LOINC:70465-0,Nb6dd592cb5
LOINC:70466-8,Nb6dd592cb5
LOINC:70467-6,Nb6dd592cb5
LOINC:70468-4,Nb6dd592cb5
LOINC:70469-2,Nb6dd592cb5
LOINC:70470-0,Nb6dd592cb5
LOINC:70471-8,Nb6dd592cb5
LOINC:70472-6,Nb6dd592cb5
LOINC:70473-4,Nb6dd592cb5
LOINC:70474-2,Nb6dd592cb5
LOINC:70475-9,Nb6dd592cb5
LOINC:70476-7,Nb6dd592cb5
LOINC:70477-5,Nb6dd592cb5
LOINC:70478-3,Nb6dd592cb5
LOINC:70479-1,Nb6dd592cb5
LOINC:70480-9,Nb6dd592cb5
LOINC:70481-7,Nb6dd592cb5
LOINC:70482-5,Nb6dd592cb5
LOINC:70483-3,Nb6dd592cb5
LOINC:70484-1,Nb6dd592cb5
LOINC:70485-8,Nb6dd592cb5
LOINC:70486-6,Nb6dd592cb5
LOINC:70487-4,Nb6dd592cb5
LOINC:70488-2,Nb6dd592cb5
LOINC:70489-0,Nb6dd592cb5
LOINC:70490-8,Nb6dd592cb5
LOINC:70491-6,Nb6dd592cb5
LOINC:70492-4,Nb6dd592cb5
LOINC:70493-2,Nb6dd592cb5
LOINC:70494-0,Nb6dd592cb5
LOINC:70495-7,Nb6dd592cb5
LOINC:70496-5,Nb6dd592cb5
LOINC:70497-3,Nb6dd592cb5
LOINC:70498-1,Nb6dd592cb5
LOINC:70499-9,Nb6dd592cb5
LOINC:70500-4,Nb6dd592cb5
LOINC:70501-2,Nb6dd592cb5
LOINC:70502-0,Nb6dd592cb5
LOINC:70503-8,Nb6dd592cb5
LOINC:70504-6,Nb6dd592cb5
LOINC:70505-3,Nb6dd592cb5
LOINC:70506-1,Nb6dd592cb5
LOINC:70507-9,Nb6dd592cb5
LOINC:70508-7,Nb6dd592cb5
LOINC:70509-5,Nb6dd592cb5
LOINC:70510-3,Nb6dd592cb5
LOINC:70511-1,Nb6dd592cb5
LOINC:70512-9,Nb6dd592cb5
LOINC:70513-7,Nb6dd592cb5
LOINC:70514-5,Nb6dd592cb5
LOINC:70515-2,Nb6dd592cb5
LOINC:70516-0,Nb6dd592cb5
LOINC:70517-8,Nb6dd592cb5
LOINC:70518-6,Nb6dd592cb5
LOINC:70519-4,Nb6dd592cb5
LOINC:70520-2,Nb6dd592cb5
LOINC:70521-0,Nb6dd592cb5
LOINC:70522-8,Nb6dd592cb5
LOINC:70523-6,Nb6dd592cb5
LOINC:70524-4,Nb6dd592cb5
LOINC:70525-1,Nb6dd592cb5
LOINC:70526-9,Nb6dd592cb5
LOINC:70527-7,Nb6dd592cb5
LOINC:70528-5,Nb6dd592cb5
LOINC:70530-1,Nb6dd592cb5
LOINC:70531-9,Nb6dd592cb5
LOINC:70532-7,Nb6dd592cb5
LOINC:70533-5,Nb6dd592cb5
LOINC:70534-3,Nb6dd592cb5
LOINC:70535-0,Nb6dd592cb5
LOINC:70536-8,Nb6dd592cb5
LOINC:70537-6,Nb6dd592cb5
LOINC:70538-4,Nb6dd592cb5
LOINC:70539-2,Nb6dd592cb5
LOINC:70540-0,Nb6dd592cb5
LOINC:70541-8,Nb6dd592cb5
LOINC:70542-6,Nb6dd592cb5
LOINC:70543-4,Nb6dd592cb5
LOINC:70544-2,Nb6dd592cb5
LOINC:70545-9,Nb6dd592cb5
LOINC:70546-7,Nb6dd592cb5
LOINC:70547-5,Nb6dd592cb5
LOINC:70548-3,Nb6dd592cb5
LOINC:70549-1,Nb6dd592cb5
LOINC:70550-9,Nb6dd592cb5
LOINC:70551-7,Nb6dd592cb5
LOINC:70552-5,Nb6dd592cb5
LOINC:70553-3,Nb6dd592cb5
LOINC:70554-1,Nb6dd592cb5
LOINC:70555-8,Nb6dd592cb5
LOINC:70556-6,Nb6dd592cb5
LOINC:70557-4,Nb6dd592cb5
LOINC:70558-2,Nb6dd592cb5
LOINC:70559-0,Nb6dd592cb5
LOINC:70560-8,Nb6dd592cb5
LOINC:70561-6,Nb6dd592cb5
LOINC:70562-4,Nb6dd592cb5
LOINC:70563-2,Nb6dd592cb5
LOINC:70564-0,Nb6dd592cb5
LOINC:70565-7,Nb6dd592cb5
LOINC:70566-5,Nb6dd592cb5
LOINC:70567-3,Nb6dd592cb5
LOINC:70570-7,Nb6dd592cb5
LOINC:70571-5,Nb6dd592cb5
LOINC:70572-3,Nb6dd592cb5
LOINC:70573-1,Nb6dd592cb5
LOINC:70574-9,Nb6dd592cb5
LOINC:70575-6,Nb6dd592cb5
LOINC:70576-4,Nb6dd592cb5
LOINC:70577-2,Nb6dd592cb5
LOINC:70578-0,Nb6dd592cb5
LOINC:70579-8,Nb6dd592cb5
LOINC:70580-6,Nb6dd592cb5
LOINC:70581-4,Nb6dd592cb5
LOINC:70582-2,Nb6dd592cb5
LOINC:70583-0,Nb6dd592cb5
LOINC:70584-8,Nb6dd592cb5
LOINC:70585-5,Nb6dd592cb5
LOINC:70586-3,Nb6dd592cb5
LOINC:70587-1,Nb6dd592cb5
LOINC:70588-9,Nb6dd592cb5
LOINC:70589-7,Nb6dd592cb5
LOINC:70590-5,Nb6dd592cb5
LOINC:70591-3,Nb6dd592cb5
LOINC:70592-1,Nb6dd592cb5
LOINC:70593-9,Nb6dd592cb5
LOINC:70594-7,Nb6dd592cb5
LOINC:70595-4,Nb6dd592cb5
LOINC:70596-2,Nb6dd592cb5
LOINC:70597-0,Nb6dd592cb5
LOINC:70598-8,Nb6dd592cb5
LOINC:70599-6,Nb6dd592cb5
LOINC:70600-2,Nb6dd592cb5
LOINC:70601-0,Nb6dd592cb5
LOINC:70602-8,Nb6dd592cb5
LOINC:70603-6,Nb6dd592cb5
LOINC:70604-4,Nb6dd592cb5
LOINC:70605-1,Nb6dd592cb5
LOINC:70606-9,Nb6dd592cb5
LOINC:70607-7,Nb6dd592cb5
LOINC:70608-5,Nb6dd592cb5
LOINC:70609-3,Nb6dd592cb5
LOINC:70610-1,Nb6dd592cb5
LOINC:70611-9,Nb6dd592cb5
LOINC:70612-7,Nb6dd592cb5
LOINC:70613-5,Nb6dd592cb5
LOINC:70614-3,Nb6dd592cb5
LOINC:70615-0,Nb6dd592cb5
LOINC:70616-8,Nb6dd592cb5
LOINC:70617-6,Nb6dd592cb5
LOINC:70618-4,Nb6dd592cb5
LOINC:70619-2,Nb6dd592cb5
LOINC:70620-0,Nb6dd592cb5
LOINC:70621-8,Nb6dd592cb5
LOINC:70622-6,Nb6dd592cb5
LOINC:70623-4,Nb6dd592cb5
LOINC:70624-2,Nb6dd592cb5
LOINC:70625-9,Nb6dd592cb5
LOINC:70626-7,Nb6dd592cb5
LOINC:70627-5,Nb6dd592cb5
LOINC:70628-3,Nb6dd592cb5
LOINC:70629-1,Nb6dd592cb5
LOINC:70630-9,Nb6dd592cb5
LOINC:70631-7,Nb6dd592cb5
LOINC:70632-5,Nb6dd592cb5
LOINC:70633-3,Nb6dd592cb5
LOINC:70634-1,Nb6dd592cb5
LOINC:70635-8,Nb6dd592cb5
LOINC:70636-6,Nb6dd592cb5
LOINC:70637-4,Nb6dd592cb5
LOINC:70638-2,Nb6dd592cb5
LOINC:70639-0,Nb6dd592cb5
LOINC:70640-8,Nb6dd592cb5
LOINC:70641-6,Nb6dd592cb5
LOINC:70642-4,Nb6dd592cb5
LOINC:70643-2,Nb6dd592cb5
LOINC:70644-0,Nb6dd592cb5
LOINC:70645-7,Nb6dd592cb5
LOINC:70646-5,Nb6dd592cb5
LOINC:70647-3,Nb6dd592cb5
LOINC:70648-1,Nb6dd592cb5
LOINC:70649-9,Nb6dd592cb5
LOINC:70650-7,Nb6dd592cb5
LOINC:70651-5,Nb6dd592cb5
LOINC:70652-3,Nb6dd592cb5
LOINC:70653-1,Nb6dd592cb5
LOINC:70654-9,Nb6dd592cb5
LOINC:70655-6,Nb6dd592cb5
LOINC:70656-4,Nb6dd592cb5
LOINC:70657-2,Nb6dd592cb5
LOINC:70658-0,Nb6dd592cb5
LOINC:70659-8,Nb6dd592cb5
LOINC:70660-6,Nb6dd592cb5
LOINC:70663-0,Nb6dd592cb5
LOINC:70668-9,Nb6dd592cb5
LOINC:70669-7,Nb6dd592cb5
LOINC:70670-5,Nb6dd592cb5
LOINC:70672-1,Nb6dd592cb5
LOINC:70673-9,Nb6dd592cb5
LOINC:70674-7,Nb6dd592cb5
LOINC:70675-4,Nb6dd592cb5
LOINC:70676-2,Nb6dd592cb5
LOINC:70677-0,Nb6dd592cb5
LOINC:70678-8,Nb6dd592cb5
LOINC:70679-6,Nb6dd592cb5
LOINC:70680-4,Nb6dd592cb5
LOINC:70681-2,Nb6dd592cb5
LOINC:70682-0,Nb6dd592cb5
LOINC:70683-8,Nb6dd592cb5
LOINC:70684-6,Nb6dd592cb5
LOINC:70685-3,Nb6dd592cb5
LOINC:70686-1,Nb6dd592cb5
LOINC:70687-9,Nb6dd592cb5
LOINC:70688-7,Nb6dd592cb5
LOINC:70689-5,Nb6dd592cb5
LOINC:70690-3,Nb6dd592cb5
LOINC:70691-1,Nb6dd592cb5
LOINC:70692-9,Nb6dd592cb5
LOINC:70693-7,Nb6dd592cb5
LOINC:70694-5,Nb6dd592cb5
LOINC:70695-2,Nb6dd592cb5
LOINC:70696-0,Nb6dd592cb5
LOINC:70697-8,Nb6dd592cb5
LOINC:70698-6,Nb6dd592cb5
LOINC:70699-4,Nb6dd592cb5
LOINC:70700-0,Nb6dd592cb5
LOINC:70701-8,Nb6dd592cb5
LOINC:70702-6,Nb6dd592cb5
LOINC:70703-4,Nb6dd592cb5
LOINC:70704-2,Nb6dd592cb5
LOINC:70705-9,Nb6dd592cb5
LOINC:70706-7,Nb6dd592cb5
LOINC:70707-5,Nb6dd592cb5
LOINC:70708-3,Nb6dd592cb5
LOINC:70709-1,Nb6dd592cb5
LOINC:70710-9,Nb6dd592cb5
LOINC:70711-7,Nb6dd592cb5
LOINC:70712-5,Nb6dd592cb5
LOINC:70713-3,Nb6dd592cb5
LOINC:70714-1,Nb6dd592cb5
LOINC:70715-8,Nb6dd592cb5
LOINC:70716-6,Nb6dd592cb5
LOINC:70717-4,Nb6dd592cb5
LOINC:70718-2,Nb6dd592cb5
LOINC:70719-0,Nb6dd592cb5
LOINC:70720-8,Nb6dd592cb5
LOINC:70721-6,Nb6dd592cb5
LOINC:70722-4,Nb6dd592cb5
LOINC:70723-2,Nb6dd592cb5
LOINC:70724-0,Nb6dd592cb5
LOINC:70725-7,Nb6dd592cb5
LOINC:70726-5,Nb6dd592cb5
LOINC:70727-3,Nb6dd592cb5
LOINC:70728-1,Nb6dd592cb5
LOINC:70729-9,Nb6dd592cb5
LOINC:70730-7,Nb6dd592cb5
LOINC:70731-5,Nb6dd592cb5
LOINC:70732-3,Nb6dd592cb5
LOINC:70733-1,Nb6dd592cb5
LOINC:70734-9,Nb6dd592cb5
LOINC:70735-6,Nb6dd592cb5
LOINC:70736-4,Nb6dd592cb5
LOINC:70737-2,Nb6dd592cb5
LOINC:70738-0,Nb6dd592cb5
LOINC:70739-8,Nb6dd592cb5
LOINC:70740-6,Nb6dd592cb5
LOINC:70741-4,Nb6dd592cb5
LOINC:70742-2,Nb6dd592cb5
LOINC:70743-0,Nb6dd592cb5
LOINC:70744-8,Nb6dd592cb5
LOINC:70745-5,Nb6dd592cb5
LOINC:70746-3,Nb6dd592cb5
LOINC:70747-1,Nb6dd592cb5
LOINC:70748-9,Nb6dd592cb5
LOINC:70749-7,Nb6dd592cb5
LOINC:70750-5,Nb6dd592cb5
LOINC:70751-3,Nb6dd592cb5
LOINC:70752-1,Nb6dd592cb5
LOINC:70753-9,Nb6dd592cb5
LOINC:70754-7,Nb6dd592cb5
LOINC:70755-4,Nb6dd592cb5
LOINC:70756-2,Nb6dd592cb5
LOINC:70757-0,Nb6dd592cb5
LOINC:70758-8,Nb6dd592cb5
LOINC:70759-6,Nb6dd592cb5
LOINC:70760-4,Nb6dd592cb5
LOINC:70761-2,Nb6dd592cb5
LOINC:70762-0,Nb6dd592cb5
LOINC:70763-8,Nb6dd592cb5
LOINC:70764-6,Nb6dd592cb5
LOINC:70765-3,Nb6dd592cb5
LOINC:70766-1,Nb6dd592cb5
LOINC:70767-9,Nb6dd592cb5
LOINC:70768-7,Nb6dd592cb5
LOINC:70769-5,Nb6dd592cb5
LOINC:70770-3,Nb6dd592cb5
LOINC:70771-1,Nb6dd592cb5
LOINC:70772-9,Nb6dd592cb5
LOINC:70773-7,Nb6dd592cb5
LOINC:70774-5,Nb6dd592cb5
LOINC:70775-2,Nb6dd592cb5
LOINC:70776-0,Nb6dd592cb5
LOINC:70777-8,Nb6dd592cb5
LOINC:70778-6,Nb6dd592cb5
LOINC:70779-4,Nb6dd592cb5
LOINC:70780-2,Nb6dd592cb5
LOINC:70781-0,Nb6dd592cb5
LOINC:70782-8,Nb6dd592cb5
LOINC:70783-6,Nb6dd592cb5
LOINC:70784-4,Nb6dd592cb5
LOINC:70785-1,Nb6dd592cb5
LOINC:70786-9,Nb6dd592cb5
LOINC:70787-7,Nb6dd592cb5
LOINC:70788-5,Nb6dd592cb5
LOINC:70789-3,Nb6dd592cb5
LOINC:70790-1,Nb6dd592cb5
LOINC:70791-9,Nb6dd592cb5
LOINC:70792-7,Nb6dd592cb5
LOINC:70793-5,Nb6dd592cb5
LOINC:70794-3,Nb6dd592cb5
LOINC:70795-0,Nb6dd592cb5
LOINC:70796-8,Nb6dd592cb5
LOINC:70797-6,Nb6dd592cb5
LOINC:70798-4,Nb6dd592cb5
LOINC:70799-2,Nb6dd592cb5
LOINC:70800-8,Nb6dd592cb5
LOINC:70801-6,Nb6dd592cb5
LOINC:70802-4,Nb6dd592cb5
LOINC:70803-2,Nb6dd592cb5
LOINC:70804-0,Nb6dd592cb5
LOINC:70805-7,Nb6dd592cb5
LOINC:70806-5,Nb6dd592cb5
LOINC:70807-3,Nb6dd592cb5
LOINC:70808-1,Nb6dd592cb5
LOINC:70809-9,Nb6dd592cb5
LOINC:70810-7,Nb6dd592cb5
LOINC:70811-5,Nb6dd592cb5
LOINC:70812-3,Nb6dd592cb5
LOINC:70813-1,Nb6dd592cb5
LOINC:70814-9,Nb6dd592cb5
LOINC:70815-6,Nb6dd592cb5
LOINC:70816-4,Nb6dd592cb5
LOINC:70817-2,Nb6dd592cb5
LOINC:70818-0,Nb6dd592cb5
LOINC:70819-8,Nb6dd592cb5
LOINC:70820-6,Nb6dd592cb5
LOINC:70821-4,Nb6dd592cb5
LOINC:70822-2,Nb6dd592cb5
LOINC:70823-0,Nb6dd592cb5
LOINC:70824-8,Nb6dd592cb5
LOINC:70825-5,Nb6dd592cb5
LOINC:70826-3,Nb6dd592cb5
LOINC:70827-1,Nb6dd592cb5
LOINC:70828-9,Nb6dd592cb5
LOINC:70829-7,Nb6dd592cb5
LOINC:70830-5,Nb6dd592cb5
LOINC:70831-3,Nb6dd592cb5
LOINC:70832-1,Nb6dd592cb5
LOINC:70833-9,Nb6dd592cb5
LOINC:70834-7,Nb6dd592cb5
LOINC:70835-4,Nb6dd592cb5
LOINC:70836-2,Nb6dd592cb5
LOINC:70837-0,Nb6dd592cb5
LOINC:70838-8,Nb6dd592cb5
LOINC:70839-6,Nb6dd592cb5
LOINC:70840-4,Nb6dd592cb5
LOINC:70841-2,Nb6dd592cb5
LOINC:70842-0,Nb6dd592cb5
LOINC:70843-8,Nb6dd592cb5
LOINC:70844-6,Nb6dd592cb5
LOINC:70845-3,Nb6dd592cb5
LOINC:70846-1,Nb6dd592cb5
LOINC:70847-9,Nb6dd592cb5
LOINC:70848-7,Nb6dd592cb5
LOINC:70849-5,Nb6dd592cb5
LOINC:70868-5,Nb6dd592cb5
LOINC:70869-3,Nb6dd592cb5
LOINC:70870-1,Nb6dd592cb5
LOINC:70871-9,Nb6dd592cb5
LOINC:70872-7,Nb6dd592cb5
LOINC:70873-5,Nb6dd592cb5
LOINC:70874-3,Nb6dd592cb5
LOINC:70875-0,Nb6dd592cb5
LOINC:70876-8,Nb6dd592cb5
LOINC:70877-6,Nb6dd592cb5
LOINC:70878-4,Nb6dd592cb5
LOINC:70879-2,Nb6dd592cb5
LOINC:70880-0,Nb6dd592cb5
LOINC:70881-8,Nb6dd592cb5
LOINC:70882-6,Nb6dd592cb5
LOINC:70883-4,Nb6dd592cb5
LOINC:70884-2,Nb6dd592cb5
LOINC:70885-9,Nb6dd592cb5
LOINC:70886-7,Nb6dd592cb5
LOINC:70887-5,Nb6dd592cb5
LOINC:70888-3,Nb6dd592cb5
LOINC:70889-1,Nb6dd592cb5
LOINC:70890-9,Nb6dd592cb5
LOINC:70891-7,Nb6dd592cb5
LOINC:70892-5,Nb6dd592cb5
LOINC:70893-3,Nb6dd592cb5
LOINC:70894-1,Nb6dd592cb5
LOINC:70895-8,Nb6dd592cb5
LOINC:70896-6,Nb6dd592cb5
LOINC:70897-4,Nb6dd592cb5
LOINC:70898-2,Nb6dd592cb5
LOINC:70899-0,Nb6dd592cb5
LOINC:70900-6,Nb6dd592cb5
LOINC:70901-4,Nb6dd592cb5
LOINC:70902-2,Nb6dd592cb5
LOINC:70903-0,Nb6dd592cb5
LOINC:70904-8,Nb6dd592cb5
LOINC:70905-5,Nb6dd592cb5
LOINC:70906-3,Nb6dd592cb5
LOINC:70912-1,Nb6dd592cb5
LOINC:70913-9,Nb6dd592cb5
LOINC:70914-7,Nb6dd592cb5
LOINC:70971-7,Nb6dd592cb5
LOINC:70972-5,Nb6dd592cb5
LOINC:70973-3,Nb6dd592cb5
LOINC:70974-1,Nb6dd592cb5
LOINC:70975-8,Nb6dd592cb5
LOINC:70976-6,Nb6dd592cb5
LOINC:70977-4,Nb6dd592cb5
LOINC:70978-2,Nb6dd592cb5
LOINC:70979-0,Nb6dd592cb5
LOINC:70980-8,Nb6dd592cb5
LOINC:70981-6,Nb6dd592cb5
LOINC:70982-4,Nb6dd592cb5
LOINC:70983-2,Nb6dd592cb5
LOINC:70984-0,Nb6dd592cb5
LOINC:70985-7,Nb6dd592cb5
LOINC:70986-5,Nb6dd592cb5
LOINC:70987-3,Nb6dd592cb5
LOINC:70988-1,Nb6dd592cb5
LOINC:70989-9,Nb6dd592cb5
LOINC:70990-7,Nb6dd592cb5
LOINC:70991-5,Nb6dd592cb5
LOINC:70992-3,Nb6dd592cb5
LOINC:70993-1,Nb6dd592cb5
LOINC:70994-9,Nb6dd592cb5
LOINC:70995-6,Nb6dd592cb5
LOINC:70996-4,Nb6dd592cb5
LOINC:70997-2,Nb6dd592cb5
LOINC:70998-0,Nb6dd592cb5
LOINC:70999-8,Nb6dd592cb5
LOINC:71000-4,Nb6dd592cb5
LOINC:71001-2,Nb6dd592cb5
LOINC:71002-0,Nb6dd592cb5
LOINC:71003-8,Nb6dd592cb5
LOINC:71004-6,Nb6dd592cb5
LOINC:71005-3,Nb6dd592cb5
LOINC:71006-1,Nb6dd592cb5
LOINC:71007-9,Nb6dd592cb5
LOINC:71008-7,Nb6dd592cb5
LOINC:71009-5,Nb6dd592cb5
LOINC:71010-3,Nb6dd592cb5
LOINC:71011-1,Nb6dd592cb5
LOINC:71012-9,Nb6dd592cb5
LOINC:71013-7,Nb6dd592cb5
LOINC:71014-5,Nb6dd592cb5
LOINC:71015-2,Nb6dd592cb5
LOINC:71016-0,Nb6dd592cb5
LOINC:71017-8,Nb6dd592cb5
LOINC:71018-6,Nb6dd592cb5
LOINC:71019-4,Nb6dd592cb5
LOINC:71020-2,Nb6dd592cb5
LOINC:71021-0,Nb6dd592cb5
LOINC:71022-8,Nb6dd592cb5
LOINC:71023-6,Nb6dd592cb5
LOINC:71024-4,Nb6dd592cb5
LOINC:71025-1,Nb6dd592cb5
LOINC:71026-9,Nb6dd592cb5
LOINC:71027-7,Nb6dd592cb5
LOINC:71028-5,Nb6dd592cb5
LOINC:71029-3,Nb6dd592cb5
LOINC:71030-1,Nb6dd592cb5
LOINC:71031-9,Nb6dd592cb5
LOINC:71032-7,Nb6dd592cb5
LOINC:71033-5,Nb6dd592cb5
LOINC:71034-3,Nb6dd592cb5
LOINC:71035-0,Nb6dd592cb5
LOINC:71036-8,Nb6dd592cb5
LOINC:71037-6,Nb6dd592cb5
LOINC:71038-4,Nb6dd592cb5
LOINC:71039-2,Nb6dd592cb5
LOINC:71040-0,Nb6dd592cb5
LOINC:71041-8,Nb6dd592cb5
LOINC:71042-6,Nb6dd592cb5
LOINC:71043-4,Nb6dd592cb5
LOINC:71044-2,Nb6dd592cb5
LOINC:71045-9,Nb6dd592cb5
LOINC:71046-7,Nb6dd592cb5
LOINC:71047-5,Nb6dd592cb5
LOINC:71048-3,Nb6dd592cb5
LOINC:71049-1,Nb6dd592cb5
LOINC:71050-9,Nb6dd592cb5
LOINC:71051-7,Nb6dd592cb5
LOINC:71052-5,Nb6dd592cb5
LOINC:71053-3,Nb6dd592cb5
LOINC:71054-1,Nb6dd592cb5
LOINC:71055-8,Nb6dd592cb5
LOINC:71056-6,Nb6dd592cb5
LOINC:71057-4,Nb6dd592cb5
LOINC:71058-2,Nb6dd592cb5
LOINC:71059-0,Nb6dd592cb5
LOINC:71060-8,Nb6dd592cb5
LOINC:71061-6,Nb6dd592cb5
LOINC:71063-2,Nb6dd592cb5
LOINC:71064-0,Nb6dd592cb5
LOINC:71065-7,Nb6dd592cb5
LOINC:71066-5,Nb6dd592cb5
LOINC:71067-3,Nb6dd592cb5
LOINC:71068-1,Nb6dd592cb5
LOINC:71069-9,Nb6dd592cb5
LOINC:71070-7,Nb6dd592cb5
LOINC:71071-5,Nb6dd592cb5
LOINC:71072-3,Nb6dd592cb5
LOINC:71073-1,Nb6dd592cb5
LOINC:71074-9,Nb6dd592cb5
LOINC:71075-6,Nb6dd592cb5
LOINC:71076-4,Nb6dd592cb5
LOINC:71077-2,Nb6dd592cb5
LOINC:71078-0,Nb6dd592cb5
LOINC:71079-8,Nb6dd592cb5
LOINC:71080-6,Nb6dd592cb5
LOINC:71081-4,Nb6dd592cb5
LOINC:71082-2,Nb6dd592cb5
LOINC:71083-0,Nb6dd592cb5
LOINC:71084-8,Nb6dd592cb5
LOINC:71085-5,Nb6dd592cb5
LOINC:71086-3,Nb6dd592cb5
LOINC:71087-1,Nb6dd592cb5
LOINC:71088-9,Nb6dd592cb5
LOINC:71089-7,Nb6dd592cb5
LOINC:71090-5,Nb6dd592cb5
LOINC:71091-3,Nb6dd592cb5
LOINC:71092-1,Nb6dd592cb5
LOINC:71093-9,Nb6dd592cb5
LOINC:71094-7,Nb6dd592cb5
LOINC:71095-4,Nb6dd592cb5
LOINC:71096-2,Nb6dd592cb5
LOINC:71097-0,Nb6dd592cb5
LOINC:71098-8,Nb6dd592cb5
LOINC:71099-6,Nb6dd592cb5
LOINC:71100-2,Nb6dd592cb5
LOINC:71101-0,Nb6dd592cb5
LOINC:71102-8,Nb6dd592cb5
LOINC:71103-6,Nb6dd592cb5
LOINC:71104-4,Nb6dd592cb5
LOINC:71105-1,Nb6dd592cb5
LOINC:71106-9,Nb6dd592cb5
LOINC:71107-7,Nb6dd592cb5
LOINC:71108-5,Nb6dd592cb5
LOINC:71109-3,Nb6dd592cb5
LOINC:71110-1,Nb6dd592cb5
LOINC:71111-9,Nb6dd592cb5
LOINC:71112-7,Nb6dd592cb5
LOINC:71113-5,Nb6dd592cb5
LOINC:71114-3,Nb6dd592cb5
LOINC:71115-0,Nb6dd592cb5
LOINC:71116-8,Nb6dd592cb5
LOINC:71117-6,Nb6dd592cb5
LOINC:71118-4,Nb6dd592cb5
LOINC:71119-2,Nb6dd592cb5
LOINC:71120-0,Nb6dd592cb5
LOINC:71121-8,Nb6dd592cb5
LOINC:71122-6,Nb6dd592cb5
LOINC:71123-4,Nb6dd592cb5
LOINC:71124-2,Nb6dd592cb5
LOINC:71125-9,Nb6dd592cb5
LOINC:71126-7,Nb6dd592cb5
LOINC:71127-5,Nb6dd592cb5
LOINC:71128-3,Nb6dd592cb5
LOINC:71129-1,Nb6dd592cb5
LOINC:71130-9,Nb6dd592cb5
LOINC:71131-7,Nb6dd592cb5
LOINC:71132-5,Nb6dd592cb5
LOINC:71133-3,Nb6dd592cb5
LOINC:71134-1,Nb6dd592cb5
LOINC:71135-8,Nb6dd592cb5
LOINC:71136-6,Nb6dd592cb5
LOINC:71137-4,Nb6dd592cb5
LOINC:71138-2,Nb6dd592cb5
LOINC:71139-0,Nb6dd592cb5
LOINC:71140-8,Nb6dd592cb5
LOINC:71141-6,Nb6dd592cb5
LOINC:71142-4,Nb6dd592cb5
LOINC:71143-2,Nb6dd592cb5
LOINC:71144-0,Nb6dd592cb5
LOINC:71145-7,Nb6dd592cb5
LOINC:71146-5,Nb6dd592cb5
LOINC:71147-3,Nb6dd592cb5
LOINC:71148-1,Nb6dd592cb5
LOINC:71149-9,Nb6dd592cb5
LOINC:71150-7,Nb6dd592cb5
LOINC:71151-5,Nb6dd592cb5
LOINC:71152-3,Nb6dd592cb5
LOINC:71153-1,Nb6dd592cb5
LOINC:71154-9,Nb6dd592cb5
LOINC:71155-6,Nb6dd592cb5
LOINC:71156-4,Nb6dd592cb5
LOINC:71157-2,Nb6dd592cb5
LOINC:71158-0,Nb6dd592cb5
LOINC:71159-8,Nb6dd592cb5
LOINC:71160-6,Nb6dd592cb5
LOINC:71161-4,Nb6dd592cb5
LOINC:71162-2,Nb6dd592cb5
LOINC:71163-0,Nb6dd592cb5
LOINC:71164-8,Nb6dd592cb5
LOINC:71165-5,Nb6dd592cb5
LOINC:71166-3,Nb6dd592cb5
LOINC:71167-1,Nb6dd592cb5
LOINC:71168-9,Nb6dd592cb5
LOINC:71169-7,Nb6dd592cb5
LOINC:71170-5,Nb6dd592cb5
LOINC:71171-3,Nb6dd592cb5
LOINC:71172-1,Nb6dd592cb5
LOINC:71173-9,Nb6dd592cb5
LOINC:71174-7,Nb6dd592cb5
LOINC:71175-4,Nb6dd592cb5
LOINC:71176-2,Nb6dd592cb5
LOINC:71177-0,Nb6dd592cb5
LOINC:71178-8,Nb6dd592cb5
LOINC:71179-6,Nb6dd592cb5
LOINC:71180-4,Nb6dd592cb5
LOINC:71181-2,Nb6dd592cb5
LOINC:71182-0,Nb6dd592cb5
LOINC:71183-8,Nb6dd592cb5
LOINC:71184-6,Nb6dd592cb5
LOINC:71185-3,Nb6dd592cb5
LOINC:71186-1,Nb6dd592cb5
LOINC:71187-9,Nb6dd592cb5
LOINC:71188-7,Nb6dd592cb5
LOINC:71189-5,Nb6dd592cb5
LOINC:71190-3,Nb6dd592cb5
LOINC:71191-1,Nb6dd592cb5
LOINC:71192-9,Nb6dd592cb5
LOINC:71193-7,Nb6dd592cb5
LOINC:71194-5,Nb6dd592cb5
LOINC:71195-2,Nb6dd592cb5
LOINC:71196-0,Nb6dd592cb5
LOINC:71197-8,Nb6dd592cb5
LOINC:71198-6,Nb6dd592cb5
LOINC:71199-4,Nb6dd592cb5
LOINC:71200-0,Nb6dd592cb5
LOINC:71201-8,Nb6dd592cb5
LOINC:71202-6,Nb6dd592cb5
LOINC:71203-4,Nb6dd592cb5
LOINC:71204-2,Nb6dd592cb5
LOINC:71205-9,Nb6dd592cb5
LOINC:71206-7,Nb6dd592cb5
LOINC:71207-5,Nb6dd592cb5
LOINC:71208-3,Nb6dd592cb5
LOINC:71209-1,Nb6dd592cb5
LOINC:71210-9,Nb6dd592cb5
LOINC:71211-7,Nb6dd592cb5
LOINC:71212-5,Nb6dd592cb5
LOINC:71213-3,Nb6dd592cb5
LOINC:71214-1,Nb6dd592cb5
LOINC:71215-8,Nb6dd592cb5
LOINC:71216-6,Nb6dd592cb5
LOINC:71217-4,Nb6dd592cb5
LOINC:71218-2,Nb6dd592cb5
LOINC:71219-0,Nb6dd592cb5
LOINC:71220-8,Nb6dd592cb5
LOINC:71221-6,Nb6dd592cb5
LOINC:71222-4,Nb6dd592cb5
LOINC:71223-2,Nb6dd592cb5
LOINC:71224-0,Nb6dd592cb5
LOINC:71225-7,Nb6dd592cb5
LOINC:71226-5,Nb6dd592cb5
LOINC:71228-1,Nb6dd592cb5
LOINC:71229-9,Nb6dd592cb5
LOINC:71231-5,Nb6dd592cb5
LOINC:71232-3,Nb6dd592cb5
LOINC:71233-1,Nb6dd592cb5
LOINC:71234-9,Nb6dd592cb5
LOINC:71235-6,Nb6dd592cb5
LOINC:71236-4,Nb6dd592cb5
LOINC:71237-2,Nb6dd592cb5
LOINC:71238-0,Nb6dd592cb5
LOINC:71239-8,Nb6dd592cb5
LOINC:71240-6,Nb6dd592cb5
LOINC:71241-4,Nb6dd592cb5
LOINC:71242-2,Nb6dd592cb5
LOINC:71243-0,Nb6dd592cb5
LOINC:71244-8,Nb6dd592cb5
LOINC:71245-5,Nb6dd592cb5
LOINC:71246-3,Nb6dd592cb5
LOINC:71247-1,Nb6dd592cb5
LOINC:71248-9,Nb6dd592cb5
LOINC:71249-7,Nb6dd592cb5
LOINC:71250-5,Nb6dd592cb5
LOINC:71251-3,Nb6dd592cb5
LOINC:71252-1,Nb6dd592cb5
LOINC:71253-9,Nb6dd592cb5
LOINC:71254-7,Nb6dd592cb5
LOINC:71255-4,Nb6dd592cb5
LOINC:71256-2,Nb6dd592cb5
LOINC:71257-0,Nb6dd592cb5
LOINC:71258-8,Nb6dd592cb5
LOINC:71260-4,Nb6dd592cb5
LOINC:71261-2,Nb6dd592cb5
LOINC:71262-0,Nb6dd592cb5
LOINC:71263-8,Nb6dd592cb5
LOINC:71264-6,Nb6dd592cb5
LOINC:71265-3,Nb6dd592cb5
LOINC:71266-1,Nb6dd592cb5
LOINC:71267-9,Nb6dd592cb5
LOINC:71268-7,Nb6dd592cb5
LOINC:71269-5,Nb6dd592cb5
LOINC:71270-3,Nb6dd592cb5
LOINC:71271-1,Nb6dd592cb5
LOINC:71272-9,Nb6dd592cb5
LOINC:71273-7,Nb6dd592cb5
LOINC:71274-5,Nb6dd592cb5
LOINC:71275-2,Nb6dd592cb5
LOINC:71276-0,Nb6dd592cb5
LOINC:71277-8,Nb6dd592cb5
LOINC:71278-6,Nb6dd592cb5
LOINC:71279-4,Nb6dd592cb5
LOINC:71280-2,Nb6dd592cb5
LOINC:71281-0,Nb6dd592cb5
LOINC:71282-8,Nb6dd592cb5
LOINC:71283-6,Nb6dd592cb5
LOINC:71284-4,Nb6dd592cb5
LOINC:71285-1,Nb6dd592cb5
LOINC:71286-9,Nb6dd592cb5
LOINC:71287-7,Nb6dd592cb5
LOINC:71288-5,Nb6dd592cb5
LOINC:71289-3,Nb6dd592cb5
LOINC:71290-1,Nb6dd592cb5
LOINC:71291-9,Nb6dd592cb5
LOINC:71292-7,Nb6dd592cb5
LOINC:71293-5,Nb6dd592cb5
LOINC:71294-3,Nb6dd592cb5
LOINC:71295-0,Nb6dd592cb5
LOINC:71296-8,Nb6dd592cb5
LOINC:71297-6,Nb6dd592cb5
LOINC:71298-4,Nb6dd592cb5
LOINC:71299-2,Nb6dd592cb5
LOINC:71300-8,Nb6dd592cb5
LOINC:71301-6,Nb6dd592cb5
LOINC:71302-4,Nb6dd592cb5
LOINC:71303-2,Nb6dd592cb5
LOINC:71304-0,Nb6dd592cb5
LOINC:71305-7,Nb6dd592cb5
LOINC:71306-5,Nb6dd592cb5
LOINC:71307-3,Nb6dd592cb5
LOINC:71308-1,Nb6dd592cb5
LOINC:71309-9,Nb6dd592cb5
LOINC:71310-7,Nb6dd592cb5
LOINC:71311-5,Nb6dd592cb5
LOINC:71312-3,Nb6dd592cb5
LOINC:71313-1,Nb6dd592cb5
LOINC:71314-9,Nb6dd592cb5
LOINC:71315-6,Nb6dd592cb5
LOINC:71316-4,Nb6dd592cb5
LOINC:71317-2,Nb6dd592cb5
LOINC:71318-0,Nb6dd592cb5
LOINC:71319-8,Nb6dd592cb5
LOINC:71320-6,Nb6dd592cb5
LOINC:71321-4,Nb6dd592cb5
LOINC:71322-2,Nb6dd592cb5
LOINC:71323-0,Nb6dd592cb5
LOINC:71324-8,Nb6dd592cb5
LOINC:71325-5,Nb6dd592cb5
LOINC:71326-3,Nb6dd592cb5
LOINC:71327-1,Nb6dd592cb5
LOINC:71328-9,Nb6dd592cb5
LOINC:71329-7,Nb6dd592cb5
LOINC:71330-5,Nb6dd592cb5
LOINC:71331-3,Nb6dd592cb5
LOINC:71332-1,Nb6dd592cb5
LOINC:71333-9,Nb6dd592cb5
LOINC:71334-7,Nb6dd592cb5
LOINC:71335-4,Nb6dd592cb5
LOINC:71336-2,Nb6dd592cb5
LOINC:71337-0,Nb6dd592cb5
LOINC:71338-8,Nb6dd592cb5
LOINC:71343-8,Nb6dd592cb5
LOINC:71344-6,Nc14d82bb19
LOINC:71345-3,Nc14d82bb19
LOINC:71346-1,Nc14d82bb19
LOINC:71347-9,Nc14d82bb19
LOINC:71348-7,Nc14d82bb19
LOINC:71349-5,Nc14d82bb19
LOINC:71350-3,Nc14d82bb19
LOINC:71351-1,Nc14d82bb19
LOINC:71352-9,Nc14d82bb19
LOINC:71353-7,Nc14d82bb19
LOINC:71354-5,Nc14d82bb19
LOINC:71379-2,Nb6dd592cb5
LOINC:71380-0,Nb6dd592cb5
LOINC:71381-8,Nb6dd592cb5
LOINC:71382-6,Nb6dd592cb5
LOINC:71383-4,Nb6dd592cb5
LOINC:71384-2,Nb6dd592cb5
LOINC:71385-9,Nb6dd592cb5
LOINC:71433-7,Nb6dd592cb5
LOINC:71434-5,Nb6dd592cb5
LOINC:71435-2,Nb6dd592cb5
LOINC:71436-0,Nb6dd592cb5
LOINC:71437-8,Nb6dd592cb5
LOINC:71438-6,Nb6dd592cb5
LOINC:71439-4,Nb6dd592cb5
LOINC:71483-2,Na855702c69
LOINC:71492-3,Ncbee56fe19
LOINC:71493-1,Ncac83fdaee
LOINC:71541-7,Naf25d837fb
LOINC:71542-5,Naf25d837fb
LOINC:71543-3,Naf25d837fb
LOINC:71544-1,Naf25d837fb
LOINC:71545-8,Naf25d837fb
LOINC:71546-6,Naf25d837fb
LOINC:71547-4,Naf25d837fb
LOINC:71548-2,Naf25d837fb
LOINC:71549-0,Naf25d837fb
LOINC:71550-8,Naf25d837fb
LOINC:71551-6,Naf25d837fb
LOINC:71552-4,Naf25d837fb
LOINC:71553-2,Naf25d837fb
LOINC:71554-0,Naf25d837fb
LOINC:71555-7,Naf25d837fb
LOINC:71556-5,Naf25d837fb
LOINC:71557-3,Naf25d837fb
LOINC:71558-1,Naf25d837fb
LOINC:71559-9,Naf25d837fb
LOINC:71560-7,Naf25d837fb
LOINC:71561-5,Naf25d837fb
LOINC:71562-3,Naf25d837fb
LOINC:71563-1,Naf25d837fb
LOINC:71564-9,Naf25d837fb
LOINC:71565-6,Naf25d837fb
LOINC:71566-4,Naf25d837fb
LOINC:71567-2,Naf25d837fb
LOINC:71568-0,Naf25d837fb
LOINC:71569-8,Naf25d837fb
LOINC:71570-6,Naf25d837fb
LOINC:71571-4,Naf25d837fb
LOINC:71572-2,Naf25d837fb
LOINC:71722-3,N50b0936edf
LOINC:71754-6,Naf25d837fb
LOINC:71755-3,Naf25d837fb
LOINC:71756-1,Naf25d837fb
LOINC:71757-9,Naf25d837fb
LOINC:71758-7,Naf25d837fb
LOINC:71777-7,Naf25d837fb
LOINC:71806-4,Naf25d837fb
LOINC:71807-2,Naf25d837fb
LOINC:71808-0,Naf25d837fb
LOINC:71809-8,Naf25d837fb
LOINC:71810-6,Naf25d837fb
LOINC:71811-4,Naf25d837fb
LOINC:71812-2,Naf25d837fb
LOINC:71813-0,Naf25d837fb
LOINC:71814-8,Naf25d837fb
LOINC:71815-5,Naf25d837fb
LOINC:71816-3,Naf25d837fb
LOINC:71817-1,Naf25d837fb
LOINC:71818-9,Naf25d837fb
LOINC:71819-7,Naf25d837fb
LOINC:71820-5,Naf25d837fb
LOINC:71821-3,Naf25d837fb
LOINC:71822-1,Naf25d837fb
LOINC:71823-9,Naf25d837fb
LOINC:71824-7,Naf25d837fb
LOINC:71825-4,Naf25d837fb
LOINC:71826-2,Naf25d837fb
LOINC:71827-0,Naf25d837fb
LOINC:71891-6,Naf25d837fb
LOINC:71897-3,N7614a14059
LOINC:71898-1,N7614a14059
LOINC:71899-9,N7614a14059
LOINC:71900-5,N7614a14059
LOINC:71901-3,N7614a14059
LOINC:71902-1,N7614a14059
LOINC:71903-9,N7614a14059
LOINC:71904-7,N7614a14059
LOINC:71905-4,N7614a14059
LOINC:71906-2,N7614a14059
LOINC:71907-0,N7614a14059
LOINC:71908-8,N7614a14059
LOINC:71909-6,N7614a14059
LOINC:71910-4,N7614a14059
LOINC:71911-2,N7614a14059
LOINC:71912-0,N7614a14059
LOINC:71913-8,N7614a14059
LOINC:71914-6,N7614a14059
LOINC:71915-3,N7614a14059
LOINC:71916-1,N7614a14059
LOINC:71917-9,N7614a14059
LOINC:71918-7,N7614a14059
LOINC:71919-5,N7614a14059
LOINC:71920-3,N7614a14059
LOINC:71921-1,N7614a14059
LOINC:71922-9,N7614a14059
LOINC:71923-7,N7614a14059
LOINC:71924-5,N7614a14059
LOINC:71925-2,N7614a14059
LOINC:71926-0,N7614a14059
LOINC:71927-8,N7614a14059
LOINC:71928-6,N7614a14059
LOINC:71929-4,N7614a14059
LOINC:71930-2,N7614a14059
LOINC:71931-0,N7614a14059
LOINC:71932-8,N7614a14059
LOINC:71933-6,N7614a14059
LOINC:71934-4,N7614a14059
LOINC:71935-1,Ncb9b261f25
LOINC:71936-9,Ncb9b261f25
LOINC:71938-5,Nc51a7b2c21
LOINC:71939-3,Nc51a7b2c21
LOINC:71940-1,N4d0a1c86be
LOINC:71941-9,N4d0a1c86be
LOINC:71942-7,N05e8dc6f38
LOINC:71943-5,N989c49ff84
LOINC:71945-0,N50b0936edf
LOINC:71946-8,Ncac83fdaee
LOINC:71947-6,Ncbee56fe19
LOINC:71948-4,Na855702c69
LOINC:71949-2,N6f9b4679b1
LOINC:71950-0,Ndbb541a751
LOINC:71951-8,N0abef42e97
LOINC:71952-6,N15f432a7f5
LOINC:71953-4,N7ff6c9220e
LOINC:71954-2,N138a4c27d1
LOINC:71955-9,N4cc8c11bce
LOINC:71956-7,N4cc8c11bce
LOINC:71957-5,N4cc8c11bce
LOINC:71958-3,N4cc8c11bce
LOINC:71959-1,N4cc8c11bce
LOINC:71960-9,N4cc8c11bce
LOINC:71961-7,N4cc8c11bce
LOINC:71962-5,N4cc8c11bce
LOINC:71963-3,N4cc8c11bce
LOINC:71964-1,N4cc8c11bce
LOINC:71965-8,N4cc8c11bce
LOINC:71966-6,N4cc8c11bce
LOINC:71967-4,N4cc8c11bce
LOINC:71968-2,N4cc8c11bce
LOINC:71969-0,N4cc8c11bce
LOINC:71970-8,N4cc8c11bce
LOINC:71971-6,N4cc8c11bce
LOINC:71972-4,N4cc8c11bce
LOINC:71973-2,N7614a14059
LOINC:71974-0,N7614a14059
LOINC:71975-7,N7614a14059
LOINC:71976-5,N7614a14059
LOINC:71977-3,N7614a14059
LOINC:71978-1,N7614a14059
LOINC:71979-9,N7614a14059
LOINC:71980-7,N7614a14059
LOINC:71981-5,N7614a14059
LOINC:71982-3,N7614a14059
LOINC:71983-1,N7614a14059
LOINC:71984-9,N7614a14059
LOINC:71985-6,N7614a14059
LOINC:71986-4,N7614a14059
LOINC:71987-2,N7614a14059
LOINC:71988-0,N7614a14059
LOINC:71989-8,N7614a14059
LOINC:71990-6,N7614a14059
LOINC:71991-4,N7614a14059
LOINC:71992-2,N7614a14059
LOINC:71993-0,N7614a14059
LOINC:71994-8,N7614a14059
LOINC:71995-5,N7614a14059
LOINC:71996-3,N7614a14059
LOINC:71997-1,N7614a14059
LOINC:71998-9,N7614a14059
LOINC:71999-7,N7614a14059
LOINC:72000-3,N7614a14059
LOINC:72001-1,N7614a14059
LOINC:72002-9,N7614a14059
LOINC:72003-7,N7614a14059
LOINC:72004-5,N7614a14059
LOINC:72005-2,N7614a14059
LOINC:72006-0,N7614a14059
LOINC:72007-8,N7614a14059
LOINC:72008-6,N7614a14059
LOINC:72009-4,N7614a14059
LOINC:72010-2,N7614a14059
LOINC:72011-0,N7614a14059
LOINC:72012-8,N7614a14059
LOINC:72013-6,N7614a14059
LOINC:72014-4,N7614a14059
LOINC:72015-1,N7614a14059
LOINC:72016-9,N7614a14059
LOINC:72017-7,N7614a14059
LOINC:72018-5,N7614a14059
LOINC:72019-3,N7614a14059
LOINC:72020-1,N7614a14059
LOINC:72021-9,N7614a14059
LOINC:72022-7,N7614a14059
LOINC:72023-5,N7614a14059
LOINC:72024-3,N7614a14059
LOINC:72025-0,N7614a14059
LOINC:72026-8,N7614a14059
LOINC:72027-6,N7614a14059
LOINC:72028-4,N7614a14059
LOINC:72086-2,Ncb23afafe0
LOINC:72088-8,N66de5442b5
LOINC:72091-2,Nd10b8da89f
LOINC:72092-0,Nd10b8da89f
LOINC:72093-8,Nd10b8da89f
LOINC:72094-6,Nd10b8da89f
LOINC:72095-3,Nd10b8da89f
LOINC:72096-1,Nd10b8da89f
LOINC:72097-9,Nd10b8da89f
LOINC:72098-7,Nd10b8da89f
LOINC:72099-5,Nd10b8da89f
LOINC:72100-1,Nd10b8da89f
LOINC:72101-9,Nd10b8da89f
LOINC:72102-7,Nd10b8da89f
LOINC:72106-8,N1599de2920
LOINC:72107-6,N1599de2920
LOINC:72110-0,Na6f4044b27
LOINC:72116-7,N138a4c27d1
LOINC:72117-5,N138a4c27d1
LOINC:72118-3,N138a4c27d1
LOINC:72119-1,N138a4c27d1
LOINC:72120-9,N138a4c27d1
LOINC:72121-7,N138a4c27d1
LOINC:72122-5,N138a4c27d1
LOINC:72123-3,N138a4c27d1
LOINC:72124-1,N138a4c27d1
LOINC:72125-8,N138a4c27d1
LOINC:72126-6,N138a4c27d1
LOINC:72127-4,N138a4c27d1
LOINC:72128-2,N138a4c27d1
LOINC:72129-0,N138a4c27d1
LOINC:72130-8,N138a4c27d1
LOINC:72131-6,N138a4c27d1
LOINC:72132-4,N138a4c27d1
LOINC:72133-2,N30b380c0ff
LOINC:72172-0,N30b380c0ff
LOINC:72188-6,N4d0a1c86be
LOINC:72189-4,N4d0a1c86be
LOINC:72190-2,N4d0a1c86be
LOINC:72191-0,N4d0a1c86be
LOINC:72192-8,N4d0a1c86be
LOINC:72193-6,N4d0a1c86be
LOINC:72194-4,N4d0a1c86be
LOINC:72195-1,N4d0a1c86be
LOINC:72196-9,N4d0a1c86be
LOINC:72204-1,Naf25d837fb
LOINC:72205-8,Naf25d837fb
LOINC:72233-0,N4d9992dba2
LOINC:72234-8,N4d9992dba2
LOINC:72527-5,Ne2cd24e024
LOINC:72636-4,N5fa70d9c9e
LOINC:72637-2,N5fa70d9c9e
LOINC:72638-0,N5fa70d9c9e
LOINC:72639-8,N5fa70d9c9e
LOINC:72640-6,N5fa70d9c9e
LOINC:72641-4,N5fa70d9c9e
LOINC:72681-0,N5fa70d9c9e
LOINC:72682-8,N5fa70d9c9e
LOINC:72683-6,N5fa70d9c9e
LOINC:72684-4,N5fa70d9c9e
LOINC:72685-1,N5fa70d9c9e
LOINC:72686-9,N5fa70d9c9e
LOINC:72687-7,N5fa70d9c9e
LOINC:72688-5,N5fa70d9c9e
LOINC:72689-3,N5fa70d9c9e
LOINC:72690-1,N5fa70d9c9e
LOINC:72691-9,N5fa70d9c9e
LOINC:72692-7,N5fa70d9c9e
LOINC:72698-4,N5fa70d9c9e
LOINC:72699-2,N5fa70d9c9e
LOINC:72700-8,N5fa70d9c9e
LOINC:72701-6,N5fa70d9c9e
LOINC:72702-4,N5fa70d9c9e
LOINC:72703-2,N5fa70d9c9e
LOINC:72704-0,N5fa70d9c9e
LOINC:72705-7,N5fa70d9c9e
LOINC:72706-5,N5fa70d9c9e
LOINC:72707-3,N5fa70d9c9e
LOINC:72708-1,N5fa70d9c9e
LOINC:72709-9,N5fa70d9c9e
LOINC:72710-7,N5fa70d9c9e
LOINC:72711-5,N5fa70d9c9e
LOINC:72712-3,N5fa70d9c9e
LOINC:72713-1,N5fa70d9c9e
LOINC:72714-9,N5fa70d9c9e
LOINC:72715-6,N5fa70d9c9e
LOINC:72716-4,N5fa70d9c9e
LOINC:72717-2,N5fa70d9c9e
LOINC:72718-0,N5fa70d9c9e
LOINC:72719-8,N5fa70d9c9e
LOINC:73782-5,Nd9aff14f5d
LOINC:73783-3,Nd9aff14f5d
LOINC:73784-1,Nd9aff14f5d
LOINC:73785-8,Nd9aff14f5d
LOINC:73786-6,Nd9aff14f5d
LOINC:73787-4,Nd9aff14f5d
LOINC:73788-2,Nd9aff14f5d
LOINC:73789-0,Nd9aff14f5d
LOINC:73790-8,Nd9aff14f5d
LOINC:74171-0,Nb433622313
LOINC:74172-8,Nb433622313
LOINC:74173-6,Nb433622313
LOINC:74174-4,Nb433622313
LOINC:74175-1,Nb433622313
LOINC:74176-9,Nb433622313
LOINC:74177-7,Nb433622313
LOINC:74178-5,Nb433622313
LOINC:74179-3,Nb433622313
LOINC:74180-1,Nb433622313
LOINC:74181-9,Nb433622313
LOINC:74182-7,Nb433622313
LOINC:74183-5,Nb433622313
LOINC:74187-6,N2ef96cac66
LOINC:74188-4,N2ef96cac66
LOINC:74189-2,N2ef96cac66
LOINC:74190-0,N2ef96cac66
LOINC:74191-8,N2ef96cac66
LOINC:74192-6,N2ef96cac66
LOINC:74193-4,N2ef96cac66
LOINC:74194-2,N2ef96cac66
LOINC:74195-9,N2ef96cac66
LOINC:74196-7,N2ef96cac66
LOINC:74197-5,N2ef96cac66
LOINC:75243-6,Nb7045f3586
LOINC:75244-4,Nb7045f3586
LOINC:75245-1,Nb7045f3586
LOINC:75246-9,Nb7045f3586
LOINC:75247-7,Nb7045f3586
LOINC:75248-5,Nb7045f3586
LOINC:75249-3,Nb7045f3586
LOINC:75258-4,N4cc8c11bce
LOINC:75259-2,N4cc8c11bce
LOINC:75260-0,N4cc8c11bce
LOINC:75261-8,N4cc8c11bce
LOINC:75262-6,N4cc8c11bce
LOINC:75330-1,Nb433622313
LOINC:75331-9,Nb433622313
LOINC:75332-7,Nb433622313
LOINC:75333-5,Nb433622313
LOINC:75334-3,Nb433622313
LOINC:75335-0,Nb433622313
LOINC:75336-8,Nb433622313
LOINC:75337-6,Nb433622313
LOINC:75413-5,N7322a512cf
LOINC:75414-3,N4cc8c11bce
LOINC:75415-0,N4cc8c11bce
LOINC:75416-8,N4cc8c11bce
LOINC:75417-6,N4cc8c11bce
LOINC:75418-4,N4cc8c11bce
LOINC:75419-2,N4cc8c11bce
LOINC:75420-0,N4cc8c11bce
LOINC:75421-8,N4cc8c11bce
LOINC:75532-2,Nb433622313
LOINC:75533-0,Nb433622313
LOINC:75534-8,Nb433622313
LOINC:75535-5,Nb433622313
LOINC:75536-3,Nb433622313
LOINC:75537-1,Nb433622313
LOINC:75538-9,Nb433622313
LOINC:75624-7,Na6f4044b27
LOINC:75636-1,Na49626c242
LOINC:75698-1,N818a6752ff
LOINC:75699-9,N818a6752ff
LOINC:75700-5,N818a6752ff
LOINC:75701-3,N818a6752ff
LOINC:75702-1,N818a6752ff
LOINC:75703-9,N818a6752ff
LOINC:75704-7,N818a6752ff
LOINC:75705-4,N818a6752ff
LOINC:75706-2,N818a6752ff
LOINC:75707-0,N818a6752ff
LOINC:75742-7,N818a6752ff
LOINC:75743-5,N818a6752ff
LOINC:75744-3,Nb433622313
LOINC:75745-0,Nb433622313
LOINC:75772-4,N03adcf78b3
LOINC:75796-3,Nb6dd592cb5
LOINC:75797-1,Nb6dd592cb5
LOINC:75798-9,Nb6dd592cb5
LOINC:75799-7,Nb6dd592cb5
LOINC:75800-3,Nb6dd592cb5
LOINC:75801-1,N818a6752ff
LOINC:75802-9,N818a6752ff
LOINC:75803-7,N818a6752ff
LOINC:75804-5,N818a6752ff
LOINC:75805-2,N818a6752ff
LOINC:75806-0,N818a6752ff
LOINC:75807-8,N818a6752ff
LOINC:75808-6,N818a6752ff
LOINC:75809-4,N818a6752ff
LOINC:75810-2,N818a6752ff
LOINC:75820-1,Ndbb541a751
LOINC:75821-9,Ndbb541a751
LOINC:75822-7,Ndbb541a751
LOINC:75823-5,Ndbb541a751
LOINC:75824-3,Ndbb541a751
LOINC:75825-0,Ndbb541a751
LOINC:75826-8,Ndbb541a751
LOINC:75827-6,Ndbb541a751
LOINC:75828-4,Ndbb541a751
LOINC:75829-2,Ndbb541a751
LOINC:75830-0,Ndbb541a751
LOINC:75831-8,Ndbb541a751
LOINC:75832-6,Ndbb541a751
LOINC:75833-4,Ndbb541a751
LOINC:75834-2,Ndbb541a751
LOINC:75835-9,Ndbb541a751
LOINC:75836-7,Ndbb541a751
LOINC:75837-5,Ndbb541a751
LOINC:75838-3,Ndbb541a751
LOINC:75839-1,Ndbb541a751
LOINC:75840-9,Naa342e748d
LOINC:75841-7,Naa342e748d
LOINC:75848-2,Ndbb541a751
LOINC:75849-0,Ndbb541a751
LOINC:75850-8,Ndbb541a751
LOINC:75851-6,Ndbb541a751
LOINC:75852-4,Ndbb541a751
LOINC:75870-6,N4cc8c11bce
LOINC:75871-4,N4cc8c11bce
LOINC:75872-2,Ndbb541a751
LOINC:75873-0,Ndbb541a751
LOINC:75874-8,Ndbb541a751
LOINC:75875-5,Ndbb541a751
LOINC:75876-3,Naa342e748d
LOINC:75877-1,Naa342e748d
LOINC:75878-9,Ndbb541a751
LOINC:75879-7,Ndbb541a751
LOINC:75890-4,Nc30295352b
LOINC:75891-2,Nc30295352b
LOINC:75895-3,N4cc8c11bce
LOINC:75896-1,N4cc8c11bce
LOINC:75897-9,N4cc8c11bce
LOINC:75898-7,N4cc8c11bce
LOINC:75899-5,N4cc8c11bce
LOINC:75900-1,N4cc8c11bce
LOINC:75903-5,N7322a512cf
LOINC:75904-3,N4cc8c11bce
LOINC:75905-0,N4cc8c11bce
LOINC:75906-8,N4cc8c11bce
LOINC:75907-6,N4cc8c11bce
LOINC:75908-4,N4cc8c11bce
LOINC:75909-2,N4cc8c11bce
LOINC:75910-0,Nbfc40ed7c5
LOINC:76066-0,Nc30295352b
LOINC:76067-8,Nc30295352b
LOINC:76342-5,N4cc8c11bce
LOINC:76343-3,N4cc8c11bce
LOINC:76344-1,N4cc8c11bce
LOINC:76345-8,N4cc8c11bce
LOINC:76353-2,Nb433622313
LOINC:76354-0,Nb433622313
LOINC:76355-7,Nb433622313
LOINC:76356-5,Nb433622313
LOINC:76357-3,Nb433622313
LOINC:76358-1,Nb433622313
LOINC:76359-9,Nb433622313
LOINC:76360-7,Nb433622313
LOINC:76361-5,Nb433622313
LOINC:76362-3,Nb433622313
LOINC:76363-1,Nb433622313
LOINC:76364-9,Nb433622313
LOINC:76365-6,Nb433622313
LOINC:76366-4,Nb433622313
LOINC:76367-2,Nb433622313
LOINC:76368-0,Nb433622313
LOINC:76369-8,Nb433622313
LOINC:76370-6,Nb433622313
LOINC:76371-4,Nb433622313
LOINC:76372-2,Nb433622313
LOINC:76373-0,Nb433622313
LOINC:76374-8,Nb433622313
LOINC:76375-5,Nb433622313
LOINC:76376-3,Nb433622313
LOINC:76377-1,Nb433622313
LOINC:76378-9,Nb433622313
LOINC:76379-7,Nb433622313
LOINC:76380-5,Nb433622313
LOINC:76381-3,Nb433622313
LOINC:76382-1,Nb433622313
LOINC:76383-9,Nb433622313
LOINC:76384-7,Nb433622313
LOINC:76385-4,Nb433622313
LOINC:76386-2,Nb433622313
LOINC:76387-0,Nb433622313
LOINC:76388-8,Nb433622313
LOINC:76389-6,Nb433622313
LOINC:76390-4,Nb433622313
LOINC:76391-2,Nb433622313
LOINC:76392-0,Nb433622313
LOINC:76393-8,Nb433622313
LOINC:76394-6,Nb433622313
LOINC:76395-3,Nb433622313
LOINC:76396-1,Nb433622313
LOINC:76398-7,Nb433622313
LOINC:76542-0,Nd307c5b041
LOINC:76661-8,Nb433622313
LOINC:76663-4,Nb433622313
LOINC:76700-4,N4cc8c11bce
LOINC:76701-2,N4cc8c11bce
LOINC:76702-0,N4cc8c11bce
LOINC:76703-8,N4cc8c11bce
LOINC:76704-6,N4cc8c11bce
LOINC:76706-1,N4cc8c11bce
LOINC:76707-9,N4cc8c11bce
LOINC:76708-7,N4cc8c11bce
LOINC:76709-5,N4cc8c11bce
LOINC:76710-3,N4cc8c11bce
LOINC:76711-1,N4cc8c11bce
LOINC:76712-9,N4cc8c11bce
LOINC:76713-7,N4cc8c11bce
LOINC:76714-5,N4cc8c11bce
LOINC:76715-2,N4cc8c11bce
LOINC:76716-0,N4cc8c11bce
LOINC:76717-8,N4cc8c11bce
LOINC:76718-6,N4cc8c11bce
LOINC:76719-4,N4cc8c11bce
LOINC:76720-2,N4cc8c11bce
LOINC:76721-0,N4cc8c11bce
LOINC:76722-8,N4cc8c11bce
LOINC:76723-6,N4cc8c11bce
LOINC:76724-4,N4cc8c11bce
LOINC:76725-1,N4cc8c11bce
LOINC:76726-9,N4cc8c11bce
LOINC:76727-7,N4cc8c11bce
LOINC:76728-5,N4cc8c11bce
LOINC:76729-3,N4cc8c11bce
LOINC:76730-1,N4cc8c11bce
LOINC:76731-9,N4cc8c11bce
LOINC:76732-7,N4cc8c11bce
LOINC:76733-5,N4cc8c11bce
LOINC:76734-3,N4cc8c11bce
LOINC:76735-0,N4cc8c11bce
LOINC:76736-8,N4cc8c11bce
LOINC:76737-6,N4cc8c11bce
LOINC:76738-4,N4cc8c11bce
LOINC:76739-2,N4cc8c11bce
LOINC:76740-0,N4cc8c11bce
LOINC:76741-8,N4cc8c11bce
LOINC:76742-6,N4cc8c11bce
LOINC:76743-4,N4cc8c11bce
LOINC:76744-2,N4cc8c11bce
LOINC:76745-9,N4cc8c11bce
LOINC:76746-7,N4cc8c11bce
LOINC:76747-5,N4cc8c11bce
LOINC:76748-3,N4cc8c11bce
LOINC:76750-9,N4cc8c11bce
LOINC:76751-7,N4cc8c11bce
LOINC:76752-5,N4cc8c11bce
LOINC:76753-3,N4cc8c11bce
LOINC:76754-1,N4cc8c11bce
LOINC:76755-8,N4cc8c11bce
LOINC:76756-6,N4cc8c11bce
LOINC:76757-4,N4cc8c11bce
LOINC:76758-2,N4cc8c11bce
LOINC:76759-0,N4cc8c11bce
LOINC:76760-8,N4cc8c11bce
LOINC:76761-6,N4cc8c11bce
LOINC:76762-4,N4cc8c11bce
LOINC:76763-2,N4cc8c11bce
LOINC:76764-0,N4cc8c11bce
LOINC:76774-9,N4cc8c11bce
LOINC:76775-6,N4cc8c11bce
LOINC:76776-4,N4cc8c11bce
LOINC:76777-2,N4cc8c11bce
LOINC:76778-0,N4cc8c11bce
LOINC:76779-8,N4cc8c11bce
LOINC:76780-6,N4cc8c11bce
LOINC:76781-4,N4cc8c11bce
LOINC:76782-2,N4cc8c11bce
LOINC:76783-0,N4cc8c11bce
LOINC:76784-8,N4cc8c11bce
LOINC:76785-5,N4cc8c11bce
LOINC:76786-3,N4cc8c11bce
LOINC:76787-1,N4cc8c11bce
LOINC:76788-9,N4cc8c11bce
LOINC:76789-7,N4cc8c11bce
LOINC:76790-5,N4cc8c11bce
LOINC:76791-3,N4cc8c11bce
LOINC:76792-1,N4cc8c11bce
LOINC:76793-9,N4cc8c11bce
LOINC:76794-7,N4cc8c11bce
LOINC:76795-4,N4cc8c11bce
LOINC:76796-2,N4cc8c11bce
LOINC:76797-0,N4cc8c11bce
LOINC:76798-8,N4cc8c11bce
LOINC:76799-6,N4cc8c11bce
LOINC:76800-2,N4cc8c11bce
LOINC:76801-0,N4cc8c11bce
LOINC:76802-8,N4cc8c11bce
LOINC:76803-6,N4cc8c11bce
LOINC:76804-4,N4cc8c11bce
LOINC:76805-1,N4cc8c11bce
LOINC:76806-9,N4cc8c11bce
LOINC:76807-7,N4cc8c11bce
LOINC:76808-5,N4cc8c11bce
LOINC:76809-3,N4cc8c11bce
LOINC:76810-1,N4cc8c11bce
LOINC:76811-9,N4cc8c11bce
LOINC:76812-7,N4cc8c11bce
LOINC:76813-5,N4cc8c11bce
LOINC:76814-3,N4cc8c11bce
LOINC:76815-0,N4cc8c11bce
LOINC:76816-8,N4cc8c11bce
LOINC:76817-6,N4cc8c11bce
LOINC:76818-4,N4cc8c11bce
LOINC:76819-2,N4cc8c11bce
LOINC:76820-0,N4cc8c11bce
LOINC:76821-8,N4cc8c11bce
LOINC:76822-6,N4cc8c11bce
LOINC:76823-4,N4cc8c11bce
LOINC:76824-2,N4cc8c11bce
LOINC:76825-9,N4cc8c11bce
LOINC:76826-7,N4cc8c11bce
LOINC:76827-5,N4cc8c11bce
LOINC:76828-3,N4cc8c11bce
LOINC:76829-1,N4cc8c11bce
LOINC:76830-9,N4cc8c11bce
LOINC:76831-7,N4cc8c11bce
LOINC:76832-5,N4cc8c11bce
LOINC:76833-3,N4cc8c11bce
LOINC:76834-1,N4cc8c11bce
LOINC:76835-8,N4cc8c11bce
LOINC:76836-6,N4cc8c11bce
LOINC:76837-4,N4cc8c11bce
LOINC:76838-2,N4cc8c11bce
LOINC:76839-0,N4cc8c11bce
LOINC:76840-8,N4cc8c11bce
LOINC:76841-6,N4cc8c11bce
LOINC:76842-4,N4cc8c11bce
LOINC:76843-2,N4cc8c11bce
LOINC:76844-0,N4cc8c11bce
LOINC:76845-7,N4cc8c11bce
LOINC:76846-5,N4cc8c11bce
LOINC:76847-3,N4cc8c11bce
LOINC:76848-1,N4cc8c11bce
LOINC:76849-9,N4cc8c11bce
LOINC:76850-7,N4cc8c11bce
LOINC:76851-5,N4cc8c11bce
LOINC:76852-3,N4cc8c11bce
LOINC:76853-1,N4cc8c11bce
LOINC:76854-9,N4cc8c11bce
LOINC:76855-6,N4cc8c11bce
LOINC:76856-4,N4cc8c11bce
LOINC:76857-2,N4cc8c11bce
LOINC:76858-0,N4cc8c11bce
LOINC:76859-8,N4cc8c11bce
LOINC:76860-6,N4cc8c11bce
LOINC:76861-4,N4cc8c11bce
LOINC:76862-2,N4cc8c11bce
LOINC:76863-0,N4cc8c11bce
LOINC:76864-8,N4cc8c11bce
LOINC:76865-5,N4cc8c11bce
LOINC:76866-3,N4cc8c11bce
LOINC:76867-1,N4cc8c11bce
LOINC:76868-9,N4cc8c11bce
LOINC:76869-7,N4cc8c11bce
LOINC:76870-5,N4cc8c11bce
LOINC:76871-3,N4cc8c11bce
LOINC:76872-1,N4cc8c11bce
LOINC:76873-9,N4cc8c11bce
LOINC:76874-7,N4cc8c11bce
LOINC:76875-4,N4cc8c11bce
LOINC:76876-2,N4cc8c11bce
LOINC:76877-0,N4cc8c11bce
LOINC:76878-8,N4cc8c11bce
LOINC:76879-6,N4cc8c11bce
LOINC:76880-4,N4cc8c11bce
LOINC:76881-2,N4cc8c11bce
LOINC:76882-0,N4cc8c11bce
LOINC:76883-8,N4cc8c11bce
LOINC:76884-6,N4cc8c11bce
LOINC:76885-3,N4cc8c11bce
LOINC:76886-1,N4cc8c11bce
LOINC:76887-9,N4cc8c11bce
LOINC:76888-7,N4cc8c11bce
LOINC:76889-5,N4cc8c11bce
LOINC:76890-3,N4cc8c11bce
LOINC:76891-1,N4cc8c11bce
LOINC:76892-9,N4cc8c11bce
LOINC:76893-7,N4cc8c11bce
LOINC:76894-5,N4cc8c11bce
LOINC:76895-2,N4cc8c11bce
LOINC:76896-0,N4cc8c11bce
LOINC:76897-8,N4cc8c11bce
LOINC:76898-6,N4cc8c11bce
LOINC:76899-4,N4cc8c11bce
LOINC:76900-0,N4cc8c11bce
LOINC:76901-8,N4cc8c11bce
LOINC:76902-6,N4cc8c11bce
LOINC:76903-4,N4cc8c11bce
LOINC:76904-2,N4cc8c11bce
LOINC:76905-9,N4cc8c11bce
LOINC:76906-7,N4cc8c11bce
LOINC:76907-5,N4cc8c11bce
LOINC:76908-3,N4cc8c11bce
LOINC:76909-1,N4cc8c11bce
LOINC:76910-9,N4cc8c11bce
LOINC:76911-7,N4cc8c11bce
LOINC:76912-5,N4cc8c11bce
LOINC:76913-3,N4cc8c11bce
LOINC:76914-1,N4cc8c11bce
LOINC:76915-8,N4cc8c11bce
LOINC:76916-6,N4cc8c11bce
LOINC:76917-4,N4cc8c11bce
LOINC:76918-2,N4cc8c11bce
LOINC:76919-0,N4cc8c11bce
LOINC:76920-8,N4cc8c11bce
LOINC:76921-6,N4cc8c11bce
LOINC:76922-4,N4cc8c11bce
LOINC:76923-2,N4cc8c11bce
LOINC:76924-0,N4cc8c11bce
LOINC:76925-7,N4cc8c11bce
LOINC:76926-5,N4cc8c11bce
LOINC:76927-3,N4cc8c11bce
LOINC:76928-1,N4cc8c11bce
LOINC:76929-9,N4cc8c11bce
LOINC:76930-7,N4cc8c11bce
LOINC:76931-5,N4cc8c11bce
LOINC:76932-3,N4cc8c11bce
LOINC:76933-1,N4cc8c11bce
LOINC:76934-9,N4cc8c11bce
LOINC:76935-6,N4cc8c11bce
LOINC:76936-4,N4cc8c11bce
LOINC:76937-2,N4cc8c11bce
LOINC:76938-0,N4cc8c11bce
LOINC:76939-8,N4cc8c11bce
LOINC:76940-6,N4cc8c11bce
LOINC:76941-4,N4cc8c11bce
LOINC:76942-2,N4cc8c11bce
LOINC:76943-0,N4cc8c11bce
LOINC:76944-8,N4cc8c11bce
LOINC:76945-5,N4cc8c11bce
LOINC:76946-3,N4cc8c11bce
LOINC:76947-1,N4cc8c11bce
LOINC:76948-9,N4cc8c11bce
LOINC:76949-7,N4cc8c11bce
LOINC:76950-5,N4cc8c11bce
LOINC:76951-3,N4cc8c11bce
LOINC:76952-1,N4cc8c11bce
LOINC:76953-9,N4cc8c11bce
LOINC:76954-7,N4cc8c11bce
LOINC:76955-4,N4cc8c11bce
LOINC:76956-2,N4cc8c11bce
LOINC:76957-0,N4cc8c11bce
LOINC:76958-8,N4cc8c11bce
LOINC:76959-6,N4cc8c11bce
LOINC:76960-4,N4cc8c11bce
LOINC:76961-2,N4cc8c11bce
LOINC:76962-0,N4cc8c11bce
LOINC:76963-8,N4cc8c11bce
LOINC:76964-6,N4cc8c11bce
LOINC:76965-3,N4cc8c11bce
LOINC:76966-1,N4cc8c11bce
LOINC:76967-9,N4cc8c11bce
LOINC:76968-7,N4cc8c11bce
LOINC:76969-5,N4cc8c11bce
LOINC:76970-3,N4cc8c11bce
LOINC:76971-1,N4cc8c11bce
LOINC:76972-9,N4cc8c11bce
LOINC:76973-7,N4cc8c11bce
LOINC:76974-5,N4cc8c11bce
LOINC:76975-2,N4cc8c11bce
LOINC:76976-0,N4cc8c11bce
LOINC:76977-8,N4cc8c11bce
LOINC:76978-6,N4cc8c11bce
LOINC:76979-4,N4cc8c11bce
LOINC:76980-2,N4cc8c11bce
LOINC:76981-0,N4cc8c11bce
LOINC:76982-8,N4cc8c11bce
LOINC:76983-6,N4cc8c11bce
LOINC:76984-4,N4cc8c11bce
LOINC:76985-1,N4cc8c11bce
LOINC:76986-9,N4cc8c11bce
LOINC:76987-7,N4cc8c11bce
LOINC:76988-5,N4cc8c11bce
LOINC:76989-3,N4cc8c11bce
LOINC:76990-1,N4cc8c11bce
LOINC:76991-9,N4cc8c11bce
LOINC:76992-7,N4cc8c11bce
LOINC:76993-5,N4cc8c11bce
LOINC:76994-3,N4cc8c11bce
LOINC:76995-0,N4cc8c11bce
LOINC:76996-8,N4cc8c11bce
LOINC:76997-6,N4cc8c11bce
LOINC:76998-4,N4cc8c11bce
LOINC:76999-2,N4cc8c11bce
LOINC:77000-8,N4cc8c11bce
LOINC:77001-6,N4cc8c11bce
LOINC:77002-4,N4cc8c11bce
LOINC:77003-2,N4cc8c11bce
LOINC:77004-0,N4cc8c11bce
LOINC:77005-7,N4cc8c11bce
LOINC:77006-5,N4cc8c11bce
LOINC:77007-3,N4cc8c11bce
LOINC:77221-0,Nb433622313
LOINC:77222-8,Nb433622313
LOINC:77223-6,Nb433622313
LOINC:77224-4,Nb433622313
LOINC:77225-1,Nb433622313
LOINC:77226-9,Nb433622313
LOINC:77227-7,Nb433622313
LOINC:77228-5,Nb433622313
LOINC:77229-3,Nb433622313
LOINC:77230-1,Nb433622313
LOINC:77231-9,Nb433622313
LOINC:77232-7,Nb433622313
LOINC:77251-7,N8c03be5fbd
LOINC:77252-5,N8c03be5fbd
LOINC:77255-8,Nb433622313
LOINC:77256-6,Nb433622313
LOINC:77257-4,Nb433622313
LOINC:77258-2,Nb433622313
LOINC:77259-0,Nb433622313
LOINC:77260-8,Nb433622313
LOINC:77261-6,Nb433622313
LOINC:77262-4,Nb433622313
LOINC:77263-2,Nb433622313
LOINC:77264-0,Nb433622313
LOINC:77265-7,Nb433622313
LOINC:77266-5,Nb433622313
LOINC:77267-3,Nb433622313
LOINC:77268-1,Nb433622313
LOINC:77269-9,Nb433622313
LOINC:77270-7,Nb433622313
LOINC:77271-5,Nb433622313
LOINC:77272-3,Nb433622313
LOINC:77273-1,Nb433622313
LOINC:77274-9,Nb433622313
LOINC:77275-6,Nb433622313
LOINC:77276-4,Nb433622313
LOINC:77277-2,Nb433622313
LOINC:77278-0,Nb433622313
LOINC:77279-8,Nb433622313
LOINC:77280-6,Nb433622313
LOINC:77281-4,Nb433622313
LOINC:77282-2,Nb433622313
LOINC:77283-0,Nb433622313
LOINC:77284-8,Nb433622313
LOINC:77285-5,Nb433622313
LOINC:77286-3,Nb433622313
LOINC:77287-1,Nb433622313
LOINC:77548-6,Nb433622313
LOINC:77549-4,Nb433622313
LOINC:77550-2,Nb433622313
LOINC:77551-0,Nb433622313
LOINC:77552-8,Nb433622313
LOINC:77553-6,Nb433622313
LOINC:77554-4,Nb433622313
LOINC:77555-1,Nb433622313
LOINC:77556-9,Nb433622313
LOINC:77557-7,Nb433622313
LOINC:77558-5,Nb433622313
LOINC:77559-3,Nb433622313
LOINC:77560-1,Nb433622313
LOINC:77561-9,Nb433622313
LOINC:77562-7,Nb433622313
LOINC:77564-3,N5e49e91948
LOINC:77565-0,N5e49e91948
LOINC:77566-8,N5e49e91948
LOINC:77567-6,N5e49e91948
LOINC:77568-4,N5e49e91948
LOINC:77569-2,N5e49e91948
LOINC:77570-0,N5e49e91948
LOINC:77571-8,N5e49e91948
LOINC:77572-6,N5e49e91948
LOINC:77578-3,N4cc8c11bce
LOINC:77579-1,N4cc8c11bce
LOINC:77580-9,N4cc8c11bce
LOINC:77782-1,N4cc8c11bce
LOINC:77783-9,N4cc8c11bce
LOINC:77784-7,N4cc8c11bce
LOINC:77785-4,N4cc8c11bce
LOINC:77786-2,N4cc8c11bce
LOINC:77789-6,N4cc8c11bce
LOINC:77792-0,N4cc8c11bce
LOINC:77793-8,N4cc8c11bce
LOINC:77794-6,N4cc8c11bce
LOINC:77795-3,N4cc8c11bce
LOINC:77796-1,N4cc8c11bce
LOINC:77797-9,N4cc8c11bce
LOINC:77798-7,N4cc8c11bce
LOINC:77799-5,N4cc8c11bce
LOINC:77800-1,N4cc8c11bce
LOINC:77801-9,N4cc8c11bce
LOINC:77802-7,N4cc8c11bce
LOINC:77803-5,N4cc8c11bce
LOINC:77804-3,N4cc8c11bce
LOINC:77805-0,N4cc8c11bce
LOINC:77806-8,N4cc8c11bce
LOINC:77807-6,N4cc8c11bce
LOINC:77808-4,N4cc8c11bce
LOINC:77809-2,N4cc8c11bce
LOINC:77810-0,N4cc8c11bce
LOINC:77811-8,N4cc8c11bce
LOINC:77812-6,N4cc8c11bce
LOINC:77813-4,N4cc8c11bce
LOINC:77814-2,N4cc8c11bce
LOINC:77815-9,N4cc8c11bce
LOINC:77816-7,N4cc8c11bce
LOINC:77817-5,N4cc8c11bce
LOINC:77818-3,N4cc8c11bce
LOINC:77819-1,N4cc8c11bce
LOINC:77820-9,N4cc8c11bce
LOINC:77821-7,N4cc8c11bce
LOINC:77822-5,N4cc8c11bce
LOINC:77824-1,N4cc8c11bce
LOINC:77825-8,N4cc8c11bce
LOINC:77826-6,N4cc8c11bce
LOINC:77827-4,N4cc8c11bce
LOINC:77828-2,N4cc8c11bce
LOINC:77829-0,N4cc8c11bce
LOINC:77830-8,N4cc8c11bce
LOINC:77831-6,N4cc8c11bce
LOINC:77832-4,N4cc8c11bce
LOINC:77833-2,N4cc8c11bce
LOINC:77834-0,N4cc8c11bce
LOINC:77835-7,N4cc8c11bce
LOINC:77836-5,N4cc8c11bce
LOINC:77837-3,N4cc8c11bce
LOINC:77838-1,N4cc8c11bce
LOINC:77839-9,N4cc8c11bce
LOINC:77840-7,N4cc8c11bce
LOINC:77841-5,N4cc8c11bce
LOINC:77842-3,N4cc8c11bce
LOINC:77843-1,N4cc8c11bce
LOINC:77844-9,N4cc8c11bce
LOINC:77845-6,N4cc8c11bce
LOINC:77846-4,N4cc8c11bce
LOINC:77847-2,N4cc8c11bce
LOINC:77848-0,N4cc8c11bce
LOINC:77849-8,N4cc8c11bce
LOINC:77850-6,N4cc8c11bce
LOINC:77851-4,N4cc8c11bce
LOINC:77852-2,N4cc8c11bce
LOINC:77853-0,N4cc8c11bce
LOINC:77854-8,N4cc8c11bce
LOINC:77855-5,N4cc8c11bce
LOINC:77856-3,N4cc8c11bce
LOINC:77857-1,N4cc8c11bce
LOINC:77858-9,N4cc8c11bce
LOINC:77859-7,N4cc8c11bce
LOINC:77860-5,N4cc8c11bce
LOINC:77861-3,N4cc8c11bce
LOINC:77862-1,N4cc8c11bce
LOINC:77863-9,N4cc8c11bce
LOINC:77864-7,N4cc8c11bce
LOINC:77865-4,N4cc8c11bce
LOINC:77866-2,N4cc8c11bce
LOINC:77867-0,N4cc8c11bce
LOINC:77868-8,N4cc8c11bce
LOINC:77869-6,N4cc8c11bce
LOINC:77870-4,N4cc8c11bce
LOINC:77871-2,N4cc8c11bce
LOINC:77872-0,N4cc8c11bce
LOINC:77873-8,N4cc8c11bce
LOINC:77874-6,N4cc8c11bce
LOINC:77875-3,N4cc8c11bce
LOINC:78048-6,N4cc8c11bce
LOINC:78049-4,N4cc8c11bce
LOINC:78050-2,N4cc8c11bce
LOINC:78051-0,N4cc8c11bce
LOINC:78052-8,N4cc8c11bce
LOINC:78053-6,N4cc8c11bce
LOINC:78054-4,N4cc8c11bce
LOINC:78055-1,N4cc8c11bce
LOINC:78056-9,N4cc8c11bce
LOINC:78057-7,N4cc8c11bce
LOINC:78058-5,N4cc8c11bce
LOINC:78059-3,N4cc8c11bce
LOINC:78060-1,N4cc8c11bce
LOINC:78061-9,N4cc8c11bce
LOINC:78062-7,N4cc8c11bce
LOINC:78063-5,N4cc8c11bce
LOINC:78064-3,N4cc8c11bce
LOINC:78065-0,N4cc8c11bce
LOINC:78066-8,N4cc8c11bce
LOINC:78067-6,N4cc8c11bce
LOINC:78068-4,N4cc8c11bce
LOINC:78069-2,N4cc8c11bce
LOINC:78070-0,N4cc8c11bce
LOINC:78071-8,N4cc8c11bce
LOINC:78072-6,N4cc8c11bce
LOINC:78073-4,N4cc8c11bce
LOINC:78074-2,N4cc8c11bce
LOINC:78075-9,N4cc8c11bce
LOINC:78076-7,N4cc8c11bce
LOINC:78077-5,N4cc8c11bce
LOINC:78078-3,N4cc8c11bce
LOINC:78079-1,N4cc8c11bce
LOINC:78081-7,N4cc8c11bce
LOINC:78082-5,N4cc8c11bce
LOINC:78083-3,N4cc8c11bce
LOINC:78084-1,N4cc8c11bce
LOINC:78085-8,N4cc8c11bce
LOINC:78086-6,N4cc8c11bce
LOINC:78087-4,N4cc8c11bce
LOINC:78088-2,N4cc8c11bce
LOINC:78089-0,N4cc8c11bce
LOINC:78090-8,N4cc8c11bce
LOINC:78091-6,N4cc8c11bce
LOINC:78092-4,N4cc8c11bce
LOINC:78093-2,N4cc8c11bce
LOINC:78094-0,N4cc8c11bce
LOINC:78095-7,N4cc8c11bce
LOINC:78096-5,N4cc8c11bce
LOINC:78097-3,N4cc8c11bce
LOINC:78098-1,N4cc8c11bce
LOINC:78099-9,N4cc8c11bce
LOINC:78100-5,N4cc8c11bce
LOINC:78101-3,N4cc8c11bce
LOINC:78102-1,N4cc8c11bce
LOINC:78103-9,N4cc8c11bce
LOINC:78104-7,N4cc8c11bce
LOINC:78105-4,N4cc8c11bce
LOINC:78106-2,N4cc8c11bce
LOINC:78107-0,N4cc8c11bce
LOINC:78108-8,N4cc8c11bce
LOINC:78109-6,N4cc8c11bce
LOINC:78110-4,N4cc8c11bce
LOINC:78111-2,N4cc8c11bce
LOINC:78112-0,N4cc8c11bce
LOINC:78113-8,N4cc8c11bce
LOINC:78114-6,N4cc8c11bce
LOINC:78115-3,N4cc8c11bce
LOINC:78116-1,N4cc8c11bce
LOINC:78117-9,N4cc8c11bce
LOINC:78118-7,N4cc8c11bce
LOINC:78119-5,N4cc8c11bce
LOINC:78120-3,N4cc8c11bce
LOINC:78123-7,N4cc8c11bce
LOINC:78124-5,N4cc8c11bce
LOINC:78125-2,N4cc8c11bce
LOINC:78126-0,N4cc8c11bce
LOINC:78127-8,N4cc8c11bce
LOINC:78128-6,N4cc8c11bce
LOINC:78129-4,N4cc8c11bce
LOINC:78130-2,N4cc8c11bce
LOINC:78131-0,N4cc8c11bce
LOINC:78132-8,N4cc8c11bce
LOINC:78133-6,N4cc8c11bce
LOINC:78134-4,N4cc8c11bce
LOINC:78135-1,N4cc8c11bce
LOINC:78136-9,N4cc8c11bce
LOINC:78137-7,N4cc8c11bce
LOINC:78138-5,N4cc8c11bce
LOINC:78139-3,N4cc8c11bce
LOINC:78140-1,N4cc8c11bce
LOINC:78141-9,N4cc8c11bce
LOINC:78142-7,N4cc8c11bce
LOINC:78143-5,N4cc8c11bce
LOINC:78144-3,N4cc8c11bce
LOINC:78145-0,N4cc8c11bce
LOINC:78146-8,N4cc8c11bce
LOINC:78147-6,N4cc8c11bce
LOINC:78148-4,N4cc8c11bce
LOINC:78149-2,N4cc8c11bce
LOINC:78150-0,N4cc8c11bce
LOINC:78151-8,N4cc8c11bce
LOINC:78152-6,N4cc8c11bce
LOINC:78153-4,N4cc8c11bce
LOINC:78154-2,N4cc8c11bce
LOINC:78155-9,N4cc8c11bce
LOINC:78156-7,N4cc8c11bce
LOINC:78157-5,N4cc8c11bce
LOINC:78158-3,N4cc8c11bce
LOINC:78159-1,N4cc8c11bce
LOINC:78160-9,N4cc8c11bce
LOINC:78161-7,N4cc8c11bce
LOINC:78162-5,N4cc8c11bce
LOINC:78163-3,N4cc8c11bce
LOINC:78164-1,N4cc8c11bce
LOINC:78165-8,N4cc8c11bce
LOINC:78166-6,N4cc8c11bce
LOINC:78167-4,N4cc8c11bce
LOINC:78168-2,N4cc8c11bce
LOINC:78169-0,N4cc8c11bce
LOINC:78170-8,N4cc8c11bce
LOINC:78171-6,N4cc8c11bce
LOINC:78172-4,N4cc8c11bce
LOINC:78173-2,N4cc8c11bce
LOINC:78174-0,N4cc8c11bce
LOINC:78369-6,N535de96484
LOINC:78370-4,N535de96484
LOINC:78371-2,N535de96484
LOINC:78372-0,N535de96484
LOINC:78373-8,N535de96484
LOINC:78997-4,N4cc8c11bce
LOINC:78998-2,N4cc8c11bce
LOINC:78999-0,N4cc8c11bce
LOINC:79000-6,N4cc8c11bce
LOINC:79001-4,N4cc8c11bce
LOINC:79002-2,N4cc8c11bce
LOINC:79003-0,N4cc8c11bce
LOINC:79004-8,N4cc8c11bce
LOINC:79005-5,N4cc8c11bce
LOINC:79006-3,N4cc8c11bce
LOINC:79007-1,N4cc8c11bce
LOINC:79008-9,N4cc8c11bce
LOINC:79009-7,N4cc8c11bce
LOINC:79010-5,N4cc8c11bce
LOINC:79011-3,N4cc8c11bce
LOINC:79012-1,N4cc8c11bce
LOINC:79013-9,N4cc8c11bce
LOINC:79014-7,N4cc8c11bce
LOINC:79015-4,N4cc8c11bce
LOINC:79016-2,N4cc8c11bce
LOINC:79017-0,N4cc8c11bce
LOINC:79018-8,N4cc8c11bce
LOINC:79019-6,N4cc8c11bce
LOINC:79020-4,N4cc8c11bce
LOINC:79021-2,N4cc8c11bce
LOINC:79022-0,N4cc8c11bce
LOINC:79023-8,N4cc8c11bce
LOINC:79024-6,N4cc8c11bce
LOINC:79025-3,N4cc8c11bce
LOINC:79026-1,N4cc8c11bce
LOINC:79027-9,N4cc8c11bce
LOINC:79028-7,N4cc8c11bce
LOINC:79029-5,N4cc8c11bce
LOINC:79030-3,N4cc8c11bce
LOINC:79031-1,N4cc8c11bce
LOINC:79032-9,N4cc8c11bce
LOINC:79033-7,N4cc8c11bce
LOINC:79034-5,N4cc8c11bce
LOINC:79035-2,N4cc8c11bce
LOINC:79036-0,N4cc8c11bce
LOINC:79037-8,N4cc8c11bce
LOINC:79038-6,N4cc8c11bce
LOINC:79039-4,N4cc8c11bce
LOINC:79040-2,N4cc8c11bce
LOINC:79041-0,N4cc8c11bce
LOINC:79042-8,N4cc8c11bce
LOINC:79043-6,N4cc8c11bce
LOINC:79044-4,N4cc8c11bce
LOINC:79045-1,N4cc8c11bce
LOINC:79046-9,N4cc8c11bce
LOINC:79047-7,N4cc8c11bce
LOINC:79048-5,N4cc8c11bce
LOINC:79049-3,N4cc8c11bce
LOINC:79050-1,N4cc8c11bce
LOINC:79051-9,N4cc8c11bce
LOINC:79052-7,N4cc8c11bce
LOINC:79053-5,N4cc8c11bce
LOINC:79054-3,N4cc8c11bce
LOINC:79055-0,N4cc8c11bce
LOINC:79056-8,N4cc8c11bce
LOINC:79057-6,N4cc8c11bce
LOINC:79058-4,N4cc8c11bce
LOINC:79059-2,N4cc8c11bce
LOINC:79060-0,N4cc8c11bce
LOINC:79061-8,N4cc8c11bce
LOINC:79062-6,N4cc8c11bce
LOINC:79063-4,N4cc8c11bce
LOINC:79064-2,N4cc8c11bce
LOINC:79104-6,N102758d08b
LOINC:79105-3,N102758d08b
LOINC:79106-1,N102758d08b
LOINC:79107-9,N102758d08b
LOINC:79108-7,N102758d08b
LOINC:79109-5,N102758d08b
LOINC:79110-3,N102758d08b
LOINC:79111-1,N102758d08b
LOINC:79112-9,N102758d08b
LOINC:79113-7,N102758d08b
LOINC:79114-5,N102758d08b
LOINC:79115-2,N102758d08b
LOINC:79116-0,N102758d08b
LOINC:79117-8,N102758d08b
LOINC:79118-6,N102758d08b
LOINC:79119-4,N102758d08b
LOINC:79120-2,N102758d08b
LOINC:79121-0,N102758d08b
LOINC:79122-8,N102758d08b
LOINC:79123-6,N102758d08b
LOINC:79124-4,N102758d08b
LOINC:79150-9,N102758d08b
LOINC:79421-4,Ncdafb4af3e
LOINC:79422-2,Ncdafb4af3e
LOINC:79423-0,N8ad6c18ebc
LOINC:79431-3,Nd10b8da89f
LOINC:79432-1,Nd10b8da89f
LOINC:79433-9,Nd10b8da89f
LOINC:79434-7,Nd10b8da89f
LOINC:79435-4,Nd10b8da89f
LOINC:79436-2,Nd10b8da89f
LOINC:79437-0,Nd10b8da89f
LOINC:79438-8,Nd10b8da89f
LOINC:79439-6,Nd10b8da89f
LOINC:79440-4,Nd10b8da89f
LOINC:79441-2,N7614a14059
LOINC:79442-0,N7614a14059
LOINC:79443-8,N7614a14059
LOINC:79444-6,N7614a14059
LOINC:79529-4,Na6daab2e40
LOINC:79530-2,Na6daab2e40
LOINC:79531-0,Na6daab2e40
LOINC:79532-8,Na6daab2e40
LOINC:79533-6,Na6daab2e40
LOINC:79534-4,Na6daab2e40
LOINC:79535-1,Na6daab2e40
LOINC:79536-9,Na6daab2e40
LOINC:79537-7,Na6daab2e40
LOINC:81460-8,N4cc8c11bce
LOINC:81461-6,N4cc8c11bce
LOINC:81462-4,N4cc8c11bce
LOINC:81463-2,N4cc8c11bce
LOINC:81464-0,N4cc8c11bce
LOINC:81465-7,N4cc8c11bce
LOINC:81466-5,N4cc8c11bce
LOINC:81467-3,N4cc8c11bce
LOINC:81468-1,N4cc8c11bce
LOINC:81469-9,N4cc8c11bce
LOINC:81470-7,N4cc8c11bce
LOINC:81471-5,N4cc8c11bce
LOINC:81472-3,N4cc8c11bce
LOINC:81473-1,N4cc8c11bce
LOINC:81474-9,N4cc8c11bce
LOINC:81475-6,N4cc8c11bce
LOINC:81476-4,N4cc8c11bce
LOINC:81477-2,N4cc8c11bce
LOINC:81478-0,N4cc8c11bce
LOINC:81479-8,N4cc8c11bce
LOINC:81480-6,N4cc8c11bce
LOINC:81481-4,N4cc8c11bce
LOINC:81482-2,N4cc8c11bce
LOINC:81483-0,N4cc8c11bce
LOINC:81484-8,N4cc8c11bce
LOINC:81485-5,N4cc8c11bce
LOINC:81486-3,N4cc8c11bce
LOINC:81487-1,N4cc8c11bce
LOINC:81488-9,N4cc8c11bce
LOINC:81489-7,N4cc8c11bce
LOINC:81490-5,N4cc8c11bce
LOINC:81491-3,N4cc8c11bce
LOINC:81492-1,N4cc8c11bce
LOINC:81493-9,N4cc8c11bce
LOINC:81494-7,N4cc8c11bce
LOINC:81495-4,N4cc8c11bce
LOINC:81496-2,N4cc8c11bce
LOINC:81497-0,N4cc8c11bce
LOINC:81498-8,N4cc8c11bce
LOINC:81499-6,N4cc8c11bce
LOINC:81500-1,N4cc8c11bce
LOINC:81501-9,N4cc8c11bce
LOINC:81502-7,N4cc8c11bce
LOINC:81503-5,N4cc8c11bce
LOINC:81504-3,N4cc8c11bce
LOINC:81505-0,N4cc8c11bce
LOINC:81506-8,N4cc8c11bce
LOINC:81507-6,N4cc8c11bce
LOINC:81508-4,N4cc8c11bce
LOINC:81509-2,N4cc8c11bce
LOINC:81510-0,N4cc8c11bce
LOINC:81511-8,N4cc8c11bce
LOINC:81512-6,N4cc8c11bce
LOINC:81513-4,N4cc8c11bce
LOINC:81514-2,N4cc8c11bce
LOINC:81515-9,N4cc8c11bce
LOINC:81516-7,N4cc8c11bce
LOINC:81517-5,N4cc8c11bce
LOINC:81518-3,N4cc8c11bce
LOINC:81519-1,N4cc8c11bce
LOINC:81520-9,N4cc8c11bce
LOINC:81521-7,N4cc8c11bce
LOINC:81522-5,N4cc8c11bce
LOINC:81523-3,N4cc8c11bce
LOINC:81524-1,N4cc8c11bce
LOINC:81525-8,N4cc8c11bce
LOINC:81526-6,N4cc8c11bce
LOINC:81527-4,N4cc8c11bce
LOINC:81528-2,N4cc8c11bce
LOINC:81529-0,N4cc8c11bce
LOINC:81530-8,N4cc8c11bce
LOINC:81531-6,N4cc8c11bce
LOINC:81532-4,N4cc8c11bce
LOINC:81533-2,N4cc8c11bce
LOINC:81534-0,N4cc8c11bce
LOINC:81535-7,N4cc8c11bce
LOINC:81536-5,N4cc8c11bce
LOINC:81537-3,N4cc8c11bce
LOINC:81538-1,N4cc8c11bce
LOINC:81636-3,N8b4f0a3243
LOINC:82226-2,N61a18a742e
LOINC:82227-0,N61a18a742e
LOINC:82228-8,N61a18a742e
LOINC:82229-6,N61a18a742e
LOINC:82230-4,N61a18a742e
LOINC:82231-2,N61a18a742e
LOINC:82232-0,N61a18a742e
LOINC:82233-8,N61a18a742e
LOINC:82234-6,N61a18a742e
LOINC:82235-3,N61a18a742e
LOINC:82236-1,N61a18a742e
LOINC:82237-9,N61a18a742e
LOINC:82316-1,N016cb6824a
LOINC:82317-9,Nd10b8da89f
LOINC:82318-7,Nd10b8da89f
LOINC:82319-5,Nd10b8da89f
LOINC:82320-3,Nd10b8da89f
LOINC:82321-1,Nd10b8da89f
LOINC:82322-9,Nd10b8da89f
LOINC:82323-7,N016cb6824a
LOINC:82324-5,N016cb6824a
LOINC:82325-2,Nd10b8da89f
LOINC:82326-0,Nd10b8da89f
LOINC:82327-8,Nd10b8da89f
LOINC:82328-6,Nd10b8da89f
LOINC:82329-4,Nd10b8da89f
LOINC:82330-2,Nd10b8da89f
LOINC:82331-0,Nd10b8da89f
LOINC:82332-8,N016cb6824a
LOINC:82664-4,Neac4ece38c
LOINC:82665-1,Neac4ece38c
LOINC:82666-9,Neac4ece38c
LOINC:82667-7,Neac4ece38c
LOINC:82668-5,Nff47836e15
LOINC:82669-3,Nff47836e15
LOINC:82670-1,Nff47836e15
LOINC:82671-9,Nff47836e15
LOINC:82672-7,Nff47836e15
LOINC:82673-5,Nff47836e15
LOINC:82674-3,Nff47836e15
LOINC:82940-8,Nfff91e3035
LOINC:82941-6,Nfff91e3035
LOINC:82942-4,Nfff91e3035
LOINC:82943-2,Nfff91e3035
LOINC:82944-0,Nfff91e3035
LOINC:82945-7,Nfff91e3035
LOINC:82946-5,Nfff91e3035
LOINC:82947-3,Nfff91e3035
LOINC:82948-1,Nfff91e3035
LOINC:82949-9,Nfff91e3035
LOINC:82950-7,Nfff91e3035
LOINC:82951-5,Nfff91e3035
LOINC:82952-3,Nfff91e3035
LOINC:82953-1,Nfff91e3035
LOINC:82954-9,Nfff91e3035
LOINC:83141-2,N7322a512cf
LOINC:83142-0,N7322a512cf
LOINC:83143-8,N7322a512cf
LOINC:83144-6,N7322a512cf
LOINC:83145-3,N7322a512cf
LOINC:83146-1,N7322a512cf
LOINC:83147-9,N7322a512cf
LOINC:83148-7,N7322a512cf
LOINC:83149-5,N7322a512cf
LOINC:83150-3,N7322a512cf
LOINC:83151-1,N7322a512cf
LOINC:83152-9,N7322a512cf
LOINC:83153-7,N7322a512cf
LOINC:83154-5,N7322a512cf
LOINC:83155-2,N7322a512cf
LOINC:83156-0,N7322a512cf
LOINC:83157-8,N7322a512cf
LOINC:83158-6,N7322a512cf
LOINC:83159-4,N7322a512cf
LOINC:83160-2,N7322a512cf
LOINC:83161-0,N7322a512cf
LOINC:83162-8,N7322a512cf
LOINC:83163-6,N7322a512cf
LOINC:83164-4,N7322a512cf
LOINC:83165-1,N7322a512cf
LOINC:83166-9,N7322a512cf
LOINC:83167-7,N7322a512cf
LOINC:83168-5,N7322a512cf
LOINC:83169-3,N7322a512cf
LOINC:83170-1,N7322a512cf
LOINC:83171-9,N7322a512cf
LOINC:83172-7,N7322a512cf
LOINC:83175-0,N7322a512cf
LOINC:83176-8,N7322a512cf
LOINC:83177-6,N7322a512cf
LOINC:83178-4,N7322a512cf
LOINC:83179-2,N7322a512cf
LOINC:83322-8,Ncc8d684905
LOINC:83323-6,Ncc8d684905
LOINC:83324-4,Ncc8d684905
LOINC:83328-5,Ncc8d684905
LOINC:83329-3,Ncc8d684905
LOINC:83330-1,Ncc8d684905
LOINC:83331-9,Ncc8d684905
LOINC:83332-7,Ncc8d684905
LOINC:83333-5,Ncc8d684905
LOINC:83334-3,Ncc8d684905
LOINC:83335-0,Ncc8d684905
LOINC:83336-8,Ncc8d684905
LOINC:83337-6,Ncc8d684905
LOINC:83338-4,Ncc8d684905
LOINC:83339-2,Ncc8d684905
LOINC:83340-0,Ncc8d684905
LOINC:83341-8,Ncc8d684905
LOINC:83342-6,Ncc8d684905
LOINC:83343-4,Ncc8d684905
LOINC:83344-2,Ncc8d684905
LOINC:83345-9,Ncc8d684905
LOINC:84415-9,N7322a512cf
LOINC:84416-7,N7322a512cf
LOINC:84417-5,N7322a512cf
LOINC:84418-3,N7322a512cf
LOINC:84419-1,N7322a512cf
LOINC:84420-9,N7322a512cf
LOINC:84421-7,N7322a512cf
LOINC:84422-5,N7322a512cf
LOINC:84423-3,N7322a512cf
LOINC:84424-1,N7322a512cf
LOINC:84425-8,N7322a512cf
LOINC:84426-6,N7322a512cf
LOINC:84427-4,N7322a512cf
LOINC:84432-4,N7322a512cf
LOINC:84433-2,N7322a512cf
LOINC:84434-0,N7322a512cf
LOINC:84435-7,N7322a512cf
LOINC:84436-5,N7322a512cf
LOINC:84437-3,N7322a512cf
LOINC:84438-1,N7322a512cf
LOINC:84439-9,N7322a512cf
LOINC:84440-7,N7322a512cf
LOINC:84441-5,N7322a512cf
LOINC:84442-3,N7322a512cf
LOINC:84443-1,N7322a512cf
LOINC:84444-9,N7322a512cf
LOINC:84445-6,N7322a512cf
LOINC:84446-4,N7322a512cf
LOINC:84447-2,N7322a512cf
LOINC:84448-0,N7322a512cf
LOINC:84449-8,N7322a512cf
LOINC:84450-6,N7322a512cf
LOINC:84451-4,N7322a512cf
LOINC:84452-2,N7322a512cf
LOINC:84453-0,N7322a512cf
LOINC:84454-8,N7322a512cf
LOINC:84455-5,N7322a512cf
LOINC:84456-3,N7322a512cf
LOINC:84457-1,N7322a512cf
LOINC:84458-9,N7322a512cf
LOINC:84459-7,N7322a512cf
LOINC:84460-5,N7322a512cf
LOINC:84461-3,N7322a512cf
LOINC:84462-1,N7322a512cf
LOINC:84463-9,N7322a512cf
LOINC:84464-7,N7322a512cf
LOINC:84465-4,N7322a512cf
LOINC:84466-2,N7322a512cf
LOINC:84467-0,N7322a512cf
LOINC:84468-8,N7322a512cf
LOINC:84469-6,N7322a512cf
LOINC:84470-4,N7322a512cf
LOINC:84471-2,N7322a512cf
LOINC:84472-0,N7322a512cf
LOINC:84473-8,N7322a512cf
LOINC:84474-6,N7322a512cf
LOINC:84475-3,N7322a512cf
LOINC:84476-1,N7322a512cf
LOINC:84477-9,N7322a512cf
LOINC:84478-7,N7322a512cf
LOINC:84479-5,N7322a512cf
LOINC:84480-3,N7322a512cf
LOINC:84481-1,N7322a512cf
LOINC:84482-9,N7322a512cf
LOINC:84483-7,N7322a512cf
LOINC:84484-5,N7322a512cf
LOINC:84485-2,N7322a512cf
LOINC:84486-0,N7322a512cf
LOINC:84487-8,N7322a512cf
LOINC:84488-6,N7322a512cf
LOINC:84489-4,N7322a512cf
LOINC:84490-2,N7322a512cf
LOINC:84491-0,N7322a512cf
LOINC:84492-8,N7322a512cf
LOINC:84493-6,N7322a512cf
LOINC:84494-4,N7322a512cf
LOINC:84495-1,N7322a512cf
LOINC:84496-9,N7322a512cf
LOINC:84497-7,N7322a512cf
LOINC:84498-5,N7322a512cf
LOINC:84499-3,N7322a512cf
LOINC:84500-8,N7322a512cf
LOINC:84501-6,N7322a512cf
LOINC:84502-4,N7322a512cf
LOINC:84503-2,N7322a512cf
LOINC:84504-0,N7322a512cf
LOINC:84505-7,N7322a512cf
LOINC:84506-5,N7322a512cf
LOINC:84507-3,N7322a512cf
LOINC:84508-1,N7322a512cf
LOINC:84509-9,N7322a512cf
LOINC:84510-7,N7322a512cf
LOINC:84511-5,N7322a512cf
LOINC:84512-3,N7322a512cf
LOINC:84513-1,N7322a512cf
LOINC:84514-9,N7322a512cf
LOINC:84515-6,N7322a512cf
LOINC:84516-4,N7322a512cf
LOINC:84517-2,N7322a512cf
LOINC:84518-0,N7322a512cf
LOINC:84519-8,N7322a512cf
LOINC:84520-6,N7322a512cf
LOINC:84521-4,N7322a512cf
LOINC:84522-2,N7322a512cf
LOINC:84523-0,N7322a512cf
LOINC:84524-8,N7322a512cf
LOINC:84525-5,N7322a512cf
LOINC:84526-3,N7322a512cf
LOINC:84527-1,N7322a512cf
LOINC:84528-9,N7322a512cf
LOINC:84529-7,N7322a512cf
LOINC:84530-5,N7322a512cf
LOINC:84531-3,N7322a512cf
LOINC:84532-1,N7322a512cf
LOINC:84533-9,N7322a512cf
LOINC:84534-7,N7322a512cf
LOINC:84535-4,N7322a512cf
LOINC:84536-2,N7322a512cf
LOINC:84537-0,N7322a512cf
LOINC:84538-8,N7322a512cf
LOINC:84539-6,N7322a512cf
LOINC:84540-4,N7322a512cf
LOINC:84541-2,N7322a512cf
LOINC:84542-0,N7322a512cf
LOINC:84543-8,N7322a512cf
LOINC:84544-6,N7322a512cf
LOINC:84545-3,N7322a512cf
LOINC:84546-1,N7322a512cf
LOINC:84547-9,N7322a512cf
LOINC:84548-7,N7322a512cf
LOINC:84549-5,N7322a512cf
LOINC:84550-3,N7322a512cf
LOINC:84551-1,N7322a512cf
LOINC:84552-9,N7322a512cf
LOINC:84553-7,N7322a512cf
LOINC:84554-5,N7322a512cf
LOINC:84555-2,N7322a512cf
LOINC:84556-0,N7322a512cf
LOINC:84557-8,N7322a512cf
LOINC:84558-6,N7322a512cf
LOINC:84559-4,N7322a512cf
LOINC:84560-2,N7322a512cf
LOINC:84561-0,N7322a512cf
LOINC:84562-8,N7322a512cf
LOINC:84563-6,N7322a512cf
LOINC:84564-4,N7322a512cf
LOINC:84565-1,N7322a512cf
LOINC:84566-9,N7322a512cf
LOINC:84567-7,N7322a512cf
LOINC:84568-5,N7322a512cf
LOINC:84569-3,N7322a512cf
LOINC:84570-1,N7322a512cf
LOINC:84571-9,N7322a512cf
LOINC:84572-7,N7322a512cf
LOINC:84573-5,N7322a512cf
LOINC:84574-3,N7322a512cf
LOINC:84575-0,N7322a512cf
LOINC:84576-8,N7322a512cf
LOINC:84577-6,N7322a512cf
LOINC:84578-4,N7322a512cf
LOINC:84579-2,N7322a512cf
LOINC:84580-0,N7322a512cf
LOINC:84581-8,N7322a512cf
LOINC:84582-6,N7322a512cf
LOINC:84583-4,N7322a512cf
LOINC:84584-2,N7322a512cf
LOINC:84585-9,N7322a512cf
LOINC:84586-7,N7322a512cf
LOINC:84587-5,N7322a512cf
LOINC:84588-3,N7322a512cf
LOINC:84589-1,N7322a512cf
LOINC:84590-9,N7322a512cf
LOINC:84591-7,N7322a512cf
LOINC:84592-5,N7322a512cf
LOINC:84593-3,N7322a512cf
LOINC:84594-1,N7322a512cf
LOINC:84595-8,N7322a512cf
LOINC:84596-6,N7322a512cf
LOINC:84597-4,N7322a512cf
LOINC:84598-2,N7322a512cf
LOINC:84599-0,N7322a512cf
LOINC:84600-6,N7322a512cf
LOINC:84601-4,N7322a512cf
LOINC:84602-2,N7322a512cf
LOINC:84603-0,N7322a512cf
LOINC:84604-8,N7322a512cf
LOINC:84605-5,N7322a512cf
LOINC:84606-3,N7322a512cf
LOINC:84607-1,N7322a512cf
LOINC:84608-9,N7322a512cf
LOINC:84609-7,N7322a512cf
LOINC:84610-5,N7322a512cf
LOINC:84611-3,N7322a512cf
LOINC:84612-1,N7322a512cf
LOINC:84613-9,N7322a512cf
LOINC:84614-7,N7322a512cf
LOINC:84615-4,N7322a512cf
LOINC:84616-2,N7322a512cf
LOINC:84617-0,N7322a512cf
LOINC:84618-8,N7322a512cf
LOINC:84619-6,N7322a512cf
LOINC:84620-4,N7322a512cf
LOINC:84621-2,N7322a512cf
LOINC:84622-0,N7322a512cf
LOINC:84623-8,N7322a512cf
LOINC:84624-6,N7322a512cf
LOINC:84625-3,N7322a512cf
LOINC:84626-1,N7322a512cf
LOINC:84627-9,N7322a512cf
LOINC:84628-7,N7322a512cf
LOINC:84629-5,N7322a512cf
LOINC:84630-3,N7322a512cf
LOINC:84631-1,N7322a512cf
LOINC:84632-9,N7322a512cf
LOINC:84633-7,N7322a512cf
LOINC:84634-5,N7322a512cf
LOINC:84635-2,N7322a512cf
LOINC:84636-0,N7322a512cf
LOINC:84637-8,N7322a512cf
LOINC:84638-6,N7322a512cf
LOINC:84639-4,N7322a512cf
LOINC:84640-2,N7322a512cf
LOINC:84641-0,N7322a512cf
LOINC:84642-8,N7322a512cf
LOINC:84643-6,N7322a512cf
LOINC:84644-4,N7322a512cf
LOINC:84645-1,N7322a512cf
LOINC:84646-9,N7322a512cf
LOINC:84647-7,N7322a512cf
LOINC:84648-5,N7322a512cf
LOINC:84649-3,N7322a512cf
LOINC:84650-1,N7322a512cf
LOINC:84651-9,N7322a512cf
LOINC:84652-7,N7322a512cf
LOINC:84653-5,N7322a512cf
LOINC:84654-3,N7322a512cf
LOINC:84655-0,N7322a512cf
LOINC:84656-8,N7322a512cf
LOINC:84657-6,N7322a512cf
LOINC:84658-4,N7322a512cf
LOINC:84659-2,N7322a512cf
LOINC:84660-0,N7322a512cf
LOINC:84661-8,N7322a512cf
LOINC:84662-6,N7322a512cf
LOINC:84663-4,N7322a512cf
LOINC:84664-2,N7322a512cf
LOINC:84665-9,N7322a512cf
LOINC:84666-7,N7322a512cf
LOINC:84667-5,N7322a512cf
LOINC:84668-3,N7322a512cf
LOINC:84669-1,N7322a512cf
LOINC:84670-9,N7322a512cf
LOINC:84671-7,N7322a512cf
LOINC:84672-5,N7322a512cf
LOINC:84673-3,N7322a512cf
LOINC:84674-1,N7322a512cf
LOINC:84675-8,N7322a512cf
LOINC:84676-6,N7322a512cf
LOINC:84677-4,N7322a512cf
LOINC:84678-2,N7322a512cf
LOINC:84679-0,N7322a512cf
LOINC:84680-8,N7322a512cf
LOINC:84681-6,N7322a512cf
LOINC:84682-4,N7322a512cf
LOINC:84683-2,N7322a512cf
LOINC:84684-0,N7322a512cf
LOINC:84685-7,N7322a512cf
LOINC:84686-5,N7322a512cf
LOINC:84687-3,N7322a512cf
LOINC:84688-1,N7322a512cf
LOINC:84689-9,N7322a512cf
LOINC:84690-7,N7322a512cf
LOINC:84691-5,N7322a512cf
LOINC:84692-3,N7322a512cf
LOINC:84693-1,N7322a512cf
LOINC:84694-9,N7322a512cf
LOINC:84695-6,N7322a512cf
LOINC:84696-4,N7322a512cf
LOINC:84697-2,N7322a512cf
LOINC:84698-0,N7322a512cf
LOINC:84699-8,N7322a512cf
LOINC:84700-4,N7322a512cf
LOINC:84701-2,N7322a512cf
LOINC:84702-0,N7322a512cf
LOINC:84703-8,N7322a512cf
LOINC:84704-6,N7322a512cf
LOINC:84705-3,N7322a512cf
LOINC:84706-1,N7322a512cf
LOINC:84707-9,N7322a512cf
LOINC:84708-7,N7322a512cf
LOINC:84709-5,N7322a512cf
LOINC:84710-3,N7322a512cf
LOINC:84711-1,N7322a512cf
LOINC:84712-9,N7322a512cf
LOINC:84713-7,N7322a512cf
LOINC:84714-5,N7322a512cf
LOINC:84715-2,N7322a512cf
LOINC:84716-0,N7322a512cf
LOINC:84717-8,N7322a512cf
LOINC:84718-6,N7322a512cf
LOINC:84719-4,N7322a512cf
LOINC:84720-2,N7322a512cf
LOINC:84721-0,N7322a512cf
LOINC:84722-8,N7322a512cf
LOINC:84723-6,N7322a512cf
LOINC:84724-4,N7322a512cf
LOINC:84725-1,N7322a512cf
LOINC:84726-9,N7322a512cf
LOINC:84727-7,N7322a512cf
LOINC:84728-5,N7322a512cf
LOINC:84729-3,N7322a512cf
LOINC:84730-1,N7322a512cf
LOINC:84731-9,N7322a512cf
LOINC:84732-7,N7322a512cf
LOINC:84733-5,N7322a512cf
LOINC:84734-3,N7322a512cf
LOINC:84735-0,N7322a512cf
LOINC:84736-8,N7322a512cf
LOINC:84737-6,N7322a512cf
LOINC:84738-4,N7322a512cf
LOINC:84739-2,N7322a512cf
LOINC:84740-0,N7322a512cf
LOINC:84741-8,N7322a512cf
LOINC:84742-6,N7322a512cf
LOINC:84743-4,N7322a512cf
LOINC:84744-2,N7322a512cf
LOINC:84745-9,N7322a512cf
LOINC:84746-7,N7322a512cf
LOINC:84747-5,N7322a512cf
LOINC:84748-3,N7322a512cf
LOINC:84749-1,N7322a512cf
LOINC:84750-9,N7322a512cf
LOINC:84751-7,N7322a512cf
LOINC:84752-5,N7322a512cf
LOINC:84753-3,N7322a512cf
LOINC:84754-1,N7322a512cf
LOINC:84755-8,N7322a512cf
LOINC:84756-6,N7322a512cf
LOINC:84757-4,N7322a512cf
LOINC:84758-2,N7322a512cf
LOINC:84759-0,N7322a512cf
LOINC:84760-8,N7322a512cf
LOINC:84761-6,N7322a512cf
LOINC:84762-4,N7322a512cf
LOINC:84763-2,N7322a512cf
LOINC:84764-0,N7322a512cf
LOINC:84765-7,N7322a512cf
LOINC:84766-5,N7322a512cf
LOINC:84767-3,N7322a512cf
LOINC:84768-1,N7322a512cf
LOINC:84769-9,N7322a512cf
LOINC:84770-7,N7322a512cf
LOINC:84771-5,N7322a512cf
LOINC:84772-3,Ncb6791326d
LOINC:84773-1,N0a3e6a9a65
LOINC:84775-6,N7322a512cf
LOINC:84777-2,N7322a512cf
LOINC:84779-8,N7322a512cf
LOINC:84781-4,N7322a512cf
LOINC:84782-2,N7322a512cf
LOINC:84787-1,N7322a512cf
LOINC:84788-9,N7322a512cf
LOINC:84789-7,N7322a512cf
LOINC:84793-9,N7322a512cf
LOINC:84794-7,N7322a512cf
LOINC:84795-4,N7322a512cf
LOINC:84796-2,N7322a512cf
LOINC:84798-8,N7322a512cf
LOINC:84799-6,N7322a512cf
LOINC:84800-2,N7322a512cf
LOINC:84801-0,N7322a512cf
LOINC:84802-8,N7322a512cf
LOINC:84910-9,N7322a512cf
LOINC:84932-3,N7322a512cf
LOINC:84933-1,N7322a512cf
LOINC:84956-2,N7322a512cf
LOINC:84957-0,N7322a512cf
LOINC:84958-8,N7322a512cf
LOINC:84962-0,N7322a512cf
LOINC:84963-8,N7322a512cf
LOINC:84964-6,N7322a512cf
LOINC:84966-1,N7322a512cf
LOINC:84968-7,N7322a512cf
LOINC:84969-5,N7322a512cf
LOINC:84970-3,N7322a512cf
LOINC:84971-1,N7322a512cf
LOINC:84972-9,N7322a512cf
LOINC:84974-5,N7322a512cf
LOINC:84975-2,N7322a512cf
LOINC:84976-0,N7322a512cf
LOINC:84977-8,N7322a512cf
LOINC:84978-6,N7322a512cf
LOINC:84980-2,N7322a512cf
LOINC:84982-8,N7322a512cf
LOINC:84983-6,N7322a512cf
LOINC:85008-1,N7322a512cf
LOINC:85009-9,N7322a512cf
LOINC:85011-5,N7322a512cf
LOINC:85012-3,N7322a512cf
LOINC:85013-1,N7322a512cf
LOINC:85016-4,N7322a512cf
LOINC:85019-8,N7322a512cf
LOINC:85021-4,N7322a512cf
LOINC:85022-2,N7322a512cf
LOINC:85024-8,N7322a512cf
LOINC:85025-5,N7322a512cf
LOINC:85026-3,N7322a512cf
LOINC:85027-1,N7322a512cf
LOINC:85028-9,N7322a512cf
LOINC:85029-7,N7322a512cf
LOINC:85031-3,N7322a512cf
LOINC:85032-1,N7322a512cf
LOINC:85034-7,N7322a512cf
LOINC:85035-4,N7322a512cf
LOINC:85036-2,N7322a512cf
LOINC:85074-3,N7322a512cf
LOINC:85075-0,N7322a512cf
LOINC:85076-8,N7322a512cf
LOINC:85077-6,N7322a512cf
LOINC:85102-2,N0a3e6a9a65
LOINC:85103-0,Ncb6791326d
LOINC:85105-5,N7322a512cf
LOINC:85106-3,N7322a512cf
LOINC:85108-9,N7322a512cf
LOINC:85109-7,N7322a512cf
LOINC:85110-5,N7322a512cf
LOINC:85111-3,N7322a512cf
LOINC:85112-1,N7322a512cf
LOINC:85115-4,N7322a512cf
LOINC:85117-0,N7322a512cf
LOINC:85118-8,N7322a512cf
LOINC:85120-4,N7322a512cf
LOINC:85121-2,N7322a512cf
LOINC:85123-8,N7322a512cf
LOINC:85124-6,N7322a512cf
LOINC:85126-1,N7322a512cf
LOINC:85127-9,N7322a512cf
LOINC:85129-5,N7322a512cf
LOINC:85130-3,N7322a512cf
LOINC:85132-9,N7322a512cf
LOINC:85133-7,N7322a512cf
LOINC:85135-2,N7322a512cf
LOINC:85136-0,N7322a512cf
LOINC:85137-8,N7322a512cf
LOINC:85139-4,N7322a512cf
LOINC:85140-2,N7322a512cf
LOINC:85141-0,N7322a512cf
LOINC:85143-6,N7322a512cf
LOINC:85145-1,N7322a512cf
LOINC:85146-9,N7322a512cf
LOINC:85349-9,N15c838d2e1
LOINC:85446-3,N2831aef3a3
LOINC:85447-1,N2831aef3a3
LOINC:85448-9,N2831aef3a3
LOINC:85449-7,N2831aef3a3
LOINC:85450-5,N2831aef3a3
LOINC:85451-3,N2831aef3a3
LOINC:85452-1,N2831aef3a3
LOINC:85453-9,N2831aef3a3
LOINC:85454-7,N2831aef3a3
LOINC:85455-4,N2831aef3a3
LOINC:85456-2,N2831aef3a3
LOINC:85457-0,N2831aef3a3
LOINC:85458-8,N2831aef3a3
LOINC:85459-6,N2831aef3a3
LOINC:85460-4,N2831aef3a3
LOINC:85461-2,N2831aef3a3
LOINC:85462-0,N2831aef3a3
LOINC:85463-8,N2831aef3a3
LOINC:85464-6,N2831aef3a3
LOINC:85465-3,N2831aef3a3
LOINC:85466-1,N2831aef3a3
LOINC:85467-9,N2831aef3a3
LOINC:85468-7,N2831aef3a3
LOINC:85469-5,N2831aef3a3
LOINC:85523-9,N4cc8c11bce
LOINC:85524-7,N4cc8c11bce
LOINC:85554-4,N2831aef3a3
LOINC:85555-1,N2831aef3a3
LOINC:85556-9,N67a5dcb5af
LOINC:85598-1,Nc51a7b2c21
LOINC:85599-9,Nc51a7b2c21
LOINC:85600-5,Nc51a7b2c21
LOINC:85601-3,Nc51a7b2c21
LOINC:85602-1,Nc51a7b2c21
LOINC:85603-9,Nc51a7b2c21
LOINC:85604-7,Nc51a7b2c21
LOINC:85605-4,Nc51a7b2c21
LOINC:85606-2,Nc51a7b2c21
LOINC:85607-0,Nc51a7b2c21
LOINC:85608-8,Nc51a7b2c21
LOINC:85609-6,Nc51a7b2c21
LOINC:85610-4,Nc51a7b2c21
LOINC:85611-2,Nc51a7b2c21
LOINC:85612-0,Nc51a7b2c21
LOINC:85613-8,Nc51a7b2c21
LOINC:85614-6,Nc51a7b2c21
LOINC:85615-3,Nc51a7b2c21
LOINC:85616-1,Nc51a7b2c21
LOINC:85617-9,Nc51a7b2c21
LOINC:85618-7,Nc51a7b2c21
LOINC:85619-5,Nc51a7b2c21
LOINC:85620-3,Nc51a7b2c21
LOINC:85624-5,N2b81d05aed
LOINC:85625-2,N2b81d05aed
LOINC:85626-0,N2b81d05aed
LOINC:85630-2,Nef4b82d93a
LOINC:85631-0,Nef4b82d93a
LOINC:85634-4,Nef4b82d93a
LOINC:85646-8,Nef4b82d93a
LOINC:85649-2,Nef4b82d93a
LOINC:85651-8,Nef4b82d93a
LOINC:85655-9,Nef4b82d93a
LOINC:85811-8,Nef4b82d93a
LOINC:85812-6,Nef4b82d93a
LOINC:85904-1,N15c838d2e1
LOINC:85905-8,N15c838d2e1
LOINC:86335-7,N016cb6824a
LOINC:86336-5,N016cb6824a
LOINC:86472-8,N4d0a1c86be
LOINC:86473-6,N4d0a1c86be
LOINC:86474-4,N4d0a1c86be
LOINC:86475-1,N4d0a1c86be
LOINC:86476-9,N4d0a1c86be
LOINC:86477-7,N4d0a1c86be
LOINC:86478-5,N4d0a1c86be
LOINC:86479-3,N4d0a1c86be
LOINC:86480-1,N4d0a1c86be
LOINC:86481-9,N4d0a1c86be
LOINC:86482-7,N4d0a1c86be
LOINC:86483-5,N4d0a1c86be
LOINC:86484-3,N4d0a1c86be
LOINC:86485-0,N4d0a1c86be
LOINC:86486-8,N4d0a1c86be
LOINC:86487-6,N4d0a1c86be
LOINC:86488-4,N4d0a1c86be
LOINC:86489-2,N4d0a1c86be
LOINC:86490-0,N4d0a1c86be
LOINC:86491-8,N4d0a1c86be
LOINC:86492-6,N4d0a1c86be
LOINC:86493-4,N4d0a1c86be
LOINC:86494-2,N4d0a1c86be
LOINC:86631-9,N016cb6824a
LOINC:86632-7,N016cb6824a
LOINC:86633-5,N016cb6824a
LOINC:86634-3,N016cb6824a
LOINC:86923-0,N4d0a1c86be
LOINC:86924-8,N4d0a1c86be
LOINC:86932-1,N9fa7625b7d
LOINC:86933-9,N9fa7625b7d
LOINC:86934-7,N9fa7625b7d
LOINC:86935-4,N9fa7625b7d
LOINC:86936-2,N9fa7625b7d
LOINC:86937-0,N9fa7625b7d
LOINC:86938-8,N9fa7625b7d
LOINC:86939-6,N9fa7625b7d
LOINC:86940-4,N9fa7625b7d
LOINC:86941-2,N9fa7625b7d
LOINC:86942-0,N9fa7625b7d
LOINC:86943-8,N9fa7625b7d
LOINC:86944-6,N9fa7625b7d
LOINC:86945-3,N9fa7625b7d
LOINC:86946-1,N9fa7625b7d
LOINC:87675-5,N9fa7625b7d
LOINC:87676-3,N9fa7625b7d
LOINC:87677-1,N9fa7625b7d
LOINC:87678-9,N9fa7625b7d
LOINC:87679-7,N9fa7625b7d
LOINC:87680-5,N9fa7625b7d
LOINC:87681-3,N9fa7625b7d
LOINC:87682-1,N9fa7625b7d
LOINC:87683-9,N9fa7625b7d
LOINC:87684-7,N9fa7625b7d
LOINC:87685-4,N9fa7625b7d
LOINC:87686-2,N9fa7625b7d
LOINC:87687-0,N9fa7625b7d
LOINC:87688-8,N9fa7625b7d
LOINC:87689-6,N9fa7625b7d
LOINC:87690-4,N9fa7625b7d
LOINC:87691-2,N9fa7625b7d
LOINC:87692-0,N9fa7625b7d
LOINC:87693-8,N9fa7625b7d
LOINC:87694-6,N9fa7625b7d
LOINC:87695-3,N9fa7625b7d
LOINC:87696-1,N9fa7625b7d
LOINC:87697-9,N9fa7625b7d
LOINC:87698-7,N9fa7625b7d
LOINC:87699-5,N9fa7625b7d
LOINC:87700-1,N9fa7625b7d
LOINC:87701-9,N9fa7625b7d
LOINC:87702-7,N9fa7625b7d
LOINC:87703-5,N9fa7625b7d
LOINC:87704-3,N9fa7625b7d
LOINC:88003-9,Naf4631e11b
LOINC:88020-3,N6d8e25a488
LOINC:88021-1,N6d8e25a488
LOINC:88121-9,N9253c423e6
LOINC:88124-3,N9253c423e6
LOINC:88174-8,N9fa7625b7d
LOINC:88175-5,N9fa7625b7d
LOINC:88176-3,N9fa7625b7d
LOINC:88469-2,Nd9f4f630f5
LOINC:88470-0,Nd9f4f630f5
LOINC:88471-8,Nd9f4f630f5
LOINC:88472-6,Nd9f4f630f5
LOINC:88473-4,Nd9f4f630f5
LOINC:88474-2,Nd9f4f630f5
LOINC:88475-9,Nd9f4f630f5
LOINC:88476-7,Nd9f4f630f5
LOINC:88477-5,Nd9f4f630f5
LOINC:88478-3,Nd9f4f630f5
LOINC:88479-1,Nd9f4f630f5
LOINC:88480-9,Nd9f4f630f5
LOINC:88481-7,Nd9f4f630f5
LOINC:88747-1,Nd10b8da89f
LOINC:88748-9,Nd10b8da89f
LOINC:88749-7,Nd10b8da89f
LOINC:88750-5,Nd10b8da89f
LOINC:88751-3,Nd10b8da89f
LOINC:88752-1,Nd10b8da89f
LOINC:88753-9,Nd10b8da89f
LOINC:88754-7,Nd10b8da89f
LOINC:88755-4,Nd10b8da89f
LOINC:88756-2,Nd10b8da89f
LOINC:88757-0,Nd10b8da89f
LOINC:88758-8,Nd10b8da89f
LOINC:88759-6,Nd10b8da89f
LOINC:88760-4,Nd10b8da89f
LOINC:88761-2,Nd10b8da89f
LOINC:88762-0,Nd10b8da89f
LOINC:88763-8,Nd10b8da89f
LOINC:88764-6,Nd10b8da89f
LOINC:88765-3,Nd10b8da89f
LOINC:88766-1,Nd10b8da89f
LOINC:88767-9,Nd10b8da89f
LOINC:88768-7,Nd10b8da89f
LOINC:88769-5,Nd10b8da89f
LOINC:88770-3,Nd10b8da89f
LOINC:88771-1,Nd10b8da89f
LOINC:88772-9,Nd10b8da89f
LOINC:88773-7,Nd10b8da89f
LOINC:88774-5,Nd10b8da89f
LOINC:88775-2,Nd10b8da89f
LOINC:88776-0,Nd10b8da89f
LOINC:88777-8,Nd10b8da89f
LOINC:88778-6,Nd10b8da89f
LOINC:88779-4,Nd10b8da89f
LOINC:88780-2,Nd10b8da89f
LOINC:88781-0,Nd10b8da89f
LOINC:88782-8,Nd10b8da89f
LOINC:88783-6,Nd10b8da89f
LOINC:88784-4,Nd10b8da89f
LOINC:88785-1,Nd10b8da89f
LOINC:88786-9,Nd10b8da89f
LOINC:88787-7,Nd10b8da89f
LOINC:88788-5,Nd10b8da89f
LOINC:88789-3,Nd10b8da89f
LOINC:88790-1,Nd10b8da89f
LOINC:88791-9,Nd10b8da89f
LOINC:88792-7,Nd10b8da89f
LOINC:88793-5,Nd10b8da89f
LOINC:88794-3,Nd10b8da89f
LOINC:88795-0,Nd10b8da89f
LOINC:88796-8,Nd10b8da89f
LOINC:88797-6,Nd10b8da89f
LOINC:88798-4,Nd10b8da89f
LOINC:88799-2,Nd10b8da89f
LOINC:88800-8,Nd10b8da89f
LOINC:88801-6,Nd10b8da89f
LOINC:88802-4,Nd10b8da89f
LOINC:88803-2,Nd10b8da89f
LOINC:88804-0,Nd10b8da89f
LOINC:88805-7,Nd10b8da89f
LOINC:88806-5,Nd10b8da89f
LOINC:88807-3,Nd10b8da89f
LOINC:88808-1,Nd10b8da89f
LOINC:88809-9,Nd10b8da89f
LOINC:88810-7,Nd10b8da89f
LOINC:88811-5,Nd10b8da89f
LOINC:88812-3,Nd10b8da89f
LOINC:88813-1,Nd10b8da89f
LOINC:88814-9,Nd10b8da89f
LOINC:88815-6,Nd10b8da89f
LOINC:88816-4,Nd10b8da89f
LOINC:88817-2,Nd10b8da89f
LOINC:88818-0,Nd10b8da89f
LOINC:88819-8,Nd10b8da89f
LOINC:88820-6,Nd10b8da89f
LOINC:88821-4,Nd10b8da89f
LOINC:88822-2,Nd10b8da89f
LOINC:88823-0,Nd10b8da89f
LOINC:88824-8,Nd10b8da89f
LOINC:88825-5,Nd10b8da89f
LOINC:88826-3,Nd10b8da89f
LOINC:88827-1,Nd10b8da89f
LOINC:88851-1,N4cc8c11bce
LOINC:88852-9,N4cc8c11bce
LOINC:88853-7,N4cc8c11bce
LOINC:88854-5,N4cc8c11bce
LOINC:88863-6,N87bf7d5ebc
LOINC:89041-8,N87bf7d5ebc
LOINC:89090-5,Nf768160c00
LOINC:89092-1,Nf768160c00
LOINC:89093-9,Nf768160c00
LOINC:89094-7,Nf768160c00
LOINC:89095-4,Nf768160c00
LOINC:89096-2,Nf768160c00
LOINC:89097-0,Nf768160c00
LOINC:89098-8,Nf768160c00
LOINC:89099-6,Nf768160c00
LOINC:89100-2,Nf768160c00
LOINC:89101-0,Nf768160c00
LOINC:89102-8,Nf768160c00
LOINC:89103-6,Nf768160c00
LOINC:89104-4,Nf768160c00
LOINC:89105-1,Nf768160c00
LOINC:89106-9,Nf768160c00
LOINC:89107-7,Nf768160c00
LOINC:89108-5,Nf768160c00
LOINC:89109-3,Nf768160c00
LOINC:89110-1,Nf768160c00
LOINC:89111-9,Nf768160c00
LOINC:89112-7,Nf768160c00
LOINC:89113-5,Nf768160c00
LOINC:89114-3,Nf768160c00
LOINC:89115-0,Nf768160c00
LOINC:89116-8,Nf768160c00
LOINC:89117-6,Nf768160c00
LOINC:89118-4,Nf768160c00
LOINC:89119-2,Nf768160c00
LOINC:89120-0,Nf768160c00
LOINC:89121-8,Nf768160c00
LOINC:89122-6,Nf768160c00
LOINC:89123-4,Nf768160c00
LOINC:89124-2,Nf768160c00
LOINC:89125-9,Nf768160c00
LOINC:89126-7,Nf768160c00
LOINC:89127-5,Nf768160c00
LOINC:89128-3,Nf768160c00
LOINC:89129-1,Nf768160c00
LOINC:89130-9,Nf768160c00
LOINC:89133-3,Nf768160c00
LOINC:89135-8,Nf768160c00
LOINC:89136-6,Nf768160c00
LOINC:89137-4,Nf768160c00
LOINC:89138-2,Nf768160c00
LOINC:89139-0,Nf768160c00
LOINC:89140-8,Nf768160c00
LOINC:89141-6,Nf768160c00
LOINC:89142-4,Nf768160c00
LOINC:89143-2,Nf768160c00
LOINC:89144-0,Nf768160c00
LOINC:89145-7,Nf768160c00
LOINC:89146-5,Nf768160c00
LOINC:89147-3,Nf768160c00
LOINC:89148-1,Nf768160c00
LOINC:89149-9,Nf768160c00
LOINC:89150-7,Nf768160c00
LOINC:89151-5,Nf768160c00
LOINC:89152-3,Nf768160c00
LOINC:89153-1,Nf768160c00
LOINC:89154-9,Nf768160c00
LOINC:89155-6,Nf768160c00
LOINC:89156-4,Nf768160c00
LOINC:89157-2,Nf768160c00
LOINC:89158-0,Nf768160c00
LOINC:89159-8,Nf768160c00
LOINC:89160-6,Nf768160c00
LOINC:89161-4,Nf768160c00
LOINC:89162-2,Nf768160c00
LOINC:89163-0,Nf768160c00
LOINC:89164-8,Nf768160c00
LOINC:89165-5,Nf768160c00
LOINC:89166-3,Nf768160c00
LOINC:89167-1,Nf768160c00
LOINC:89168-9,Nf768160c00
LOINC:89169-7,Nf768160c00
LOINC:89170-5,Nf768160c00
LOINC:89171-3,Nf768160c00
LOINC:89172-1,Nf768160c00
LOINC:89173-9,Nf768160c00
LOINC:89174-7,Nf768160c00
LOINC:89198-6,Nf768160c00
LOINC:89199-4,Nf768160c00
LOINC:89204-2,N6bfcd39439
LOINC:89206-7,N6bfcd39439
LOINC:89208-3,N2169aade9a
LOINC:89209-1,N2169aade9a
LOINC:89210-9,N2169aade9a
LOINC:89211-7,N2169aade9a
LOINC:89285-1,Nf768160c00
LOINC:89286-9,Nf768160c00
LOINC:89287-7,Nf768160c00
LOINC:89288-5,Nf768160c00
LOINC:89289-3,Nf768160c00
LOINC:89290-1,Nf768160c00
LOINC:89293-5,Nf768160c00
LOINC:89294-3,Nf768160c00
LOINC:89295-0,Nf768160c00
LOINC:89296-8,Nf768160c00
LOINC:89297-6,Nf768160c00
LOINC:89298-4,Nf768160c00
LOINC:89435-2,N3c45f2e6bf
LOINC:89436-0,N3c45f2e6bf
LOINC:89437-8,N3c45f2e6bf
LOINC:89438-6,N3c45f2e6bf
LOINC:89439-4,N3c45f2e6bf
LOINC:89440-2,N3c45f2e6bf
LOINC:89544-1,Nf57880f057
LOINC:89545-8,Nf57880f057
LOINC:89546-6,N24ad1cc0ce
LOINC:89547-4,N24ad1cc0ce
LOINC:89548-2,Nbd197af671
LOINC:89549-0,Nbd197af671
LOINC:89556-5,N51e529dcf9
LOINC:89557-3,N51e529dcf9
LOINC:89558-1,N51e529dcf9
LOINC:89559-9,N51e529dcf9
LOINC:89560-7,N51e529dcf9
LOINC:89561-5,N51e529dcf9
LOINC:89562-3,N51e529dcf9
LOINC:89563-1,N51e529dcf9
LOINC:89564-9,N51e529dcf9
LOINC:89565-6,N51e529dcf9
LOINC:89566-4,N51e529dcf9
LOINC:89567-2,N51e529dcf9
LOINC:89568-0,N51e529dcf9
LOINC:89569-8,N51e529dcf9
LOINC:89570-6,N51e529dcf9
LOINC:89571-4,N51e529dcf9
LOINC:89663-9,N4cc8c11bce
LOINC:89664-7,N4cc8c11bce
LOINC:89665-4,N4cc8c11bce
LOINC:89666-2,N4cc8c11bce
LOINC:89667-0,N4cc8c11bce
LOINC:89668-8,N4cc8c11bce
LOINC:89669-6,N4cc8c11bce
LOINC:89670-4,N4cc8c11bce
LOINC:89671-2,N4cc8c11bce
LOINC:89672-0,N4cc8c11bce
LOINC:89673-8,N4cc8c11bce
LOINC:89674-6,N4cc8c11bce
LOINC:89675-3,N4cc8c11bce
LOINC:89676-1,N4cc8c11bce
LOINC:89677-9,N4cc8c11bce
LOINC:89678-7,N4cc8c11bce
LOINC:89679-5,N4cc8c11bce
LOINC:89680-3,N4cc8c11bce
LOINC:89681-1,N4cc8c11bce
LOINC:89682-9,N4cc8c11bce
LOINC:89683-7,N4cc8c11bce
LOINC:89684-5,N4cc8c11bce
LOINC:89685-2,N4cc8c11bce
LOINC:89686-0,N4cc8c11bce
LOINC:89687-8,N4cc8c11bce
LOINC:89688-6,N4cc8c11bce
LOINC:89689-4,N4cc8c11bce
LOINC:89690-2,N4cc8c11bce
LOINC:89862-7,N96265ffc32
LOINC:89863-5,N96265ffc32
LOINC:89864-3,N96265ffc32
LOINC:89865-0,N96265ffc32
LOINC:89866-8,N96265ffc32
LOINC:89867-6,N96265ffc32
LOINC:89868-4,N96265ffc32
LOINC:89869-2,N96265ffc32
LOINC:89870-0,N96265ffc32
LOINC:89904-7,Ne65a9cc0fe
LOINC:89905-4,Ne65a9cc0fe
LOINC:89906-2,N1aa178426c
LOINC:89907-0,N1aa178426c
LOINC:89920-3,N4cc8c11bce
LOINC:89921-1,N4cc8c11bce
LOINC:89922-9,N4cc8c11bce
LOINC:89923-7,N4cc8c11bce
LOINC:89924-5,N4cc8c11bce
LOINC:89934-4,N4cc8c11bce
LOINC:89935-1,N4cc8c11bce
LOINC:89936-9,N4cc8c11bce
LOINC:89937-7,N4cc8c11bce
LOINC:89938-5,N4cc8c11bce
LOINC:89939-3,N4cc8c11bce
LOINC:89940-1,N4cc8c11bce
LOINC:89941-9,N4cc8c11bce
LOINC:89942-7,N4cc8c11bce
LOINC:89943-5,N4cc8c11bce
LOINC:89944-3,N4cc8c11bce
LOINC:89945-0,N4cc8c11bce
LOINC:89946-8,N4cc8c11bce
LOINC:89947-6,N4cc8c11bce
LOINC:89948-4,N4cc8c11bce
LOINC:89949-2,N4cc8c11bce
LOINC:89950-0,N4cc8c11bce
LOINC:90018-3,N9f93cd336c
LOINC:90019-1,N9f93cd336c
LOINC:90020-9,N9f93cd336c
LOINC:90021-7,N9f93cd336c
LOINC:90022-5,N9f93cd336c
LOINC:90023-3,N9f93cd336c
LOINC:90024-1,N9f93cd336c
LOINC:90025-8,N9f93cd336c
LOINC:90026-6,N9f93cd336c
LOINC:90027-4,N9f93cd336c
LOINC:90028-2,N33e733fed7
LOINC:90038-1,N33e733fed7
LOINC:90094-4,N33e733fed7
LOINC:90127-2,N4cc8c11bce
LOINC:90128-0,N4cc8c11bce
LOINC:90130-6,N4cc8c11bce
LOINC:90131-4,N4cc8c11bce
LOINC:90132-2,N4cc8c11bce
LOINC:90133-0,N4cc8c11bce
LOINC:90134-8,N4cc8c11bce
LOINC:90135-5,N4cc8c11bce
LOINC:90136-3,N4cc8c11bce
LOINC:90137-1,N4cc8c11bce
LOINC:90138-9,N4cc8c11bce
LOINC:90139-7,N4cc8c11bce
LOINC:90140-5,N4cc8c11bce
LOINC:90141-3,N4cc8c11bce
LOINC:90142-1,N4cc8c11bce
LOINC:90143-9,N4cc8c11bce
LOINC:90144-7,N4cc8c11bce
LOINC:90145-4,N4cc8c11bce
LOINC:90146-2,N4cc8c11bce
LOINC:90147-0,N4cc8c11bce
LOINC:90148-8,N4cc8c11bce
LOINC:90149-6,N4cc8c11bce
LOINC:90150-4,N4cc8c11bce
LOINC:90151-2,N4cc8c11bce
LOINC:90152-0,N4cc8c11bce
LOINC:90153-8,N4cc8c11bce
LOINC:90154-6,N4cc8c11bce
LOINC:90155-3,N4cc8c11bce
LOINC:90156-1,N4cc8c11bce
LOINC:90157-9,N4cc8c11bce
LOINC:90158-7,N4cc8c11bce
LOINC:90159-5,N4cc8c11bce
LOINC:90160-3,N4cc8c11bce
LOINC:90161-1,N4cc8c11bce
LOINC:90162-9,N4cc8c11bce
LOINC:90163-7,N4cc8c11bce
LOINC:90164-5,N4cc8c11bce
LOINC:90165-2,N4cc8c11bce
LOINC:90166-0,N4cc8c11bce
LOINC:90167-8,N4cc8c11bce
LOINC:90168-6,N4cc8c11bce
LOINC:90169-4,N4cc8c11bce
LOINC:90170-2,N4cc8c11bce
LOINC:90171-0,N4cc8c11bce
LOINC:90172-8,N4cc8c11bce
LOINC:90173-6,N4cc8c11bce
LOINC:90174-4,N4cc8c11bce
LOINC:90175-1,N4cc8c11bce
LOINC:90176-9,N4cc8c11bce
LOINC:90177-7,N4cc8c11bce
LOINC:90178-5,N4cc8c11bce
LOINC:90179-3,N4cc8c11bce
LOINC:90180-1,N4cc8c11bce
LOINC:90181-9,N4cc8c11bce
LOINC:90182-7,N4cc8c11bce
LOINC:90183-5,N4cc8c11bce
LOINC:90184-3,N4cc8c11bce
LOINC:90185-0,N4cc8c11bce
LOINC:90186-8,N4cc8c11bce
LOINC:90187-6,N4cc8c11bce
LOINC:90188-4,N4cc8c11bce
LOINC:90189-2,N4cc8c11bce
LOINC:90190-0,N4cc8c11bce
LOINC:90191-8,N4cc8c11bce
LOINC:90192-6,N4cc8c11bce
LOINC:90193-4,N4cc8c11bce
LOINC:90194-2,N4cc8c11bce
LOINC:90195-9,N4cc8c11bce
LOINC:90196-7,N4cc8c11bce
LOINC:90197-5,N4cc8c11bce
LOINC:90198-3,N4cc8c11bce
LOINC:90199-1,N4cc8c11bce
LOINC:90200-7,N4cc8c11bce
LOINC:90201-5,N4cc8c11bce
LOINC:90202-3,N4cc8c11bce
LOINC:90203-1,N4cc8c11bce
LOINC:90204-9,N4cc8c11bce
LOINC:90205-6,N4cc8c11bce
LOINC:90206-4,N4cc8c11bce
LOINC:90207-2,N4cc8c11bce
LOINC:90208-0,N4cc8c11bce
LOINC:90209-8,N4cc8c11bce
LOINC:90210-6,N4cc8c11bce
LOINC:90211-4,N4cc8c11bce
LOINC:90212-2,N4cc8c11bce
LOINC:90213-0,N4cc8c11bce
LOINC:90214-8,N4cc8c11bce
LOINC:90215-5,N4cc8c11bce
LOINC:90216-3,N4cc8c11bce
LOINC:90217-1,N4cc8c11bce
LOINC:90218-9,N4cc8c11bce
LOINC:90219-7,N4cc8c11bce
LOINC:90220-5,N4cc8c11bce
LOINC:90221-3,Nc8c330dd22
LOINC:90222-1,Nc8c330dd22
LOINC:90264-3,N7a20c74a02
LOINC:90265-0,N7a20c74a02
LOINC:90266-8,N7a20c74a02
LOINC:90376-5,N4cc8c11bce
LOINC:90377-3,N4cc8c11bce
LOINC:90378-1,N4cc8c11bce
LOINC:90379-9,N4cc8c11bce
LOINC:90380-7,N4cc8c11bce
LOINC:90381-5,N4cc8c11bce
LOINC:90382-3,N4cc8c11bce
LOINC:90383-1,N4cc8c11bce
LOINC:90384-9,N4cc8c11bce
LOINC:90385-6,N4cc8c11bce
LOINC:90386-4,N4cc8c11bce
LOINC:90387-2,N4cc8c11bce
LOINC:90388-0,N4cc8c11bce
LOINC:90389-8,N4cc8c11bce
LOINC:90390-6,N4cc8c11bce
LOINC:90391-4,N4cc8c11bce
LOINC:90392-2,N4cc8c11bce
LOINC:90393-0,N4cc8c11bce
LOINC:90394-8,N4cc8c11bce
LOINC:90395-5,N4cc8c11bce
LOINC:90396-3,N4cc8c11bce
LOINC:90397-1,N4cc8c11bce
LOINC:90398-9,N4cc8c11bce
LOINC:90399-7,N4cc8c11bce
LOINC:90400-3,N4cc8c11bce
LOINC:90401-1,N4cc8c11bce
LOINC:90402-9,N4cc8c11bce
LOINC:90403-7,N4cc8c11bce
LOINC:90404-5,N4cc8c11bce
LOINC:90405-2,N4cc8c11bce
LOINC:90406-0,N4cc8c11bce
LOINC:90407-8,N4cc8c11bce
LOINC:90408-6,N4cc8c11bce
LOINC:90409-4,N4cc8c11bce
LOINC:90410-2,N4cc8c11bce
LOINC:90411-0,N4cc8c11bce
LOINC:90412-8,N4cc8c11bce
LOINC:90568-7,Na6e7b69769
LOINC:90572-9,N4cc8c11bce
LOINC:90573-7,N4cc8c11bce
LOINC:90574-5,N4cc8c11bce
LOINC:90575-2,N4cc8c11bce
LOINC:90576-0,N4cc8c11bce
LOINC:90577-8,N4cc8c11bce
LOINC:90578-6,N4cc8c11bce
LOINC:90579-4,N4cc8c11bce
LOINC:90580-2,N4cc8c11bce
LOINC:90581-0,N4cc8c11bce
LOINC:90582-8,N4cc8c11bce
LOINC:90583-6,N4cc8c11bce
LOINC:90584-4,N4cc8c11bce
LOINC:90585-1,N4cc8c11bce
LOINC:90586-9,N4cc8c11bce
LOINC:90587-7,N4cc8c11bce
LOINC:90588-5,N4cc8c11bce
LOINC:90589-3,N4cc8c11bce
LOINC:90590-1,N4cc8c11bce
LOINC:90591-9,N4cc8c11bce
LOINC:90592-7,N4cc8c11bce
LOINC:90593-5,N4cc8c11bce
LOINC:90594-3,N4cc8c11bce
LOINC:90595-0,N4cc8c11bce
LOINC:90596-8,N4cc8c11bce
LOINC:90597-6,N4cc8c11bce
LOINC:90598-4,N4cc8c11bce
LOINC:90599-2,N4cc8c11bce
LOINC:90600-8,N4cc8c11bce
LOINC:90601-6,N4cc8c11bce
LOINC:90602-4,N4cc8c11bce
LOINC:90603-2,N4cc8c11bce
LOINC:90604-0,N4cc8c11bce
LOINC:90605-7,N4cc8c11bce
LOINC:90606-5,N4cc8c11bce
LOINC:90607-3,N4cc8c11bce
LOINC:90608-1,N4cc8c11bce
LOINC:90609-9,N4cc8c11bce
LOINC:90610-7,N4cc8c11bce
LOINC:90611-5,N4cc8c11bce
LOINC:90612-3,N4cc8c11bce
LOINC:90613-1,N4cc8c11bce
LOINC:90614-9,N4cc8c11bce
LOINC:90615-6,N4cc8c11bce
LOINC:90616-4,N4cc8c11bce
LOINC:90617-2,N4cc8c11bce
LOINC:90618-0,N4cc8c11bce
LOINC:90619-8,N4cc8c11bce
LOINC:90620-6,N4cc8c11bce
LOINC:90621-4,N4cc8c11bce
LOINC:90622-2,N4cc8c11bce
LOINC:90623-0,N4cc8c11bce
LOINC:90624-8,N4cc8c11bce
LOINC:90625-5,N4cc8c11bce
LOINC:90626-3,N4cc8c11bce
LOINC:90627-1,N4cc8c11bce
LOINC:90628-9,N4cc8c11bce
LOINC:90629-7,N4cc8c11bce
LOINC:90630-5,N4cc8c11bce
LOINC:90631-3,N4cc8c11bce
LOINC:90632-1,N4cc8c11bce
LOINC:90633-9,N4cc8c11bce
LOINC:90634-7,N4cc8c11bce
LOINC:90635-4,N4cc8c11bce
LOINC:90636-2,N4cc8c11bce
LOINC:90637-0,N4cc8c11bce
LOINC:90638-8,N4cc8c11bce
LOINC:90639-6,N4cc8c11bce
LOINC:90640-4,N4cc8c11bce
LOINC:90641-2,N4cc8c11bce
LOINC:90642-0,N4cc8c11bce
LOINC:90643-8,N4cc8c11bce
LOINC:90644-6,N4cc8c11bce
LOINC:90645-3,N4cc8c11bce
LOINC:90646-1,N4cc8c11bce
LOINC:90647-9,N4cc8c11bce
LOINC:90648-7,N4cc8c11bce
LOINC:90649-5,N4cc8c11bce
LOINC:90650-3,N4cc8c11bce
LOINC:90651-1,N4cc8c11bce
LOINC:90652-9,N4cc8c11bce
LOINC:90653-7,N4cc8c11bce
LOINC:90654-5,N4cc8c11bce
LOINC:90655-2,N4cc8c11bce
LOINC:90656-0,N4cc8c11bce
LOINC:90657-8,N4cc8c11bce
LOINC:90658-6,N4cc8c11bce
LOINC:90659-4,N4cc8c11bce
LOINC:90661-0,Nbd197af671
LOINC:90662-8,N24ad1cc0ce
LOINC:90663-6,Nf57880f057
LOINC:90664-4,N4cc8c11bce
LOINC:90665-1,N4cc8c11bce
LOINC:90666-9,N4cc8c11bce
LOINC:90667-7,N4cc8c11bce
LOINC:90668-5,N4cc8c11bce
LOINC:90669-3,N4cc8c11bce
LOINC:90670-1,N4cc8c11bce
LOINC:90671-9,N4cc8c11bce
LOINC:90672-7,N4cc8c11bce
LOINC:90673-5,N4cc8c11bce
LOINC:90674-3,N4cc8c11bce
LOINC:90675-0,N4cc8c11bce
LOINC:90676-8,N4cc8c11bce
LOINC:90677-6,N4cc8c11bce
LOINC:90678-4,N4cc8c11bce
LOINC:90679-2,N4cc8c11bce
LOINC:90680-0,N4cc8c11bce
LOINC:90681-8,N4cc8c11bce
LOINC:90682-6,N4cc8c11bce
LOINC:90683-4,N4cc8c11bce
LOINC:90684-2,N4cc8c11bce
LOINC:90685-9,N4cc8c11bce
LOINC:90686-7,N4cc8c11bce
LOINC:90687-5,N4cc8c11bce
LOINC:90688-3,N4cc8c11bce
LOINC:90689-1,N4cc8c11bce
LOINC:90690-9,N4cc8c11bce
LOINC:90691-7,N4cc8c11bce
LOINC:90692-5,N4cc8c11bce
LOINC:90693-3,N4cc8c11bce
LOINC:90694-1,N4cc8c11bce
LOINC:90695-8,N4cc8c11bce
LOINC:90696-6,N4cc8c11bce
LOINC:90697-4,N4cc8c11bce
LOINC:90698-2,N4cc8c11bce
LOINC:90699-0,N4cc8c11bce
LOINC:90700-6,N4cc8c11bce
LOINC:90701-4,N4cc8c11bce
LOINC:90702-2,N4cc8c11bce
LOINC:90703-0,N4cc8c11bce
LOINC:90704-8,N4cc8c11bce
LOINC:90705-5,N4cc8c11bce
LOINC:90706-3,N4cc8c11bce
LOINC:90707-1,N4cc8c11bce
LOINC:90761-8,N4cc8c11bce
LOINC:90762-6,N4cc8c11bce
LOINC:90853-3,N0ba0b1a07f
LOINC:90854-1,N0ba0b1a07f
LOINC:90883-0,N4cc8c11bce
LOINC:90884-8,N4cc8c11bce
LOINC:90933-3,N4cc8c11bce
LOINC:90934-1,N4cc8c11bce
LOINC:90935-8,N4cc8c11bce
LOINC:90936-6,N4cc8c11bce
LOINC:90937-4,N4cc8c11bce
LOINC:90938-2,N4cc8c11bce
LOINC:90939-0,N4cc8c11bce
LOINC:90940-8,N4cc8c11bce
LOINC:90941-6,N4cc8c11bce
LOINC:90942-4,N4cc8c11bce
LOINC:90943-2,N4cc8c11bce
LOINC:90944-0,N4cc8c11bce
LOINC:90945-7,N4cc8c11bce
LOINC:90948-1,N4cc8c11bce
LOINC:90949-9,N4cc8c11bce
LOINC:90950-7,N4cc8c11bce
LOINC:90951-5,N4cc8c11bce
LOINC:90952-3,N4cc8c11bce
LOINC:90953-1,N4cc8c11bce
LOINC:90954-9,N4cc8c11bce
LOINC:90955-6,N4cc8c11bce
LOINC:90956-4,N4cc8c11bce
LOINC:90957-2,N4cc8c11bce
LOINC:90958-0,N4cc8c11bce
LOINC:90959-8,N4cc8c11bce
LOINC:90960-6,N4cc8c11bce
LOINC:90961-4,N4cc8c11bce
LOINC:90962-2,N4cc8c11bce
LOINC:90963-0,N4cc8c11bce
LOINC:90964-8,N4cc8c11bce
LOINC:90965-5,N4cc8c11bce
LOINC:90966-3,N4cc8c11bce
LOINC:90967-1,N4cc8c11bce
LOINC:90968-9,N4cc8c11bce
LOINC:90969-7,N4cc8c11bce
LOINC:90970-5,N4cc8c11bce
LOINC:90971-3,N4cc8c11bce
LOINC:90972-1,N4cc8c11bce
LOINC:90973-9,N4cc8c11bce
LOINC:90974-7,N4cc8c11bce
LOINC:90981-2,Nf02be6efd0
LOINC:90982-0,Nf02be6efd0
LOINC:91150-3,N7de73d7fd8
LOINC:91152-9,N4cc8c11bce
LOINC:91153-7,N4cc8c11bce
LOINC:91154-5,N4cc8c11bce
LOINC:91155-2,N4cc8c11bce
LOINC:91156-0,N4cc8c11bce
LOINC:91157-8,N4cc8c11bce
LOINC:91158-6,N4cc8c11bce
LOINC:91159-4,N4cc8c11bce
LOINC:91160-2,N4cc8c11bce
LOINC:91161-0,N4cc8c11bce
LOINC:91162-8,N4cc8c11bce
LOINC:91163-6,N4cc8c11bce
LOINC:91164-4,N4cc8c11bce
LOINC:91165-1,N4cc8c11bce
LOINC:91166-9,N4cc8c11bce
LOINC:91167-7,N4cc8c11bce
LOINC:91168-5,N4cc8c11bce
LOINC:91169-3,N4cc8c11bce
LOINC:91170-1,N4cc8c11bce
LOINC:91171-9,N4cc8c11bce
LOINC:91172-7,N4cc8c11bce
LOINC:91173-5,N4cc8c11bce
LOINC:91174-3,N4cc8c11bce
LOINC:91175-0,N4cc8c11bce
LOINC:91176-8,N4cc8c11bce
LOINC:91177-6,N4cc8c11bce
LOINC:91178-4,N4cc8c11bce
LOINC:91179-2,N4cc8c11bce
LOINC:91180-0,N4cc8c11bce
LOINC:91181-8,N4cc8c11bce
LOINC:91182-6,N4cc8c11bce
LOINC:91183-4,N4cc8c11bce
LOINC:91184-2,N4cc8c11bce
LOINC:91185-9,N4cc8c11bce
LOINC:91186-7,N4cc8c11bce
LOINC:91187-5,N4cc8c11bce
LOINC:91188-3,N4cc8c11bce
LOINC:91189-1,N4cc8c11bce
LOINC:91190-9,N4cc8c11bce
LOINC:91191-7,N4cc8c11bce
LOINC:91192-5,N4cc8c11bce
LOINC:91193-3,N4cc8c11bce
LOINC:91194-1,N4cc8c11bce
LOINC:91195-8,N4cc8c11bce
LOINC:91196-6,N4cc8c11bce
LOINC:91197-4,N4cc8c11bce
LOINC:91198-2,N4cc8c11bce
LOINC:91199-0,N4cc8c11bce
LOINC:91200-6,N4cc8c11bce
LOINC:91201-4,N4cc8c11bce
LOINC:91202-2,N4cc8c11bce
LOINC:91203-0,N4cc8c11bce
LOINC:91204-8,N4cc8c11bce
LOINC:91205-5,N4cc8c11bce
LOINC:91206-3,N4cc8c11bce
LOINC:91207-1,N4cc8c11bce
LOINC:91208-9,N4cc8c11bce
LOINC:91209-7,N4cc8c11bce
LOINC:91210-5,N4cc8c11bce
LOINC:91211-3,N4cc8c11bce
LOINC:91212-1,N4cc8c11bce
LOINC:91213-9,N4cc8c11bce
LOINC:91214-7,N4cc8c11bce
LOINC:91215-4,N4cc8c11bce
LOINC:91216-2,N4cc8c11bce
LOINC:91217-0,N4cc8c11bce
LOINC:91218-8,N4cc8c11bce
LOINC:91219-6,N4cc8c11bce
LOINC:91220-4,N4cc8c11bce
LOINC:91221-2,N4cc8c11bce
LOINC:91222-0,N4cc8c11bce
LOINC:91223-8,N4cc8c11bce
LOINC:91224-6,N4cc8c11bce
LOINC:91225-3,N4cc8c11bce
LOINC:91226-1,N4cc8c11bce
LOINC:91227-9,N4cc8c11bce
LOINC:91228-7,N4cc8c11bce
LOINC:91229-5,N4cc8c11bce
LOINC:91230-3,N4cc8c11bce
LOINC:91231-1,N4cc8c11bce
LOINC:91232-9,N4cc8c11bce
LOINC:91233-7,N4cc8c11bce
LOINC:91234-5,N4cc8c11bce
LOINC:91235-2,N4cc8c11bce
LOINC:91236-0,N4cc8c11bce
LOINC:91237-8,N4cc8c11bce
LOINC:91238-6,N4cc8c11bce
LOINC:91239-4,N4cc8c11bce
LOINC:91240-2,N4cc8c11bce
LOINC:91241-0,N4cc8c11bce
LOINC:91242-8,N4cc8c11bce
LOINC:91243-6,N4cc8c11bce
LOINC:91244-4,N4cc8c11bce
LOINC:91245-1,N4cc8c11bce
LOINC:91246-9,N4cc8c11bce
LOINC:91247-7,N4cc8c11bce
LOINC:91248-5,N4cc8c11bce
LOINC:91249-3,N4cc8c11bce
LOINC:91250-1,N4cc8c11bce
LOINC:91251-9,N4cc8c11bce
LOINC:91252-7,N4cc8c11bce
LOINC:91253-5,N4cc8c11bce
LOINC:91254-3,N4cc8c11bce
LOINC:91255-0,N4cc8c11bce
LOINC:91256-8,N4cc8c11bce
LOINC:91257-6,N4cc8c11bce
LOINC:91258-4,N4cc8c11bce
LOINC:91259-2,N4cc8c11bce
LOINC:91260-0,N4cc8c11bce
LOINC:91261-8,N4cc8c11bce
LOINC:91262-6,N4cc8c11bce
LOINC:91263-4,N4cc8c11bce
LOINC:91264-2,N4cc8c11bce
LOINC:91265-9,N4cc8c11bce
LOINC:91266-7,N4cc8c11bce
LOINC:91267-5,N4cc8c11bce
LOINC:91268-3,N4cc8c11bce
LOINC:91269-1,N4cc8c11bce
LOINC:91270-9,N4cc8c11bce
LOINC:91271-7,N4cc8c11bce
LOINC:91272-5,N4cc8c11bce
LOINC:91273-3,N4cc8c11bce
LOINC:91274-1,N4cc8c11bce
LOINC:91275-8,N4cc8c11bce
LOINC:91276-6,N4cc8c11bce
LOINC:91277-4,N4cc8c11bce
LOINC:91278-2,N4cc8c11bce
LOINC:91279-0,N4cc8c11bce
LOINC:91280-8,N4cc8c11bce
LOINC:91281-6,N4cc8c11bce
LOINC:91282-4,N4cc8c11bce
LOINC:91283-2,N4cc8c11bce
LOINC:91284-0,N4cc8c11bce
LOINC:91285-7,N4cc8c11bce
LOINC:91286-5,N4cc8c11bce
LOINC:91287-3,N4cc8c11bce
LOINC:91288-1,N4cc8c11bce
LOINC:91289-9,N4cc8c11bce
LOINC:91290-7,N4cc8c11bce
LOINC:91291-5,N4cc8c11bce
LOINC:91292-3,N4cc8c11bce
LOINC:91293-1,N4cc8c11bce
LOINC:91294-9,N4cc8c11bce
LOINC:91295-6,N4cc8c11bce
LOINC:91296-4,N4cc8c11bce
LOINC:91297-2,N4cc8c11bce
LOINC:91298-0,N4cc8c11bce
LOINC:91299-8,N4cc8c11bce
LOINC:91300-4,N4cc8c11bce
LOINC:91301-2,N4cc8c11bce
LOINC:91302-0,N4cc8c11bce
LOINC:91303-8,N4cc8c11bce
LOINC:91304-6,N4cc8c11bce
LOINC:91305-3,N4cc8c11bce
LOINC:91306-1,N4cc8c11bce
LOINC:91307-9,N4cc8c11bce
LOINC:91308-7,N4cc8c11bce
LOINC:91309-5,N4cc8c11bce
LOINC:91310-3,N4cc8c11bce
LOINC:91311-1,N4cc8c11bce
LOINC:91312-9,N4cc8c11bce
LOINC:91313-7,N4cc8c11bce
LOINC:91314-5,N4cc8c11bce
LOINC:91315-2,N4cc8c11bce
LOINC:91316-0,N4cc8c11bce
LOINC:91317-8,N4cc8c11bce
LOINC:91318-6,N4cc8c11bce
LOINC:91319-4,N4cc8c11bce
LOINC:91320-2,N4cc8c11bce
LOINC:91321-0,N4cc8c11bce
LOINC:91322-8,N4cc8c11bce
LOINC:91323-6,N4cc8c11bce
LOINC:91324-4,N4cc8c11bce
LOINC:91325-1,N4cc8c11bce
LOINC:91326-9,N4cc8c11bce
LOINC:91327-7,N4cc8c11bce
LOINC:91328-5,N4cc8c11bce
LOINC:91329-3,N4cc8c11bce
LOINC:91330-1,N4cc8c11bce
LOINC:91331-9,N4cc8c11bce
LOINC:91332-7,N4cc8c11bce
LOINC:91333-5,N4cc8c11bce
LOINC:91334-3,N4cc8c11bce
LOINC:91335-0,N4cc8c11bce
LOINC:91336-8,N4cc8c11bce
LOINC:91337-6,N4cc8c11bce
LOINC:91338-4,N4cc8c11bce
LOINC:91339-2,N4cc8c11bce
LOINC:91340-0,N1f94a17b10
LOINC:91341-8,N1f94a17b10
LOINC:91342-6,N1f94a17b10
LOINC:91343-4,N1f94a17b10
LOINC:91344-2,N1f94a17b10
LOINC:91345-9,N1f94a17b10
LOINC:91346-7,N1f94a17b10
LOINC:91347-5,N1f94a17b10
LOINC:91348-3,N1f94a17b10
LOINC:91349-1,N1f94a17b10
LOINC:91350-9,N1f94a17b10
LOINC:91351-7,N1f94a17b10
LOINC:91352-5,N1f94a17b10
LOINC:91353-3,N4cc8c11bce
LOINC:91354-1,N4cc8c11bce
LOINC:91355-8,N4cc8c11bce
LOINC:91356-6,N4cc8c11bce
LOINC:91357-4,N4cc8c11bce
LOINC:91358-2,N4cc8c11bce
LOINC:91359-0,N4cc8c11bce
LOINC:91360-8,N4cc8c11bce
LOINC:91361-6,N4cc8c11bce
LOINC:91362-4,N4cc8c11bce
LOINC:91363-2,N4cc8c11bce
LOINC:91364-0,N4cc8c11bce
LOINC:91365-7,N4cc8c11bce
LOINC:91366-5,N4cc8c11bce
LOINC:91367-3,N4cc8c11bce
LOINC:91368-1,N4cc8c11bce
LOINC:91369-9,N4cc8c11bce
LOINC:91389-7,N4a3c76f6a6
LOINC:91390-5,N4a3c76f6a6
LOINC:91391-3,N4a3c76f6a6
LOINC:91392-1,N4a3c76f6a6
LOINC:91393-9,N4a3c76f6a6
LOINC:91394-7,N4cc8c11bce
LOINC:91395-4,N4cc8c11bce
LOINC:91396-2,N4cc8c11bce
LOINC:91397-0,N4cc8c11bce
LOINC:91398-8,N4cc8c11bce
LOINC:91399-6,N4cc8c11bce
LOINC:91400-2,N4cc8c11bce
LOINC:91401-0,N4cc8c11bce
LOINC:91402-8,N4cc8c11bce
LOINC:91403-6,N4cc8c11bce
LOINC:91404-4,N4cc8c11bce
LOINC:91405-1,N4cc8c11bce
LOINC:91406-9,N4cc8c11bce
LOINC:91407-7,N4cc8c11bce
LOINC:91408-5,N4cc8c11bce
LOINC:91409-3,N4cc8c11bce
LOINC:91410-1,N4cc8c11bce
LOINC:91411-9,N4cc8c11bce
LOINC:91412-7,N4cc8c11bce
LOINC:91413-5,N4cc8c11bce
LOINC:91414-3,N4cc8c11bce
LOINC:91415-0,N4cc8c11bce
LOINC:91416-8,N4cc8c11bce
LOINC:91417-6,N4cc8c11bce
LOINC:91418-4,N4cc8c11bce
LOINC:91419-2,N4cc8c11bce
LOINC:91420-0,N4cc8c11bce
LOINC:91421-8,N4cc8c11bce
LOINC:91422-6,N4cc8c11bce
LOINC:91423-4,N4cc8c11bce
LOINC:91424-2,N4cc8c11bce
LOINC:91425-9,N4cc8c11bce
LOINC:91426-7,N4cc8c11bce
LOINC:91427-5,N4cc8c11bce
LOINC:91428-3,N4cc8c11bce
LOINC:91429-1,N4cc8c11bce
LOINC:91430-9,N4cc8c11bce
LOINC:91431-7,N4cc8c11bce
LOINC:91432-5,N4cc8c11bce
LOINC:91433-3,N4cc8c11bce
LOINC:91434-1,N4cc8c11bce
LOINC:91435-8,N4cc8c11bce
LOINC:91436-6,N4cc8c11bce
LOINC:91437-4,N4cc8c11bce
LOINC:91438-2,N4cc8c11bce
LOINC:91439-0,N4cc8c11bce
LOINC:91440-8,N4cc8c11bce
LOINC:91441-6,N4cc8c11bce
LOINC:91442-4,N4cc8c11bce
LOINC:91443-2,N4cc8c11bce
LOINC:91444-0,N4cc8c11bce
LOINC:91445-7,N4cc8c11bce
LOINC:91446-5,N4cc8c11bce
LOINC:91447-3,N4cc8c11bce
LOINC:91448-1,N4cc8c11bce
LOINC:91449-9,N4cc8c11bce
LOINC:91450-7,N4cc8c11bce
LOINC:91451-5,N4cc8c11bce
LOINC:91452-3,N4cc8c11bce
LOINC:91453-1,N4cc8c11bce
LOINC:91454-9,N4cc8c11bce
LOINC:91455-6,N4cc8c11bce
LOINC:91456-4,N4cc8c11bce
LOINC:91457-2,N4cc8c11bce
LOINC:91458-0,N4cc8c11bce
LOINC:91459-8,N4cc8c11bce
LOINC:91460-6,N4cc8c11bce
LOINC:91461-4,N4cc8c11bce
LOINC:91462-2,N4cc8c11bce
LOINC:91463-0,N4cc8c11bce
LOINC:91464-8,N4cc8c11bce
LOINC:91465-5,N4cc8c11bce
LOINC:91466-3,N4cc8c11bce
LOINC:91467-1,N4cc8c11bce
LOINC:91468-9,N4cc8c11bce
LOINC:91469-7,N4cc8c11bce
LOINC:91470-5,N4cc8c11bce
LOINC:91471-3,N4cc8c11bce
LOINC:91472-1,N4cc8c11bce
LOINC:91473-9,N4cc8c11bce
LOINC:91474-7,N4cc8c11bce
LOINC:91475-4,N4cc8c11bce
LOINC:91476-2,N4cc8c11bce
LOINC:91477-0,N4cc8c11bce
LOINC:91478-8,N4cc8c11bce
LOINC:91479-6,N4cc8c11bce
LOINC:91480-4,N4cc8c11bce
LOINC:91481-2,N4cc8c11bce
LOINC:91482-0,N4cc8c11bce
LOINC:91483-8,N4cc8c11bce
LOINC:91484-6,N4cc8c11bce
LOINC:91485-3,N4cc8c11bce
LOINC:91486-1,N4cc8c11bce
LOINC:91487-9,N4cc8c11bce
LOINC:91488-7,N4cc8c11bce
LOINC:91489-5,N4cc8c11bce
LOINC:91490-3,N4cc8c11bce
LOINC:91491-1,N4cc8c11bce
LOINC:91492-9,N4cc8c11bce
LOINC:91493-7,N4cc8c11bce
LOINC:91494-5,N4cc8c11bce
LOINC:91495-2,N4cc8c11bce
LOINC:91496-0,N4cc8c11bce
LOINC:91497-8,N4cc8c11bce
LOINC:91498-6,N4cc8c11bce
LOINC:91499-4,N4cc8c11bce
LOINC:91500-9,N4cc8c11bce
LOINC:91501-7,N4cc8c11bce
LOINC:91502-5,N4cc8c11bce
LOINC:91503-3,N4cc8c11bce
LOINC:91504-1,N4cc8c11bce
LOINC:91505-8,N4cc8c11bce
LOINC:91506-6,N4cc8c11bce
LOINC:91507-4,N4cc8c11bce
LOINC:91508-2,N4cc8c11bce
LOINC:91509-0,N4cc8c11bce
LOINC:91510-8,N4cc8c11bce
LOINC:91511-6,N4cc8c11bce
LOINC:91512-4,N4cc8c11bce
LOINC:91513-2,N4cc8c11bce
LOINC:91533-0,N4cc8c11bce
LOINC:91534-8,N4cc8c11bce
LOINC:91535-5,N4cc8c11bce
LOINC:91536-3,N4cc8c11bce
LOINC:91537-1,N4cc8c11bce
LOINC:91538-9,N4cc8c11bce
LOINC:91539-7,N4cc8c11bce
LOINC:91540-5,N4cc8c11bce
LOINC:91607-2,N4cc8c11bce
LOINC:91608-0,N4cc8c11bce
LOINC:91609-8,N4cc8c11bce
LOINC:91610-6,N4cc8c11bce
LOINC:91611-4,N4cc8c11bce
LOINC:91612-2,N4cc8c11bce
LOINC:91613-0,N4cc8c11bce
LOINC:91614-8,N4cc8c11bce
LOINC:91634-6,N9bc720b762
LOINC:91635-3,N9bc720b762
LOINC:91636-1,N9bc720b762
LOINC:91637-9,N9bc720b762
LOINC:91638-7,N9bc720b762
LOINC:91639-5,N9bc720b762
LOINC:91640-3,N9bc720b762
LOINC:91641-1,N9bc720b762
LOINC:91642-9,N9bc720b762
LOINC:91643-7,N9bc720b762
LOINC:91644-5,N9bc720b762
LOINC:91645-2,N9bc720b762
LOINC:91646-0,N9bc720b762
LOINC:91647-8,N9bc720b762
LOINC:91648-6,N9bc720b762
LOINC:91649-4,N9bc720b762
LOINC:91650-2,N9bc720b762
LOINC:91652-8,N9bc720b762
LOINC:91653-6,N9bc720b762
LOINC:91654-4,N9bc720b762
LOINC:91655-1,N9bc720b762
LOINC:91656-9,N9bc720b762
LOINC:91657-7,N9bc720b762
LOINC:91658-5,N9bc720b762
LOINC:91659-3,N9bc720b762
LOINC:91660-1,N9bc720b762
LOINC:91661-9,N9bc720b762
LOINC:91662-7,N9bc720b762
LOINC:91663-5,N9bc720b762
LOINC:91686-6,N5f24cec427
LOINC:91687-4,N5f24cec427
LOINC:91688-2,N5f24cec427
LOINC:91689-0,N5f24cec427
LOINC:91721-1,N4cc8c11bce
LOINC:91722-9,N4cc8c11bce
LOINC:91723-7,N4cc8c11bce
LOINC:91724-5,N4cc8c11bce
LOINC:91725-2,N4cc8c11bce
LOINC:91726-0,N4cc8c11bce
LOINC:91727-8,N4cc8c11bce
LOINC:91728-6,N4cc8c11bce
LOINC:91729-4,N4cc8c11bce
LOINC:91730-2,N4cc8c11bce
LOINC:91731-0,N4cc8c11bce
LOINC:91732-8,N4cc8c11bce
LOINC:91733-6,N4cc8c11bce
LOINC:91734-4,N4cc8c11bce
LOINC:91735-1,N4cc8c11bce
LOINC:91736-9,N4cc8c11bce
LOINC:91737-7,N4cc8c11bce
LOINC:91738-5,N4cc8c11bce
LOINC:91739-3,N4cc8c11bce
LOINC:91740-1,N4cc8c11bce
LOINC:91741-9,N4cc8c11bce
LOINC:91742-7,N4cc8c11bce
LOINC:91743-5,N4cc8c11bce
LOINC:91744-3,N4cc8c11bce
LOINC:91745-0,N4cc8c11bce
LOINC:91746-8,N4cc8c11bce
LOINC:91747-6,N4cc8c11bce
LOINC:91748-4,N4cc8c11bce
LOINC:91749-2,N4cc8c11bce
LOINC:91750-0,N4cc8c11bce
LOINC:91751-8,N4cc8c11bce
LOINC:91752-6,N4cc8c11bce
LOINC:91753-4,N4cc8c11bce
LOINC:91754-2,N4cc8c11bce
LOINC:91755-9,N4cc8c11bce
LOINC:91756-7,N4cc8c11bce
LOINC:91757-5,N4cc8c11bce
LOINC:91758-3,N4cc8c11bce
LOINC:91759-1,N4cc8c11bce
LOINC:91760-9,N4cc8c11bce
LOINC:91910-0,N4cc8c11bce
LOINC:91911-8,N4cc8c11bce
LOINC:91912-6,N4cc8c11bce
LOINC:91913-4,N4cc8c11bce
LOINC:91914-2,N4cc8c11bce
LOINC:91915-9,N4cc8c11bce
LOINC:91916-7,N4cc8c11bce
LOINC:91917-5,N4cc8c11bce
LOINC:91918-3,N4cc8c11bce
LOINC:91919-1,N4cc8c11bce
LOINC:91920-9,N4cc8c11bce
LOINC:91921-7,N4cc8c11bce
LOINC:91922-5,N4cc8c11bce
LOINC:91923-3,N4cc8c11bce
LOINC:91924-1,N4cc8c11bce
LOINC:91925-8,N4cc8c11bce
LOINC:91926-6,N4cc8c11bce
LOINC:91927-4,N4cc8c11bce
LOINC:91929-0,N4cc8c11bce
LOINC:91930-8,N4cc8c11bce
LOINC:91931-6,N4cc8c11bce
LOINC:91932-4,N4cc8c11bce
LOINC:91933-2,N4cc8c11bce
LOINC:91934-0,N4cc8c11bce
LOINC:91935-7,N4cc8c11bce
LOINC:91936-5,N4cc8c11bce
LOINC:91937-3,N4cc8c11bce
LOINC:91938-1,N4cc8c11bce
LOINC:91939-9,N4cc8c11bce
LOINC:91940-7,N4cc8c11bce
LOINC:91941-5,N4cc8c11bce
LOINC:91942-3,N4cc8c11bce
LOINC:91943-1,N4cc8c11bce
LOINC:91944-9,N4cc8c11bce
LOINC:91945-6,N4cc8c11bce
LOINC:91946-4,N4cc8c11bce
LOINC:91947-2,N4cc8c11bce
LOINC:91948-0,N4cc8c11bce
LOINC:91949-8,N4cc8c11bce
LOINC:91950-6,N4cc8c11bce
LOINC:91951-4,N4cc8c11bce
LOINC:91952-2,N4cc8c11bce
LOINC:91953-0,N4cc8c11bce
LOINC:91954-8,N4cc8c11bce
LOINC:91955-5,N4cc8c11bce
LOINC:91956-3,N4cc8c11bce
LOINC:91957-1,N4cc8c11bce
LOINC:91958-9,N4cc8c11bce
LOINC:91959-7,N4cc8c11bce
LOINC:91960-5,N4cc8c11bce
LOINC:91961-3,N4cc8c11bce
LOINC:91962-1,N4cc8c11bce
LOINC:91963-9,N4cc8c11bce
LOINC:91964-7,N4cc8c11bce
LOINC:91965-4,N4cc8c11bce
LOINC:91966-2,N4cc8c11bce
LOINC:91967-0,N4cc8c11bce
LOINC:91968-8,N4cc8c11bce
LOINC:91969-6,N4cc8c11bce
LOINC:91970-4,N4cc8c11bce
LOINC:91971-2,N4cc8c11bce
LOINC:91972-0,N4cc8c11bce
LOINC:91973-8,N4cc8c11bce
LOINC:91974-6,N4cc8c11bce
LOINC:91975-3,N4cc8c11bce
LOINC:91976-1,N4cc8c11bce
LOINC:91977-9,N4cc8c11bce
LOINC:91978-7,N4cc8c11bce
LOINC:91979-5,N4cc8c11bce
LOINC:91987-8,N4cc8c11bce
LOINC:91988-6,N4cc8c11bce
LOINC:91989-4,N4cc8c11bce
LOINC:91990-2,N4cc8c11bce
LOINC:91991-0,N4cc8c11bce
LOINC:91992-8,N4cc8c11bce
LOINC:91993-6,N4cc8c11bce
LOINC:91994-4,N4cc8c11bce
LOINC:91995-1,N4cc8c11bce
LOINC:91996-9,N4cc8c11bce
LOINC:91997-7,N4cc8c11bce
LOINC:91998-5,N4cc8c11bce
LOINC:91999-3,N4cc8c11bce
LOINC:92000-9,N4cc8c11bce
LOINC:92001-7,N4cc8c11bce
LOINC:92051-2,N4cc8c11bce
LOINC:92052-0,N4cc8c11bce
LOINC:92053-8,N4cc8c11bce
LOINC:92054-6,N4cc8c11bce
LOINC:92055-3,N4cc8c11bce
LOINC:92056-1,N4cc8c11bce
LOINC:92057-9,N4cc8c11bce
LOINC:92058-7,N4cc8c11bce
LOINC:92059-5,N4cc8c11bce
LOINC:92060-3,N4cc8c11bce
LOINC:92061-1,N4cc8c11bce
LOINC:92062-9,N4cc8c11bce
LOINC:92063-7,N4cc8c11bce
LOINC:92064-5,N4cc8c11bce
LOINC:92065-2,N4cc8c11bce
LOINC:92066-0,N4cc8c11bce
LOINC:92067-8,N4cc8c11bce
LOINC:92068-6,N4cc8c11bce
LOINC:92069-4,N4cc8c11bce
LOINC:92070-2,N4cc8c11bce
LOINC:92071-0,N4cc8c11bce
LOINC:92072-8,N4cc8c11bce
LOINC:92073-6,N4cc8c11bce
LOINC:92074-4,N4cc8c11bce
LOINC:92075-1,N4cc8c11bce
LOINC:92076-9,N4cc8c11bce
LOINC:92077-7,N4cc8c11bce
LOINC:92078-5,N4cc8c11bce
LOINC:92079-3,N4cc8c11bce
LOINC:92080-1,N4cc8c11bce
LOINC:92081-9,N4cc8c11bce
LOINC:92082-7,N4cc8c11bce
LOINC:92083-5,N4cc8c11bce
LOINC:92084-3,N4cc8c11bce
LOINC:92085-0,N4cc8c11bce
LOINC:92086-8,N4cc8c11bce
LOINC:92087-6,N4cc8c11bce
LOINC:92088-4,N4cc8c11bce
LOINC:92089-2,N4cc8c11bce
LOINC:92090-0,N4cc8c11bce
LOINC:92091-8,N4cc8c11bce
LOINC:92092-6,N4cc8c11bce
LOINC:92093-4,N4cc8c11bce
LOINC:92094-2,N4cc8c11bce
LOINC:92095-9,N4cc8c11bce
LOINC:92096-7,N4cc8c11bce
LOINC:92097-5,N4cc8c11bce
LOINC:92098-3,N4cc8c11bce
LOINC:92099-1,N4cc8c11bce
LOINC:92100-7,N4cc8c11bce
LOINC:92101-5,N4cc8c11bce
LOINC:92102-3,N4cc8c11bce
LOINC:92103-1,N4cc8c11bce
LOINC:92104-9,N4cc8c11bce
LOINC:92105-6,N4cc8c11bce
LOINC:92106-4,N4cc8c11bce
LOINC:92107-2,N4cc8c11bce
LOINC:92108-0,N4cc8c11bce
LOINC:92109-8,N4cc8c11bce
LOINC:92110-6,N4cc8c11bce
LOINC:92111-4,N4cc8c11bce
LOINC:92112-2,N4cc8c11bce
LOINC:92113-0,N4cc8c11bce
LOINC:92114-8,N4cc8c11bce
LOINC:92115-5,N4cc8c11bce
LOINC:92116-3,N4cc8c11bce
LOINC:92117-1,N4cc8c11bce
LOINC:92118-9,N4cc8c11bce
LOINC:92119-7,N4cc8c11bce
LOINC:92120-5,N4cc8c11bce
LOINC:92121-3,N4cc8c11bce
LOINC:92122-1,N4cc8c11bce
LOINC:92123-9,N4cc8c11bce
LOINC:92124-7,N4cc8c11bce
LOINC:92148-6,N4cc8c11bce
LOINC:92149-4,N4cc8c11bce
LOINC:92150-2,N4cc8c11bce
LOINC:92151-0,N4cc8c11bce
LOINC:92152-8,N4cc8c11bce
LOINC:92153-6,N4cc8c11bce
LOINC:92154-4,N4cc8c11bce
LOINC:92155-1,N4cc8c11bce
LOINC:92156-9,N4cc8c11bce
LOINC:92157-7,N4cc8c11bce
LOINC:92158-5,N4cc8c11bce
LOINC:92159-3,N4cc8c11bce
LOINC:92160-1,N4cc8c11bce
LOINC:92161-9,N4cc8c11bce
LOINC:92162-7,N4cc8c11bce
LOINC:92163-5,N4cc8c11bce
LOINC:92164-3,N4cc8c11bce
LOINC:92165-0,N4cc8c11bce
LOINC:92166-8,N4cc8c11bce
LOINC:92167-6,N4cc8c11bce
LOINC:92168-4,N4cc8c11bce
LOINC:92169-2,N4cc8c11bce
LOINC:92170-0,N4cc8c11bce
LOINC:92171-8,N4cc8c11bce
LOINC:92172-6,N4cc8c11bce
LOINC:92173-4,N4cc8c11bce
LOINC:92174-2,N4cc8c11bce
LOINC:92175-9,N4cc8c11bce
LOINC:92176-7,N4cc8c11bce
LOINC:92177-5,N4cc8c11bce
LOINC:92178-3,N4cc8c11bce
LOINC:92179-1,N4cc8c11bce
LOINC:92180-9,N4cc8c11bce
LOINC:92181-7,N4cc8c11bce
LOINC:92182-5,N4cc8c11bce
LOINC:92205-4,N4cc8c11bce
LOINC:92206-2,N4cc8c11bce
LOINC:92207-0,N4cc8c11bce
LOINC:92208-8,N4cc8c11bce
LOINC:92209-6,N4cc8c11bce
LOINC:92210-4,N4cc8c11bce
LOINC:92211-2,N4cc8c11bce
LOINC:92212-0,N4cc8c11bce
LOINC:92213-8,N4cc8c11bce
LOINC:92214-6,N4cc8c11bce
LOINC:92215-3,N4cc8c11bce
LOINC:92216-1,N4cc8c11bce
LOINC:92217-9,N4cc8c11bce
LOINC:92218-7,N4cc8c11bce
LOINC:92219-5,N4cc8c11bce
LOINC:92220-3,N4cc8c11bce
LOINC:92221-1,N4cc8c11bce
LOINC:92222-9,N4cc8c11bce
LOINC:92223-7,N4cc8c11bce
LOINC:92224-5,N4cc8c11bce
LOINC:92225-2,N4cc8c11bce
LOINC:92226-0,N4cc8c11bce
LOINC:92227-8,N4cc8c11bce
LOINC:92228-6,N4cc8c11bce
LOINC:92229-4,N4cc8c11bce
LOINC:92230-2,N4cc8c11bce
LOINC:92231-0,N4cc8c11bce
LOINC:92232-8,N4cc8c11bce
LOINC:92233-6,N4cc8c11bce
LOINC:92234-4,N4cc8c11bce
LOINC:92258-3,N4cc8c11bce
LOINC:92259-1,N4cc8c11bce
LOINC:92260-9,N4cc8c11bce
LOINC:92261-7,N4cc8c11bce
LOINC:92262-5,N4cc8c11bce
LOINC:92263-3,N4cc8c11bce
LOINC:92264-1,N4cc8c11bce
LOINC:92265-8,N4cc8c11bce
LOINC:92266-6,N4cc8c11bce
LOINC:92267-4,N4cc8c11bce
LOINC:92268-2,N4cc8c11bce
LOINC:92269-0,N4cc8c11bce
LOINC:92270-8,N4cc8c11bce
LOINC:92271-6,N4cc8c11bce
LOINC:92282-3,N4cc8c11bce
LOINC:92283-1,N4cc8c11bce
LOINC:92284-9,N4cc8c11bce
LOINC:92285-6,N4cc8c11bce
LOINC:92286-4,N4cc8c11bce
LOINC:92287-2,N4cc8c11bce
LOINC:92288-0,N4cc8c11bce
LOINC:92289-8,N4cc8c11bce
LOINC:92290-6,N4cc8c11bce
LOINC:92291-4,N4cc8c11bce
LOINC:92292-2,N4cc8c11bce
LOINC:92293-0,N4cc8c11bce
LOINC:92294-8,N4cc8c11bce
LOINC:92295-5,N4cc8c11bce
LOINC:92296-3,N4cc8c11bce
LOINC:92297-1,N4cc8c11bce
LOINC:92298-9,N4cc8c11bce
LOINC:92299-7,N4cc8c11bce
LOINC:92300-3,N4cc8c11bce
LOINC:92301-1,N4cc8c11bce
LOINC:92302-9,N4cc8c11bce
LOINC:92303-7,N4cc8c11bce
LOINC:92304-5,N4cc8c11bce
LOINC:92305-2,N4cc8c11bce
LOINC:92306-0,N4cc8c11bce
LOINC:92307-8,N4cc8c11bce
LOINC:92308-6,N4cc8c11bce
LOINC:92309-4,N4cc8c11bce
LOINC:92310-2,N4cc8c11bce
LOINC:92311-0,N4cc8c11bce
LOINC:92312-8,N4cc8c11bce
LOINC:92313-6,N4cc8c11bce
LOINC:92314-4,N4cc8c11bce
LOINC:92315-1,N4cc8c11bce
LOINC:92316-9,N4cc8c11bce
LOINC:92317-7,N4cc8c11bce
LOINC:92318-5,N4cc8c11bce
LOINC:92319-3,N4cc8c11bce
LOINC:92320-1,N4cc8c11bce
LOINC:92321-9,N4cc8c11bce
LOINC:92322-7,N4cc8c11bce
LOINC:92323-5,N4cc8c11bce
LOINC:92324-3,N4cc8c11bce
LOINC:92325-0,N4cc8c11bce
LOINC:92326-8,N4cc8c11bce
LOINC:92327-6,N4cc8c11bce
LOINC:92328-4,N4cc8c11bce
LOINC:92329-2,N4cc8c11bce
LOINC:92330-0,N4cc8c11bce
LOINC:92331-8,N4cc8c11bce
LOINC:92332-6,N4cc8c11bce
LOINC:92333-4,N4cc8c11bce
LOINC:92334-2,N4cc8c11bce
LOINC:92335-9,N4cc8c11bce
LOINC:92336-7,N4cc8c11bce
LOINC:92337-5,N4cc8c11bce
LOINC:92338-3,N4cc8c11bce
LOINC:92339-1,N4cc8c11bce
LOINC:92340-9,N4cc8c11bce
LOINC:92341-7,N4cc8c11bce
LOINC:92342-5,N4cc8c11bce
LOINC:92343-3,N4cc8c11bce
LOINC:92344-1,N4cc8c11bce
LOINC:92345-8,N4cc8c11bce
LOINC:92346-6,N4cc8c11bce
LOINC:92347-4,N4cc8c11bce
LOINC:92348-2,N4cc8c11bce
LOINC:92349-0,N4cc8c11bce
LOINC:92350-8,N4cc8c11bce
LOINC:92351-6,N4cc8c11bce
LOINC:92352-4,N4cc8c11bce
LOINC:92353-2,N4cc8c11bce
LOINC:92354-0,N4cc8c11bce
LOINC:92355-7,N4cc8c11bce
LOINC:92356-5,N4cc8c11bce
LOINC:92357-3,N4cc8c11bce
LOINC:92358-1,N4cc8c11bce
LOINC:92359-9,N4cc8c11bce
LOINC:92360-7,N4cc8c11bce
LOINC:92361-5,N4cc8c11bce
LOINC:92362-3,N4cc8c11bce
LOINC:92363-1,N4cc8c11bce
LOINC:92364-9,N4cc8c11bce
LOINC:92365-6,N4cc8c11bce
LOINC:92366-4,N4cc8c11bce
LOINC:92367-2,N4cc8c11bce
LOINC:92368-0,N4cc8c11bce
LOINC:92369-8,N4cc8c11bce
LOINC:92370-6,N4cc8c11bce
LOINC:92371-4,N4cc8c11bce
LOINC:92372-2,N4cc8c11bce
LOINC:92373-0,N4cc8c11bce
LOINC:92374-8,N4cc8c11bce
LOINC:92375-5,N4cc8c11bce
LOINC:92376-3,N4cc8c11bce
LOINC:92377-1,N4cc8c11bce
LOINC:92378-9,N4cc8c11bce
LOINC:92379-7,N4cc8c11bce
LOINC:92380-5,N4cc8c11bce
LOINC:92381-3,N4cc8c11bce
LOINC:92382-1,N4cc8c11bce
LOINC:92383-9,N4cc8c11bce
LOINC:92384-7,N4cc8c11bce
LOINC:92385-4,N4cc8c11bce
LOINC:92386-2,N4cc8c11bce
LOINC:92387-0,N4cc8c11bce
LOINC:92388-8,N4cc8c11bce
LOINC:92389-6,N4cc8c11bce
LOINC:92390-4,N4cc8c11bce
LOINC:92391-2,N4cc8c11bce
LOINC:92392-0,N4cc8c11bce
LOINC:92393-8,N4cc8c11bce
LOINC:92394-6,N4cc8c11bce
LOINC:92395-3,N4cc8c11bce
LOINC:92396-1,N4cc8c11bce
LOINC:92397-9,N4cc8c11bce
LOINC:92398-7,N4cc8c11bce
LOINC:92399-5,N4cc8c11bce
LOINC:92400-1,N4cc8c11bce
LOINC:92401-9,N4cc8c11bce
LOINC:92402-7,N4cc8c11bce
LOINC:92403-5,N4cc8c11bce
LOINC:92404-3,N4cc8c11bce
LOINC:92405-0,N4cc8c11bce
LOINC:92406-8,N4cc8c11bce
LOINC:92407-6,N4cc8c11bce
LOINC:92408-4,N4cc8c11bce
LOINC:92409-2,N4cc8c11bce
LOINC:92410-0,N4cc8c11bce
LOINC:92411-8,N4cc8c11bce
LOINC:92412-6,N4cc8c11bce
LOINC:92413-4,N4cc8c11bce
LOINC:92414-2,N4cc8c11bce
LOINC:92415-9,N4cc8c11bce
LOINC:92416-7,N4cc8c11bce
LOINC:92417-5,N4cc8c11bce
LOINC:92418-3,N4cc8c11bce
LOINC:92419-1,N4cc8c11bce
LOINC:92420-9,N4cc8c11bce
LOINC:92421-7,N4cc8c11bce
LOINC:92422-5,N4cc8c11bce
LOINC:92423-3,N4cc8c11bce
LOINC:92424-1,N4cc8c11bce
LOINC:92425-8,N4cc8c11bce
LOINC:92426-6,N4cc8c11bce
LOINC:92427-4,N4cc8c11bce
LOINC:92428-2,N4cc8c11bce
LOINC:92429-0,N4cc8c11bce
LOINC:92430-8,N4cc8c11bce
LOINC:92431-6,N4cc8c11bce
LOINC:92432-4,N4cc8c11bce
LOINC:92433-2,N4cc8c11bce
LOINC:92434-0,N4cc8c11bce
LOINC:92435-7,N4cc8c11bce
LOINC:92436-5,N4cc8c11bce
LOINC:92437-3,N4cc8c11bce
LOINC:92438-1,N4cc8c11bce
LOINC:92439-9,N4cc8c11bce
LOINC:92440-7,N4cc8c11bce
LOINC:92441-5,N4cc8c11bce
LOINC:92442-3,N4cc8c11bce
LOINC:92443-1,N4cc8c11bce
LOINC:92444-9,N4cc8c11bce
LOINC:92445-6,N4cc8c11bce
LOINC:92448-0,N4cc8c11bce
LOINC:92449-8,N4cc8c11bce
LOINC:92450-6,N4cc8c11bce
LOINC:92451-4,N4cc8c11bce
LOINC:92452-2,N4cc8c11bce
LOINC:92453-0,N4cc8c11bce
LOINC:92454-8,N4cc8c11bce
LOINC:92455-5,N4cc8c11bce
LOINC:92456-3,N4cc8c11bce
LOINC:92457-1,N4cc8c11bce
LOINC:92458-9,N4cc8c11bce
LOINC:92459-7,N4cc8c11bce
LOINC:92460-5,N4cc8c11bce
LOINC:92461-3,N4cc8c11bce
LOINC:92462-1,N4cc8c11bce
LOINC:92463-9,N4cc8c11bce
LOINC:92464-7,N4cc8c11bce
LOINC:92465-4,N4cc8c11bce
LOINC:92466-2,N4cc8c11bce
LOINC:92467-0,N4cc8c11bce
LOINC:92468-8,N4cc8c11bce
LOINC:92469-6,N4cc8c11bce
LOINC:92470-4,N4cc8c11bce
LOINC:92471-2,N4cc8c11bce
LOINC:92472-0,N4cc8c11bce
LOINC:92473-8,N4cc8c11bce
LOINC:92474-6,N4cc8c11bce
LOINC:92475-3,N4cc8c11bce
LOINC:92476-1,N4cc8c11bce
LOINC:92477-9,N4cc8c11bce
LOINC:92578-4,N4cc8c11bce
LOINC:92579-2,N4cc8c11bce
LOINC:92580-0,N4cc8c11bce
LOINC:92581-8,N4cc8c11bce
LOINC:92582-6,N4cc8c11bce
LOINC:92583-4,N4cc8c11bce
LOINC:92584-2,N4cc8c11bce
LOINC:92585-9,N4cc8c11bce
LOINC:92586-7,N4cc8c11bce
LOINC:92587-5,N4cc8c11bce
LOINC:92588-3,N4cc8c11bce
LOINC:92589-1,N4cc8c11bce
LOINC:92590-9,N4cc8c11bce
LOINC:92591-7,N4cc8c11bce
LOINC:92592-5,N4cc8c11bce
LOINC:92593-3,N4cc8c11bce
LOINC:92594-1,N4cc8c11bce
LOINC:92595-8,N4cc8c11bce
LOINC:92596-6,N4cc8c11bce
LOINC:92597-4,N4cc8c11bce
LOINC:92598-2,N4cc8c11bce
LOINC:92599-0,N4cc8c11bce
LOINC:92600-6,N4cc8c11bce
LOINC:92601-4,N4cc8c11bce
LOINC:92602-2,N4cc8c11bce
LOINC:92603-0,N4cc8c11bce
LOINC:92604-8,N4cc8c11bce
LOINC:92605-5,N4cc8c11bce
LOINC:92606-3,N4cc8c11bce
LOINC:92607-1,N4cc8c11bce
LOINC:92608-9,N4cc8c11bce
LOINC:92609-7,N4cc8c11bce
LOINC:92610-5,N4cc8c11bce
LOINC:92611-3,N4cc8c11bce
LOINC:92612-1,N4cc8c11bce
LOINC:92613-9,N4cc8c11bce
LOINC:92614-7,N4cc8c11bce
LOINC:92615-4,N4cc8c11bce
LOINC:92616-2,N4cc8c11bce
LOINC:92617-0,N4cc8c11bce
LOINC:92618-8,N4cc8c11bce
LOINC:92619-6,N4cc8c11bce
LOINC:92620-4,N4cc8c11bce
LOINC:92621-2,N4cc8c11bce
LOINC:92622-0,N4cc8c11bce
LOINC:92623-8,N4cc8c11bce
LOINC:92624-6,N4cc8c11bce
LOINC:92625-3,N4cc8c11bce
LOINC:92626-1,N4cc8c11bce
LOINC:92627-9,N4cc8c11bce
LOINC:92628-7,N4cc8c11bce
LOINC:92629-5,N4cc8c11bce
LOINC:92630-3,N4cc8c11bce
LOINC:92631-1,N4cc8c11bce
LOINC:92632-9,N4cc8c11bce
LOINC:92633-7,N4cc8c11bce
LOINC:93025-5,N816ce3411d
LOINC:93026-3,N816ce3411d
LOINC:93028-9,N816ce3411d
LOINC:93029-7,N816ce3411d
LOINC:93031-3,N816ce3411d
LOINC:93033-9,N816ce3411d
LOINC:93035-4,N816ce3411d
LOINC:93039-6,N816ce3411d
LOINC:93040-4,N816ce3411d
LOINC:93041-2,N816ce3411d
LOINC:93042-0,N816ce3411d
LOINC:93043-8,N816ce3411d
LOINC:93059-4,N61c07cf688
LOINC:93060-2,N61c07cf688
LOINC:93061-0,N61c07cf688
LOINC:93062-8,N61c07cf688
LOINC:93063-6,N61c07cf688
LOINC:93067-7,N61c07cf688
LOINC:93068-5,N61c07cf688
LOINC:93069-3,N61c07cf688
LOINC:93070-1,N61c07cf688
LOINC:93071-9,N61c07cf688
LOINC:93072-7,N61c07cf688
LOINC:93073-5,N61c07cf688
LOINC:93074-3,N61c07cf688
LOINC:93075-0,N61c07cf688
LOINC:93076-8,N61c07cf688
LOINC:93077-6,N61c07cf688
LOINC:93078-4,N61c07cf688
LOINC:93079-2,N61c07cf688
LOINC:93080-0,N61c07cf688
LOINC:93081-8,N61c07cf688
LOINC:93082-6,N61c07cf688
LOINC:93083-4,N61c07cf688
LOINC:93087-5,N61c07cf688
LOINC:93088-3,Ndbc6cc0005
LOINC:93089-1,Ndbc6cc0005
LOINC:93090-9,Ndbc6cc0005
LOINC:93091-7,Ndbc6cc0005
LOINC:93092-5,Ndbc6cc0005
LOINC:93093-3,Ndbc6cc0005
LOINC:93094-1,Ndbc6cc0005
LOINC:93095-8,Ndbc6cc0005
LOINC:93096-6,Ndbc6cc0005
LOINC:93097-4,Ndbc6cc0005
LOINC:93098-2,Ndbc6cc0005
LOINC:93099-0,Ndbc6cc0005
LOINC:93100-6,Ndbc6cc0005
LOINC:93101-4,Ndbc6cc0005
LOINC:93102-2,Ndbc6cc0005
LOINC:93103-0,Ndbc6cc0005
LOINC:93104-8,Ndbc6cc0005
LOINC:93105-5,Ndbc6cc0005
LOINC:93106-3,Ndbc6cc0005
LOINC:93107-1,Ndbc6cc0005
LOINC:93108-9,Ndbc6cc0005
LOINC:93109-7,Ndbc6cc0005
LOINC:93110-5,Ndbc6cc0005
LOINC:93111-3,Ndbc6cc0005
LOINC:93112-1,Ndbc6cc0005
LOINC:93113-9,Ndbc6cc0005
LOINC:93114-7,Ndbc6cc0005
LOINC:93115-4,Ndbc6cc0005
LOINC:93116-2,Ndbc6cc0005
LOINC:93117-0,Ndbc6cc0005
LOINC:93124-6,N6d8e25a488
LOINC:93157-6,Nf957b8d0a6
LOINC:93245-9,N3477081f1a
LOINC:93251-7,N3477081f1a
LOINC:93252-5,N3477081f1a
LOINC:93271-5,N3477081f1a
LOINC:93272-3,N3477081f1a
LOINC:93278-0,N3477081f1a
LOINC:93281-4,N3477081f1a
LOINC:93282-2,N3477081f1a
LOINC:93283-0,N3477081f1a
LOINC:93284-8,N3477081f1a
LOINC:93285-5,N3477081f1a
LOINC:93286-3,N3477081f1a
LOINC:93287-1,N3477081f1a
LOINC:93288-9,N3477081f1a
LOINC:93289-7,N3477081f1a
LOINC:93290-5,N3477081f1a
LOINC:93291-3,N3477081f1a
LOINC:93292-1,N3477081f1a
LOINC:93303-6,N3477081f1a
LOINC:93304-4,N3477081f1a
LOINC:93305-1,N3477081f1a
LOINC:93373-9,Ne1b488f5d6
LOINC:93485-1,N3477081f1a
LOINC:93598-1,N3477081f1a
LOINC:93599-9,N3477081f1a
LOINC:93600-5,N3477081f1a
LOINC:93667-4,N2ae53317f1
LOINC:93668-2,N2ae53317f1
LOINC:93669-0,N2ae53317f1
LOINC:93670-8,N2ae53317f1
LOINC:93671-6,N2ae53317f1
LOINC:93672-4,N2ae53317f1
LOINC:93673-2,N2ae53317f1
LOINC:93674-0,N2ae53317f1
LOINC:93675-7,N2ae53317f1
LOINC:93676-5,N2ae53317f1
LOINC:93677-3,N2ae53317f1
LOINC:93678-1,N2ae53317f1
LOINC:93682-3,N2ae53317f1
LOINC:93683-1,N2ae53317f1
LOINC:94067-6,N7fef3dd8da
LOINC:94161-7,N4cc8c11bce
LOINC:94162-5,N4cc8c11bce
LOINC:94163-3,N4cc8c11bce
LOINC:94164-1,N4cc8c11bce
LOINC:94165-8,N4cc8c11bce
LOINC:94166-6,N4cc8c11bce
LOINC:94167-4,N4cc8c11bce
LOINC:94169-0,N4cc8c11bce
LOINC:94170-8,N4cc8c11bce
LOINC:94171-6,N4cc8c11bce
LOINC:94172-4,N4cc8c11bce
LOINC:94173-2,N4cc8c11bce
LOINC:94174-0,N4cc8c11bce
LOINC:94175-7,N4cc8c11bce
LOINC:94176-5,N4cc8c11bce
LOINC:94177-3,N4cc8c11bce
LOINC:94178-1,N4cc8c11bce
LOINC:94179-9,N4cc8c11bce
LOINC:94180-7,N4cc8c11bce
LOINC:94181-5,N4cc8c11bce
LOINC:94257-3,N4cc8c11bce
LOINC:94258-1,N4cc8c11bce
LOINC:95356-2,N578ce47c21
LOINC:95357-0,N578ce47c21
LOINC:95387-7,N6507f5613e
LOINC:95388-5,N6507f5613e
LOINC:95389-3,N6507f5613e
LOINC:95391-9,N6507f5613e
LOINC:95392-7,N6507f5613e
LOINC:95393-5,Nc26a9a906e
LOINC:95394-3,Nc26a9a906e
LOINC:95395-0,N6507f5613e
LOINC:95396-8,N6507f5613e
LOINC:95397-6,N6507f5613e
LOINC:95398-4,N6507f5613e
LOINC:95402-4,N6507f5613e
LOINC:95403-2,N6507f5613e
LOINC:95404-0,N3477081f1a
LOINC:95614-4,N175e4450d9
LOINC:95615-1,N175e4450d9
LOINC:95616-9,N175e4450d9
LOINC:95617-7,N175e4450d9
LOINC:95618-5,N175e4450d9
LOINC:95619-3,N175e4450d9
LOINC:95620-1,N8a9304aa2f
LOINC:95621-9,N8a9304aa2f
LOINC:95627-6,N8a9304aa2f
LOINC:95629-2,N8a9304aa2f
LOINC:95635-9,N8a9304aa2f
LOINC:95812-4,Nef4b82d93a
LOINC:95813-2,Nef4b82d93a
LOINC:95814-0,Nef4b82d93a
LOINC:95815-7,Nef4b82d93a
LOINC:95855-3,Nef4b82d93a
LOINC:95857-9,Nef4b82d93a
LOINC:95858-7,Nef4b82d93a
LOINC:95872-8,N0611400d7f
LOINC:95873-6,N0611400d7f
LOINC:95874-4,N0611400d7f
LOINC:95875-1,N0611400d7f
LOINC:95876-9,N0611400d7f
LOINC:95877-7,N0611400d7f
LOINC:95878-5,N0611400d7f
LOINC:95975-9,Nf7b3ce68dc
LOINC:95976-7,Nf7b3ce68dc
LOINC:95977-5,Nf7b3ce68dc
LOINC:95978-3,Nf7b3ce68dc
LOINC:95979-1,Nf7b3ce68dc
LOINC:95980-9,Nf7b3ce68dc
LOINC:95981-7,Nf7b3ce68dc
LOINC:95982-5,Nf7b3ce68dc
LOINC:95983-3,Nf7b3ce68dc
LOINC:95984-1,Nf7b3ce68dc
LOINC:95985-8,Nf7b3ce68dc
LOINC:95986-6,Nf7b3ce68dc
LOINC:95987-4,Nf7b3ce68dc
LOINC:95988-2,Nf7b3ce68dc
LOINC:95989-0,Nf7b3ce68dc
LOINC:95990-8,Nf7b3ce68dc
LOINC:95991-6,Nf7b3ce68dc
LOINC:95992-4,Nf7b3ce68dc
LOINC:95993-2,Nf7b3ce68dc
LOINC:95994-0,Nf7b3ce68dc
LOINC:95995-7,Nf7b3ce68dc
LOINC:95996-5,N5a6ffcce67
LOINC:95997-3,N5a6ffcce67
LOINC:95998-1,N5a6ffcce67
LOINC:95999-9,N5a6ffcce67
LOINC:96000-5,N5a6ffcce67
LOINC:96001-3,N5a6ffcce67
LOINC:96002-1,N5a6ffcce67
LOINC:96003-9,N5a6ffcce67
LOINC:96004-7,N5a6ffcce67
LOINC:96005-4,N5a6ffcce67
LOINC:96006-2,N5a6ffcce67
LOINC:96007-0,N5a6ffcce67
LOINC:96008-8,N5a6ffcce67
LOINC:96009-6,N5a6ffcce67
LOINC:96010-4,N5a6ffcce67
LOINC:96011-2,N5a6ffcce67
LOINC:96012-0,N5a6ffcce67
LOINC:96013-8,N5a6ffcce67
LOINC:96014-6,N5a6ffcce67
LOINC:96015-3,N5a6ffcce67
LOINC:96016-1,N5a6ffcce67
LOINC:96017-9,N5a6ffcce67
LOINC:96018-7,N5a6ffcce67
LOINC:96019-5,N5a6ffcce67
LOINC:96020-3,N5a6ffcce67
LOINC:96021-1,N5a6ffcce67
LOINC:96022-9,N5a6ffcce67
LOINC:96023-7,N5a6ffcce67
LOINC:96024-5,N5a6ffcce67
LOINC:96025-2,N5a6ffcce67
LOINC:96026-0,N5a6ffcce67
LOINC:96027-8,N5a6ffcce67
LOINC:96028-6,N5a6ffcce67
LOINC:96029-4,N5a6ffcce67
LOINC:96030-2,N5a6ffcce67
LOINC:96031-0,N627fd5227e
LOINC:96032-8,N627fd5227e
LOINC:96033-6,N627fd5227e
LOINC:96034-4,N627fd5227e
LOINC:96699-4,N0611400d7f
LOINC:96700-0,N0611400d7f
LOINC:96761-2,N37304bd6e2
LOINC:96762-0,N37304bd6e2
LOINC:96771-1,Na1c3245260
LOINC:96772-9,Na1c3245260
LOINC:96783-6,Na1c3245260
LOINC:96784-4,Na1c3245260
LOINC:96831-3,N9820f4d87d
LOINC:96832-1,N9820f4d87d
LOINC:96833-9,N9820f4d87d
LOINC:96875-0,N9820f4d87d
LOINC:96876-8,N9820f4d87d
LOINC:96877-6,N9820f4d87d
LOINC:96878-4,N9820f4d87d
LOINC:96879-2,N9820f4d87d
LOINC:96880-0,N9820f4d87d
LOINC:96881-8,N9820f4d87d
LOINC:96929-5,Na1c3245260
LOINC:96930-3,Na1c3245260
LOINC:96936-0,Na1c3245260
LOINC:96939-4,Na1c3245260
LOINC:96940-2,Na1c3245260
LOINC:96945-1,Na1c3245260
LOINC:96946-9,Na1c3245260
LOINC:96951-9,Na1c3245260
LOINC:96952-7,Na1c3245260
LOINC:97029-3,N9b6b79c0c4
LOINC:97031-9,N9b6b79c0c4
LOINC:97042-6,N9b6b79c0c4
LOINC:97074-9,N9820f4d87d
LOINC:97327-1,N9b6b79c0c4
LOINC:97782-7,N9b6b79c0c4
LOINC:97783-5,N9b6b79c0c4
LOINC:97784-3,N9b6b79c0c4
LOINC:97809-8,N9b6b79c0c4
LOINC:97819-7,N9b6b79c0c4
LOINC:97836-1,N9b6b79c0c4
LOINC:97843-7,Na8cef7d7b7
LOINC:97886-6,N9b6b79c0c4
LOINC:97887-4,N9b6b79c0c4
LOINC:97889-0,N9b6b79c0c4
LOINC:97890-8,Na1c3245260
LOINC:97891-6,Na1c3245260
LOINC:97896-5,Na1c3245260
LOINC:97897-3,Na1c3245260
LOINC:97902-1,Na1c3245260
LOINC:97903-9,Na1c3245260
LOINC:97908-8,N51b6aec0c5
LOINC:97909-6,N51b6aec0c5
LOINC:98008-6,N7a12280496
LOINC:98012-8,N7a12280496
LOINC:98013-6,N7a12280496
LOINC:98070-6,Nc436ff9e38
LOINC:98154-8,Ndef95788c4
LOINC:98514-3,N4cc8c11bce
LOINC:98515-0,N4cc8c11bce
LOINC:98520-0,N4cc8c11bce
LOINC:98533-3,N4cc8c11bce
LOINC:98534-1,N4cc8c11bce
LOINC:98536-6,N4cc8c11bce
LOINC:98537-4,N4cc8c11bce
LOINC:98538-2,N4cc8c11bce
LOINC:98539-0,N4cc8c11bce
LOINC:98540-8,N4cc8c11bce
LOINC:98541-6,N4cc8c11bce
LOINC:98542-4,N4cc8c11bce
LOINC:98543-2,N4cc8c11bce
LOINC:98544-0,N4cc8c11bce
LOINC:98545-7,N4cc8c11bce
LOINC:98546-5,N4cc8c11bce
LOINC:98547-3,N4cc8c11bce
LOINC:98548-1,N4cc8c11bce
LOINC:98549-9,N4cc8c11bce
LOINC:98550-7,N4cc8c11bce
LOINC:98551-5,N4cc8c11bce
LOINC:98552-3,N4cc8c11bce
LOINC:98553-1,N4cc8c11bce
LOINC:98554-9,N4cc8c11bce
LOINC:98555-6,N4cc8c11bce
LOINC:98556-4,N4cc8c11bce
LOINC:98557-2,N4cc8c11bce
LOINC:98558-0,N4cc8c11bce
LOINC:98559-8,N4cc8c11bce
LOINC:98560-6,N4cc8c11bce
LOINC:98561-4,N4cc8c11bce
LOINC:98562-2,N4cc8c11bce
LOINC:98563-0,N4cc8c11bce
LOINC:98564-8,N4cc8c11bce
LOINC:98565-5,N4cc8c11bce
LOINC:98566-3,N4cc8c11bce
LOINC:98567-1,N4cc8c11bce
LOINC:98568-9,N4cc8c11bce
LOINC:98569-7,N4cc8c11bce
LOINC:98570-5,N4cc8c11bce
LOINC:98571-3,N4cc8c11bce
LOINC:98572-1,N4cc8c11bce
LOINC:98573-9,N4cc8c11bce
LOINC:98574-7,N4cc8c11bce
LOINC:98575-4,N4cc8c11bce
LOINC:98576-2,N4cc8c11bce
LOINC:98577-0,N4cc8c11bce
LOINC:98578-8,N4cc8c11bce
LOINC:98579-6,N4cc8c11bce
LOINC:98580-4,N4cc8c11bce
LOINC:98581-2,N4cc8c11bce
LOINC:98582-0,N4cc8c11bce
LOINC:98583-8,N4cc8c11bce
LOINC:98584-6,N4cc8c11bce
LOINC:98585-3,N4cc8c11bce
LOINC:98586-1,N4cc8c11bce
LOINC:98587-9,N4cc8c11bce
LOINC:98588-7,N4cc8c11bce
LOINC:98589-5,N4cc8c11bce
LOINC:98590-3,N4cc8c11bce
LOINC:98591-1,N4cc8c11bce
LOINC:98592-9,N4cc8c11bce
LOINC:98593-7,N4cc8c11bce
LOINC:98594-5,N4cc8c11bce
LOINC:98595-2,N4cc8c11bce
LOINC:98596-0,N4cc8c11bce
LOINC:98597-8,N4cc8c11bce
LOINC:98598-6,N4cc8c11bce
LOINC:98599-4,N4cc8c11bce
LOINC:98600-0,N4cc8c11bce
LOINC:98601-8,N4cc8c11bce
LOINC:98602-6,N4cc8c11bce
LOINC:98603-4,N4cc8c11bce
LOINC:98872-5,Ndef95788c4
LOINC:98915-2,Nd10b8da89f
LOINC:98916-0,Nd10b8da89f
LOINC:98917-8,N4fcc4f32d3
LOINC:98944-2,N4fcc4f32d3
LOINC:98945-9,Nd10b8da89f
LOINC:98946-7,Nd10b8da89f
LOINC:98975-6,N92c5d15452
LOINC:99287-5,N0682299381
LOINC:99288-3,N0682299381
LOINC:99295-8,N0682299381
LOINC:99296-6,N0682299381
LOINC:99303-0,N0682299381
LOINC:99304-8,N0682299381
LOINC:99305-5,N0682299381
LOINC:99417-8,Na1c3245260
LOINC:99418-6,Na1c3245260
LOINC:99556-3,Na1c3245260
LOINC:99557-1,Na1c3245260
LOINC:99562-1,Na1c3245260
LOINC:99563-9,Na1c3245260
LOINC:99567-0,Na1c3245260
LOINC:99568-8,Na1c3245260
LOINC:99577-9,N6e600686de
LOINC:99578-7,N6e600686de
LOINC:99579-5,N6e600686de
LOINC:99580-3,N6e600686de
LOINC:99581-1,N6e600686de
LOINC:99593-6,N12723449f1
LOINC:99595-1,N12723449f1
LOINC:99934-2,Nfb382cca93
LOINC:99946-6,Nfb382cca93
