curie,label,retrieved_at
hgnc:10000,RGS4,2026-08-20T00:16:54.904213
hgnc:10006,RHAG,2026-08-16T20:37:11.419898
hgnc:10008,RHCE,2026-08-16T20:37:11.446332
hgnc:10009,RHD,2026-08-05T21:33:33.624091
hgnc:1001,BCL6,2026-07-28T12:18:49.132024
hgnc:10011,RHEB,2026-08-05T01:14:39.277365
hgnc:10012,RHO,2026-06-08T11:04:04.765572
hgnc:10019,RIPK1,2026-04-26T20:14:08.172848
hgnc:10021,RIPK3,2026-04-26T20:14:08.177044
hgnc:10023,RIT1,2026-04-19T19:47:43.416969
hgnc:10024,RLBP1,2026-08-01T16:28:50.085456
hgnc:10031,RMRP,2026-08-01T14:41:54.263617
hgnc:1014,BCR,2026-07-31T17:01:03.796592
hgnc:10193,RNU4-2,2026-07-10T05:54:52.572522
hgnc:10250,ROBO2,2026-08-01T02:42:28.384807
hgnc:10251,ROCK1,2026-08-20T04:51:17.598367
hgnc:10252,ROCK2,2026-08-20T04:51:17.614360
hgnc:10254,ROM1,2026-04-19T19:51:00.429259
hgnc:10259,RORB,2026-08-20T04:54:21.929279
hgnc:10260,RORC,2026-08-01T09:05:09.231821
hgnc:10261,ROS1,2026-05-02T21:34:04.028646
hgnc:10263,RP1,2026-08-13T21:00:09.422625
hgnc:10274,RP2,2026-07-20T14:20:27.936627
hgnc:10289,RPA1,2026-06-05T15:18:07.278674
hgnc:10294,RPE65,2026-06-08T11:04:04.760180
hgnc:10295,RPGR,2026-04-19T20:06:54.082888
hgnc:10301,RPL11,2026-04-19T19:12:27.424334
hgnc:1033,BDNF,2026-06-03T16:26:54.976054
hgnc:10345,RPL35A,2026-04-19T19:12:27.426380
hgnc:10351,RPL3L,2026-07-02T06:18:07.954061
hgnc:10360,RPL5,2026-04-19T19:12:27.422133
hgnc:1037,CFB,2026-04-22T22:09:44.692271
hgnc:10383,RPS10,2026-04-19T19:12:27.432062
hgnc:10397,RPS17,2026-04-19T19:12:27.433676
hgnc:10402,RPS19,2026-04-19T19:12:27.420007
hgnc:10405,RPS20,2026-05-24T14:45:27.184691
hgnc:10411,RPS24,2026-04-19T19:12:27.430155
hgnc:10414,RPS26,2026-04-19T19:12:27.428441
hgnc:10432,RPS6KA3,2026-04-19T19:08:06.930692
hgnc:10435,RPS6KA6,2026-07-31T22:02:43.572320
hgnc:10436,RPS6KB1,2026-07-02T06:31:17.943877
hgnc:10440,RPS7,2026-04-19T19:12:27.435969
hgnc:10447,RRAS,2026-07-28T12:17:36.197936
hgnc:10449,RREB1,2026-05-28T15:10:40.417375
hgnc:10457,RS1,2026-08-22T18:45:38.955784
hgnc:10468,RTN2,2026-06-17T12:58:37.046433
hgnc:10471,RUNX1,2026-05-08T12:48:14.938171
hgnc:10472,RUNX2,2026-04-19T19:07:38.446896
hgnc:10483,RYR1,2026-04-19T19:03:38.876867
hgnc:10484,RYR2,2026-04-19T20:07:00.581970
hgnc:10513,SAA1,2026-07-06T01:58:52.644213
hgnc:10514,SAA2,2026-08-08T20:18:18.335411
hgnc:10519,SACS,2026-04-19T19:04:16.888034
hgnc:1052,BIN1,2026-06-16T16:51:17.634589
hgnc:10534,SAR1A,2026-04-19T19:46:08.442330
hgnc:10537,SARS1,2026-08-01T19:12:41.146940
hgnc:10540,SAT1,2026-05-11T12:39:46.814109
hgnc:10541,SATB1,2026-07-02T06:19:58.007394
hgnc:10545,MSMO1,2026-08-01T06:32:51.641560
hgnc:10547,SC5D,2026-08-27T19:37:45.737621
hgnc:10548,ATXN1,2026-07-21T02:19:40.941044
hgnc:10555,ATXN2,2026-07-11T23:44:40.987338
hgnc:1057,BLK,2026-07-02T06:20:26.095484
hgnc:10577,STMN2,2026-06-03T08:44:30.306970
hgnc:1058,BLM,2026-04-19T17:48:15.153677
hgnc:10582,SCN10A,2026-04-19T20:20:52.738504
hgnc:10583,SCN11A,2026-04-19T20:20:52.741321
hgnc:10585,SCN1A,2026-05-07T13:12:21.471357
hgnc:10586,SCN1B,2026-06-05T14:45:06.492626
hgnc:10588,SCN2A,2026-04-19T17:44:35.829234
hgnc:10591,SCN4A,2026-05-09T11:47:45.830002
hgnc:10593,SCN5A,2026-04-19T17:49:05.011222
hgnc:10596,SCN8A,2026-05-13T16:49:53.556630
hgnc:10597,SCN9A,2026-04-19T20:20:52.719448
hgnc:10599,SCNN1A,2026-05-03T15:57:51.392695
hgnc:1060,CXCR5,2026-08-22T17:49:56.416013
hgnc:10600,SCNN1B,2026-05-03T15:57:51.396346
hgnc:10602,SCNN1G,2026-05-03T15:57:51.399812
hgnc:10603,SCO1,2026-05-30T19:15:48.447155
hgnc:10604,SCO2,2026-05-30T19:16:11.573953
hgnc:10618,CCL2,2026-04-19T19:34:34.909771
hgnc:10625,CCL26,2026-06-03T04:44:43.950082
hgnc:10637,CXCL10,2026-04-19T19:44:29.491934
hgnc:10669,TSHZ1,2026-07-05T19:47:08.186806
hgnc:1067,BMP1,2026-06-30T18:04:32.559282
hgnc:10671,SDCCAG8,2026-06-14T21:28:21.624839
hgnc:10672,CXCL12,2026-08-04T20:47:18.358235
hgnc:1068,BMP15,2026-05-30T00:51:52.996325
hgnc:10680,SDHA,2026-07-31T06:33:38.314487
hgnc:10681,SDHB,2026-04-19T19:09:43.082158
hgnc:10682,SDHC,2026-07-02T04:45:50.801812
hgnc:10683,SDHD,2026-07-02T04:45:50.812852
hgnc:10702,SEC23B,2026-06-05T15:11:54.146066
hgnc:10706,SEC24D,2026-07-11T15:00:00.000000
hgnc:1071,BMP4,2026-05-10T13:27:51.180313
hgnc:10717,SEL1L,2026-08-20T15:12:31.338597
hgnc:1073,BMP6,2026-04-30T14:37:17.163328
hgnc:10732,SEMA4D,2026-08-15T23:59:59.370696
hgnc:10736,SEMA5A,2026-07-30T22:58:02.784097
hgnc:1076,BMPR1A,2026-04-19T19:30:51.800559
hgnc:10768,SF3B1,2026-06-08T11:07:40.258533
hgnc:10769,SF3B2,2026-07-31T17:50:17.857080
hgnc:1077,BMPR1B,2026-07-31T11:56:49.690886
hgnc:10778,SFRP4,2026-05-27T18:26:13.058761
hgnc:1078,BMPR2,2026-07-28T12:15:24.695547
hgnc:10782,SRSF11,2026-08-18T08:00:31.406087
hgnc:10783,SRSF2,2026-06-08T11:07:40.264651
hgnc:10805,SGCA,2026-07-01T16:24:57.063121
hgnc:10806,SGCB,2026-07-01T16:24:57.069938
hgnc:10807,SGCD,2026-07-01T16:24:57.083651
hgnc:10808,SGCE,2026-05-07T14:46:51.389559
hgnc:10809,SGCG,2026-07-01T16:24:57.077245
hgnc:10818,SGSH,2026-04-19T20:09:08.114469
hgnc:10820,SH2D1A,2026-06-08T18:54:02.637519
hgnc:10825,SH3BP2,2026-07-22T09:47:07.581015
hgnc:10847,FBXW4,2026-06-08T12:22:38.455046
hgnc:10848,SHH,2026-04-19T20:08:28.447053
hgnc:10853,SHOX,2026-04-19T19:34:41.979919
hgnc:10854,SHOX2,2026-04-19T19:34:42.131262
hgnc:10856,SI,2026-04-19T19:08:47.609740
hgnc:10872,ST3GAL5,2026-05-04T06:51:43.473894
hgnc:10879,STIL,2026-07-23T13:20:20.977892
hgnc:10880,PMEL,2026-08-01T05:52:10.290125
hgnc:10887,SIX1,2026-04-19T20:19:15.237280
hgnc:10888,SIX2,2026-04-19T20:19:15.247022
hgnc:10890,SIX4,2026-05-10T13:27:51.197514
hgnc:10891,SIX5,2026-08-21T21:09:35.386634
hgnc:10892,SIX6,2026-05-10T13:27:51.204562
hgnc:10896,SKI,2026-05-30T18:03:50.992711
hgnc:10898,SKIV2L,2026-08-22T23:37:41.381257
hgnc:1090,DST,2026-07-26T19:09:01.738070
hgnc:10905,SLC10A1,2026-08-22T17:35:21.272566
hgnc:10906,SLC10A2,2026-08-08T16:23:42.250473
hgnc:10908,SLC11A2,2026-08-23T22:37:47.644330
hgnc:10910,SLC12A1,2026-04-22T22:11:11.224349
hgnc:10911,SLC12A2,2026-04-19T19:31:56.908746
hgnc:10912,SLC12A3,2026-05-03T13:48:16.662793
hgnc:10914,SLC12A6,2026-05-04T22:55:39.378922
hgnc:1092,FOXL2,2026-04-19T17:48:08.151452
hgnc:10922,SLC16A1,2026-08-01T06:00:12.656096
hgnc:10923,SLC16A2,2026-07-31T18:10:01.843393
hgnc:10933,SLC17A5,2026-04-19T20:08:54.739062
hgnc:10938,SLC19A2,2026-04-19T19:12:20.248928
hgnc:10939,SLC1A1,2026-06-21T10:53:07.477992
hgnc:10940,SLC1A2,2026-07-04T12:10:01.117313
hgnc:10943,SLC1A5,2026-05-28T11:11:10.332222
hgnc:10947,SLC20A2,2026-04-19T17:47:34.166564
hgnc:10955,SLCO2A1,2026-08-20T05:04:26.143656
hgnc:10956,SLCO1A2,2026-08-22T00:50:25.524559
hgnc:10959,SLCO1B1,2026-08-22T17:27:25.692520
hgnc:10961,SLCO1B3,2026-08-22T17:27:25.706022
hgnc:10969,SLC22A5,2026-04-19T20:08:14.521477
hgnc:1097,BRAF,2026-04-19T19:23:21.973323
hgnc:10982,SLC25A12,2026-08-19T15:29:44.330769
hgnc:10983,SLC25A13,2026-05-08T07:26:26.787120
hgnc:10985,SLC25A15,2026-05-11T01:27:08.547393
hgnc:10989,SLC25A3,2026-07-31T18:40:25.805752
hgnc:10990,SLC25A4,2026-08-01T14:48:39.194191
hgnc:10993,SLC26A1,2026-07-05T23:16:49.739943
hgnc:10994,SLC26A2,2026-04-19T17:44:01.598937
hgnc:1100,BRCA1,2026-04-19T19:18:10.948943
hgnc:11005,SLC2A1,2026-07-06T19:58:01.188836
hgnc:11006,SLC2A2,2026-07-06T20:22:27.978402
hgnc:11007,SLC2A3,2026-04-27T23:37:52.437888
hgnc:1101,BRCA2,2026-04-19T19:18:10.946747
hgnc:11010,SLC2A5,2026-07-06T20:26:47.902997
hgnc:11019,SLC34A1,2026-05-03T00:42:15.543025
hgnc:11020,SLC34A2,2026-08-16T11:27:50.687071
hgnc:11022,SLC35A2,2026-06-04T01:11:31.618470
hgnc:11023,SLC35A3,2026-08-04T22:43:48.791825
hgnc:11025,SLC3A1,2026-05-05T10:18:42.407731
hgnc:11027,SLC4A1,2026-04-19T19:25:08.969236
hgnc:11029,SLC4A3,2026-05-30T21:34:23.265604
hgnc:11036,SLC5A1,2026-07-06T20:26:46.233335
hgnc:11037,SLC5A2,2026-07-06T19:59:02.667319
hgnc:11040,SLC5A5,2026-07-31T06:30:12.783144
hgnc:11042,SLC6A1,2026-07-31T06:30:56.578525
hgnc:11048,SLC6A2,2026-07-06T00:09:12.357030
hgnc:11049,SLC6A3,2026-06-04T11:24:42.405844
hgnc:11050,SLC6A4,2026-04-28T12:21:56.391516
hgnc:11051,SLC6A5,2026-05-10T12:27:17.252379
hgnc:11052,SLC6A6,2026-08-19T09:07:23.899630
hgnc:11055,SLC6A8,2026-07-31T06:30:19.293351
hgnc:11065,SLC7A7,2026-07-28T12:16:16.598458
hgnc:11067,SLC7A9,2026-05-05T10:18:42.411855
hgnc:11071,SLC9A1,2026-06-04T18:55:03.250331
hgnc:11073,SLC9A3,2026-08-19T12:52:55.312364
hgnc:11086,SLIT2,2026-08-01T02:42:41.396125
hgnc:11087,SLIT3,2026-07-31T18:54:16.378972
hgnc:11098,SMARCA2,2026-04-19T19:08:13.844140
hgnc:11100,SMARCA4,2026-04-19T17:44:29.095722
hgnc:11103,SMARCB1,2026-04-19T17:44:29.094095
hgnc:11104,SMARCC1,2026-08-20T07:42:29.941013
hgnc:11105,SMARCC2,2026-04-19T19:08:13.906432
hgnc:11109,SMARCE1,2026-04-19T19:08:13.846544
hgnc:11110,ARID1A,2026-04-19T19:05:21.344447
hgnc:11111,SMC1A,2026-05-03T19:23:06.529204
hgnc:11114,KDM5C,2026-07-31T19:29:43.964106
hgnc:11117,SMN1,2026-06-27T01:05:17.517626
hgnc:11118,SMN2,2026-05-30T17:13:21.490315
hgnc:11119,SMO,2026-05-05T21:37:54.951658
hgnc:1112,NCAPH,2026-07-23T13:21:30.694605
hgnc:11120,SMPD1,2026-06-13T17:49:56.305319
hgnc:11122,SMPX,2026-05-08T12:44:12.629800
hgnc:11123,SMS,2026-08-19T20:47:54.551226
hgnc:11132,SNAP25,2026-07-06T08:30:14.813637
hgnc:11133,SNAP29,2026-08-26T17:34:55.507495
hgnc:11138,SNCA,2026-04-19T19:17:42.779518
hgnc:11164,SNRPN,2026-08-20T01:16:30.381488
hgnc:11179,SOD1,2026-04-19T17:41:49.188971
hgnc:11180,SOD2,2026-07-21T15:25:09.538168
hgnc:11182,CAPN15,2026-05-08T09:20:02.131088
hgnc:11183,SON,2026-04-19T20:20:13.803825
hgnc:11184,SORD,2026-06-11T23:23:52.634232
hgnc:11187,SOS1,2026-04-19T19:47:43.410777
hgnc:11188,SOS2,2026-04-22T17:41:17.709008
hgnc:1119,BST2,2026-04-19T17:39:32.529446
hgnc:11190,SOX10,2026-04-19T19:50:33.935597
hgnc:11191,SOX11,2026-04-19T19:08:13.904893
hgnc:11195,SOX2,2026-04-19T19:16:28.629045
hgnc:11199,SOX3,2026-05-08T09:13:09.895759
hgnc:11200,SOX4,2026-04-26T00:57:31.747207
hgnc:11203,SOX8,2026-07-31T06:27:42.615874
hgnc:11204,SOX9,2026-04-19T19:02:23.118811
hgnc:11219,SPARC,2026-06-30T18:39:05.385973
hgnc:1122,BTD,2026-05-06T10:25:00.201406
hgnc:11226,SPG11,2026-06-08T17:48:54.521733
hgnc:11231,ATL1,2026-06-08T17:48:54.508455
hgnc:11233,SPAST,2026-06-08T17:48:54.499609
hgnc:11237,SPG7,2026-06-08T17:48:54.513667
hgnc:11240,SPHK1,2026-04-19T17:41:49.205156
hgnc:11241,SPI1,2026-07-31T17:01:01.127900
hgnc:11244,SPINK1,2026-08-20T04:51:19.706821
hgnc:11247,SPINT2,2026-08-22T18:34:54.458997
hgnc:11255,SPP1,2026-08-01T16:45:17.435774
hgnc:11257,SPR,2026-05-08T09:52:35.375789
hgnc:11272,SPTA1,2026-04-19T19:25:08.971711
hgnc:11273,SPTAN1,2026-08-19T20:53:08.764130
hgnc:11274,SPTB,2026-04-19T19:25:08.973878
hgnc:11276,SPTBN2,2026-04-25T18:24:24.009072
hgnc:11277,SPTLC1,2026-08-02T03:30:33.524297
hgnc:11278,SPTLC2,2026-05-23T19:07:30.107209
hgnc:11280,SQSTM1,2026-04-19T18:52:57.397557
hgnc:11285,SRD5A2,2026-05-10T21:11:45.973258
hgnc:11311,SRY,2026-04-19T17:37:40.727985
hgnc:11312,TRIM21,2026-06-29T20:10:42.418505
hgnc:1133,BTK,2026-06-30T00:41:41.741204
hgnc:11331,SSTR2,2026-05-01T07:37:26.125284
hgnc:11355,STAG2,2026-05-28T11:11:10.386692
hgnc:11356,STAG3,2026-06-07T08:44:05.488236
hgnc:11359,STAR,2026-05-07T09:32:37.544021
hgnc:11360,STARP1,2026-06-03T20:59:18.506923
hgnc:11362,STAT1,2026-08-01T09:05:02.447193
hgnc:11363,STAT2,2026-06-27T01:32:32.742853
hgnc:11364,STAT3,2026-04-19T17:41:56.158548
hgnc:11365,STAT4,2026-04-19T17:39:55.695987
hgnc:11366,STAT5A,2026-04-19T19:52:17.613323
hgnc:11367,STAT5B,2026-04-19T19:52:17.628288
hgnc:11368,STAT6,2026-04-19T17:43:39.399819
hgnc:11386,STIM1,2026-07-02T06:20:26.068977
hgnc:11389,STK11,2026-05-02T00:21:09.351866
hgnc:11408,STK4,2026-06-04T00:15:42.892241
hgnc:11411,CDKL5,2026-05-07T05:22:37.020457
hgnc:1142,BTNL2,2026-04-26T23:04:20.463161
hgnc:11425,STS,2026-05-07T13:12:21.935649
hgnc:11427,STUB1,2026-06-04T18:13:03.417332
hgnc:11429,STX11,2026-06-08T18:54:02.612431
hgnc:11433,STX1A,2026-07-31T06:35:07.169252
hgnc:11438,STX3,2026-08-22T18:32:30.433701
hgnc:1144,BTRC,2026-06-08T12:22:38.449162
hgnc:11444,STXBP1,2026-05-07T13:12:21.497853
hgnc:11445,STXBP2,2026-06-08T18:54:02.618736
hgnc:11459,SULT2B1,2026-05-07T09:18:44.319728
hgnc:11460,SUOX,2026-07-31T02:45:07.636534
hgnc:11474,SURF1,2026-05-30T19:45:32.336649
hgnc:11476,SURF4,2026-04-25T17:54:42.433827
hgnc:1148,BUB1,2026-05-11T08:59:36.426966
hgnc:11480,SVIL,2026-07-02T06:19:14.793403
hgnc:1149,BUB1B,2026-05-11T08:59:36.431839
hgnc:11490,SYCP2,2026-08-24T21:46:11.298531
hgnc:11494,SYN1,2026-07-06T08:30:25.335146
hgnc:11497,SYNGAP1,2026-05-24T15:54:58.069815
hgnc:11509,SYT1,2026-07-06T07:49:53.015406
hgnc:1151,BUB3,2026-05-11T08:59:36.436992
hgnc:11515,TBXT,2026-04-19T19:05:21.335340
hgnc:11529,EPCAM,2026-07-15T14:38:17.069705
hgnc:11535,TAF1,2026-06-03T15:15:37.745586
hgnc:11547,TAF15,2026-05-23T19:07:30.117810
hgnc:11559,TALDO1,2026-05-05T00:47:24.813680
hgnc:11571,TARDBP,2026-04-19T17:41:49.182218
hgnc:11572,TARS1,2026-06-29T20:10:42.375329
hgnc:11573,TAT,2026-07-07T21:01:33.105115
hgnc:11577,TAFAZZIN,2026-04-19T17:46:32.860758
hgnc:11582,TBCE,2026-08-27T04:09:58.865363
hgnc:11584,TBK1,2026-04-19T17:41:49.201175
hgnc:11588,TBP,2026-04-19T20:12:48.923509
hgnc:11590,TBR1,2026-08-19T16:40:08.994242
hgnc:11592,TBX1,2026-05-29T16:56:51.130300
hgnc:11598,TBX20,2026-07-02T06:18:07.968566
hgnc:1160,TWNK,2026-05-31T03:33:43.555488
hgnc:11602,TBX3,2026-04-30T20:25:15.304734
hgnc:11603,TBX4,2026-07-28T12:15:24.707509
hgnc:11604,TBX5,2026-04-19T19:25:58.949547
hgnc:11605,TBX6,2026-06-28T18:23:55.367798
hgnc:11610,TCAP,2026-07-02T06:18:07.690414
hgnc:11621,HNF1A,2026-04-19T19:12:20.230577
hgnc:11630,HNF1B,2026-04-19T19:12:20.234703
hgnc:11633,TCF3,2026-07-30T12:29:15.181296
hgnc:11634,TCF4,2026-05-11T11:00:34.931968
hgnc:11641,TCF7L2,2026-04-19T19:12:20.222169
hgnc:11642,ZEB1,2026-05-11T11:00:35.052311
hgnc:11645,MLX,2026-05-01T07:31:44.350929
hgnc:11647,TCIRG1,2026-04-19T19:49:54.439591
hgnc:11653,TCN2,2026-06-17T12:31:49.733759
hgnc:11654,TCOF1,2026-06-04T14:29:43.376496
hgnc:1171,ELP4,2026-07-18T09:41:24.902175
hgnc:1172,VPS51,2026-07-05T23:29:59.478499
hgnc:11724,TEK,2026-08-20T07:39:57.814157
hgnc:11727,TERC,2026-04-22T22:04:32.344184
hgnc:11730,TERT,2026-04-22T22:04:32.340921
hgnc:11740,TF,2026-08-08T14:23:53.835668
hgnc:11741,TFAM,2026-08-08T15:24:08.693692
hgnc:11742,TFAP2A,2026-06-03T17:15:14.409732
hgnc:11752,TFE3,2026-05-09T10:09:07.776626
hgnc:11762,TFR2,2026-05-18T17:27:12.248396
hgnc:11764,TG,2026-07-31T06:30:12.770037
hgnc:11766,TGFB1,2026-04-19T19:17:42.788517
hgnc:11768,TGFB2,2026-05-30T18:03:34.716476
hgnc:11769,TGFB3,2026-06-08T07:28:29.218406
hgnc:11771,TGFBI,2026-04-19T20:14:34.535165
hgnc:11772,TGFBR1,2026-05-30T18:03:26.382669
hgnc:11773,TGFBR2,2026-05-30T18:03:34.701774
hgnc:11776,TGIF1,2026-06-22T12:48:55.214405
hgnc:11777,TGM1,2026-05-07T09:18:44.259674
hgnc:11781,TGM5,2026-06-05T14:18:21.503229
hgnc:11782,TH,2026-05-06T01:04:20.062920
hgnc:11784,THBD,2026-04-22T22:09:44.707272
hgnc:11796,THRA,2026-08-26T22:23:00.733797
hgnc:11799,THRB,2026-08-26T22:23:00.674310
hgnc:11809,TIE1,2026-08-25T18:44:45.798340
hgnc:1181,MYRF,2026-07-31T17:01:23.538513
hgnc:11810,KLF10,2026-07-02T06:31:17.893865
hgnc:11813,TIMELESS,2026-08-01T07:14:55.823445
hgnc:11820,TIMP1,2026-08-20T04:51:19.977665
hgnc:11824,TINF2,2026-04-22T22:04:32.351061
hgnc:11825,NKX2-1,2026-07-23T16:51:48.375080
hgnc:11827,TJP1,2026-06-08T07:28:29.229047
hgnc:11828,TJP2,2026-08-08T16:23:25.999758
hgnc:11834,TKT,2026-07-07T19:05:38.604343
hgnc:11848,TLR2,2026-04-19T18:57:30.530914
hgnc:11849,TLR3,2026-04-19T17:46:18.882527
hgnc:11850,TLR4,2026-04-19T17:46:18.883941
hgnc:11854,TSPAN7,2026-08-12T10:41:40.644851
hgnc:11861,TM6SF2,2026-08-01T10:11:03.436579
hgnc:11867,TMEFF2,2026-07-05T13:17:43.726485
hgnc:11871,TMOD1,2026-07-02T06:18:07.836245
hgnc:11875,TMPO,2026-07-02T06:31:18.112584
hgnc:11876,TMPRSS2,2026-05-26T21:23:38.592282
hgnc:11892,TNF,2026-04-19T19:44:29.455104
hgnc:11896,TNFAIP3,2026-04-19T19:07:12.086729
hgnc:119,ACOX1,2026-05-10T16:17:51.022753
hgnc:11908,TNFRSF11A,2026-04-19T19:49:54.464308
hgnc:11916,TNFRSF1A,2026-06-30T09:27:31.196671
hgnc:11919,CD40,2026-07-02T06:20:26.104159
hgnc:11920,FAS,2026-04-19T19:44:29.511463
hgnc:11922,CD27,2026-05-30T21:17:28.055395
hgnc:11926,TNFSF11,2026-04-19T19:49:54.461153
hgnc:11927,TNFSF12,2026-07-31T06:30:07.208192
hgnc:11928,TNFSF13,2026-04-19T19:28:57.967724
hgnc:11929,TNFSF13B,2026-04-19T19:28:57.970471
hgnc:11931,TNFSF15,2026-07-02T06:19:33.348512
hgnc:11936,FASLG,2026-04-26T20:12:09.257872
hgnc:11943,TNNC1,2026-07-02T06:31:18.124776
hgnc:11946,TNNI2,2026-05-13T16:46:21.854640
hgnc:11947,TNNI3,2026-07-02T06:31:18.135635
hgnc:11948,TNNT1,2026-04-19T19:46:08.413650
hgnc:11949,TNNT2,2026-07-02T06:18:07.619572
hgnc:11950,TNNT3,2026-07-28T12:17:18.990448
hgnc:11955,ZNF384,2026-07-31T17:01:03.816887
hgnc:11957,MED12,2026-04-19T19:39:38.576838
hgnc:11969,TNRC6A,2026-07-31T06:34:20.474897
hgnc:11976,TNXB,2026-08-01T02:42:36.532899
hgnc:11982,TOM1,2026-08-22T04:01:53.629275
hgnc:11998,TP53,2026-04-19T17:42:17.753932
hgnc:12009,TPI1,2026-07-31T06:35:56.726315
hgnc:12010,TPM1,2026-07-02T06:31:18.146443
hgnc:12011,TPM2,2026-04-19T19:46:08.408999
hgnc:12012,TPM3,2026-04-19T19:46:08.403594
hgnc:12014,TPMT,2026-08-20T13:42:48.658129
hgnc:12015,TPO,2026-07-31T06:30:12.743510
hgnc:12033,TRAF3,2026-07-01T17:55:36.080346
hgnc:12181,TRBV11-2,2026-04-19T19:44:29.508751
hgnc:1226,GIPC1,2026-06-19T09:04:32.027550
hgnc:12261,TRDN,2026-05-24T15:34:41.258810
hgnc:12266,TREH,2026-07-06T20:17:58.199484
hgnc:12269,TREX1,2026-05-04T00:44:15.432669
hgnc:1228,SERPING1,2026-05-09T03:16:35.162790
hgnc:12299,TRHR,2026-07-05T23:37:42.266816
hgnc:123,ACP2,2026-06-18T11:25:07.262447
hgnc:12303,TRIO,2026-07-31T04:37:23.140210
hgnc:12307,TRIP13,2026-05-11T08:59:36.448110
hgnc:12338,TRPC6,2026-04-19T19:18:45.287784
hgnc:12362,TSC1,2026-04-26T18:20:58.609302
hgnc:12363,TSC2,2026-04-26T23:04:20.666222
hgnc:12370,CEP41,2026-04-19T19:30:31.186100
hgnc:12371,RSPH1,2026-07-02T06:19:13.802663
hgnc:12372,TSHB,2026-07-05T23:37:42.257587
hgnc:12373,TSHR,2026-07-31T06:30:12.728884
hgnc:12392,DNAJC7,2026-05-23T19:07:30.067865
hgnc:12403,TTN,2026-04-19T19:13:01.323758
hgnc:12404,TTPA,2026-06-03T23:11:22.485311
hgnc:12405,TTR,2026-05-30T17:12:48.849563
hgnc:12407,TUBA4A,2026-08-20T18:43:03.704426
hgnc:12410,TUBA8,2026-08-20T19:00:42.916202
hgnc:12412,TUBB2A,2026-06-11T20:52:42.033037
hgnc:12417,TUBG1,2026-06-03T23:31:36.867625
hgnc:12428,TWIST1,2026-06-18T20:07:08.343070
hgnc:12440,TYK2,2026-05-09T06:46:31.512763
hgnc:12442,TYR,2026-06-17T21:52:28.424592
hgnc:12450,TYRP1,2026-06-17T21:52:28.432607
hgnc:12453,U2AF1,2026-06-08T11:07:40.271004
hgnc:1246,C1R,2026-08-20T00:16:50.406681
hgnc:12469,UBA1,2026-06-17T15:33:30.452379
hgnc:1247,C1S,2026-08-20T00:16:50.426634
hgnc:1248,C2,2026-08-27T14:55:06.596968
hgnc:12496,UBE3A,2026-04-19T17:42:10.403937
hgnc:12513,UCHL1,2026-08-08T17:18:38.142982
hgnc:12518,UCP2,2026-08-01T06:00:12.670513
hgnc:12525,UGDH,2026-07-05T23:12:24.900780
hgnc:12527,UGP2,2026-07-05T23:12:58.366103
hgnc:12530,UGT1A1,2026-04-19T19:20:47.353413
hgnc:12556,UHRF1,2026-05-09T23:37:57.674951
hgnc:12563,UMPS,2026-05-11T04:11:08.902932
hgnc:12591,UROD,2026-05-10T12:32:18.963738
hgnc:12592,UROS,2026-05-10T12:17:42.336133
hgnc:12597,USH1C,2026-06-22T10:22:07.493200
hgnc:1260,CFAP410,2026-05-23T19:07:30.062547
hgnc:12601,USH2A,2026-06-08T11:04:04.773500
hgnc:12605,CLRN1,2026-06-22T10:22:07.531618
hgnc:12607,USP1,2026-05-28T11:11:10.367740
hgnc:12630,USP7,2026-04-19T19:23:41.475725
hgnc:12631,USP8,2026-06-03T08:28:01.130655
hgnc:12632,USP9X,2026-05-24T17:01:38.146771
hgnc:12637,KDM6A,2026-04-19T19:31:20.444851
hgnc:12643,VAMP2,2026-07-06T08:53:42.592494
hgnc:12651,VARS1,2026-08-18T15:29:29.526007
hgnc:12657,VAV1,2026-04-19T19:52:52.126180
hgnc:12663,VCAM1,2026-07-02T06:20:25.893159
hgnc:12665,VCL,2026-07-02T06:18:07.673664
hgnc:12666,VCP,2026-04-19T17:41:49.203916
hgnc:12679,VDR,2026-08-19T17:16:11.909510
hgnc:12680,VEGFA,2026-04-19T17:46:18.901007
hgnc:12687,VHL,2026-05-09T18:49:16.539024
hgnc:12698,VLDLR,2026-05-13T19:58:33.788858
hgnc:12703,BEST1,2026-04-19T17:45:37.889705
hgnc:12712,VPS33B,2026-08-02T01:51:15.103282
hgnc:12716,TRPV1,2026-04-19T19:02:50.265084
hgnc:12718,VRK1,2026-05-30T18:33:35.829154
hgnc:12723,VSX1,2026-07-31T13:58:39.535106
hgnc:12729,WARS1,2026-08-22T13:49:09.243608
hgnc:12731,WAS,2026-05-03T20:36:14.160524
hgnc:12739,WBP4,2026-08-17T03:17:30.648328
hgnc:12756,WDR4,2026-04-19T19:19:46.399308
hgnc:12758,WDR6,2026-06-21T21:41:10.636464
hgnc:12762,WFS1,2026-04-19T19:12:20.244115
hgnc:12766,NSD2,2026-04-30T20:28:29.512483
hgnc:12774,WNT1,2026-06-30T18:21:45.184756
hgnc:12775,WNT10B,2026-06-08T12:22:38.514637
hgnc:12783,WNT4,2026-08-05T11:20:35.034795
hgnc:12784,WNT5A,2026-08-27T04:09:51.022108
hgnc:12786,WNT7A,2026-05-27T05:58:26.725047
hgnc:12787,WNT7B,2026-05-27T06:00:26.796302
hgnc:12791,WRN,2026-07-31T18:19:55.538633
hgnc:12796,WT1,2026-04-19T20:19:15.200191
hgnc:12799,WWOX,2026-08-19T20:31:35.990108
hgnc:12811,XK,2026-08-20T18:09:30.678156
hgnc:12814,XPA,2026-07-31T06:36:28.594459
hgnc:12816,XPC,2026-07-31T06:36:30.331642
hgnc:12827,XPR1,2026-04-19T17:47:34.168552
hgnc:12828,XRCC1,2026-08-04T17:55:21.709510
hgnc:12829,XRCC2,2026-04-19T19:18:11.273610
hgnc:12831,XRCC4,2026-08-27T00:56:07.419382
hgnc:12840,YARS1,2026-08-02T02:52:22.672687
hgnc:12851,YWHAE,2026-06-03T17:04:45.114946
hgnc:12852,YWHAG,2026-04-19T20:19:54.056064
hgnc:12869,ZFX,2026-08-19T08:57:40.968371
hgnc:12874,ZIC3,2026-07-31T17:26:20.685197
hgnc:129,ACTA1,2026-04-19T19:46:08.399133
hgnc:12974,RNF113A,2026-08-17T13:32:43.863420
hgnc:12997,ZSCAN10,2026-07-31T17:16:03.257302
hgnc:130,ACTA2,2026-05-30T18:03:34.723800
hgnc:13013,KAT6A,2026-07-31T06:28:18.275880
hgnc:13030,ZBTB18,2026-07-31T04:37:22.895571
hgnc:1304,MRAP,2026-08-26T16:59:35.536510
hgnc:1307,CBY1,2026-04-28T22:21:03.648509
hgnc:13073,ZNF28,2026-08-04T14:41:05.210685
hgnc:13081,SCAPER,2026-06-14T21:28:21.660737
hgnc:13128,ZNF711,2026-07-31T22:02:43.698037
hgnc:1316,EML4,2026-07-18T08:43:08.555591
hgnc:13164,CNBP,2026-08-01T00:57:58.371645
hgnc:13176,IKZF1,2026-05-08T12:48:14.948927
hgnc:1318,C3,2026-04-22T22:09:44.695765
hgnc:132,ACTB,2026-06-05T16:02:33.121925
hgnc:13201,ADAMTS10,2026-08-01T00:35:35.532335
hgnc:1321,TIMMDC1,2026-08-26T13:55:43.509663
hgnc:13210,ARL6,2026-04-19T17:46:25.769397
hgnc:13211,ATP2C1,2026-08-22T17:39:44.839370
hgnc:13221,BCL11A,2026-04-19T17:47:27.534897
hgnc:13222,BCL11B,2026-07-31T17:01:01.151082
hgnc:1323,C4A,2026-07-02T06:24:11.790687
hgnc:13243,LMBR1,2026-08-16T16:28:19.099463
hgnc:13254,FTSJ1,2026-08-12T10:41:45.747438
hgnc:13273,DUOX2,2026-07-31T06:30:12.757547
hgnc:1331,C5,2026-04-19T19:44:29.526675
hgnc:13315,HDAC8,2026-05-03T19:23:06.541425
hgnc:13356,MCOLN1,2026-06-13T21:02:47.148151
hgnc:13361,MEPE,2026-08-01T16:45:17.426034
hgnc:13387,NEK8,2026-05-08T09:32:46.642594
hgnc:1339,C6,2026-06-19T09:41:17.320673
hgnc:13394,NPHS2,2026-04-19T19:18:45.311682
hgnc:13398,NSDHL,2026-08-13T22:19:50.436009
hgnc:1343,TRAF3IP2,2026-07-02T06:19:24.190088
hgnc:13444,SLC2A10,2026-05-05T10:00:36.817791
hgnc:13446,SLC2A9,2026-05-09T16:35:30Z
hgnc:1346,C7,2026-06-19T09:41:17.327600
hgnc:13481,UNC93B1,2026-06-03T22:38:42.490758
hgnc:13487,VPS35,2026-05-20T20:24:35.207893
hgnc:13488,VPS4A,2026-08-01T09:42:48.183560
hgnc:13503,ZBTB20,2026-06-04T17:31:38.260411
hgnc:1352,C8A,2026-06-19T09:41:17.334024
hgnc:13520,MESD,2026-06-30T19:03:48.299241
hgnc:1353,C8B,2026-06-19T09:41:17.340297
hgnc:13530,RXYLT1,2026-04-19T19:13:49.189755
hgnc:13533,ATP8A2,2026-05-13T19:58:33.802509
hgnc:13552,ATP11A,2026-05-08T12:56:55.378654
hgnc:13556,IFT122,2026-06-17T11:58:14.120737
hgnc:13557,ACE2,2026-05-26T21:23:38.586266
hgnc:1356,ERLIN2,2026-08-01T12:22:12.759900
hgnc:13575,BRD4,2026-05-03T19:23:06.545322
hgnc:1358,C9,2026-06-19T09:41:17.346945
hgnc:13655,SCUBE3,2026-08-15T23:59:59.355672
hgnc:1366,ADAMTS13,2026-07-05T23:32:38.090814
hgnc:13666,AAAS,2026-08-07T16:20:33.338630
hgnc:13681,DCHS1,2026-06-09T21:27:45.815426
hgnc:13723,CTCF,2026-08-20T07:19:40.787984
hgnc:13726,KMT2C,2026-04-19T19:32:11.700001
hgnc:13733,CDH23,2026-06-03T08:32:03.732571
hgnc:1374,CA3,2026-07-04T12:10:01.124167
hgnc:13743,ALOXE3,2026-05-07T09:18:44.280153
hgnc:13760,CYFIP2,2026-08-20T04:19:06.744541
hgnc:1377,CA5A,2026-07-31T06:29:11.798138
hgnc:13771,SOST,2026-05-02T00:33:52.304317
hgnc:13797,PRX,2026-07-31T21:46:43.094078
hgnc:13818,SLC12A5,2026-08-19T13:39:34.575216
hgnc:1382,CA8,2026-05-13T19:58:33.798203
hgnc:13825,ASPSCR1,2026-05-09T10:09:07.767696
hgnc:13829,WNT10A,2026-04-19T20:15:06.885915
hgnc:1386,CABP4,2026-05-09T01:09:36.908905
hgnc:13867,SH3KBP1,2026-08-25T20:52:25.208468
hgnc:13872,RIPOR2,2026-08-26T13:56:48.832825
hgnc:13875,FOXP2,2026-06-05T00:19:24.466412
hgnc:1388,CACNA1A,2026-04-19T17:49:25.899976
hgnc:13886,ABCG5,2026-07-29T19:19:51.505599
hgnc:13887,ABCG8,2026-07-29T19:19:51.521636
hgnc:1390,CACNA1C,2026-04-19T20:11:17.735920
hgnc:1391,CACNA1D,2026-08-01T07:49:33.040574
hgnc:1392,CACNA1E,2026-07-31T06:29:01.691742
hgnc:1393,CACNA1F,2026-05-10T18:57:30.123202
hgnc:1395,CACNA1H,2026-05-07T15:36:32.210938
hgnc:1397,CACNA1S,2026-05-09T09:04:13.294884
hgnc:1399,CACNA2D1,2026-04-19T20:11:17.742329
hgnc:13993,PRDM8,2026-08-01T09:06:30.006828
hgnc:13997,PRDM12,2026-06-20T02:37:22.994230
hgnc:13998,PRDM13,2026-06-18T12:43:45.795513
hgnc:13999,PRDM15,2026-04-19T19:19:46.430117
hgnc:14000,PRDM16,2026-07-02T06:18:07.944924
hgnc:14004,ANO3,2026-08-16T21:31:54.450222
hgnc:1402,CACNB2,2026-04-19T20:11:17.739270
hgnc:14025,SLC5A7,2026-06-17T21:22:57.583015
hgnc:1404,CACNB4,2026-07-31T06:32:22.640160
hgnc:14063,HDAC4,2026-04-30T14:14:54.956876
hgnc:14078,BACH2,2026-04-19T18:51:09.970630
hgnc:14121,POLR3K,2026-08-24T16:07:34.154467
hgnc:14124,NPRL3,2026-05-10T15:09:11.752947
hgnc:14154,LMF1,2026-05-30T06:59:39.303312
hgnc:14178,HS3ST6,2026-05-09T03:16:35.227853
hgnc:14202,JPH2,2026-06-08T07:21:54.023872
hgnc:14203,JPH3,2026-04-19T19:26:48.642456
hgnc:1421,SLC25A20,2026-05-07T18:05:00.476479
hgnc:14211,BLNK,2026-08-08T16:44:33.558040
hgnc:14214,CIC,2026-08-13T16:54:15.634129
hgnc:1424,CAD,2026-08-24T16:04:09.734593
hgnc:14244,RAB18,2026-05-07T12:01:56.204863
hgnc:14253,CERS1,2026-08-20T18:44:46.926202
hgnc:14255,BRPF1,2026-07-31T22:59:44.292921
hgnc:14270,PCDH19,2026-07-17T23:28:20.028836
hgnc:14281,CRLF2,2026-08-21T17:37:19.159304
hgnc:14294,SHANK3,2026-04-19T17:44:35.830877
hgnc:143,ACTC1,2026-06-08T07:21:53.896553
hgnc:14334,MRTFA,2026-05-08T10:52:45.868327
hgnc:14341,EDARADD,2026-04-24T18:03:25.826790
hgnc:14358,IRX1,2026-06-18T12:43:45.833834
hgnc:14361,IRX5,2026-05-30T21:45:52.729520
hgnc:14372,SCYL1,2026-06-04T18:39:38.401116
hgnc:14373,GLMN,2026-07-31T17:22:41.887116
hgnc:14374,NLRP1,2026-04-19T18:51:09.976491
hgnc:14377,NHP2,2026-06-05T15:18:07.290255
hgnc:14378,NOP10,2026-06-05T15:18:07.295567
hgnc:144,ACTG1,2026-06-05T16:02:33.146121
hgnc:14415,ELOVL4,2026-04-19T20:13:35.708276
hgnc:1442,CALM1,2026-05-24T15:34:41.236496
hgnc:14432,TMEM237,2026-04-19T19:39:31.809206
hgnc:1445,CALM2,2026-05-24T15:34:41.241745
hgnc:14472,SLC26A6,2026-07-05T23:16:49.748383
hgnc:1449,CALM3,2026-05-24T15:34:41.247050
hgnc:14499,MRPS7,2026-08-08T15:24:00.850387
hgnc:14508,MRPS22,2026-07-15T06:02:38.805080
hgnc:14536,KLF15,2026-05-28T11:11:10.283724
hgnc:14537,NPC2,2026-04-19T19:47:09.867429
hgnc:14539,RNF213,2026-06-18T18:14:59.446637
hgnc:14540,WNK1,2026-08-02T03:30:35.446193
hgnc:1455,CALR,2026-07-02T04:47:29.313237
hgnc:14558,CLEC7A,2026-08-01T09:40:53.149175
hgnc:14581,PINK1,2026-05-20T20:24:35.231667
hgnc:1460,CAMK2A,2026-07-31T04:43:45.656024
hgnc:14628,CDCA7,2026-05-09T23:37:57.657318
hgnc:14631,ADAMTSL2,2026-05-09T21:27:59.059426
hgnc:14637,ABCA12,2026-05-07T09:18:44.267656
hgnc:1464,CAMK4,2026-06-04T10:13:37.489690
hgnc:14674,PCDH15,2026-06-22T10:22:07.502296
hgnc:14686,JAM2,2026-04-19T17:47:34.174560
hgnc:1480,CAPN3,2026-07-01T16:24:57.047895
hgnc:1482,CAPN5,2026-07-17T12:20:02.235845
hgnc:14881,ZEB2,2026-04-19T19:43:12.959206
hgnc:14888,DNAJB6,2026-07-02T08:55:53.204218
hgnc:14889,DNAJB11,2026-05-08T09:32:46.624109
hgnc:14895,ULBP3,2026-08-04T20:47:18.316581
hgnc:14896,SPTBN4,2026-08-01T19:39:27.974985
hgnc:14897,ITPKC,2026-07-02T06:20:25.930503
hgnc:14900,IL22,2026-04-19T18:57:30.539436
hgnc:1492,SHPK,2026-08-08T18:23:36.179753
hgnc:14929,SIRT1,2026-06-03T21:00:19.512101
hgnc:1493,CARS1,2026-08-17T13:32:43.879896
hgnc:14938,PIGT,2026-08-14T04:18:31.611873
hgnc:1494,ALX1,2026-05-08T12:42:56.576265
hgnc:14951,PPP1R15B,2026-07-31T19:37:14.826153
hgnc:14959,RBM15,2026-05-08T10:52:45.864968
hgnc:14963,GPR101,2026-06-03T08:30:45.897115
hgnc:1497,CASK,2026-08-05T21:44:54.360568
hgnc:14972,SNX8,2026-04-19T19:44:29.517192
hgnc:14974,SNX10,2026-04-19T19:49:54.467858
hgnc:14977,SNX14,2026-08-12T18:25:30.022233
hgnc:14988,POFUT1,2026-08-01T16:34:55.316854
hgnc:1499,CASP1,2026-04-19T17:46:18.893748
hgnc:1504,CASP3,2026-07-02T06:20:26.050841
hgnc:1513,CASQ2,2026-07-30T16:56:42.153856
hgnc:1514,CASR,2026-04-19T17:49:53.293507
hgnc:1515,CAST,2026-06-05T14:18:21.540420
hgnc:1516,CAT,2026-04-19T17:43:24.715017
hgnc:1527,CAV1,2026-05-04T05:03:21.557090
hgnc:1528,CAV2,2026-05-23T19:07:30.056943
hgnc:1529,CAV3,2026-05-24T15:34:41.252186
hgnc:1537,CBFA2T3,2026-05-08T10:52:45.871347
hgnc:1541,CBL,2026-07-28T12:17:36.168850
hgnc:15446,PRPF31,2026-07-09T14:32:15.230531
hgnc:15454,SHOC2,2026-07-12T09:42:30.989949
hgnc:15455,MBTPS2,2026-05-11T12:39:46.800570
hgnc:1546,SERPINH1,2026-06-30T17:39:12.057989
hgnc:15461,MANF,2026-08-23T22:19:04.013136
hgnc:15464,SPINK5,2026-04-19T19:46:29.692543
hgnc:15465,GPHN,2026-05-10T12:27:17.348334
hgnc:15472,ALDH1A2,2026-07-31T18:54:16.176640
hgnc:15478,ADAM33,2026-07-02T06:24:24.660641
hgnc:15480,DIAPH3,2026-05-08T12:45:50.223004
hgnc:15488,IL23A,2026-07-02T06:20:26.129106
hgnc:15492,ANKH,2026-07-23T19:46:16.113468
hgnc:1550,CBS,2026-05-05T00:39:57.327703
hgnc:15505,MBOAT7,2026-08-01T02:16:03.559884
hgnc:15506,TSEN34,2026-05-30T18:33:35.910097
hgnc:15508,PUS1,2026-05-07T09:03:05.121714
hgnc:15511,VANGL2,2026-08-01T00:25:59.353596
hgnc:15512,VANGL1,2026-08-01T00:25:59.336121
hgnc:15520,LPAR6,2026-06-08T18:44:27.265962
hgnc:15527,KLB,2026-08-09T15:00:06.382643
hgnc:15561,IL36RN,2026-05-09T10:36:17.465661
hgnc:15573,SETBP1,2026-04-19T20:09:34.100897
hgnc:15579,TRIM8,2026-05-28T15:10:40.402179
hgnc:15592,SS18L1,2026-05-23T19:07:30.112666
hgnc:15594,DBR1,2026-08-17T13:32:43.906978
hgnc:15597,HPS3,2026-06-16T16:54:27.759123
hgnc:15598,HAMP,2026-04-19T17:47:27.530019
hgnc:15607,ARHGEF7,2026-06-05T14:39:52.411983
hgnc:15631,TLR7,2026-07-02T06:19:11.461624
hgnc:15633,TLR9,2026-07-02T06:19:11.472742
hgnc:15663,UGGT1,2026-07-05T23:13:23.666608
hgnc:15672,ALG9,2026-05-08T09:32:46.637454
hgnc:15673,PHIP,2026-08-01T19:30:11.146925
hgnc:15685,B4GAT1,2026-04-19T19:13:49.209337
hgnc:15710,LDB3,2026-05-15T17:14:21.614106
hgnc:15714,LRPPRC,2026-05-30T19:45:32.344506
hgnc:15719,OBSCN,2026-06-08T07:21:54.148727
hgnc:1573,KRIT1,2026-05-04T16:31:14.639972
hgnc:15763,POLR3F,2026-08-25T20:10:25.515165
hgnc:15766,ADNP,2026-06-04T00:43:57.056588
hgnc:15804,OVOL2,2026-06-15T23:09:38.087305
hgnc:15807,ZNF335,2026-07-23T13:20:35.111335
hgnc:15819,ANKRD1,2026-06-08T07:21:53.907395
hgnc:1582,CCND1,2026-04-19T19:38:56.300680
hgnc:1583,CCND2,2026-07-29T17:14:41.253360
hgnc:15832,BSCL2,2026-05-04T05:03:21.537296
hgnc:15836,PROKR2,2026-06-17T11:03:01.531032
hgnc:15844,HPS4,2026-06-16T16:54:27.764793
hgnc:1585,CCND3,2026-07-31T12:13:12.816757
hgnc:15853,ARFGEF2,2026-06-09T21:27:45.802272
hgnc:15868,ABHD12,2026-04-19T19:50:40.423538
hgnc:15879,CTNNBL1,2026-07-31T06:30:07.102637
hgnc:15888,RTEL1,2026-06-03T17:01:26.959202
hgnc:15889,FERMT1,2026-04-19T19:15:42.451882
hgnc:1589,CCNE1,2026-04-19T19:50:27.501207
hgnc:15894,PANK2,2026-05-10T15:13:23.783492
hgnc:15901,IFT52,2026-07-06T08:57:32.267499
hgnc:15911,NOP56,2026-07-21T02:19:41.011295
hgnc:15924,SALL4,2026-05-10T17:48:13.328791
hgnc:15925,SAMHD1,2026-04-19T17:39:32.524479
hgnc:15968,GDAP1,2026-06-12T01:29:26.545382
hgnc:15977,HES7,2026-06-28T18:23:55.356761
hgnc:15979,TP63,2026-04-19T17:41:56.192700
hgnc:15984,APTX,2026-04-24T14:45:04.838671
hgnc:15985,SVEP1,2026-08-20T15:48:30.198223
hgnc:15986,LIN28A,2026-08-18T10:38:12.420273
hgnc:15990,GCA,2026-07-06T21:57:20.764326
hgnc:15993,CHST8,2026-06-05T14:18:21.521528
hgnc:15999,SELENON,2026-06-17T06:24:27.616480
hgnc:16002,MPLKIP,2026-08-17T13:32:43.845212
hgnc:16007,TRIM63,2026-07-02T06:19:14.668221
hgnc:16028,IL33,2026-06-03T04:44:43.905843
hgnc:16038,ORMDL3,2026-08-20T04:51:16.657303
hgnc:1605,CCR4,2026-07-20T17:38:31.541081
hgnc:16050,MED12L,2026-08-21T17:36:45.099612
hgnc:1606,CCR5,2026-04-19T17:39:32.517691
hgnc:16062,CRTC1,2026-06-22T11:02:43.921241
hgnc:16067,MYOCD,2026-07-19T13:46:52.818222
hgnc:16068,PCNT,2026-07-31T17:25:51.709259
hgnc:16075,RAB33B,2026-07-05T23:30:06.436187
hgnc:16077,DUSP22,2026-04-19T17:41:56.191071
hgnc:16133,TBC1D20,2026-05-07T12:01:56.223260
hgnc:16147,MCM8,2026-06-07T11:30:38.974713
hgnc:16187,SLC52A3,2026-06-27T01:05:17.545709
hgnc:16197,TP53RK,2026-04-19T19:19:46.388360
hgnc:16232,COX4I2,2026-06-22T16:02:54.272272
hgnc:16235,DNAJC5,2026-05-13T14:31:28.748825
hgnc:16257,TUBB1,2026-08-20T18:49:48.502995
hgnc:16259,MAML2,2026-06-22T11:02:43.927552
hgnc:16262,YAP1,2026-05-09T15:28:17.932320
hgnc:16266,SLC19A3,2026-05-07T06:51:00.502463
hgnc:16268,PNPLA6,2026-06-04T11:43:24.571561
hgnc:16276,TRIM5,2026-04-19T17:39:32.527863
hgnc:16290,TRIM33,2026-07-03T11:25:27.710985
hgnc:1633,CD19,2026-07-31T17:01:05.484147
hgnc:16353,MAGED2,2026-04-22T22:11:11.246131
hgnc:16356,USH1G,2026-06-22T10:22:07.509406
hgnc:16361,WHRN,2026-06-22T10:22:07.524811
hgnc:16369,PARK7,2026-05-20T20:24:35.196275
hgnc:16380,TRIM32,2026-06-14T21:28:21.583683
hgnc:16391,CARD9,2026-07-02T06:19:33.304293
hgnc:164,ACTN2,2026-08-01T12:26:44.797820
hgnc:16400,NLRP3,2026-04-19T17:46:18.891590
hgnc:16404,IL17F,2026-08-01T09:05:07.540287
hgnc:16406,EFHC1,2026-07-31T06:32:22.623917
hgnc:16410,DNAJC30,2026-08-01T19:02:41.552587
hgnc:16429,LIAS,2026-04-19T19:35:17.751676
hgnc:16438,SLC4A11,2026-05-11T11:00:35.047141
hgnc:16446,CARD14,2026-07-02T06:19:24.158225
hgnc:16466,SUFU,2026-04-19T20:08:48.112556
hgnc:16467,ACAP1,2026-08-06T20:18:45.791118
hgnc:16472,SLC45A2,2026-06-17T21:52:28.438844
hgnc:16473,NME8,2026-06-19T15:39:59.230750
hgnc:16476,TOLLIP,2026-04-19T17:47:54.281083
hgnc:16493,ZMIZ1,2026-08-15T09:06:33.758435
hgnc:16512,BSND,2026-04-22T22:11:11.241173
hgnc:16519,RAB34,2026-08-19T08:05:56.556312
hgnc:1653,CD28,2026-07-02T06:19:57.794134
hgnc:166,ACTN4,2026-04-19T19:18:45.284673
hgnc:16608,PYCARD,2026-07-12T09:38:45.621500
hgnc:1663,CD36,2026-04-19T19:40:32.707474
hgnc:16639,SRRM2,2026-07-31T18:19:55.330728
hgnc:16644,IFITM5,2026-06-13T18:27:30.924451
hgnc:16650,MRPL44,2026-08-01T17:25:30.757332
hgnc:16664,CAPN14,2026-06-03T04:44:43.890167
hgnc:16691,TUBGCP4,2026-08-20T18:54:45.880825
hgnc:16700,ZFPM2,2026-04-19T19:25:59.013220
hgnc:16712,FBXW7,2026-07-30T23:00:19.676215
hgnc:16731,FBXO32,2026-06-08T07:21:53.970920
hgnc:1678,CD4,2026-04-19T17:39:32.515580
hgnc:16783,CDC73,2026-05-07T19:56:50.061740
hgnc:16791,TSEN15,2026-05-30T18:33:35.916084
hgnc:16803,UBE3C,2026-08-20T07:29:00.422039
hgnc:1681,CD44,2026-08-20T05:04:31.054495
hgnc:16812,COQ8A,2026-04-30T14:24:13.072427
hgnc:16816,CHD5,2026-05-31T00:00:58.801330
hgnc:16831,TSPOAP1,2026-05-06T01:04:20.083768
hgnc:16840,MED20,2026-08-21T17:36:55.409537
hgnc:16854,RAPGEF2,2026-07-31T06:34:20.488536
hgnc:16873,FIG4,2026-07-31T21:46:43.207662
hgnc:16877,MFN2,2026-04-19T19:04:10.131789
hgnc:16882,HCN4,2026-05-09T09:04:24.506911
hgnc:16887,PDZK1IP1,2026-07-06T19:59:02.772681
hgnc:16902,BCKDK,2026-05-09T02:25:05.799433
hgnc:16903,TNIP1,2026-08-19T09:23:23.986466
hgnc:16905,KLHL41,2026-04-19T19:46:08.494439
hgnc:16932,NEBL,2026-06-08T07:21:54.125388
hgnc:16935,ATG7,2026-08-23T07:04:51.224919
hgnc:16947,ERLIN1,2026-08-01T12:22:12.737749
hgnc:16950,STAMBP,2026-07-31T19:30:14.768386
hgnc:16968,ARPP21,2026-05-23T19:07:30.049650
hgnc:1697,CD74,2026-05-02T21:34:04.032599
hgnc:16974,SRCAP,2026-04-19T19:18:38.589618
hgnc:1698,CD79A,2026-08-08T16:44:31.821982
hgnc:1699,CD79B,2026-07-28T12:18:49.161333
hgnc:16999,CLP1,2026-05-30T18:33:35.897148
hgnc:17022,HPS5,2026-06-16T16:54:27.770827
hgnc:17028,SNF8,2026-08-01T14:09:04.871839
hgnc:17063,RAB3GAP1,2026-05-07T12:01:56.170377
hgnc:17078,CLASP2,2026-06-09T22:04:08.521580
hgnc:17082,MLC1,2026-08-01T19:12:47.085711
hgnc:17084,SYNE2,2026-06-16T10:24:47.274429
hgnc:17089,SYNE1,2026-06-04T12:00:03.694866
hgnc:17091,NCSTN,2026-08-20T04:54:19.654041
hgnc:17095,LARS2,2026-05-31T03:33:43.560852
hgnc:17098,DICER1,2026-04-19T19:54:11.839900
hgnc:171,ACVR1,2026-08-20T00:16:54.690525
hgnc:17101,SUZ12,2026-04-19T17:41:49.202499
hgnc:17103,TNPO3,2026-07-02T08:55:53.246419
hgnc:17109,ADAMTS17,2026-08-01T00:35:35.586259
hgnc:17123,SLC9A7,2026-08-12T10:41:46.807963
hgnc:1713,CDAN1,2026-06-05T15:11:54.118441
hgnc:17142,OPTN,2026-04-19T18:52:57.395008
hgnc:17151,ORC6,2026-08-27T00:56:07.736364
hgnc:17158,PLD3,2026-04-26T00:00:00
hgnc:17168,RAB3GAP2,2026-05-07T12:01:56.188017
hgnc:17177,CRLF3,2026-07-31T06:33:45.609083
hgnc:17198,CHSY1,2026-06-04T18:31:09.529944
hgnc:17210,DHX37,2026-07-31T06:27:42.750856
hgnc:17271,RRAS2,2026-04-22T17:41:17.725073
hgnc:17272,CENPJ,2026-05-09T18:41:32.058312
hgnc:17284,POT1,2026-06-05T15:18:07.313153
hgnc:17288,APOA5,2026-05-30T06:59:39.289368
hgnc:17290,IL27RA,2026-06-03T10:13:38.130873
hgnc:17293,PRKD2,2026-08-05T22:40:46.907438
hgnc:17296,RRM2B,2026-06-05T15:40:50.584742
hgnc:17321,SP7,2026-06-30T17:57:04.355066
hgnc:17327,WAC,2026-04-19T19:11:17.255210
hgnc:17328,DTNBP1,2026-06-16T16:54:27.782158
hgnc:17357,APOBEC3G,2026-04-19T17:39:32.526441
hgnc:17367,IFT57,2026-08-19T08:05:51.824823
hgnc:17378,NAGPA,2026-08-21T18:51:04.695306
hgnc:17380,ANAPC7,2026-05-30T19:34:27.458468
hgnc:17382,SRGAP1,2026-07-31T18:19:55.319654
hgnc:1739,CDC45,2026-08-27T00:56:07.849196
hgnc:17397,BANF1,2026-04-19T19:46:22.749070
hgnc:17416,ADGRV1,2026-06-22T10:22:07.518097
hgnc:1742,LRBA,2026-04-19T19:33:12.885976
hgnc:17433,CHP1,2026-08-19T21:15:01.437150
hgnc:1744,CDC6,2026-08-27T00:56:07.791108
hgnc:17452,AS3MT,2026-04-19T17:43:24.709956
hgnc:1748,CDH1,2026-04-19T19:19:53.167740
hgnc:17485,PPP2R3C,2026-08-01T14:07:51.053793
hgnc:17493,GMNN,2026-08-27T00:56:07.818293
hgnc:175,ACVRL1,2026-04-24T16:32:09.689074
hgnc:1750,CDH11,2026-06-30T09:34:11.647875
hgnc:1752,CDH12P2,2026-04-19T17:39:55.694283
hgnc:17556,MED16,2026-08-21T17:36:55.390701
hgnc:17574,ALPK3,2026-07-02T06:19:14.650452
hgnc:17582,KAT6B,2026-06-04T18:08:52.073078
hgnc:1759,CDH2,2026-06-08T07:21:53.938380
hgnc:17619,NDE1,2026-06-09T21:06:54.108979
hgnc:1762,CDH3,2026-04-24T18:11:11.261846
hgnc:17620,NDEL1,2026-06-09T21:06:54.117085
hgnc:17635,CD274,2026-04-19T17:41:56.166125
hgnc:17642,DCLRE1C,2026-06-22T12:25:15.840339
hgnc:17646,NGLY1,2026-07-05T23:14:13.956461
hgnc:17652,PORCN,2026-06-03T22:43:50.771690
hgnc:177,ACY1,2026-07-31T06:28:04.263778
hgnc:17722,SPRED2,2026-07-28T12:17:36.182837
hgnc:1773,CDK4,2026-07-06T07:21:32.584048
hgnc:17734,TAAR1,2026-08-20T00:16:54.885492
hgnc:17754,THSD1,2026-05-07T15:28:17.852047
hgnc:17755,TNFRSF13C,2026-07-31T19:13:14.043629
hgnc:17759,PDSS1,2026-06-17T23:08:14.074161
hgnc:17761,TREM2,2026-04-19T17:41:49.192444
hgnc:1777,CDK6,2026-07-23T13:20:44.230489
hgnc:1779,CDK8,2026-07-30T23:08:14.485388
hgnc:17819,NT5C1A,2026-07-30T16:47:58.007553
hgnc:1785,CDKN1B,2026-04-19T19:23:21.978898
hgnc:1786,CDKN1C,2026-05-07T09:27:37.807707
hgnc:17861,TRAF3IP1,2026-06-19T11:37:15.482959
hgnc:17866,HAVCR1,2026-08-20T00:16:49.956366
hgnc:17869,AFF4,2026-08-19T09:23:35.806554
hgnc:1787,CDKN2A,2026-04-19T19:23:08.712743
hgnc:17870,INVS,2026-06-19T11:37:15.471352
hgnc:1788,CDKN2B,2026-04-19T19:38:32.513412
hgnc:17893,PGAP2,2026-07-27T23:32:20.938832
hgnc:17904,DROSHA,2026-04-19T19:54:11.843311
hgnc:17928,PSMC3IP,2026-04-19T17:37:32.810755
hgnc:17939,SLC45A1,2026-07-06T19:51:45.303590
hgnc:17944,EXOSC3,2026-05-30T18:33:35.846744
hgnc:17961,TRPM8,2026-08-02T03:48:41.653117
hgnc:17978,B3GALT6,2026-04-19T20:13:01.996095
hgnc:17989,SLC22A12,2026-05-09T16:35:30Z
hgnc:1799,CDR2,2026-05-16T16:52:45.635727
hgnc:17993,TRPM4,2026-06-21T16:17:08.858966
hgnc:17994,TRPM7,2026-07-20T20:04:22.218880
hgnc:17996,NAGS,2026-04-19T19:45:12.898868
hgnc:17997,FKRP,2026-04-19T19:13:49.178192
hgnc:18016,NUP133,2026-04-19T19:19:46.408007
hgnc:1802,CDSN,2026-06-05T14:18:21.534168
hgnc:18028,OSGEP,2026-04-19T19:19:46.383991
hgnc:18037,ARID2,2026-04-19T19:08:13.840067
hgnc:18040,ARID1B,2026-04-19T19:08:13.838028
hgnc:18043,MCM10,2026-08-17T21:20:38.635482
hgnc:18053,PKD1L1,2026-08-13T00:00:18.197821
hgnc:18060,ARX,2026-05-07T05:22:37.016313
hgnc:18063,STARD7,2026-07-31T06:34:20.436332
hgnc:18071,EMSY,2026-08-20T04:51:16.926397
hgnc:18082,TRPV2,2026-08-20T00:16:54.941806
hgnc:18083,TRPV4,2026-04-19T17:48:43.233375
hgnc:18084,TRPV3,2026-08-20T00:16:54.957932
hgnc:18119,SPATA5,2026-08-01T07:34:37.085785
hgnc:18121,MFRP,2026-08-01T08:19:47.954116
hgnc:18122,SOX17,2026-07-28T12:15:24.760266
hgnc:18124,P2RY12,2026-08-24T16:30:28.621080
hgnc:18127,TUBGCP6,2026-08-20T18:59:00.849058
hgnc:18130,SYCP3,2026-06-23T16:03:53.372591
hgnc:18141,DCDC2,2026-06-05T00:19:24.455365
hgnc:18145,PHF6,2026-04-19T17:48:21.827223
hgnc:18153,TNFRSF13B,2026-07-31T19:13:14.018086
hgnc:18155,TXNRD2,2026-08-26T16:59:35.622905
hgnc:18169,FKBP10,2026-06-30T17:49:57.386017
hgnc:18173,ERAP1,2026-07-02T06:23:34.006167
hgnc:18179,VPS33A,2026-08-01T18:56:14.352533
hgnc:18243,RCBTB1,2026-07-16T16:39:43.006339
hgnc:18249,KCTD1,2026-04-19T20:15:06.892948
hgnc:18258,VEZT,2026-08-05T11:20:35.046356
hgnc:18274,CYSLTR2,2026-07-02T05:24:31.099124
hgnc:18282,PBK,2026-06-12T23:27:58.733738
hgnc:18292,CFC1,2026-07-31T17:26:20.695171
hgnc:18294,ALG1,2026-07-31T06:27:46.365624
hgnc:18305,ATP6AP2,2026-08-20T00:16:56.330001
hgnc:18318,ASXL1,2026-06-08T11:07:40.278860
hgnc:18319,PRIMA1,2026-05-24T15:54:58.093187
hgnc:18324,HSD3B7,2026-06-19T08:29:04.419970
hgnc:1833,CEBPA,2026-06-18T19:57:38.285504
hgnc:18340,WDR19,2026-06-17T11:58:14.140994
hgnc:18341,PADI2,2026-07-02T06:19:57.993083
hgnc:18345,TENT5A,2026-06-30T18:49:06.032274
hgnc:18348,TICAM1,2026-07-01T17:55:36.073630
hgnc:18358,IL17RC,2026-08-01T09:05:05.848653
hgnc:18362,IMPG2,2026-06-08T18:11:57.243574
hgnc:18365,IFNL3,2026-07-23T18:24:24.169756
hgnc:18368,PADI4,2026-07-02T06:19:57.979814
hgnc:18374,HPSE2,2026-05-03T05:46:00.902005
hgnc:1839,ADA2,2026-06-03T16:37:50.254385
hgnc:18420,SETD2,2026-04-19T19:05:21.342583
hgnc:18423,DEPDC5,2026-05-09T01:09:36.900341
hgnc:18451,MCFD2,2026-04-19T20:08:14.555812
hgnc:18483,LIPH,2026-06-08T18:44:27.260244
hgnc:18505,RNF43,2026-04-19T19:51:42.358779
hgnc:18506,FCRL3,2026-08-20T00:16:57.106357
hgnc:18514,SPART,2026-07-01T21:44:29.175106
hgnc:18518,RNASEH2A,2026-05-04T00:44:15.416729
hgnc:18525,CYS1,2026-07-13T19:29:13.065073
hgnc:18539,STX1B,2026-06-05T14:45:06.499485
hgnc:18540,CPT1C,2026-07-07T22:20:56.502091
hgnc:1856,CENPE,2026-07-23T13:20:49.163963
hgnc:18561,BLOC1S5,2026-06-16T16:54:27.805130
hgnc:1857,CENPF,2026-05-07T23:04:40.490828
hgnc:18576,CCNO,2026-07-02T06:19:13.938136
hgnc:18590,PNPLA3,2026-07-18T02:10:54.703901
hgnc:18599,TUBGCP2,2026-08-22T17:59:54.824653
hgnc:186,ADA,2026-06-22T12:25:15.804634
hgnc:18603,COL25A1,2026-08-20T07:40:32.775531
hgnc:18618,LRRK2,2026-05-20T20:24:35.224793
hgnc:18620,COG4,2026-08-27T04:15:12.368753
hgnc:18622,COG7,2026-05-09T09:14:16.180695
hgnc:18626,IFT27,2026-06-14T21:28:21.605360
hgnc:18640,LDLRAP1,2026-05-09T12:31:44.308736
hgnc:18647,RTN4IP1,2026-08-14T20:48:54.594507
hgnc:18649,GULP1,2026-08-06T20:18:45.780579
hgnc:18654,RTTN,2026-05-09T18:41:32.076653
hgnc:18661,DNAH7,2026-06-19T15:39:59.218834
hgnc:18662,RAX,2026-08-01T08:19:47.937244
hgnc:18672,CDK5RAP2,2026-05-13T16:41:25.597867
hgnc:1868,CETN3,2026-07-23T13:21:58.429929
hgnc:18685,HSD17B13,2026-08-06T20:43:04.075167
hgnc:18688,CRB2,2026-08-20T07:42:30.092213
hgnc:18704,NAA10,2026-04-19T19:48:16.245741
hgnc:1875,CFL2,2026-04-19T19:46:08.418959
hgnc:18756,RHOBTB2,2026-08-20T12:21:21.160371
hgnc:18758,BBS7,2026-06-14T21:28:21.529461
hgnc:18788,KLRK1,2026-08-04T20:47:18.330002
hgnc:18791,ZFP57,2026-08-01T09:06:29.994260
hgnc:18801,POGZ,2026-08-01T15:32:16.099786
hgnc:18806,CAMTA1,2026-08-01T14:11:03.458366
hgnc:18817,HPS6,2026-06-16T16:54:27.776535
hgnc:18825,SERINC5,2026-04-19T17:39:32.530882
hgnc:1884,CFTR,2026-08-19T12:52:55.264972
hgnc:18856,CREB3L1,2026-06-30T18:30:36.538585
hgnc:18865,KCNT1,2026-05-09T01:09:36.895961
hgnc:18871,MMAA,2026-04-19T19:42:26.119923
hgnc:18873,IFIH1,2026-05-04T00:44:15.409107
hgnc:18884,TDP1,2026-04-24T14:45:04.859085
hgnc:18971,AP1S3,2026-07-02T06:19:24.219621
hgnc:18986,GBA2,2026-06-18T20:09:19.887721
hgnc:190,ADAM12,2026-08-04T14:41:05.191779
hgnc:19012,CORIN,2026-08-19T09:22:45.585962
hgnc:19027,LRRC8A,2026-08-08T16:44:35.236200
hgnc:19041,COQ8B,2026-06-17T23:08:14.056337
hgnc:19048,ASPM,2026-05-13T16:41:25.584772
hgnc:1908,VPS13A,2026-04-19T19:05:28.302116
hgnc:19088,ASH1L,2026-08-27T02:57:23.139491
hgnc:19100,IL23R,2026-07-02T06:19:24.177063
hgnc:19104,NPHP4,2026-06-19T11:37:15.460938
hgnc:1912,CHAT,2026-06-15T23:59:19.850101
hgnc:19139,POMGNT1,2026-04-19T19:13:49.174024
hgnc:19141,TTBK2,2026-04-25T18:24:24.014591
hgnc:1915,CHD1,2026-04-19T19:53:58.528234
hgnc:1917,CHD2,2026-07-22T16:40:12.548290
hgnc:1918,CHD3,2026-05-04T18:56:08.639321
hgnc:19181,KIF14,2026-07-23T13:21:16.815656
hgnc:19189,DOCK6,2026-04-30T14:17:46.945584
hgnc:1919,CHD4,2026-04-19T19:25:59.020038
hgnc:19191,DOCK8,2026-08-01T09:05:12.116048
hgnc:19217,THADA,2026-07-06T22:54:44.161651
hgnc:19261,MTO1,2026-08-01T17:38:00.778048
hgnc:19308,SDK2,2026-08-24T18:07:05.523506
hgnc:19316,P3H1,2026-06-29T04:14:35.968763
hgnc:19331,MMAB,2026-04-19T19:42:26.123198
hgnc:19338,CDK19,2026-08-21T17:36:43.928031
hgnc:19344,DENND5A,2026-08-20T12:54:49.248266
hgnc:19349,KIF21A,2026-08-20T07:40:21.118298
hgnc:19358,ALG12,2026-05-10T14:44:57.064799
hgnc:1937,CHKA,2026-08-18T15:29:14.871514
hgnc:19372,IL31,2026-04-19T17:44:15.688492
hgnc:19380,RNU12,2026-05-30T13:56:51.215099
hgnc:19383,SOCS1,2026-08-21T16:42:47.217768
hgnc:19391,SOCS3,2026-08-21T17:37:19.308397
hgnc:1940,CHM,2026-06-08T11:04:04.779227
hgnc:1943,CHN1,2026-06-25T22:55:25.655837
hgnc:19439,KCNK18,2026-07-30T23:33:25.850892
hgnc:19440,SBDS,2026-04-22T22:04:32.355582
hgnc:195,ADAM17,2026-08-08T19:27:53.529503
hgnc:1950,CHRM1,2026-08-08T19:27:53.517767
hgnc:1951,CHRM2,2026-07-31T06:28:37.830246
hgnc:1952,CHRM3,2026-07-19T13:20:58.128995
hgnc:1955,CHRNA1,2026-05-30T09:33:59.622582
hgnc:1956,CHRNA2,2026-05-09T01:09:36.883394
hgnc:1957,CHRNA3,2026-07-21T00:15:51.904989
hgnc:1958,CHRNA4,2026-05-09T01:09:36.851658
hgnc:1960,CHRNA7,2026-08-04T00:46:07.549233
hgnc:1961,CHRNB1,2026-06-15T23:59:19.874695
hgnc:1962,CHRNB2,2026-05-09T01:09:36.871725
hgnc:1964,CHRNB4,2026-07-21T00:15:51.913638
hgnc:1965,CHRND,2026-06-15T23:59:19.880075
hgnc:1966,CHRNE,2026-06-15T23:59:19.827555
hgnc:19661,TNNI3K,2026-07-02T06:18:07.978156
hgnc:1967,CHRNG,2026-05-09T09:01:35.236666
hgnc:1968,LYST,2026-06-08T18:54:02.631364
hgnc:19687,EIF2AK4,2026-07-28T12:15:24.774886
hgnc:19693,COQ4,2026-06-17T23:08:14.042877
hgnc:19698,KCNV2,2026-07-07T13:03:43.124120
hgnc:19701,CNKSR2,2026-08-05T15:16:56.909051
hgnc:1971,CHST3,2026-08-01T17:34:16.402655
hgnc:19721,CANT1,2026-07-06T08:13:00.855057
hgnc:19743,POMT2,2026-04-19T19:13:49.171842
hgnc:1975,VSX2,2026-08-01T08:19:47.922467
hgnc:1985,CIT,2026-07-23T13:21:07.461588
hgnc:19918,MYORG,2026-04-19T17:47:34.172889
hgnc:19943,TRAPPC4,2026-08-16T19:18:01.684098
hgnc:19954,SLC25A22,2026-08-01T01:26:29.861679
hgnc:19958,PRORP,2026-08-08T15:24:00.517106
hgnc:19959,TOGARAM1,2026-04-28T22:21:03.610325
hgnc:19960,KIAA0586,2026-04-19T19:30:31.197090
hgnc:19967,CCDC88C,2026-08-20T07:42:16.179498
hgnc:19986,CYCS,2026-07-05T18:52:58.453438
hgnc:19988,ANAPC1,2026-06-17T21:46:54.791644
hgnc:20,AARS1,2026-06-29T20:02:09.005388
hgnc:20001,PCSK9,2026-04-19T19:27:26.943511
hgnc:20041,ZNF408,2026-06-25T10:50:45.992498
hgnc:20087,TTC8,2026-04-29T02:31:16.449699
hgnc:20134,GLRX5,2026-08-24T13:25:08.921903
hgnc:20145,GPR143,2026-08-15T20:19:08.403154
hgnc:20153,CHD8,2026-04-19T17:44:35.827182
hgnc:20174,INTS13,2026-08-19T08:05:10.649128
hgnc:20182,SLC39A9,2026-08-20T00:16:49.973795
hgnc:20185,TMEM260,2026-08-09T22:32:48.298684
hgnc:2019,CLCN1,2026-04-19T20:16:12.319555
hgnc:20193,HFM1,2026-06-15T21:44:38.670644
hgnc:20194,POLR1C,2026-06-04T14:29:43.397515
hgnc:20197,SLC35C1,2026-08-27T04:05:57.341992
hgnc:2020,CLCN2,2026-05-07T15:36:32.197672
hgnc:20207,B3GLCT,2026-08-01T18:01:20.288578
hgnc:20213,COX16,2026-06-23T05:12:45.404915
hgnc:20233,COQ6,2026-06-17T23:08:14.048819
hgnc:20249,SPRED1,2026-07-13T20:05:43.414041
hgnc:2025,CLCN7,2026-04-19T19:49:54.443148
hgnc:20255,SFMBT1,2026-08-22T00:50:25.563850
hgnc:2026,CLCNKA,2026-04-22T23:07:59.544472
hgnc:20266,ALG5,2026-05-08T09:32:46.633250
hgnc:2027,CLCNKB,2026-04-22T22:11:11.235479
hgnc:20295,SLITRK5,2026-06-21T10:53:07.490914
hgnc:20297,SLITRK1,2026-05-02T21:28:26.593807
hgnc:20303,SLC30A8,2026-04-19T19:12:20.228653
hgnc:20318,SMOC1,2026-05-20T23:30:08.756397
hgnc:20347,VIPAS39,2026-08-02T01:51:15.118133
hgnc:20356,GON7,2026-04-19T19:19:46.415584
hgnc:20361,SPTSSA,2026-08-25T18:35:29.528121
hgnc:20372,NDUFB11,2026-08-01T17:54:15.489675
hgnc:20376,SUMF1,2026-05-06T15:44:26.046004
hgnc:2039,CLDN18,2026-08-01T08:00:40.621886
hgnc:20406,KRT6C,2026-08-18T11:58:28.803306
hgnc:20418,PDS5B,2026-08-09T00:57:21.218211
hgnc:20422,POLR1D,2026-06-04T14:29:43.387158
hgnc:20454,POLR1B,2026-06-04T14:29:43.407822
hgnc:20456,TRAF7,2026-05-09T15:28:17.937491
hgnc:20473,BRIP1,2026-04-19T19:18:10.984218
hgnc:20480,GBP4,2026-08-12T01:23:51.075755
hgnc:20492,COA8,2026-05-30T19:16:34.687603
hgnc:20499,L2HGDH,2026-05-07T19:42:42.137800
hgnc:20580,CYP2R1,2026-08-19T17:16:00.886310
hgnc:20581,CYP26B1,2026-06-17T13:02:14.995092
hgnc:20611,SLC24A5,2026-06-17T21:52:28.444618
hgnc:20619,MICAL1,2026-08-05T01:02:08.962023
hgnc:20626,CHD7,2026-05-07T17:13:43.502473
hgnc:20652,TXNDC15,2026-04-19T19:39:31.825452
hgnc:20662,SLC25A24,2026-05-06T22:14:18.488839
hgnc:20672,PHF8,2026-08-01T00:59:14.437747
hgnc:2073,TPP1,2026-06-13T16:07:23.489259
hgnc:20730,ARMC9,2026-04-19T19:30:31.183294
hgnc:20731,GNB4,2026-08-02T02:52:22.697157
hgnc:2074,CLN3,2026-06-13T16:07:23.446586
hgnc:20748,FANCL,2026-04-19T19:18:11.213787
hgnc:20758,ZFYVE19,2026-08-08T16:23:26.090428
hgnc:2076,CLN5,2026-06-13T16:07:23.453140
hgnc:20761,ZFYVE26,2026-07-01T20:22:20.442886
hgnc:20766,TUBA1A,2026-06-03T23:31:36.862508
hgnc:20767,PDLIM3,2026-07-02T06:31:17.929580
hgnc:2077,CLN6,2026-05-13T14:40:53.438015
hgnc:20771,TUBB4B,2026-06-26T23:37:54.307934
hgnc:20772,TUBB3,2026-06-09T20:31:36.256423
hgnc:20773,TUBB8,2026-08-20T18:46:04.623171
hgnc:20774,TUBB4A,2026-08-20T18:33:35.899377
hgnc:20778,TUBB,2026-06-11T21:01:32.996831
hgnc:2079,CLN8,2026-06-13T16:07:23.460917
hgnc:20800,SLC35D1,2026-04-19T20:09:53.930962
hgnc:2082,CLOCK,2026-04-19T19:11:24.059039
hgnc:2084,CLPP,2026-05-31T03:33:43.549758
hgnc:20856,THAP1,2026-08-16T21:31:54.423785
hgnc:20857,NANOG,2026-08-18T10:37:55.222746
hgnc:20858,SLC39A14,2026-08-23T22:37:47.623153
hgnc:20859,SLC39A13,2026-04-19T20:13:02.006769
hgnc:20862,SLC39A8,2026-08-23T22:37:47.600570
hgnc:20867,MCHR2,2026-06-18T20:13:32.570475
hgnc:20889,LRIG2,2026-05-03T05:46:00.905577
hgnc:20893,BCOR,2026-07-03T16:47:07.429654
hgnc:20898,PGM2L1,2026-07-06T20:19:22.939658
hgnc:20914,BLOC1S3,2026-06-16T16:54:27.787734
hgnc:20992,RPP40,2026-07-26T03:43:51.408475
hgnc:21024,CUL7,2026-08-27T04:02:23.781906
hgnc:21056,ERMARD,2026-06-09T21:27:45.827819
hgnc:21057,RSPH9,2026-07-02T06:19:13.930925
hgnc:21082,SEC63,2026-05-08T23:53:10.032686
hgnc:21086,MIB1,2026-06-08T07:21:54.057641
hgnc:21143,ZBTB24,2026-05-09T23:37:57.644126
hgnc:21144,DSE,2026-07-31T18:54:54.514358
hgnc:21157,GTF2H5,2026-06-29T20:02:08.993844
hgnc:21158,RNF135,2026-07-31T06:33:45.644985
hgnc:21176,RMND1,2026-08-08T15:24:00.663373
hgnc:21197,FA2H,2026-07-01T21:44:29.162066
hgnc:21205,LINGO1,2026-07-04T12:10:01.108021
hgnc:21228,BTBD9,2026-08-24T17:57:24.780281
hgnc:21246,PNPLA1,2026-05-07T09:18:44.307660
hgnc:21289,UBR2,2026-08-24T17:56:33.557000
hgnc:21296,EPS8L2,2026-08-27T15:14:25.257894
hgnc:21300,RPP21,2026-07-26T03:43:51.417425
hgnc:21304,ADPRS,2026-08-01T19:26:01.172310
hgnc:21307,DSG4,2026-08-23T16:56:22.226012
hgnc:21316,ANKRD11,2026-06-04T17:34:17.620295
hgnc:21338,PRRX2,2026-08-05T00:57:29.379279
hgnc:2135,SBF2,2026-07-31T21:46:43.046818
hgnc:21350,PDHX,2026-05-05T13:29:01.278855
hgnc:21367,CGAS,2026-04-19T19:34:34.900315
hgnc:21378,OGFRL1,2026-07-22T09:47:07.593267
hgnc:21390,RIPPLY2,2026-07-06T12:57:32.992769
hgnc:21396,ABHD5,2026-06-20T02:37:05.932442
hgnc:21406,RARS2,2026-05-30T18:33:35.878730
hgnc:21424,IFT74,2026-04-28T22:21:03.617887
hgnc:21474,INPP5E,2026-04-28T22:21:03.575518
hgnc:21478,RFX6,2026-08-16T18:59:22.192673
hgnc:21484,MCM9,2026-04-20T11:54:38.713566
hgnc:21485,TBC1D32,2026-06-26T23:37:54.270947
hgnc:21493,DNAAF4,2026-06-05T00:19:24.460903
hgnc:21495,KIF12,2026-08-08T16:23:26.075811
hgnc:21497,ACAD9,2026-07-02T07:01:42.444641
hgnc:21498,ATG16L1,2026-07-02T06:19:33.282899
hgnc:2150,CNGA3,2026-04-22T23:10:38.241268
hgnc:2153,CNGB3,2026-04-22T23:10:38.244966
hgnc:21555,EYS,2026-06-30T16:25:28.752277
hgnc:21558,RSPH4A,2026-07-02T06:19:13.922709
hgnc:21575,AHI1,2026-04-19T19:30:31.180726
hgnc:21576,NHLRC1,2026-04-19T19:33:32.586047
hgnc:21580,KIAA0319,2026-06-05T00:19:24.449697
hgnc:2159,CNR1,2026-04-19T19:02:50.227954
hgnc:21637,SATB2,2026-07-05T13:17:43.699619
hgnc:21641,TSPAN12,2026-06-17T11:10:58.618772
hgnc:21652,OSTM1,2026-04-19T19:49:54.458188
hgnc:21653,TOPORS,2026-04-19T19:30:31.218087
hgnc:21679,RSPO1,2026-05-08T09:13:09.943456
hgnc:21698,RNF216,2026-06-04T18:13:03.407169
hgnc:21699,CERKL,2026-07-23T22:13:02.965775
hgnc:21708,CCM2,2026-05-04T16:31:14.644102
hgnc:21709,TMUB1,2026-08-01T12:22:12.781976
hgnc:21734,LHX4,2026-05-10T15:16:39.483804
hgnc:218,ADAMTS2,2026-08-20T00:16:50.384463
hgnc:2183,VPS13B,2026-08-22T18:40:20.697486
hgnc:21839,KPNA7,2026-05-24T15:54:58.087370
hgnc:2185,COL10A1,2026-04-19T09:01:29.272349
hgnc:2186,COL11A1,2026-04-19T19:18:18.270385
hgnc:21869,AGK,2026-05-05T09:55:55.294086
hgnc:2187,COL11A2,2026-04-19T19:01:31.433631
hgnc:2188,COL12A1,2026-05-09T07:20:01.623228
hgnc:2191,COL14A1,2026-06-11T20:49:30.234097
hgnc:21919,PARP12,2026-05-26T14:46:30.204114
hgnc:2194,COL17A1,2026-04-19T19:15:42.444774
hgnc:2197,COL1A1,2026-06-13T18:27:30.911062
hgnc:2198,COL1A2,2026-06-13T18:27:30.917617
hgnc:2200,COL2A1,2026-04-19T17:38:55.548411
hgnc:2201,COL3A1,2026-04-19T19:14:38.807737
hgnc:2202,COL4A1,2026-06-18T12:16:57.129010
hgnc:2204,COL4A3,2026-04-30T14:19:32.550798
hgnc:2206,COL4A4,2026-04-19T09:01:29.258048
hgnc:2207,COL4A5,2026-04-30T14:19:32.546709
hgnc:2208,COL4A6,2026-05-08T12:44:12.641890
hgnc:2209,COL5A1,2026-04-19T19:14:38.792572
hgnc:2210,COL5A2,2026-08-20T00:16:50.365768
hgnc:2211,COL6A1,2026-05-09T07:20:01.610544
hgnc:2212,COL6A2,2026-05-09T07:20:01.614834
hgnc:2213,COL6A3,2026-05-09T07:20:01.618854
hgnc:2214,COL7A1,2026-04-19T19:13:56.062794
hgnc:22140,FAM20C,2026-08-01T16:45:17.393495
hgnc:2216,COL8A2,2026-05-11T11:00:35.041502
hgnc:2217,COL9A1,2026-06-05T14:40:56.558439
hgnc:2218,COL9A2,2026-06-05T14:40:56.563708
hgnc:2219,COL9A3,2026-06-05T14:40:56.568433
hgnc:22197,AP5Z1,2026-06-20T02:58:24.540204
hgnc:22207,THSD7A,2026-04-19T19:40:19.217826
hgnc:22219,KIAA1549,2026-04-19T19:54:05.046105
hgnc:2226,COLQ,2026-06-15T23:59:19.844612
hgnc:2227,COMP,2026-06-05T14:40:56.546958
hgnc:2228,COMT,2026-05-29T16:56:51.182551
hgnc:2230,COPA,2026-04-19T19:01:45.797311
hgnc:22310,PRR15,2026-06-09T20:48:23.354250
hgnc:2232,COPB2,2026-07-23T13:21:12.026572
hgnc:2244,COQ7,2026-06-17T23:08:14.062324
hgnc:22474,MED13,2026-04-19T19:37:06.959955
hgnc:225,ADAR,2026-05-04T00:44:15.405289
hgnc:2260,COX10,2026-05-30T19:16:57.612651
hgnc:2261,COX11,2026-06-16T16:16:43.862415
hgnc:2263,COX15,2026-05-30T19:17:20.643923
hgnc:2265,COX4I1,2026-06-19T18:17:05.321495
hgnc:2267,COX5A,2026-06-19T23:09:54.553855
hgnc:2279,COX6A2,2026-06-23T18:10:50.743143
hgnc:2280,COX6B1,2026-06-16T16:16:43.843994
hgnc:2291,COX7B,2026-08-01T17:54:24.913304
hgnc:22932,GMPPB,2026-04-19T19:13:49.211796
hgnc:22938,NLRP12,2026-06-16T10:23:54.448666
hgnc:2294,COX8A,2026-06-20T04:28:50.761475
hgnc:22947,NLRP7,2026-06-17T12:51:20.906860
hgnc:2295,CP,2026-04-19T20:20:20.331489
hgnc:22954,POGLUT1,2026-08-01T16:34:56.991152
hgnc:22962,MED13L,2026-04-19T19:39:38.566339
hgnc:22965,PEX26,2026-05-09T08:08:31.900697
hgnc:22978,KDM4A,2026-08-21T15:02:20.687734
hgnc:23019,ZRSR2,2026-08-19T08:05:59.288382
hgnc:23026,GNPTG,2026-07-31T06:31:35.680903
hgnc:23038,LMBRD1,2026-06-17T12:31:49.740813
hgnc:23041,PDSS2,2026-06-17T23:08:14.080119
hgnc:23056,ALG3,2026-08-01T01:36:51.354607
hgnc:23088,SLC10A7,2026-08-24T13:43:06.435185
hgnc:23089,SLC13A5,2026-07-23T11:49:22.108834
hgnc:2309,CPLX1,2026-04-30T20:28:32.645952
hgnc:23096,SLC29A3,2026-06-30T10:14:15.231933
hgnc:23109,FAT4,2026-06-09T21:27:45.808916
hgnc:23136,SCNM1,2026-08-19T08:05:54.092274
hgnc:23147,UNC13D,2026-06-08T18:54:02.605590
hgnc:23150,UNC13A,2026-04-24T18:06:16.816874
hgnc:23157,ALG6,2026-08-24T13:16:38.736137
hgnc:23161,ALG8,2026-05-08T23:53:10.037336
hgnc:23166,PNPT1,2026-04-26T00:00:00
hgnc:23168,FANCM,2026-07-02T06:24:34.514254
hgnc:23177,KEAP1,2026-08-20T01:16:28.159561
hgnc:23193,THAP10,2026-06-03T20:59:18.492593
hgnc:23198,CYP4V2,2026-08-23T13:22:24.188413
hgnc:2321,CPOX,2026-05-10T12:17:42.324003
hgnc:23213,PIGW,2026-07-27T23:32:21.852277
hgnc:23215,PIGO,2026-07-27T23:32:20.498071
hgnc:23216,ZNF469,2026-07-31T14:06:49.153273
hgnc:2323,CPS1,2026-05-04T18:30:22.441270
hgnc:23230,UBA5,2026-08-20T04:06:52.852423
hgnc:23246,MYPN,2026-06-08T07:21:54.103314
hgnc:2328,CPT1A,2026-07-02T07:10:16.841089
hgnc:23287,ETHE1,2026-07-08T13:41:44.878073
hgnc:23293,WAPL,2026-08-07T15:57:31.419248
hgnc:2330,CPT2,2026-05-09T09:03:21.036066
hgnc:23352,PIBF1,2026-04-28T22:21:03.641787
hgnc:23370,MSANTD3,2026-08-18T08:00:31.440254
hgnc:2340,CRADD,2026-06-11T04:29:54.875126
hgnc:23405,LRMDA,2026-06-17T21:52:28.450514
hgnc:23406,DOLK,2026-05-18T01:08:18.897509
hgnc:2343,CRB1,2026-04-19T19:01:52.849682
hgnc:2348,CREBBP,2026-04-19T19:18:52.088773
hgnc:23564,MIR17HG,2026-07-31T06:31:09.439058
hgnc:2357,CRHR1,2026-08-20T00:16:55.636341
hgnc:23572,MORC3,2026-07-03T11:25:27.724157
hgnc:23573,MORC2,2026-06-12T01:29:26.534088
hgnc:23595,VPS13D,2026-06-04T18:58:32.366255
hgnc:236,ADCY5,2026-08-01T08:27:20.930317
hgnc:2363,CRKL,2026-05-29T16:56:51.144778
hgnc:23639,TTC37,2026-08-22T23:37:41.360627
hgnc:23657,GNE,2026-08-15T11:56:22.271568
hgnc:23663,VKORC1,2026-06-08T16:44:05.280073
hgnc:23690,GSDMB,2026-08-20T04:51:16.641066
hgnc:23696,TIPARP,2026-05-26T14:46:30.243485
hgnc:23697,PHLDB1,2026-06-30T19:25:35.127135
hgnc:23719,PGAP3,2026-07-27T23:32:21.400022
hgnc:2372,MED23,2026-04-19T19:39:38.601070
hgnc:23734,PTF1A,2026-05-09T10:29:56.769720
hgnc:2375,MED17,2026-08-21T17:36:47.129934
hgnc:23752,CERS3,2026-05-07T09:18:44.301125
hgnc:2377,MED27,2026-08-21T17:36:51.362601
hgnc:2379,CRTAP,2026-06-13T18:27:30.931011
hgnc:23791,INF2,2026-04-19T19:18:45.290330
hgnc:23794,PACS2,2026-08-19T20:43:41.162204
hgnc:23807,THUMPD1,2026-07-05T21:05:19.651027
hgnc:2383,CRX,2026-07-07T10:43:32.619679
hgnc:2384,CRY1,2026-04-19T19:11:24.054025
hgnc:23845,SLX4,2026-04-19T19:18:11.232307
hgnc:2385,CRY2,2026-08-01T07:14:55.781594
hgnc:24005,HTR3E,2026-08-20T04:54:21.793432
hgnc:24042,WWTR1,2026-08-01T14:11:03.446013
hgnc:24054,KNL1,2026-07-23T13:20:16.401012
hgnc:24102,ARSG,2026-08-21T12:57:37.398794
hgnc:24113,ATP13A3,2026-07-28T12:15:24.748630
hgnc:24116,RNASEH2C,2026-05-04T00:44:15.424274
hgnc:24118,PARP9,2026-05-26T21:23:38.617973
hgnc:24123,B9D1,2026-04-19T19:39:31.799177
hgnc:24156,PHF21A,2026-08-01T18:55:52.985639
hgnc:24160,BEAN1,2026-04-26T00:00:00
hgnc:24212,CISD2,2026-04-19T19:12:20.246643
hgnc:24229,CIDEC,2026-06-05T15:43:51.839513
hgnc:24249,YARS2,2026-05-07T09:03:05.137825
hgnc:24259,TPRKB,2026-04-19T19:19:46.393429
hgnc:24281,OTUD6B,2026-08-01T00:48:33.368434
hgnc:24283,KMT5B,2026-07-31T04:43:45.680753
hgnc:24284,TRAPPC12,2026-08-05T21:56:05.389793
hgnc:24286,RRP7A,2026-07-23T13:21:44.674371
hgnc:243,ADD1,2026-08-20T00:16:51.828932
hgnc:24305,NCAPD2,2026-07-23T13:21:21.312970
hgnc:24316,TACO1,2026-06-15T00:08:18.740811
hgnc:2432,CSF1,2026-08-04T00:46:10.038274
hgnc:2433,CSF1R,2026-06-04T00:13:35.366929
hgnc:24337,C1GALT1,2026-04-19T19:28:57.978190
hgnc:2434,CSF2,2026-08-05T13:34:59.479014
hgnc:2435,CSF2RA,2026-05-09T12:37:21.074772
hgnc:2436,CSF2RB,2026-05-09T12:37:21.079330
hgnc:24464,CHST14,2026-07-31T18:54:48.855491
hgnc:24475,DMGDH,2026-05-18T20:27:40.024534
hgnc:24496,NEPRO,2026-08-01T14:41:57.789195
hgnc:245,ADD3,2026-08-12T23:40:03.809323
hgnc:24502,WDR62,2026-05-13T16:41:25.593660
hgnc:24519,TCTN3,2026-04-28T22:21:03.604174
hgnc:2452,CSNK1D,2026-08-01T07:14:55.757997
hgnc:24525,MMACHC,2026-04-19T19:37:39.618924
hgnc:24564,C2CD3,2026-08-19T08:05:42.934586
hgnc:24565,KANSL1,2026-04-19T19:32:32.311348
hgnc:2457,CSNK2A1,2026-04-19T19:48:22.756687
hgnc:24575,GINS2,2026-08-27T00:56:07.927555
hgnc:24576,CDT1,2026-08-27T00:56:07.763472
hgnc:2460,CSNK2B,2026-08-20T04:54:21.947914
hgnc:24614,EEFSEC,2026-07-05T22:19:58.500014
hgnc:2464,VCAN,2026-08-20T04:54:26.030631
hgnc:24641,VPS35L,2026-06-05T15:03:17.957711
hgnc:24643,SPINK7,2026-06-03T04:44:43.882791
hgnc:2465,NCAN,2026-08-20T04:51:17.978351
hgnc:24650,EHMT1,2026-04-19T19:32:11.694511
hgnc:24668,CFHR5,2026-08-12T11:06:09.569507
hgnc:24670,FNDC3B,2026-07-31T14:06:49.141882
hgnc:24671,FLAD1,2026-05-18T12:06:42.502039
hgnc:24678,FTO,2026-08-20T01:16:28.288118
hgnc:2468,SMC3,2026-05-03T19:23:06.532897
hgnc:24682,FLVCR1,2026-07-10T15:19:00.653068
hgnc:24686,FBLIM1,2026-08-21T17:14:25.482772
hgnc:24711,MFSD6,2026-05-16T10:52:09.628798
hgnc:2472,CSRP3,2026-07-02T06:31:17.878633
hgnc:24725,FAM111A,2026-08-27T04:30:12.645568
hgnc:2475,CST3,2026-06-03T19:00:18.831421
hgnc:2478,CST6,2026-05-11T12:39:46.806265
hgnc:24783,LRIT3,2026-08-22T18:56:30.052537
hgnc:24797,FAM83H,2026-06-18T20:01:55.115607
hgnc:248,PLIN2,2026-07-12T16:48:57.672085
hgnc:2481,CSTA,2026-06-05T14:18:21.515339
hgnc:2482,CSTB,2026-06-08T11:57:07.093466
hgnc:24861,G6PC3,2026-07-05T19:29:41.984977
hgnc:24866,CEP104,2026-04-28T22:21:03.660248
hgnc:24870,GLT8D1,2026-05-23T19:07:30.079562
hgnc:2488,NKX2-5,2026-04-19T19:25:59.023136
hgnc:24885,GREB1,2026-08-05T11:20:35.057411
hgnc:2491,CTAG1B,2026-04-19T19:40:32.715311
hgnc:24931,ZC4H2,2026-05-08T00:55:06.471093
hgnc:2494,CTBP1,2026-04-30T20:28:32.653218
hgnc:24945,GPIHBP1,2026-05-30T06:59:39.296415
hgnc:24949,OTUD4,2026-06-04T18:13:03.411975
hgnc:24969,NPRL2,2026-05-10T15:09:11.746176
hgnc:24973,HP1BP3,2026-08-02T10:20:00.039531
hgnc:2499,CTF1,2026-06-08T07:21:53.948440
hgnc:24990,COA3,2026-06-21T10:46:32.214729
hgnc:250,ADH1B,2026-08-09T14:59:48.081892
hgnc:2500,CCN2,2026-08-22T02:38:55.133255
hgnc:25009,UBE2T,2026-04-19T19:18:11.268023
hgnc:25012,LGALSL,2026-05-23T19:07:30.084850
hgnc:25014,COMMD9,2026-06-05T15:03:18.066494
hgnc:25018,TMEM216,2026-04-19T19:39:31.790230
hgnc:2505,CTLA4,2026-04-19T17:39:55.686242
hgnc:25068,GATC,2026-08-27T16:21:36.887483
hgnc:25070,ACD,2026-06-05T15:18:07.284396
hgnc:25073,RBMXL1,2026-08-01T16:48:54.769180
hgnc:2509,CTNNA1,2026-08-01T08:00:42.547078
hgnc:2511,CTNNA3,2026-06-08T07:28:29.181803
hgnc:25126,NAF1,2026-06-07T20:28:40.781758
hgnc:2514,CTNNB1,2026-04-19T20:19:15.221517
hgnc:2515,CTNND1,2026-06-21T21:41:10.658387
hgnc:25151,ADAT3,2026-08-01T02:16:08.000354
hgnc:25155,HOGA1,2026-07-31T06:34:43.985717
hgnc:2516,CTNND2,2026-07-30T22:58:02.770468
hgnc:2518,CTNS,2026-05-03T07:08:14.817005
hgnc:25221,MMADHC,2026-06-17T12:31:49.761711
hgnc:25223,COQ2,2026-06-17T23:08:14.036726
hgnc:2523,CTRC,2026-08-20T04:51:19.723108
hgnc:25240,ANO6,2026-08-24T16:25:58.159200
hgnc:25244,CCDC39,2026-07-02T06:19:13.793190
hgnc:25247,CFAP46,2026-06-19T15:39:58.996237
hgnc:25265,ZCCHC8,2026-06-07T20:28:40.794556
hgnc:2527,CTSB,2026-08-20T00:16:50.010790
hgnc:2529,CTSD,2026-06-13T16:07:23.467204
hgnc:253,ADH5,2026-08-13T17:48:33.973101
hgnc:25302,COQ9,2026-06-17T23:08:14.068208
hgnc:2531,CTSF,2026-05-13T14:40:53.442760
hgnc:25358,RNF170,2026-08-01T12:22:08.336177
hgnc:2536,CTSK,2026-05-21T05:01:34.233578
hgnc:25360,DDX59,2026-08-19T08:05:19.816811
hgnc:25367,CCDC8,2026-08-27T04:02:23.948171
hgnc:2537,CTSL,2026-08-20T00:16:50.028619
hgnc:25403,SASS6,2026-07-23T13:20:53.693112
hgnc:25415,PPM1K,2026-05-09T02:25:05.803856
hgnc:25419,ARL13B,2026-04-28T22:21:03.584932
hgnc:25439,TANGO2,2026-07-31T05:39:36.119344
hgnc:25443,C19orf12,2026-05-10T15:13:23.800161
hgnc:25461,PUS3,2026-08-01T19:10:16.183271
hgnc:25481,TRMU,2026-08-27T15:00:16.901759
hgnc:25489,YEATS2,2026-07-31T06:34:20.462466
hgnc:25522,WRAP53,2026-06-05T15:18:07.306931
hgnc:2553,CUL3,2026-08-01T19:08:20.850249
hgnc:25535,TMEM38B,2026-06-30T18:11:46.931549
hgnc:25536,DALRD3,2026-06-21T21:41:10.646890
hgnc:25539,RFWD3,2026-04-19T19:18:11.284040
hgnc:25566,SETD5,2026-07-31T18:58:18.239293
hgnc:25568,FANCI,2026-04-19T19:18:10.941984
hgnc:25577,RAVER2,2026-07-23T18:43:16.747357
hgnc:25604,TRAPPC14,2026-07-23T13:21:39.839805
hgnc:25608,VPS53,2026-07-05T23:30:06.145877
hgnc:2561,CXCR4,2026-04-19T17:39:32.519178
hgnc:25611,CCDC93,2026-06-05T15:03:18.072496
hgnc:25662,AAGAB,2026-06-11T20:49:30.137564
hgnc:2567,OFD1,2026-04-19T19:30:31.210766
hgnc:25671,RNASEH2B,2026-05-04T00:44:15.420585
hgnc:25675,CHMP6,2026-04-19T20:08:14.538676
hgnc:257,ADK,2026-04-30T14:18:01.513895
hgnc:25705,KCTD17,2026-05-07T14:46:51.462613
hgnc:2571,CYB561,2026-08-27T19:41:35.108616
hgnc:25712,PGAP1,2026-07-05T13:17:43.735345
hgnc:25737,NHEJ1,2026-04-19T19:03:45.639665
hgnc:2577,CYBA,2026-07-01T09:01:39.956564
hgnc:25774,TCTN2,2026-04-19T19:39:31.806356
hgnc:2578,CYBB,2026-07-01T09:01:39.362670
hgnc:25784,DCAF17,2026-06-04T09:13:40.801113
hgnc:25789,EFL1,2026-04-20T12:05:03.114416
hgnc:25790,FASTKD5,2026-06-24T16:37:26.011446
hgnc:25801,CPLANE1,2026-04-19T19:30:31.171501
hgnc:25835,THSD4,2026-06-14T23:23:39.556654
hgnc:25839,GRHL3,2026-07-01T19:06:24.624456
hgnc:25851,GINS3,2026-08-27T00:56:07.904197
hgnc:25875,NAA60,2026-04-19T17:47:34.176452
hgnc:25895,PARP10,2026-05-26T14:46:30.237702
hgnc:25896,ORAI1,2026-07-02T06:20:26.060128
hgnc:25897,MFSD2A,2026-07-23T13:20:58.322997
hgnc:25902,POMGNT2,2026-04-19T19:13:49.185307
hgnc:25903,ATAD1,2026-05-10T12:27:17.353064
hgnc:2591,CYP11B1,2026-05-03T17:02:28.854776
hgnc:2592,CYP11B2,2026-05-03T17:02:28.858667
hgnc:25928,WDR73,2026-04-19T19:19:46.373569
hgnc:2593,CYP17A1,2026-05-07T09:32:37.531111
hgnc:2594,CYP19A1,2026-05-08T02:02:20.095585
hgnc:25941,TET2,2026-04-19T19:52:52.114565
hgnc:25947,KLHL24,2026-04-19T19:15:50.011775
hgnc:25964,RETREG1,2026-06-20T02:37:23.002096
hgnc:25966,ESRP1,2026-08-01T01:19:21.389612
hgnc:2597,CYP1B1,2026-06-08T10:42:01.904199
hgnc:25985,PIGG,2026-04-30T20:28:32.569847
hgnc:25994,NSUN2,2026-08-01T02:15:56.484840
hgnc:2600,CYP21A2,2026-05-07T08:57:30.283852
hgnc:26006,TTC19,2026-08-24T21:58:28.647493
hgnc:2602,CYP24A1,2026-05-03T00:42:15.532446
hgnc:26027,COMMD4,2026-06-05T15:03:18.059355
hgnc:26031,PIGV,2026-07-27T23:32:20.050788
hgnc:26033,PUS7,2026-08-01T07:44:13.243760
hgnc:26034,SDHAF2,2026-08-01T14:46:09.529368
hgnc:26038,TMEM127,2026-08-01T14:46:19.753118
hgnc:2605,CYP27A1,2026-05-03T12:52:23.977668
hgnc:26053,THG1L,2026-07-23T21:44:51.951018
hgnc:26058,LAGE3,2026-04-19T19:19:46.379102
hgnc:2606,CYP27B1,2026-08-19T17:15:33.640072
hgnc:26090,CCDC40,2026-06-19T16:53:58.352373
hgnc:26113,TCTN1,2026-04-19T19:30:31.213230
hgnc:26144,PALB2,2026-04-19T19:18:11.219760
hgnc:26148,CRTC3,2026-06-22T11:02:43.933654
hgnc:26169,CTC1,2026-06-05T15:18:07.271734
hgnc:26178,FHOD3,2026-07-02T06:19:14.659308
hgnc:26185,CCDC134,2026-06-30T19:18:31.563134
hgnc:26193,CSPP1,2026-04-19T19:30:31.188845
hgnc:26200,STN1,2026-06-07T20:28:40.788115
hgnc:26219,FUZ,2026-08-19T08:06:04.284096
hgnc:26222,FAR1,2026-07-28T12:19:22.591899
hgnc:26267,POMK,2026-04-19T19:13:49.193677
hgnc:26270,PIEZO2,2026-07-31T06:33:18.860141
hgnc:26291,BBS10,2026-04-19T17:46:25.765745
hgnc:26293,SPEF2,2026-06-19T15:39:59.242598
hgnc:26308,CDHR3,2026-06-27T01:24:42.518465
hgnc:2631,CYP2E1,2026-07-19T03:45:58.610607
hgnc:26361,HEPACAM,2026-08-01T19:12:47.079827
hgnc:2637,CYP3A4,2026-08-19T17:16:28.995987
hgnc:26383,DAW1,2026-06-19T15:39:59.020505
hgnc:26388,ARHGAP36,2026-05-07T02:16:54.598601
hgnc:26395,TTC9B,2026-08-02T10:20:00.100635
hgnc:26404,NADK2,2026-06-04T18:41:15.920274
hgnc:26406,SCLT1,2026-06-14T21:28:21.671871
hgnc:26456,CFAP54,2026-08-23T04:17:02.711403
hgnc:26485,CFAP57,2026-06-19T15:39:59.008459
hgnc:26498,ZNF513,2026-06-15T21:50:30.865340
hgnc:26504,AGBL1,2026-05-11T11:00:35.057607
hgnc:26507,DUOXA1,2026-08-22T02:05:14.002381
hgnc:2652,CYP7B1,2026-06-19T08:29:04.458727
hgnc:26527,HGSNAT,2026-04-19T20:09:08.139543
hgnc:2653,CYP8B1,2026-08-05T14:13:05.859400
hgnc:26558,HYLS1,2026-04-19T19:30:31.191532
hgnc:26560,ODAD1,2026-07-02T06:19:13.959669
hgnc:26594,DOK7,2026-06-15T23:59:19.833286
hgnc:26600,WDR81,2026-05-13T19:58:33.793650
hgnc:2661,DAB1,2026-06-09T22:04:08.444104
hgnc:26623,TMEM17,2026-04-19T19:39:31.828539
hgnc:26633,SLFN11,2026-05-28T15:10:40.462977
hgnc:26648,BBS12,2026-06-14T21:28:21.561886
hgnc:2666,DAG1,2026-04-19T19:13:49.187297
hgnc:26684,CFAP43,2026-08-22T00:50:25.544523
hgnc:26690,CEP120,2026-04-19T19:30:31.215757
hgnc:2673,DAP3,2026-08-08T15:24:00.233536
hgnc:26780,DAND5,2026-08-20T05:04:32.201504
hgnc:26784,MTRFR,2026-07-30T23:20:21.311008
hgnc:26790,WDR72,2026-06-18T20:01:55.122931
hgnc:26801,COX18,2026-05-30T19:17:44.373782
hgnc:2681,DAXX,2026-05-09T09:19:48.612458
hgnc:26814,RILPL1,2026-06-19T09:04:32.042249
hgnc:26820,CYP4F22,2026-05-07T09:18:44.288381
hgnc:26837,AMER1,2026-04-19T20:19:15.215581
hgnc:26877,CKAP2L,2026-07-12T07:30:06.977595
hgnc:26922,ERCC6L2,2026-04-19T17:39:55.692056
hgnc:26929,CDIN1,2026-06-05T15:11:54.125965
hgnc:2696,DBNL,2026-04-19T20:08:14.552289
hgnc:26970,COX20,2026-06-16T16:16:43.853186
hgnc:2698,DBT,2026-05-09T02:25:05.793890
hgnc:26993,ZSWIM7,2026-07-15T06:02:42.422620
hgnc:270,PARP1,2026-05-26T14:17:20.160061
hgnc:2701,DCC,2026-04-19T17:41:49.197959
hgnc:2705,DCN,2026-08-14T06:34:50.580620
hgnc:2707,ACE,2026-08-20T00:16:51.793894
hgnc:2709,DCT,2026-06-17T21:52:28.456278
hgnc:2711,DCTN1,2026-04-19T18:52:57.389862
hgnc:2714,DCX,2026-06-03T23:31:36.854149
hgnc:2718,DDB2,2026-07-31T06:36:31.958419
hgnc:2719,DDC,2026-05-06T14:27:31.630050
hgnc:27230,ESCO2,2026-06-17T11:48:42.686600
hgnc:27232,CFAP418,2026-06-14T21:28:21.649806
hgnc:2726,DDIT3,2026-07-06T07:21:32.592119
hgnc:27288,ACSF3,2026-07-05T19:29:42.149617
hgnc:27310,FLCN,2026-08-15T02:06:21.485541
hgnc:27337,ANO5,2026-07-01T16:24:57.092631
hgnc:27344,TMEM218,2026-04-28T22:21:03.653431
hgnc:2736,DDX11,2026-07-31T06:36:20.969281
hgnc:27365,TECRL,2026-07-30T16:56:42.169887
hgnc:27405,NPNT,2026-05-07T15:48:48.240664
hgnc:27424,RBM20,2026-04-19T19:13:01.345365
hgnc:2745,DDX3X,2026-05-24T17:01:38.141991
hgnc:2750,DHX9,2026-05-28T15:10:40.457282
hgnc:27561,TSEN54,2026-05-30T18:33:35.859890
hgnc:2770,DES,2026-06-08T07:21:53.959200
hgnc:27845,SOHLH1,2026-07-15T06:02:36.362983
hgnc:27960,SLC6A19,2026-05-04T03:34:24.841929
hgnc:27962,STING1,2026-04-19T19:34:34.903074
hgnc:2799,GRHL2,2026-06-15T23:09:38.094681
hgnc:28018,NIPAL4,2026-05-07T09:18:44.293668
hgnc:28027,WDPCP,2026-06-14T21:28:21.594730
hgnc:28042,GSAP,2026-08-16T22:47:26.106249
hgnc:28086,NDUFAF2,2026-08-01T17:54:24.785047
hgnc:28093,BBIP1,2026-06-14T21:28:21.551360
hgnc:281,ADRA2A,2026-06-05T15:43:51.858093
hgnc:28128,TMEM107,2026-04-19T19:39:31.812031
hgnc:28203,CCDC77,2026-08-20T00:16:58.038407
hgnc:28209,CEP19,2026-06-14T21:28:21.638653
hgnc:28213,PIGY,2026-07-27T23:32:22.278644
hgnc:28216,COX14,2026-06-17T06:24:22.704261
hgnc:28235,ABHD14B,2026-04-19T20:08:14.531925
hgnc:28261,TBCK,2026-08-19T09:37:33.240056
hgnc:28295,CCDC32,2026-08-01T09:35:16.346501
hgnc:28296,DYNC2I2,2026-06-06T21:20:42.448774
hgnc:283,ADRA2C,2026-04-19T20:07:14.954792
hgnc:28313,TET3,2026-08-22T18:32:37.818437
hgnc:28318,LRRIQ3,2026-08-21T15:02:20.704742
hgnc:28337,C9orf72,2026-04-19T17:41:49.185866
hgnc:28358,D2HGDH,2026-05-09T07:40:42.783130
hgnc:28369,THOC6,2026-07-31T17:09:34.050244
hgnc:28396,TMEM67,2026-04-19T19:30:31.177753
hgnc:28403,TRMT10A,2026-08-20T07:17:18.405963
hgnc:28422,TSEN2,2026-05-30T18:33:35.903824
hgnc:28423,STAC3,2026-05-09T09:04:13.301297
hgnc:2843,DGAT1,2026-08-22T18:45:55.392168
hgnc:28460,HROB,2026-06-05T05:38:25.554818
hgnc:2847,DGCR8,2026-04-19T19:54:11.846648
hgnc:28472,TMEM43,2026-05-08T12:56:55.395166
hgnc:28486,MFSD8,2026-05-30T17:13:16.286211
hgnc:28497,TMEM151A,2026-08-01T08:27:12.452044
hgnc:285,ADRB1,2026-08-09T22:28:15.298071
hgnc:28509,BEND2,2026-08-20T01:16:29.314520
hgnc:28510,GLIS3,2026-08-06T23:56:22.766828
hgnc:2852,DGKE,2026-04-22T22:09:44.703539
hgnc:28526,EOGT,2026-04-30T14:17:46.966826
hgnc:28596,B3GALNT2,2026-04-19T19:13:49.191746
hgnc:286,ADRB2,2026-08-09T22:28:15.310797
hgnc:2860,DHCR7,2026-04-19T20:12:10.114432
hgnc:28625,NDUFAF6,2026-06-17T22:46:50.023459
hgnc:28636,B9D2,2026-04-19T19:39:31.796398
hgnc:2865,DHH,2026-04-19T18:49:24.531008
hgnc:28672,CYBC1,2026-07-01T09:01:40.123547
hgnc:2873,CYB5R3,2026-05-09T06:10:15.040076
hgnc:2874,NQO1,2026-08-01T19:02:42.059590
hgnc:28762,SPATA5L1,2026-08-16T19:44:28.753459
hgnc:28797,TMEM184A,2026-08-22T18:43:44.808507
hgnc:28802,C18orf21,2026-07-26T03:43:51.426570
hgnc:28845,MED25,2026-08-21T17:36:53.459565
hgnc:28852,SYCE1,2026-05-28T08:12:08.056860
hgnc:28858,P4HTM,2026-07-28T12:15:16.680700
hgnc:28862,NIPBL,2026-05-03T19:23:06.525154
hgnc:2888,DISC1,2026-08-20T05:04:28.855382
hgnc:28880,MAGT1,2026-08-23T07:32:55.613811
hgnc:28883,PPA2,2026-07-02T06:18:07.871213
hgnc:28887,LEMD3,2026-04-19T19:11:03.161115
hgnc:289,GRK2,2026-06-06T21:20:42.466131
hgnc:2890,DKC1,2026-04-22T22:04:32.347982
hgnc:28905,YRDC,2026-04-19T19:19:46.420637
hgnc:28908,DNAJC12,2026-05-08T09:52:35.402236
hgnc:28909,CCDC22,2026-06-05T15:03:17.951466
hgnc:28912,WDR45,2026-05-10T15:13:23.793293
hgnc:28929,KRT74,2026-06-08T18:44:27.271360
hgnc:28949,IQCB1,2026-06-17T12:21:11.548280
hgnc:2895,EDAR,2026-04-24T18:06:02.061847
hgnc:28952,NCAPD3,2026-07-23T13:21:25.886984
hgnc:2896,DLAT,2026-05-05T13:29:01.271876
hgnc:28971,SPIDR,2026-07-15T06:02:41.173083
hgnc:2898,DLD,2026-05-05T13:29:01.275140
hgnc:28984,WASHC5,2026-06-05T15:03:17.943099
hgnc:28991,RUBCN,2026-08-05T21:43:22.458351
hgnc:28993,PIEZO1,2026-07-19T13:20:58.117164
hgnc:29,ABCA1,2026-04-19T20:12:10.172736
hgnc:2900,DLG1,2026-08-15T20:12:28.495791
hgnc:29010,SETD1A,2026-05-24T16:03:54.343107
hgnc:29011,TRANK1,2026-08-24T18:07:38.204875
hgnc:29012,KDM6B,2026-08-15T08:58:26.840920
hgnc:29013,CLEC16A,2026-04-19T18:51:09.972843
hgnc:29021,CEP290,2026-04-19T19:30:31.174891
hgnc:2903,DLG4,2026-07-31T04:43:45.668766
hgnc:29040,SZT2,2026-08-19T13:59:03.983151
hgnc:29068,KATNIP,2026-04-19T19:30:31.194282
hgnc:2907,DLK1,2026-06-19T09:23:45.275834
hgnc:29077,IFT140,2026-05-08T09:32:46.628760
hgnc:29079,KDM1A,2026-08-01T18:55:52.943431
hgnc:29086,CEP135,2026-07-23T13:20:25.623237
hgnc:29088,PDS5A,2026-08-09T00:57:21.204523
hgnc:2909,DLL3,2026-06-28T18:23:55.320463
hgnc:29090,SMCHD1,2026-04-21T13:50:11.577383
hgnc:29092,OBSL1,2026-08-27T04:02:23.869740
hgnc:29099,TELO2,2026-07-28T12:22:54.850604
hgnc:291,ADSL,2026-05-05T05:29:16.310841
hgnc:2910,DLL4,2026-04-30T14:17:46.972373
hgnc:29101,ANKLE2,2026-07-23T13:21:02.849640
hgnc:29105,PLEKHG5,2026-06-17T12:58:37.039836
hgnc:29110,KIAA0753,2026-04-28T22:21:03.671093
hgnc:29131,PLEKHM2,2026-06-08T07:21:54.159495
hgnc:2914,DLX1,2026-06-08T12:22:38.485458
hgnc:2915,DLX2,2026-06-08T12:22:38.490897
hgnc:2916,DLX3,2026-04-19T20:15:06.889406
hgnc:29168,RPGRIP1L,2026-04-19T19:30:31.202477
hgnc:29170,FAN1,2026-04-19T19:26:56.522125
hgnc:2918,DLX5,2026-06-08T12:22:38.417873
hgnc:29182,CEP164,2026-06-15T04:35:05.959600
hgnc:29187,SETD1B,2026-07-25T01:27:56.280567
hgnc:2919,DLX6,2026-06-08T12:22:38.424058
hgnc:29203,TBC1D24,2026-06-03T18:33:54.035924
hgnc:29216,ARHGAP31,2026-04-30T14:17:46.941168
hgnc:29232,PARP14,2026-05-26T14:46:30.209536
hgnc:29233,MAVS,2026-04-19T19:44:29.520625
hgnc:29239,INTU,2026-06-20T00:33:38.597762
hgnc:29244,KCTD16,2026-08-26T04:42:26.998271
hgnc:29250,WDR35,2026-06-17T11:58:14.127524
hgnc:29253,CC2D2A,2026-04-19T19:30:31.208209
hgnc:29255,USP53,2026-08-08T16:23:26.061109
hgnc:29256,SOBP,2026-07-31T20:06:34.713069
hgnc:2928,DMD,2026-04-25T22:27:23.269470
hgnc:29298,CEP152,2026-05-09T18:41:32.038362
hgnc:2932,DMP1,2026-08-01T16:45:17.416337
hgnc:29324,DENND1A,2026-07-06T22:54:44.150872
hgnc:2933,DMPK,2026-08-20T01:16:26.820455
hgnc:29331,EPG5,2026-07-28T01:21:31.176589
hgnc:2934,DMRT1,2026-05-09T10:14:58.715761
hgnc:29357,ASXL3,2026-07-31T19:15:45.465880
hgnc:2939,DNA2,2026-08-01T14:48:47.098195
hgnc:2940,DNAH1,2026-06-19T15:39:59.193778
hgnc:2941,DNAH10,2026-06-19T15:39:59.206714
hgnc:29415,ZNF526,2026-04-19T19:11:51.106179
hgnc:29418,FNIP1,2026-08-01T19:06:58.639743
hgnc:2942,DNAH11,2026-07-02T06:19:13.785543
hgnc:29420,RSPRY1,2026-08-20T07:17:38.726990
hgnc:29426,CCBE1,2026-08-02T01:13:54.297570
hgnc:29427,SH3TC2,2026-07-31T21:46:43.062677
hgnc:29433,NEXMIF,2026-08-20T04:54:21.914568
hgnc:29437,CLTRN,2026-05-04T04:24:28.827961
hgnc:29450,GLIS2,2026-05-08T10:52:45.874425
hgnc:29499,ERAP2,2026-04-19T20:03:23.864201
hgnc:2950,DNAH5,2026-04-19T20:04:51.148775
hgnc:29521,C12orf57,2026-06-04T10:13:37.442007
hgnc:2954,DNAI1,2026-04-19T20:04:51.145282
hgnc:2955,DNAL4,2026-06-05T14:39:52.406529
hgnc:29557,NEXN,2026-06-08T07:21:54.135447
hgnc:2956,DNASE1,2026-06-03T22:38:42.477249
hgnc:29569,LIPT1,2026-04-19T19:35:24.512957
hgnc:29605,SH2B3,2026-05-07T19:53:57.394406
hgnc:2961,DYNC1H1,2026-06-03T23:31:36.883893
hgnc:2962,DYNC2H1,2026-06-13T19:27:15.250066
hgnc:2963,DYNC1I1,2026-06-08T12:22:38.430566
hgnc:29636,MNS1,2026-08-18T21:10:12.156461
hgnc:29643,MLPH,2026-08-22T17:55:51.087955
hgnc:29659,MESP2,2026-06-28T18:23:55.333362
hgnc:29669,IFT43,2026-06-17T11:58:14.134026
hgnc:29670,GNPTAB,2026-05-07T21:43:50.462682
hgnc:29673,MFAP5,2026-06-14T23:23:39.547598
hgnc:29678,MSTO1,2026-08-01T19:16:31.957168
hgnc:2972,DNM1,2026-07-06T07:49:42.245875
hgnc:2974,DNM2,2026-06-16T16:51:17.628818
hgnc:2976,DNMT1,2026-08-01T09:06:24.653498
hgnc:2978,DNMT3A,2026-04-19T19:25:23.218797
hgnc:2979,DNMT3B,2026-05-09T23:37:57.629065
hgnc:29826,MYLK3,2026-06-08T07:21:54.089482
hgnc:29914,NUP107,2026-04-19T17:37:32.808182
hgnc:29919,NUTM1,2026-07-25T01:49:23.514800
hgnc:29929,NUP37,2026-07-23T13:21:35.250027
hgnc:2993,DONSON,2026-08-27T00:56:11.419848
hgnc:29941,GATAD1,2026-06-08T07:21:54.001476
hgnc:2995,DPAGT1,2026-06-15T23:59:19.868031
hgnc:29958,SDR9C7,2026-05-07T09:18:44.312249
hgnc:29999,CDR2L,2026-05-16T16:52:45.641140
hgnc:30000,BBS9,2026-06-14T21:28:21.540354
hgnc:3005,DPM1,2026-04-19T19:13:49.213965
hgnc:3006,DPM2,2026-04-19T19:13:49.216128
hgnc:30064,PBRM1,2026-04-19T19:05:21.340732
hgnc:3007,DPM3,2026-04-19T19:13:49.218331
hgnc:30074,POLR3A,2026-06-04T00:06:34.007315
hgnc:30076,POLR3C,2026-08-25T20:10:25.480542
hgnc:3009,DPP4,2026-06-28T20:54:25.182832
hgnc:30092,NAMPT,2026-07-06T21:57:20.756448
hgnc:3010,DPP6,2026-06-14T17:38:21.460243
hgnc:30100,PSENEN,2026-08-01T16:34:58.724269
hgnc:3012,DPYD,2026-06-20T07:50:51.442520
hgnc:30129,POP1,2026-08-01T14:41:56.171034
hgnc:30171,HSPB8,2026-06-17T21:22:57.569323
hgnc:3018,SLC26A3,2026-08-22T18:38:30.325939
hgnc:30185,CRBN,2026-08-01T02:15:53.786664
hgnc:3020,DRD1,2026-08-20T04:54:20.918770
hgnc:30213,ATP13A2,2026-04-19T19:32:52.640895
hgnc:30220,RFT1,2026-08-22T01:44:19.447443
hgnc:30224,SLC52A2,2026-07-05T23:35:32.086150
hgnc:30228,PREPL,2026-05-08T12:38:45.891436
hgnc:3023,DRD2,2026-07-02T06:24:11.745807
hgnc:30237,CC2D1A,2026-08-01T02:15:55.171991
hgnc:30242,TUSC3,2026-08-01T02:15:59.325041
hgnc:30260,PNPO,2026-07-18T08:58:49.352190
hgnc:30262,PYCR2,2026-08-19T09:18:16.628577
hgnc:30322,ARHGEF28,2026-05-23T19:07:30.043955
hgnc:30323,DTX3L,2026-05-26T21:23:38.623918
hgnc:3033,ATN1,2026-04-19T19:11:44.429977
hgnc:30347,POLR3E,2026-08-25T20:10:25.497330
hgnc:30348,POLR3B,2026-08-24T16:07:33.005254
hgnc:3036,DSC2,2026-04-19T17:43:16.664929
hgnc:30368,DLGAP3,2026-06-21T11:14:18.982415
hgnc:30372,KLHL40,2026-04-19T19:46:08.438801
hgnc:30391,IFT172,2026-06-06T21:20:42.456551
hgnc:30417,SH2B1,2026-05-09T08:28:35.626277
hgnc:30422,SHROOM3,2026-07-31T17:41:47.191334
hgnc:30469,FOXR2,2026-04-19T19:54:11.849805
hgnc:3048,DSG1,2026-06-03T04:44:43.897197
hgnc:3049,DSG2,2026-04-19T17:43:16.663549
hgnc:30497,KIF7,2026-04-19T19:30:31.199770
hgnc:30500,PRRT2,2026-05-13T16:49:53.550979
hgnc:3052,DSP,2026-04-19T17:43:16.661005
hgnc:3054,DSPP,2026-08-01T16:45:17.445157
hgnc:30550,MARCHF6,2026-07-31T06:34:20.449337
hgnc:30551,TXNL4A,2026-08-01T15:34:01.614781
hgnc:30578,EXPH5,2026-08-20T00:16:50.938958
hgnc:30587,SNIP1,2026-08-01T01:02:28.534033
hgnc:30605,SEPSECS,2026-07-05T22:19:58.392130
hgnc:3061,DTYMK,2026-08-01T14:23:22.439006
hgnc:30650,STRA6,2026-05-30T17:27:32.729990
hgnc:30660,SAE1,2026-07-03T11:25:27.733011
hgnc:30668,SRPX2,2026-06-11T21:35:15.832134
hgnc:30672,SYNPO,2026-07-28T12:14:44.773411
hgnc:30696,WDR36,2026-08-20T00:16:55.960248
hgnc:30720,CBY2,2026-05-07T15:48:48.246610
hgnc:30740,TARS2,2026-08-27T03:23:26.973880
hgnc:30743,TSLP,2026-06-03T04:44:43.913181
hgnc:30778,GATAD2B,2026-07-31T04:37:23.122791
hgnc:30791,UBIAD1,2026-08-14T06:34:50.171004
hgnc:30794,CEP57,2026-05-11T08:59:36.442708
hgnc:30802,PNPLA2,2026-06-18T12:11:29.286630
hgnc:30829,TUBB2B,2026-06-09T20:31:36.249660
hgnc:30832,TRAPPC9,2026-08-01T02:16:00.720669
hgnc:30858,EFTUD2,2026-06-04T00:04:53.610155
hgnc:30860,LSM11,2026-05-04T00:44:15.412908
hgnc:30892,HUWE1,2026-07-07T19:15:53.748179
hgnc:3091,DYRK1A,2026-04-19T17:44:35.834788
hgnc:30935,YY1AP1,2026-08-20T00:16:56.197254
hgnc:30953,ZBTB10,2026-08-19T09:23:24.035931
hgnc:3097,DYSF,2026-07-01T16:24:57.055881
hgnc:30972,SECISBP2,2026-07-05T22:19:58.445945
hgnc:31042,GREB1L,2026-06-08T11:55:32.696676
hgnc:31088,ALG10B,2026-05-24T15:34:41.229756
hgnc:3126,EBF1,2026-07-31T17:01:01.141509
hgnc:3133,EBP,2026-08-13T22:19:50.452120
hgnc:31371,GPR179,2026-08-22T18:56:30.066144
hgnc:3147,ECEL1,2026-08-20T04:51:18.527290
hgnc:3148,TYMP,2026-05-12T13:18:31.301726
hgnc:315,AFG3L2,2026-07-28T12:20:03.856962
hgnc:3151,ECHS1,2026-07-02T07:01:48.862262
hgnc:3153,ECM1,2026-07-29T17:01:55.056947
hgnc:31530,MIR143,2026-07-31T17:22:41.861563
hgnc:3157,EDA,2026-04-24T18:02:55.858392
hgnc:31675,YTHDF2,2026-08-04T17:55:21.656989
hgnc:31708,LRP12,2026-06-19T09:04:32.019244
hgnc:31750,SAMD12,2026-07-31T06:34:20.422951
hgnc:3176,EDN1,2026-06-18T20:07:08.319473
hgnc:3178,EDN3,2026-05-27T20:13:07.011463
hgnc:3179,EDNRA,2026-08-20T13:48:04.488912
hgnc:318,AGA,2026-05-03T08:30:08.901407
hgnc:3180,EDNRB,2026-05-27T20:13:07.017270
hgnc:3182,PHC1,2026-07-23T13:20:39.651738
hgnc:3188,EED,2026-04-19T19:38:32.519910
hgnc:319,ACAN,2026-08-26T22:38:56.693313
hgnc:31923,LCA5,2026-08-13T20:59:41.054004
hgnc:31928,NBEAL2,2026-08-25T05:29:02.885762
hgnc:321,AGL,2026-04-19T19:09:15.479178
hgnc:3214,EEF2,2026-07-31T06:28:40.411598
hgnc:3224,EFNA4,2026-07-02T07:27:33.587834
hgnc:3226,EFNB1,2026-06-09T22:04:08.504638
hgnc:3227,EFNB2,2026-06-09T22:04:08.510107
hgnc:3228,EFNB3,2026-06-09T22:04:08.515802
hgnc:3230,CELSR3,2026-06-17T21:01:15.673929
hgnc:3233,MEGF8,2026-08-24T13:44:11.908407
hgnc:3236,EGFR,2026-06-03T08:28:01.165689
hgnc:3238,EGR1,2026-04-19T17:46:18.902727
hgnc:3239,EGR2,2026-05-09T06:46:31.520982
hgnc:32456,ALG11,2026-08-24T21:35:58.400325
hgnc:3247,EHHADH,2026-06-17T22:46:50.014848
hgnc:325,AGPAT2,2026-05-04T05:03:21.516709
hgnc:3250,EIF1AX,2026-08-01T05:52:10.258436
hgnc:3255,EIF2AK3,2026-04-19T19:12:20.241875
hgnc:3257,EIF2B1,2026-06-17T11:53:27.270793
hgnc:3258,EIF2B2,2026-06-17T11:53:27.263995
hgnc:3259,EIF2B3,2026-06-17T11:53:27.277403
hgnc:3260,EIF2B4,2026-06-17T11:53:27.283587
hgnc:3261,EIF2B5,2026-06-17T11:53:27.256804
hgnc:32669,TRIM71,2026-08-20T07:42:29.864786
hgnc:32685,ARMS2,2026-07-20T17:57:15.844262
hgnc:32687,MED11,2026-08-21T17:36:49.455447
hgnc:32689,SLFN14,2026-08-26T16:48:19.558375
hgnc:32698,DUOXA2,2026-07-31T06:30:12.797531
hgnc:327,AGPS,2026-07-01T16:35:34.069527
hgnc:3284,EIF4A2,2026-08-17T03:18:41.212154
hgnc:329,AGRN,2026-06-15T23:59:19.885507
hgnc:32940,NKX2-6,2026-08-09T22:32:48.310245
hgnc:3327,ELN,2026-06-03T15:53:44.423485
hgnc:33276,FLG2,2026-06-05T14:18:21.527979
hgnc:333,AGT,2026-08-20T00:16:51.811486
hgnc:3330,EML1,2026-06-12T01:34:23.418479
hgnc:3331,EMD,2026-06-16T10:24:47.265033
hgnc:3332,MARK2,2026-08-04T17:51:48.067904
hgnc:3344,ENAM,2026-06-18T20:01:55.091088
hgnc:3349,ENG,2026-04-24T16:32:09.677353
hgnc:3354,ENO3,2026-08-24T13:06:58.781886
hgnc:3356,ENPP1,2026-05-06T15:55:28.536822
hgnc:336,AGTR1,2026-08-20T04:54:25.984345
hgnc:33699,KHDC3L,2026-06-17T12:51:20.917801
hgnc:33720,CFAP221,2026-06-19T15:39:58.983139
hgnc:3373,EP300,2026-06-03T22:44:01.539960
hgnc:33738,EZHIP,2026-08-20T00:16:57.292649
hgnc:3374,EPAS1,2026-06-18T18:03:36.460454
hgnc:3377,EPB41,2026-05-09T04:57:52.241246
hgnc:33782,PTRHD1,2026-08-15T09:06:45.228838
hgnc:3381,EPB42,2026-04-19T19:25:08.977510
hgnc:3388,EPHA4,2026-07-31T06:28:49.660685
hgnc:3390,EPHA7,2026-06-20T02:06:32.628376
hgnc:3395,EPHB4,2026-05-04T17:45:27.473711
hgnc:34,ABCA4,2026-04-19T20:13:35.645052
hgnc:34016,RNU4ATAC,2026-07-31T17:35:38.809797
hgnc:34033,RNU7-1,2026-05-04T00:44:15.428023
hgnc:341,AGXT,2026-07-05T23:16:49.713144
hgnc:3413,EPM2A,2026-04-19T19:33:32.583233
hgnc:3415,EPO,2026-08-15T11:06:30.389674
hgnc:3416,EPOR,2026-04-19T19:52:17.609578
hgnc:3418,EPRS1,2026-08-27T15:02:57.009669
hgnc:3424,ERAL1,2026-08-08T15:23:58.181898
hgnc:343,AHCY,2026-08-19T20:17:24.783618
hgnc:3430,ERBB2,2026-05-09T09:53:48.163784
hgnc:3431,ERBB3,2026-06-17T22:11:06.595636
hgnc:3433,ERCC1,2026-05-14T14:08:54.659439
hgnc:3434,ERCC2,2026-04-19T17:48:01.034444
hgnc:3435,ERCC3,2026-06-29T20:18:51.536371
hgnc:3436,ERCC4,2026-04-19T19:18:11.238186
hgnc:3437,ERCC5,2026-05-14T14:08:54.655122
hgnc:3438,ERCC6,2026-04-19T19:08:00.052297
hgnc:3439,ERCC8,2026-04-19T19:08:00.054218
hgnc:34519,ZNF862,2026-06-15T21:33:06.828960
hgnc:3467,ESR1,2026-07-31T06:30:45.464111
hgnc:3468,ESR2,2026-07-15T06:02:39.994189
hgnc:348,AHR,2026-04-20T11:57:46.714077
hgnc:3481,ETFA,2026-05-09T01:59:43.807878
hgnc:3482,ETFB,2026-05-09T01:59:43.812451
hgnc:3483,ETFDH,2026-05-09T01:59:43.817047
hgnc:3488,ETS1,2026-08-01T18:33:07.344009
hgnc:349,AHSG,2026-08-26T08:45:40.517243
hgnc:3495,ETV6,2026-05-07T15:45:21.644387
hgnc:3508,EWSR1,2026-05-28T11:11:10.257967
hgnc:35123,FOXI3,2026-07-31T17:50:17.869192
hgnc:35126,BHLHA9,2026-06-08T12:22:38.521044
hgnc:3518,EXTL3,2026-07-30T23:56:07.785447
hgnc:3519,EYA1,2026-07-31T20:06:36.480423
hgnc:3527,EZH2,2026-04-19T19:18:52.091106
hgnc:3530,F12,2026-05-09T03:16:35.199694
hgnc:3535,F2,2026-08-04T16:18:45.706171
hgnc:3541,F3,2026-08-16T02:53:51.968841
hgnc:3542,F5,2026-05-05T14:53:20.090629
hgnc:3546,F8,2026-04-25T22:42:37.232623
hgnc:3551,F9,2026-05-23T21:06:08.367481
hgnc:3571,ACSL4,2026-08-12T10:41:46.068177
hgnc:3573,FADD,2026-08-24T16:24:22.108640
hgnc:3579,FAH,2026-05-20T00:05:22.523331
hgnc:358,AIP,2026-04-20T11:57:46.709038
hgnc:3581,BPTF,2026-08-16T19:03:37.156226
hgnc:3582,FANCA,2026-04-19T19:18:10.917059
hgnc:3583,FANCB,2026-04-19T19:18:10.933348
hgnc:3584,FANCC,2026-04-19T19:18:10.935248
hgnc:3585,FANCD2,2026-04-19T19:18:10.939337
hgnc:3586,FANCE,2026-04-19T19:18:11.194414
hgnc:3587,FANCF,2026-04-19T19:18:11.199876
hgnc:3588,FANCG,2026-04-19T19:18:10.937188
hgnc:359,AIPL1,2026-07-22T12:56:32.502362
hgnc:3595,FAT1,2026-06-17T11:10:31.237934
hgnc:360,AIRE,2026-04-19T20:16:18.813784
hgnc:3603,FBN1,2026-04-19T19:39:09.872257
hgnc:3604,FBN2,2026-08-20T04:51:18.512172
hgnc:3616,FCGR2A,2026-07-02T06:20:26.077719
hgnc:3619,FCGR3A,2026-07-02T06:20:26.086502
hgnc:3621,FCGRT,2026-08-05T21:33:33.649299
hgnc:3622,FKTN,2026-04-19T19:13:49.176203
hgnc:3629,FDFT1,2026-08-01T05:50:10.516674
hgnc:3631,FDPS,2026-08-01T05:50:07.540581
hgnc:3638,FDX1,2026-06-09T20:48:23.362199
hgnc:3642,FDXR,2026-05-17T12:52:10.546328
hgnc:3647,FECH,2026-05-10T11:38:18.781390
hgnc:3656,MYOF,2026-05-09T03:16:35.236382
hgnc:3661,FGA,2026-05-18T10:49:24.889901
hgnc:3662,FGB,2026-05-18T10:49:24.902380
hgnc:3668,FGF12,2026-08-20T04:30:18.287497
hgnc:3670,FGF13,2026-07-26T01:37:26.392799
hgnc:3671,FGF14,2026-08-01T13:16:03.282452
hgnc:3677,FGF20,2026-06-08T11:55:32.715519
hgnc:3680,FGF23,2026-08-01T16:45:17.454645
hgnc:3686,FGF8,2026-06-17T11:03:01.537597
hgnc:3687,FGF9,2026-04-19T20:03:31.867380
hgnc:3688,FGFR1,2026-04-19T19:15:20.122884
hgnc:3689,FGFR2,2026-04-19T17:42:46.272623
hgnc:3690,FGFR3,2026-04-19T17:39:05.493918
hgnc:3694,FGG,2026-05-18T10:49:24.914841
hgnc:3700,FH,2026-06-22T11:33:43.182664
hgnc:3702,FHL1,2026-06-16T10:24:47.281352
hgnc:3705,FIBP,2026-07-31T06:35:41.251223
hgnc:3706,ATP8B1,2026-08-02T03:07:40.773588
hgnc:3719,FKBP3,2026-04-19T17:37:40.729687
hgnc:3721,FKBP5,2026-08-20T04:54:25.210402
hgnc:37212,KLLN,2026-04-19T19:09:43.078963
hgnc:37216,LIPT2,2026-04-19T19:45:26.610536
hgnc:37227,KBTBD13,2026-04-19T19:46:08.489881
hgnc:37234,TMEM231,2026-04-19T19:39:31.793335
hgnc:37276,CRPPA,2026-04-19T19:13:49.182957
hgnc:3748,FLG,2026-04-19T17:44:15.683492
hgnc:3749,FLI1,2026-05-28T11:11:10.265486
hgnc:3750,FLII,2026-06-08T07:21:53.980545
hgnc:3754,FLNA,2026-04-19T19:17:22.959101
hgnc:3755,FLNB,2026-04-19T17:43:54.322720
hgnc:3756,FLNC,2026-06-08T07:21:53.991157
hgnc:3763,FLT1,2026-06-03T13:27:06.729155
hgnc:3765,FLT3,2026-06-18T19:57:38.296750
hgnc:3767,FLT4,2026-04-19T17:42:17.755705
hgnc:3771,FMO3,2026-07-28T12:21:03.811674
hgnc:3775,FMR1,2026-04-25T22:48:19.200565
hgnc:3776,AFF2,2026-08-12T10:41:46.416777
hgnc:3791,FOLR1,2026-07-25T18:24:14.354782
hgnc:3796,FOS,2026-08-20T04:51:17.630438
hgnc:3800,FOXC1,2026-04-19T19:33:53.652508
hgnc:3806,FOXE1,2026-07-01T19:06:24.636810
hgnc:3808,FOXE3,2026-04-19T19:17:36.126365
hgnc:3809,FOXF1,2026-04-19T19:33:53.649897
hgnc:3811,FOXG1,2026-05-10T16:21:10.416394
hgnc:3816,FOXJ1,2026-07-02T06:19:13.945268
hgnc:3818,FOXM1,2026-06-03T20:59:18.521128
hgnc:3819,FOXO1,2026-07-01T16:34:47.168529
hgnc:3821,FOXO3,2026-06-03T21:00:19.535030
hgnc:3823,FOXP1,2026-07-31T18:32:56.547653
hgnc:3826,FPR1,2026-04-26T20:14:08.168897
hgnc:388,AKR1D1,2026-06-19T08:29:04.439632
hgnc:391,AKT1,2026-05-09T15:28:17.945628
hgnc:392,AKT2,2026-06-05T15:43:51.850278
hgnc:393,AKT3,2026-06-09T22:04:08.450233
hgnc:3942,MTOR,2026-07-29T17:14:41.227888
hgnc:39433,PRSS56,2026-08-01T08:19:47.967787
hgnc:395,ALAD,2026-05-05T02:52:39.805062
hgnc:3951,FXN,2026-04-25T22:45:12.565286
hgnc:396,ALAS1,2026-04-21T13:49:54.434969
hgnc:3969,FSHR,2026-04-19T17:37:32.812238
hgnc:397,ALAS2,2026-05-10T11:38:18.789066
hgnc:3999,FTL,2026-04-19T20:20:59.286288
hgnc:40038,PET100,2026-06-16T16:14:32.469003
hgnc:4004,FUBP1,2026-08-13T16:54:15.648042
hgnc:40045,PET117,2026-06-23T18:12:00.722882
hgnc:40050,MCIDAS,2026-07-02T06:19:13.952394
hgnc:4006,FUCA1,2026-05-04T08:46:16.053645
hgnc:4010,FUS,2026-04-19T18:52:57.402168
hgnc:4016,FUT5,2026-04-19T17:41:49.207900
hgnc:403,ALDH3A2,2026-07-29T18:11:45.423547
hgnc:404,ALDH2,2026-07-10T14:37:17.382820
hgnc:4040,FZD2,2026-04-19T19:48:29.276770
hgnc:4042,FZD4,2026-06-17T11:10:58.610569
hgnc:4043,FZD5,2026-06-15T23:06:00.836711
hgnc:405,ALDH3A1,2026-07-31T14:06:49.165602
hgnc:4056,G6PC1,2026-04-19T19:21:21.624027
hgnc:4057,G6PD,2026-05-09T03:13:22.946073
hgnc:406,ALDH4A1,2026-07-31T10:49:39.175774
hgnc:4061,SLC37A4,2026-04-19T19:21:21.631814
hgnc:4065,GAA,2026-04-19T20:04:11.574266
hgnc:4075,GABRA1,2026-07-31T06:29:21.624204
hgnc:4076,GABRA2,2026-08-09T14:59:48.096907
hgnc:4079,GABRA5,2026-04-25T17:00:34.084497
hgnc:408,ALDH5A1,2026-05-11T02:35:51.375476
hgnc:4083,GABRB3,2026-04-25T17:00:34.075166
hgnc:4084,GABRD,2026-05-24T15:54:58.076159
hgnc:4087,GABRG2,2026-05-24T15:54:58.081821
hgnc:4088,GABRG3,2026-04-25T17:00:34.128198
hgnc:409,ALDH1A3,2026-06-15T23:06:00.844064
hgnc:4092,GAD1,2026-07-02T06:24:11.778299
hgnc:4115,GALC,2026-05-18T16:01:32.205913
hgnc:4116,GALE,2026-05-18T07:50:24.551875
hgnc:4118,GALK1,2026-05-18T07:50:24.536445
hgnc:4122,GALNS,2026-05-05T16:52:17.063771
hgnc:4135,GALT,2026-05-18T07:50:24.493996
hgnc:4136,GAMT,2026-05-19T23:05:32.341409
hgnc:4137,GAN,2026-08-20T04:17:23.540967
hgnc:4138,GANAB,2026-05-08T09:32:46.619167
hgnc:4162,GARS1,2026-06-11T23:23:52.618300
hgnc:4165,GAS1,2026-07-31T02:36:11.487641
hgnc:417,ALDOB,2026-04-22T21:57:26.580026
hgnc:4170,GATA1,2026-04-19T19:12:27.445976
hgnc:4171,GATA2,2026-05-30T21:37:20.130580
hgnc:4172,GATA3,2026-04-19T17:43:39.416861
hgnc:4173,GATA4,2026-04-19T19:25:58.992034
hgnc:4174,GATA6,2026-05-09T09:59:01.593414
hgnc:4175,GATM,2026-05-02T23:38:33.300622
hgnc:4177,GBA,2026-04-19T19:20:19.920775
hgnc:4180,GBE1,2026-05-07T11:52:39.194191
hgnc:4189,GCDH,2026-04-19T19:21:14.753153
hgnc:4193,GCH1,2026-05-05T23:18:56.711180
hgnc:4195,GCK,2026-04-19T19:12:20.239493
hgnc:4196,GCKR,2026-08-06T20:43:04.062626
hgnc:4198,GCM2,2026-05-07T19:56:50.068583
hgnc:42,ABCB11,2026-08-02T01:51:29.025372
hgnc:4200,BLOC1S1,2026-04-30T14:24:48.694614
hgnc:4206,OPN1MW,2026-08-15T19:52:06.657394
hgnc:4208,GCSH,2026-04-19T19:47:36.623371
hgnc:4214,GDF1,2026-05-15T17:14:21.599107
hgnc:4217,GDF2,2026-04-24T16:32:09.718120
hgnc:4218,GDF3,2026-06-29T06:24:30.018714
hgnc:4220,GDF5,2026-06-17T13:02:14.988586
hgnc:4221,GDF6,2026-06-17T12:01:00.926348
hgnc:4226,GDI1,2026-08-12T10:41:35.551161
hgnc:4232,GDNF,2026-08-20T04:54:19.866366
hgnc:4235,GFAP,2026-04-19T17:41:00.026028
hgnc:4238,GFI1B,2026-08-24T22:08:10.334107
hgnc:4241,GFPT1,2026-06-15T23:59:19.862513
hgnc:4247,GGCX,2026-06-08T16:44:05.263468
hgnc:4249,GGPS1,2026-08-08T15:24:00.681665
hgnc:4261,GH1,2026-08-22T04:19:40.850699
hgnc:4263,GHR,2026-07-05T10:41:56.774428
hgnc:4266,GHRHR,2026-08-26T22:24:51.901410
hgnc:4268,CBLIF,2026-07-30T22:39:44.428904
hgnc:427,ALK,2026-04-19T17:41:56.154601
hgnc:4274,GJA1,2026-04-19T19:16:13.408808
hgnc:4279,GJA5,2026-06-18T20:06:35.667962
hgnc:428,ALMS1,2026-04-19T17:41:27.516142
hgnc:4283,GJB1,2026-05-13T12:27:56.127023
hgnc:4284,GJB2,2026-04-19T19:31:49.621956
hgnc:4285,GJB3,2026-04-19T19:16:13.404240
hgnc:4286,GJB4,2026-04-19T19:16:13.406635
hgnc:4288,GJB6,2026-04-24T18:19:22.324991
hgnc:4296,GLA,2026-04-19T19:17:42.770618
hgnc:4298,GLB1,2026-05-05T16:52:17.068788
hgnc:430,ALOX12B,2026-05-07T09:18:44.275094
hgnc:4313,GLDC,2026-04-19T19:47:36.616707
hgnc:4315,GLE1,2026-05-23T19:07:30.073388
hgnc:4318,GLI2,2026-05-10T15:16:39.476999
hgnc:4319,GLI3,2026-07-30T18:52:05.569350
hgnc:4326,GLRA1,2026-05-10T12:27:17.229110
hgnc:4329,GLRB,2026-05-10T12:27:17.233657
hgnc:4331,GLS,2026-07-05T13:17:43.708715
hgnc:4332,BICRA,2026-04-19T19:08:13.908398
hgnc:4335,GLUD1,2026-06-17T22:55:48.630589
hgnc:4341,GLUL,2026-08-27T02:56:27.027756
hgnc:43444,MYZAP,2026-06-08T07:21:54.114696
hgnc:4367,GM2A,2026-07-31T06:35:42.791901
hgnc:4379,GNA11,2026-07-02T05:24:31.025325
hgnc:438,ALPL,2026-05-04T23:08:35.503575
hgnc:4385,GNAI2,2026-06-02T21:11:31.735216
hgnc:4387,GNAI3,2026-06-02T21:11:31.740373
hgnc:4388,GNAL,2026-06-22T12:48:55.233154
hgnc:4389,GNAO1,2026-07-31T06:31:27.379296
hgnc:4390,GNAQ,2026-07-02T05:24:31.011968
hgnc:4392,GNAS,2026-04-19T20:06:01.883846
hgnc:4393,GNAT1,2026-08-22T18:56:30.088229
hgnc:4394,GNAT2,2026-04-22T23:10:38.262001
hgnc:4400,GNB3,2026-08-22T18:56:30.101615
hgnc:4414,GNLY,2026-04-26T20:11:37.088886
hgnc:4416,GNPAT,2026-07-01T16:35:34.062483
hgnc:4422,GNS,2026-04-19T20:09:08.147657
hgnc:4425,GOLGA2,2026-07-05T23:29:59.511208
hgnc:443,ALS2,2026-08-20T09:20:48.465069
hgnc:4439,GP1BA,2026-05-09T18:41:13.920849
hgnc:4440,GP1BB,2026-08-15T10:55:47.254919
hgnc:4444,GP9,2026-08-15T10:55:47.287385
hgnc:4445,GPA33,2026-06-06T16:42:22.235913
hgnc:4449,GPC1,2026-08-12T23:40:03.797133
hgnc:445,SETX,2026-04-24T14:45:04.848848
hgnc:4452,GPC4,2026-04-19T19:31:41.795659
hgnc:4454,GPC6,2026-04-19T19:48:29.250623
hgnc:449,ALX3,2026-05-08T12:42:56.582917
hgnc:45,ABCB4,2026-08-02T03:07:40.739432
hgnc:450,ALX4,2026-05-08T12:42:56.588745
hgnc:451,AMACR,2026-06-19T08:29:04.478744
hgnc:4510,KISS1R,2026-06-19T09:23:45.301183
hgnc:4512,ADGRG1,2026-06-10T20:50:07.489607
hgnc:4524,PROKR1,2026-08-04T00:46:07.570383
hgnc:4544,GRK5,2026-08-09T22:28:15.322487
hgnc:4566,GRB2,2026-05-26T14:46:30.142901
hgnc:4567,GRB7,2026-05-26T21:12:11.230813
hgnc:4570,GRHPR,2026-07-05T23:16:49.722488
hgnc:4574,GRIA4,2026-08-20T00:16:54.925769
hgnc:4575,GRID1,2026-08-09T00:57:21.061717
hgnc:4580,GRIK2,2026-08-01T02:15:57.939896
hgnc:4584,GRIN1,2026-07-02T06:24:11.763031
hgnc:4585,GRIN2A,2026-06-04T09:24:36.554586
hgnc:4586,GRIN2B,2026-05-07T05:22:37.024551
hgnc:4597,GRM5,2026-08-16T22:47:26.129437
hgnc:4598,GRM6,2026-08-22T18:56:30.025568
hgnc:4601,GRN,2026-06-13T16:07:23.473528
hgnc:461,AMELX,2026-06-18T20:01:55.083097
hgnc:4617,GSK3B,2026-08-08T19:27:53.540614
hgnc:4620,GSN,2026-08-21T16:35:19.850556
hgnc:4624,GSS,2026-07-31T06:31:46.509176
hgnc:4632,GSTM1,2026-04-19T17:43:24.711748
hgnc:4641,GSTT1,2026-07-16T21:38:24.604020
hgnc:4651,GTF2E2,2026-08-17T13:32:43.833338
hgnc:4659,GTF2I,2026-04-19T20:16:18.803662
hgnc:4661,GTF2IRD1,2026-08-07T19:18:26.015375
hgnc:4678,GUCA1A,2026-06-16T17:34:01.959046
hgnc:4685,GUCY1A1,2026-07-28T12:17:15.392593
hgnc:4688,GUCY2C,2026-08-19T12:52:53.423747
hgnc:4689,GUCY2D,2026-06-16T17:34:01.953286
hgnc:4696,GUSB,2026-05-05T17:15:18.399931
hgnc:4699,GYG1,2026-05-19T16:29:53.463646
hgnc:4704,GYPC,2026-05-09T04:57:52.246081
hgnc:4709,GZMB,2026-04-26T20:14:08.129836
hgnc:4711,GZMK,2026-04-19T20:08:14.524937
hgnc:4713,H19,2026-06-03T17:51:32.700890
hgnc:473,AMT,2026-04-19T19:47:36.620117
hgnc:4764,H3-3A,2026-08-15T23:59:59.328348
hgnc:4765,H3-3B,2026-08-01T17:57:41.685832
hgnc:4795,H6PD,2026-05-10T01:30:29.684096
hgnc:4798,HABP2,2026-07-31T18:19:55.501827
hgnc:4799,HADH,2026-06-17T22:55:48.637919
hgnc:4800,HSD17B10,2026-06-03T23:16:33.849008
hgnc:4801,HADHA,2026-05-07T21:44:35.120389
hgnc:4803,HADHB,2026-05-07T21:44:35.125337
hgnc:4809,HAO1,2026-07-05T23:16:49.731036
hgnc:4814,KALRN,2026-05-15T17:14:21.609673
hgnc:4816,HARS1,2026-06-29T20:10:42.361864
hgnc:4817,HARS2,2026-05-31T03:33:43.538432
hgnc:4823,HBA1,2026-04-19T17:41:20.358558
hgnc:4824,HBA2,2026-04-19T17:41:20.360160
hgnc:4827,HBB,2026-04-19T17:47:27.497177
hgnc:4834,HBS1L,2026-04-19T17:47:27.540278
hgnc:4837,HCCS,2026-08-01T17:54:24.876162
hgnc:484,ANGPT1,2026-05-09T03:16:35.223622
hgnc:4845,HCN1,2026-07-23T14:29:47.173449
hgnc:4847,HCRT,2026-08-20T01:16:27.098589
hgnc:4849,HCRTR2,2026-08-20T01:16:27.115205
hgnc:4851,HTT,2026-04-19T19:26:56.516217
hgnc:4855,HDC,2026-05-02T21:28:26.590070
hgnc:4861,HELLS,2026-05-09T23:37:57.669980
hgnc:4877,HESX1,2026-05-10T15:16:39.470077
hgnc:4878,HEXA,2026-04-19T20:15:13.370216
hgnc:4879,HEXB,2026-04-19T20:09:01.388104
hgnc:4883,CFH,2026-04-19T19:28:57.986576
hgnc:4886,HFE,2026-04-30T13:57:21.846108
hgnc:4887,HJV,2026-05-18T17:26:44.063777
hgnc:4888,CFHR1,2026-04-22T22:09:44.699506
hgnc:4892,HGD,2026-05-03T04:38:32.790547
hgnc:4893,HGF,2026-07-31T13:58:39.523988
hgnc:4908,HIBCH,2026-04-30T14:15:09.357615
hgnc:491,ANGPTL3,2026-08-26T16:28:57.270313
hgnc:492,ANK1,2026-04-19T19:25:08.966526
hgnc:4922,HK1,2026-07-02T06:28:19.575499
hgnc:4927,SLC39A7,2026-08-08T16:44:43.558512
hgnc:493,ANK2,2026-04-19T17:38:23.209376
hgnc:4931,HLA-A,2026-04-19T19:46:01.147835
hgnc:4932,HLA-B,2026-04-26T20:09:47.245201
hgnc:4938,HLA-DPA1,2026-06-30T21:12:28.843156
hgnc:494,ANK3,2026-08-20T04:51:17.961939
hgnc:4940,HLA-DPB1,2026-06-30T21:12:28.804479
hgnc:4942,HLA-DQA1,2026-04-19T19:12:20.107658
hgnc:4944,HLA-DQB1,2026-04-19T19:12:20.109440
hgnc:4948,HLA-DRB1,2026-04-19T19:42:39.570158
hgnc:4976,HLCS,2026-06-29T03:29:16.913002
hgnc:4977,HLF,2026-07-25T01:49:23.480341
hgnc:4982,HMBS,2026-04-21T13:49:54.426243
hgnc:4983,HMGB1,2026-06-12T06:09:47.044309
hgnc:5005,HMGCL,2026-05-20T02:06:25.278956
hgnc:5008,HMGCS2,2026-05-04T02:29:43.564725
hgnc:5009,HMGA2,2026-05-07T09:27:37.903618
hgnc:5013,HMOX1,2026-08-21T21:01:16.054476
hgnc:5024,HNF4A,2026-04-19T19:12:20.232840
hgnc:5031,HNRNPA1,2026-05-08T22:50:06.058284
hgnc:5033,HNRNPA2B1,2026-05-08T22:50:06.053900
hgnc:5035,HNRNPC,2026-08-20T00:54:28.188755
hgnc:5037,HNRNPDL,2026-07-02T08:55:53.302226
hgnc:5048,HNRNPU,2026-08-19T14:44:37.732636
hgnc:50800,DUX4,2026-04-21T13:50:43.388883
hgnc:5102,HOXA13,2026-07-28T12:15:17.042181
hgnc:5125,HOXC13,2026-08-17T14:04:25.481945
hgnc:5136,HOXD13,2026-06-08T12:22:38.496492
hgnc:5147,HPD,2026-08-21T16:48:20.684681
hgnc:5154,HPGD,2026-08-20T05:04:26.126470
hgnc:5157,HPRT1,2026-04-19T19:34:50.153502
hgnc:5163,HPS1,2026-06-16T16:54:27.746393
hgnc:5173,HRAS,2026-04-19T19:09:29.114323
hgnc:5208,HSD11B1,2026-05-10T01:30:29.679278
hgnc:5209,HSD11B2,2026-07-31T06:28:11.017759
hgnc:5212,HSD17B3,2026-05-10T20:19:45.332766
hgnc:5213,HSD17B4,2026-05-31T03:33:43.544435
hgnc:5218,HSD3B2,2026-05-07T09:32:37.538680
hgnc:5246,HSPB1,2026-06-12T01:29:26.202927
hgnc:5273,HSPG2,2026-08-17T20:44:16.617789
hgnc:5275,KAT5,2026-08-16T19:33:11.109597
hgnc:5293,HTR2A,2026-08-20T04:54:25.226900
hgnc:53,ABCC2,2026-08-22T17:24:48.529512
hgnc:5318,TNC,2026-08-20T05:04:31.075045
hgnc:5320,HYAL1,2026-05-05T17:15:18.403299
hgnc:533,ANXA1,2026-04-26T20:14:08.165112
hgnc:5330,IARS1,2026-06-29T20:10:42.393591
hgnc:5331,NOD2,2026-04-19T20:04:24.634832
hgnc:53433,EXOC1L,2026-08-18T08:00:31.376727
hgnc:5344,ICAM1,2026-07-02T06:20:25.878973
hgnc:5348,ICAM5,2026-05-16T11:36:06.293785
hgnc:535,ANXA11,2026-04-26T23:04:20.606840
hgnc:5351,ICOS,2026-07-31T06:30:07.192414
hgnc:5358,IRF8,2026-08-15T23:15:21.651960
hgnc:5362,ID3,2026-07-30T12:29:15.170705
hgnc:5363,ID4,2026-08-05T11:20:35.068493
hgnc:5382,IDH1,2026-07-15T09:00:41.949341
hgnc:5383,IDH2,2026-04-19T19:52:52.118915
hgnc:5389,IDS,2026-04-19T19:26:38.904684
hgnc:5391,IDUA,2026-04-19T19:27:19.788675
hgnc:53924,NOTCH2NLC,2026-06-19T09:04:32.034923
hgnc:5394,CFI,2026-04-22T22:09:44.688469
hgnc:5401,SP110,2026-06-13T19:27:40.100631
hgnc:5432,IFNAR1,2026-06-30T10:58:34.321619
hgnc:5433,IFNAR2,2026-08-20T04:51:21.711448
hgnc:5438,IFNG,2026-04-19T19:44:29.465143
hgnc:5440,IFNGR2,2026-08-20T04:51:21.731454
hgnc:5461,IGBP1,2026-07-30T23:38:57.649272
hgnc:5464,IGF1,2026-05-28T15:10:40.476177
hgnc:5465,IGF1R,2026-07-05T10:41:58.193267
hgnc:5466,IGF2,2026-04-19T20:19:15.231883
hgnc:5468,IGFALS,2026-07-05T10:41:56.796590
hgnc:5477,IGH,2026-04-19T19:44:00.397869
hgnc:5478,IGHA1,2026-08-08T21:05:17.469161
hgnc:5525,IGHG1,2026-08-08T21:05:17.479687
hgnc:5541,IGHM,2026-08-08T16:44:28.095071
hgnc:5542,IGHMBP2,2026-06-17T12:26:30.290992
hgnc:559,AP1S1,2026-04-19T19:37:13.525262
hgnc:560,AP1S2,2026-08-20T07:42:30.025568
hgnc:566,AP3B1,2026-06-16T16:54:27.752953
hgnc:568,AP3D1,2026-06-16T16:54:27.799407
hgnc:57,ABCC6,2026-05-06T15:55:28.541263
hgnc:572,AP4B1,2026-07-01T21:44:29.187756
hgnc:5724,RBPJ,2026-04-30T14:17:46.962282
hgnc:573,AP4E1,2026-08-21T20:13:38.900921
hgnc:583,APC,2026-04-19T19:07:05.046454
hgnc:5870,IGLL1,2026-08-08T16:44:29.813166
hgnc:59,ABCC8,2026-04-19T19:12:20.237032
hgnc:592,XIAP,2026-06-08T18:54:02.644082
hgnc:593,BIRC5,2026-05-28T11:11:10.374637
hgnc:5948,IGSF1,2026-07-05T23:37:42.247919
hgnc:5956,IHH,2026-07-31T11:56:49.670061
hgnc:5959,ELP1,2026-08-02T03:30:35.428570
hgnc:5961,IKBKG,2026-04-24T18:06:30.566287
hgnc:5962,IL10,2026-04-19T19:44:29.451527
hgnc:5964,IL10RA,2026-08-22T23:45:33.024701
hgnc:5965,IL10RB,2026-08-22T23:45:33.044481
hgnc:5969,IL12A,2026-08-20T01:16:30.475575
hgnc:5970,IL12B,2026-05-01T07:31:44.343777
hgnc:5971,IL12RB1,2026-08-08T17:38:52.238298
hgnc:5972,IL12RB2,2026-08-20T01:16:30.492711
hgnc:5973,IL13,2026-04-19T17:43:39.395800
hgnc:5977,IL15,2026-04-26T20:14:08.148837
hgnc:5981,IL17A,2026-04-19T19:44:29.461537
hgnc:5982,IL17B,2026-04-19T17:46:18.899075
hgnc:5985,IL17RA,2026-08-01T09:05:04.169772
hgnc:5986,IL18,2026-04-19T19:44:29.457971
hgnc:5992,IL1B,2026-04-19T19:34:34.912840
hgnc:5993,IL1R1,2026-07-02T06:20:26.115559
hgnc:5996,IL1RAPL1,2026-08-12T10:41:25.346303
hgnc:5999,IL1RL2,2026-07-02T06:19:24.210180
hgnc:60,ABCC9,2026-06-08T07:21:53.885358
hgnc:6000,IL1RN,2026-07-31T06:31:06.456205
hgnc:6001,IL2,2026-08-01T18:33:07.303363
hgnc:6005,IL21,2026-07-02T06:19:11.520278
hgnc:6006,IL21R,2026-08-20T05:04:28.089217
hgnc:6008,IL2RA,2026-04-19T19:12:20.219276
hgnc:6010,IL2RG,2026-06-22T12:25:15.797416
hgnc:6014,IL4,2026-04-19T17:43:39.392722
hgnc:6015,IL4R,2026-04-19T17:43:39.397062
hgnc:6016,IL5,2026-04-19T17:43:39.403869
hgnc:6018,IL6,2026-04-19T19:44:29.448188
hgnc:6019,IL6R,2026-07-02T06:19:57.847939
hgnc:6021,IL6ST,2026-08-21T17:37:19.179577
hgnc:6024,IL7R,2026-06-22T12:25:15.825621
hgnc:6025,CXCL8,2026-08-20T01:16:25.297767
hgnc:603,APOB,2026-04-19T19:27:26.946209
hgnc:6053,IMPDH2,2026-05-05T23:18:56.736249
hgnc:6055,IMPG1,2026-06-08T18:11:57.226813
hgnc:6080,INPPL1,2026-04-19T19:48:42.607125
hgnc:6081,INS,2026-04-19T19:12:20.111550
hgnc:6086,INSL3,2026-08-20T04:54:23.634476
hgnc:609,APOC2,2026-05-30T06:59:39.282422
hgnc:6091,INSR,2026-07-06T22:54:44.086367
hgnc:61,ABCD1,2026-04-19T20:20:26.802700
hgnc:610,APOC3,2026-04-19T19:27:26.953226
hgnc:6106,FOXP3,2026-05-07T15:31:48.345489
hgnc:6107,PDX1,2026-05-09T09:59:01.586755
hgnc:6112,IRAK1,2026-04-19T19:37:00.060689
hgnc:6115,IREB2,2026-08-01T19:14:40.321834
hgnc:6116,IRF1,2026-04-19T20:08:14.517790
hgnc:6118,IRF3,2026-07-01T17:55:36.089066
hgnc:6119,IRF4,2026-05-09T06:46:31.525776
hgnc:6120,IRF5,2026-07-02T06:19:11.294884
hgnc:6121,IRF6,2026-07-01T19:06:24.570537
hgnc:613,APOE,2026-04-19T19:27:26.951222
hgnc:6132,ISL1,2026-06-17T21:01:15.667411
hgnc:6137,ITGA2,2026-07-31T14:06:49.177178
hgnc:6138,ITGA2B,2026-08-24T16:11:14.283107
hgnc:6142,ITGA6,2026-04-19T19:15:42.447488
hgnc:6144,ITGA8,2026-06-08T11:55:32.709892
hgnc:6150,ITGAV,2026-08-20T04:54:26.001518
hgnc:6153,ITGB1,2026-08-16T21:48:36.814309
hgnc:6156,ITGB3,2026-08-24T16:11:16.082360
hgnc:6158,ITGB4,2026-04-19T19:15:42.449514
hgnc:6168,ITIH3,2026-08-25T08:49:45.821767
hgnc:6174,ITM2B,2026-04-19T17:37:49.042603
hgnc:618,APOL1,2026-08-12T14:35:45.588104
hgnc:6180,ITPR1,2026-04-25T18:24:24.022983
hgnc:6186,IVD,2026-04-19T19:30:02.155696
hgnc:6188,JAG1,2026-04-19T17:40:46.673590
hgnc:6190,JAK1,2026-04-19T17:41:56.169139
hgnc:6192,JAK2,2026-05-07T19:53:57.387437
hgnc:6193,JAK3,2026-06-22T12:25:15.832773
hgnc:620,APP,2026-04-19T17:41:42.095260
hgnc:6207,JUP,2026-04-19T18:54:25.384446
hgnc:6211,ANOS1,2026-06-17T11:03:01.522229
hgnc:6215,KARS1,2026-08-02T02:52:22.683912
hgnc:6217,KATNB1,2026-06-09T21:06:54.126599
hgnc:6218,KCNA1,2026-05-30T23:11:41.566708
hgnc:6220,KCNA2,2026-07-25T11:50:56.789249
hgnc:6231,KCNB1,2026-07-25T15:52:36.793985
hgnc:6233,KCNC1,2026-08-10T20:11:21.035072
hgnc:6240,KCNE1,2026-07-21T15:25:09.523185
hgnc:6242,KCNE2,2026-06-25T00:31:45.553755
hgnc:6250,KCNH1,2026-04-19T20:15:19.916844
hgnc:6251,KCNH2,2026-04-19T19:35:59.743825
hgnc:6255,KCNJ1,2026-04-22T22:11:11.231291
hgnc:6256,KCNJ10,2026-06-03T23:14:33.576271
hgnc:6257,KCNJ11,2026-04-19T19:12:20.226219
hgnc:626,APRT,2026-05-10T02:53:05.512001
hgnc:6263,KCNJ2,2026-04-19T20:11:17.731985
hgnc:6266,KCNJ5,2026-05-07T15:36:32.204943
hgnc:6278,KCNK3,2026-07-28T12:15:24.719785
hgnc:6284,KCNMA1,2026-08-01T08:27:17.734498
hgnc:6292,KCNN3,2026-05-09T14:34:54.843327
hgnc:6294,KCNQ1,2026-04-19T19:35:59.740526
hgnc:6295,KCNQ1OT1,2026-06-03T17:51:32.706122
hgnc:6296,KCNQ2,2026-05-07T13:12:21.485199
hgnc:6297,KCNQ3,2026-05-13T18:29:46.084602
hgnc:6298,KCNQ4,2026-07-20T16:53:48.480641
hgnc:6305,KDELR2,2026-06-30T19:11:56.245621
hgnc:6307,KDR,2026-04-19T17:42:17.750268
hgnc:6308,KEL,2026-08-05T21:33:33.636778
hgnc:6315,KHK,2026-08-08T19:52:11.577782
hgnc:6318,KIF2A,2026-06-09T20:31:36.265383
hgnc:6321,KIF3C,2026-06-15T21:50:30.872646
hgnc:6323,KIF5A,2026-04-19T18:52:57.387666
hgnc:6324,KIF5B,2026-08-20T05:04:27.474116
hgnc:6325,KIF5C,2026-06-09T20:31:36.271256
hgnc:6341,KISS1,2026-06-19T09:23:45.289809
hgnc:6342,KIT,2026-06-08T12:57:32.043157
hgnc:6345,KLF1,2026-04-19T17:47:27.536669
hgnc:6347,KLF2,2026-04-19T19:23:21.976098
hgnc:6348,KLF4,2026-05-09T15:28:17.941624
hgnc:6365,KLK4,2026-06-18T20:01:55.108178
hgnc:637,AQP4,2026-05-10T07:24:50.301571
hgnc:6371,KLKB1,2026-06-02T04:26:29.674982
hgnc:6383,KNG1,2026-05-09T03:16:35.232085
hgnc:6388,KIF11,2026-06-17T11:10:58.632465
hgnc:6392,KIF23,2026-06-05T15:11:54.179272
hgnc:6407,KRAS,2026-04-19T19:47:43.419961
hgnc:6408,MAFB,2026-06-25T22:55:25.666698
hgnc:6412,KRT1,2026-04-19T19:31:13.417691
hgnc:6416,KRT14,2026-04-19T19:15:42.433765
hgnc:6423,KRT16,2026-08-18T11:58:28.824720
hgnc:6427,KRT17,2026-08-18T11:58:28.843639
hgnc:644,AR,2026-05-05T17:58:49.747986
hgnc:6442,KRT5,2026-04-19T19:15:42.430648
hgnc:6443,KRT6A,2026-08-18T11:58:28.768877
hgnc:6444,KRT6B,2026-08-18T11:58:28.789370
hgnc:6446,KRT8,2026-05-09T09:04:24.526149
hgnc:6458,KRT81,2026-08-22T17:50:16.147404
hgnc:646,ARAF,2026-05-14T09:59:39.654318
hgnc:6460,KRT83,2026-08-22T17:50:16.162185
hgnc:6462,KRT85,2026-04-24T18:04:28.294972
hgnc:6463,KRT86,2026-08-22T17:50:16.130105
hgnc:6470,L1CAM,2026-06-16T00:13:38.642677
hgnc:6476,LAG3,2026-07-16T15:40:27.081709
hgnc:648,ARC,2026-06-30T06:50:26.355060
hgnc:6483,LAMA3,2026-04-19T19:15:42.439438
hgnc:6484,LAMA4,2026-06-08T07:21:54.034295
hgnc:6486,LAMB1,2026-07-31T18:42:12.451036
hgnc:6490,LAMB3,2026-04-19T19:15:42.436538
hgnc:6493,LAMC2,2026-04-19T19:15:42.442035
hgnc:6501,LAMP2,2026-04-19T19:11:10.307088
hgnc:6511,LARGE1,2026-04-19T19:13:49.180324
hgnc:6518,LBR,2026-08-27T01:02:22.776059
hgnc:6530,LCT,2026-07-06T20:20:50.430591
hgnc:6541,LDHB,2026-08-18T10:37:55.238051
hgnc:6545,COG1,2026-05-18T00:02:59.844035
hgnc:6547,LDLR,2026-04-19T19:27:26.940120
hgnc:6553,LEP,2026-05-09T08:28:35.603930
hgnc:6554,LEPR,2026-05-09T08:28:35.608361
hgnc:6556,LETM1,2026-04-30T20:28:32.392298
hgnc:6560,LFNG,2026-06-28T18:23:55.344876
hgnc:6572,LGI1,2026-08-05T01:02:08.945557
hgnc:6585,LHCGR,2026-07-06T22:54:44.102665
hgnc:659,ARF6,2026-08-06T20:18:45.800889
hgnc:6597,LIFR,2026-08-19T20:33:34.326873
hgnc:6598,LIG1,2026-08-20T04:54:20.875974
hgnc:6613,LIMK1,2026-08-07T19:18:26.025902
hgnc:6617,LIPA,2026-04-19T20:19:41.288966
hgnc:6621,LIPE,2026-06-05T15:43:51.844991
hgnc:663,ARG1,2026-05-04T14:46:57.138091
hgnc:6636,LMNA,2026-04-19T19:13:01.340170
hgnc:6637,LMNB1,2026-06-18T19:58:18.804013
hgnc:6648,LMOD2,2026-06-08T07:21:54.045620
hgnc:6649,LMOD3,2026-04-19T19:46:08.422670
hgnc:6663,LORICRIN,2026-04-19T19:31:49.625846
hgnc:6664,LOX,2026-05-30T18:03:34.690441
hgnc:6667,LPA,2026-08-10T14:35:28.859299
hgnc:667,RHOA,2026-04-19T19:52:52.122331
hgnc:6677,LPL,2026-04-19T19:27:26.949016
hgnc:6692,LRP1,2026-04-19T17:41:42.139923
hgnc:6694,LRP2,2026-04-19T19:13:08.275452
hgnc:6696,LRP4,2026-05-30T22:40:45.045999
hgnc:6697,LRP5,2026-05-08T23:53:10.041931
hgnc:6698,LRP6,2026-05-15T17:14:21.602782
hgnc:6700,LRP8,2026-06-09T22:04:08.438197
hgnc:6708,LSS,2026-08-17T11:36:31.736810
hgnc:6715,LTBP2,2026-08-01T00:35:35.563343
hgnc:6716,LTBP3,2026-04-19T17:48:43.237856
hgnc:6717,LTBP4,2026-04-27T01:40:16.292575
hgnc:6741,LZTFL1,2026-06-14T21:28:21.572506
hgnc:6742,LZTR1,2026-04-19T19:47:43.422937
hgnc:6758,MAB21L2,2026-06-15T23:06:00.830851
hgnc:6764,MAD2L2,2026-04-19T19:18:11.278642
hgnc:6768,SMAD2,2026-08-18T09:42:59.593918
hgnc:6769,SMAD3,2026-05-30T18:03:34.709067
hgnc:6770,SMAD4,2026-04-19T19:30:51.805099
hgnc:6772,SMAD6,2026-04-19T17:42:39.466291
hgnc:6774,SMAD9,2026-07-28T12:15:24.736184
hgnc:6776,MAF,2026-04-19T17:45:30.661167
hgnc:68,ABCD4,2026-06-17T12:31:49.747374
hgnc:6814,MAGEL2,2026-07-29T22:31:14.022088
hgnc:6819,MALT1,2026-06-08T10:34:10.925151
hgnc:6823,MAN1B1,2026-08-01T02:16:02.115794
hgnc:6826,MAN2B1,2026-06-18T20:00:53.022687
hgnc:6827,MAN2C1,2026-07-05T23:13:45.218979
hgnc:6831,MANBA,2026-05-04T15:58:56.270889
hgnc:6840,MAP2K1,2026-04-22T17:41:17.717609
hgnc:6842,MAP2K2,2026-07-05T23:36:32.622617
hgnc:6845,MAP2K5,2026-07-31T18:19:55.514747
hgnc:6848,MAP3K1,2026-05-10T23:26:38.345039
hgnc:6859,MAP3K7,2026-05-30T21:24:24.248995
hgnc:6883,MAPK8IP2,2026-07-26T01:37:26.416256
hgnc:6893,MAPT,2026-04-19T17:41:42.116535
hgnc:6898,MARS1,2026-08-17T13:32:43.896243
hgnc:6903,MAT1A,2026-05-10T14:06:06.096181
hgnc:6904,MAT2A,2026-05-30T18:03:34.754616
hgnc:6909,MATN3,2026-06-05T14:40:56.552571
hgnc:691,PHOX2A,2026-08-20T07:40:23.406826
hgnc:6913,MAX,2026-08-01T14:46:17.494504
hgnc:6925,MBP,2026-07-05T19:47:08.120206
hgnc:6929,MC1R,2026-08-20T05:04:32.415608
hgnc:6930,MC2R,2026-05-13T18:30:14.370028
hgnc:6932,MC4R,2026-05-09T08:28:35.621683
hgnc:6936,MCCC1,2026-05-05T05:29:00.793176
hgnc:6937,MCCC2,2026-05-05T05:29:00.796998
hgnc:6938,CHST6,2026-08-14T06:34:49.737056
hgnc:694,ARL3,2026-04-28T22:21:03.665520
hgnc:6945,MCM3,2026-08-27T00:56:07.970279
hgnc:6947,MCM4,2026-08-26T17:52:04.832414
hgnc:6948,MCM5,2026-08-27T00:56:07.876846
hgnc:6950,MCM7,2026-08-27T00:56:07.950424
hgnc:6953,CD46,2026-04-22T22:09:44.684438
hgnc:6954,MCPH1,2026-05-13T16:41:25.589282
hgnc:6973,MDM2,2026-05-08T21:50:26.852258
hgnc:6990,MECP2,2026-04-19T19:37:00.057121
hgnc:6993,MEF2A,2026-05-15T17:14:21.606263
hgnc:6996,MEF2C,2026-07-31T17:26:20.708617
hgnc:6997,MEF2D,2026-07-25T01:49:23.497895
hgnc:6998,MEFV,2026-08-08T19:34:55.140055
hgnc:7000,MEIS1,2026-08-24T17:56:33.535578
hgnc:7010,MEN1,2026-05-07T19:56:50.055818
hgnc:7013,MEOX1,2026-06-29T06:24:30.002972
hgnc:7027,MERTK,2026-07-20T13:20:11.062428
hgnc:7029,MET,2026-06-13T19:27:53.930905
hgnc:704,ARPC1B,2026-08-23T22:36:15.947955
hgnc:7045,MGAT2,2026-04-19T19:37:26.533363
hgnc:7059,MGMT,2026-08-20T04:51:21.494398
hgnc:7060,MGP,2026-08-27T01:06:24.727561
hgnc:7067,CIITA,2026-04-19T18:51:09.979312
hgnc:7095,MID1,2026-05-09T10:50:32.497259
hgnc:7098,CXCL9,2026-04-19T19:44:29.470521
hgnc:7105,MITF,2026-04-19T19:37:33.188883
hgnc:7106,ATXN3,2026-04-25T18:17:07.884481
hgnc:7108,MKKS,2026-04-19T17:46:25.770997
hgnc:7114,MKRN3,2026-06-19T09:23:45.267255
hgnc:7121,MKS1,2026-04-19T19:30:31.205717
hgnc:7127,MLH1,2026-05-05T23:27:09.713460
hgnc:7128,MLH3,2026-07-24T02:34:58.935070
hgnc:713,ARSA,2026-05-09T12:20:21.498236
hgnc:7132,KMT2A,2026-05-08T12:48:14.944830
hgnc:7133,KMT2D,2026-04-19T19:18:52.083570
hgnc:714,ARSB,2026-05-05T17:15:18.395911
hgnc:7146,TRPM1,2026-08-22T18:56:30.039108
hgnc:7154,MME,2026-04-26T00:00:00
hgnc:7155,MMP1,2026-08-20T04:51:19.956533
hgnc:7158,MMP12,2026-08-20T04:51:19.579347
hgnc:7167,MMP20,2026-06-18T20:01:55.099901
hgnc:7176,MMP9,2026-04-19T17:46:18.904243
hgnc:719,ARSL,2026-08-27T00:57:36.456855
hgnc:7190,MOCS1,2026-08-20T18:29:09.127136
hgnc:7207,MPDU1,2026-05-17T23:30:53.852084
hgnc:7208,MPDZ,2026-08-20T07:42:18.461500
hgnc:7216,MPI,2026-08-20T07:55:36.930107
hgnc:7217,MPL,2026-04-22T22:04:32.359265
hgnc:7218,MPO,2026-04-19T17:43:24.713551
hgnc:7225,MPZ,2026-05-13T12:27:56.133337
hgnc:7227,MRAS,2026-04-19T19:47:43.425697
hgnc:7230,MRE11,2026-04-24T14:45:04.815493
hgnc:7325,MSH2,2026-05-08T09:47:52.945816
hgnc:7326,MSH3,2026-04-19T19:26:56.519696
hgnc:7329,MSH6,2026-05-08T09:47:52.957068
hgnc:735,ASAH1,2026-05-05T05:34:54.824161
hgnc:7376,MSR1,2026-04-19T20:08:14.528560
hgnc:738,ASCL1,2026-08-20T05:52:32.228403
hgnc:7391,MSX1,2026-04-30T20:28:34.866931
hgnc:7393,MT1A,2026-08-23T22:37:47.663807
hgnc:74,ABCG2,2026-05-09T16:35:30Z
hgnc:7406,MT2A,2026-08-23T22:37:47.683084
hgnc:7414,MT-ATP6,2026-04-19T19:45:19.777322
hgnc:7415,MT-ATP8,2026-08-19T09:22:05.645936
hgnc:7427,MT-CYB,2026-08-01T17:54:15.426692
hgnc:7436,MTHFR,2026-05-10T14:06:06.063470
hgnc:7448,MTM1,2026-06-16T16:51:17.621855
hgnc:7450,MTMR2,2026-07-31T21:46:43.032679
hgnc:7455,MT-ND1,2026-08-01T19:02:39.488895
hgnc:7458,MT-ND3,2026-08-17T21:19:52.754932
hgnc:7459,MT-ND4,2026-08-01T19:02:39.456496
hgnc:746,ASL,2026-04-19T17:43:02.175410
hgnc:7461,MT-ND5,2026-05-30T19:45:32.298788
hgnc:7462,MT-ND6,2026-08-01T19:02:39.515222
hgnc:7464,MTNR1B,2026-08-06T23:56:22.750380
hgnc:7467,MTTP,2026-05-03T22:24:58.217015
hgnc:7468,MTR,2026-06-17T12:31:49.772687
hgnc:7470,MT-RNR1,2026-08-15T00:00:04.288256
hgnc:7473,MTRR,2026-06-17T12:31:49.779403
hgnc:7479,MT-TE,2026-06-24T19:10:40.661204
hgnc:7481,MT-TF,2026-08-05T11:19:21.389924
hgnc:7488,MT-TI,2026-07-02T06:31:17.906828
hgnc:7489,MT-TK,2026-08-05T11:19:20.152417
hgnc:7490,MT-TL1,2026-06-08T16:56:37.486682
hgnc:7508,MUC1,2026-08-04T00:46:11.268015
hgnc:7516,MUC5B,2026-04-19T17:47:54.278573
hgnc:752,GET3,2026-06-08T07:21:54.012732
hgnc:7525,MUSK,2026-06-15T23:59:19.857057
hgnc:7526,MMUT,2026-04-19T19:42:26.115856
hgnc:7527,MUTYH,2026-07-15T14:38:17.085167
hgnc:7529,MVD,2026-08-01T05:50:02.443575
hgnc:753,ASNS,2026-07-31T06:28:25.480117
hgnc:7530,MVK,2026-06-29T22:11:53.309661
hgnc:7545,MYB,2026-04-19T17:47:27.538450
hgnc:7547,MYBL1,2026-07-31T14:04:55.033242
hgnc:7551,MYBPC3,2026-06-08T07:21:54.067946
hgnc:7553,MYC,2026-04-19T17:42:17.748501
hgnc:7559,MYCN,2026-05-07T17:13:43.507181
hgnc:756,ASPA,2026-05-03T10:48:08.277592
hgnc:7562,MYD88,2026-04-19T20:19:01.846388
hgnc:7569,MYH11,2026-05-30T18:03:34.731190
hgnc:7573,MYH3,2026-05-13T16:46:21.848675
hgnc:7576,MYH6,2026-05-09T09:04:24.536298
hgnc:7577,MYH7,2026-04-19T19:13:01.342918
hgnc:7579,MYH9,2026-08-22T14:12:23.127400
hgnc:758,ASS1,2026-04-19T19:06:58.348572
hgnc:7583,MYL2,2026-06-08T07:21:54.079555
hgnc:7584,MYL3,2026-06-08T07:28:29.197971
hgnc:7585,MYL4,2026-07-21T01:29:52.557351
hgnc:7590,MYLK,2026-05-30T18:03:34.738583
hgnc:7596,MYO1B,2026-07-05T13:17:43.717609
hgnc:76,ABL1,2026-05-08T12:48:14.934460
hgnc:7602,MYO5A,2026-08-22T17:55:51.072275
hgnc:7603,MYO5B,2026-08-08T16:23:26.024329
hgnc:7605,MYO6,2026-04-19T19:37:59.220384
hgnc:7606,MYO7A,2026-06-22T10:22:07.485479
hgnc:7610,MYOC,2026-06-08T10:42:01.895001
hgnc:7622,MYT1,2026-07-31T17:50:17.881248
hgnc:7627,NAB2,2026-06-08T17:34:46.149688
hgnc:7631,NAGA,2026-06-20T03:28:53.051794
hgnc:7632,NAGLU,2026-04-19T20:09:08.133707
hgnc:7643,NARS1,2026-06-29T20:10:42.406214
hgnc:7652,NBN,2026-04-19T19:47:16.576335
hgnc:7656,NCAM1,2026-08-20T04:54:19.924425
hgnc:7659,NCBP2,2026-08-15T20:12:28.532395
hgnc:7660,NCF1,2026-07-01T09:01:39.395369
hgnc:7661,NCF2,2026-07-01T09:01:40.017298
hgnc:7662,NCF4,2026-07-01T09:01:40.067606
hgnc:7668,NCOA1,2026-05-09T08:28:35.630812
hgnc:7675,NDN,2026-08-20T01:16:30.401974
hgnc:7678,NDP,2026-06-17T11:10:58.625555
hgnc:7679,NDRG1,2026-07-31T21:46:43.081179
hgnc:7683,NDUFA1,2026-08-22T02:28:53.787378
hgnc:7687,NDUFA4,2026-06-24T00:15:56.946034
hgnc:7704,NDUFB9,2026-08-01T17:54:24.841225
hgnc:7708,NDUFS2,2026-08-27T03:48:28.910919
hgnc:7711,NDUFS4,2026-05-30T19:45:32.283995
hgnc:7715,NDUFS8,2026-08-25T19:46:11.939179
hgnc:7716,NDUFV1,2026-05-30T19:45:32.291425
hgnc:7720,NEB,2026-04-19T19:46:08.394558
hgnc:7728,NEDD4L,2026-06-09T21:27:45.821552
hgnc:7737,NEFH,2026-05-23T19:07:30.090443
hgnc:7739,NEFL,2026-04-19T19:04:10.164054
hgnc:775,SERPINC1,2026-08-10T04:10:06.598783
hgnc:7758,NEU1,2026-05-04T11:51:03.883383
hgnc:7763,NEUROD2,2026-08-20T12:30:47.482728
hgnc:7765,NF1,2026-04-19T19:38:32.507449
hgnc:777,ZFHX3,2026-07-21T02:19:40.970383
hgnc:7773,NF2,2026-04-19T19:38:25.965472
hgnc:7782,NFE2L2,2026-06-03T21:00:19.528000
hgnc:7785,NFIB,2026-07-31T13:45:28.291036
hgnc:7788,NFIX,2026-08-20T04:54:25.388995
hgnc:7794,NFKB1,2026-06-03T21:00:19.519148
hgnc:7797,NFKBIA,2026-04-19T19:07:12.089060
hgnc:7808,NGF,2026-06-20T02:37:22.982925
hgnc:7821,NID1,2026-08-01T03:07:38.585147
hgnc:7835,NKX2-2,2026-05-28T11:11:10.291572
hgnc:786,ATF4,2026-05-28T11:11:10.319715
hgnc:7863,NNT,2026-08-26T16:59:35.582593
hgnc:7866,NOG,2026-06-17T13:02:14.981767
hgnc:7873,NOS2,2026-08-20T04:54:26.016065
hgnc:7876,NOS3,2026-07-02T06:20:25.869266
hgnc:7877,CNOT1,2026-07-31T01:57:25.674118
hgnc:7879,CNOT3,2026-07-09T14:32:15.250835
hgnc:7881,NOTCH1,2026-04-19T19:16:28.633729
hgnc:7882,NOTCH2,2026-04-19T17:40:46.675195
hgnc:7883,NOTCH3,2026-04-19T17:49:32.798893
hgnc:7884,NOTCH4,2026-06-03T10:13:38.121953
hgnc:7887,NOVA2,2026-07-31T06:34:20.506693
hgnc:7890,NOX3,2026-07-20T16:53:48.461332
hgnc:7892,PNP,2026-08-19T23:26:50.790196
hgnc:7897,NPC1,2026-04-19T19:47:09.864127
hgnc:79,ABO,2026-08-20T04:54:25.544861
hgnc:7905,NPHP1,2026-04-19T19:46:15.590840
hgnc:7907,NPHP3,2026-04-19T19:39:31.803168
hgnc:7908,NPHS1,2026-04-19T19:42:39.573485
hgnc:791,ATF6,2026-04-22T23:10:38.274303
hgnc:7910,NPM1,2026-04-19T17:41:56.156504
hgnc:7939,NPPA,2026-06-25T00:31:45.563862
hgnc:7944,NPR2,2026-04-19T17:39:40.321475
hgnc:795,ATM,2026-04-19T17:43:47.211613
hgnc:7955,NPY,2026-08-20T00:16:55.655020
hgnc:7960,NR0B1,2026-07-31T06:27:42.397416
hgnc:7965,NR1H2,2026-08-01T06:32:53.260129
hgnc:7966,NR1H3,2026-08-01T06:32:53.254880
hgnc:7967,NR1H4,2026-08-02T03:07:40.790936
hgnc:7974,NR2E3,2026-07-31T06:30:50.930818
hgnc:7975,NR2F1,2026-06-04T10:10:21.567997
hgnc:7976,NR2F2,2026-07-31T17:01:23.525047
hgnc:7981,NR4A2,2026-05-05T23:18:56.750658
hgnc:7983,NR5A1,2026-04-19T17:37:32.820874
hgnc:7984,NR5A2,2026-08-20T04:54:20.290544
hgnc:7988,NRAP,2026-04-19T19:46:08.453758
hgnc:7989,NRAS,2026-04-19T19:40:05.544445
hgnc:799,ATP1A1,2026-08-01T07:49:33.060041
hgnc:7994,NRCAM,2026-08-18T15:26:37.747837
hgnc:7997,NRG1,2026-08-20T05:04:28.873453
hgnc:7999,NRG3,2026-08-09T00:57:21.043505
hgnc:800,ATP1A2,2026-08-02T03:48:41.637487
hgnc:8007,NRTN,2026-08-20T04:54:19.909314
hgnc:8008,NRXN1,2026-04-19T17:44:35.833008
hgnc:801,ATP1A3,2026-04-30T14:19:46.151086
hgnc:8011,CNTNAP1,2026-08-22T18:37:42.561372
hgnc:8021,NT5E,2026-05-04T22:01:55.436527
hgnc:8029,NTN1,2026-06-05T14:39:52.399422
hgnc:8031,NTRK1,2026-05-07T15:45:21.656638
hgnc:8032,NTRK2,2026-08-20T01:16:26.978883
hgnc:8033,NTRK3,2026-05-07T15:45:21.624123
hgnc:8060,NUMB,2026-08-20T05:04:31.030452
hgnc:8065,NUP50,2026-05-23T19:07:30.095728
hgnc:8066,NUP62,2026-07-05T21:05:20.493231
hgnc:8068,NUP98,2026-05-08T10:52:45.877721
hgnc:8082,NYX,2026-08-22T18:56:30.012610
hgnc:8091,OAT,2026-04-19T20:21:05.726932
hgnc:8101,OCA2,2026-04-25T17:00:34.132369
hgnc:8108,OCRL,2026-04-19T19:36:06.575896
hgnc:8109,ODC1,2026-08-01T07:38:02.060024
hgnc:811,ATP2A1,2026-08-16T10:45:35.871731
hgnc:812,ATP2A2,2026-08-22T17:38:13.374365
hgnc:8140,OPA1,2026-05-08T12:56:55.387882
hgnc:8142,OPA3,2026-07-30T23:22:04.423208
hgnc:8149,OPLAH,2026-05-03T04:11:16.832154
hgnc:8156,OPRM1,2026-08-09T14:59:48.108224
hgnc:8157,SIGMAR1,2026-06-17T12:58:37.032515
hgnc:816,ATP2B3,2026-08-01T07:49:33.077935
hgnc:819,ATP4A,2026-07-01T01:41:16.787630
hgnc:820,ATP4B,2026-07-01T01:41:16.801557
hgnc:8487,ORC1,2026-08-27T00:56:07.678337
hgnc:8490,ORC4,2026-08-27T00:56:07.705601
hgnc:8498,ORM1,2026-07-06T21:57:20.748195
hgnc:8512,OTC,2026-04-19T19:48:49.294682
hgnc:8515,OTOF,2026-05-08T12:45:50.229344
hgnc:8522,OTX2,2026-04-19T19:54:11.870320
hgnc:853,ATP6V1B1,2026-08-27T04:08:30.977601
hgnc:854,ATP6V1B2,2026-05-09T14:34:54.862144
hgnc:8547,P4HA2,2026-08-20T00:16:55.837323
hgnc:8548,P4HB,2026-07-11T15:00:00.000000
hgnc:8549,BLOC1S6,2026-06-16T16:54:27.793790
hgnc:8568,FURIN,2026-08-09T18:42:53.423747
hgnc:8574,PAFAH1B1,2026-06-03T23:31:36.848796
hgnc:8582,PAH,2026-04-19T19:53:38.549763
hgnc:8583,SERPINE1,2026-05-05T14:53:20.086128
hgnc:8591,PAK2,2026-08-15T20:12:28.514080
hgnc:8592,PAK3,2026-08-12T10:41:30.441520
hgnc:8604,PAPSS2,2026-04-19T17:48:43.235545
hgnc:8605,PARG,2026-05-26T14:46:30.198147
hgnc:8607,PRKN,2026-05-20T20:24:35.202290
hgnc:8609,PARN,2026-06-05T15:18:07.301227
hgnc:8616,PAX2,2026-06-08T11:55:32.704069
hgnc:8617,PAX3,2026-05-27T20:13:07.108973
hgnc:8619,PAX5,2026-07-20T14:41:46.343648
hgnc:8620,PAX6,2026-06-03T16:26:54.966310
hgnc:8621,PAX7,2026-08-04T21:53:05.559837
hgnc:8622,PAX8,2026-06-22T10:49:42.241559
hgnc:8623,PAX9,2026-06-22T11:20:01.401807
hgnc:8632,PBX1,2026-05-08T12:48:14.941482
hgnc:8636,PC,2026-06-06T16:05:56.623566
hgnc:8642,SLC45A3,2026-08-20T00:16:58.058077
hgnc:8646,PCBD1,2026-05-08T09:52:35.386546
hgnc:8653,PCCA,2026-05-08T23:51:04.939021
hgnc:8654,PCCB,2026-05-08T23:51:04.943541
hgnc:8661,PCDH9,2026-08-26T04:42:27.013802
hgnc:868,ATP6AP1,2026-08-20T00:16:56.311296
hgnc:869,ATP7A,2026-04-19T19:40:39.590169
hgnc:87,ACAD8,2026-05-07T16:47:33.579408
hgnc:870,ATP7B,2026-04-19T20:19:21.861502
hgnc:8729,PCNA,2026-04-24T14:45:04.828433
hgnc:8743,PCSK1,2026-05-09T08:28:35.617536
hgnc:8761,PDCD10,2026-05-04T16:31:14.648291
hgnc:8766,PDCD6IP,2026-07-23T13:21:49.275146
hgnc:8768,AIFM1,2026-05-08T12:22:40.923375
hgnc:877,ALDH7A1,2026-07-18T07:48:51.485440
hgnc:8773,PDE11A,2026-06-07T19:43:08.674052
hgnc:8780,PDE4A,2026-05-01T07:37:26.095829
hgnc:8783,PDE4D,2026-04-30T14:17:15.928784
hgnc:8785,PDE6A,2026-07-22T18:09:04.650755
hgnc:8787,PDE6C,2026-04-22T23:10:38.266204
hgnc:8788,PDE6D,2026-04-28T22:21:03.629763
hgnc:8790,PDE6H,2026-04-22T23:10:38.270138
hgnc:8794,PDE8B,2026-05-11T14:11:53.781401
hgnc:8800,PDGFB,2026-04-19T17:47:34.171263
hgnc:8803,PDGFRA,2026-07-06T22:54:44.180468
hgnc:8804,PDGFRB,2026-04-19T17:47:34.170133
hgnc:8806,PDHA1,2026-05-05T13:29:01.264811
hgnc:8808,PDHB,2026-05-05T13:29:01.268300
hgnc:8811,PDK3,2026-08-27T15:45:44.423454
hgnc:8818,SLC26A4,2026-07-31T06:30:12.809948
hgnc:882,ATR,2026-04-19T19:52:17.598084
hgnc:8820,PDYN,2026-04-25T18:34:31.535551
hgnc:8824,SERPINF1,2026-06-29T00:57:11.643668
hgnc:8846,PER2,2026-04-19T19:11:24.075488
hgnc:8847,PER3,2026-04-19T19:11:24.056271
hgnc:8850,PEX1,2026-05-09T08:08:31.888145
hgnc:8851,PEX10,2026-05-09T08:08:31.908914
hgnc:8853,PEX11B,2026-07-11T18:05:46.825396
hgnc:8854,PEX12,2026-05-09T08:08:31.912684
hgnc:8855,PEX13,2026-05-09T08:08:31.896385
hgnc:8856,PEX14,2026-07-11T18:05:46.838260
hgnc:8857,PEX16,2026-07-11T18:05:46.850608
hgnc:8858,PEX3,2026-07-11T18:05:46.874936
hgnc:8859,PEX6,2026-05-09T08:08:31.892447
hgnc:886,ATRX,2026-05-03T01:37:21.907992
hgnc:8860,PEX7,2026-05-06T20:34:42.666572
hgnc:8861,PF4,2026-08-16T02:52:56.212157
hgnc:8877,PFKM,2026-05-11T06:36:05.944182
hgnc:888,KIF1A,2026-08-22T18:43:44.828471
hgnc:8881,PFN1,2026-04-19T18:52:57.391736
hgnc:8893,PGF,2026-06-03T13:27:06.735878
hgnc:89,ACADM,2026-05-04T19:38:41.612308
hgnc:890,AUH,2026-07-08T10:28:08.131479
hgnc:8905,PGM1,2026-08-01T18:22:57.497627
hgnc:8907,PGM3,2026-06-03T20:59:18.514107
hgnc:8918,PHEX,2026-05-06T01:30:22.915972
hgnc:8923,PHGDH,2026-05-28T11:11:10.325709
hgnc:8925,PHKA1,2026-08-21T09:08:51.481604
hgnc:8926,PHKA2,2026-08-21T09:08:51.439109
hgnc:8927,PHKB,2026-08-21T09:08:51.453519
hgnc:8931,PHKG2,2026-08-21T09:08:51.467558
hgnc:8940,PHYH,2026-05-06T20:34:42.662423
hgnc:8941,SERPINA1,2026-04-25T17:00:49.559771
hgnc:8952,SERPINB8,2026-06-05T14:18:21.546328
hgnc:8957,PIGA,2026-08-13T20:23:14.458782
hgnc:8966,PIGL,2026-08-14T01:25:47.308305
hgnc:8967,PIGN,2026-08-14T04:18:27.353190
hgnc:8971,PIK3C2A,2026-06-19T20:13:20.959646
hgnc:8974,PIK3C3,2026-08-20T00:16:49.992586
hgnc:8975,PIK3CA,2026-04-19T17:42:17.752031
hgnc:8977,PIK3CD,2026-04-19T17:39:48.382448
hgnc:8979,PIK3R1,2026-04-19T17:39:48.392896
hgnc:8980,PIK3R2,2026-07-29T17:14:41.212689
hgnc:8999,PISD,2026-04-19T19:35:04.438534
hgnc:90,ACADS,2026-07-02T06:51:55.834208
hgnc:9005,PITX2,2026-07-31T00:45:59.266612
hgnc:9006,PITX3,2026-07-31T00:45:07.587697
hgnc:9008,PKD1,2026-05-08T09:32:46.464047
hgnc:9009,PKD2,2026-05-08T09:32:46.468359
hgnc:9016,PKHD1,2026-08-07T09:13:46.069412
hgnc:9020,PKLR,2026-07-31T06:34:57.885980
hgnc:9024,PKP2,2026-04-19T17:43:16.646823
hgnc:9025,PKP3,2026-06-03T20:59:18.499907
hgnc:903,AXIN1,2026-04-19T20:15:06.896318
hgnc:9031,PLA2G2A,2026-04-19T19:44:29.530016
hgnc:9039,PLA2G6,2026-05-06T10:21:16.217590
hgnc:904,AXIN2,2026-06-22T11:20:01.395225
hgnc:9042,PLA2R1,2026-04-19T19:40:19.214177
hgnc:9045,PLAG1,2026-05-07T09:27:37.913094
hgnc:9046,PLAGL1,2026-05-01T07:37:26.130400
hgnc:905,AXL,2026-06-11T13:39:55.800135
hgnc:9059,PLCB4,2026-06-18T20:07:08.328449
hgnc:9065,PLCG1,2026-04-19T20:10:52.505059
hgnc:9066,PLCG2,2026-06-16T10:23:54.455273
hgnc:9069,PLEC,2026-04-19T19:15:49.977588
hgnc:9071,PLG,2026-05-09T03:16:35.211816
hgnc:9076,PLIN1,2026-06-05T15:43:51.834062
hgnc:9080,PLN,2026-06-08T07:28:29.207535
hgnc:9081,PLOD1,2026-08-20T00:16:50.445858
hgnc:9086,PLP1,2026-04-19T19:52:24.455357
hgnc:91,ACADSB,2026-05-07T16:09:53.215317
hgnc:9113,PML,2026-07-16T15:19:07.879911
hgnc:9115,PMM2,2026-08-27T19:36:15.957869
hgnc:9118,PMP22,2026-04-21T13:49:32.773186
hgnc:9121,PMS1,2026-08-20T04:54:20.855212
hgnc:9122,PMS2,2026-05-08T09:47:52.965952
hgnc:914,B2M,2026-04-19T19:07:12.091152
hgnc:9141,PMVK,2026-08-01T05:50:05.844808
hgnc:9142,PRRX1,2026-07-31T00:10:54.879781
hgnc:9143,PHOX2B,2026-07-26T19:09:23.686941
hgnc:9153,PNKD,2026-08-01T08:27:14.172977
hgnc:9173,POLA1,2026-06-05T15:18:07.457602
hgnc:9177,POLE,2026-05-08T09:47:52.982624
hgnc:9179,POLG,2026-06-05T15:40:50.579639
hgnc:9180,POLG2,2026-08-01T14:48:42.853873
hgnc:9181,POLH,2026-07-31T06:36:34.523161
hgnc:9186,POLQ,2026-05-26T14:17:20.183078
hgnc:9187,POLR2A,2026-05-09T15:28:17.951342
hgnc:92,ACADVL,2026-04-19T20:18:22.962787
hgnc:9201,POMC,2026-05-09T08:28:35.612792
hgnc:9202,POMT1,2026-04-19T19:13:49.169212
hgnc:9204,PON1,2026-07-10T13:11:50.288844
hgnc:9208,POR,2026-06-17T11:48:42.678311
hgnc:9210,POU1F1,2026-05-10T15:16:39.455519
hgnc:9217,POU3F4,2026-05-08T12:44:12.623076
hgnc:9221,POU5F1,2026-08-18T10:38:12.397388
hgnc:923,B3GAT3,2026-08-01T17:44:14.164059
hgnc:9236,PPARG,2026-04-19T19:12:20.224308
hgnc:9237,PPARGC1A,2026-08-20T04:54:20.890657
hgnc:9251,CTSA,2026-06-20T07:29:22.750585
hgnc:9253,PPIA,2026-07-24T02:29:48.610947
hgnc:9255,PPIB,2026-06-30T06:40:31.280842
hgnc:9277,PPM1D,2026-08-20T00:16:57.274257
hgnc:9279,PDP1,2026-05-05T13:29:01.282322
hgnc:9280,PPOX,2026-05-10T12:17:42.330623
hgnc:9282,PPP1CB,2026-07-12T09:42:31.133482
hgnc:9299,PPP2CA,2026-04-19T19:26:21.808462
hgnc:93,ACAT1,2026-05-05T21:38:59.819462
hgnc:930,B4GALT7,2026-04-19T20:13:01.984208
hgnc:9302,PPP2R1A,2026-04-19T19:26:21.806145
hgnc:9311,PPP2R5C,2026-04-19T19:26:21.810708
hgnc:9312,PPP2R5D,2026-04-19T19:26:21.803018
hgnc:9314,PPP3CA,2026-04-19T17:50:07.285705
hgnc:932,BAAT,2026-06-19T08:29:04.505762
hgnc:9325,PPT1,2026-06-13T16:07:23.482202
hgnc:9330,PQBP1,2026-07-31T06:35:00.161470
hgnc:9346,PRDM1,2026-06-08T12:37:27.660978
hgnc:9349,PRDM5,2026-08-23T15:21:01.127693
hgnc:9350,PRDM6,2026-05-04T22:01:55.431983
hgnc:936,BAD,2026-04-19T17:39:55.690488
hgnc:9360,PRF1,2026-04-26T20:14:08.125334
hgnc:9364,PRG4,2026-04-19T19:02:29.991524
hgnc:9380,PRKACA,2026-06-07T19:43:08.680759
hgnc:9386,PRKAG2,2026-08-01T13:28:48.760118
hgnc:9388,PRKAR1A,2026-04-30T14:17:15.924086
hgnc:939,BAG3,2026-06-08T07:21:53.918017
hgnc:9398,OLIG2,2026-08-20T04:51:21.766872
hgnc:9399,PRKCD,2026-06-03T22:38:42.484292
hgnc:9402,PRKCG,2026-04-25T18:24:24.018748
hgnc:9407,PRKD1,2026-08-05T22:40:46.891058
hgnc:9408,PRKD3,2026-08-05T22:40:46.922377
hgnc:941,BAG5,2026-06-08T07:21:53.928207
hgnc:9411,PRKCSH,2026-05-08T23:53:10.019652
hgnc:9413,PRKDC,2026-04-19T19:52:17.601961
hgnc:9414,PRKG1,2026-05-30T18:03:34.747337
hgnc:9439,DNAJC3,2026-08-20T07:28:54.272064
hgnc:9449,PRNP,2026-07-28T10:25:50.324138
hgnc:9451,PROC,2026-08-10T04:10:06.560372
hgnc:9453,PRODH,2026-05-29T16:56:51.187847
hgnc:9454,PROM1,2026-04-19T20:13:35.711498
hgnc:9455,PROP1,2026-05-10T15:16:39.462460
hgnc:9456,PROS1,2026-08-10T04:10:06.579757
hgnc:9461,PRPH,2026-05-23T19:07:30.101580
hgnc:9462,PRPS1,2026-04-19T19:51:07.203355
hgnc:947,BAIAP2,2026-06-30T06:50:26.367560
hgnc:9475,PRSS1,2026-08-20T04:51:19.690358
hgnc:9476,HTRA1,2026-07-20T17:57:15.853035
hgnc:9477,PRSS12,2026-08-01T02:15:52.261569
hgnc:9479,LONP1,2026-05-05T14:08:07.151433
hgnc:9495,PRTN3,2026-08-12T11:06:09.598652
hgnc:9498,PSAP,2026-06-20T02:36:33.657801
hgnc:95,SLC33A1,2026-04-19T19:27:12.950264
hgnc:950,BAP1,2026-04-19T19:38:25.959663
hgnc:9508,PSEN1,2026-04-19T17:41:42.109878
hgnc:9509,PSEN2,2026-04-19T17:41:42.111139
hgnc:9536,PSMA7,2026-08-18T15:05:54.413147
hgnc:9537,PSMB1,2026-08-18T15:06:26.465650
hgnc:9545,PSMB8,2026-04-19T20:05:42.595572
hgnc:9557,PSMD12,2026-04-19T20:13:28.945599
hgnc:957,BASP1,2026-07-06T21:57:20.739741
hgnc:9580,PSTPIP1,2026-08-20T15:35:17.901792
hgnc:9583,PTBP1,2026-07-23T18:43:16.755459
hgnc:9585,PTCH1,2026-04-19T19:51:20.697894
hgnc:9586,PTCH2,2026-05-08T14:03:40.797496
hgnc:9587,PTDSS1,2026-04-19T19:34:20.900821
hgnc:9588,PTEN,2026-04-19T19:05:21.338441
hgnc:9595,PTGER3,2026-06-23T12:36:58.720597
hgnc:9644,PTPN11,2026-04-19T19:47:43.407400
hgnc:9652,PTPN22,2026-04-19T17:39:55.688616
hgnc:966,BBS1,2026-04-19T17:46:25.763757
hgnc:967,BBS2,2026-04-19T17:46:25.767510
hgnc:9688,CAVIN1,2026-05-04T05:03:21.568855
hgnc:9689,PTS,2026-05-08T09:52:35.351868
hgnc:969,BBS4,2026-06-14T21:28:21.506433
hgnc:970,BBS5,2026-06-14T21:28:21.517978
hgnc:9705,PVR,2026-07-28T12:18:03.070609
hgnc:9706,NECTIN1,2026-04-24T18:03:59.669583
hgnc:9713,PEX19,2026-07-11T18:05:46.862674
hgnc:9717,PEX2,2026-05-09T08:08:31.905061
hgnc:9719,PEX5,2026-05-09T08:08:31.916456
hgnc:9721,PYCR1,2026-08-19T09:38:37.090640
hgnc:9722,ALDH18A1,2026-04-19T17:37:57.339979
hgnc:9725,PYGL,2026-08-23T15:32:10.536046
hgnc:9726,PYGM,2026-08-07T15:50:47.583328
hgnc:9752,QDPR,2026-05-08T09:52:35.365043
hgnc:9766,RAB27A,2026-06-08T18:54:02.624992
hgnc:9785,RAB5C,2026-07-05T23:29:59.532134
hgnc:9788,RAB7A,2026-04-19T19:04:10.173882
hgnc:9801,RAC1,2026-07-17T20:10:54.392259
hgnc:9802,RAC2,2026-08-23T15:42:16.413600
hgnc:9811,RAD21,2026-05-03T19:23:06.537003
hgnc:9816,RAD50,2026-07-31T05:44:36.656788
hgnc:9817,RAD51,2026-04-19T19:18:11.243685
hgnc:9820,RAD51C,2026-04-19T19:18:11.226495
hgnc:9829,RAF1,2026-04-19T19:47:43.413706
hgnc:9831,RAG1,2026-06-22T12:25:15.811948
hgnc:9832,RAG2,2026-06-22T12:25:15.818301
hgnc:9834,RAI1,2026-06-03T15:07:21.915108
hgnc:9847,RANBP1,2026-05-29T16:56:51.176998
hgnc:9855,RAP1A,2026-06-09T22:04:08.485112
hgnc:9857,RAP1B,2026-06-09T22:04:08.490704
hgnc:986,BCKDHA,2026-05-09T02:25:05.784573
hgnc:9863,RAPSN,2026-06-15T23:59:19.839071
hgnc:9864,RARA,2026-07-16T15:19:07.889358
hgnc:9865,RARB,2026-08-08T12:06:26.507198
hgnc:987,BCKDHB,2026-05-09T02:25:05.789177
hgnc:9871,RASA1,2026-05-04T17:45:27.469365
hgnc:9872,RASA2,2026-04-22T17:41:17.754668
hgnc:9879,RASGRP2,2026-08-24T16:28:18.064478
hgnc:9884,RB1,2026-04-19T17:48:01.032312
hgnc:9886,KDM5A,2026-05-08T10:52:45.880895
hgnc:989,BCL10,2026-06-08T12:19:00.133803
hgnc:9896,RBM10,2026-08-20T05:04:31.013406
hgnc:990,BCL2,2026-04-19T19:18:52.079506
hgnc:9906,RBFOX2,2026-08-10T05:02:34.280017
hgnc:9910,RBMX,2026-08-01T16:48:54.688480
hgnc:992,BCL2L1,2026-04-19T17:41:56.163334
hgnc:9936,OPN1LW,2026-08-15T19:52:06.639721
hgnc:9940,RDH5,2026-07-21T22:15:54.416406
hgnc:9942,PRPH2,2026-04-19T19:51:00.425826
hgnc:9949,RECQL4,2026-06-17T21:46:54.778521
hgnc:9954,REL,2026-07-02T06:19:57.969750
hgnc:9957,RELN,2026-06-03T23:31:36.874210
hgnc:9964,DPF2,2026-04-19T19:08:13.842119
hgnc:9965,RERE,2026-04-19T19:33:53.655267
hgnc:9966,REST,2026-06-15T21:33:06.834844
hgnc:9967,RET,2026-05-07T20:12:33.555824
hgnc:9969,RFC1,2026-07-30T20:36:16.373860
hgnc:9986,RFX5,2026-05-05T18:10:35.605462
hgnc:9987,RFXANK,2026-05-05T18:10:35.540929
hgnc:9988,RFXAP,2026-05-05T18:10:35.661106
hgnc:9996,RGS14,2026-05-09T17:40:32.000000
