slug	name	parent_term	n_subtypes	n_pfacts	agrees	silent	reversed	same_term	status	n_retracted
2-Methylbutyryl-CoA_Dehydrogenase_Deficiency	2-Methylbutyryl-CoA Dehydrogenase Deficiency	MONDO:0012392	0	8	0	0	0	0	NOT_RUN	NA
3-Hydroxy-3-Methylglutaric_Aciduria	3-Hydroxy-3-Methylglutaric Aciduria	MONDO:0009520	0	10	0	0	0	0	NOT_RUN	NA
3-Hydroxy-3-Methylglutaryl-CoA_Synthase_Deficiency	3-Hydroxy-3-Methylglutaryl-CoA Synthase Deficiency	MONDO:0011614	0	8	0	0	0	0	NOT_RUN	NA
3-Hydroxyisobutyryl-CoA_Hydrolase_Deficiency	3-hydroxyisobutyryl-CoA hydrolase deficiency	MONDO:0009603	0	8	0	0	0	0	NOT_RUN	NA
3-M_Syndrome	3-M Syndrome	MONDO:0007477	3	20	3	0	0	0	STALE_INPUT	NA
3-Methylcrotonyl-CoA_Carboxylase_Deficiency	3-Methylcrotonyl-CoA Carboxylase Deficiency	MONDO:0018950	0	7	0	0	0	0	NOT_RUN	NA
3-Methylglutaconic_Aciduria_Type_I	3-Methylglutaconic Aciduria Type I	MONDO:0009610	0	10	0	0	0	0	NOT_RUN	NA
3-Phosphoglycerate_Dehydrogenase_Deficiency	3-Phosphoglycerate Dehydrogenase Deficiency	MONDO:0011152	1	15	0	1	0	0	STALE_INPUT	NA
3-methylglutaconic_Aciduria_With_Deafness_Encephalopathy_And_Leigh-like_Syndrome	3-methylglutaconic_Aciduria_With_Deafness_Encephalopathy_And_Leigh-like_Syndrome	MONDO:0013875	0	7	0	0	0	0	NOT_RUN	NA
3MC_Syndrome	3MC Syndrome	MONDO:0017398	3	24	3	0	0	0	STALE_INPUT	NA
46_XX_Gonadal_Dysgenesis	46,XX Gonadal Dysgenesis	MONDO:0009299	11	67	10	1	0	0	STALE_INPUT	NA
46_XX_Testicular_DSD	46,XX testicular disorder of sex development	MONDO:0100249	4	30	4	0	0	0	STALE_INPUT	NA
46_XY_DSD_Due_to_17_Beta_Hydroxysteroid_Dehydrogenase_3_Deficiency	46,XY disorder of sex development due to 17-beta-hydroxysteroid dehydrogenase 3 deficiency	MONDO:0009916	0	11	0	0	0	0	NOT_RUN	NA
46_XY_DSD_Due_to_5_Alpha_Reductase_2_Deficiency	46,XY disorder of sex development due to 5-alpha-reductase 2 deficiency	MONDO:0009923	0	9	0	0	0	0	NOT_RUN	NA
46_XY_Partial_Gonadal_Dysgenesis	46,XY partial gonadal dysgenesis	MONDO:0016674	0	5	0	0	0	0	NOT_RUN	NA
46_XY_Sex_Reversal_5	46,XY Sex Reversal 5	MONDO:0013120	0	6	0	0	0	0	NOT_RUN	NA
46_XY_complete_gonadal_dysgenesis	46,XY complete gonadal dysgenesis	MONDO:0010765	0	8	0	0	0	0	NOT_RUN	NA
5-Oxoprolinase_Deficiency	5-Oxoprolinase Deficiency	MONDO:0009825	0	7	0	0	0	0	NOT_RUN	NA
ABCC9-Related_Intellectual_Disability_and_Myopathy_Syndrome	ABCC9-Related Intellectual Disability and Myopathy Syndrome	MONDO:0859224	0	5	0	0	0	0	NOT_RUN	NA
ACAD9_Deficiency	ACAD9 Deficiency	MONDO:0012624	0	8	0	0	0	0	NOT_RUN	NA
ACTH-independent_Macronodular_Adrenal_Hyperplasia_3	ACTH-Independent Macronodular Adrenal Hyperplasia 3	MONDO:0700299	0	4	0	0	0	0	NOT_RUN	NA
ACys_Amyloidosis	ACys Amyloidosis	MONDO:0007098	0	7	0	0	0	0	NOT_RUN	NA
ADCA-DN	Autosomal Dominant Cerebellar Ataxia Deafness and Narcolepsy	MONDO:0011397	0	7	0	0	0	0	NOT_RUN	NA
ADGRG1_Bilateral_Frontoparietal_Polymicrogyria	ADGRG1-related Bilateral Frontoparietal Polymicrogyria	MONDO:0011738	0	10	0	0	0	0	NOT_RUN	NA
ADNP-Related_Syndrome	ADNP-Related Syndrome	MONDO:0014379	0	7	0	0	0	0	NOT_RUN	NA
ADPRS-Related_Stress-Induced_Neurodegeneration	ADPRS-Related Stress-Induced Neurodegeneration	MONDO:0100095	0	6	0	0	0	0	NOT_RUN	NA
ADan_amyloidosis	ADan amyloidosis	MONDO:0007297	0	9	0	0	0	0	NOT_RUN	NA
AFG2A-Related_Encephalopathy	AFG2A-Related Encephalopathy	MONDO:0014698	0	6	0	0	0	0	NOT_RUN	NA
AGAT_Deficiency	AGAT Deficiency	MONDO:0012996	0	8	0	0	0	0	NOT_RUN	NA
AHCY_Deficiency	S-Adenosylhomocysteine Hydrolase Deficiency	MONDO:0013404	0	7	0	0	0	0	NOT_RUN	NA
AIP-related_pituitary_adenoma_predisposition	AIP-related pituitary adenoma predisposition	MONDO:1060231	0	3	0	0	0	0	NOT_RUN	NA
AIPL1-Related_Retinopathy	AIPL1-Related Retinopathy	MONDO:0100438	0	3	0	0	0	0	NOT_RUN	NA
ALDH18A1_Cutis_Laxa	ALDH18A1-Related Autosomal Dominant Cutis Laxa Type 3	MONDO:0014706	0	5	0	0	0	0	NOT_RUN	NA
ALDH18A1_De_Barsy_Spectrum	ALDH18A1-Related Spastic Paraplegia and Neurocutaneous Spectrum	MONDO:0100126	3	25	3	0	0	0	STALE_INPUT	NA
ALG1-Congenital_Disorder_of_Glycosylation	ALG1-congenital disorder of glycosylation	MONDO:0012052	0	8	0	0	0	0	NOT_RUN	NA
ALG11-Congenital_Disorder_of_Glycosylation	ALG11-congenital disorder of glycosylation	MONDO:0013349	0	7	0	0	0	0	NOT_RUN	NA
ALG12_Congenital_Disorder_of_Glycosylation	ALG12-congenital disorder of glycosylation	MONDO:0011783	0	9	0	0	0	0	NOT_RUN	NA
ALG3-Congenital_Disorder_of_Glycosylation	ALG3-congenital disorder of glycosylation	MONDO:0010998	0	9	0	0	0	0	NOT_RUN	NA
ALG6-Congenital_Disorder_of_Glycosylation	ALG6-congenital disorder of glycosylation	MONDO:0011291	0	9	0	0	0	0	NOT_RUN	NA
ALG9-congenital_disorder_of_glycosylation	ALG9-congenital disorder of glycosylation	MONDO:0012117	0	8	0	0	0	0	NOT_RUN	NA
ARPC1B_Deficiency	ARPC1B Deficiency	MONDO:0060583	0	5	0	0	0	0	NOT_RUN	NA
ARX-Related_Lissencephaly_and_Interneuronopathy	X-Linked Lissencephaly With Abnormal Genitalia (ARX-Related)	MONDO:0010268	0	8	0	0	0	0	NOT_RUN	NA
AR_Cerebellar_Ataxia-Saccadic_Intrusion_Syndrome	Autosomal Recessive Cerebellar Ataxia-Saccadic Intrusion Syndrome	MONDO:0011811	0	8	0	0	0	0	NOT_RUN	NA
ATRX_Syndrome	ATR-X-Related Syndrome	MONDO:0016980	2	18	2	0	0	0	STALE_INPUT	NA
ATTR_Amyloidosis	Hereditary Transthyretin Amyloidosis	MONDO:0007100	0	9	0	0	0	0	NOT_RUN	NA
Abetalipoproteinemia	Abetalipoproteinemia	MONDO:0008692	0	10	0	0	0	0	NOT_RUN	NA
Acatalasia	Acatalasia	MONDO:0013571	0	9	0	0	0	0	NOT_RUN	NA
Achondrogenesis_Type_II	Achondrogenesis Type II	MONDO:0008702	0	8	0	0	0	0	NOT_RUN	NA
Achondroplasia	Achondroplasia	MONDO:0007037	0	11	0	0	0	0	NOT_RUN	NA
Achromatopsia	Achromatopsia	MONDO:0018852	0	8	0	0	0	0	NOT_RUN	NA
Acrocallosal_Syndrome	Acrocallosal Syndrome	MONDO:0008708	0	10	0	0	0	0	NOT_RUN	NA
Acrodysostosis	Acrodysostosis	MONDO:0019797	2	17	2	0	0	0	STALE_INPUT	NA
Acrofacial_Dysostosis_Cincinnati_Type	Acrofacial Dysostosis Cincinnati Type	MONDO:0014651	0	5	0	0	0	0	NOT_RUN	NA
Acromesomelic_Dysplasia_Demirhan_Type	Acromesomelic Dysplasia Demirhan Type	MONDO:0012274	0	6	0	0	0	0	NOT_RUN	NA
Acromesomelic_Dysplasia_Grebe_Type	Acromesomelic Dysplasia Grebe Type	MONDO:0008703	1	15	0	1	0	0	STALE_INPUT	NA
Acromesomelic_Dysplasia_Maroteaux_Type	Acromesomelic Dysplasia Maroteaux Type	MONDO:0011275	0	8	0	0	0	0	NOT_RUN	NA
Acromesomelic_Dysplasia_PRKG2_Type	Acromesomelic Dysplasia PRKG2 Type	MONDO:0030553	0	5	0	0	0	0	NOT_RUN	NA
Activated_PI3K-delta_Syndrome	Activated PI3K-delta syndrome	MONDO:0018338	2	18	2	0	0	0	STALE_INPUT	NA
Acute_Intermittent_Porphyria	Acute Intermittent Porphyria	MONDO:0008294	0	10	0	0	0	0	NOT_RUN	NA
Acute_Lichenoid_Pityriasis	Acute Lichenoid Pityriasis	MONDO:0024250	1	8	1	0	0	0	ALL_MAPPINGS_CONSISTENT	0
Acute_Lymphoblastic_Leukemia	Acute Lymphoblastic Leukemia	MONDO:0004967	5	36	0	5	0	0	ALL_MAPPINGS_CONSISTENT	0
Acute_Megakaryoblastic_Leukemia	Acute Megakaryoblastic Leukemia	MONDO:0018872	4	25	3	1	0	0	ALL_MAPPINGS_CONSISTENT	0
Acute_Respiratory_Distress_Syndrome	Acute Respiratory Distress Syndrome	MONDO:0006502	2	17	2	0	0	0	ALL_MAPPINGS_CONSISTENT	0
Adams-Oliver_Syndrome	Adams-Oliver Syndrome	MONDO:0007034	6	32	6	0	0	0	ALL_MAPPINGS_CONSISTENT	0
Adenine_Phosphoribosyltransferase_Deficiency	Adenine Phosphoribosyltransferase Deficiency	MONDO:0013869	0	10	0	0	0	0	NOT_RUN	NA
Adenosine_Kinase_Deficiency	Adenosine Kinase Deficiency	MONDO:0100255	0	8	0	0	0	0	NOT_RUN	NA
Adenylosuccinate_Lyase_Deficiency	Adenylosuccinate Lyase Deficiency	MONDO:0007068	0	9	0	0	0	0	NOT_RUN	NA
Adult-Onset_Ataxia_and_Polyneuropathy	Adult-Onset Ataxia and Polyneuropathy	MONDO:0010781	0	6	0	0	0	0	NOT_RUN	NA
Adult-Onset_Autosomal_Dominant_Demyelinating_Leukodystrophy	Adult-Onset Autosomal Dominant Demyelinating Leukodystrophy	MONDO:0008215	1	12	1	0	0	0	RETRACTED	1
Adult-Onset_Proximal_Spinal_Muscular_Atrophy_Autosomal_Dominant	Adult-Onset Proximal Spinal Muscular Atrophy, Autosomal Dominant	MONDO:0008453	0	7	0	0	0	0	NOT_RUN	NA
Adult_Neuronal_Ceroid_Lipofuscinosis	Adult Neuronal Ceroid Lipofuscinosis	MONDO:0019260	0	4	0	0	0	0	NOT_RUN	NA
Adult_Onset_Foveomacular_Vitelliform_Dystrophy	Adult-Onset Foveomacular Vitelliform Dystrophy	MONDO:0011979	3	17	3	0	0	0	ALL_MAPPINGS_CONSISTENT	0
Adult_Polyglucosan_Body_Disease	Adult Polyglucosan Body Disease	MONDO:0009897	0	7	0	0	0	0	NOT_RUN	NA
Adult_Refsum_Disease	Adult Refsum Disease	MONDO:0009958	2	14	0	1	1	0	ALL_MAPPINGS_CONSISTENT	0
Advanced_Sleep_Phase_Syndrome	Advanced Sleep Phase Syndrome	MONDO:0015609	0	6	0	0	0	0	NOT_RUN	NA
Agenesis_of_the_Corpus_Callosum_with_Peripheral_Neuropathy	Agenesis of the Corpus Callosum with Peripheral Neuropathy	MONDO:0000902	0	9	0	0	0	0	NOT_RUN	NA
Agnathia-Otocephaly_Complex	Agnathia-Otocephaly Complex	MONDO:0008740	0	8	0	0	0	0	NOT_RUN	NA
Aicardi_Goutieres_Syndrome	Aicardi-Goutieres Syndrome	MONDO:0018866	9	50	9	0	0	0	STALE_INPUT	NA
Aicardi_Syndrome	Aicardi Syndrome	MONDO:0010568	0	10	0	0	0	0	NOT_RUN	NA
Alagille_syndrome	Alagille syndrome	MONDO:0007318	3	26	3	0	0	0	STALE_INPUT	NA
Aland_Island_Eye_Disease	Aland Islands Eye Disease	MONDO:0010371	0	8	0	0	0	0	NOT_RUN	NA
Alexander_Disease	Alexander Disease	MONDO:0008752	0	10	0	0	0	0	NOT_RUN	NA
Alkaptonuria	Alkaptonuria	MONDO:0008753	0	10	0	0	0	0	NOT_RUN	NA
Allan-Herndon-Dudley_Syndrome	Allan-Herndon-Dudley Syndrome	MONDO:0010354	0	10	0	0	0	0	NOT_RUN	NA
Alopecia-Intellectual_Disability_Syndrome_1	Alopecia-Intellectual Disability Syndrome 1	MONDO:0021035	0	5	0	0	0	0	NOT_RUN	NA
Alopecia-Intellectual_Disability_Syndrome_4	Alopecia-Intellectual Disability Syndrome 4	MONDO:0030009	0	5	0	0	0	0	NOT_RUN	NA
Alpha_1_Antitrypsin_Deficiency	Alpha-1 Antitrypsin Deficiency	MONDO:0013282	0	11	0	0	0	0	NOT_RUN	NA
Alpha_Mannosidosis	Alpha-mannosidosis	MONDO:0009561	2	20	2	0	0	0	STALE_INPUT	NA
Alpha_Thalassemia	Alpha Thalassemia	MONDO:0011399	0	11	0	0	0	0	NOT_RUN	NA
Alsahan-Harris_Syndrome	Alsahan-Harris Syndrome	MONDO:0979871	0	4	0	0	0	0	NOT_RUN	NA
Alternating_Hemiplegia_of_Childhood	Alternating Hemiplegia of Childhood	MONDO:0016241	0	9	0	0	0	0	NOT_RUN	NA
Alveolar_Capillary_Dysplasia_with_Misalignment_of_Pulmonary_Veins	Alveolar capillary dysplasia with misalignment of pulmonary veins	MONDO:0009934	0	9	0	0	0	0	NOT_RUN	NA
Amelogenesis_Imperfecta	Amelogenesis Imperfecta	MONDO:0019507	0	8	0	0	0	0	NOT_RUN	NA
Aminoacylase_1_Deficiency	Aminoacylase 1 Deficiency	MONDO:0012368	0	7	0	0	0	0	NOT_RUN	NA
Aminoglycoside-Induced_Hearing_Loss	Aminoglycoside-Induced Hearing Loss	MONDO:0010799	0	6	0	0	0	0	NOT_RUN	NA
Amyloidosis	Amyloidosis	MONDO:0019065	3	32	3	0	0	0	RETRACTED	1
Amyotrophic_Lateral_Sclerosis_27_Juvenile	Amyotrophic Lateral Sclerosis 27, Juvenile	MONDO:0859529	0	5	0	0	0	0	NOT_RUN	NA
Anaplastic_Large_Cell_Lymphoma	Anaplastic Large Cell Lymphoma	MONDO:0020325	3	26	3	0	0	0	ALL_MAPPINGS_CONSISTENT	0
Anauxetic_Dysplasia	Anauxetic dysplasia	MONDO:0011773	3	23	3	0	0	0	STALE_INPUT	NA
Androgen_Insensitivity_Syndrome	Androgen Insensitivity Syndrome	MONDO:0019154	2	28	2	0	0	0	STALE_INPUT	NA
Aneurysm-Osteoarthritis_Syndrome	Aneurysm-Osteoarthritis Syndrome	MONDO:0013426	0	7	0	0	0	0	NOT_RUN	NA
Angelman_Syndrome	Angelman Syndrome	MONDO:0007113	0	12	0	0	0	0	NOT_RUN	NA
Aniridia	Aniridia	MONDO:0019172	2	23	1	1	0	0	STALE_INPUT	NA
Antiphospholipid_Syndrome	Antiphospholipid Syndrome	MONDO:8000010	3	21	3	0	0	0	ALL_MAPPINGS_CONSISTENT	0
Antley-Bixler_Syndrome_FGFR2-Related	Antley-Bixler Syndrome, FGFR2-Related	MONDO:0020667	0	7	0	0	0	0	NOT_RUN	NA
Aortic_Valve_Disease_2	Aortic Valve Disease 2	MONDO:0013902	0	5	0	0	0	0	NOT_RUN	NA
Apert_Syndrome	Apert Syndrome	MONDO:0007041	0	9	0	0	0	0	NOT_RUN	NA
Apparent_Mineralocorticoid_Excess	apparent mineralocorticoid excess	MONDO:0009025	0	12	0	0	0	0	NOT_RUN	NA
Appendiceal_Neoplasm	Appendiceal Neoplasm	MONDO:0001236	3	23	3	0	0	0	ALL_MAPPINGS_CONSISTENT	0
Arboleda-Tham_Syndrome	Arboleda-Tham Syndrome	MONDO:0014558	0	7	0	0	0	0	NOT_RUN	NA
Arginase_Deficiency	Arginase Deficiency	MONDO:0008814	0	11	0	0	0	0	NOT_RUN	NA
Argininosuccinic_Aciduria	Argininosuccinic Aciduria	MONDO:0008815	0	10	0	0	0	0	NOT_RUN	NA
Aromatase_Deficiency	Aromatase Deficiency	MONDO:0013301	0	9	0	0	0	0	NOT_RUN	NA
Aromatase_Excess_Syndrome	Aromatase Excess Syndrome	MONDO:0007690	0	9	0	0	0	0	NOT_RUN	NA
Arrhythmogenic_Right_Ventricular_Cardiomyopathy	arrhythmogenic right ventricular cardiomyopathy	MONDO:0016587	0	8	0	0	0	0	NOT_RUN	NA
Arterial_Calcification_of_Infancy	Arterial Calcification of Infancy	MONDO:0018870	2	17	2	0	0	0	STALE_INPUT	NA
Arterial_Dissection_Lentiginosis_Syndrome	Arterial Dissection-Lentiginosis Syndrome	MONDO:0010889	0	7	0	0	0	0	NOT_RUN	NA
Arterial_Tortuosity_Syndrome	Arterial Tortuosity Syndrome	MONDO:0008818	0	10	0	0	0	0	NOT_RUN	NA
Arthrogryposis-Renal_Dysfunction-Cholestasis_Syndrome	Arthrogryposis-Renal Dysfunction-Cholestasis Syndrome	MONDO:0017123	2	17	2	0	0	0	STALE_INPUT	NA
Arthrogryposis_Multiplex_Congenita	Arthrogryposis Multiplex Congenita	MONDO:0015168	2	17	0	2	0	0	ALL_MAPPINGS_CONSISTENT	0
Arts_syndrome	Arts syndrome	MONDO:0010533	0	8	0	0	0	0	NOT_RUN	NA
Asparagine_Synthetase_Deficiency	Asparagine synthetase deficiency	MONDO:0014258	0	6	0	0	0	0	NOT_RUN	NA
Aspartylglucosaminuria	Aspartylglucosaminuria	MONDO:0008830	0	10	0	0	0	0	NOT_RUN	NA
Aspergillosis	Aspergillosis	MONDO:0005657	3	29	3	0	0	0	ALL_MAPPINGS_CONSISTENT	0
Ataxia_Telangiectasia	Ataxia-telangiectasia	MONDO:0008840	0	9	0	0	0	0	NOT_RUN	NA
Ataxia_With_Oculomotor_Apraxia_Type_1	Ataxia With Oculomotor Apraxia Type 1	MONDO:0008842	0	8	0	0	0	0	NOT_RUN	NA
Atelosteogenesis_Type_I	Atelosteogenesis Type I	MONDO:0007167	0	8	0	0	0	0	NOT_RUN	NA
Atelosteogenesis_Type_II	Atelosteogenesis Type II	MONDO:0009727	0	7	0	0	0	0	NOT_RUN	NA
Atelosteogenesis_Type_III	Atelosteogenesis Type III	MONDO:0007168	0	8	0	0	0	0	NOT_RUN	NA
Atransferrinemia	Atransferrinemia	MONDO:0008846	0	9	0	0	0	0	NOT_RUN	NA
Atypical_Hemolytic_Uremic_Syndrome	Atypical Hemolytic Uremic Syndrome	MONDO:0016244	0	8	0	0	0	0	NOT_RUN	NA
Auditory_Neuropathy	Auditory Neuropathy	MONDO:0021944	5	32	5	0	0	0	ALL_MAPPINGS_CONSISTENT	0
Auriculocondylar_Syndrome	Auriculocondylar Syndrome	MONDO:0000107	0	7	0	0	0	0	NOT_RUN	NA
Autism_Spectrum_Disorder-Epilepsy-Arthrogryposis_Syndrome	Autism Spectrum Disorder-Epilepsy-Arthrogryposis Syndrome	MONDO:0014248	0	6	0	0	0	0	NOT_RUN	NA
Autoimmune_Encephalitis	Autoimmune Encephalitis	MONDO:0020640	3	19	0	3	0	0	ALL_MAPPINGS_CONSISTENT	0
Autoimmune_Lymphoproliferative_Syndrome	Autoimmune Lymphoproliferative Syndrome	MONDO:0017979	2	20	2	0	0	0	STALE_INPUT	NA
Autoimmune_Polyendocrine_Syndrome_Type_1	Autoimmune Polyendocrine Syndrome Type 1	MONDO:0009411	0	8	0	0	0	0	NOT_RUN	NA
Autoimmune_Polyendocrinopathy	Autoimmune Polyendocrinopathy	MONDO:0017278	4	34	4	0	0	0	RETRACTED	1
Autoimmune_Retinopathy	Autoimmune Retinopathy	MONDO:0100014	2	14	0	2	0	0	ALL_MAPPINGS_CONSISTENT	0
Autoinflammation_Immune_Dysregulation_and_Eosinophilia	Autoinflammation, immune dysregulation, and eosinophilia	MONDO:0033558	0	4	0	0	0	0	NOT_RUN	NA
Autosomal_Agammaglobulinemia	Autosomal Agammaglobulinemia	MONDO:0011096	12	66	8	4	0	0	STALE_INPUT	NA
Autosomal_Dominant_Aplasia_And_Myelodysplasia	Autosomal Dominant Aplasia and Myelodysplasia	MONDO:0013851	0	6	0	0	0	0	NOT_RUN	NA
Autosomal_Dominant_Cerebellar_Ataxia	Autosomal Dominant Cerebellar Ataxia	MONDO:0020380	0	5	0	0	0	0	NOT_RUN	NA
Autosomal_Dominant_Cerebellar_Ataxia_Type_I	Autosomal Dominant Cerebellar Ataxia Type I	MONDO:0019792	0	4	0	0	0	0	NOT_RUN	NA
Autosomal_Dominant_Cerebellar_Ataxia_Type_III	Autosomal Dominant Cerebellar Ataxia Type III	MONDO:0019793	0	4	0	0	0	0	NOT_RUN	NA
Autosomal_Dominant_Charcot-Marie-Tooth_Disease_Type_2W	Autosomal dominant Charcot-Marie-Tooth disease type 2W	MONDO:0014711	0	7	0	0	0	0	NOT_RUN	NA
Autosomal_Dominant_Epilepsy_with_Auditory_Features	Autosomal Dominant Epilepsy with Auditory Features	MONDO:0010898	0	7	0	0	0	0	NOT_RUN	NA
Autosomal_Dominant_Hyper-IgE_Syndrome	Autosomal Dominant Hyper-IgE Syndrome	MONDO:0007818	0	10	0	0	0	0	NOT_RUN	NA
Autosomal_Dominant_Hypercholesterolemia_3	Autosomal Dominant Hypercholesterolemia 3	MONDO:0011369	0	5	0	0	0	0	NOT_RUN	NA
Autosomal_Dominant_Hypocalcemia_1	Autosomal Dominant Hypocalcemia 1	MONDO:0011013	0	5	0	0	0	0	NOT_RUN	NA
Autosomal_Dominant_Nonsyndromic_Hearing_Loss_11	Autosomal Dominant Nonsyndromic Hearing Loss 11	MONDO:0011032	0	6	0	0	0	0	NOT_RUN	NA
Autosomal_Dominant_Nonsyndromic_Hearing_Loss_12	Autosomal Dominant Nonsyndromic Hearing Loss 12	MONDO:0011102	0	6	0	0	0	0	NOT_RUN	NA
Autosomal_Dominant_Nonsyndromic_Hearing_Loss_2B	Autosomal Dominant Nonsyndromic Hearing Loss 2B	MONDO:0012976	0	6	0	0	0	0	NOT_RUN	NA
Autosomal_Dominant_Nonsyndromic_Hearing_Loss_37	Autosomal Dominant Nonsyndromic Hearing Loss 37	MONDO:0032802	0	5	0	0	0	0	NOT_RUN	NA
Autosomal_Dominant_Nonsyndromic_Hearing_Loss_3A	Autosomal Dominant Nonsyndromic Hearing Loss 3A	MONDO:0011103	0	6	0	0	0	0	NOT_RUN	NA
Autosomal_Dominant_Nonsyndromic_Hearing_Loss_41	Autosomal Dominant Nonsyndromic Hearing Loss 41	MONDO:0011994	0	6	0	0	0	0	NOT_RUN	NA
Autosomal_Dominant_Nonsyndromic_Hearing_Loss_50	Autosomal Dominant Nonsyndromic Hearing Loss 50	MONDO:0013114	0	5	0	0	0	0	NOT_RUN	NA
Autosomal_Dominant_Nonsyndromic_Hearing_Loss_7	Autosomal Dominant Nonsyndromic Hearing Loss 7	MONDO:0011074	0	6	0	0	0	0	NOT_RUN	NA
Autosomal_Dominant_Optic_Atrophy_Plus	Autosomal Dominant Optic Atrophy Plus	MONDO:0014720	0	7	0	0	0	0	NOT_RUN	NA
Autosomal_Dominant_Osteopetrosis_Type_I	Autosomal Dominant Osteopetrosis Type I	MONDO:0011877	0	8	0	0	0	0	NOT_RUN	NA
Autosomal_Dominant_Osteopetrosis_Type_II	Autosomal Dominant Osteopetrosis Type II	MONDO:0008156	0	7	0	0	0	0	NOT_RUN	NA
Autosomal_Dominant_Polycystic_Kidney_Disease	Autosomal Dominant Polycystic Kidney Disease	MONDO:0004691	0	9	0	0	0	0	NOT_RUN	NA
Autosomal_Dominant_Polycystic_Liver_Disease	Autosomal dominant polycystic liver disease	MONDO:0000447	2	20	2	0	0	0	STALE_INPUT	NA
Autosomal_Dominant_Progressive_External_Ophthalmoplegia	Autosomal Dominant Progressive External Ophthalmoplegia	MONDO:0008003	6	42	5	1	0	0	STALE_INPUT	NA
Autosomal_Dominant_Robinow_Syndrome_1	Autosomal Dominant Robinow Syndrome 1	MONDO:0024455	0	5	0	0	0	0	NOT_RUN	NA
Autosomal_Dominant_Robinow_Syndrome_2	Autosomal Dominant Robinow Syndrome 2	MONDO:0014591	0	5	0	0	0	0	NOT_RUN	NA
Autosomal_Dominant_Robinow_Syndrome_3	Autosomal Dominant Robinow Syndrome 3	MONDO:0014819	0	5	0	0	0	0	NOT_RUN	NA
Autosomal_Dominant_Sensory_Ataxia_1	Autosomal Dominant Sensory Ataxia 1	MONDO:0012166	0	5	0	0	0	0	NOT_RUN	NA
Autosomal_Dominant_Striatal_Neurodegeneration	Autosomal dominant striatal neurodegeneration	MONDO:0000211	0	6	0	0	0	0	NOT_RUN	NA
Autosomal_Recessive_Ataxia_Beauce_Type	Autosomal Recessive Ataxia Beauce Type	MONDO:0012549	0	7	0	0	0	0	NOT_RUN	NA
Autosomal_Recessive_Ataxia_Due_to_Ubiquinone_Deficiency	Autosomal Recessive Ataxia Due to Ubiquinone Deficiency	MONDO:0012784	0	8	0	0	0	0	NOT_RUN	NA
Autosomal_Recessive_Cerebellar_Ataxia_With_Late_Onset_Spasticity	Autosomal Recessive Cerebellar Ataxia With Late-Onset Spasticity	MONDO:0018129	0	5	0	0	0	0	NOT_RUN	NA
Autosomal_Recessive_Congenital_Ichthyosis	Autosomal Recessive Congenital Ichthyosis	MONDO:0017265	3	28	2	1	0	0	STALE_INPUT	NA
Autosomal_Recessive_Cutis_Laxa_Type_2A	Autosomal Recessive Cutis Laxa Type 2A	MONDO:0018163	0	7	0	0	0	0	NOT_RUN	NA
Autosomal_Recessive_Hypercholesterolemia	Autosomal Recessive Hypercholesterolemia	MONDO:0011374	0	7	0	0	0	0	NOT_RUN	NA
Autosomal_Recessive_Limb-Girdle_Muscular_Dystrophy	Autosomal Recessive Limb-Girdle Muscular Dystrophy	MONDO:0015152	0	7	0	0	0	0	NOT_RUN	NA
Autosomal_Recessive_Multiple_Pterygium_Syndrome	Autosomal Recessive Multiple Pterygium Syndrome	MONDO:0009926	0	8	0	0	0	0	NOT_RUN	NA
Autosomal_Recessive_Non-Syndromic_Intellectual_Disability	Autosomal Recessive Non-Syndromic Intellectual Disability	MONDO:0019502	10	62	10	0	0	0	ALL_MAPPINGS_CONSISTENT	0
Autosomal_Recessive_Nonsyndromic_Hearing_Loss_103	Autosomal Recessive Nonsyndromic Hearing Loss 103	MONDO:0014469	0	5	0	0	0	0	NOT_RUN	NA
Autosomal_Recessive_Nonsyndromic_Hearing_Loss_104	Autosomal Recessive Nonsyndromic Hearing Loss 104	MONDO:0014675	0	5	0	0	0	0	NOT_RUN	NA
Autosomal_Recessive_Nonsyndromic_Hearing_Loss_26	Autosomal Recessive Nonsyndromic Hearing Loss 26	MONDO:0011553	0	6	0	0	0	0	NOT_RUN	NA
Autosomal_Recessive_Nonsyndromic_Hearing_Loss_30	Autosomal Recessive Nonsyndromic Hearing Loss 30	MONDO:0011774	0	6	0	0	0	0	NOT_RUN	NA
Autosomal_Recessive_Nonsyndromic_Hearing_Loss_48	Autosomal Recessive Nonsyndromic Hearing Loss 48	MONDO:0012273	0	6	0	0	0	0	NOT_RUN	NA
Autosomal_Recessive_Nonsyndromic_Hearing_Loss_77	Autosomal Recessive Nonsyndromic Hearing Loss 77	MONDO:0013119	0	6	0	0	0	0	NOT_RUN	NA
Autosomal_Recessive_Nonsyndromic_Hearing_Loss_93	Autosomal Recessive Nonsyndromic Hearing Loss 93	MONDO:0013963	0	5	0	0	0	0	NOT_RUN	NA
Autosomal_Recessive_Nonsyndromic_Hearing_Loss_97	Autosomal Recessive Nonsyndromic Hearing Loss 97	MONDO:0014739	0	5	0	0	0	0	NOT_RUN	NA
Autosomal_Recessive_Nonsyndromic_Hearing_Loss_98	Autosomal Recessive Nonsyndromic Hearing Loss 98	MONDO:0013929	0	5	0	0	0	0	NOT_RUN	NA
Autosomal_Recessive_Osteopetrosis	Autosomal Recessive Osteopetrosis Type 2	MONDO:0009816	0	6	0	0	0	0	NOT_RUN	NA
Autosomal_Recessive_Primary_Microcephaly	Autosomal Recessive Primary Microcephaly	MONDO:0016660	28	156	28	0	0	0	STALE_INPUT	NA
Autosomal_Recessive_Progressive_External_Ophthalmoplegia_1	Autosomal Recessive Progressive External Ophthalmoplegia 1	MONDO:0009783	0	5	0	0	0	0	NOT_RUN	NA
Autosomal_Recessive_Robinow_Syndrome	Autosomal Recessive Robinow Syndrome	MONDO:0009999	0	9	0	0	0	0	NOT_RUN	NA
Autosomal_Recessive_Spastic_Ataxia_9	Autosomal Recessive Spastic Ataxia 9	MONDO:0032753	0	4	0	0	0	0	NOT_RUN	NA
Autosomal_Recessive_Spinocerebellar_Ataxia_15	Autosomal Recessive Spinocerebellar Ataxia 15	MONDO:0014311	0	7	0	0	0	0	NOT_RUN	NA
Autosomal_Recessive_Spinocerebellar_Ataxia_20	Autosomal Recessive Spinocerebellar Ataxia 20	MONDO:0014601	0	7	0	0	0	0	NOT_RUN	NA
Autosomal_Recessive_Spondylometaphyseal_Dysplasia_Megarbane_Type	Autosomal Recessive Spondylometaphyseal Dysplasia, Megarbane Type	MONDO:0013223	0	8	0	0	0	0	NOT_RUN	NA
Avascular_Necrosis_Of_Femoral_Head_Primary_2	Avascular Necrosis of Femoral Head, Primary, 2	MONDO:0054551	0	4	0	0	0	0	NOT_RUN	NA
Axenfeld-Rieger_syndrome	Axenfeld-Rieger_syndrome	MONDO:0019187	3	24	3	0	0	0	ALL_MAPPINGS_CONSISTENT	0
Ayme-Gripp_Syndrome	Ayme-Gripp syndrome	MONDO:0010992	0	6	0	0	0	0	NOT_RUN	NA
B-Lymphoblastic_Leukemia_Lymphoma_With_Recurrent_Genetic_Abnormality	B-Lymphoblastic Leukemia/Lymphoma With Recurrent Genetic Abnormality	MONDO:0035605	6	39	6	0	0	0	ALL_MAPPINGS_CONSISTENT	0
BBSome-Related_Retinitis_Pigmentosa	BBSome-related retinitis pigmentosa	MONDO:0019200	0	9	0	0	0	0	NOT_RUN	NA
BCKDK_Deficiency	BCKDK Deficiency	MONDO:0013970	0	7	0	0	0	0	NOT_RUN	NA
BEST1-Related_Dominant_Retinopathy	BEST1-Related Dominant Retinopathy	MONDO:0700238	0	3	0	0	0	0	NOT_RUN	NA
BEST1_Bestrophinopathies	BEST1 Bestrophinopathies	MONDO:0000390	5	38	1	4	0	0	ALL_MAPPINGS_CONSISTENT	0
BLOC1S1-related_Complex_Neurodevelopmental_Disorder_with_Leukodystrophy	BLOC1S1-related Complex Neurodevelopmental Disorder with Leukodystrophy	MONDO:0100038	0	5	0	0	0	0	NOT_RUN	NA
BMP2-Related_Short_Stature-Facial_Dysmorphism-Skeletal_Anomalies_Syndrome	BMP2-Related Short Stature-Facial Dysmorphism-Skeletal Anomalies Syndrome	MONDO:0100297	0	5	0	0	0	0	NOT_RUN	NA
BPTF-Related_Neurodevelopmental_Disorder	BPTF-Related Neurodevelopmental Disorder	MONDO:0060596	0	6	0	0	0	0	NOT_RUN	NA
BRPF1-Related_Intellectual_Disability	BRPF1-Related Intellectual Disability	MONDO:0015022	0	5	0	0	0	0	NOT_RUN	NA
Bachmann-Bupp_Syndrome	Bachmann-Bupp Syndrome	MONDO:0033642	0	6	0	0	0	0	NOT_RUN	NA
Bailey-Bloch_Congenital_Myopathy	Bailey-Bloch Congenital Myopathy	MONDO:0009722	0	8	0	0	0	0	NOT_RUN	NA
Bainbridge-Ropers_Syndrome	Bainbridge-Ropers syndrome	MONDO:0014205	0	7	0	0	0	0	NOT_RUN	NA
Bannayan-Riley-Ruvalcaba_Syndrome	Bannayan-Riley-Ruvalcaba Syndrome	MONDO:0007924	0	9	0	0	0	0	NOT_RUN	NA
Baraitser-Winter_Cerebrofrontofacial_Syndrome	Baraitser-Winter Cerebrofrontofacial Syndrome	MONDO:0017579	2	16	2	0	0	0	STALE_INPUT	NA
Bardet-Biedl_Syndrome	Bardet-Biedl syndrome	MONDO:0015229	0	9	0	0	0	0	NOT_RUN	NA
Barth_Syndrome	Barth syndrome	MONDO:0010543	0	11	0	0	0	0	NOT_RUN	NA
Bartter_Syndrome	Bartter syndrome	MONDO:0015231	5	43	5	0	0	0	NOT_RUN	NA
Basel-Vanagaite-Smirin-Yosef_Syndrome	Basel-Vanagaite-Smirin-Yosef Syndrome	MONDO:0014643	0	6	0	0	0	0	NOT_RUN	NA
Bazex_Dupre_Christol_Syndrome	Bazex-Dupre-Christol Syndrome	MONDO:0010535	0	8	0	0	0	0	NOT_RUN	NA
Beare-Stevenson_Cutis_Gyrata_Syndrome	Beare-Stevenson Cutis Gyrata Syndrome	MONDO:0007412	0	10	0	0	0	0	NOT_RUN	NA
Becker_Muscular_Dystrophy	Becker Muscular Dystrophy	MONDO:0010311	0	10	0	0	0	0	NOT_RUN	NA
Beckwith-Wiedemann_Syndrome	Beckwith-Wiedemann Syndrome	MONDO:0007534	0	10	0	0	0	0	NOT_RUN	NA
Behr_Syndrome	Behr Syndrome	MONDO:0008858	0	9	0	0	0	0	NOT_RUN	NA
Benign_Familial_Infantile_Epilepsy	Benign Familial Infantile Epilepsy	MONDO:0017615	4	33	3	1	0	0	STALE_INPUT	NA
Benign_Neonatal_Seizures	Benign Neonatal Seizures	MONDO:0016027	2	17	2	0	0	0	STALE_INPUT	NA
Berardinelli_Seip_Congenital_Lipodystrophy	Berardinelli-Seip Congenital Lipodystrophy	MONDO:0018883	0	8	0	0	0	0	NOT_RUN	NA
Bernard-Soulier_Syndrome	Bernard-Soulier Syndrome	MONDO:0009276	4	24	1	3	0	0	STALE_INPUT	NA
Beta-Ketothiolase_Deficiency	Beta-Ketothiolase Deficiency	MONDO:0008760	0	9	0	0	0	0	NOT_RUN	NA
Beta_Mannosidosis	Beta Mannosidosis	MONDO:0009562	0	10	0	0	0	0	NOT_RUN	NA
Beta_Thalassemia	Beta Thalassemia	MONDO:0019402	0	10	0	0	0	0	NOT_RUN	NA
Bethlem_Myopathy	Bethlem myopathy	MONDO:0008029	3	24	3	0	0	0	STALE_INPUT	NA
Bietti_Crystalline_Dystrophy	Bietti Crystalline Dystrophy	MONDO:0008865	0	9	0	0	0	0	NOT_RUN	NA
Bilateral_Microtia-Deafness-Cleft_Palate_Syndrome	Bilateral Microtia-Deafness-Cleft Palate Syndrome	MONDO:0012854	0	7	0	0	0	0	NOT_RUN	NA
Bilateral_Striopallidodentate_Calcinosis	Bilateral Striopallidodentate Calcinosis	MONDO:0008947	0	8	0	0	0	0	NOT_RUN	NA
Biotin_Thiamine_Responsive_Basal_Ganglia_Disease	Biotin-Thiamine-Responsive Basal Ganglia Disease	MONDO:0011841	0	11	0	0	0	0	NOT_RUN	NA
Biotinidase_Deficiency	Biotinidase Deficiency	MONDO:0009665	0	10	0	0	0	0	NOT_RUN	NA
Birt-Hogg-Dube_Syndrome	Birt-Hogg-Dube Syndrome	MONDO:0800444	0	3	0	0	0	0	NOT_RUN	NA
Bjornstad_Syndrome	Bjornstad Syndrome	MONDO:0009872	0	8	0	0	0	0	NOT_RUN	NA
Blau_Syndrome	Blau Syndrome	MONDO:0008523	0	10	0	0	0	0	NOT_RUN	NA
Bleeding_Disorder_Platelet-type_21	Bleeding disorder, platelet-type, 21	MONDO:0054577	0	4	0	0	0	0	NOT_RUN	NA
Blepharophimosis-Impaired_Intellectual_Development_Syndrome	Blepharophimosis-Impaired Intellectual Development Syndrome	MONDO:0859139	0	7	0	0	0	0	NOT_RUN	NA
Blepharophimosis_Intellectual_Disability_Syndrome_MKB_Type	Blepharophimosis-Intellectual Disability Syndrome, MKB Type	MONDO:0010477	0	6	0	0	0	0	NOT_RUN	NA
Blepharophimosis_Ptosis_and_Epicanthus_Inversus_Syndrome	Blepharophimosis, Ptosis, and Epicanthus Inversus Syndrome	MONDO:0007201	0	8	0	0	0	0	NOT_RUN	NA
Bloom_Syndrome	Bloom syndrome	MONDO:0008876	0	10	0	0	0	0	NOT_RUN	NA
Blue_Cone_Monochromacy	Blue Cone Monochromacy	MONDO:0010563	0	8	0	0	0	0	NOT_RUN	NA
Bohring-Opitz_syndrome	Bohring-Opitz syndrome	MONDO:0011510	0	8	0	0	0	0	NOT_RUN	NA
Bone_Marrow_Failure_Syndrome_6	Bone Marrow Failure Syndrome 6	MONDO:0030015	0	4	0	0	0	0	NOT_RUN	NA
Borjeson-Forssman-Lehmann_syndrome	Borjeson-Forssman-Lehmann syndrome	MONDO:0010537	0	8	0	0	0	0	NOT_RUN	NA
Bosch-Boonstra-Schaaf_Optic_Atrophy_Syndrome	Bosch-Boonstra-Schaaf Optic Atrophy Syndrome	MONDO:0014320	0	7	0	0	0	0	NOT_RUN	NA
Bosma_Arhinia_Microphthalmia_Syndrome	Bosma Arhinia Microphthalmia Syndrome	MONDO:0011323	0	7	0	0	0	0	NOT_RUN	NA
Boucher-Neuhauser_Syndrome	Boucher-Neuhauser Syndrome	MONDO:0008980	0	8	0	0	0	0	NOT_RUN	NA
Brachydactyly_Type_A1	Brachydactyly Type A1	MONDO:0007215	0	9	0	0	0	0	NOT_RUN	NA
Brachydactyly_Type_A2	Brachydactyly Type A2	MONDO:0007216	0	9	0	0	0	0	NOT_RUN	NA
Brachydactyly_Type_B1	Brachydactyly Type B1	MONDO:0007220	0	8	0	0	0	0	NOT_RUN	NA
Brachydactyly_Type_B2	Brachydactyly Type B2	MONDO:0012658	0	8	0	0	0	0	NOT_RUN	NA
Brachydactyly_Type_C	Brachydactyly Type C	MONDO:0007221	0	9	0	0	0	0	NOT_RUN	NA
Brachydactyly_Type_D	Brachydactyly Type D	MONDO:0007222	0	7	0	0	0	0	NOT_RUN	NA
Brachydactyly_Type_E1	Brachydactyly Type E1	MONDO:0007223	0	6	0	0	0	0	NOT_RUN	NA
Brachyolmia	Brachyolmia	MONDO:0015262	1	13	1	0	0	0	NOT_RUN	NA
Brachyolmia-Amelogenesis_Imperfecta_Syndrome	Brachyolmia-Amelogenesis Imperfecta Syndrome	MONDO:0011018	0	7	0	0	0	0	NOT_RUN	NA
Brachyphalangy_Polydactyly_Tibial_Aplasia_Syndrome	Brachyphalangy-Polydactyly-Tibial Aplasia Syndrome	MONDO:0700354	0	3	0	0	0	0	NOT_RUN	NA
Brain_Abnormalities_Neurodegeneration_and_Dysosteosclerosis	Brain Abnormalities, Neurodegeneration, and Dysosteosclerosis	MONDO:0032772	0	4	0	0	0	0	NOT_RUN	NA
Brain_Small_Vessel_Disease_1_With_Or_Without_Ocular_Anomalies	Brain Small Vessel Disease 1 With Or Without Ocular Anomalies	MONDO:0008289	0	9	0	0	0	0	NOT_RUN	NA
Brittle_Cornea_Syndrome	Brittle Cornea Syndrome	MONDO:0009242	2	16	2	0	0	0	STALE_INPUT	NA
Brody_Myopathy	Brody Myopathy	MONDO:0010977	0	8	0	0	0	0	NOT_RUN	NA
Bronchiectasis_And_Nasal_Polyposis	Bronchiectasis and Nasal Polyposis	MONDO:0975835	0	4	0	0	0	0	NOT_RUN	NA
Brown-Vialetto-Van_Laere_Syndrome	Brown-Vialetto-Van Laere Syndrome	MONDO:0008891	2	23	2	0	0	0	STALE_INPUT	NA
Brugada_Syndrome	Brugada syndrome	MONDO:0015263	1	13	1	0	0	0	ALL_MAPPINGS_CONSISTENT	0
Bryant-Li-Bhoj_Neurodevelopmental_Syndrome_1	Bryant-Li-Bhoj Neurodevelopmental Syndrome 1	MONDO:0030606	0	5	0	0	0	0	NOT_RUN	NA
Bryant-Li-Bhoj_Neurodevelopmental_Syndrome_2	Bryant-Li-Bhoj Neurodevelopmental Syndrome 2	MONDO:0030607	0	5	0	0	0	0	NOT_RUN	NA
Burn-McKeown_Syndrome	Burn-McKeown Syndrome	MONDO:0012064	0	8	0	0	0	0	NOT_RUN	NA
CACNA1A_Related_Disorder	CACNA1A-Related Disorder	MONDO:0100254	0	3	0	0	0	0	NOT_RUN	NA
CACNA1E-Related_Developmental_and_Epileptic_Encephalopathy	CACNA1E-Related Developmental and Epileptic Encephalopathy	MONDO:0032657	0	5	0	0	0	0	NOT_RUN	NA
CACNA1F-Related_Retinopathy	CACNA1F-Related Retinopathy	MONDO:0700243	2	14	2	0	0	0	ALL_MAPPINGS_CONSISTENT	0
CADASIL_Type_1	CADASIL Type 1	MONDO:0000914	0	10	0	0	0	0	NOT_RUN	NA
CAGSSS_Syndrome	CAGSSS Syndrome	MONDO:0014455	0	6	0	0	0	0	NOT_RUN	NA
CALFAN_Syndrome	CALFAN Syndrome	MONDO:0014744	0	7	0	0	0	0	NOT_RUN	NA
CANVAS	CANVAS	MONDO:0044720	0	10	0	0	0	0	NOT_RUN	NA
CAPN5-Related_Vitreoretinopathy	CAPN5-Related Vitreoretinopathy	MONDO:0100450	0	7	0	0	0	0	NOT_RUN	NA
CAPOS_Syndrome	CAPOS Syndrome	MONDO:0011038	0	7	0	0	0	0	NOT_RUN	NA
CAPRIN1_Related_Neurodevelopmental_Disorder	CAPRIN1 Related Neurodevelopmental Disorder	MONDO:0968945	0	4	0	0	0	0	NOT_RUN	NA
CATSHL_Syndrome	CATSHL Syndrome	MONDO:0012504	0	8	0	0	0	0	NOT_RUN	NA
CBL-related_Disorder	CBL-related Disorder	MONDO:0013308	0	6	0	0	0	0	NOT_RUN	NA
CCDC115-CDG	CCDC115-CDG	MONDO:0014789	0	7	0	0	0	0	NOT_RUN	NA
CD16_Deficiency	CD16 Deficiency	MONDO:0014313	0	7	0	0	0	0	NOT_RUN	NA
CD27-related_lymphoproliferative_and_immune_disorder	CD27-related lymphoproliferative and immune disorder	MONDO:0014054	0	7	0	0	0	0	NOT_RUN	NA
CDH1-Related_Hereditary_Diffuse_Gastric_Cancer	CDH1-Related Hereditary Diffuse Gastric Cancer	MONDO:0100488	0	4	0	0	0	0	NOT_RUN	NA
CDH2-Related_ACOG_Syndrome	CDH2-Related ACOG Syndrome	MONDO:0030065	0	5	0	0	0	0	NOT_RUN	NA
CDK19-Related_Disorder	CDK19-Related Disorder	MONDO:0030059	0	5	0	0	0	0	NOT_RUN	NA
CDK8-Related_Disorder	CDK8-Related Disorder	MONDO:0032897	0	4	0	0	0	0	NOT_RUN	NA
CDKL5_Deficiency_Disorder	CDKL5 Deficiency Disorder	MONDO:0100039	0	3	0	0	0	0	NOT_RUN	NA
CERKL-Related_Retinopathy	CERKL-Related Retinopathy	MONDO:0800401	0	3	0	0	0	0	NOT_RUN	NA
CFAP418-related_Retinal_Ciliopathy	CFAP418-related retinal ciliopathy	MONDO:0700374	0	3	0	0	0	0	NOT_RUN	NA
CHARGE_Syndrome	CHARGE syndrome	MONDO:0008965	0	9	0	0	0	0	NOT_RUN	NA
CHD2-Related_Developmental_and_Epileptic_Encephalopathy	CHD2-Related Developmental and Epileptic Encephalopathy	MONDO:0014150	0	5	0	0	0	0	NOT_RUN	NA
CHD8-Related_Neurodevelopmental_Disorder_with_Overgrowth	CHD8-Related Neurodevelopmental Disorder with Overgrowth	MONDO:0014017	0	6	0	0	0	0	NOT_RUN	NA
CHEK2-related_Cancer_Predisposition	CHEK2-related Cancer Predisposition	MONDO:0700271	0	3	0	0	0	0	NOT_RUN	NA
CHILD_Syndrome	CHILD Syndrome	MONDO:0010621	0	8	0	0	0	0	NOT_RUN	NA
CHOPS_Syndrome	CHOPS Syndrome	MONDO:0014609	0	6	0	0	0	0	NOT_RUN	NA
CHRNA1-associated_Fetal_Hypo-akinesia_Disorder_of_Prenatal_Onset	CHRNA1-Associated Fetal Hypo-akinesia Disorder of Prenatal Onset	MONDO:0009668	0	7	0	0	0	0	NOT_RUN	NA
CHST3-Related_Skeletal_Dysplasia	CHST3-Related Skeletal Dysplasia	MONDO:0007738	0	8	0	0	0	0	NOT_RUN	NA
CINCA_Syndrome	CINCA Syndrome	MONDO:0011776	0	8	0	0	0	0	NOT_RUN	NA
CLCN2-Related_Leukoencephalopathy	CLCN2-Related Leukoencephalopathy	MONDO:0014292	0	7	0	0	0	0	NOT_RUN	NA
CN_Related_DEE	CN-Related Developmental and Epileptic Encephalopathy	MONDO:0020630	0	5	0	0	0	0	NOT_RUN	NA
COA3-Related_COX_Deficiency	COA3-Related COX Deficiency	MONDO:0033649	0	5	0	0	0	0	NOT_RUN	NA
COA8-Related_COX_Deficiency	COA8-Related COX Deficiency	MONDO:0033652	0	5	0	0	0	0	NOT_RUN	NA
COFS_Syndrome	COFS Syndrome	MONDO:0008926	4	31	4	0	0	0	ALL_MAPPINGS_CONSISTENT	0
COG1-congenital_disorder_of_glycosylation	COG1-congenital disorder of glycosylation	MONDO:0012637	0	8	0	0	0	0	NOT_RUN	NA
COG4-Congenital_Disorder_of_Glycosylation	COG4-Congenital Disorder of Glycosylation	MONDO:0013281	0	7	0	0	0	0	NOT_RUN	NA
COG7-Congenital_Disorder_of_Glycosylation	COG7-congenital disorder of glycosylation	MONDO:0012118	0	8	0	0	0	0	NOT_RUN	NA
COL11A2_Hearing_Loss	COL11A2-Related Hearing Loss	MONDO:0011159	2	18	0	1	0	1	RETRACTED	1
COL11A2_Skeletal_Spectrum	COL11A2-Related Skeletal Spectrum	MONDO:0008490	0	10	0	0	0	0	NOT_RUN	NA
COPA_Syndrome	COPA Syndrome	MONDO:0014629	0	6	0	0	0	0	NOT_RUN	NA
COQ4-Related_Neonatal_Encephalomyopathy	COQ4-Related Neonatal Encephalomyopathy	MONDO:0014562	0	7	0	0	0	0	NOT_RUN	NA
COX10-Related_COX_Deficiency	COX10-Related COX Deficiency	MONDO:0033635	0	5	0	0	0	0	NOT_RUN	NA
COX11-Related_COX_Deficiency	COX11-Related COX Deficiency	MONDO:0859520	0	5	0	0	0	0	NOT_RUN	NA
COX14-Related_COX_Deficiency	COX14-Related COX Deficiency	MONDO:0033639	0	5	0	0	0	0	NOT_RUN	NA
COX15-Related_COX_Deficiency	COX15-Related COX Deficiency	MONDO:0014051	0	5	0	0	0	0	NOT_RUN	NA
COX16-Related_COX_Deficiency	COX16-Related COX Deficiency	MONDO:0859160	0	5	0	0	0	0	NOT_RUN	NA
COX18-Related_COX_Deficiency	COX18-Related COX Deficiency	MONDO:0980970	0	4	0	0	0	0	NOT_RUN	NA
COX20-Related_COX_Deficiency	COX20-Related COX Deficiency	MONDO:0033645	0	5	0	0	0	0	NOT_RUN	NA
COX4I1-Related_COX_Deficiency	COX4I1-Related COX Deficiency	MONDO:0033651	0	5	0	0	0	0	NOT_RUN	NA
COX4I2-Related_Pancreatic_Insufficiency-Anemia-Hyperostosis_Syndrome	COX4I2-Related Pancreatic Insufficiency-Anemia-Hyperostosis Syndrome	MONDO:0012992	0	7	0	0	0	0	NOT_RUN	NA
COX5A-Related_COX_Deficiency	COX5A-Related COX Deficiency	MONDO:0033655	0	5	0	0	0	0	NOT_RUN	NA
COX6A2-Related_COX_Deficiency	COX6A2-Related COX Deficiency	MONDO:0033653	0	5	0	0	0	0	NOT_RUN	NA
COX6B1-Related_COX_Deficiency	COX6B1-Related COX Deficiency	MONDO:0033637	0	5	0	0	0	0	NOT_RUN	NA
COX8A-Related_COX_Deficiency	COX8A-Related COX Deficiency	MONDO:0033650	0	5	0	0	0	0	NOT_RUN	NA
COXFA4-Related_COX_Deficiency	COXFA4-Related COX Deficiency	MONDO:0033656	0	5	0	0	0	0	NOT_RUN	NA
CPLX1-Related_DEE	CPLX1-Related Developmental and Epileptic Encephalopathy	MONDO:0033372	0	5	0	0	0	0	NOT_RUN	NA
CPT1C-Related_Hereditary_Spastic_Paraplegia	CPT1C-Related Hereditary Spastic Paraplegia	MONDO:0014568	0	7	0	0	0	0	NOT_RUN	NA
CRADD-Related_Thin_Lissencephaly	CRADD-Related Thin Lissencephaly	MONDO:0013785	0	6	0	0	0	0	NOT_RUN	NA
CRB1_Retinal_Dystrophies	CRB1 Retinal Dystrophies	MONDO:0013453	3	20	0	2	0	1	RETRACTED	1
CRX_Related_Retinopathy	CRX-Related Retinopathy	MONDO:1040064	0	3	0	0	0	0	NOT_RUN	NA
CTCF-related_Neurodevelopmental_Disorder	CTCF-related Neurodevelopmental Disorder	MONDO:0014213	0	7	0	0	0	0	NOT_RUN	NA
CTLA4_Haploinsufficiency	CTLA4 Haploinsufficiency	MONDO:0014493	0	7	0	0	0	0	NOT_RUN	NA
CTNNB1_Neurodevelopmental_Disorder	CTNNB1 Neurodevelopmental Disorder	MONDO:0014035	0	8	0	0	0	0	NOT_RUN	NA
CYCS-Related_Thrombocytopenia	CYCS-Related Thrombocytopenia	MONDO:0012775	0	5	0	0	0	0	NOT_RUN	NA
CYFIP2-Related_Developmental_and_Epileptic_Encephalopathy	CYFIP2-Related Developmental and Epileptic Encephalopathy	MONDO:0033374	0	5	0	0	0	0	NOT_RUN	NA
Calvarial_Doughnut_Lesions-bone_Fragility_Syndrome	Calvarial Doughnut Lesions-Bone Fragility Syndrome	MONDO:0007470	0	8	0	0	0	0	NOT_RUN	NA
Campomelic_Dysplasia	Campomelic Dysplasia	MONDO:0007251	0	10	0	0	0	0	NOT_RUN	NA
Camurati-Engelmann_Disease	Camurati-Engelmann Disease	MONDO:0007542	0	8	0	0	0	0	NOT_RUN	NA
Canavan_Disease	Canavan disease	MONDO:0010079	0	10	0	0	0	0	NOT_RUN	NA
Capillary_Malformation-Arteriovenous_Malformation_Syndrome	Capillary Malformation-Arteriovenous Malformation Syndrome	MONDO:0012016	2	17	2	0	0	0	STALE_INPUT	NA
Carbamoyl_Phosphate_Synthetase_I_Deficiency	Carbamoyl Phosphate Synthetase I Deficiency	MONDO:0009376	0	10	0	0	0	0	NOT_RUN	NA
Carbonic_Anhydrase_VA_Deficiency	Carbonic Anhydrase VA Deficiency	MONDO:0014332	0	6	0	0	0	0	NOT_RUN	NA
Cardiac_Facial_And_Digital_Anomalies_With_Developmental_Delay	Cardiac, Facial, and Digital Anomalies with Developmental Delay	MONDO:0032572	0	7	0	0	0	0	NOT_RUN	NA
Cardiac_Valvular_Ehlers-Danlos_Syndrome	Cardiac Valvular Ehlers-Danlos Syndrome	MONDO:0009159	0	9	0	0	0	0	NOT_RUN	NA
Cardiofaciocutaneous_Syndrome	Cardiofaciocutaneous Syndrome	MONDO:0015280	0	8	0	0	0	0	NOT_RUN	NA
Cardiofacioneurodevelopmental_Syndrome	Cardiofacioneurodevelopmental Syndrome	MONDO:0030873	0	4	0	0	0	0	NOT_RUN	NA
Cardiomyopathy-Hypotonia-Lactic_Acidosis_Syndrome	Cardiomyopathy-Hypotonia-Lactic Acidosis Syndrome	MONDO:0012557	0	7	0	0	0	0	NOT_RUN	NA
Cardiomyopathy_Dilated_2H	Cardiomyopathy Dilated 2H	MONDO:0859358	0	4	0	0	0	0	NOT_RUN	NA
Cardiospondylocarpofacial_Syndrome	Cardiospondylocarpofacial syndrome	MONDO:0008005	0	8	0	0	0	0	NOT_RUN	NA
Carney_Complex	Carney Complex	MONDO:0015285	0	9	0	0	0	0	NOT_RUN	NA
Carnitine-Acylcarnitine_Translocase_Deficiency	Carnitine-acylcarnitine Translocase Deficiency	MONDO:0008918	0	10	0	0	0	0	NOT_RUN	NA
Carnitine_Palmitoyltransferase_1A_Deficiency	Carnitine Palmitoyltransferase 1A Deficiency	MONDO:0009705	0	9	0	0	0	0	NOT_RUN	NA
Carnitine_Palmitoyltransferase_II_Deficiency	Carnitine Palmitoyltransferase II Deficiency	MONDO:0015515	3	30	3	0	0	0	STALE_INPUT	NA
Caroli_Disease	Caroli disease	MONDO:0010913	1	16	0	1	0	0	STALE_INPUT	NA
Cartilage-Hair_Hypoplasia	Cartilage-hair hypoplasia	MONDO:0009595	0	10	0	0	0	0	NOT_RUN	NA
Central_Areolar_Choroidal_Dystrophy	Central Areolar Choroidal Dystrophy	MONDO:0008982	3	21	3	0	0	0	STALE_INPUT	NA
Central_Congenital_Hypothyroidism	Central Congenital Hypothyroidism	MONDO:0016410	0	6	0	0	0	0	NOT_RUN	NA
Central_Core_Myopathy	Central Core Myopathy	MONDO:0007294	0	10	0	0	0	0	NOT_RUN	NA
Central_Nervous_System_Germ_Cell_Tumor	Central Nervous System Germ Cell Tumor	MONDO:0003000	4	26	4	0	0	0	ALL_MAPPINGS_CONSISTENT	0
Centronuclear_Myopathy	Centronuclear Myopathy	MONDO:0018947	5	43	5	0	0	0	STALE_INPUT	NA
Cerebellar_Ataxia-Hypogonadism_Syndrome	Cerebellar Ataxia-Hypogonadism Syndrome	MONDO:0008935	0	8	0	0	0	0	NOT_RUN	NA
Cerebellar_Ataxia_Intellectual_Disability_and_Dysequilibrium	Cerebellar Ataxia, Intellectual Disability, and Dysequilibrium Syndrome	MONDO:0009133	4	30	4	0	0	0	STALE_INPUT	NA
Cerebral_Amyloid_Angiopathy	Cerebral Amyloid Angiopathy	MONDO:0005620	1	14	1	0	0	0	ALL_MAPPINGS_CONSISTENT	0
Cerebral_Cavernous_Malformation	Cerebral Cavernous Malformation	MONDO:0000820	4	28	4	0	0	0	STALE_INPUT	NA
Cerebral_Palsy	Cerebral Palsy	MONDO:0006497	4	33	4	0	0	0	ALL_MAPPINGS_CONSISTENT	0
Cerebrocostomandibular_Syndrome	Cerebrocostomandibular Syndrome	MONDO:0007301	0	9	0	0	0	0	NOT_RUN	NA
Cerebrotendinous_Xanthomatosis	Cerebrotendinous xanthomatosis	MONDO:0008948	0	10	0	0	0	0	NOT_RUN	NA
Cernunnos-XLF_deficiency	Cernunnos-XLF deficiency	MONDO:0012650	0	8	0	0	0	0	NOT_RUN	NA
Charcot-Marie-Tooth_Disease	Charcot-Marie-Tooth Disease	MONDO:0015626	0	7	0	0	0	0	NOT_RUN	NA
Charcot-Marie-Tooth_Disease_Axonal_Type_2C	Charcot-Marie-Tooth Disease Axonal Type 2C	MONDO:0011633	0	7	0	0	0	0	NOT_RUN	NA
Charcot-Marie-Tooth_Disease_Axonal_Type_2JJ	Charcot-Marie-Tooth disease, axonal, type 2JJ	MONDO:0976227	0	5	0	0	0	0	NOT_RUN	NA
Charcot-Marie-Tooth_Disease_Axonal_Type_2P	Charcot-Marie-Tooth Disease Axonal Type 2P	MONDO:0013753	0	7	0	0	0	0	NOT_RUN	NA
Charcot-Marie-Tooth_Disease_Axonal_Type_2T	Charcot-Marie-Tooth disease, axonal, type 2T	MONDO:0044640	0	5	0	0	0	0	NOT_RUN	NA
Charcot-Marie-Tooth_Disease_Dominant_Intermediate_B	Charcot-Marie-Tooth Disease Dominant Intermediate B	MONDO:0011674	0	7	0	0	0	0	NOT_RUN	NA
Charcot-Marie-Tooth_Disease_Dominant_Intermediate_E	Charcot-Marie-Tooth Disease Dominant Intermediate E	MONDO:0013758	0	7	0	0	0	0	NOT_RUN	NA
Charcot-Marie-Tooth_Disease_Dominant_Intermediate_G	Charcot-Marie-Tooth Disease Dominant Intermediate G	MONDO:0036484	0	5	0	0	0	0	NOT_RUN	NA
Charcot-Marie-Tooth_Disease_Recessive_Intermediate_D	Charcot-Marie-Tooth Disease Recessive Intermediate D	MONDO:0014467	0	7	0	0	0	0	NOT_RUN	NA
Charcot-Marie-Tooth_Disease_Type_1	Charcot-Marie-Tooth Disease Type 1	MONDO:0019011	0	5	0	0	0	0	NOT_RUN	NA
Charcot-Marie-Tooth_Disease_Type_4	Charcot-Marie-Tooth Disease Type 4	MONDO:0018995	0	5	0	0	0	0	NOT_RUN	NA
Charcot-Marie-Tooth_Disease_Type_4B3	Charcot-Marie-Tooth Disease Type 4B3	MONDO:0014117	0	7	0	0	0	0	NOT_RUN	NA
Charcot-Marie-Tooth_Disease_Type_4D	Charcot-Marie-Tooth disease type 4D	MONDO:0011085	0	9	0	0	0	0	NOT_RUN	NA
Charcot-Marie-Tooth_Disease_Type_4K	Charcot-Marie-Tooth Disease Type 4K	MONDO:0014733	0	7	0	0	0	0	NOT_RUN	NA
Charcot-Marie-Tooth_Disease_Type_X	Charcot-Marie-Tooth Disease Type X	MONDO:0018994	2	21	2	0	0	0	NOT_RUN	NA
Charlevoix-Saguenay_spastic_ataxia	Charlevoix-Saguenay spastic ataxia	MONDO:0010041	0	8	0	0	0	0	NOT_RUN	NA
Chediak-Higashi_Syndrome	Chediak-Higashi Syndrome	MONDO:0008963	0	10	0	0	0	0	NOT_RUN	NA
Cherubism	Cherubism	MONDO:0007315	0	10	0	0	0	0	NOT_RUN	NA
Cholangiocarcinoma	Cholangiocarcinoma	MONDO:0019087	2	24	2	0	0	0	RETRACTED	1
Cholesteryl_Ester_Storage_Disease	Cholesteryl Ester Storage Disease	MONDO:0019149	0	8	0	0	0	0	NOT_RUN	NA
Chondrodysplasia_Blomstrand_Type	Chondrodysplasia Blomstrand Type	MONDO:0008970	0	9	0	0	0	0	NOT_RUN	NA
Chondrodysplasia_Punctata_Tibial-metacarpal_Type	Chondrodysplasia Punctata, Tibial-metacarpal Type	MONDO:0007322	0	8	0	0	0	0	NOT_RUN	NA
Chondrodysplasia_With_Joint_Dislocations_gPAPP_Type	Chondrodysplasia With Joint Dislocations gPAPP Type	MONDO:0013561	0	7	0	0	0	0	NOT_RUN	NA
Chondrosarcoma	Chondrosarcoma	MONDO:0008977	4	30	4	0	0	0	RETRACTED	1
Chorea-acanthocytosis	Chorea-acanthocytosis	MONDO:0008695	0	7	0	0	0	0	NOT_RUN	NA
Choroid_Plexus_Carcinoma	Choroid Plexus Carcinoma	MONDO:0016718	2	23	1	1	0	0	RETRACTED	1
Choroid_Plexus_Neoplasm	Choroid Plexus Neoplasm	MONDO:0016717	3	30	3	0	0	0	ALL_MAPPINGS_CONSISTENT	0
Choroideremia	Choroideremia	MONDO:0010557	0	11	0	0	0	0	NOT_RUN	NA
Choroiditis	Choroiditis	MONDO:0001280	8	52	2	6	0	0	ALL_MAPPINGS_CONSISTENT	0
Chromosome_17q12_Deletion_Syndrome	Chromosome 17q12 Deletion Syndrome	MONDO:0013797	0	7	0	0	0	0	NOT_RUN	NA
Chromosome_18p_Deletion_Syndrome	Chromosome 18p Deletion Syndrome	MONDO:0007800	0	11	0	0	0	0	NOT_RUN	NA
Chromosome_2q32-q33_Deletion_Syndrome	Chromosome 2q32-q33 Deletion Syndrome	MONDO:0012864	0	10	0	0	0	0	NOT_RUN	NA
Chromosome_Xq_Duplication	Chromosome Xq Duplication	MONDO:0017010	4	29	2	2	0	0	ALL_MAPPINGS_CONSISTENT	0
Chronic_Granulomatous_Disease	Chronic Granulomatous Disease	MONDO:0018305	6	43	6	0	0	0	NOT_RUN	NA
Chronic_Intestinal_Pseudoobstruction	Chronic Intestinal Pseudoobstruction	MONDO:0017574	2	15	1	1	0	0	ALL_MAPPINGS_CONSISTENT	0
Chronic_Mucocutaneous_Candidiasis	Chronic Mucocutaneous Candidiasis	MONDO:0015279	6	41	5	1	0	0	STALE_INPUT	NA
Chronic_Neurovisceral_Acid_Sphingomyelinase_Deficiency	Chronic Neurovisceral Acid Sphingomyelinase Deficiency	MONDO:0850058	0	6	0	0	0	0	NOT_RUN	NA
Chronic_Primary_Adrenal_Insufficiency	Chronic Primary Adrenal Insufficiency	MONDO:0015129	1	14	1	0	0	0	ALL_MAPPINGS_CONSISTENT	0
Chung-Jansen_Syndrome	Chung-Jansen Syndrome	MONDO:0035133	0	6	0	0	0	0	NOT_RUN	NA
Chuvash_Polycythemia	Chuvash Polycythemia	MONDO:0009892	0	8	0	0	0	0	NOT_RUN	NA
Citrin_Deficiency	Citrin Deficiency	MONDO:0016602	2	18	2	0	0	0	STALE_INPUT	NA
Citrullinemia_Type_I	Citrullinemia Type I	MONDO:0008988	2	18	2	0	0	0	STALE_INPUT	NA
Classic_Familial_Adenomatous_Polyposis	Classic Familial Adenomatous Polyposis	MONDO:0021055	0	7	0	0	0	0	NOT_RUN	NA
Cleidocranial_Dysplasia	Cleidocranial Dysplasia	MONDO:0007340	0	9	0	0	0	0	NOT_RUN	NA
Clouston_Syndrome	Clouston Syndrome	MONDO:0007510	0	7	0	0	0	0	NOT_RUN	NA
Coffin-Lowry_Syndrome	Coffin-Lowry syndrome	MONDO:0010561	0	11	0	0	0	0	NOT_RUN	NA
Coffin_Siris_Syndrome	Coffin-Siris syndrome	MONDO:0015452	1	14	1	0	0	0	NOT_RUN	NA
Cole-Carpenter_Syndrome	Cole-Carpenter syndrome	MONDO:0016085	2	17	2	0	0	0	STALE_INPUT	NA
Colobomatous_Microphthalmia-Rhizomelic_Dysplasia_Syndrome	Colobomatous Microphthalmia-Rhizomelic Dysplasia Syndrome	MONDO:0014380	0	7	0	0	0	0	NOT_RUN	NA
Combined_Immunodeficiency_Due_To_CD3gamma_Deficiency	Combined immunodeficiency due to CD3gamma deficiency	MONDO:0014276	0	8	0	0	0	0	NOT_RUN	NA
Combined_Immunodeficiency_Due_To_CTPS1_Deficiency	Combined Immunodeficiency Due to CTPS1 Deficiency	MONDO:0014391	0	7	0	0	0	0	NOT_RUN	NA
Combined_Immunodeficiency_Due_To_GINS1_Deficiency	Combined Immunodeficiency Due To GINS1 Deficiency	MONDO:0044725	0	7	0	0	0	0	NOT_RUN	NA
Combined_Malonic_and_Methylmalonic_Aciduria	Combined Malonic and Methylmalonic Aciduria	MONDO:0013661	0	8	0	0	0	0	NOT_RUN	NA
Combined_Oxidative_Phosphorylation_Defect_Type_13	Combined Oxidative Phosphorylation Defect Type 13	MONDO:0013977	0	7	0	0	0	0	NOT_RUN	NA
Combined_Oxidative_Phosphorylation_Defect_Type_21	Combined Oxidative Phosphorylation Defect Type 21	MONDO:0014398	0	7	0	0	0	0	NOT_RUN	NA
Combined_Oxidative_Phosphorylation_Defect_Type_26	Combined Oxidative Phosphorylation Defect Type 26	MONDO:0014684	0	7	0	0	0	0	NOT_RUN	NA
Combined_Oxidative_Phosphorylation_Defect_Type_30	Combined Oxidative Phosphorylation Defect Type 30	MONDO:0014856	0	7	0	0	0	0	NOT_RUN	NA
Combined_Oxidative_Phosphorylation_Defect_Type_4	Combined Oxidative Phosphorylation Defect Type 4	MONDO:0012534	0	8	0	0	0	0	NOT_RUN	NA
Combined_Oxidative_Phosphorylation_Defect_Type_7	Combined Oxidative Phosphorylation Defect Type 7	MONDO:0013306	0	7	0	0	0	0	NOT_RUN	NA
Combined_Oxidative_Phosphorylation_Deficiency_42	Combined oxidative phosphorylation deficiency 42	MONDO:0030008	0	5	0	0	0	0	NOT_RUN	NA
Combined_Oxidative_Phosphorylation_Deficiency_51	Combined Oxidative Phosphorylation Deficiency 51	MONDO:0033631	0	5	0	0	0	0	NOT_RUN	NA
Combined_Pituitary_Hormone_Deficiencies_Genetic_Form	Combined Pituitary Hormone Deficiencies, Genetic Form	MONDO:0018762	0	4	0	0	0	0	NOT_RUN	NA
Combined_Saposin_Deficiency	Combined Saposin Deficiency	MONDO:0012719	0	8	0	0	0	0	NOT_RUN	NA
Complement_Component_2_Deficiency	Complement Component 2 Deficiency	MONDO:0009006	0	6	0	0	0	0	NOT_RUN	NA
Complex_Hereditary_Spastic_Paraplegia	Complex Hereditary Spastic Paraplegia	MONDO:0015150	0	4	0	0	0	0	NOT_RUN	NA
Cone-rod_Dystrophy_And_Hearing_Loss_2	Cone-rod dystrophy and hearing loss 2	MONDO:0020780	0	4	0	0	0	0	NOT_RUN	NA
Congenital_Adrenal_Hyperplasia	Congenital Adrenal Hyperplasia	MONDO:0018479	8	63	8	0	0	0	STALE_INPUT	NA
Congenital_Bilateral_Absence_of_Vas_Deferens	Congenital Bilateral Absence of Vas Deferens	MONDO:0018801	2	17	2	0	0	0	STALE_INPUT	NA
Congenital_Chloride_Diarrhea	Congenital Chloride Diarrhea	MONDO:0008964	0	8	0	0	0	0	NOT_RUN	NA
Congenital_Disorder_Of_Glycosylation_Type_ICC	Congenital Disorder of Glycosylation, Type ICC	MONDO:0026729	0	5	0	0	0	0	NOT_RUN	NA
Congenital_Disorder_of_Glycosylation_Type_IIw	Congenital Disorder of Glycosylation, Type IIw	MONDO:0030437	0	5	0	0	0	0	NOT_RUN	NA
Congenital_Dyserythropoietic_Anemia	Congenital Dyserythropoietic Anemia	MONDO:0019403	3	30	3	0	0	0	STALE_INPUT	NA
Congenital_Fibrosis_of_the_Extraocular_Muscles	Congenital Fibrosis of the Extraocular Muscles	MONDO:0007614	7	46	7	0	0	0	STALE_INPUT	NA
Congenital_Glaucoma	Congenital Glaucoma	MONDO:0020366	6	38	6	0	0	0	STALE_INPUT	NA
Congenital_Heart_Defects_Multiple_Types_2	Congenital Heart Defects, Multiple Types, 2	MONDO:0014000	0	4	0	0	0	0	NOT_RUN	NA
Congenital_Heart_Defects_and_Skeletal_Malformations_Syndrome	Congenital Heart Defects and Skeletal Malformations Syndrome	MONDO:0060532	0	6	0	0	0	0	NOT_RUN	NA
Congenital_Heart_Disease	Congenital Heart Disease	MONDO:0005453	4	28	2	2	0	0	RETRACTED	1
Congenital_Hydrocephalus	Congenital Hydrocephalus	MONDO:0016349	5	30	4	1	0	0	ALL_MAPPINGS_CONSISTENT	0
Congenital_Hypomyelinating_Neuropathy	Congenital Hypomyelinating Neuropathy	MONDO:0033352	3	23	3	0	0	0	STALE_INPUT	NA
Congenital_Hypothyroidism	Congenital Hypothyroidism	MONDO:0018612	4	32	4	0	0	0	ALL_MAPPINGS_CONSISTENT	0
Congenital_Insensitivity_to_Pain	Congenital Insensitivity to Pain	MONDO:0015364	5	46	4	1	0	0	STALE_INPUT	NA
Congenital_Lactase_Deficiency	Congenital Lactase Deficiency	MONDO:0009115	0	10	0	0	0	0	NOT_RUN	NA
Congenital_Myasthenic_Syndrome	Congenital Myasthenic Syndrome	MONDO:0018940	0	9	0	0	0	0	NOT_RUN	NA
Congenital_Myasthenic_Syndrome_15	Congenital Myasthenic Syndrome 15	MONDO:0014542	0	5	0	0	0	0	NOT_RUN	NA
Congenital_Myasthenic_Syndrome_6	Congenital Myasthenic Syndrome 6	MONDO:0009689	0	7	0	0	0	0	NOT_RUN	NA
Congenital_Primary_Megaureter	Congenital Primary Megaureter	MONDO:0018960	4	24	4	0	0	0	ALL_MAPPINGS_CONSISTENT	0
Congenital_Sialidosis_Type_2	Congenital Sialidosis Type 2	MONDO:0019682	0	6	0	0	0	0	NOT_RUN	NA
Congenital_Sodium_Diarrhea	Congenital Sodium Diarrhea	MONDO:0015170	0	5	0	0	0	0	NOT_RUN	NA
Congenital_Stationary_Night_Blindness	Congenital Stationary Night Blindness	MONDO:0016293	3	26	3	0	0	0	STALE_INPUT	NA
Congenital_Sucrase-Isomaltase_Deficiency	Congenital Sucrase-Isomaltase Deficiency	MONDO:0009114	0	10	0	0	0	0	NOT_RUN	NA
Congenital_Thrombotic_Thrombocytopenic_Purpura	Congenital Thrombotic Thrombocytopenic Purpura	MONDO:0010122	0	7	0	0	0	0	NOT_RUN	NA
Congenital_Tufting_Enteropathy	Congenital Tufting Enteropathy	MONDO:0013184	0	9	0	0	0	0	NOT_RUN	NA
Congenital_Vertebral-Cardiac-Renal_Anomalies_Syndrome	Congenital Vertebral-Cardiac-Renal Anomalies Syndrome	MONDO:0020831	3	17	3	0	0	0	NOT_RUN	NA
Constitutional_Mismatch_Repair_Deficiency	Constitutional Mismatch Repair Deficiency	MONDO:0031219	4	23	4	0	0	0	ALL_MAPPINGS_CONSISTENT	0
Cooks_Syndrome	Cooks Syndrome	MONDO:0007134	0	7	0	0	0	0	NOT_RUN	NA
Cori_Forbes_Disease	Cori Forbes Disease	MONDO:0009291	0	10	0	0	0	0	NOT_RUN	NA
Corneal_Dystrophy	Corneal Dystrophy	MONDO:0018102	4	27	4	0	0	0	STALE_INPUT	NA
Cornelia_de_Lange_Syndrome_4	Cornelia de Lange Syndrome 4	MONDO:0013864	0	5	0	0	0	0	NOT_RUN	NA
Cornelia_de_Lange_Syndrome_5	Cornelia de Lange Syndrome 5	MONDO:0010471	0	5	0	0	0	0	NOT_RUN	NA
Coronary_Artery_Congenital_Malformation	Coronary Artery Congenital Malformation	MONDO:0015203	4	23	4	0	0	0	ALL_MAPPINGS_CONSISTENT	0
Corpus_Callosum_Agenesis-Intellectual_Disability-Coloboma-Micrognathia_Syndrome	Corpus Callosum Agenesis-Intellectual Disability-Coloboma-Micrognathia Syndrome	MONDO:0010333	0	8	0	0	0	0	NOT_RUN	NA
Cortisone_Reductase_Deficiency	Cortisone Reductase Deficiency	MONDO:0000193	0	7	0	0	0	0	NOT_RUN	NA
Costello_Syndrome	Costello Syndrome	MONDO:0009026	0	10	0	0	0	0	NOT_RUN	NA
Cowden_Syndrome	Cowden Syndrome	MONDO:0016063	0	8	0	0	0	0	NOT_RUN	NA
Cranial_Neuralgia	Cranial Neuralgia	MONDO:0016374	2	18	2	0	0	0	ALL_MAPPINGS_CONSISTENT	0
Cranioectodermal_Dysplasia	Cranioectodermal Dysplasia	MONDO:0009032	0	8	0	0	0	0	NOT_RUN	NA
Craniofacial-Deafness-Hand_Syndrome	Craniofacial-Deafness-Hand Syndrome	MONDO:0007395	0	9	0	0	0	0	NOT_RUN	NA
Craniometaphyseal_Dysplasia	Craniometaphyseal Dysplasia	MONDO:0015465	2	19	2	0	0	0	STALE_INPUT	NA
Creatine_Transporter_Deficiency	Creatine Transporter Deficiency	MONDO:0010305	0	9	0	0	0	0	NOT_RUN	NA
Crigler-Najjar_Syndrome	Crigler-Najjar Syndrome	MONDO:0009044	2	25	2	0	0	0	STALE_INPUT	NA
Crouzon_Syndrome	Crouzon Syndrome	MONDO:0007405	0	10	0	0	0	0	NOT_RUN	NA
Crouzon_Syndrome_with_Acanthosis_Nigricans	Crouzon Syndrome with Acanthosis Nigricans	MONDO:0012833	0	9	0	0	0	0	NOT_RUN	NA
Cryoglobulinemic_Vasculitis	Cryoglobulinemic Vasculitis	MONDO:0007407	3	19	2	1	0	0	ALL_MAPPINGS_CONSISTENT	0
Cyanosis_Transient_Neonatal	Cyanosis Transient Neonatal	MONDO:0013511	1	9	1	0	0	0	NOT_RUN	NA
Cystinosis	Cystinosis	MONDO:0016239	3	31	3	0	0	0	STALE_INPUT	NA
Cystinuria	Cystinuria	MONDO:0009067	2	24	2	0	0	0	STALE_INPUT	NA
Czech_Dysplasia	Czech dysplasia	MONDO:0012206	0	7	0	0	0	0	NOT_RUN	NA
D-2-Hydroxyglutaric_Aciduria	D-2-Hydroxyglutaric Aciduria	MONDO:0010924	2	17	2	0	0	0	STALE_INPUT	NA
DECR_Deficiency	DECR Deficiency	MONDO:0014464	0	7	0	0	0	0	NOT_RUN	NA
DEF6_Deficiency	DEF6 Deficiency	MONDO:0030457	0	5	0	0	0	0	NOT_RUN	NA
DENND5A-Related_Developmental_and_Epileptic_Encephalopathy	DENND5A-Related Developmental and Epileptic Encephalopathy	MONDO:0015002	0	5	0	0	0	0	NOT_RUN	NA
DEPDC5-Related_Epilepsy	DEPDC5-Related Epilepsy	MONDO:0005384	0	6	0	0	0	0	NOT_RUN	NA
DGAT1_Deficiency	DGAT1 Deficiency	MONDO:0014375	0	7	0	0	0	0	NOT_RUN	NA
DHRSX-Congenital_Disorder_of_Glycosylation	DHRSX-Congenital Disorder of Glycosylation	MONDO:0975846	0	4	0	0	0	0	NOT_RUN	NA
DICER1_Tumor_Predisposition_Syndrome	DICER1 Tumor Predisposition Syndrome	MONDO:0100216	0	7	0	0	0	0	NOT_RUN	NA
DK1-congenital_disorder_of_glycosylation	DK1-congenital disorder of glycosylation	MONDO:0012556	0	8	0	0	0	0	NOT_RUN	NA
DLG4-Related_Synaptopathy	DLG4-Related Synaptopathy	MONDO:0032919	0	6	0	0	0	0	NOT_RUN	NA
DNM1_Encephalopathy	DNM1 Encephalopathy	MONDO:0014598	0	5	0	0	0	0	NOT_RUN	NA
DONSON-Related_Microcephalic_Primordial_Dwarfism	DONSON-Related Microcephalic Primordial Dwarfism	MONDO:0035534	2	20	0	2	0	0	STALE_INPUT	NA
DOORS_Syndrome	DOORS Syndrome	MONDO:0009079	0	8	0	0	0	0	NOT_RUN	NA
DPM2-congenital_disorder_of_glycosylation	DPM2-congenital disorder of glycosylation	MONDO:0014023	0	7	0	0	0	0	NOT_RUN	NA
DTYMK-Related_Neurodegeneration	DTYMK-Related Neurodegeneration	MONDO:0859241	0	4	0	0	0	0	NOT_RUN	NA
DYRK1A_Syndrome	DYRK1A-related intellectual disability syndrome	MONDO:0013578	0	7	0	0	0	0	NOT_RUN	NA
Dacryocystitis-Osteopoikilosis_Syndrome	Dacryocystitis-Osteopoikilosis Syndrome	MONDO:0008158	0	5	0	0	0	0	NOT_RUN	NA
Danon_disease	Danon disease	MONDO:0010281	0	10	0	0	0	0	NOT_RUN	NA
DeSanto-Shinawi_Syndrome	DeSanto-Shinawi syndrome	MONDO:0018760	2	17	2	0	0	0	NOT_RUN	NA
Deafness-Lymphedema-Leukemia_Syndrome	deafness-lymphedema-leukemia syndrome	MONDO:0013540	0	5	0	0	0	0	NOT_RUN	NA
Deafness_Congenital_Heart_Defects_And_Posterior_Embryotoxon	Deafness, Congenital Heart Defects, and Posterior Embryotoxon	MONDO:0060713	0	5	0	0	0	0	NOT_RUN	NA
Deeah_Syndrome	Deeah Syndrome	MONDO:0033561	0	5	0	0	0	0	NOT_RUN	NA
Deficiency_of_Adenosine_Deaminase_2	Deficiency of Adenosine Deaminase 2	MONDO:0014306	0	6	0	0	0	0	NOT_RUN	NA
Delpire-McNeill_Syndrome	Delpire-McNeill Syndrome	MONDO:0033667	0	6	0	0	0	0	NOT_RUN	NA
Dentatorubral-Pallidoluysian_Atrophy	Dentatorubral-Pallidoluysian Atrophy	MONDO:0007435	0	8	0	0	0	0	NOT_RUN	NA
Dentici-Novelli_neurodevelopmental_syndrome	Dentici-Novelli neurodevelopmental syndrome	MONDO:0859251	0	4	0	0	0	0	NOT_RUN	NA
Denys-Drash_Syndrome	Denys-Drash Syndrome	MONDO:0008682	0	9	0	0	0	0	NOT_RUN	NA
Dermatosparaxis_Ehlers-Danlos_Syndrome	Dermatosparaxis Ehlers-Danlos Syndrome	MONDO:0009161	0	9	0	0	0	0	NOT_RUN	NA
Developmental_And_Epileptic_Encephalopathy_116	Developmental and Epileptic Encephalopathy 116	MONDO:0970945	0	5	0	0	0	0	NOT_RUN	NA
Developmental_And_Epileptic_Encephalopathy_14	Developmental and Epileptic Encephalopathy 14	MONDO:0013989	1	10	0	1	0	0	NOT_RUN	NA
Developmental_And_Epileptic_Encephalopathy_19	Developmental and Epileptic Encephalopathy 19	MONDO:0014328	0	6	0	0	0	0	NOT_RUN	NA
Developmental_And_Epileptic_Encephalopathy_38	Developmental And Epileptic Encephalopathy 38	MONDO:0014868	0	5	0	0	0	0	NOT_RUN	NA
Developmental_And_Epileptic_Encephalopathy_46	Developmental And Epileptic Encephalopathy 46	MONDO:0014947	0	5	0	0	0	0	NOT_RUN	NA
Developmental_And_Epileptic_Encephalopathy_50	Developmental and Epileptic Encephalopathy 50	MONDO:0014647	0	7	0	0	0	0	NOT_RUN	NA
Developmental_And_Epileptic_Encephalopathy_80	Developmental And Epileptic Encephalopathy 80	MONDO:0032822	0	5	0	0	0	0	NOT_RUN	NA
Developmental_And_Epileptic_Encephalopathy_81	Developmental and Epileptic Encephalopathy 81	MONDO:0032858	0	5	0	0	0	0	NOT_RUN	NA
Developmental_And_Epileptic_Encephalopathy_89	Developmental and Epileptic Encephalopathy 89	MONDO:0030856	0	5	0	0	0	0	NOT_RUN	NA
Developmental_Delay_Hypotonia_Musculoskeletal_Defects_And_Behavioral_Abnormalities	Developmental Delay, Hypotonia, Musculoskeletal Defects, and Behavioral Abnormalities	MONDO:0859202	0	4	0	0	0	0	NOT_RUN	NA
Developmental_and_Epileptic_Encephalopathy_55	Developmental and Epileptic Encephalopathy 55	MONDO:0033364	0	5	0	0	0	0	NOT_RUN	NA
Diabetes_Deafness_Developmental_Delay_and_Short_Stature_Syndrome	Diabetes Deafness Developmental Delay and Short Stature Syndrome	MONDO:0957997	0	4	0	0	0	0	NOT_RUN	NA
Diabetes_Mellitus	Diabetes mellitus	MONDO:0005015	27	177	27	0	0	0	ALL_MAPPINGS_CONSISTENT	0
Diabetic_Retinopathy	Diabetic Retinopathy	MONDO:0005266	3	23	3	0	0	0	ALL_MAPPINGS_CONSISTENT	0
Diamond-Blackfan_Anemia	Diamond-Blackfan Anemia	MONDO:0015253	0	8	0	0	0	0	NOT_RUN	NA
Diaphyseal_Medullary_Stenosis_With_Malignant_Fibrous_Histiocytoma	Diaphyseal Medullary Stenosis with Malignant Fibrous Histiocytoma	MONDO:0007205	0	8	0	0	0	0	NOT_RUN	NA
Diastrophic_Dysplasia	Diastrophic Dysplasia	MONDO:0009107	0	11	0	0	0	0	NOT_RUN	NA
Diffuse_Astrocytoma	Diffuse Astrocytoma	MONDO:0016686	2	15	0	2	0	0	ALL_MAPPINGS_CONSISTENT	0
Diffuse_Nonepidermolytic_Palmoplantar_Keratoderma	Diffuse Nonepidermolytic Palmoplantar Keratoderma	MONDO:0010962	0	8	0	0	0	0	NOT_RUN	NA
Dihydropyrimidine_Dehydrogenase_Deficiency	Dihydropyrimidine Dehydrogenase Deficiency	MONDO:0010130	0	10	0	0	0	0	NOT_RUN	NA
Dilated_Cardiomyopathy_1EE	Dilated Cardiomyopathy 1EE	MONDO:0013198	0	6	0	0	0	0	NOT_RUN	NA
Dilated_Cardiomyopathy_1GG	Dilated Cardiomyopathy 1GG	MONDO:0013339	0	5	0	0	0	0	NOT_RUN	NA
Dilated_Cardiomyopathy_1JJ	Dilated Cardiomyopathy 1JJ	MONDO:0014095	0	5	0	0	0	0	NOT_RUN	NA
Dilated_Cardiomyopathy_1O	Dilated Cardiomyopathy 1O	MONDO:0012062	0	6	0	0	0	0	NOT_RUN	NA
Dilated_Cardiomyopathy_1R	Dilated Cardiomyopathy 1R	MONDO:0013261	0	5	0	0	0	0	NOT_RUN	NA
Dilated_Cardiomyopathy_1U	Dilated Cardiomyopathy 1U	MONDO:0013371	0	6	0	0	0	0	NOT_RUN	NA
Dilated_Cardiomyopathy_1X	Dilated Cardiomyopathy 1X	MONDO:0012704	0	6	0	0	0	0	NOT_RUN	NA
Dilated_Cardiomyopathy_1Y	Dilated Cardiomyopathy 1Y	MONDO:0012744	0	6	0	0	0	0	NOT_RUN	NA
Dimethylglycine_Dehydrogenase_Deficiency	Dimethylglycine Dehydrogenase Deficiency	MONDO:0011610	0	8	0	0	0	0	NOT_RUN	NA
Diphtheria	Diphtheria	MONDO:0005504	5	35	5	0	0	0	ALL_MAPPINGS_CONSISTENT	0
Disorder_of_Catecholamine_Synthesis	Disorder of Catecholamine Synthesis	MONDO:0017759	5	36	1	4	0	0	ALL_MAPPINGS_CONSISTENT	0
Distal_Hereditary_Motor_Neuronopathy_Type_2A	Distal Hereditary Motor Neuronopathy Type 2A	MONDO:0008025	0	5	0	0	0	0	NOT_RUN	NA
Distal_Hereditary_Motor_Neuronopathy_Type_5B	Distal Hereditary Motor Neuronopathy Type 5B	MONDO:0013884	0	5	0	0	0	0	NOT_RUN	NA
Distal_Myopathy_6_Adult-Onset_Autosomal_Dominant	Distal Myopathy 6, Adult-Onset, Autosomal Dominant	MONDO:0032853	0	4	0	0	0	0	NOT_RUN	NA
Dominant_Deafness-Onychodystrophy_Syndrome	Dominant Deafness-Onychodystrophy Syndrome	MONDO:0007420	0	7	0	0	0	0	NOT_RUN	NA
Donnai-Barrow_syndrome	Donnai-Barrow syndrome	MONDO:0009104	0	8	0	0	0	0	NOT_RUN	NA
Dorfman_Chanarin_Disease	Dorfman-Chanarin Disease	MONDO:0010155	0	7	0	0	0	0	NOT_RUN	NA
Double_Outlet_Right_Ventricle	Double Outlet Right Ventricle	MONDO:0018089	5	31	5	0	0	0	RETRACTED	1
Dowling-Degos_Disease	Dowling-Degos Disease	MONDO:0008371	3	20	3	0	0	0	STALE_INPUT	NA
Du_Pan_Syndrome	Du Pan Syndrome	MONDO:0009231	0	8	0	0	0	0	NOT_RUN	NA
Duane_Radial_Ray_Syndrome	Duane-Radial Ray Syndrome	MONDO:0011812	0	9	0	0	0	0	NOT_RUN	NA
Duane_Retraction_Syndrome	Duane Retraction Syndrome	MONDO:0007473	0	9	0	0	0	0	NOT_RUN	NA
Duane_Retraction_Syndrome_3_With_Or_Without_Deafness	Duane Retraction Syndrome 3 With Or Without Deafness	MONDO:0014880	0	5	0	0	0	0	NOT_RUN	NA
Dubin-Johnson_Syndrome	Dubin-Johnson Syndrome	MONDO:0009380	0	10	0	0	0	0	NOT_RUN	NA
Dyskeratosis_Congenita	Dyskeratosis Congenita	MONDO:0015780	1	13	0	1	0	0	NOT_RUN	NA
Dysostosis_Multiplex_Ain-Naz_Type	Dysostosis Multiplex, Ain-Naz Type	MONDO:0859156	0	4	0	0	0	0	NOT_RUN	NA
Dystroglycanopathy	Dystroglycanopathy	MONDO:0018276	3	20	3	0	0	0	STALE_INPUT	NA
Dystrophic_Epidermolysis_Bullosa	Dystrophic Epidermolysis Bullosa	MONDO:0006543	4	36	4	0	0	0	STALE_INPUT	NA
ECHS1_Deficiency	ECHS1 Deficiency	MONDO:0014563	0	7	0	0	0	0	NOT_RUN	NA
EDAR_Hypohidrotic_Ectodermal_Dysplasia	EDAR-Related Hypohidrotic Ectodermal Dysplasia	MONDO:0016535	2	19	2	0	0	0	ALL_MAPPINGS_CONSISTENT	0
EDN3_EDNRB_Waardenburg_Shah	EDN3/EDNRB Waardenburg-Shah	MONDO:0019518	2	17	2	0	0	0	ALL_MAPPINGS_CONSISTENT	0
EFL1-related_Shwachman-Diamond_syndrome	EFL1-related Shwachman-Diamond syndrome	MONDO:0044205	0	4	0	0	0	0	NOT_RUN	NA
EML1_Ribbon_Heterotopia	EML1-related Ribbon-like Subcortical Heterotopia	MONDO:0020491	0	8	0	0	0	0	NOT_RUN	NA
ER_Positive_Breast_Cancer	ER-Positive Breast Cancer	MONDO:0006512	2	13	0	2	0	0	ALL_MAPPINGS_CONSISTENT	0
EVEN-PLUS_Syndrome	EVEN-PLUS Syndrome	MONDO:0014801	0	6	0	0	0	0	NOT_RUN	NA
EYA1-Related_Branchiootorenal_Spectrum	EYA1-Related Branchiootorenal Spectrum Disorder	MONDO:0011258	2	15	0	1	0	1	ALL_MAPPINGS_CONSISTENT	0
EYS_Related_Retinitis_Pigmentosa	EYS-Related Retinitis Pigmentosa	MONDO:0011272	0	6	0	0	0	0	NOT_RUN	NA
Early-Onset_Autosomal_Dominant_Alzheimer_Disease	Early-Onset Autosomal Dominant Alzheimer Disease	MONDO:0015140	4	27	3	1	0	0	ALL_MAPPINGS_CONSISTENT	0
Ectodermal_Dysplasia_and_Immunodeficiency_2	Ectodermal Dysplasia and Immunodeficiency 2	MONDO:0012806	0	7	0	0	0	0	NOT_RUN	NA
Ectopic_Pregnancy	Ectopic Pregnancy	MONDO:0000755	4	28	4	0	0	0	ALL_MAPPINGS_CONSISTENT	0
Ehlers-Danlos_Syndrome	Ehlers-Danlos Syndrome	MONDO:0020066	1	13	1	0	0	0	ALL_MAPPINGS_CONSISTENT	0
Ellis-van_Creveld_Syndrome	Ellis-van Creveld Syndrome	MONDO:0009162	0	10	0	0	0	0	NOT_RUN	NA
Elsahy-Waters_Syndrome	Elsahy-Waters Syndrome	MONDO:0008885	0	9	0	0	0	0	NOT_RUN	NA
Embryonal_Carcinoma	Embryonal Carcinoma	MONDO:0005440	4	27	4	0	0	0	ALL_MAPPINGS_CONSISTENT	0
Emery_Dreifuss_Muscular_Dystrophy	Emery-Dreifuss Muscular Dystrophy	MONDO:0016830	5	36	5	0	0	0	STALE_INPUT	NA
Enhanced_S-Cone_Syndrome	Enhanced S-Cone Syndrome	MONDO:0100288	0	5	0	0	0	0	NOT_RUN	NA
Epidermolysis_Bullosa	Epidermolysis Bullosa	MONDO:0006541	0	7	0	0	0	0	NOT_RUN	NA
Epidermolysis_Bullosa_Simplex	Epidermolysis Bullosa Simplex	MONDO:0017610	0	11	0	0	0	0	NOT_RUN	NA
Epilepsy	Epilepsy	MONDO:0005027	5	45	5	0	0	0	RETRACTED	1
Episodic_Ataxia	Episodic Ataxia	MONDO:0016227	2	21	2	0	0	0	STALE_INPUT	NA
Erythrokeratodermia_Variabilis	Erythrokeratodermia Variabilis	MONDO:0017851	0	13	0	0	0	0	NOT_RUN	NA
Erythropoietic_Protoporphyria	Erythropoietic Protoporphyria	MONDO:0001676	0	7	0	0	0	0	NOT_RUN	NA
Ethylmalonic_Encephalopathy	Ethylmalonic Encephalopathy	MONDO:0011229	0	9	0	0	0	0	NOT_RUN	NA
Ewing_Sarcoma	Ewing Sarcoma	MONDO:0012817	2	21	2	0	0	0	ALL_MAPPINGS_CONSISTENT	0
FADD-related_Immunodeficiency	FADD-Related Immunodeficiency	MONDO:0013408	0	8	0	0	0	0	NOT_RUN	NA
FAM111A-Related_Skeletal_Dysplasia	FAM111A-Related Skeletal Dysplasia	MONDO:1060172	2	19	2	0	0	0	STALE_INPUT	NA
FAS-related_Autoimmune_Lymphoproliferative_Syndrome	FAS-related Autoimmune Lymphoproliferative Syndrome	MONDO:1060194	0	3	0	0	0	0	NOT_RUN	NA
FASTKD5-Related_COX_Deficiency	FASTKD5-Related COX Deficiency	MONDO:0980755	0	4	0	0	0	0	NOT_RUN	NA
FGF12-Related_Developmental_and_Epileptic_Encephalopathy	FGF12-Related Developmental and Epileptic Encephalopathy	MONDO:0014949	0	5	0	0	0	0	NOT_RUN	NA
FGFR1_Hypogonadotropic_Hypogonadism	FGFR1-Related Hypogonadotropic Hypogonadism	MONDO:0007844	0	5	0	0	0	0	NOT_RUN	NA
FGFR2-Related_Bent_Bone_Dysplasia	FGFR2-Related Bent Bone Dysplasia	MONDO:0013815	0	7	0	0	0	0	NOT_RUN	NA
FG_Syndrome_1	FG Syndrome 1	MONDO:0010590	0	6	0	0	0	0	NOT_RUN	NA
FG_Syndrome_4	FG Syndrome 4	MONDO:0010318	0	4	0	0	0	0	NOT_RUN	NA
FILS_Syndrome	FILS Syndrome	MONDO:0014058	0	6	0	0	0	0	NOT_RUN	NA
FLVCR1-Related_Retinopathy	FLVCR1-Related Retinopathy with or without Ataxia	MONDO:0100449	1	11	1	0	0	0	STALE_INPUT	NA
FOLR1-Related_Cerebral_Folate_Transport_Deficiency	FOLR1-Related Cerebral Folate Transport Deficiency	MONDO:0013110	0	9	0	0	0	0	NOT_RUN	NA
FOXE3_Anterior_Segment_Dysgenesis	FOXE3-Related Anterior Segment Dysgenesis	MONDO:0019503	0	7	0	0	0	0	NOT_RUN	NA
FOXP1_Syndrome	FOXP1 Syndrome	MONDO:0013352	0	7	0	0	0	0	NOT_RUN	NA
Fabry_Disease	Fabry disease	MONDO:0010526	0	10	0	0	0	0	NOT_RUN	NA
Facioscapulohumeral_Muscular_Dystrophy	Facioscapulohumeral Muscular Dystrophy	MONDO:0001347	2	23	2	0	0	0	ALL_MAPPINGS_CONSISTENT	0
Familial_Atrial_Fibrillation	Familial Atrial Fibrillation	MONDO:0018054	18	84	18	0	0	0	ALL_MAPPINGS_CONSISTENT	0
Familial_Chylomicronemia_Syndrome	Familial Chylomicronemia Syndrome	MONDO:0018637	0	6	0	0	0	0	NOT_RUN	NA
Familial_Cold_Autoinflammatory_Syndrome	Familial Cold Autoinflammatory Syndrome	MONDO:0018768	4	36	4	0	0	0	STALE_INPUT	NA
Familial_Congenital_Mirror_Movements	Familial Congenital Mirror Movements	MONDO:0016558	0	7	0	0	0	0	NOT_RUN	NA
Familial_Defective_Apolipoprotein_B-100	Familial Defective Apolipoprotein B-100	MONDO:0007751	0	4	0	0	0	0	NOT_RUN	NA
Familial_Episodic_Pain_Syndrome_With_Predominantly_Lower_Limb_Involvement	Familial_Episodic_Pain_Syndrome_With_Predominantly_Lower_Limb_Involvement	MONDO:0014247	0	8	0	0	0	0	NOT_RUN	NA
Familial_Exudative_Vitreoretinopathy	Familial Exudative Vitreoretinopathy	MONDO:0019516	0	7	0	0	0	0	NOT_RUN	NA
Familial_Focal_Epilepsy_With_Variable_Foci	Familial Focal Epilepsy With Variable Foci	MONDO:0020310	0	8	0	0	0	0	NOT_RUN	NA
Familial_Glucocorticoid_Deficiency	Familial Glucocorticoid Deficiency	MONDO:0008733	5	37	5	0	0	0	STALE_INPUT	NA
Familial_Hemiplegic_Migraine	Familial Hemiplegic Migraine	MONDO:0000700	3	26	3	0	0	0	STALE_INPUT	NA
Familial_Hyperaldosteronism	familial hyperaldosteronism	MONDO:0016525	4	41	4	0	0	0	STALE_INPUT	NA
Familial_Hyperaldosteronism_Type_I	Familial hyperaldosteronism type I	MONDO:0007080	0	9	0	0	0	0	NOT_RUN	NA
Familial_Hypercholesterolemia	Familial Hypercholesterolemia	MONDO:0005439	1	12	1	0	0	0	STALE_INPUT	NA
Familial_Hypocalciuric_Hypercalcemia_1	Familial Hypocalciuric Hypercalcemia 1	MONDO:0007791	0	8	0	0	0	0	NOT_RUN	NA
Familial_Isolated_Vitamin_E_Deficiency	Familial Isolated Vitamin E Deficiency	MONDO:0010188	0	8	0	0	0	0	NOT_RUN	NA
Familial_Mediterranean_Fever	Familial Mediterranean Fever	MONDO:0018088	0	9	0	0	0	0	NOT_RUN	NA
Familial_Nonmedullary_Thyroid_Carcinoma	Familial Nonmedullary Thyroid Carcinoma	MONDO:0017896	3	19	3	0	0	0	ALL_MAPPINGS_CONSISTENT	0
Familial_Partial_Lipodystrophy	Familial Partial Lipodystrophy	MONDO:0020088	7	56	7	0	0	0	STALE_INPUT	NA
Familial_Progressive_Hyperpigmentation_With_Or_Without_Hypopigmentation	Familial Progressive Hyperpigmentation With Or Without Hypopigmentation	MONDO:0007771	0	5	0	0	0	0	NOT_RUN	NA
Familial_Renal_Glucosuria	Familial Renal Glucosuria	MONDO:0009297	2	28	0	0	0	2	STALE_INPUT	NA
Familial_Sleep_Related_Hypermotor_Epilepsy	Familial Sleep-Related Hypermotor Epilepsy	MONDO:0000030	5	37	5	0	0	0	STALE_INPUT	NA
Familial_Thoracic_Aortic_Aneurysm_and_Aortic_Dissection	Familial Thoracic Aortic Aneurysm and Aortic Dissection	MONDO:0019625	9	47	9	0	0	0	STALE_INPUT	NA
Familial_Vesicoureteral_Reflux	Familial Vesicoureteral Reflux	MONDO:0017329	9	43	9	0	0	0	STALE_INPUT	NA
Familial_Visceral_Amyloidosis	Familial Visceral Amyloidosis	MONDO:0007099	4	30	4	0	0	0	STALE_INPUT	NA
Familial_Visceral_Neuropathy_2	Familial Visceral Neuropathy 2	MONDO:0030399	0	4	0	0	0	0	NOT_RUN	NA
Fanconi-Bickel_Syndrome	Fanconi-Bickel Syndrome	MONDO:0009216	0	8	0	0	0	0	NOT_RUN	NA
Fanconi_Anemia	Fanconi_Anemia	MONDO:0019391	21	128	21	0	0	0	ALL_MAPPINGS_CONSISTENT	0
Fanconi_Renotubular_Syndrome	Fanconi Renotubular Syndrome	MONDO:0001083	0	7	0	0	0	0	NOT_RUN	NA
Farber_Disease	Farber Disease	MONDO:0009218	0	9	0	0	0	0	NOT_RUN	NA
Fatal_Familial_Insomnia	Fatal Familial Insomnia	MONDO:0010808	0	11	0	0	0	0	NOT_RUN	NA
Feingold_Syndrome	Feingold Syndrome	MONDO:0015267	2	19	2	0	0	0	STALE_INPUT	NA
Ferguson-Bonni_Neurodevelopmental_Syndrome	Ferguson-Bonni neurodevelopmental syndrome	MONDO:0859220	0	5	0	0	0	0	NOT_RUN	NA
Fetal_Alcohol_Spectrum_Disorder	Fetal Alcohol Spectrum Disorder	MONDO:0000408	2	19	2	0	0	0	RETRACTED	1
Fibrochondrogenesis	Fibrochondrogenesis	MONDO:0016068	0	8	0	0	0	0	NOT_RUN	NA
Fibrosarcoma	Fibrosarcoma	MONDO:0005164	1	12	1	0	0	0	ALL_MAPPINGS_CONSISTENT	0
Filippi_Syndrome	Filippi Syndrome	MONDO:0010092	0	9	0	0	0	0	NOT_RUN	NA
Finnish_Type_Amyloidosis	Finnish Type Amyloidosis	MONDO:0007097	0	8	0	0	0	0	NOT_RUN	NA
Floating-Harbor_syndrome	Floating-Harbor syndrome	MONDO:0007621	0	10	0	0	0	0	NOT_RUN	NA
Focal_Dermal_Hypoplasia	Focal Dermal Hypoplasia	MONDO:0010592	0	10	0	0	0	0	NOT_RUN	NA
Fontaine_Progeroid_Syndrome	Fontaine Progeroid Syndrome	MONDO:0012853	0	12	0	0	0	0	NOT_RUN	NA
Fountain_Syndrome	Fountain Syndrome	MONDO:0009241	0	7	0	0	0	0	NOT_RUN	NA
Fragile_X-Associated_Primary_Ovarian_Insufficiency	Fragile X-Associated Primary Ovarian Insufficiency	MONDO:0010706	0	7	0	0	0	0	NOT_RUN	NA
Fragile_X-Associated_Tremor_Ataxia_Syndrome	Fragile X-Associated Tremor Ataxia Syndrome	MONDO:0010382	0	9	0	0	0	0	NOT_RUN	NA
Frasier_Syndrome	Frasier Syndrome	MONDO:0007635	0	9	0	0	0	0	NOT_RUN	NA
Free_Sialic_Acid_Storage_Disease	Free Sialic Acid Storage Disease	MONDO:0019366	3	25	3	0	0	0	STALE_INPUT	NA
Frias_Syndrome	Frias syndrome	MONDO:0012324	0	7	0	0	0	0	NOT_RUN	NA
Friedreich_Ataxia	Friedreich Ataxia	MONDO:0100339	1	13	1	0	0	0	STALE_INPUT	NA
Frontonasal_Dysplasia	Frontonasal Dysplasia	MONDO:0016643	3	29	3	0	0	0	STALE_INPUT	NA
Frontotemporal_Dementia	Frontotemporal Dementia	MONDO:0017276	4	33	3	1	0	0	RETRACTED	1
Frontotemporal_Dementia_And_Or_Amyotrophic_Lateral_Sclerosis_2	Frontotemporal Dementia And/Or Amyotrophic Lateral Sclerosis 2	MONDO:0014395	0	5	0	0	0	0	NOT_RUN	NA
Fucosidosis	Fucosidosis	MONDO:0009254	0	10	0	0	0	0	NOT_RUN	NA
Fuhrmann_Syndrome	Fuhrmann Syndrome	MONDO:0009232	0	8	0	0	0	0	NOT_RUN	NA
G6PC3_Deficiency	G6PC3 Deficiency	MONDO:0012930	0	7	0	0	0	0	NOT_RUN	NA
GABRB3-Related_Developmental_and_Epileptic_Encephalopathy	GABRB3-Related Developmental and Epileptic Encephalopathy	MONDO:0014921	0	5	0	0	0	0	NOT_RUN	NA
GABRG2-Related_Epilepsy	GABRG2-Related Epilepsy	MONDO:0032725	1	10	0	0	0	1	ALL_MAPPINGS_CONSISTENT	0
GATA2_Deficiency	GATA2 Deficiency	MONDO:0042982	0	4	0	0	0	0	NOT_RUN	NA
GFI1B-related_Platelet-type_Bleeding_Disorder	GFI1B-related platelet-type bleeding disorder	MONDO:0008553	0	7	0	0	0	0	NOT_RUN	NA
GJB2-GJB6_Digenic_Nonsyndromic_Hearing_Loss	GJB2-GJB6 Digenic Nonsyndromic Hearing Loss	MONDO:0009076	0	7	0	0	0	0	NOT_RUN	NA
GLUT1_Deficiency_Syndrome	GLUT1 Deficiency Syndrome	MONDO:0011724	0	9	0	0	0	0	NOT_RUN	NA
GM1_Gangliosidosis_Type_1	GM1 Gangliosidosis Type 1	MONDO:0009260	0	8	0	0	0	0	NOT_RUN	NA
GM1_Gangliosidosis_Type_2	GM1 Gangliosidosis Type 2	MONDO:0009261	0	8	0	0	0	0	NOT_RUN	NA
GM1_Gangliosidosis_Type_3	GM1 Gangliosidosis Type 3	MONDO:0009262	0	8	0	0	0	0	NOT_RUN	NA
GM3_Synthase_Deficiency	GM3 synthase deficiency	MONDO:0018274	0	7	0	0	0	0	NOT_RUN	NA
GNAO1-Related_Developmental_and_Epileptic_Encephalopathy	GNAO1-Related Developmental and Epileptic Encephalopathy	MONDO:0014199	2	16	0	1	0	1	RETRACTED	1
GNE_Myopathy	GNE Myopathy	MONDO:0011603	0	7	0	0	0	0	NOT_RUN	NA
GNPTG-Mucolipidosis	GNPTG-Mucolipidosis	MONDO:0009652	0	9	0	0	0	0	NOT_RUN	NA
GRIN1-Related_Neurodevelopmental_Disorder	GRIN1-Related Neurodevelopmental Disorder	MONDO:1060123	0	3	0	0	0	0	NOT_RUN	NA
GRIN2A-Related_Epileptic_Encephalopathy_and_Intellectual_Disability	GRIN2A-Related Epileptic Encephalopathy and Intellectual Disability	MONDO:0017325	0	7	0	0	0	0	NOT_RUN	NA
GRIN2B-Related_Developmental_and_Epileptic_Encephalopathy	GRIN2B-Related Developmental and Epileptic Encephalopathy	MONDO:0014505	0	5	0	0	0	0	NOT_RUN	NA
GUCY2D-Related_Retinopathy	GUCY2D-Related Retinopathy	MONDO:0100453	1	6	0	1	0	0	ALL_MAPPINGS_CONSISTENT	0
Galactosemia	Galactosemia	MONDO:0018116	3	29	3	0	0	0	ALL_MAPPINGS_CONSISTENT	0
Galactosialidosis	Galactosialidosis	MONDO:0009737	0	10	0	0	0	0	NOT_RUN	NA
Galloway-Mowat_Syndrome	Galloway-Mowat syndrome	MONDO:0009627	10	53	10	0	0	0	STALE_INPUT	NA
Gastric_Adenocarcinoma	Gastric Adenocarcinoma	MONDO:0005036	3	21	3	0	0	0	ALL_MAPPINGS_CONSISTENT	0
Gastrointestinal_Lymphoma	Gastrointestinal Lymphoma	MONDO:0004699	5	31	5	0	0	0	ALL_MAPPINGS_CONSISTENT	0
Gaucher_Disease	Gaucher Disease	MONDO:0018150	3	27	3	0	0	0	ALL_MAPPINGS_CONSISTENT	0
Gaucher_Disease_Due_To_Saposin_C_Deficiency	Gaucher Disease Due To Saposin C Deficiency	MONDO:0012517	0	8	0	0	0	0	NOT_RUN	NA
Geleophysic_Dysplasia	Geleophysic Dysplasia	MONDO:0000127	3	22	3	0	0	0	STALE_INPUT	NA
Generalized_Epilepsy_with_Febrile_Seizures_Plus	Generalized Epilepsy with Febrile Seizures Plus	MONDO:0018214	0	8	0	0	0	0	NOT_RUN	NA
Generalized_Resistance_to_Thyroid_Hormone	Generalized Resistance to Thyroid Hormone	MONDO:0009043	0	3	0	0	0	0	NOT_RUN	NA
Genital_Lichen_Sclerosus	Genital Lichen Sclerosus	MONDO:0007899	2	18	1	1	0	0	ALL_MAPPINGS_CONSISTENT	0
Genitopatellar_Syndrome	Genitopatellar Syndrome	MONDO:0011640	0	7	0	0	0	0	NOT_RUN	NA
Gerstmann-Straussler-Scheinker_Syndrome	Gerstmann-Straussler-Scheinker Syndrome	MONDO:0007656	0	11	0	0	0	0	NOT_RUN	NA
Giant_Axonal_Neuropathy_1	Giant Axonal Neuropathy 1	MONDO:0009749	0	7	0	0	0	0	NOT_RUN	NA
Gilberts_Syndrome	Gilbert's Syndrome	MONDO:0007745	0	9	0	0	0	0	NOT_RUN	NA
Gitelman_Syndrome	Gitelman syndrome	MONDO:0009904	0	9	0	0	0	0	NOT_RUN	NA
Glanzmann_Thrombasthenia	Glanzmann Thrombasthenia	MONDO:0100326	2	17	2	0	0	0	STALE_INPUT	NA
Global_Developmental_Delay_Progressive_Ataxia_and_Elevated_Glutamine	Global Developmental Delay, Progressive Ataxia, and Elevated Glutamine	MONDO:0032733	0	4	0	0	0	0	NOT_RUN	NA
Glomerulonephritis	Glomerulonephritis	MONDO:0002462	7	49	6	1	0	0	ALL_MAPPINGS_CONSISTENT	0
Glucose-Galactose_Malabsorption	Glucose-Galactose Malabsorption	MONDO:0011731	0	9	0	0	0	0	NOT_RUN	NA
Glutaryl-CoA_Dehydrogenase_Deficiency	Glutaryl-CoA Dehydrogenase Deficiency	MONDO:0009281	0	9	0	0	0	0	NOT_RUN	NA
Glutathione_Synthetase_Deficiency	Glutathione Synthetase Deficiency	MONDO:0017909	2	25	2	0	0	0	STALE_INPUT	NA
Glycogen_Storage_Disease_Due_To_Aldolase_A_Deficiency	Glycogen Storage Disease Due To Aldolase A Deficiency	MONDO:0012747	0	8	0	0	0	0	NOT_RUN	NA
Glycogen_Storage_Disease_Due_To_Lactate_Dehydrogenase_M-subunit_Deficiency	Glycogen Storage Disease Due To Lactate Dehydrogenase M-subunit Deficiency	MONDO:0013047	0	7	0	0	0	0	NOT_RUN	NA
Glycogen_Storage_Disease_Due_to_Muscle_Beta-Enolase_Deficiency	Glycogen Storage Disease Due to Muscle Beta-Enolase Deficiency	MONDO:0013046	0	8	0	0	0	0	NOT_RUN	NA
Glycogen_Storage_Disease_Type_0b	Glycogen Storage Disease Type 0b	MONDO:0012693	0	7	0	0	0	0	NOT_RUN	NA
Glycogen_Storage_Disease_Type_I	Glycogen Storage Disease Type I	MONDO:0002413	0	9	0	0	0	0	NOT_RUN	NA
Glycogen_Storage_Disease_Type_IV	Glycogen Storage Disease Type IV	MONDO:0009292	1	15	1	0	0	0	STALE_INPUT	NA
Glycogen_Storage_Disease_Type_IX	Glycogen Storage Disease Type IX	MONDO:0700291	5	40	4	1	0	0	STALE_INPUT	NA
Glycogen_Storage_Disease_Type_V	Glycogen Storage Disease Type V	MONDO:0009293	0	10	0	0	0	0	NOT_RUN	NA
Glycogen_Storage_Disease_Type_VI	Glycogen Storage Disease Type VI	MONDO:0009294	0	9	0	0	0	0	NOT_RUN	NA
Glycogen_Storage_Disease_Type_VII	Glycogen Storage Disease Type VII	MONDO:0009295	0	9	0	0	0	0	NOT_RUN	NA
Glycogen_Storage_Disease_XV	Glycogen Storage Disease XV	MONDO:0013291	0	7	0	0	0	0	NOT_RUN	NA
Glycoprotein_Storage_Disease	Glycoprotein Storage Disease	MONDO:0009296	0	5	0	0	0	0	NOT_RUN	NA
Gnathodiaphyseal_Dysplasia	Gnathodiaphyseal Dysplasia	MONDO:0008151	0	9	0	0	0	0	NOT_RUN	NA
Gorlin_Syndrome	Gorlin Syndrome	MONDO:0007187	0	10	0	0	0	0	NOT_RUN	NA
Gray_Platelet_Syndrome	Gray Platelet Syndrome	MONDO:0007686	0	10	0	0	0	0	NOT_RUN	NA
Greenberg_Dysplasia	Greenberg Dysplasia	MONDO:0008974	0	9	0	0	0	0	NOT_RUN	NA
Greig_Cephalopolysyndactyly	Greig Cephalopolysyndactyly Syndrome	MONDO:0008287	0	10	0	0	0	0	NOT_RUN	NA
Growth_Hormone_Insensitivity_Syndrome	Growth Hormone Insensitivity Syndrome	MONDO:0015892	2	21	2	0	0	0	STALE_INPUT	NA
Growth_Restriction_Hypoplastic_Kidneys_Alopecia_And_Distinctive_Facies	Growth Restriction Hypoplastic Kidneys Alopecia And Distinctive Facies	MONDO:0859146	0	4	0	0	0	0	NOT_RUN	NA
Guanidinoacetate_Methyltransferase_Deficiency	Guanidinoacetate Methyltransferase Deficiency	MONDO:0012999	0	9	0	0	0	0	NOT_RUN	NA
Guillain_Barre_Syndrome	Guillain-Barre Syndrome	MONDO:0016218	4	33	3	1	0	0	ALL_MAPPINGS_CONSISTENT	0
Guillouet-Gordon_Syndrome	Guillouet-Gordon Syndrome	MONDO:0979227	0	4	0	0	0	0	NOT_RUN	NA
HCN1-Related_Developmental_and_Epileptic_Encephalopathy	HCN1-Related Developmental and Epileptic Encephalopathy	MONDO:0014377	0	5	0	0	0	0	NOT_RUN	NA
HFM1-related_gametogenic_failure	HFM1-related gametogenic failure	MONDO:0014322	0	5	0	0	0	0	NOT_RUN	NA
HHAT-Related_Chondrodysplasia_with_46XY_Disorder_of_Sex_Development	HHAT-related chondrodysplasia with 46,XY disorder of sex development	MONDO:0010814	0	8	0	0	0	0	NOT_RUN	NA
HNRNPU-Related_Developmental_and_Epileptic_Encephalopathy	HNRNPU-Related Developmental and Epileptic Encephalopathy	MONDO:0033363	0	5	0	0	0	0	NOT_RUN	NA
HROB-related_gametogenic_failure	HROB-related gametogenic failure	MONDO:0971176	0	4	0	0	0	0	NOT_RUN	NA
HSD10_Mitochondrial_Disease	HSD10 Mitochondrial Disease	MONDO:0010327	0	9	0	0	0	0	NOT_RUN	NA
H_Syndrome	H Syndrome	MONDO:0011273	0	10	0	0	0	0	NOT_RUN	NA
Hairy_Cell_Leukemia	Hairy Cell Leukemia	MONDO:0018935	1	14	1	0	0	0	ALL_MAPPINGS_CONSISTENT	0
Hajdu-Cheney_Syndrome	Hajdu-Cheney Syndrome	MONDO:0007057	0	10	0	0	0	0	NOT_RUN	NA
Hallermann-Streiff_Syndrome	Hallermann-Streiff Syndrome	MONDO:0009318	0	9	0	0	0	0	NOT_RUN	NA
Hand-Foot-Genital_Syndrome	Hand-Foot-Genital Syndrome	MONDO:0007698	0	8	0	0	0	0	NOT_RUN	NA
Hao-Fountain_syndrome	Hao-Fountain syndrome	MONDO:0014805	0	5	0	0	0	0	NOT_RUN	NA
Harderoporphyria	Harderoporphyria	MONDO:0030048	0	8	0	0	0	0	NOT_RUN	NA
Hartnup_Disease	Hartnup Disease	MONDO:0009324	0	9	0	0	0	0	NOT_RUN	NA
Hartsfield_Syndrome	Hartsfield Syndrome	MONDO:0014196	0	7	0	0	0	0	NOT_RUN	NA
Hearing_Loss_Autosomal_Dominant_75	Hearing Loss Autosomal Dominant 75	MONDO:0032911	0	5	0	0	0	0	NOT_RUN	NA
Hearing_Loss_Autosomal_Dominant_76	Hearing Loss Autosomal Dominant 76	MONDO:0032917	0	5	0	0	0	0	NOT_RUN	NA
Hearing_Loss_Autosomal_Dominant_78	Hearing Loss Autosomal Dominant 78	MONDO:0033665	0	5	0	0	0	0	NOT_RUN	NA
Hearing_Loss_Autosomal_Dominant_82	Hearing Loss Autosomal Dominant 82	MONDO:0030719	0	5	0	0	0	0	NOT_RUN	NA
Hearing_Loss_Autosomal_Dominant_83	Hearing Loss Autosomal Dominant 83	MONDO:0030723	0	5	0	0	0	0	NOT_RUN	NA
Hearing_Loss_Autosomal_Recessive_106	Hearing Loss Autosomal Recessive 106	MONDO:0033198	0	5	0	0	0	0	NOT_RUN	NA
Hearing_Loss_Autosomal_Recessive_120	Hearing Loss Autosomal Recessive 120	MONDO:0859374	0	5	0	0	0	0	NOT_RUN	NA
Heart_Defect_Tongue_Hamartoma_Polysyndactyly_Syndrome	Heart Defect-Tongue Hamartoma-Polysyndactyly Syndrome	MONDO:0009008	0	8	0	0	0	0	NOT_RUN	NA
Heavy_Chain_Disease	Heavy Chain Disease	MONDO:0019464	3	30	3	0	0	0	ALL_MAPPINGS_CONSISTENT	0
Heme_Oxygenase_1_Deficiency	Heme Oxygenase 1 Deficiency	MONDO:0013536	0	7	0	0	0	0	NOT_RUN	NA
Hemochromatosis	Hemochromatosis	MONDO:0006507	4	32	4	0	0	0	STALE_INPUT	NA
Hemophagocytic_Lymphohistiocytosis	Hemophagocytic Lymphohistiocytosis	MONDO:0015541	0	5	0	0	0	0	NOT_RUN	NA
Hemophilia	Hemophilia	MONDO:0018660	3	31	2	1	0	0	RETRACTED	1
Hemophilia_A	Hemophilia A	MONDO:0010602	3	23	3	0	0	0	RETRACTED	1
Hennekam_Lymphangiectasia-Lymphedema_Syndrome_1	Hennekam lymphangiectasia-lymphedema syndrome 1	MONDO:0009337	0	4	0	0	0	0	NOT_RUN	NA
Hennekam_Lymphangiectasia-Lymphedema_Syndrome_2	Hennekam lymphangiectasia-lymphedema syndrome 2	MONDO:0014454	0	4	0	0	0	0	NOT_RUN	NA
Hepatic_Veno-occlusive_Disease-Immunodeficiency_Syndrome	Hepatic veno-occlusive disease-immunodeficiency syndrome	MONDO:0009338	0	9	0	0	0	0	NOT_RUN	NA
Hereditary_Angioedema	Hereditary Angioedema	MONDO:0019623	7	48	7	0	0	0	STALE_INPUT	NA
Hereditary_Arterial_and_Articular_Multiple_Calcification_Syndrome	Hereditary Arterial and Articular Multiple Calcification Syndrome	MONDO:0008895	0	8	0	0	0	0	NOT_RUN	NA
Hereditary_Congenital_Facial_Paresis_3	Hereditary Congenital Facial Paresis 3	MONDO:0013880	0	4	0	0	0	0	NOT_RUN	NA
Hereditary_Diffuse_Leukoencephalopathy_with_Spheroids	Hereditary Diffuse Leukoencephalopathy with Spheroids	MONDO:0800027	0	9	0	0	0	0	NOT_RUN	NA
Hereditary_Elliptocytosis	Hereditary Elliptocytosis	MONDO:0017319	5	37	5	0	0	0	STALE_INPUT	NA
Hereditary_Gingival_Fibromatosis	Hereditary Gingival Fibromatosis	MONDO:0016070	0	7	0	0	0	0	NOT_RUN	NA
Hereditary_Hemorrhagic_Telangiectasia	Hereditary Hemorrhagic Telangiectasia	MONDO:0019180	5	33	4	1	0	0	STALE_INPUT	NA
Hereditary_Hemorrhagic_Telangiectasia_4	Hereditary Hemorrhagic Telangiectasia Type 4	MONDO:0012532	0	5	0	0	0	0	NOT_RUN	NA
Hereditary_Hemorrhagic_Telangiectasia_5	Hereditary Hemorrhagic Telangiectasia Type 5	MONDO:0014217	0	4	0	0	0	0	NOT_RUN	NA
Hereditary_Hemorrhagic_Telangiectasia_Type_1	Hereditary Hemorrhagic Telangiectasia Type 1	MONDO:0008535	0	4	0	0	0	0	NOT_RUN	NA
Hereditary_Hyperekplexia	Hereditary Hyperekplexia	MONDO:0021022	0	7	0	0	0	0	NOT_RUN	NA
Hereditary_Intrinsic_Factor_Deficiency	Hereditary intrinsic factor deficiency	MONDO:0009852	0	8	0	0	0	0	NOT_RUN	NA
Hereditary_Leiomyomatosis_and_Renal_Cell_Cancer	Hereditary Leiomyomatosis and Renal Cell Cancer	MONDO:0007888	0	9	0	0	0	0	NOT_RUN	NA
Hereditary_Methemoglobinemia	Hereditary methemoglobinemia	MONDO:0018963	0	9	0	0	0	0	NOT_RUN	NA
Hereditary_Neuropathy_with_Liability_to_Pressure_Palsies	Hereditary Neuropathy with Liability to Pressure Palsies	MONDO:0008087	0	9	0	0	0	0	NOT_RUN	NA
Hereditary_Orotic_Aciduria	Hereditary Orotic Aciduria	MONDO:0009797	0	9	0	0	0	0	NOT_RUN	NA
Hereditary_Pancreatitis	Hereditary Pancreatitis	MONDO:0008185	0	9	0	0	0	0	NOT_RUN	NA
Hereditary_Pheochromocytoma-Paraganglioma_Syndrome	Hereditary Pheochromocytoma-Paraganglioma Syndrome	MONDO:0017366	0	8	0	0	0	0	NOT_RUN	NA
Hereditary_Sensory_Neuropathy_Type_1D	Hereditary Sensory Neuropathy Type 1D	MONDO:0013381	0	5	0	0	0	0	NOT_RUN	NA
Hereditary_Sensory_and_Autonomic_Neuropathy	Hereditary Sensory and Autonomic Neuropathy	MONDO:0015364	0	8	0	0	0	0	NOT_RUN	NA
Hereditary_Sensory_and_Autonomic_Neuropathy_Type_2	Hereditary Sensory and Autonomic Neuropathy Type 2	MONDO:0019941	3	21	3	0	0	0	STALE_INPUT	NA
Hereditary_Sensory_and_Autonomic_Neuropathy_Type_6	Hereditary Sensory and Autonomic Neuropathy Type 6	MONDO:0013839	0	7	0	0	0	0	NOT_RUN	NA
Hereditary_Spastic_Paraplegia	Hereditary Spastic Paraplegia	MONDO:0019064	0	10	0	0	0	0	NOT_RUN	NA
Hereditary_Spastic_Paraplegia_11	Hereditary Spastic Paraplegia 11	MONDO:0011445	0	8	0	0	0	0	NOT_RUN	NA
Hereditary_Spastic_Paraplegia_44	Hereditary Spastic Paraplegia 44	MONDO:0013179	0	8	0	0	0	0	NOT_RUN	NA
Hereditary_Spastic_Paraplegia_46	Hereditary Spastic Paraplegia 46	MONDO:0013737	0	7	0	0	0	0	NOT_RUN	NA
Hereditary_Spastic_Paraplegia_48	Hereditary Spastic Paraplegia 48	MONDO:0013342	0	7	0	0	0	0	NOT_RUN	NA
Hereditary_Spastic_Paraplegia_49	Hereditary Spastic Paraplegia 49	MONDO:0014016	0	7	0	0	0	0	NOT_RUN	NA
Hereditary_Spastic_Paraplegia_7	Hereditary Spastic Paraplegia 7	MONDO:0011803	0	8	0	0	0	0	NOT_RUN	NA
Hereditary_Spherocytosis	Hereditary Spherocytosis	MONDO:0019350	0	10	0	0	0	0	NOT_RUN	NA
Hermansky_Pudlak_Syndrome	Hermansky-Pudlak Syndrome	MONDO:0019312	11	71	11	0	0	0	RETRACTED	1
Heyn-Sproul-Jackson_syndrome	Heyn-Sproul-Jackson syndrome	MONDO:0032882	0	6	0	0	0	0	NOT_RUN	NA
Histiocytoid_Cardiomyopathy	Histiocytoid Cardiomyopathy	MONDO:0010771	0	10	0	0	0	0	NOT_RUN	NA
Hodgkin_Lymphoma	Hodgkin Lymphoma	MONDO:0004952	2	23	2	0	0	0	ALL_MAPPINGS_CONSISTENT	0
Holocarboxylase_Synthetase_Deficiency	Holocarboxylase Synthetase Deficiency	MONDO:0009666	0	9	0	0	0	0	NOT_RUN	NA
Holoprosencephaly_12_With_or_Without_Pancreatic_Agenesis	Holoprosencephaly 12 With or Without Pancreatic Agenesis	MONDO:0032787	0	5	0	0	0	0	NOT_RUN	NA
Holoprosencephaly_9	Holoprosencephaly 9	MONDO:0012563	1	12	0	1	0	0	STALE_INPUT	NA
Homocystinuria	Homocystinuria	MONDO:0004737	0	7	0	0	0	0	NOT_RUN	NA
Houge-Janssens_Syndrome	Houge-Janssens Syndrome	MONDO:0957553	3	18	3	0	0	0	STALE_INPUT	NA
Humeroradial_Synostosis	Humeroradial Synostosis	MONDO:0007737	0	8	0	0	0	0	NOT_RUN	NA
Hunter_syndrome	Hunter syndrome	MONDO:0010674	2	22	2	0	0	0	NOT_RUN	NA
Huntington_Disease	Huntington Disease	MONDO:0007739	1	17	1	0	0	0	STALE_INPUT	NA
Huppke-Brendel_syndrome	Huppke-Brendel syndrome	MONDO:0013772	0	6	0	0	0	0	NOT_RUN	NA
Hurler_syndrome	Hurler syndrome	MONDO:0011758	0	8	0	0	0	0	NOT_RUN	NA
Hutchinson-Gilford_Progeria_Syndrome	Hutchinson-Gilford Progeria Syndrome	MONDO:0008310	0	8	0	0	0	0	NOT_RUN	NA
Hydrolethalus_Syndrome_2	Hydrolethalus Syndrome 2	MONDO:0013585	0	5	0	0	0	0	NOT_RUN	NA
Hypercatabolic_Hypoproteinemia	Hypercatabolic Hypoproteinemia	MONDO:0009434	0	6	0	0	0	0	NOT_RUN	NA
Hypereosinophilic_Syndrome	Hypereosinophilic syndrome	MONDO:0015691	3	25	3	0	0	0	ALL_MAPPINGS_CONSISTENT	0
Hyperinsulinemic_Hypoglycemia	Hyperinsulinemic Hypoglycemia	MONDO:0005803	4	25	4	0	0	0	ALL_MAPPINGS_CONSISTENT	0
Hyperornithinemia_Hyperammonemia_Homocitrullinuria_Syndrome	Hyperornithinemia-hyperammonemia-homocitrullinuria syndrome	MONDO:0009393	0	9	0	0	0	0	NOT_RUN	NA
Hyperostosis_Cranialis_Interna	Hyperostosis Cranialis Interna	MONDO:0007765	0	7	0	0	0	0	NOT_RUN	NA
Hypertrophic_Cardiomyopathy_17	Hypertrophic Cardiomyopathy 17	MONDO:0013474	0	5	0	0	0	0	NOT_RUN	NA
Hypertrophic_Cardiomyopathy_20	Hypertrophic Cardiomyopathy 20	MONDO:0013477	0	5	0	0	0	0	NOT_RUN	NA
Hypertrophic_Cardiomyopathy_21	Hypertrophic Cardiomyopathy 21	MONDO:0013852	0	5	0	0	0	0	NOT_RUN	NA
Hypertrophic_Cardiomyopathy_30_Atrial	Hypertrophic Cardiomyopathy 30, Atrial	MONDO:0958241	0	4	0	0	0	0	NOT_RUN	NA
Hypertrophic_Cardiomyopathy_8	Hypertrophic Cardiomyopathy 8	MONDO:0012111	0	6	0	0	0	0	NOT_RUN	NA
Hypobetalipoproteinemia	Hypobetalipoproteinemia	MONDO:0017774	3	25	3	0	0	0	RETRACTED	1
Hypochondrogenesis	Hypochondrogenesis	MONDO:0019669	0	8	0	0	0	0	NOT_RUN	NA
Hypochondroplasia	Hypochondroplasia	MONDO:0007793	0	10	0	0	0	0	NOT_RUN	NA
Hypokalemic_Periodic_Paralysis	Hypokalemic Periodic Paralysis	MONDO:0008223	2	17	2	0	0	0	ALL_MAPPINGS_CONSISTENT	0
Hypomyelinating_Leukodystrophy_10	Hypomyelinating Leukodystrophy 10	MONDO:0014632	0	7	0	0	0	0	NOT_RUN	NA
Hypomyelinating_Leukodystrophy_15	Hypomyelinating Leukodystrophy 15	MONDO:0054782	0	5	0	0	0	0	NOT_RUN	NA
Hypomyelinating_Leukodystrophy_7	Hypomyelinating Leukodystrophy 7	MONDO:0011897	0	5	0	0	0	0	NOT_RUN	NA
Hypophosphatasia	Hypophosphatasia	MONDO:0018570	0	9	0	0	0	0	NOT_RUN	NA
Hypopigmentation_Organomegaly_And_Delayed_Myelination_And_Development	Hypopigmentation, Organomegaly, and Delayed Myelination and Development	MONDO:0032805	0	4	0	0	0	0	NOT_RUN	NA
Hypoplasminogenemia	Hypoplasminogenemia	MONDO:0009009	0	9	0	0	0	0	NOT_RUN	NA
Hypotonia-Cystinuria_Syndrome	Hypotonia-cystinuria syndrome	MONDO:0011669	0	11	0	0	0	0	NOT_RUN	NA
Hypotonia_Infantile_with_Psychomotor_Retardation_and_Characteristic_Facies_3	Hypotonia, Infantile, with Psychomotor Retardation and Characteristic Facies 3	MONDO:0014823	0	7	0	0	0	0	NOT_RUN	NA
Hypotrichosis_4	Hypotrichosis 4	MONDO:0100522	0	6	0	0	0	0	NOT_RUN	NA
Hypotrichosis_with_Juvenile_Macular_Dystrophy	Hypotrichosis with Juvenile Macular Dystrophy	MONDO:0011107	2	23	0	1	0	1	STALE_INPUT	NA
IFAP_Syndrome_1	IFAP Syndrome 1	MONDO:0100213	0	6	0	0	0	0	NOT_RUN	NA
IFAP_Syndrome_2	IFAP Syndrome 2	MONDO:0100221	0	4	0	0	0	0	NOT_RUN	NA
IFNAR2_Deficiency	IFNAR2 Deficiency	MONDO:0014727	0	5	0	0	0	0	NOT_RUN	NA
IFT140-related_Recessive_Ciliopathy	IFT140-related Recessive Ciliopathy	MONDO:0100509	1	8	1	0	0	0	ALL_MAPPINGS_CONSISTENT	0
IGF1_Deficiency	IGF1 Deficiency	MONDO:0012110	0	7	0	0	0	0	NOT_RUN	NA
IKBKG_Ectodermal_Dysplasia_with_Immunodeficiency	IKBKG ectodermal dysplasia with immunodeficiency	MONDO:0100162	0	3	0	0	0	0	NOT_RUN	NA
IKK2_Deficiency	IKK2 Deficiency	MONDO:0014267	0	7	0	0	0	0	NOT_RUN	NA
IL21R_Deficiency	IL21R Deficiency	MONDO:0014082	0	7	0	0	0	0	NOT_RUN	NA
IL6ST-Related_Stuve-Wiedemann_Syndrome	IL6ST-Related Stuve-Wiedemann Syndrome	MONDO:0030756	0	4	0	0	0	0	NOT_RUN	NA
IMAGe_Syndrome	IMAGe Syndrome	MONDO:0013873	0	9	0	0	0	0	NOT_RUN	NA
IPEX_Syndrome	IPEX Syndrome	MONDO:0010580	0	10	0	0	0	0	NOT_RUN	NA
IREB2-Related_Neurodegeneration	IREB2-Related Neurodegeneration	MONDO:0032758	0	4	0	0	0	0	NOT_RUN	NA
IRF1_Deficiency	IRF1 Deficiency	MONDO:0958011	0	7	0	0	0	0	NOT_RUN	NA
IRF2BPL-Related_Neurodevelopmental_Disorder_with_Regression	IRF2BPL-Related Neurodevelopmental Disorder with Regression	MONDO:0060759	0	7	0	0	0	0	NOT_RUN	NA
IRIDA_Syndrome	IRIDA Syndrome	MONDO:0008788	0	7	0	0	0	0	NOT_RUN	NA
IRX5-related_Craniofacial_Dysostosis_with_Osteopenia_Intellectual_Disability_and_Dental_Anomalies	IRX5-related craniofacial dysostosis with osteopenia, intellectual disability, and dental anomalies	MONDO:0012634	0	7	0	0	0	0	NOT_RUN	NA
Idiopathic_Interstitial_Pneumonia	Idiopathic Interstitial Pneumonia	MONDO:0002429	8	69	8	0	0	0	ALL_MAPPINGS_CONSISTENT	0
Immunodeficiency_101_Varicella_Zoster_Virus-specific	Immunodeficiency 101 (Varicella Zoster Virus-Specific)	MONDO:0030813	0	5	0	0	0	0	NOT_RUN	NA
Immunodeficiency_123_With_HPV-related_Verrucosis	Immunodeficiency 123 With HPV-related Verrucosis	MONDO:0971177	0	5	0	0	0	0	NOT_RUN	NA
Immunodeficiency_127	Immunodeficiency 127	MONDO:0975832	0	5	0	0	0	0	NOT_RUN	NA
Immunodeficiency_131	Immunodeficiency 131	MONDO:0976229	0	5	0	0	0	0	NOT_RUN	NA
Immunodeficiency_14B_Autosomal_Recessive	Immunodeficiency 14B, Autosomal Recessive	MONDO:0023655	0	4	0	0	0	0	NOT_RUN	NA
Immunodeficiency_15A	Immunodeficiency 15A	MONDO:0032599	0	6	0	0	0	0	NOT_RUN	NA
Immunodeficiency_25	Immunodeficiency 25	MONDO:0012426	0	7	0	0	0	0	NOT_RUN	NA
Immunodeficiency_32B	Immunodeficiency 32B	MONDO:0009194	0	7	0	0	0	0	NOT_RUN	NA
Immunodeficiency_37	Immunodeficiency 37	MONDO:0014491	0	5	0	0	0	0	NOT_RUN	NA
Immunodeficiency_60	Immunodeficiency 60	MONDO:0032723	0	5	0	0	0	0	NOT_RUN	NA
Immunodeficiency_61	Immunodeficiency 61	MONDO:0010296	0	7	0	0	0	0	NOT_RUN	NA
Immunodeficiency_63_with_Lymphoproliferation_and_Autoimmunity	Immunodeficiency 63 with Lymphoproliferation and Autoimmunity	MONDO:0032782	0	5	0	0	0	0	NOT_RUN	NA
Immunodeficiency_64	Immunodeficiency 64	MONDO:0032803	0	7	0	0	0	0	NOT_RUN	NA
Immunodeficiency_65_IRF9_Deficiency	Immunodeficiency 65 (IRF9 Deficiency)	MONDO:0032848	0	5	0	0	0	0	NOT_RUN	NA
Immunodeficiency_69	Immunodeficiency 69	MONDO:0033541	0	7	0	0	0	0	NOT_RUN	NA
Immunodeficiency_73B	Immunodeficiency 73B	MONDO:0033554	0	5	0	0	0	0	NOT_RUN	NA
Immunodeficiency_79	Immunodeficiency 79	MONDO:0030981	0	5	0	0	0	0	NOT_RUN	NA
Immunodeficiency_80_with_or_without_Congenital_Cardiomyopathy	Immunodeficiency 80 with or without Congenital Cardiomyopathy	MONDO:0030266	0	5	0	0	0	0	NOT_RUN	NA
Immunodeficiency_81	Immunodeficiency 81	MONDO:0030302	0	5	0	0	0	0	NOT_RUN	NA
Immunodeficiency_86	Immunodeficiency 86	MONDO:0030448	0	5	0	0	0	0	NOT_RUN	NA
Immunodeficiency_88	Immunodeficiency 88	MONDO:0030483	0	5	0	0	0	0	NOT_RUN	NA
Immunodeficiency_89_And_Autoimmunity	Immunodeficiency 89 and Autoimmunity	MONDO:0030484	0	5	0	0	0	0	NOT_RUN	NA
Immunodeficiency_91_And_Hyperinflammation	Immunodeficiency 91 and Hyperinflammation	MONDO:0030491	0	5	0	0	0	0	NOT_RUN	NA
Immunodeficiency_92	Immunodeficiency 92	MONDO:0030498	0	7	0	0	0	0	NOT_RUN	NA
Immunodeficiency_93_and_Hypertrophic_Cardiomyopathy	Immunodeficiency 93 and Hypertrophic Cardiomyopathy	MONDO:0030528	0	6	0	0	0	0	NOT_RUN	NA
Immunodeficiency_96	Immunodeficiency 96	MONDO:0030693	0	5	0	0	0	0	NOT_RUN	NA
Immunodeficiency_Centromeric_Instability_Facial_Anomalies_Syndrome	Immunodeficiency-Centromeric Instability-Facial Anomalies Syndrome	MONDO:0000133	4	28	4	0	0	0	STALE_INPUT	NA
Immunoskeletal_Dysplasia_with_Neurodevelopmental_Abnormalities	Immunoskeletal Dysplasia with Neurodevelopmental Abnormalities	MONDO:0044312	0	4	0	0	0	0	NOT_RUN	NA
Inborn_Disorder_of_Bile_Acid_Synthesis	Inborn Disorder of Bile Acid Synthesis	MONDO:0019218	6	51	1	5	0	0	STALE_INPUT	NA
Inborn_Disorder_of_Cobalamin_Metabolism_and_Transport	Inborn Disorder of Cobalamin Metabolism and Transport	MONDO:0019220	0	6	0	0	0	0	NOT_RUN	NA
Inborn_Disorder_of_Methionine_Cycle_and_Sulfur_Amino_Acid_Metabolism	Inborn Disorder of Methionine Cycle and Sulfur Amino Acid Metabolism	MONDO:0019222	4	34	4	0	0	0	STALE_INPUT	NA
Inclusion_Body_Myopathy_with_Paget_Disease_of_Bone_and_Frontotemporal_Dementia	Inclusion body myopathy with Paget disease of bone and frontotemporal dementia	MONDO:0000507	0	7	0	0	0	0	NOT_RUN	NA
Incontinentia_Pigmenti	Incontinentia Pigmenti	MONDO:0010631	0	11	0	0	0	0	NOT_RUN	NA
Infantile-Onset_Pompe_Disease	Infantile-Onset Pompe Disease	MONDO:0017694	0	7	0	0	0	0	NOT_RUN	NA
Infantile_Cataract_Skin_Abnormalities_Glutamate_Excess_and_Impaired_Intellectual_Development	Infantile Cataract, Skin Abnormalities, Glutamate Excess, and Impaired Intellectual Development	MONDO:0032685	0	5	0	0	0	0	NOT_RUN	NA
Infantile_Hypercalcemia	Infantile Hypercalcemia	MONDO:0000212	0	7	0	0	0	0	NOT_RUN	NA
Infantile_Liver_Failure_Syndrome_1	Infantile Liver Failure Syndrome 1	MONDO:0024568	0	7	0	0	0	0	NOT_RUN	NA
Infantile_Parkinsonism-Dystonia	Infantile Parkinsonism-Dystonia	MONDO:0013150	0	6	0	0	0	0	NOT_RUN	NA
Inherited_Ichthyosis	Inherited Ichthyosis	MONDO:0015947	5	42	5	0	0	0	STALE_INPUT	NA
Inherited_Porphyria	Inherited Porphyria	MONDO:0019142	7	68	7	0	0	0	STALE_INPUT	NA
Inherited_Retinal_Dystrophy	Inherited Retinal Dystrophy	MONDO:0019118	4	46	4	0	0	0	STALE_INPUT	NA
Inherited_Threoninemia	Inherited Threoninemia	MONDO:0010118	0	4	0	0	0	0	NOT_RUN	NA
Intellectual_Developmental_Disorder_Autosomal_Dominant_72	Intellectual Developmental Disorder, Autosomal Dominant 72	MONDO:0957397	0	7	0	0	0	0	NOT_RUN	NA
Intellectual_Developmental_Disorder_Autosomal_Recessive_67	Intellectual Developmental Disorder Autosomal Recessive 67	MONDO:0032662	0	5	0	0	0	0	NOT_RUN	NA
Intellectual_Disability_Anterior_Maxillary_Protrusion_and_Strabismus	Intellectual Disability, Anterior Maxillary Protrusion, and Strabismus	MONDO:0013353	0	5	0	0	0	0	NOT_RUN	NA
Intellectual_Disability_Autosomal_Dominant_30	Intellectual Disability, Autosomal Dominant 30	MONDO:0014486	0	7	0	0	0	0	NOT_RUN	NA
Intellectual_Disability_Autosomal_Dominant_34	Intellectual Disability Autosomal Dominant 34	MONDO:0014599	0	5	0	0	0	0	NOT_RUN	NA
Intellectual_Disability_Autosomal_Dominant_52	Intellectual Disability Autosomal Dominant 52	MONDO:0030918	0	5	0	0	0	0	NOT_RUN	NA
Intellectual_Disability_Autosomal_Dominant_6	Intellectual Disability, Autosomal Dominant 6	MONDO:0013509	0	7	0	0	0	0	NOT_RUN	NA
Interleukin-10_Receptor_Deficiency	Interleukin-10 Receptor Deficiency	MONDO:0013153	2	20	0	1	0	1	RETRACTED	1
Intermediate_Charcot-Marie-Tooth_Disease	Intermediate Charcot-Marie-Tooth Disease	MONDO:0018778	0	6	0	0	0	0	NOT_RUN	NA
Invasive_Candidiasis	Invasive Candidiasis	MONDO:0044067	1	10	1	0	0	0	ALL_MAPPINGS_CONSISTENT	0
Isobutyryl-CoA_Dehydrogenase_Deficiency	Isobutyryl-CoA Dehydrogenase Deficiency	MONDO:0012648	0	8	0	0	0	0	NOT_RUN	NA
Isolated_Anophthalmia-Microphthalmia_Syndrome	Isolated Anophthalmia-Microphthalmia Syndrome	MONDO:0016764	10	64	8	2	0	0	STALE_INPUT	NA
Isolated_Growth_Hormone_Deficiency	Isolated Growth Hormone Deficiency	MONDO:0000050	4	34	4	0	0	0	ALL_MAPPINGS_CONSISTENT	0
Isolated_Sedoheptulokinase_Deficiency	Isolated Sedoheptulokinase Deficiency	MONDO:0014969	0	6	0	0	0	0	NOT_RUN	NA
Isolated_Sulfite_Oxidase_Deficiency	Isolated Sulfite Oxidase Deficiency	MONDO:0010089	0	9	0	0	0	0	NOT_RUN	NA
Isolated_Woolly_Hair	Isolated Woolly Hair	MONDO:0008686	3	21	2	0	0	1	STALE_INPUT	NA
Isovaleric_Acidemia	Isovaleric Acidemia	MONDO:0009475	0	10	0	0	0	0	NOT_RUN	NA
Jackson-Weiss_Syndrome	Jackson-Weiss Syndrome	MONDO:0007400	0	9	0	0	0	0	NOT_RUN	NA
Jervell_and_Lange-Nielsen_Syndrome_1	Jervell and Lange-Nielsen Syndrome 1	MONDO:0024540	0	4	0	0	0	0	NOT_RUN	NA
Jervell_and_Lange-Nielsen_Syndrome_2	Jervell and Lange-Nielsen Syndrome 2	MONDO:0012871	0	5	0	0	0	0	NOT_RUN	NA
Jeune_Asphyxiating_Thoracic_Dystrophy	Jeune Asphyxiating Thoracic Dystrophy	MONDO:0018770	0	9	0	0	0	0	NOT_RUN	NA
Joint_Laxity_Short_Stature_and_Myopia	Joint Laxity, Short Stature, and Myopia	MONDO:0060556	0	6	0	0	0	0	NOT_RUN	NA
Joubert_syndrome	Joubert syndrome	MONDO:0018772	39	206	38	1	0	0	ALL_MAPPINGS_CONSISTENT	0
Junctional_Epidermolysis_Bullosa	Junctional Epidermolysis Bullosa	MONDO:0017612	0	8	0	0	0	0	NOT_RUN	NA
Juvenile-Onset_Diabetes_Mellitus_with_Central_and_Peripheral_Neurodegeneration	Juvenile-Onset Diabetes Mellitus With Central and Peripheral Neurodegeneration	MONDO:0014523	0	6	0	0	0	0	NOT_RUN	NA
Juvenile_Amyotrophic_Lateral_Sclerosis	Juvenile Amyotrophic Lateral Sclerosis	MONDO:0017593	6	41	4	2	0	0	STALE_INPUT	NA
Juvenile_Idiopathic_Arthritis	Juvenile Idiopathic Arthritis	MONDO:0011429	4	30	4	0	0	0	RETRACTED	1
Juvenile_Neuronal_Ceroid_Lipofuscinosis	Juvenile Neuronal Ceroid Lipofuscinosis	MONDO:0019262	0	4	0	0	0	0	NOT_RUN	NA
Juvenile_Open_Angle_Glaucoma	Juvenile Open Angle Glaucoma	MONDO:0020367	0	6	0	0	0	0	NOT_RUN	NA
Juvenile_Polyposis_Syndrome	Juvenile Polyposis Syndrome	MONDO:0017380	0	8	0	0	0	0	NOT_RUN	NA
Juvenile_Sialidosis_Type_2	Juvenile Sialidosis Type 2	MONDO:0019681	0	6	0	0	0	0	NOT_RUN	NA
KBG_Syndrome	KBG Syndrome	MONDO:0007846	0	9	0	0	0	0	NOT_RUN	NA
KCNA2-Related_Developmental_and_Epileptic_Encephalopathy	KCNA2-Related Developmental and Epileptic Encephalopathy	MONDO:0014607	0	5	0	0	0	0	NOT_RUN	NA
KCNB1-Related_Developmental_and_Epileptic_Encephalopathy	KCNB1-Related Developmental and Epileptic Encephalopathy	MONDO:0014477	0	5	0	0	0	0	NOT_RUN	NA
KCNH1_Associated_Disorder	KCNH1 Associated Disorder	MONDO:0100485	2	14	2	0	0	0	STALE_INPUT	NA
KCNQ2_Developmental_and_Epileptic_Encephalopathy	KCNQ2 Developmental and Epileptic Encephalopathy	MONDO:0013387	0	7	0	0	0	0	NOT_RUN	NA
KCNV2_Related_Retinopathy	KCNV2-Related Retinopathy	MONDO:1040063	0	3	0	0	0	0	NOT_RUN	NA
KDM1A-Related_Neurodevelopmental_Disorder	KDM1A-Related Neurodevelopmental Disorder	MONDO:0014751	0	6	0	0	0	0	NOT_RUN	NA
KDM6B-Related_Neurodevelopmental_Disorder	KDM6B-Related Neurodevelopmental Disorder	MONDO:0032790	0	5	0	0	0	0	NOT_RUN	NA
KINSSHIP_Syndrome	KINSSHIP Syndrome	MONDO:0851095	0	5	0	0	0	0	NOT_RUN	NA
KLC4-Related_Early-Childhood-Onset_Neurodegeneration	KLC4-Related Early-Childhood-Onset Neurodegeneration	MONDO:0700288	0	4	0	0	0	0	NOT_RUN	NA
KLHL24-Related_Hypertrophic_Cardiomyopathy	KLHL24-Related Hypertrophic Cardiomyopathy	MONDO:0859372	0	4	0	0	0	0	NOT_RUN	NA
KMT2B-Related_Dystonia	KMT2B-Related Dystonia	MONDO:0015004	0	7	0	0	0	0	NOT_RUN	NA
KRT1_Keratinopathies	KRT1 Keratinopathies	MONDO:0007239	0	6	0	0	0	0	NOT_RUN	NA
Kabuki_Syndrome	Kabuki Syndrome	MONDO:0016512	2	17	2	0	0	0	STALE_INPUT	NA
Kallmann_Syndrome	Kallmann Syndrome	MONDO:0018800	5	36	5	0	0	0	NOT_RUN	NA
Kanzaki_Disease	Kanzaki Disease	MONDO:0012222	0	8	0	0	0	0	NOT_RUN	NA
Karyomegalic_Interstitial_Nephritis	Karyomegalic Interstitial Nephritis	MONDO:0013898	0	8	0	0	0	0	NOT_RUN	NA
Kearns-Sayre_Syndrome	Kearns-Sayre syndrome	MONDO:0010787	0	11	0	0	0	0	NOT_RUN	NA
Keipert_syndrome	Keipert syndrome	MONDO:0009720	0	9	0	0	0	0	NOT_RUN	NA
Kennedy_Disease	Kennedy Disease	MONDO:0010735	0	9	0	0	0	0	NOT_RUN	NA
Keratitis-Ichthyosis-Deafness_Syndrome	Keratitis-Ichthyosis-Deafness Syndrome	MONDO:0007850	0	5	0	0	0	0	NOT_RUN	NA
Keratoderma_Hereditarium_Mutilans	Keratoderma Hereditarium Mutilans	MONDO:0007422	0	8	0	0	0	0	NOT_RUN	NA
Keratosis_Follicularis_Spinulosa_Decalvans	Keratosis follicularis spinulosa decalvans	MONDO:0000136	0	7	0	0	0	0	NOT_RUN	NA
Keratosis_Pilaris_Atrophicans	Keratosis Pilaris Atrophicans	MONDO:0018855	3	26	3	0	0	0	STALE_INPUT	NA
Keutel_Syndrome	Keutel Syndrome	MONDO:0009495	0	8	0	0	0	0	NOT_RUN	NA
Kilquist_Syndrome	Kilquist syndrome	MONDO:0033664	0	6	0	0	0	0	NOT_RUN	NA
Kindler_Epidermolysis_Bullosa	Kindler Epidermolysis Bullosa	MONDO:0008260	0	9	0	0	0	0	NOT_RUN	NA
Kleefstra_Syndrome	Kleefstra Syndrome	MONDO:0012455	4	29	4	0	0	0	STALE_INPUT	NA
Klippel-Feil_Syndrome	Klippel-Feil Syndrome	MONDO:0001029	0	10	0	0	0	0	NOT_RUN	NA
Kniest_Dysplasia	Kniest Dysplasia	MONDO:0007987	0	10	0	0	0	0	NOT_RUN	NA
Koolen_de_Vries_syndrome	Koolen-de Vries syndrome	MONDO:0012496	0	6	0	0	0	0	NOT_RUN	NA
Krabbe_Disease_Due_To_Saposin_A_Deficiency	Krabbe Disease Due To Saposin A Deficiency	MONDO:0012720	0	5	0	0	0	0	NOT_RUN	NA
Kufor-Rakeb_syndrome	Kufor-Rakeb syndrome	MONDO:0011706	0	8	0	0	0	0	NOT_RUN	NA
L-2-Hydroxyglutaric_Aciduria	L-2-Hydroxyglutaric Aciduria	MONDO:0009370	0	8	0	0	0	0	NOT_RUN	NA
L1_Syndrome	L1 Syndrome	MONDO:0017140	0	6	0	0	0	0	NOT_RUN	NA
LAMA5-Related_Bent_Bone_Dysplasia	LAMA5-Related Bent Bone Dysplasia	MONDO:0859573	0	5	0	0	0	0	NOT_RUN	NA
LAMB1-Related_Cobblestone_Lissencephaly	LAMB1-Related Cobblestone Lissencephaly	MONDO:0014077	0	7	0	0	0	0	NOT_RUN	NA
LCA5-Related_Retinopathy	LCA5-Related Retinopathy	MONDO:0100445	0	3	0	0	0	0	NOT_RUN	NA
LDLR-Related_Familial_Hypercholesterolemia	LDLR-Related Familial Hypercholesterolemia	MONDO:0007750	0	4	0	0	0	0	NOT_RUN	NA
LIFR-Related_Stuve-Wiedemann_Syndrome	LIFR-Related Stuve-Wiedemann Syndrome	MONDO:0800043	0	7	0	0	0	0	NOT_RUN	NA
LRBA_Deficiency	LRBA Deficiency	MONDO:0013863	0	8	0	0	0	0	NOT_RUN	NA
LRRK2-Related_Parkinson_Disease	LRRK2-Related Parkinson Disease	MONDO:0011764	0	5	0	0	0	0	NOT_RUN	NA
Labyrinthitis	Labyrinthitis	MONDO:0002008	3	23	3	0	0	0	RETRACTED	1
Lafora_Disease	Lafora_Disease	MONDO:0009697	2	18	2	0	0	0	STALE_INPUT	NA
Landau-Kleffner_Syndrome	Landau-Kleffner Syndrome	MONDO:0009509	0	9	0	0	0	0	NOT_RUN	NA
Langer_Mesomelic_Dysplasia	Langer Mesomelic Dysplasia	MONDO:0009588	0	8	0	0	0	0	NOT_RUN	NA
Large_Cell_Neuroendocrine_Carcinoma	Large Cell Neuroendocrine Carcinoma	MONDO:0005057	6	35	6	0	0	0	ALL_MAPPINGS_CONSISTENT	0
Larsen-like_Syndrome_B3GAT3_Type	Larsen-like Syndrome B3GAT3 Type	MONDO:0009511	0	8	0	0	0	0	NOT_RUN	NA
Larsen_Syndrome	Larsen Syndrome	MONDO:0007875	0	9	0	0	0	0	NOT_RUN	NA
Laryngotracheoesophageal_Cleft	Laryngotracheoesophageal Cleft	MONDO:0016060	5	27	5	0	0	0	ALL_MAPPINGS_CONSISTENT	0
Late-Onset_Pompe_Disease	Late-Onset Pompe Disease	MONDO:0018485	0	6	0	0	0	0	NOT_RUN	NA
Late_Complement_Component_Deficiency	Late Complement Component Deficiency	MONDO:0015700	4	29	4	0	0	0	NOT_RUN	NA
Leber-like_Hereditary_Optic_Neuropathy_Autosomal_Recessive_1	Leber-like Hereditary Optic Neuropathy, Autosomal Recessive 1	MONDO:0958183	0	4	0	0	0	0	NOT_RUN	NA
Leber_Congenital_Amaurosis_10	Leber Congenital Amaurosis 10	MONDO:0012723	0	6	0	0	0	0	NOT_RUN	NA
Leber_Congenital_Amaurosis_with_Early-Onset_Deafness	Leber Congenital Amaurosis with Early-Onset Deafness	MONDO:0060650	0	5	0	0	0	0	NOT_RUN	NA
Leber_Hereditary_Optic_Neuropathy	Leber Hereditary Optic Neuropathy	MONDO:0010788	1	13	0	1	0	0	STALE_INPUT	NA
Leber_Optic_Atrophy_and_Dystonia	Leber Optic Atrophy and Dystonia	MONDO:0010772	0	6	0	0	0	0	NOT_RUN	NA
Leigh_Syndrome	Leigh Syndrome	MONDO:0009723	4	34	4	0	0	0	STALE_INPUT	NA
Leiomyosarcoma	Leiomyosarcoma	MONDO:0005058	3	25	2	0	0	1	RETRACTED	1
Leishmaniasis	Leishmaniasis	MONDO:0011989	3	34	3	0	0	0	RETRACTED	1
Lenz-Majewski_hyperostotic_dwarfism	Lenz-Majewski hyperostotic dwarfism	MONDO:0007892	0	9	0	0	0	0	NOT_RUN	NA
Leri-Weill_Dyschondrosteosis	Leri-Weill Dyschondrosteosis	MONDO:0007481	0	8	0	0	0	0	NOT_RUN	NA
Lesch-Nyhan_Syndrome	Lesch-Nyhan Syndrome	MONDO:0010298	0	11	0	0	0	0	NOT_RUN	NA
Lethal_Congenital_Contracture_Syndrome	Lethal Congenital Contracture Syndrome	MONDO:0017436	12	79	12	0	0	0	STALE_INPUT	NA
Lethal_Polymalformative_Syndrome_Boissel_Type	Lethal Polymalformative Syndrome, Boissel Type	MONDO:0013050	0	7	0	0	0	0	NOT_RUN	NA
Leukocyte_Adhesion_Deficiency_Type_II	Leukocyte Adhesion Deficiency Type II	MONDO:0009953	0	10	0	0	0	0	NOT_RUN	NA
Li-Ghorbani-Weisz-Hubshman_Syndrome	Li-Ghorbani-Weisz-Hubshman Syndrome	MONDO:0033547	0	4	0	0	0	0	NOT_RUN	NA
Liberfarb_syndrome	Liberfarb syndrome	MONDO:0030045	0	6	0	0	0	0	NOT_RUN	NA
Lichtenstein-Knorr_Syndrome	Lichtenstein-Knorr Syndrome	MONDO:0014572	0	7	0	0	0	0	NOT_RUN	NA
Liddle_Syndrome	Liddle syndrome	MONDO:0008323	0	8	0	0	0	0	NOT_RUN	NA
Limb-Girdle_Muscular_Dystrophy_Autosomal_Dominant	Limb-Girdle Muscular Dystrophy, Autosomal Dominant	MONDO:0015151	4	36	4	0	0	0	STALE_INPUT	NA
Limbic_Encephalitis	Limbic Encephalitis	MONDO:0015588	4	19	3	1	0	0	ALL_MAPPINGS_CONSISTENT	0
Linear_Skin_Defects_with_Multiple_Congenital_Anomalies_1	Linear Skin Defects with Multiple Congenital Anomalies 1	MONDO:0024552	0	5	0	0	0	0	NOT_RUN	NA
Lipoic_Acid_Synthetase_Deficiency	Lipoic Acid Synthetase Deficiency	MONDO:0013762	0	6	0	0	0	0	NOT_RUN	NA
Lipoid_Proteinosis	Lipoid Proteinosis	MONDO:0009530	0	10	0	0	0	0	NOT_RUN	NA
Liposarcoma	Liposarcoma	MONDO:0005060	4	30	4	0	0	0	ALL_MAPPINGS_CONSISTENT	0
Lipoyl_Transferase_1_Deficiency	Lipoyl Transferase 1 Deficiency	MONDO:0014576	0	6	0	0	0	0	NOT_RUN	NA
Lissencephaly_Spectrum_Disorders	Lissencephaly Spectrum Disorders	MONDO:0018838	4	30	4	0	0	0	STALE_INPUT	NA
Loeys-Dietz_Syndrome	Loeys-Dietz Syndrome	MONDO:0018954	6	45	6	0	0	0	STALE_INPUT	NA
Loeys-Dietz_Syndrome_4	Loeys-Dietz Syndrome 4	MONDO:0013897	0	5	0	0	0	0	NOT_RUN	NA
Loeys-Dietz_Syndrome_6	Loeys-Dietz Syndrome 6	MONDO:0030500	0	5	0	0	0	0	NOT_RUN	NA
Long-Chain_3-Hydroxyacyl-CoA_Dehydrogenase_Deficiency	Long-chain 3-hydroxyacyl-CoA Dehydrogenase Deficiency	MONDO:0012173	0	9	0	0	0	0	NOT_RUN	NA
Long_QT_Syndrome	Familial Long QT Syndrome	MONDO:0019171	15	92	15	0	0	0	RETRACTED	1
Lowe_Syndrome	Lowe syndrome	MONDO:0010645	0	10	0	0	0	0	NOT_RUN	NA
Lymphatic_Malformation_6	Lymphatic malformation 6	MONDO:0014797	0	6	0	0	0	0	NOT_RUN	NA
Lymphomatoid_Granulomatosis	Lymphomatoid Granulomatosis	MONDO:0019466	3	23	3	0	0	0	ALL_MAPPINGS_CONSISTENT	0
Lysinuric_Protein_Intolerance	Lysinuric protein intolerance	MONDO:0009109	0	10	0	0	0	0	NOT_RUN	NA
Lysosomal_Acid_Phosphatase_Deficiency	Lysosomal Acid Phosphatase Deficiency	MONDO:0008705	0	7	0	0	0	0	NOT_RUN	NA
MAN2C1-congenital_disorder_of_deglycosylation_2	MAN2C1-congenital disorder of deglycosylation 2	MONDO:0030770	0	5	0	0	0	0	NOT_RUN	NA
MBD5_Haploinsufficiency_Syndrome	MBD5 Haploinsufficiency Syndrome	MONDO:0007974	0	7	0	0	0	0	NOT_RUN	NA
MCM3AP-Related_Peripheral_Neuropathy	MCM3AP-Related Peripheral Neuropathy	MONDO:0029131	0	4	0	0	0	0	NOT_RUN	NA
MCM8-related_gametogenic_failure	MCM8-related gametogenic failure	MONDO:0044776	0	5	0	0	0	0	NOT_RUN	NA
MED11-Related_Disorder	MED11-Related Disorder	MONDO:0957225	0	4	0	0	0	0	NOT_RUN	NA
MED13L_Syndrome	MED13L Syndrome	MONDO:0014773	0	6	0	0	0	0	NOT_RUN	NA
MED13_Syndrome	MED13 Syndrome	MONDO:0032485	0	5	0	0	0	0	NOT_RUN	NA
MED17-Related_Disorder	MED17-Related Disorder	MONDO:0013351	0	7	0	0	0	0	NOT_RUN	NA
MED27-Related_Disorder	MED27-Related Disorder	MONDO:0859137	0	4	0	0	0	0	NOT_RUN	NA
MEDNIK_syndrome	MEDNIK syndrome	MONDO:0012251	0	8	0	0	0	0	NOT_RUN	NA
MEGF8-Related_Carpenter_Syndrome	MEGF8-related Carpenter Syndrome	MONDO:0013998	0	5	0	0	0	0	NOT_RUN	NA
MELAS_Syndrome	MELAS Syndrome	MONDO:0010789	0	11	0	0	0	0	NOT_RUN	NA
MEND_Syndrome	MEND Syndrome	MONDO:0010498	0	7	0	0	0	0	NOT_RUN	NA
MEPAN_Syndrome	MEPAN Syndrome	MONDO:0015003	0	7	0	0	0	0	NOT_RUN	NA
MERRF_Syndrome	MERRF Syndrome	MONDO:0010790	0	10	0	0	0	0	NOT_RUN	NA
MERTK-Related_Retinopathy	MERTK-Related Retinopathy	MONDO:0800394	0	3	0	0	0	0	NOT_RUN	NA
MGAT2-congenital_disorder_of_glycosylation	MGAT2-congenital disorder of glycosylation	MONDO:0008908	0	8	0	0	0	0	NOT_RUN	NA
MHC_Class_II_Deficiency	MHC class II deficiency	MONDO:0008855	4	26	4	0	0	0	STALE_INPUT	NA
MICPCH_Syndrome	MICPCH Syndrome	MONDO:0010417	0	8	0	0	0	0	NOT_RUN	NA
MITF_Waardenburg_Tietz_Spectrum	MITF Waardenburg-Tietz Spectrum	MONDO:0018094	3	27	1	2	0	0	ALL_MAPPINGS_CONSISTENT	0
MMACHC-related_Methylmalonic_Aciduria_and_Homocystinuria_cblC_Type	MMACHC-related Methylmalonic Aciduria and Homocystinuria, cblC Type	MONDO:0010184	0	8	0	0	0	0	NOT_RUN	NA
MMADHC-related_Disorder_of_Cobalamin_Metabolism_cblD_Type	MMADHC-related Disorder of Cobalamin Metabolism, cblD Type	MONDO:0700297	0	4	0	0	0	0	NOT_RUN	NA
MPDU1-congenital_disorder_of_glycosylation	MPDU1-congenital disorder of glycosylation	MONDO:0012211	0	9	0	0	0	0	NOT_RUN	NA
MPI-Congenital_Disorder_of_Glycosylation	MPI-congenital disorder of glycosylation	MONDO:0011257	0	9	0	0	0	0	NOT_RUN	NA
MSMO1_Deficiency	MSMO1 Deficiency	MONDO:0014793	0	6	0	0	0	0	NOT_RUN	NA
MSTO1-Related_Mitochondrial_Myopathy	MSTO1-Related Mitochondrial Myopathy	MONDO:0044714	0	6	0	0	0	0	NOT_RUN	NA
MT-ATP6_MT-ATP8-Related_Infantile_Hypertrophic_Cardiomyopathy	MT-ATP6/MT-ATP8-Related Infantile Hypertrophic Cardiomyopathy	MONDO:0010777	0	5	0	0	0	0	NOT_RUN	NA
MTHFD1_Deficiency	MTHFD1 Deficiency	MONDO:0060611	0	6	0	0	0	0	NOT_RUN	NA
MTO1_Deficiency	MTO1 Deficiency	MONDO:0013865	0	7	0	0	0	0	NOT_RUN	NA
MUTYH-Associated_Polyposis	MUTYH-Associated Polyposis	MONDO:0012041	0	9	0	0	0	0	NOT_RUN	NA
MYO6_Hearing_Loss	MYO6_Hearing_Loss	MONDO:0019497	0	8	0	0	0	0	NOT_RUN	NA
Mabry_Syndrome	Mabry Syndrome	MONDO:0016596	6	36	6	0	0	0	STALE_INPUT	NA
Machado_Joseph_Disease	Machado-Joseph Disease	MONDO:0007182	4	30	4	0	0	0	STALE_INPUT	NA
Malan_Syndrome	Malan Syndrome	MONDO:0013885	0	7	0	0	0	0	NOT_RUN	NA
Malaria	Malaria	MONDO:0005136	4	36	4	0	0	0	RETRACTED	1
Malignant_Germ_Cell_Tumor_of_Ovary	Malignant Germ Cell Tumor of Ovary	MONDO:0018171	6	40	6	0	0	0	RETRACTED	1
Malignant_Non_Dysgerminomatous_Germ_Cell_Tumor_Of_Ovary	Malignant Non-Dysgerminomatous Germ Cell Tumor Of Ovary	MONDO:0016096	1	10	1	0	0	0	ALL_MAPPINGS_CONSISTENT	0
Malignant_Peripheral_Nerve_Sheath_Tumor	Malignant Peripheral Nerve Sheath Tumor	MONDO:0017827	2	18	2	0	0	0	ALL_MAPPINGS_CONSISTENT	0
Mandibulofacial_Dysostosis_With_Alopecia	Mandibulofacial Dysostosis with Alopecia	MONDO:0014608	0	7	0	0	0	0	NOT_RUN	NA
Mandibulofacial_Dysostosis_with_Microcephaly	Mandibulofacial dysostosis with microcephaly	MONDO:0012516	0	8	0	0	0	0	NOT_RUN	NA
Maple_Syrup_Urine_Disease	Maple Syrup Urine Disease	MONDO:0009563	3	24	3	0	0	0	ALL_MAPPINGS_CONSISTENT	0
Marden-Walker_Syndrome	Marden-Walker Syndrome	MONDO:0009564	0	8	0	0	0	0	NOT_RUN	NA
Marfanoid_Progeroid_Lipodystrophy_Syndrome	Marfanoid-Progeroid-Lipodystrophy Syndrome	MONDO:0014831	0	6	0	0	0	0	NOT_RUN	NA
Marginal_Zone_Lymphoma	Marginal Zone Lymphoma	MONDO:0017604	3	28	3	0	0	0	ALL_MAPPINGS_CONSISTENT	0
Marinesco-Sjogren_Syndrome	Marinesco-Sjogren Syndrome	MONDO:0009567	0	7	0	0	0	0	NOT_RUN	NA
Maroteaux-Lamy_syndrome	Maroteaux-Lamy syndrome	MONDO:0009661	2	20	2	0	0	0	NOT_RUN	NA
Marshall-Smith_Syndrome	Marshall-Smith Syndrome	MONDO:0011244	0	9	0	0	0	0	NOT_RUN	NA
McKusick-Kaufman_Syndrome	McKusick-Kaufman syndrome	MONDO:0009367	0	8	0	0	0	0	NOT_RUN	NA
McLeod_Neuroacanthocytosis_Syndrome	McLeod Neuroacanthocytosis Syndrome	MONDO:0018945	0	9	0	0	0	0	NOT_RUN	NA
Meacham_syndrome	Meacham syndrome	MONDO:0012164	0	8	0	0	0	0	NOT_RUN	NA
Meckel_Syndrome	Meckel Syndrome	MONDO:0018921	12	68	12	0	0	0	ALL_MAPPINGS_CONSISTENT	0
Mediator_Complex_Neurodevelopmental_Disorder	Mediator Complex Neurodevelopmental Disorder	MONDO:0002320	12	59	1	11	0	0	ALL_MAPPINGS_CONSISTENT	0
Meester-Loeys_Syndrome	Meester-Loeys Syndrome	MONDO:0010515	0	6	0	0	0	0	NOT_RUN	NA
Meier-Gorlin_Syndrome	Meier-Gorlin syndrome	MONDO:0016817	9	52	9	0	0	0	STALE_INPUT	NA
Mendelian_Susceptibility_To_Mycobacterial_Diseases_Due_To_Complete_IL12B_Deficiency	Mendelian Susceptibility To Mycobacterial Diseases Due To Complete IL12B Deficiency	MONDO:0013954	0	7	0	0	0	0	NOT_RUN	NA
Mendelian_Susceptibility_To_Mycobacterial_Diseases_Due_To_Partial_IRF8_Deficiency	Mendelian Susceptibility To Mycobacterial Diseases Due To Partial IRF8 Deficiency	MONDO:0013957	0	7	0	0	0	0	NOT_RUN	NA
Meningioma	Meningioma	MONDO:0016642	3	20	3	0	0	0	ALL_MAPPINGS_CONSISTENT	0
Menkes_Disease	Menkes Disease	MONDO:0010651	2	23	0	2	0	0	ALL_MAPPINGS_CONSISTENT	0
Mesomelia-Synostoses_Syndrome	Mesomelia-Synostoses Syndrome	MONDO:0010881	0	7	0	0	0	0	NOT_RUN	NA
Mesomelic_Dysplasia_Kantaputra_Type	Mesomelic Dysplasia, Kantaputra Type	MONDO:0007977	0	7	0	0	0	0	NOT_RUN	NA
Mesomelic_Dysplasia_Savarirayan_Type	Mesomelic Dysplasia, Savarirayan Type	MONDO:0011530	0	8	0	0	0	0	NOT_RUN	NA
Metabolic_Dysfunction-Associated_Steatotic_Liver_Disease	Metabolic Dysfunction-Associated Steatotic Liver Disease	MONDO:0013209	1	14	1	0	0	0	ALL_MAPPINGS_CONSISTENT	0
Metaphyseal_Anadysplasia	Metaphyseal anadysplasia	MONDO:0015177	1	12	1	0	0	0	STALE_INPUT	NA
Metaphyseal_Chondrodysplasia_Jansen_Type	Metaphyseal Chondrodysplasia, Jansen Type	MONDO:0007982	0	10	0	0	0	0	NOT_RUN	NA
Metaphyseal_Chondrodysplasia_Schmid_Type	Metaphyseal Chondrodysplasia, Schmid Type	MONDO:0007983	0	8	0	0	0	0	NOT_RUN	NA
Metaphyseal_Dysplasia_Spahr_Type	Metaphyseal dysplasia, Spahr type	MONDO:0009597	0	8	0	0	0	0	NOT_RUN	NA
Metaphyseal_Dysplasia_with_Maxillary_Hypoplasia_and_Brachydactyly	Metaphyseal dysplasia with maxillary hypoplasia and brachydactyly	MONDO:0007984	0	7	0	0	0	0	NOT_RUN	NA
Metatropic_Dysplasia	Metatropic Dysplasia	MONDO:0007986	0	9	0	0	0	0	NOT_RUN	NA
Methylcobalamin_Deficiency_Type_cblE	Methylcobalamin Deficiency Type cblE	MONDO:0009354	0	10	0	0	0	0	NOT_RUN	NA
Methylcobalamin_Deficiency_Type_cblG	Methylcobalamin Deficiency Type cblG	MONDO:0009609	0	8	0	0	0	0	NOT_RUN	NA
Methylmalonate_Semialdehyde_Dehydrogenase_Deficiency	Methylmalonate Semialdehyde Dehydrogenase Deficiency	MONDO:0013579	0	8	0	0	0	0	NOT_RUN	NA
Methylmalonic_Acidemia	Methylmalonic Acidemia	MONDO:0002012	0	7	0	0	0	0	NOT_RUN	NA
Methylmalonic_Acidemia_With_Homocystinuria_Type_cblJ	Methylmalonic Acidemia With Homocystinuria, Type cblJ	MONDO:0013925	0	6	0	0	0	0	NOT_RUN	NA
Methylmalonic_Aciduria_and_Homocystinuria_cblL_Type	Methylmalonic Aciduria and Homocystinuria cblL Type	MONDO:0975798	0	4	0	0	0	0	NOT_RUN	NA
Methylmalonic_Aciduria_cblA_Type	Methylmalonic Aciduria, cblA Type	MONDO:0009613	0	8	0	0	0	0	NOT_RUN	NA
Mevalonate_Kinase_Deficiency	Mevalonate Kinase Deficiency	MONDO:0017708	0	7	0	0	0	0	NOT_RUN	NA
Microcephalic_Osteodysplastic_Primordial_Dwarfism_Type_I	Microcephalic Osteodysplastic Primordial Dwarfism Type I	MONDO:0008871	1	9	0	1	0	0	ALL_MAPPINGS_CONSISTENT	0
Microcephalic_Osteodysplastic_Primordial_Dwarfism_Type_II	Microcephalic Osteodysplastic Primordial Dwarfism Type II	MONDO:0008872	0	8	0	0	0	0	NOT_RUN	NA
Microcephaly-Capillary_Malformation_Syndrome	Microcephaly-Capillary Malformation Syndrome	MONDO:0013659	0	6	0	0	0	0	NOT_RUN	NA
Microcephaly_Short_Stature_and_Impaired_Glucose_Metabolism_1	Microcephaly, Short Stature, and Impaired Glucose Metabolism 1	MONDO:0000208	0	4	0	0	0	0	NOT_RUN	NA
Microcephaly_Short_Stature_and_Impaired_Glucose_Metabolism_2	Microcephaly, Short Stature, and Impaired Glucose Metabolism 2	MONDO:0014785	0	4	0	0	0	0	NOT_RUN	NA
Microcytic_Anemia_With_Liver_Iron_Overload	Microcytic Anemia With Liver Iron Overload	MONDO:0008787	0	6	0	0	0	0	NOT_RUN	NA
Microphthalmia_with_Coloboma	Microphthalmia with Coloboma	MONDO:0000170	0	7	0	0	0	0	NOT_RUN	NA
Microvillus_Inclusion_Disease	Microvillus Inclusion Disease	MONDO:0009635	0	8	0	0	0	0	NOT_RUN	NA
Miller-Dieker_Lissencephaly_Syndrome	Miller-Dieker Lissencephaly Syndrome	MONDO:0009532	0	8	0	0	0	0	NOT_RUN	NA
Mitochondrial_Complex_II_Deficiency_Nuclear_Type_1	Mitochondrial Complex II Deficiency, Nuclear Type 1	MONDO:0100294	0	8	0	0	0	0	NOT_RUN	NA
Mitochondrial_Complex_I_Deficiency_Nuclear_Type_1	Mitochondrial Complex I Deficiency, Nuclear Type 1	MONDO:0100224	0	5	0	0	0	0	NOT_RUN	NA
Mitochondrial_Complex_I_Deficiency_Nuclear_Type_12	Mitochondrial Complex I Deficiency, Nuclear Type 12	MONDO:0026720	0	5	0	0	0	0	NOT_RUN	NA
Mitochondrial_Complex_I_Deficiency_Nuclear_Type_14	Mitochondrial Complex I Deficiency, Nuclear Type 14	MONDO:0032619	0	5	0	0	0	0	NOT_RUN	NA
Mitochondrial_Complex_I_Deficiency_Nuclear_Type_2	Mitochondrial Complex I Deficiency, Nuclear Type 2	MONDO:0032606	0	5	0	0	0	0	NOT_RUN	NA
Mitochondrial_Complex_I_Deficiency_Nuclear_Type_21	Mitochondrial Complex I Deficiency Nuclear Type 21	MONDO:0032625	0	5	0	0	0	0	NOT_RUN	NA
Mitochondrial_Complex_I_Deficiency_Nuclear_Type_23	Mitochondrial Complex I Deficiency Nuclear Type 23	MONDO:0032627	0	5	0	0	0	0	NOT_RUN	NA
Mitochondrial_Complex_I_Deficiency_Nuclear_Type_24	Mitochondrial Complex I Deficiency, Nuclear Type 24	MONDO:0032628	0	5	0	0	0	0	NOT_RUN	NA
Mitochondrial_Complex_I_Deficiency_Nuclear_Type_3	Mitochondrial Complex I Deficiency Nuclear Type 3	MONDO:0032608	0	5	0	0	0	0	NOT_RUN	NA
Mitochondrial_Complex_I_Deficiency_Nuclear_Type_31	Mitochondrial Complex I Deficiency Nuclear Type 31	MONDO:0032634	0	5	0	0	0	0	NOT_RUN	NA
Mitochondrial_Complex_I_Deficiency_Nuclear_Type_34	Mitochondrial Complex I Deficiency, Nuclear Type 34	MONDO:0032910	0	5	0	0	0	0	NOT_RUN	NA
Mitochondrial_Complex_I_Deficiency_Nuclear_Type_36	Mitochondrial Complex I Deficiency, Nuclear Type 36	MONDO:0030902	0	4	0	0	0	0	NOT_RUN	NA
Mitochondrial_Complex_I_Deficiency_Nuclear_Type_39	Mitochondrial Complex I Deficiency, Nuclear Type 39	MONDO:0859320	0	4	0	0	0	0	NOT_RUN	NA
Mitochondrial_Complex_I_Deficiency_Nuclear_Type_6	Mitochondrial Complex I Deficiency, Nuclear Type 6	MONDO:0032611	0	5	0	0	0	0	NOT_RUN	NA
Mitochondrial_Complex_V_ATP_Synthase_Deficiency_Nuclear_Type_3	Mitochondrial Complex V (ATP Synthase) Deficiency, Nuclear Type 3	MONDO:0013547	0	5	0	0	0	0	NOT_RUN	NA
Mitochondrial_DNA_Depletion_Syndrome_14B	Mitochondrial DNA Depletion Syndrome 14B (Cardioencephalomyopathic Type)	MONDO:0014820	0	5	0	0	0	0	NOT_RUN	NA
Mitochondrial_DNA_Depletion_Syndrome_7	Mitochondrial DNA Depletion Syndrome 7	MONDO:0010060	0	8	0	0	0	0	NOT_RUN	NA
Mitochondrial_Neurogastrointestinal_Encephalomyopathy	Mitochondrial Neurogastrointestinal Encephalomyopathy	MONDO:0017575	0	7	0	0	0	0	NOT_RUN	NA
Mitochondrial_Trifunctional_Protein_Deficiency	Mitochondrial Trifunctional Protein Deficiency	MONDO:0012172	0	9	0	0	0	0	NOT_RUN	NA
Mixed_Germ_Cell_Tumor	Mixed Germ Cell Tumor	MONDO:0015864	1	13	0	1	0	0	ALL_MAPPINGS_CONSISTENT	0
Mixed_Neuronal-Glial_Tumor	Mixed Neuronal-Glial Tumor	MONDO:0016729	6	44	6	0	0	0	ALL_MAPPINGS_CONSISTENT	0
Mixed_Phenotype_Acute_Leukemia	Mixed Phenotype Acute Leukemia	MONDO:0020743	5	28	4	1	0	0	ALL_MAPPINGS_CONSISTENT	0
Molybdenum_Cofactor_Deficiency_Type_A	Molybdenum Cofactor Deficiency Type A	MONDO:0009643	0	8	0	0	0	0	NOT_RUN	NA
Morquio_syndrome	Morquio syndrome	MONDO:0018938	2	28	2	0	0	0	STALE_INPUT	NA
Mosaic_Variegated_Aneuploidy_Syndrome	Mosaic Variegated Aneuploidy Syndrome	MONDO:0000141	0	8	0	0	0	0	NOT_RUN	NA
Mowat-Wilson_syndrome	Mowat-Wilson syndrome	MONDO:0009341	0	10	0	0	0	0	NOT_RUN	NA
Muckle-Wells_Syndrome	Muckle-Wells Syndrome	MONDO:0008633	0	9	0	0	0	0	NOT_RUN	NA
Mucolipidosis_Type_II	Mucolipidosis Type II	MONDO:0009650	0	9	0	0	0	0	NOT_RUN	NA
Mucolipidosis_Type_III_Alpha_Beta	Mucolipidosis Type III Alpha/Beta	MONDO:0018931	0	9	0	0	0	0	NOT_RUN	NA
Mucolipidosis_Type_IV	Mucolipidosis Type IV	MONDO:0009653	0	9	0	0	0	0	NOT_RUN	NA
Mucopolysaccharidosis	Mucopolysaccharidosis	MONDO:0019249	0	8	0	0	0	0	NOT_RUN	NA
Mucopolysaccharidosis-Plus_Syndrome	Mucopolysaccharidosis-Plus Syndrome	MONDO:0015012	0	6	0	0	0	0	NOT_RUN	NA
Mucopolysaccharidosis_type_IX	Mucopolysaccharidosis type IX	MONDO:0011093	0	10	0	0	0	0	NOT_RUN	NA
Mucopolysaccharidosis_type_X	Mucopolysaccharidosis type X	MONDO:0030524	0	7	0	0	0	0	NOT_RUN	NA
Muenke_Syndrome	Muenke Syndrome	MONDO:0011274	0	10	0	0	0	0	NOT_RUN	NA
Muggenthaler-Chowdhury-Chioza_Syndrome	Muggenthaler-Chowdhury-Chioza Syndrome	MONDO:0976127	0	6	0	0	0	0	NOT_RUN	NA
Mullegama-Klein-Martinez_Syndrome	Mullegama-Klein-Martinez Syndrome	MONDO:0026722	0	5	0	0	0	0	NOT_RUN	NA
Multiminicore_Disease	Multiminicore Disease	MONDO:0018948	0	6	0	0	0	0	NOT_RUN	NA
Multiple_Acyl-CoA_Dehydrogenase_Deficiency	Multiple Acyl-CoA Dehydrogenase Deficiency	MONDO:0009282	0	10	0	0	0	0	NOT_RUN	NA
Multiple_Congenital_Anomalies-Hypotonia-Seizures_Syndrome	Multiple Congenital Anomalies-Hypotonia-Seizures Syndrome	MONDO:0100247	3	27	3	0	0	0	STALE_INPUT	NA
Multiple_Endocrine_Neoplasia_Type_1	Multiple Endocrine Neoplasia Type 1	MONDO:0007540	0	11	0	0	0	0	NOT_RUN	NA
Multiple_Epiphyseal_Dysplasia	Multiple Epiphyseal Dysplasia	MONDO:0016648	7	56	7	0	0	0	STALE_INPUT	NA
Multiple_Epiphyseal_Dysplasia_Al-Gazali_Type	Multiple Epiphyseal Dysplasia, Al-Gazali Type	MONDO:0011778	0	8	0	0	0	0	NOT_RUN	NA
Multiple_Epiphyseal_Dysplasia_Beighton_Type	Multiple Epiphyseal Dysplasia, Beighton Type	MONDO:0007562	0	7	0	0	0	0	NOT_RUN	NA
Multiple_Synostoses_Syndrome	Multiple Synostoses Syndrome	MONDO:0017923	0	7	0	0	0	0	NOT_RUN	NA
Multisystemic_Smooth_Muscle_Dysfunction_Syndrome	Multisystemic smooth muscle dysfunction syndrome	MONDO:0013452	0	6	0	0	0	0	NOT_RUN	NA
Muscular_Dystrophy_Limb-girdle_Autosomal_Recessive_28	Muscular Dystrophy, Limb-Girdle, Autosomal Recessive 28	MONDO:0957270	0	7	0	0	0	0	NOT_RUN	NA
Musculocontractural_Ehlers-Danlos_Syndrome	Musculocontractural Ehlers-Danlos Syndrome	MONDO:0011142	2	18	2	0	0	0	STALE_INPUT	NA
Mycetoma	Mycetoma	MONDO:0016823	1	12	0	1	0	0	ALL_MAPPINGS_CONSISTENT	0
Mycosis_Fungoides	Mycosis Fungoides	MONDO:0009691	3	27	0	3	0	0	ALL_MAPPINGS_CONSISTENT	0
Myhre_Syndrome	Myhre Syndrome	MONDO:0007688	0	8	0	0	0	0	NOT_RUN	NA
Myiasis	Myiasis	MONDO:0019147	9	51	9	0	0	0	RETRACTED	4
Myocarditis	Myocarditis	MONDO:0004496	2	19	2	0	0	0	ALL_MAPPINGS_CONSISTENT	0
Myoclonus_Dystonia_Syndrome	Myoclonus-Dystonia Syndrome	MONDO:0000903	1	11	1	0	0	0	ALL_MAPPINGS_CONSISTENT	0
Myofibrillar_Myopathy	Myofibrillar Myopathy	MONDO:0018943	10	79	9	1	0	0	STALE_INPUT	NA
Myopathy_Lactic_Acidosis_and_Sideroblastic_Anemia	Myopathy, Lactic Acidosis, and Sideroblastic Anemia	MONDO:0000863	3	23	3	0	0	0	STALE_INPUT	NA
Myotonic_Dystrophy_Type_1	Myotonic Dystrophy Type 1	MONDO:0008056	0	9	0	0	0	0	NOT_RUN	NA
N-Acetylglutamate_Synthase_Deficiency	N-Acetylglutamate Synthase Deficiency	MONDO:0009377	0	9	0	0	0	0	NOT_RUN	NA
NAD_P_HX_Dehydratase_Deficiency	NAD(P)HX Dehydratase Deficiency	MONDO:0034121	0	6	0	0	0	0	NOT_RUN	NA
NAGA_Deficiency_Type_3	NAGA Deficiency Type 3	MONDO:0019264	0	7	0	0	0	0	NOT_RUN	NA
NARP_syndrome	NARP syndrome	MONDO:0010794	0	9	0	0	0	0	NOT_RUN	NA
NDP_Related_Vitreoretinopathy	NDP-Related Vitreoretinopathy	MONDO:0700377	1	13	1	0	0	0	STALE_INPUT	NA
NELABA	Neonatal Severe Encephalopathy with Lactic Acidosis and Brain Abnormalities	MONDO:0060562	0	6	0	0	0	0	NOT_RUN	NA
NEUROD2-Related_Developmental_and_Epileptic_Encephalopathy	NEUROD2-Related Developmental and Epileptic Encephalopathy	MONDO:0032710	0	5	0	0	0	0	NOT_RUN	NA
NGLY1-congenital_disorder_of_deglycosylation	NGLY1-congenital disorder of deglycosylation	MONDO:0800044	0	8	0	0	0	0	NOT_RUN	NA
NR5A1_Related_Sex_Development_Disorder	NR5A1-related sex development disorder	MONDO:1060211	1	8	1	0	0	0	NOT_RUN	NA
NUP62-Related_Infantile_Bilateral_Striatal_Necrosis	NUP62-Related Infantile Bilateral Striatal Necrosis	MONDO:0015518	0	5	0	0	0	0	NOT_RUN	NA
Nail-patella_Syndrome	Nail-patella Syndrome	MONDO:0008061	0	10	0	0	0	0	NOT_RUN	NA
Nasu-Hakola_Disease	Nasu-Hakola Disease	MONDO:0009092	2	14	2	0	0	0	STALE_INPUT	NA
Naxos_disease	Naxos disease	MONDO:0011017	0	9	0	0	0	0	NOT_RUN	NA
Nemaline_Myopathy	Nemaline Myopathy	MONDO:0018958	4	31	4	0	0	0	STALE_INPUT	NA
Neonatal_Epileptic_Encephalopathy_Due_to_Glutaminase_Deficiency	Neonatal Epileptic Encephalopathy Due to Glutaminase Deficiency	MONDO:0032678	0	7	0	0	0	0	NOT_RUN	NA
Nephronophthisis	Nephronophthisis	MONDO:0019005	2	20	2	0	0	0	ALL_MAPPINGS_CONSISTENT	0
Nestor-Guillermo_progeria_syndrome	Nestor-Guillermo progeria syndrome	MONDO:0013523	0	7	0	0	0	0	NOT_RUN	NA
Netherton_Syndrome	Netherton syndrome	MONDO:0009735	0	10	0	0	0	0	NOT_RUN	NA
Neurodegeneration_Childhood-onset_With_Cerebellar_Atrophy	Neurodegeneration Childhood-onset With Cerebellar Atrophy	MONDO:0032650	0	4	0	0	0	0	NOT_RUN	NA
Neurodegeneration_With_Brain_Iron_Accumulation	Neurodegeneration With Brain Iron Accumulation	MONDO:0018307	6	46	6	0	0	0	ALL_MAPPINGS_CONSISTENT	0
Neurodevelopmental_Disorder_With_Absent_Speech_And_Movement_And_Behavioral_Abnormalities	Neurodevelopmental Disorder With Absent Speech and Movement and Behavioral Abnormalities	MONDO:0859519	0	4	0	0	0	0	NOT_RUN	NA
Neurodevelopmental_Disorder_With_Dysmorphic_Facies_Sleep_Disturbance_And_Brain_Abnormalities	Neurodevelopmental Disorder With Dysmorphic Facies, Sleep Disturbance, and Brain Abnormalities	MONDO:0030852	0	4	0	0	0	0	NOT_RUN	NA
Neurodevelopmental_Disorder_With_or_Without_Autism_or_Seizures	Neurodevelopmental Disorder With or Without Autism or Seizures	MONDO:0030994	0	5	0	0	0	0	NOT_RUN	NA
Neurodevelopmental_Disorder_with_Central_Hypotonia_and_Dysmorphic_Facies	Neurodevelopmental Disorder with Central Hypotonia and Dysmorphic Facies	MONDO:0859232	0	4	0	0	0	0	NOT_RUN	NA
Neurodevelopmental_Disorder_with_Dysmorphic_Facies_and_Distal_Skeletal_Anomalies	Neurodevelopmental Disorder with Dysmorphic Facies and Distal Skeletal Anomalies	MONDO:0032855	0	4	0	0	0	0	NOT_RUN	NA
Neurodevelopmental_Disorder_with_Early-Onset_Parkinsonism_and_Behavioral_Abnormalities	Neurodevelopmental Disorder with Early-Onset Parkinsonism and Behavioral Abnormalities	MONDO:0958323	0	4	0	0	0	0	NOT_RUN	NA
Neurodevelopmental_Disorder_with_Epilepsy_Spasticity_and_Brain_Atrophy	Neurodevelopmental Disorder with Epilepsy, Spasticity, and Brain Atrophy	MONDO:0032894	0	4	0	0	0	0	NOT_RUN	NA
Neurodevelopmental_Disorder_with_Hearing_Loss_and_Spasticity	Neurodevelopmental Disorder with Hearing Loss and Spasticity	MONDO:0859206	0	6	0	0	0	0	NOT_RUN	NA
Neurodevelopmental_Disorder_with_Hypotonia_Feeding_Difficulties_Facial_Dysmorphism_and_Brain_Abnormalities	Neurodevelopmental Disorder with Hypotonia, Feeding Difficulties, Facial Dysmorphism, and Brain Abnormalities	MONDO:0971043	0	4	0	0	0	0	NOT_RUN	NA
Neurodevelopmental_Disorder_with_Hypotonia_and_Speech_Delay	Neurodevelopmental Disorder with Hypotonia and Speech Delay, With or Without Seizures	MONDO:0957541	0	5	0	0	0	0	NOT_RUN	NA
Neurodevelopmental_Disorder_with_Microcephaly_Hypotonia_and_Absent_Language	Neurodevelopmental Disorder with Microcephaly, Hypotonia, and Absent Language	MONDO:0859287	0	4	0	0	0	0	NOT_RUN	NA
Neurodevelopmental_Disorder_with_Microcephaly_Impaired_Language_and_Gait_Abnormalities	Neurodevelopmental Disorder with Microcephaly, Impaired Language, and Gait Abnormalities	MONDO:0100348	0	4	0	0	0	0	NOT_RUN	NA
Neurodevelopmental_Disorder_with_Microcephaly_Movement_Abnormalities_and_Seizures	Neurodevelopmental Disorder with Microcephaly, Movement Abnormalities, and Seizures	MONDO:0859282	0	4	0	0	0	0	NOT_RUN	NA
Neurodevelopmental_Disorder_with_Microcephaly_Seizures_and_Cortical_Atrophy	Neurodevelopmental Disorder with Microcephaly, Seizures, and Cortical Atrophy	MONDO:0060621	0	4	0	0	0	0	NOT_RUN	NA
Neurodevelopmental_Disorder_with_Neuromuscular_and_Skeletal_Abnormalities	Neurodevelopmental Disorder with Neuromuscular and Skeletal Abnormalities	MONDO:0859236	0	4	0	0	0	0	NOT_RUN	NA
Neurodevelopmental_Disorder_with_Severe_Motor_Impairment_and_Absent_Language	Neurodevelopmental Disorder with Severe Motor Impairment and Absent Language	MONDO:0060622	0	6	0	0	0	0	NOT_RUN	NA
Neurodevelopmental_Disorder_with_or_without_Anomalies_of_the_Brain_Eye_or_Heart	Neurodevelopmental Disorder with or without Anomalies of the Brain, Eye, or Heart	MONDO:0014857	0	6	0	0	0	0	NOT_RUN	NA
Neurofibromatosis	Neurofibromatosis	MONDO:0021061	3	33	3	0	0	0	ALL_MAPPINGS_CONSISTENT	0
Neuronal_Ceroid_Lipofuscinosis_1	Neuronal Ceroid Lipofuscinosis 1	MONDO:0009744	0	7	0	0	0	0	NOT_RUN	NA
Neuronal_Ceroid_Lipofuscinosis_2	Neuronal Ceroid Lipofuscinosis 2	MONDO:0008769	0	7	0	0	0	0	NOT_RUN	NA
Neuronal_Ceroid_Lipofuscinosis_3	Neuronal Ceroid Lipofuscinosis 3	MONDO:0008767	0	7	0	0	0	0	NOT_RUN	NA
Neuronal_Ceroid_Lipofuscinosis_7	Neuronal Ceroid Lipofuscinosis 7	MONDO:0012588	0	7	0	0	0	0	NOT_RUN	NA
Neuronal_Intranuclear_Inclusion_Disease	Neuronal Intranuclear Inclusion Disease	MONDO:0011327	0	10	0	0	0	0	NOT_RUN	NA
Neurooculorenal_Syndrome	Neurooculorenal Syndrome	MONDO:0957210	0	4	0	0	0	0	NOT_RUN	NA
Neuropathy_Hereditary_Motor_And_Sensory_Type_VIc_With_Optic_Atrophy	Neuropathy Hereditary Motor And Sensory Type VIc With Optic Atrophy	MONDO:0032792	0	4	0	0	0	0	NOT_RUN	NA
Neutral_Lipid_Storage_Myopathy	Neutral Lipid Storage Myopathy	MONDO:0012545	0	7	0	0	0	0	NOT_RUN	NA
Neutrophil_Immunodeficiency_Syndrome	Neutrophil Immunodeficiency Syndrome	MONDO:0011988	0	9	0	0	0	0	NOT_RUN	NA
Nicolaides-Baraitser_Syndrome	Nicolaides-Baraitser Syndrome	MONDO:0011053	0	8	0	0	0	0	NOT_RUN	NA
Niemann-Pick_Disease_Type_A	Niemann-Pick Disease Type A	MONDO:0009756	0	11	0	0	0	0	NOT_RUN	NA
Niemann-Pick_Disease_Type_B	Niemann-Pick Disease Type B	MONDO:0011871	0	11	0	0	0	0	NOT_RUN	NA
Niemann-Pick_Disease_Type_E	Niemann-Pick Disease Type E	MONDO:0020384	0	3	0	0	0	0	NOT_RUN	NA
Niemann_Pick_Disease_Type_C	Niemann-Pick Disease Type C	MONDO:0018982	2	20	2	0	0	0	ALL_MAPPINGS_CONSISTENT	0
Nijmegen_Breakage_Syndrome-like_Disorder	Nijmegen Breakage Syndrome-like Disorder	MONDO:0013118	0	9	0	0	0	0	NOT_RUN	NA
Nijmegen_breakage_syndrome	Nijmegen breakage syndrome	MONDO:0009623	0	10	0	0	0	0	NOT_RUN	NA
Nizon-Isidor_Syndrome	Nizon-Isidor Syndrome	MONDO:0030030	0	4	0	0	0	0	NOT_RUN	NA
Non-Syndromic_X-Linked_Intellectual_Disability	Non-Syndromic X-Linked Intellectual Disability	MONDO:0019181	8	51	8	0	0	0	ALL_MAPPINGS_CONSISTENT	0
Nonketotic_Hyperglycinemia	Nonketotic Hyperglycinemia	MONDO:0011612	0	8	0	0	0	0	NOT_RUN	NA
Noonan_Syndrome	Noonan Syndrome	MONDO:0018997	2	22	1	1	0	0	ALL_MAPPINGS_CONSISTENT	0
Noonan_Syndrome-like_Disorder_with_Loose_Anagen_Hair	Noonan Syndrome-like Disorder with Loose Anagen Hair	MONDO:0011899	2	19	2	0	0	0	ALL_MAPPINGS_CONSISTENT	0
Noonan_Syndrome_6	Noonan Syndrome 6	MONDO:0013186	0	7	0	0	0	0	NOT_RUN	NA
Noonan_Syndrome_with_Multiple_Lentigines	Noonan Syndrome with Multiple Lentigines	MONDO:0007893	3	24	3	0	0	0	ALL_MAPPINGS_CONSISTENT	0
North_Carolina_Macular_Dystrophy	North Carolina Macular Dystrophy	MONDO:0007630	0	9	0	0	0	0	NOT_RUN	NA
Northern_Epilepsy	Northern Epilepsy	MONDO:0012391	0	9	0	0	0	0	NOT_RUN	NA
OPTN-related_Open_Angle_Glaucoma	OPTN-related Open Angle Glaucoma	MONDO:0100553	0	4	0	0	0	0	NOT_RUN	NA
ORAI1_Deficiency	ORAI1 Deficiency	MONDO:0013007	0	9	0	0	0	0	NOT_RUN	NA
OTUD6B-Related_Neurodevelopmental_Disorder	OTUD6B-Related Neurodevelopmental Disorder	MONDO:0044319	0	6	0	0	0	0	NOT_RUN	NA
Ochoa_Syndrome	Ochoa syndrome	MONDO:0000463	0	8	0	0	0	0	NOT_RUN	NA
Ocular_Melanoma	Ocular Melanoma	MONDO:0006325	5	34	5	0	0	0	ALL_MAPPINGS_CONSISTENT	0
Oculocerebrodental_Syndrome	Oculocerebrodental Syndrome	MONDO:0034145	0	6	0	0	0	0	NOT_RUN	NA
Oculocutaneous_Albinism	Oculocutaneous Albinism	MONDO:0018910	9	81	9	0	0	0	NOT_RUN	NA
Oculodentodigital_Dysplasia	Oculodentodigital Dysplasia	MONDO:0008111	0	8	0	0	0	0	NOT_RUN	NA
Oculofaciocardiodental_Syndrome	Oculofaciocardiodental Syndrome	MONDO:0010261	0	7	0	0	0	0	NOT_RUN	NA
Oculogastrointestinal-Neurodevelopmental_Syndrome	Oculogastrointestinal-neurodevelopmental syndrome	MONDO:0036189	0	6	0	0	0	0	NOT_RUN	NA
Oculopharyngodistal_Myopathy	Oculopharyngodistal Myopathy	MONDO:0025193	0	8	0	0	0	0	NOT_RUN	NA
Odonto-Onycho-Dermal_Dysplasia	Odonto-Onycho-Dermal Dysplasia	MONDO:0009773	2	21	0	2	0	0	STALE_INPUT	NA
Odontochondrodysplasia	Odontochondrodysplasia	MONDO:0100325	0	6	0	0	0	0	NOT_RUN	NA
Ogden_syndrome	Ogden syndrome	MONDO:0010457	0	9	0	0	0	0	NOT_RUN	NA
Okur_Chung_neurodevelopmental_syndrome	Okur-Chung Neurodevelopmental Syndrome	MONDO:0014893	0	5	0	0	0	0	NOT_RUN	NA
Omodysplasia	Omodysplasia	MONDO:0017136	2	24	2	0	0	0	STALE_INPUT	NA
Opitz_GBBB_Syndrome	Opitz G/BBB syndrome	MONDO:0017138	0	7	0	0	0	0	NOT_RUN	NA
Opsismodysplasia	Opsismodysplasia	MONDO:0009785	0	8	0	0	0	0	NOT_RUN	NA
Optic_Atrophy_13_With_Retinal_And_Foveal_Abnormalities	Optic Atrophy 13 With Retinal and Foveal Abnormalities	MONDO:0008135	0	5	0	0	0	0	NOT_RUN	NA
Optic_Atrophy_14	Optic Atrophy 14	MONDO:0957824	0	4	0	0	0	0	NOT_RUN	NA
Optic_Atrophy_3	Optic Atrophy 3	MONDO:0008133	0	8	0	0	0	0	NOT_RUN	NA
Optic_Neuritis	Optic Neuritis	MONDO:0005885	3	20	0	3	0	0	ALL_MAPPINGS_CONSISTENT	0
Ornithine_Carbamoyltransferase_Deficiency	Ornithine Carbamoyltransferase Deficiency	MONDO:0010703	0	10	0	0	0	0	NOT_RUN	NA
Orofaciodigital_Syndrome	Orofaciodigital Syndrome	MONDO:0015375	20	136	19	1	0	0	STALE_INPUT	NA
Orofaciodigital_Syndrome_17	Orofaciodigital Syndrome 17	MONDO:0033375	0	5	0	0	0	0	NOT_RUN	NA
Orofaciodigital_Syndrome_Type_I	Orofaciodigital Syndrome Type I	MONDO:0010702	0	9	0	0	0	0	NOT_RUN	NA
Osteochondrosis	Osteochondrosis	MONDO:0018381	6	50	5	1	0	0	ALL_MAPPINGS_CONSISTENT	0
Osteogenesis_Imperfecta_Type_I	Osteogenesis Imperfecta Type I	MONDO:0008146	0	9	0	0	0	0	NOT_RUN	NA
Osteogenesis_Imperfecta_Type_II	Osteogenesis Imperfecta Type II	MONDO:0008147	0	10	0	0	0	0	NOT_RUN	NA
Osteogenesis_Imperfecta_Type_III	Osteogenesis Imperfecta Type III	MONDO:0009804	0	10	0	0	0	0	NOT_RUN	NA
Osteogenesis_Imperfecta_Type_IV	Osteogenesis Imperfecta Type IV	MONDO:0008148	0	10	0	0	0	0	NOT_RUN	NA
Osteogenesis_Imperfecta_Type_IX	Osteogenesis Imperfecta Type IX	MONDO:0009805	0	6	0	0	0	0	NOT_RUN	NA
Osteogenesis_Imperfecta_Type_V	Osteogenesis Imperfecta Type V	MONDO:0012591	0	9	0	0	0	0	NOT_RUN	NA
Osteogenesis_Imperfecta_Type_VI	Osteogenesis Imperfecta Type VI	MONDO:0013515	0	6	0	0	0	0	NOT_RUN	NA
Osteogenesis_Imperfecta_Type_VII	Osteogenesis Imperfecta Type VII	MONDO:0012536	0	5	0	0	0	0	NOT_RUN	NA
Osteogenesis_Imperfecta_Type_VIII	Osteogenesis Imperfecta Type VIII	MONDO:0012581	0	6	0	0	0	0	NOT_RUN	NA
Osteogenesis_Imperfecta_Type_X	Osteogenesis Imperfecta Type X	MONDO:0013459	0	5	0	0	0	0	NOT_RUN	NA
Osteogenesis_Imperfecta_Type_XI	Osteogenesis Imperfecta Type XI	MONDO:0012592	0	5	0	0	0	0	NOT_RUN	NA
Osteogenesis_Imperfecta_Type_XII	Osteogenesis Imperfecta Type XII	MONDO:0013460	0	5	0	0	0	0	NOT_RUN	NA
Osteogenesis_Imperfecta_Type_XIII	Osteogenesis Imperfecta Type XIII	MONDO:0013924	0	5	0	0	0	0	NOT_RUN	NA
Osteogenesis_Imperfecta_Type_XIV	Osteogenesis Imperfecta Type XIV	MONDO:0014029	0	5	0	0	0	0	NOT_RUN	NA
Osteogenesis_Imperfecta_Type_XIX	Osteogenesis Imperfecta Type XIX	MONDO:0049223	0	5	0	0	0	0	NOT_RUN	NA
Osteogenesis_Imperfecta_Type_XV	Osteogenesis Imperfecta Type XV	MONDO:0014086	0	5	0	0	0	0	NOT_RUN	NA
Osteogenesis_Imperfecta_Type_XVI	Osteogenesis Imperfecta Type XVI	MONDO:0014544	0	5	0	0	0	0	NOT_RUN	NA
Osteogenesis_Imperfecta_Type_XVII	Osteogenesis Imperfecta Type XVII	MONDO:0014672	0	5	0	0	0	0	NOT_RUN	NA
Osteogenesis_Imperfecta_Type_XVIII	Osteogenesis Imperfecta Type XVIII	MONDO:0044329	0	5	0	0	0	0	NOT_RUN	NA
Osteogenesis_Imperfecta_Type_XX	Osteogenesis Imperfecta Type XX	MONDO:0032846	0	5	0	0	0	0	NOT_RUN	NA
Osteogenesis_Imperfecta_Type_XXI	Osteogenesis Imperfecta Type XXI	MONDO:0030861	0	5	0	0	0	0	NOT_RUN	NA
Osteogenesis_Imperfecta_Type_XXII	Osteogenesis Imperfecta Type XXII	MONDO:0030714	0	4	0	0	0	0	NOT_RUN	NA
Osteogenesis_Imperfecta_Type_XXIII	Osteogenesis Imperfecta Type XXIII	MONDO:0957988	0	4	0	0	0	0	NOT_RUN	NA
Osteoglophonic_Dysplasia	Osteoglophonic Dysplasia	MONDO:0008150	0	9	0	0	0	0	NOT_RUN	NA
Osteopetrosis	Osteopetrosis	MONDO:0017198	0	10	0	0	0	0	NOT_RUN	NA
Otofacial_Neurodevelopmental_Syndrome	Otofacial Neurodevelopmental Syndrome	MONDO:0975705	0	4	0	0	0	0	NOT_RUN	NA
Otopalatodigital_Spectrum_Disorders	Otopalatodigital Spectrum Disorders	MONDO:0018233	4	32	4	0	0	0	ALL_MAPPINGS_CONSISTENT	0
PACS2-Related_Developmental_and_Epileptic_Encephalopathy	PACS2-Related Developmental and Epileptic Encephalopathy	MONDO:0054845	0	5	0	0	0	0	NOT_RUN	NA
PAICS_Deficiency	PAICS Deficiency	MONDO:0859003	0	5	0	0	0	0	NOT_RUN	NA
PARK7-Related_Early-Onset_Parkinson_Disease	PARK7-Related Early-Onset Parkinson Disease	MONDO:0011658	0	6	0	0	0	0	NOT_RUN	NA
PAX1-Related_Otofaciocervical_Syndrome	PAX1-Related Otofaciocervical Syndrome	MONDO:0014254	0	4	0	0	0	0	NOT_RUN	NA
PAX3_Waardenburg_Spectrum	PAX3-Related Waardenburg Syndrome	MONDO:0018094	2	23	2	0	0	0	ALL_MAPPINGS_CONSISTENT	0
PCDH19_Clustering_Epilepsy	PCDH19 Clustering Epilepsy	MONDO:0010246	0	8	0	0	0	0	NOT_RUN	NA
PCWH_syndrome	PCWH syndrome	MONDO:0012198	0	8	0	0	0	0	NOT_RUN	NA
PDE6A-Related_Retinopathy	PDE6A-Related Retinopathy	MONDO:0700224	0	3	0	0	0	0	NOT_RUN	NA
PET100-Related_COX_Deficiency	PET100-Related COX Deficiency	MONDO:0033646	0	5	0	0	0	0	NOT_RUN	NA
PET117-Related_COX_Deficiency	PET117-Related COX Deficiency	MONDO:0033654	0	5	0	0	0	0	NOT_RUN	NA
PGM1-Congenital_Disorder_of_Glycosylation	PGM1-congenital disorder of glycosylation	MONDO:0013968	0	9	0	0	0	0	NOT_RUN	NA
PGM2L1_Deficiency	PGM2L1 Deficiency	MONDO:0700092	0	5	0	0	0	0	NOT_RUN	NA
PHARC_syndrome	PHARC syndrome	MONDO:0012984	0	8	0	0	0	0	NOT_RUN	NA
PHF21A_Related_Neurodevelopmental_Disorder	PHF21A Related Neurodevelopmental Disorder	MONDO:0032883	0	4	0	0	0	0	NOT_RUN	NA
PNPO_Deficiency	PNPO Deficiency	MONDO:0012407	0	10	0	0	0	0	NOT_RUN	NA
POLR-Related_Leukodystrophy	POLR-Related Leukodystrophy	MONDO:0100605	3	23	3	0	0	0	STALE_INPUT	NA
POT1_Tumor_Predisposition_Syndrome	POT1 Tumor Predisposition Syndrome	MONDO:0014368	0	4	0	0	0	0	NOT_RUN	NA
PPP2R3C-Related_Gonadal_Dysgenesis_Syndrome	PPP2R3C-Related Gonadal Dysgenesis Syndrome	MONDO:0032738	0	4	0	0	0	0	NOT_RUN	NA
PRKAG2_Cardiac_Syndrome	PRKAG2 Cardiac Syndrome	MONDO:0800484	1	11	1	0	0	0	STALE_INPUT	NA
PRKN-Related_Juvenile_Parkinson_Disease	PRKN-Related Juvenile Parkinson Disease	MONDO:0010820	0	5	0	0	0	0	NOT_RUN	NA
PRMT7-Related_Short_Stature-Brachydactyly_Syndrome	PRMT7-Related Short Stature-Brachydactyly Syndrome	MONDO:0014944	0	6	0	0	0	0	NOT_RUN	NA
PRPF31-Related_Retinopathy	PRPF31-Related Retinopathy	MONDO:0800395	0	3	0	0	0	0	NOT_RUN	NA
PRPH2-Related_Retinopathy	PRPH2-Related Retinopathy	MONDO:1040055	6	28	6	0	0	0	ALL_MAPPINGS_CONSISTENT	0
PRPS1_Deficiency_Spectrum	PRPS1 Deficiency Spectrum	MONDO:0100061	3	22	0	3	0	0	ALL_MAPPINGS_CONSISTENT	0
PRR12-Related_Neuroocular_Syndrome	PRR12-Related Neuroocular Syndrome	MONDO:0971007	0	6	0	0	0	0	NOT_RUN	NA
PTCH1-related_Nevoid_Basal_Cell_Carcinoma_Syndrome	PTCH1-related nevoid basal cell carcinoma syndrome	MONDO:0958174	0	4	0	0	0	0	NOT_RUN	NA
PTEN_Hamartoma_Tumor_Syndrome	PTEN Hamartoma Tumor Syndrome	MONDO:0017623	5	40	3	2	0	0	STALE_INPUT	NA
PUS3-Related_Neurodevelopmental_Disorder	PUS3-Related Neurodevelopmental Disorder	MONDO:0014886	0	6	0	0	0	0	NOT_RUN	NA
PUS7-Related_Neurodevelopmental_Disorder	PUS7-Related Neurodevelopmental Disorder	MONDO:0032687	0	5	0	0	0	0	NOT_RUN	NA
Pachyonychia_Congenita	Pachyonychia Congenita	MONDO:0016471	4	25	4	0	0	0	STALE_INPUT	NA
Paget_Disease_of_Bone	Paget Disease of Bone	MONDO:0005382	2	16	2	0	0	0	ALL_MAPPINGS_CONSISTENT	0
Pallister-Hall_Syndrome	Pallister-Hall Syndrome	MONDO:0007804	0	10	0	0	0	0	NOT_RUN	NA
Pancreatic_Agenesis	Pancreatic Agenesis	MONDO:0009832	0	8	0	0	0	0	NOT_RUN	NA
Pancytopenia-Developmental_Delay_Syndrome	Pancytopenia-Developmental Delay Syndrome	MONDO:0014317	0	6	0	0	0	0	NOT_RUN	NA
Pantothenate_Kinase-Associated_Neurodegeneration	pantothenate kinase-associated neurodegeneration	MONDO:0009319	0	9	0	0	0	0	NOT_RUN	NA
Parenti-Mignot_Neurodevelopmental_Syndrome	Parenti-Mignot Neurodevelopmental Syndrome	MONDO:0859249	0	4	0	0	0	0	NOT_RUN	NA
Parkinson_Disease_Mitochondrial	Parkinson Disease, Mitochondrial	MONDO:0010796	0	5	0	0	0	0	NOT_RUN	NA
Paroxysmal_Dyskinesia	Paroxysmal Dyskinesia	MONDO:0015427	6	45	4	2	0	0	STALE_INPUT	NA
Paroxysmal_Extreme_Pain_Disorder	Paroxysmal Extreme Pain Disorder	MONDO:0008179	0	10	0	0	0	0	NOT_RUN	NA
Paroxysmal_Familial_Ventricular_Fibrillation	Paroxysmal Familial Ventricular Fibrillation	MONDO:0100234	2	14	2	0	0	0	ALL_MAPPINGS_CONSISTENT	0
Patent_Ductus_Arteriosus_3	Patent Ductus Arteriosus 3	MONDO:0024266	0	4	0	0	0	0	NOT_RUN	NA
Pearson_Syndrome	Pearson syndrome	MONDO:0010797	0	9	0	0	0	0	NOT_RUN	NA
Peeling_Skin_Syndrome	Peeling Skin Syndrome	MONDO:0019347	0	6	0	0	0	0	NOT_RUN	NA
Pelizaeus_Merzbacher_Disease	Pelizaeus-Merzbacher Disease	MONDO:0010714	4	29	4	0	0	0	ALL_MAPPINGS_CONSISTENT	0
Pendred_Syndrome	Pendred Syndrome	MONDO:0010134	0	10	0	0	0	0	NOT_RUN	NA
Pentanucleotide_Repeat_Familial_Adult_Myoclonus_Epilepsy	Pentanucleotide Repeat Familial Adult Myoclonus Epilepsy	MONDO:0019448	0	6	0	0	0	0	NOT_RUN	NA
Pericarditis	Pericarditis	MONDO:0005904	3	24	2	1	0	0	ALL_MAPPINGS_CONSISTENT	0
Periodic_Fever_Immunodeficiency_and_Thrombocytopenia_Syndrome	Periodic Fever, Immunodeficiency, and Thrombocytopenia Syndrome	MONDO:0007883	0	7	0	0	0	0	NOT_RUN	NA
Peripheral_T_Cell_Lymphoma	Peripheral T-Cell Lymphoma	MONDO:0015760	5	38	4	1	0	0	ALL_MAPPINGS_CONSISTENT	0
Peroxisome_Biogenesis_Disorder_11A_Zellweger	Peroxisome Biogenesis Disorder 11A (Zellweger)	MONDO:0013949	0	5	0	0	0	0	NOT_RUN	NA
Peroxisome_Biogenesis_Disorder_11B	Peroxisome Biogenesis Disorder 11B	MONDO:0013950	0	5	0	0	0	0	NOT_RUN	NA
Peroxisome_Biogenesis_Disorder_1B	Peroxisome Biogenesis Disorder 1B	MONDO:0011101	0	6	0	0	0	0	NOT_RUN	NA
Peroxisome_Biogenesis_Disorder_2B	Peroxisome Biogenesis Disorder 2B	MONDO:0008736	0	6	0	0	0	0	NOT_RUN	NA
Peroxisome_Biogenesis_Disorder_3A_Zellweger	Peroxisome Biogenesis Disorder 3A (Zellweger)	MONDO:0013927	0	7	0	0	0	0	NOT_RUN	NA
Peroxisome_Biogenesis_Disorder_4A_Zellweger	Peroxisome Biogenesis Disorder 4A (Zellweger)	MONDO:0013930	0	7	0	0	0	0	NOT_RUN	NA
Peroxisome_Biogenesis_Disorder_4B	Peroxisome Biogenesis Disorder 4B	MONDO:0013931	0	9	0	0	0	0	NOT_RUN	NA
Perrault_Syndrome	Perrault Syndrome	MONDO:0017312	0	7	0	0	0	0	NOT_RUN	NA
Peters_Plus_Syndrome	Peters plus syndrome	MONDO:0009856	0	9	0	0	0	0	NOT_RUN	NA
Pfeiffer_Syndrome	Pfeiffer Syndrome	MONDO:0007043	0	9	0	0	0	0	NOT_RUN	NA
Phelan-McDermid_Syndrome	Phelan-McDermid Syndrome	MONDO:0011652	0	9	0	0	0	0	NOT_RUN	NA
Pheochromocytoma_Paraganglioma	Pheochromocytoma and Paraganglioma	MONDO:0035540	7	37	0	7	0	0	ALL_MAPPINGS_CONSISTENT	0
Photosensitive_Epilepsy	Photosensitive Epilepsy	MONDO:0015643	5	39	0	5	0	0	ALL_MAPPINGS_CONSISTENT	0
Pilarowski-Bjornsson_syndrome	Pilarowski-Bjornsson syndrome	MONDO:0060568	0	6	0	0	0	0	NOT_RUN	NA
Pilocytic_Astrocytoma	Pilocytic Astrocytoma	MONDO:0016691	3	22	3	0	0	0	ALL_MAPPINGS_CONSISTENT	0
Pitt-Hopkins_Syndrome	Pitt-Hopkins Syndrome	MONDO:0012589	0	10	0	0	0	0	NOT_RUN	NA
Pituitary_Tumor	Pituitary Tumor	MONDO:0017611	7	38	7	0	0	0	ALL_MAPPINGS_CONSISTENT	0
Plasma_Cell_Neoplasm	Plasma Cell Neoplasm	MONDO:0004959	6	50	5	1	0	0	RETRACTED	1
Platelet-type_Bleeding_Disorder_12	Platelet-type Bleeding Disorder 12	MONDO:0011588	0	6	0	0	0	0	NOT_RUN	NA
Platelet-type_Bleeding_Disorder_15	Platelet-type Bleeding Disorder 15	MONDO:0014078	0	5	0	0	0	0	NOT_RUN	NA
Platelet-type_Bleeding_Disorder_18	Platelet-type bleeding disorder 18	MONDO:0014386	0	7	0	0	0	0	NOT_RUN	NA
Platelet-type_Bleeding_Disorder_19	Platelet-type Bleeding Disorder 19	MONDO:0014518	0	7	0	0	0	0	NOT_RUN	NA
Platelet-type_Bleeding_Disorder_20	Platelet-type Bleeding Disorder 20	MONDO:0014830	0	7	0	0	0	0	NOT_RUN	NA
Platelet-type_Bleeding_Disorder_8	Platelet-type bleeding disorder 8	MONDO:0012354	0	8	0	0	0	0	NOT_RUN	NA
Pleuropulmonary_Blastoma	Pleuropulmonary Blastoma	MONDO:0011014	3	23	3	0	0	0	ALL_MAPPINGS_CONSISTENT	0
Polycystic_Kidney_Disease	Polycystic Kidney Disease	MONDO:0020642	2	23	2	0	0	0	STALE_INPUT	NA
Polycystic_Kidney_Disease_2	Polycystic Kidney Disease 2	MONDO:0013131	0	6	0	0	0	0	NOT_RUN	NA
Polycystic_Kidney_Disease_3	Polycystic Kidney Disease 3	MONDO:0010916	0	5	0	0	0	0	NOT_RUN	NA
Polymicrogyria_Perisylvian_With_Cerebellar_Hypoplasia_And_Arthrogryposis	Perisylvian Polymicrogyria with Cerebellar Hypoplasia and Arthrogryposis	MONDO:0014679	0	4	0	0	0	0	NOT_RUN	NA
Pompe_Disease	Pompe Disease	MONDO:0009290	2	22	2	0	0	0	STALE_INPUT	NA
Pontocerebellar_Hypoplasia	Pontocerebellar Hypoplasia	MONDO:0020135	6	51	6	0	0	0	STALE_INPUT	NA
Porokeratosis	Porokeratosis	MONDO:0006602	4	30	4	0	0	0	STALE_INPUT	NA
Porphyria-Related_Leukoencephalopathy	Porphyria-Related Leukoencephalopathy	MONDO:0958226	0	4	0	0	0	0	NOT_RUN	NA
Porphyria_due_to_ALA_Dehydratase_Deficiency	Porphyria due to ALA Dehydratase Deficiency	MONDO:0013000	0	8	0	0	0	0	NOT_RUN	NA
Portal_Hypertension_Noncirrhotic_2	Portal_Hypertension_Noncirrhotic_2	MONDO:0030397	0	4	0	0	0	0	NOT_RUN	NA
Posterior_Polymorphous_Corneal_Dystrophy	Posterior Polymorphous Corneal Dystrophy	MONDO:0020364	0	7	0	0	0	0	NOT_RUN	NA
Prader-Willi_Syndrome	Prader-Willi Syndrome	MONDO:0008300	0	11	0	0	0	0	NOT_RUN	NA
Primary_Bile_Acid_Malabsorption	Primary Bile Acid Malabsorption	MONDO:0013214	0	5	0	0	0	0	NOT_RUN	NA
Primary_Carnitine_Deficiency	Primary Carnitine Deficiency	MONDO:0008919	0	10	0	0	0	0	NOT_RUN	NA
Primary_Cutaneous_Amyloidosis	Primary Cutaneous Amyloidosis	MONDO:0015301	5	30	5	0	0	0	ALL_MAPPINGS_CONSISTENT	0
Primary_Erythermalgia	Primary Erythermalgia	MONDO:0007571	0	8	0	0	0	0	NOT_RUN	NA
Primary_Hypertrophic_Osteoarthropathy	Primary Hypertrophic Osteoarthropathy	MONDO:0016620	3	21	3	0	0	0	RETRACTED	1
Primary_Pigmented_Nodular_Adrenocortical_Disease	Primary Pigmented Nodular Adrenocortical Disease	MONDO:0015999	0	6	0	0	0	0	NOT_RUN	NA
Primary_Triglyceride_Deposit_Cardiomyovasculopathy	Primary Triglyceride Deposit Cardiomyovasculopathy	MONDO:0035423	0	5	0	0	0	0	NOT_RUN	NA
Primrose_Syndrome	Primrose Syndrome	MONDO:0009798	0	7	0	0	0	0	NOT_RUN	NA
Progressive_Familial_Heart_Block	Progressive Familial Heart Block	MONDO:0019490	2	19	2	0	0	0	ALL_MAPPINGS_CONSISTENT	0
Progressive_Familial_Intrahepatic_Cholestasis	Progressive Familial Intrahepatic Cholestasis	MONDO:0015762	9	64	9	0	0	0	STALE_INPUT	NA
Progressive_Myoclonic_Epilepsy_Type_8	Progressive Myoclonic Epilepsy Type 8	MONDO:0014545	0	7	0	0	0	0	NOT_RUN	NA
Progressive_Pseudorheumatoid_Arthropathy_Of_Childhood	Progressive Pseudorheumatoid Arthropathy of Childhood	MONDO:0008827	0	9	0	0	0	0	NOT_RUN	NA
Propionic_Acidemia	Propionic Acidemia	MONDO:0011628	0	10	0	0	0	0	NOT_RUN	NA
Proteasome_Associated_Autoinflammatory_Syndrome	Proteasome-Associated Autoinflammatory Syndrome	MONDO:0009726	0	8	0	0	0	0	NOT_RUN	NA
Protein_S_Deficiency	Protein S Deficiency	MONDO:0012868	0	8	0	0	0	0	NOT_RUN	NA
Proteus_syndrome	Proteus syndrome	MONDO:0008318	0	10	0	0	0	0	NOT_RUN	NA
Proximal_Tubulopathy-Diabetes_Mellitus-Cerebellar_Ataxia_Syndrome	Proximal tubulopathy-diabetes mellitus-cerebellar ataxia syndrome	MONDO:0010798	0	5	0	0	0	0	NOT_RUN	NA
Pseudoxanthoma_Elasticum	Pseudoxanthoma Elasticum	MONDO:0100091	0	3	0	0	0	0	NOT_RUN	NA
Psoriasis_14_Pustular	Psoriasis 14, Pustular	MONDO:0013626	0	10	0	0	0	0	NOT_RUN	NA
Pulmonary_Alveolar_Microlithiasis	Pulmonary Alveolar Microlithiasis	MONDO:0009928	0	10	0	0	0	0	NOT_RUN	NA
Pulmonary_hypertension	Pulmonary_hypertension	MONDO:0005149	1	13	1	0	0	0	RETRACTED	1
Punctate_Palmoplantar_Keratoderma	Punctate Palmoplantar Keratoderma	MONDO:0017675	1	11	1	0	0	0	STALE_INPUT	NA
Pycnodysostosis	Pycnodysostosis	MONDO:0009940	0	10	0	0	0	0	NOT_RUN	NA
Pyoderma_Gangrenosum	Pyoderma Gangrenosum	MONDO:0018824	4	24	4	0	0	0	ALL_MAPPINGS_CONSISTENT	0
Pyridoxine-Dependent_Epilepsy	Pyridoxine-Dependent Epilepsy	MONDO:0020741	0	5	0	0	0	0	NOT_RUN	NA
Pyruvate_Carboxylase_Deficiency_Disease	Pyruvate Carboxylase Deficiency Disease	MONDO:0009949	3	21	3	0	0	0	ALL_MAPPINGS_CONSISTENT	0
Pyruvate_Dehydrogenase_Deficiency	Pyruvate Dehydrogenase Deficiency	MONDO:0019169	6	51	6	0	0	0	STALE_INPUT	NA
Pyruvate_Kinase_Deficiency	Pyruvate Kinase Deficiency	MONDO:0009950	0	9	0	0	0	0	NOT_RUN	NA
RAB23-Related_Carpenter_Syndrome	RAB23-related Carpenter Syndrome	MONDO:0008710	0	5	0	0	0	0	NOT_RUN	NA
RAB33B-Related_Smith-McCort_Dysplasia_2	RAB33B-Related Smith-McCort Dysplasia 2	MONDO:0014087	0	5	0	0	0	0	NOT_RUN	NA
RARB-related_syndromic_microphthalmia	RARB-related syndromic microphthalmia	MONDO:0014229	0	6	0	0	0	0	NOT_RUN	NA
RCBTB1-Related_Retinopathy	RCBTB1-Related Retinopathy	MONDO:0014955	0	4	0	0	0	0	NOT_RUN	NA
RDH5-Related_Retinopathy	RDH5-Related Retinopathy	MONDO:0100443	0	3	0	0	0	0	NOT_RUN	NA
RFT1-congenital_disorder_of_glycosylation	RFT1-congenital disorder of glycosylation	MONDO:0012783	0	8	0	0	0	0	NOT_RUN	NA
RHO-Related_Retinopathy	RHO-Related Retinopathy	MONDO:0700380	2	15	2	0	0	0	ALL_MAPPINGS_CONSISTENT	0
RHOBTB2-Related_Developmental_and_Epileptic_Encephalopathy	RHOBTB2-Related Developmental and Epileptic Encephalopathy	MONDO:0033373	0	5	0	0	0	0	NOT_RUN	NA
RHYNS_Syndrome	RHYNS Syndrome	MONDO:0011202	0	7	0	0	0	0	NOT_RUN	NA
RLBP1-Related_Retinopathy	RLBP1-Related Retinopathy	MONDO:0100444	0	4	0	0	0	0	NOT_RUN	NA
RNU12-related_Minor_Spliceopathy	RNU12-related minor spliceopathy	MONDO:1060223	2	15	2	0	0	0	STALE_INPUT	NA
RP1-Related_Retinopathy	RP1-Related Retinopathy	MONDO:0800400	1	6	0	1	0	0	ALL_MAPPINGS_CONSISTENT	0
RP2-Related_Retinopathy	RP2-Related Retinopathy	MONDO:0100442	0	3	0	0	0	0	NOT_RUN	NA
RPE65-Related_Retinopathy	RPE65-Related Retinopathy	MONDO:0100368	1	7	0	1	0	0	ALL_MAPPINGS_CONSISTENT	0
RPGR-Related_Retinopathy	RPGR-Related Retinopathy	MONDO:0100437	3	18	2	1	0	0	ALL_MAPPINGS_CONSISTENT	0
RTN4IP1-Related_Optic_Atrophy	RTN4IP1-Related Optic Atrophy	MONDO:0020737	0	5	0	0	0	0	NOT_RUN	NA
RUNX1_Familial_Platelet_Disorder	RUNX1 Familial Platelet Disorder with Associated Myeloid Malignancy	MONDO:0100083	0	5	0	0	0	0	NOT_RUN	NA
RYR1-Related_Myopathy	RYR1-Related Myopathy	MONDO:0100150	0	4	0	0	0	0	NOT_RUN	NA
RYR2_CPVT	RYR2 CPVT	MONDO:0017990	5	35	5	0	0	0	ALL_MAPPINGS_CONSISTENT	0
Raine_Syndrome	Raine Syndrome	MONDO:0009821	0	9	0	0	0	0	NOT_RUN	NA
Rajab_Interstitial_Lung_Disease_With_Brain_Calcifications_1	Rajab Interstitial Lung Disease With Brain Calcifications 1	MONDO:0100215	0	6	0	0	0	0	NOT_RUN	NA
ReNU_Syndrome	ReNU Syndrome	MONDO:0971172	0	6	0	0	0	0	NOT_RUN	NA
Reelin_Pathway_Lissencephaly	Reelin Pathway Lissencephaly	MONDO:0019450	0	5	0	0	0	0	NOT_RUN	NA
Renal_Tubular_Acidosis_Distal_2_With_Progressive_Sensorineural_Hearing_Loss	Renal Tubular Acidosis, Distal, 2, With Progressive Sensorineural Hearing Loss	MONDO:0009968	0	5	0	0	0	0	NOT_RUN	NA
Renal_Tubular_Acidosis_Distal_3_With_Or_Without_Sensorineural_Hearing_Loss	Renal Tubular Acidosis, Distal, 3, With or Without Sensorineural Hearing Loss	MONDO:0011268	0	5	0	0	0	0	NOT_RUN	NA
Renal_Tubular_Acidosis_Distal_4_with_Hemolytic_Anemia	Renal Tubular Acidosis Distal 4 with Hemolytic Anemia	MONDO:0012700	0	6	0	0	0	0	NOT_RUN	NA
Renpenning_syndrome	Renpenning syndrome	MONDO:0010653	0	10	0	0	0	0	NOT_RUN	NA
Restrictive_Cardiomyopathy	Restrictive Cardiomyopathy	MONDO:0005201	2	20	2	0	0	0	ALL_MAPPINGS_CONSISTENT	0
Retinal_Arterial_Tortuosity	Retinal Arterial Tortuosity	MONDO:0008373	0	7	0	0	0	0	NOT_RUN	NA
Retinitis_Pigmentosa_With_or_Without_Situs_Inversus	Retinitis Pigmentosa With or Without Situs Inversus	MONDO:0014186	0	5	0	0	0	0	NOT_RUN	NA
Rett_Syndrome	Rett Syndrome	MONDO:0010726	2	21	0	1	0	1	RETRACTED	1
Reversible_Infantile_Cytochrome_c_Oxidase_Deficiency	Reversible Infantile Cytochrome c Oxidase Deficiency	MONDO:0957524	0	4	0	0	0	0	NOT_RUN	NA
Revesz_Syndrome	Revesz Syndrome	MONDO:0009990	0	9	0	0	0	0	NOT_RUN	NA
Rh_Deficiency_Syndrome	Rh Deficiency Syndrome	MONDO:0019107	0	9	0	0	0	0	NOT_RUN	NA
Rhabdoid_Tumor_Predisposition_Syndrome_1	Rhabdoid Tumor Predisposition Syndrome 1	MONDO:0012252	0	7	0	0	0	0	NOT_RUN	NA
Rhabdoid_Tumor_Predisposition_Syndrome_2	Rhabdoid Tumor Predisposition Syndrome 2	MONDO:0013224	0	7	0	0	0	0	NOT_RUN	NA
Rhizomelic_Chondrodysplasia_Punctata_Plasmalogen_Synthesis_Defect	Rhizomelic Chondrodysplasia Punctata, Plasmalogen-Synthesis Defect	MONDO:0015776	3	35	2	1	0	0	STALE_INPUT	NA
Rhizomelic_Chondrodysplasia_Punctata_Type_1	Rhizomelic Chondrodysplasia Punctata Type 1	MONDO:0008972	0	8	0	0	0	0	NOT_RUN	NA
Rhizomelic_Chondrodysplasia_Punctata_Type_5	Rhizomelic Chondrodysplasia Punctata Type 5	MONDO:0014743	0	7	0	0	0	0	NOT_RUN	NA
Rienhoff_Syndrome	Rienhoff Syndrome	MONDO:0014262	0	5	0	0	0	0	NOT_RUN	NA
Ritscher-Schinzel_Syndrome	Ritscher-Schinzel Syndrome	MONDO:0019078	3	21	3	0	0	0	STALE_INPUT	NA
Ritscher-Schinzel_Syndrome_1	Ritscher-Schinzel Syndrome 1	MONDO:0009073	0	5	0	0	0	0	NOT_RUN	NA
Robinow_Syndrome_Autosomal_Recessive_2	Robinow Syndrome, Autosomal Recessive 2	MONDO:0032800	0	5	0	0	0	0	NOT_RUN	NA
Rothmund-Thomson_Syndrome	Rothmund-Thomson Syndrome	MONDO:0010002	0	9	0	0	0	0	NOT_RUN	NA
Rotor_Syndrome	Rotor Syndrome	MONDO:0009379	0	7	0	0	0	0	NOT_RUN	NA
Rubinstein-Taybi_Syndrome	Rubinstein-Taybi Syndrome	MONDO:0019188	2	23	2	0	0	0	STALE_INPUT	NA
SADDAN	SADDAN	MONDO:0014658	0	7	0	0	0	0	NOT_RUN	NA
SARS1-Related_Neurodevelopmental_Disorder	SARS1-Related Neurodevelopmental Disorder	MONDO:0060577	0	4	0	0	0	0	NOT_RUN	NA
SCAD_Deficiency	Short-Chain Acyl-CoA Dehydrogenase Deficiency	MONDO:0008722	0	11	0	0	0	0	NOT_RUN	NA
SCN1B-Related_Developmental_and_Epileptic_Encephalopathy	SCN1B-Related Developmental and Epileptic Encephalopathy	MONDO:0033361	0	5	0	0	0	0	NOT_RUN	NA
SCO1-Related_COX_Deficiency	SCO1-Related COX Deficiency	MONDO:0033636	0	5	0	0	0	0	NOT_RUN	NA
SCO2-Related_Fatal_Infantile_Cardioencephalomyopathy	SCO2-Related Fatal Infantile Cardioencephalomyopathy	MONDO:0011451	0	5	0	0	0	0	NOT_RUN	NA
SCUBE3-Related_Short_Stature_Syndrome	SCUBE3-Related Short Stature Syndrome	MONDO:0030953	0	5	0	0	0	0	NOT_RUN	NA
SDHA-Related_Neurodegeneration_With_Ataxia_And_Optic_Atrophy	SDHA-Related Neurodegeneration With Ataxia and Optic Atrophy	MONDO:0031006	0	4	0	0	0	0	NOT_RUN	NA
SETBP1_Disorder	SETBP1 Haploinsufficiency Disorder	MONDO:0014482	0	5	0	0	0	0	NOT_RUN	NA
SETD1A-Related_Early-Onset_Epilepsy	SETD1A-Related Early-Onset Epilepsy	MONDO:0030005	0	5	0	0	0	0	NOT_RUN	NA
SETD1B-Related_Neurodevelopmental_Disorder	SETD1B-Related Neurodevelopmental Disorder	MONDO:0033559	0	4	0	0	0	0	NOT_RUN	NA
SETD5_Haploinsufficiency_Syndrome	SETD5 Haploinsufficiency Syndrome	MONDO:0014336	0	5	0	0	0	0	NOT_RUN	NA
SHORT_Syndrome	SHORT Syndrome	MONDO:0010026	0	9	0	0	0	0	NOT_RUN	NA
SLC12A5-Related_Developmental_and_Epileptic_Encephalopathy	SLC12A5-Related Developmental and Epileptic Encephalopathy	MONDO:0014718	0	5	0	0	0	0	NOT_RUN	NA
SLC13A5_Citrate_Transporter_Disorder	SLC13A5 Citrate Transporter Disorder	MONDO:0014392	0	5	0	0	0	0	NOT_RUN	NA
SLC25A12-Related_Developmental_and_Epileptic_Encephalopathy	SLC25A12-Related Developmental and Epileptic Encephalopathy	MONDO:0013056	0	8	0	0	0	0	NOT_RUN	NA
SLC35A2-CDG	SLC35A2-congenital disorder of glycosylation	MONDO:0010478	0	7	0	0	0	0	NOT_RUN	NA
SLC44A1-Related_Childhood-Onset_Neurodegeneration	SLC44A1-Related Childhood-Onset Neurodegeneration	MONDO:0030028	0	4	0	0	0	0	NOT_RUN	NA
SLC45A1-Related_Neuronal_Glucose_Transporter_Deficiency	SLC45A1-Related Neuronal Glucose Transporter Deficiency	MONDO:0044322	0	4	0	0	0	0	NOT_RUN	NA
SLC6A1-Related_Disorder	SLC6A1-Related Neurodevelopmental Disorder	MONDO:0014633	0	8	0	0	0	0	NOT_RUN	NA
SMAD6-related_Craniosynostosis	SMAD6-related craniosynostosis	MONDO:0044315	0	5	0	0	0	0	NOT_RUN	NA
SNAP25_Encephalopathy	SNAP25-Related Developmental and Epileptic Encephalopathy	MONDO:0014590	0	5	0	0	0	0	NOT_RUN	NA
SNF8-Related_Neurodevelopmental_Disorder	SNF8-Related Neurodevelopmental Disorder	MONDO:0968947	0	4	0	0	0	0	NOT_RUN	NA
SNIP1-Related_Neurodevelopmental_Disorder	SNIP1-Related Neurodevelopmental Disorder	MONDO:0013787	0	4	0	0	0	0	NOT_RUN	NA
SOCS1_Haploinsufficiency	SOCS1 Haploinsufficiency	MONDO:0800130	0	4	0	0	0	0	NOT_RUN	NA
SOX10_Neurocristopathy_Spectrum	SOX10 Neurocristopathy Spectrum	MONDO:0013202	3	24	0	2	0	1	RETRACTED	1
SOX11-Related_Neurodevelopmental_Disorder	SOX11-Related Neurodevelopmental Disorder	MONDO:0014376	0	5	0	0	0	0	NOT_RUN	NA
SPOP-Related_Neurodevelopmental_Disorder	SPOP-Related Neurodevelopmental Disorder	MONDO:0032942	2	17	0	1	0	1	NOT_RUN	NA
SPTAN1-Related_Developmental_and_Epileptic_Encephalopathy	SPTAN1-Related Developmental and Epileptic Encephalopathy	MONDO:0013277	0	5	0	0	0	0	NOT_RUN	NA
SPTBN4-Related_Neurodevelopmental_Disorder	SPTBN4-Related Neurodevelopmental Disorder	MONDO:0060496	0	4	0	0	0	0	NOT_RUN	NA
SRD5A3-Congenital_Disorder_of_Glycosylation	SRD5A3-Congenital Disorder of Glycosylation	MONDO:0012885	0	7	0	0	0	0	NOT_RUN	NA
STAG3-related_gametogenic_failure	STAG3-related gametogenic failure	MONDO:0014321	0	5	0	0	0	0	NOT_RUN	NA
STAT2_Deficiency	STAT2 Deficiency	MONDO:0014715	0	7	0	0	0	0	NOT_RUN	NA
STAT6_Gain_of_Function_Disease	STAT6 Gain-of-Function Disease	MONDO:0957807	0	4	0	0	0	0	NOT_RUN	NA
STING_Associated_Vasculopathy_with_Onset_in_Infancy	STING-Associated Vasculopathy with Onset in Infancy	MONDO:0014405	0	7	0	0	0	0	NOT_RUN	NA
STK4_Deficiency	STK4 Deficiency	MONDO:0013934	0	6	0	0	0	0	NOT_RUN	NA
STRA6-related_syndromic_microphthalmia	STRA6-related syndromic microphthalmia	MONDO:0011010	0	8	0	0	0	0	NOT_RUN	NA
STX1B-Related_Epilepsy	STX1B-Related Epilepsy	MONDO:0014517	0	5	0	0	0	0	NOT_RUN	NA
STXBP1_Encephalopathy	STXBP1 Encephalopathy	MONDO:0012812	0	9	0	0	0	0	NOT_RUN	NA
SUFU-related_Nevoid_Basal_Cell_Carcinoma_Syndrome	SUFU-related nevoid basal cell carcinoma syndrome	MONDO:0958189	0	5	0	0	0	0	NOT_RUN	NA
SURF1-Related_Leigh_Syndrome	SURF1-Related Leigh Syndrome	MONDO:0700250	0	5	0	0	0	0	NOT_RUN	NA
SYCE1_Related_Gametogenic_Failure	SYCE1-related gametogenic failure	MONDO:1060214	0	3	0	0	0	0	NOT_RUN	NA
SYCP2-related_spermatogenic_failure	SYCP2-related spermatogenic failure	MONDO:0009776	0	6	0	0	0	0	NOT_RUN	NA
SYCP3-related_spermatogenic_failure	SYCP3-related spermatogenic failure	MONDO:0010052	0	6	0	0	0	0	NOT_RUN	NA
SYN1-Related_Disorder	SYN1-Related Neurodevelopmental Disorder	MONDO:0010339	0	8	0	0	0	0	NOT_RUN	NA
SYNGAP1-Related_Developmental_and_Epileptic_Encephalopathy	SYNGAP1-Related Developmental and Epileptic Encephalopathy	MONDO:0012960	0	8	0	0	0	0	NOT_RUN	NA
SYT1_Baker-Gordon_Syndrome	SYT1-Associated Neurodevelopmental Disorder	MONDO:0033864	0	6	0	0	0	0	NOT_RUN	NA
SZT2-Related_Developmental_and_Epileptic_Encephalopathy	SZT2-Related Developmental and Epileptic Encephalopathy	MONDO:0014201	0	5	0	0	0	0	NOT_RUN	NA
Saethre-Chotzen_Syndrome	Saethre-Chotzen Syndrome	MONDO:0007042	0	9	0	0	0	0	NOT_RUN	NA
Salla_Disease	Salla Disease	MONDO:0011449	0	7	0	0	0	0	NOT_RUN	NA
Sandhoff_Disease	Sandhoff Disease	MONDO:0010006	3	26	3	0	0	0	STALE_INPUT	NA
Sanfilippo_syndrome	Sanfilippo syndrome	MONDO:0018937	4	44	4	0	0	0	STALE_INPUT	NA
Sanjad-Sakati_Syndrome	Sanjad-Sakati Syndrome	MONDO:0009426	0	9	0	0	0	0	NOT_RUN	NA
Sarcoglycanopathy	Sarcoglycanopathy	MONDO:0016140	4	36	4	0	0	0	STALE_INPUT	NA
Saul-Wilson_Syndrome	Saul-Wilson Syndrome	MONDO:0019407	0	8	0	0	0	0	NOT_RUN	NA
Say-Barber-Biesecker-Young-Simpson_Syndrome	Say-Barber-Biesecker-Young-Simpson Syndrome	MONDO:0011365	0	8	0	0	0	0	NOT_RUN	NA
Scapuloperoneal_Spinal_Muscular_Atrophy	Scapuloperoneal Spinal Muscular Atrophy	MONDO:0008408	0	7	0	0	0	0	NOT_RUN	NA
Schaaf-Yang_Syndrome	Schaaf-Yang Syndrome	MONDO:0014243	0	8	0	0	0	0	NOT_RUN	NA
Schindler_Disease	Schindler Disease	MONDO:0012221	0	8	0	0	0	0	NOT_RUN	NA
Schinzel-Giedion_Syndrome	Schinzel-Giedion syndrome	MONDO:0010010	0	10	0	0	0	0	NOT_RUN	NA
Schneckenbecken_Dysplasia	Schneckenbecken Dysplasia	MONDO:0010013	0	9	0	0	0	0	NOT_RUN	NA
Schnyder_Corneal_Dystrophy	Schnyder Corneal Dystrophy	MONDO:0007374	0	8	0	0	0	0	NOT_RUN	NA
Schwannomatosis	Schwannomatosis	MONDO:0008075	2	19	2	0	0	0	ALL_MAPPINGS_CONSISTENT	0
Schwartz-Jampel_Syndrome	Schwartz-Jampel Syndrome	MONDO:0009717	0	9	0	0	0	0	NOT_RUN	NA
Sclerosing_Cholangitis	Sclerosing Cholangitis	MONDO:0018646	5	34	5	0	0	0	ALL_MAPPINGS_CONSISTENT	0
Sclerosteosis	Sclerosteosis	MONDO:0017838	1	14	1	0	0	0	STALE_INPUT	NA
Scott_Syndrome	Scott Syndrome	MONDO:0009885	0	9	0	0	0	0	NOT_RUN	NA
Sea-Blue_Histiocyte_Syndrome	Sea-Blue Histiocyte Syndrome	MONDO:0010017	0	7	0	0	0	0	NOT_RUN	NA
Seckel_Syndrome	Seckel syndrome	MONDO:0019342	0	8	0	0	0	0	NOT_RUN	NA
Seizures-scoliosis-macrocephaly_Syndrome	Seizures-scoliosis-macrocephaly syndrome	MONDO:0014731	0	6	0	0	0	0	NOT_RUN	NA
Sengers_syndrome	Sengers syndrome	MONDO:0008922	0	9	0	0	0	0	NOT_RUN	NA
Senior-Loken_Syndrome	Senior-Loken Syndrome	MONDO:0017842	5	36	5	0	0	0	STALE_INPUT	NA
Sensory_Ataxic_Neuropathy_Dysarthria_Ophthalmoparesis	Sensory Ataxic Neuropathy, Dysarthria, and Ophthalmoparesis	MONDO:0011835	0	9	0	0	0	0	NOT_RUN	NA
Severe_Combined_Immunodeficiency	Severe Combined Immunodeficiency	MONDO:0015974	6	52	6	0	0	0	NOT_RUN	NA
Severe_Combined_Immunodeficiency_Due_To_CARD11_Deficiency	Severe Combined Immunodeficiency Due To CARD11 Deficiency	MONDO:0014081	0	7	0	0	0	0	NOT_RUN	NA
Shashi-Pena_Syndrome	Shashi-Pena Syndrome	MONDO:0014963	0	5	0	0	0	0	NOT_RUN	NA
Shashi_X-Linked_Intellectual_Disability_Syndrome	Shashi X-Linked Intellectual Disability Syndrome	MONDO:0010277	0	8	0	0	0	0	NOT_RUN	NA
Short-Rib_Polydactyly_Syndrome	Short-Rib Polydactyly Syndrome	MONDO:0015461	1	13	1	0	0	0	ALL_MAPPINGS_CONSISTENT	0
Short-Rib_Thoracic_Dysplasia_6_With_Or_Without_Polydactyly	Short-Rib Thoracic Dysplasia 6 With or Without Polydactyly	MONDO:0009894	0	6	0	0	0	0	NOT_RUN	NA
Short-rib_Thoracic_Dysplasia_21_Without_Polydactyly	Short-rib thoracic dysplasia 21 without polydactyly	MONDO:0030356	0	4	0	0	0	0	NOT_RUN	NA
Short_QT_Syndrome	Short QT Syndrome	MONDO:0000453	4	27	4	0	0	0	ALL_MAPPINGS_CONSISTENT	0
Short_Stature_Amelogenesis_Imperfecta_And_Skeletal_Dysplasia_With_Scoliosis	Short Stature, Amelogenesis Imperfecta, and Skeletal Dysplasia with Scoliosis	MONDO:0032703	0	4	0	0	0	0	NOT_RUN	NA
Short_Stature_Dauber-Argente_Type	Short Stature, Dauber-Argente Type	MONDO:0859182	0	4	0	0	0	0	NOT_RUN	NA
Short_Stature_Microcephaly_and_Endocrine_Dysfunction	Short Stature, Microcephaly, and Endocrine Dysfunction	MONDO:0014686	0	4	0	0	0	0	NOT_RUN	NA
Shprintzen-Goldberg_Syndrome	Shprintzen-Goldberg Syndrome	MONDO:0008426	0	7	0	0	0	0	NOT_RUN	NA
Shwachman-Diamond_Syndrome	Shwachman-Diamond syndrome	MONDO:0009833	2	16	2	0	0	0	STALE_INPUT	NA
Sialidosis_Type_1	Sialidosis type 1	MONDO:0019346	0	6	0	0	0	0	NOT_RUN	NA
Sialuria	Sialuria	MONDO:0010028	0	8	0	0	0	0	NOT_RUN	NA
Sick_Sinus_Syndrome_2_Autosomal_Dominant	Sick Sinus Syndrome 2, Autosomal Dominant	MONDO:0008102	0	5	0	0	0	0	NOT_RUN	NA
Sickle_Cell_Disease	Sickle Cell Disease	MONDO:0011382	0	13	0	0	0	0	NOT_RUN	NA
Siddiqi_Syndrome	Siddiqi Syndrome	MONDO:0032842	0	5	0	0	0	0	NOT_RUN	NA
Sideroblastic_Anemia_3	Sideroblastic Anemia 3	MONDO:0014804	0	7	0	0	0	0	NOT_RUN	NA
Sifrim-Hitz-Weiss_Syndrome	Sifrim-Hitz-Weiss syndrome	MONDO:0014946	0	7	0	0	0	0	NOT_RUN	NA
Silver_Russell_Syndrome	Silver-Russell Syndrome	MONDO:0008394	0	9	0	0	0	0	NOT_RUN	NA
Simpson-Golabi-Behmel_Syndrome_Type_1	Simpson-Golabi-Behmel Syndrome Type 1	MONDO:0020602	0	5	0	0	0	0	NOT_RUN	NA
Sinoatrial_Node_Dysfunction_and_Deafness	Sinoatrial Node Dysfunction and Deafness	MONDO:0013960	0	6	0	0	0	0	NOT_RUN	NA
Sitosterolemia	Sitosterolemia	MONDO:0008863	0	8	0	0	0	0	NOT_RUN	NA
Sjogren-Larsson_Syndrome	Sjogren-Larsson Syndrome	MONDO:0010031	0	10	0	0	0	0	NOT_RUN	NA
Skraban-Deardorff_Syndrome	Skraban-Deardorff Syndrome	MONDO:0054636	0	6	0	0	0	0	NOT_RUN	NA
Sly_syndrome	Sly syndrome	MONDO:0009662	0	10	0	0	0	0	NOT_RUN	NA
Small_Intestine_Cancer	Small Intestine Cancer	MONDO:0000956	4	30	3	1	0	0	ALL_MAPPINGS_CONSISTENT	0
Smith-Lemli-Opitz_syndrome	Smith-Lemli-Opitz syndrome	MONDO:0010035	0	11	0	0	0	0	NOT_RUN	NA
Smith-Magenis_Syndrome	Smith-Magenis Syndrome	MONDO:0008434	0	10	0	0	0	0	NOT_RUN	NA
Snijders_Blok-Campeau_Syndrome	Snijders Blok-Campeau Syndrome	MONDO:0032600	0	7	0	0	0	0	NOT_RUN	NA
Snyder-Robinson_Syndrome	Snyder-Robinson Syndrome	MONDO:0010664	0	8	0	0	0	0	NOT_RUN	NA
Spastic_Paraparesis-cataracts-speech_Delay_Syndrome	Spastic Paraparesis-Cataracts-Speech Delay Syndrome	MONDO:0036212	0	6	0	0	0	0	NOT_RUN	NA
Spastic_Paraplegia_81	Spastic Paraplegia 81	MONDO:0032905	0	4	0	0	0	0	NOT_RUN	NA
Spastic_Paraplegia_89_Autosomal_Recessive	Spastic Paraplegia 89 Autosomal Recessive	MONDO:0957274	0	5	0	0	0	0	NOT_RUN	NA
Spastic_Paraplegia_90A_Autosomal_Dominant	Spastic Paraplegia 90A, Autosomal Dominant	MONDO:0957308	0	5	0	0	0	0	NOT_RUN	NA
Spermatogenic_Failure_18	Spermatogenic Failure 18	MONDO:0054615	0	5	0	0	0	0	NOT_RUN	NA
Spermatogenic_Failure_43	Spermatogenic failure 43	MONDO:0032898	0	5	0	0	0	0	NOT_RUN	NA
Spermatogenic_Failure_98	Spermatogenic failure 98	MONDO:0700290	0	4	0	0	0	0	NOT_RUN	NA
Spina_Bifida_Cystica	Spina Bifida Cystica	MONDO:0017069	2	19	2	0	0	0	ALL_MAPPINGS_CONSISTENT	0
Spinal_Muscular_Atrophy	Spinal Muscular Atrophy	MONDO:0001516	4	39	4	0	0	0	ALL_MAPPINGS_CONSISTENT	0
Spinal_Muscular_Atrophy_Progressive_Myoclonic_Epilepsy	Spinal Muscular Atrophy-Progressive Myoclonic Epilepsy Syndrome	MONDO:0008045	0	8	0	0	0	0	NOT_RUN	NA
Spinal_Muscular_Atrophy_with_Respiratory_Distress_Type_1	Spinal Muscular Atrophy with Respiratory Distress Type 1	MONDO:0011436	0	8	0	0	0	0	NOT_RUN	NA
Spinocerebellar_Ataxia_27B	Spinocerebellar ataxia 27B	MONDO:0859340	0	6	0	0	0	0	NOT_RUN	NA
Spinocerebellar_Ataxia_43	Spinocerebellar Ataxia 43	MONDO:0014867	0	7	0	0	0	0	NOT_RUN	NA
Spinocerebellar_Ataxia_48	Spinocerebellar Ataxia 48	MONDO:0032526	0	7	0	0	0	0	NOT_RUN	NA
Spinocerebellar_Ataxia_Autosomal_Recessive_31	Spinocerebellar Ataxia, Autosomal Recessive 31	MONDO:0030323	0	5	0	0	0	0	NOT_RUN	NA
Spinocerebellar_Ataxia_Autosomal_Recessive_32	Spinocerebellar Ataxia, Autosomal Recessive 32	MONDO:0859245	0	5	0	0	0	0	NOT_RUN	NA
Spinocerebellar_Ataxia_Type_1	Spinocerebellar Ataxia Type 1	MONDO:0008119	0	9	0	0	0	0	NOT_RUN	NA
Spinocerebellar_Ataxia_Type_15_16	Spinocerebellar Ataxia Type 15/16	MONDO:0011694	0	9	0	0	0	0	NOT_RUN	NA
Spinocerebellar_Ataxia_Type_17	Spinocerebellar ataxia type 17	MONDO:0011781	0	12	0	0	0	0	NOT_RUN	NA
Spinocerebellar_Ataxia_Type_2	Spinocerebellar Ataxia Type 2	MONDO:0008458	0	10	0	0	0	0	NOT_RUN	NA
Spinocerebellar_Ataxia_Type_23	Spinocerebellar Ataxia Type 23	MONDO:0012449	0	9	0	0	0	0	NOT_RUN	NA
Spinocerebellar_Ataxia_Type_31	Spinocerebellar Ataxia Type 31	MONDO:0007296	0	10	0	0	0	0	NOT_RUN	NA
Spinocerebellar_Ataxia_Type_36	Spinocerebellar Ataxia Type 36	MONDO:0013594	0	9	0	0	0	0	NOT_RUN	NA
Spinocerebellar_Ataxia_Type_8	Spinocerebellar Ataxia Type 8	MONDO:0012116	0	8	0	0	0	0	NOT_RUN	NA
Split_Hand_Foot_Malformation	Split Hand-Foot Malformation	MONDO:0016576	5	41	5	0	0	0	STALE_INPUT	NA
Spondylo-megaepiphyseal-metaphyseal_Dysplasia	Spondylo-megaepiphyseal-metaphyseal Dysplasia	MONDO:0013228	0	7	0	0	0	0	NOT_RUN	NA
Spondylocarpotarsal_Synostosis_Syndrome	Spondylocarpotarsal Synostosis Syndrome	MONDO:0010094	0	8	0	0	0	0	NOT_RUN	NA
Spondylocostal_Dysostosis	Spondylocostal Dysostosis	MONDO:0000359	6	36	6	0	0	0	ALL_MAPPINGS_CONSISTENT	0
Spondylodysplastic_Ehlers-Danlos_Syndrome	Spondylodysplastic Ehlers-Danlos Syndrome	MONDO:0007526	3	27	3	0	0	0	STALE_INPUT	NA
Spondyloenchondrodysplasia	Spondyloenchondrodysplasia	MONDO:0011939	0	7	0	0	0	0	NOT_RUN	NA
Spondyloepimetaphyseal_Dysplasia_Aggrecan_Type	Spondyloepimetaphyseal Dysplasia Aggrecan Type	MONDO:0013014	0	8	0	0	0	0	NOT_RUN	NA
Spondyloepimetaphyseal_Dysplasia_Bieganski_Type	Spondyloepimetaphyseal Dysplasia Bieganski Type	MONDO:0010275	0	9	0	0	0	0	NOT_RUN	NA
Spondyloepimetaphyseal_Dysplasia_Faden-Alkuraya_Type	Spondyloepimetaphyseal Dysplasia Faden-Alkuraya Type	MONDO:0014748	0	6	0	0	0	0	NOT_RUN	NA
Spondyloepimetaphyseal_Dysplasia_Guo-Campeau_Type	Spondyloepimetaphyseal Dysplasia Guo-Campeau Type	MONDO:0958006	0	4	0	0	0	0	NOT_RUN	NA
Spondyloepimetaphyseal_Dysplasia_Maroteaux_Type	Spondyloepimetaphyseal Dysplasia Maroteaux Type	MONDO:0008473	0	7	0	0	0	0	NOT_RUN	NA
Spondyloepimetaphyseal_Dysplasia_Short_Limb_Abnormal_Calcification_Syndrome	Spondyloepimetaphyseal Dysplasia Short Limb Abnormal Calcification Syndrome	MONDO:0010077	0	8	0	0	0	0	NOT_RUN	NA
Spondyloepimetaphyseal_Dysplasia_Strudwick_Type	Spondyloepimetaphyseal Dysplasia Strudwick Type	MONDO:0008476	0	7	0	0	0	0	NOT_RUN	NA
Spondyloepiphyseal_Dysplasia_Congenita	Spondyloepiphyseal Dysplasia Congenita	MONDO:0008471	0	8	0	0	0	0	NOT_RUN	NA
Spondyloepiphyseal_Dysplasia_Nishimura_Type	Spondyloepiphyseal Dysplasia, Nishimura Type	MONDO:0032835	0	6	0	0	0	0	NOT_RUN	NA
Spondylometaphyseal_Dysplasia_Corner_Fracture_Type	Spondylometaphyseal Dysplasia Corner Fracture Type	MONDO:0008479	0	9	0	0	0	0	NOT_RUN	NA
Spondylometaphyseal_Dysplasia_Kozlowski_Type	Spondylometaphyseal Dysplasia Kozlowski Type	MONDO:0008477	0	9	0	0	0	0	NOT_RUN	NA
Spondylometaphyseal_Dysplasia_with_Cone-Rod_Dystrophy	Spondylometaphyseal Dysplasia with Cone-Rod Dystrophy	MONDO:0012160	0	8	0	0	0	0	NOT_RUN	NA
Spondylometaphyseal_Dysplasia_with_Corneal_Dystrophy	Spondylometaphyseal Dysplasia with Corneal Dystrophy	MONDO:0030074	0	7	0	0	0	0	NOT_RUN	NA
Spotted_Fever_Rickettsiosis	Spotted fever rickettsiosis	MONDO:0001195	6	47	6	0	0	0	RETRACTED	1
Stankiewicz_Isidor_syndrome	Stankiewicz-Isidor syndrome	MONDO:0054591	0	4	0	0	0	0	NOT_RUN	NA
Stargardt_Disease	Stargardt Disease	MONDO:0019353	2	21	0	2	0	0	STALE_INPUT	NA
Stickler_Syndrome_Type_1	Stickler Syndrome Type 1	MONDO:0007160	0	10	0	0	0	0	NOT_RUN	NA
Stickler_Syndrome_Type_2	Stickler Syndrome Type 2	MONDO:0011493	0	10	0	0	0	0	NOT_RUN	NA
Stiff_Skin_Syndrome	Stiff Skin Syndrome	MONDO:0008492	0	10	0	0	0	0	NOT_RUN	NA
Stromal_Corneal_Dystrophy	Stromal Corneal Dystrophy	MONDO:0020213	6	51	6	0	0	0	ALL_MAPPINGS_CONSISTENT	0
Stromme_Syndrome	Stromme Syndrome	MONDO:0009477	0	10	0	0	0	0	NOT_RUN	NA
Succinic_Semialdehyde_Dehydrogenase_Deficiency	Succinic Semialdehyde Dehydrogenase Deficiency	MONDO:0010083	0	8	0	0	0	0	NOT_RUN	NA
Sweeney-Cox_Syndrome	Sweeney-Cox Syndrome	MONDO:0060592	0	5	0	0	0	0	NOT_RUN	NA
Syndromic_X-linked_Intellectual_Disability_94	Syndromic X-linked Intellectual Disability 94	MONDO:0010402	0	8	0	0	0	0	NOT_RUN	NA
Systemic_Mastocytosis	Systemic Mastocytosis	MONDO:0016586	5	43	5	0	0	0	ALL_MAPPINGS_CONSISTENT	0
TACO1-Related_COX_Deficiency	TACO1-Related COX Deficiency	MONDO:0033638	0	5	0	0	0	0	NOT_RUN	NA
TANGO2_Deficiency_Disorder	TANGO2 Deficiency Disorder	MONDO:0018820	0	7	0	0	0	0	NOT_RUN	NA
TARP_syndrome	TARP syndrome	MONDO:0010711	0	8	0	0	0	0	NOT_RUN	NA
TBX6-Associated_Congenital_Scoliosis	TBX6-Associated Congenital Scoliosis	MONDO:0007389	0	5	0	0	0	0	NOT_RUN	NA
TCF20-Associated_Neurodevelopmental_Disorder	TCF20-Associated Neurodevelopmental Disorder	MONDO:0032745	0	4	0	0	0	0	NOT_RUN	NA
TEX11-related_spermatogenic_failure	TEX11-related spermatogenic failure	MONDO:0010647	0	5	0	0	0	0	NOT_RUN	NA
TFRC-Related_Combined_Immunodeficiency	TFRC-related Combined Immunodeficiency	MONDO:0014760	0	7	0	0	0	0	NOT_RUN	NA
TGFBI_Corneal_Dystrophies	TGFBI Corneal Dystrophies	MONDO:0000764	5	39	5	0	0	0	ALL_MAPPINGS_CONSISTENT	0
THG1L-Related_Disorder	THG1L-Related Disorder	MONDO:0032923	0	5	0	0	0	0	NOT_RUN	NA
THOC2-Related_Intellectual_Disability	THOC2-Related Intellectual Disability	MONDO:0010496	0	7	0	0	0	0	NOT_RUN	NA
THOC6-Related_Developmental_Delay-Microcephaly-Facial_Dysmorphism_Syndrome	THOC6-Related Developmental Delay-Microcephaly-Facial Dysmorphism Syndrome	MONDO:0013362	0	6	0	0	0	0	NOT_RUN	NA
THUMPD1-Related_Neurodevelopmental_Disorder	THUMPD1-Related Neurodevelopmental Disorder with Speech Delay and Variable Ocular Anomalies	MONDO:0859272	0	4	0	0	0	0	NOT_RUN	NA
TLR3_Deficiency	TLR3 Deficiency	MONDO:0800187	0	4	0	0	0	0	NOT_RUN	NA
TMEM199-CDG	TMEM199-CDG	MONDO:0014790	0	7	0	0	0	0	NOT_RUN	NA
TNF_Receptor-Associated_Periodic_Syndrome	TNF Receptor-Associated Periodic Syndrome	MONDO:0007727	0	10	0	0	0	0	NOT_RUN	NA
TP63_Ectodermal_Dysplasia_Spectrum	TP63-Related Ectodermal Dysplasia Spectrum	MONDO:1040001	5	38	4	1	0	0	ALL_MAPPINGS_CONSISTENT	0
TRAF3_Haploinsufficiency	TRAF3 Haploinsufficiency	MONDO:0100513	0	3	0	0	0	0	NOT_RUN	NA
TRAPPC12-Related_Encephalopathy	TRAPPC12-Related Encephalopathy	MONDO:0044696	0	6	0	0	0	0	NOT_RUN	NA
TRMU-Related_Acute_Infantile_Liver_Failure	TRMU-Related Acute Infantile Liver Failure	MONDO:0013111	0	7	0	0	0	0	NOT_RUN	NA
TTC19-related_Mitochondrial_Complex_III_Deficiency	TTC19-related mitochondrial complex III deficiency	MONDO:0014063	0	5	0	0	0	0	NOT_RUN	NA
TTN_Related_Myopathy_Dominant_Negative_TTNsv	TTN-Related Myopathy, Dominant-Negative TTNsv	MONDO:0100494	0	3	0	0	0	0	NOT_RUN	NA
TUBA1A-related_Tubulinopathy	TUBA1A-related Tubulinopathy	MONDO:0012703	0	8	0	0	0	0	NOT_RUN	NA
TUBA4A-related_Disorder	TUBA4A-related Disorder	MONDO:0014531	0	5	0	0	0	0	NOT_RUN	NA
TUBA8-related_Polymicrogyria_with_Optic_Nerve_Hypoplasia	TUBA8-related Polymicrogyria with Optic Nerve Hypoplasia	MONDO:0013172	0	6	0	0	0	0	NOT_RUN	NA
TUBB1-related_Macrothrombocytopenia	TUBB1-related Macrothrombocytopenia	MONDO:0800047	0	6	0	0	0	0	NOT_RUN	NA
TUBB2A_TUBB2B-related_Cortical_Malformation	TUBB2A/TUBB2B-related Cortical Malformation	MONDO:0018763	2	17	0	2	0	0	STALE_INPUT	NA
TUBB3-related_Tubulinopathy	TUBB3-related Tubulinopathy	MONDO:0100154	0	3	0	0	0	0	NOT_RUN	NA
TUBB4A-related_Neurologic_Disorder	TUBB4A-related Neurologic Disorder	MONDO:0800470	1	11	1	0	0	0	STALE_INPUT	NA
TUBB8-related_Oocyte_Maturation_Defect	TUBB8-related Oocyte Maturation Defect	MONDO:0021573	0	4	0	0	0	0	NOT_RUN	NA
TUBB_TUBB5-related_Microcephaly	TUBB/TUBB5-related Microcephaly	MONDO:0014341	0	5	0	0	0	0	NOT_RUN	NA
TUBG1-related_Tubulinopathy	TUBG1-related Tubulinopathy	MONDO:0014171	0	5	0	0	0	0	NOT_RUN	NA
TUBGCP2-related_Lissencephaly_Spectrum_Disorder	TUBGCP2-related Lissencephaly Spectrum Disorder	MONDO:0032893	0	5	0	0	0	0	NOT_RUN	NA
TUBGCP4-related_Microcephaly_and_Chorioretinopathy	TUBGCP4-related Microcephaly and Chorioretinopathy	MONDO:0014592	0	5	0	0	0	0	NOT_RUN	NA
TUBGCP6-related_Microcephaly_and_Chorioretinopathy	TUBGCP6-related Microcephaly and Chorioretinopathy	MONDO:0009624	0	8	0	0	0	0	NOT_RUN	NA
Tangier_Disease	Tangier_Disease	MONDO:0008783	0	9	0	0	0	0	NOT_RUN	NA
Tatton-Brown-Rahman_overgrowth_syndrome	Tatton-Brown-Rahman overgrowth syndrome	MONDO:0014382	0	7	0	0	0	0	NOT_RUN	NA
Taurine_Transporter_Deficiency	Taurine transporter deficiency	MONDO:0007777	0	5	0	0	0	0	NOT_RUN	NA
Taurodontism	Taurodontism	MONDO:0010098	0	6	0	0	0	0	NOT_RUN	NA
Tay-Sachs_Disease_AB_Variant	Tay-Sachs Disease AB Variant	MONDO:0010099	0	9	0	0	0	0	NOT_RUN	NA
Temple-Baraitser_Syndrome	Temple-Baraitser Syndrome	MONDO:0012735	0	7	0	0	0	0	NOT_RUN	NA
Temtamy_Preaxial_Brachydactyly_Syndrome	Temtamy Preaxial Brachydactyly Syndrome	MONDO:0011533	0	8	0	0	0	0	NOT_RUN	NA
Temtamy_Syndrome	Temtamy Syndrome	MONDO:0009033	0	9	0	0	0	0	NOT_RUN	NA
Testicular_Germ_Cell_Tumor	Testicular Germ Cell Tumor	MONDO:0010108	1	13	1	0	0	0	ALL_MAPPINGS_CONSISTENT	0
Testicular_Sex_Cord_Stromal_Neoplasm	Testicular Sex Cord-Stromal Neoplasm	MONDO:0003125	3	20	3	0	0	0	ALL_MAPPINGS_CONSISTENT	0
Tetrahydrobiopterin_Deficiency	Tetrahydrobiopterin Deficiency	MONDO:0016543	5	41	4	1	0	0	ALL_MAPPINGS_CONSISTENT	0
Thanatophoric_Dysplasia	Thanatophoric Dysplasia	MONDO:0017042	2	24	2	0	0	0	STALE_INPUT	NA
Thanatophoric_Dysplasia_Type_1	Thanatophoric Dysplasia Type 1	MONDO:0008546	0	7	0	0	0	0	NOT_RUN	NA
Thanatophoric_Dysplasia_Type_2	Thanatophoric Dysplasia Type 2	MONDO:0008547	0	8	0	0	0	0	NOT_RUN	NA
Thiopurine_S-methyltransferase_Deficiency	Thiopurine S-methyltransferase Deficiency	MONDO:0012503	0	9	0	0	0	0	NOT_RUN	NA
Thomsen_and_Becker_disease	Thomsen and Becker disease	MONDO:0009710	1	14	1	0	0	0	STALE_INPUT	NA
Thrombophilia	Thrombophilia	MONDO:0002305	5	40	5	0	0	0	RETRACTED	1
Thymic_Neuroendocrine_Carcinoma	Thymic Neuroendocrine Carcinoma	MONDO:0020516	4	26	4	0	0	0	ALL_MAPPINGS_CONSISTENT	0
Thymus_Neoplasm	Thymus Neoplasm	MONDO:0005197	3	27	3	0	0	0	RETRACTED	2
Thyroid_Dyshormonogenesis_5	Thyroid dyshormonogenesis 5	MONDO:0010137	0	6	0	0	0	0	NOT_RUN	NA
Timothy_Syndrome	Timothy Syndrome	MONDO:0010979	0	9	0	0	0	0	NOT_RUN	NA
Toxic_Shock_Syndrome	Toxic Shock Syndrome	MONDO:0001881	2	19	2	0	0	0	ALL_MAPPINGS_CONSISTENT	0
Toxoplasmosis	Toxoplasmosis	MONDO:0005989	3	25	3	0	0	0	ALL_MAPPINGS_CONSISTENT	0
Transaldolase_Deficiency	Transaldolase Deficiency	MONDO:0011624	0	8	0	0	0	0	NOT_RUN	NA
Transketolase_Deficiency	Transketolase Deficiency	MONDO:0014881	0	6	0	0	0	0	NOT_RUN	NA
Transverse_Myelitis	Transverse Myelitis	MONDO:0021553	3	19	0	3	0	0	ALL_MAPPINGS_CONSISTENT	0
Treacher_Collins_Syndrome	Treacher Collins Syndrome	MONDO:0002457	4	29	4	0	0	0	STALE_INPUT	NA
Trehalase_Deficiency	Trehalase Deficiency	MONDO:0012803	0	8	0	0	0	0	NOT_RUN	NA
Trichohepatoenteric_Syndrome	Trichohepatoenteric Syndrome	MONDO:0009105	2	17	2	0	0	0	STALE_INPUT	NA
Trichothiodystrophy	Trichothiodystrophy	MONDO:0018053	12	73	10	2	0	0	STALE_INPUT	NA
Triglyceride_Storage_Disease_Type_1	Triglyceride Storage Disease Type 1	MONDO:0008601	0	5	0	0	0	0	NOT_RUN	NA
Triglyceride_Storage_Disease_Type_2	Triglyceride Storage Disease Type 2	MONDO:0008602	0	5	0	0	0	0	NOT_RUN	NA
Trimethylaminuria	Trimethylaminuria	MONDO:0018767	0	8	0	0	0	0	NOT_RUN	NA
Triosephosphate_Isomerase_Deficiency	Triosephosphate Isomerase Deficiency	MONDO:0014221	0	9	0	0	0	0	NOT_RUN	NA
Tuberous_Sclerosis_Complex	Tuberous Sclerosis Complex	MONDO:0001734	2	24	2	0	0	0	STALE_INPUT	NA
Tyrosinemia_Type_I	Tyrosinemia Type I	MONDO:0010161	0	9	0	0	0	0	NOT_RUN	NA
Tyrosinemia_Type_II	Tyrosinemia Type II	MONDO:0010160	0	9	0	0	0	0	NOT_RUN	NA
Tyrosinemia_Type_III	Tyrosinemia Type III	MONDO:0010162	0	7	0	0	0	0	NOT_RUN	NA
UBA5-Related_Developmental_and_Epileptic_Encephalopathy	UBA5-Related Developmental and Epileptic Encephalopathy	MONDO:0014933	0	5	0	0	0	0	NOT_RUN	NA
UCHL1-Related_Neurodegeneration_with_Optic_Atrophy_and_Spastic_Paraplegia	UCHL1-Related Neurodegeneration with Optic Atrophy and Spastic Paraplegia	MONDO:0014209	0	7	0	0	0	0	NOT_RUN	NA
UGDH-Related_Developmental_and_Epileptic_Encephalopathy_84	UGDH-related developmental and epileptic encephalopathy 84	MONDO:0032918	0	5	0	0	0	0	NOT_RUN	NA
UGGT1-congenital_disorder_of_glycosylation	UGGT1-congenital disorder of glycosylation	MONDO:0980705	0	4	0	0	0	0	NOT_RUN	NA
UGP2-Related_Developmental_and_Epileptic_Encephalopathy_83	UGP2-related developmental and epileptic encephalopathy 83	MONDO:0032895	0	5	0	0	0	0	NOT_RUN	NA
UNC13A_Congenital_NDD_with_Epilepsy	UNC13A-Related Congenital NDD with Epilepsy	MONDO:0980940	0	5	0	0	0	0	NOT_RUN	NA
UNC13A_NDD_with_Seizures_and_Movement_Disorder	UNC13A-Related NDD with Seizures and Movement Disorder	MONDO:0980941	0	5	0	0	0	0	NOT_RUN	NA
Ullrich_Congenital_Muscular_Dystrophy	Ullrich congenital muscular dystrophy	MONDO:0000355	4	29	4	0	0	0	STALE_INPUT	NA
Ulnar-Mammary_Syndrome	Ulnar-Mammary Syndrome	MONDO:0008411	0	9	0	0	0	0	NOT_RUN	NA
Undetermined_Early_Onset_Epileptic_Encephalopathy	Undetermined Early-Onset Epileptic Encephalopathy	MONDO:0018614	5	30	5	0	0	0	STALE_INPUT	NA
Uner_Tan_Syndrome	Uner Tan Syndrome	MONDO:0100144	0	3	0	0	0	0	NOT_RUN	NA
Unverricht-Lundborg_Disease	Unverricht-Lundborg Disease	MONDO:0009698	0	9	0	0	0	0	NOT_RUN	NA
Urea_Cycle_Disorder	Urea Cycle Disorder	MONDO:0004739	0	8	0	0	0	0	NOT_RUN	NA
Usher_Syndrome	Usher Syndrome	MONDO:0019501	3	33	3	0	0	0	STALE_INPUT	NA
Usher_Syndrome_Type_4	Usher Syndrome Type 4	MONDO:0029141	0	4	0	0	0	0	NOT_RUN	NA
Uveal_Coloboma-Cleft_Lip_and_Palate-Intellectual_Disability_Syndrome	Uveal Coloboma-Cleft Lip and Palate-Intellectual Disability Syndrome	MONDO:0007355	0	8	0	0	0	0	NOT_RUN	NA
Uveitis	Uveitis	MONDO:0020283	8	64	7	1	0	0	ALL_MAPPINGS_CONSISTENT	0
VAMP2-Related_Disorder	VAMP2-Related Neurodevelopmental Disorder	MONDO:0032900	0	4	0	0	0	0	NOT_RUN	NA
VCP-associated_Multisystem_Proteinopathy	VCP-Associated Multisystem Proteinopathy	MONDO:0008178	0	7	0	0	0	0	NOT_RUN	NA
VLCAD_Deficiency	Very Long-Chain Acyl-CoA Dehydrogenase Deficiency	MONDO:0008723	0	10	0	0	0	0	NOT_RUN	NA
VPS4A-Related_Neurodevelopmental_Syndrome	VPS4A-Related Neurodevelopmental Syndrome	MONDO:0035819	0	6	0	0	0	0	NOT_RUN	NA
VPS51-Related_Pontocerebellar_Hypoplasia-CDG	VPS51-Related Pontocerebellar Hypoplasia-CDG	MONDO:0032831	0	7	0	0	0	0	NOT_RUN	NA
VPS53-Related_Pontocerebellar_Hypoplasia_Type_2E	VPS53-Related Pontocerebellar Hypoplasia Type 2E	MONDO:0014370	0	5	0	0	0	0	NOT_RUN	NA
Van_Buchem_Disease	Van Buchem Disease	MONDO:0009395	0	9	0	0	0	0	NOT_RUN	NA
Van_Maldergem_Syndrome	Van Maldergem Syndrome	MONDO:0017813	2	16	2	0	0	0	STALE_INPUT	NA
Vascular_Ehlers-Danlos_Syndrome	Vascular Ehlers-Danlos Syndrome	MONDO:0017314	0	7	0	0	0	0	NOT_RUN	NA
Vici_Syndrome	Vici Syndrome	MONDO:0009452	0	9	0	0	0	0	NOT_RUN	NA
Visceral_Heterotaxy_9	Visceral Heterotaxy 9	MONDO:0030070	0	5	0	0	0	0	NOT_RUN	NA
Vitamin_D-Dependent_Rickets_Type_1A	Vitamin D-Dependent Rickets Type 1A	MONDO:0020723	0	5	0	0	0	0	NOT_RUN	NA
Vitamin_D-Dependent_Rickets_Type_1B	Vitamin D-Dependent Rickets Type 1B	MONDO:0010810	0	7	0	0	0	0	NOT_RUN	NA
Vitamin_D-Dependent_Rickets_Type_2A	Vitamin D-Dependent Rickets Type 2A	MONDO:0010186	0	7	0	0	0	0	NOT_RUN	NA
Vitamin_D-Dependent_Rickets_Type_3	Vitamin D-Dependent Rickets Type 3	MONDO:0033640	0	4	0	0	0	0	NOT_RUN	NA
Vitamin_K_Dependent_Coagulation_Factor_Deficiency	Vitamin K-Dependent Coagulation Factor Deficiency	MONDO:0015722	2	20	2	0	0	0	STALE_INPUT	NA
Vulvar_Adenocarcinoma	Vulvar Adenocarcinoma	MONDO:0024336	9	51	9	0	0	0	ALL_MAPPINGS_CONSISTENT	0
WWOX-Related_Developmental_and_Epileptic_Encephalopathy	WWOX-Related Developmental and Epileptic Encephalopathy	MONDO:0014533	0	5	0	0	0	0	NOT_RUN	NA
Warburg_Cinotti_Syndrome	Warburg-Cinotti Syndrome	MONDO:0032579	0	4	0	0	0	0	NOT_RUN	NA
Warburg_Micro_Syndrome	Warburg micro syndrome	MONDO:0016649	4	26	4	0	0	0	STALE_INPUT	NA
Warsaw_breakage_syndrome	Warsaw breakage syndrome	MONDO:0013252	0	9	0	0	0	0	NOT_RUN	NA
Weaver_Syndrome	Weaver Syndrome	MONDO:0010193	0	10	0	0	0	0	NOT_RUN	NA
Weill-Marchesani_Syndrome	Weill-Marchesani syndrome	MONDO:0018096	4	33	4	0	0	0	STALE_INPUT	NA
Weiss-Kruszka_Syndrome	Weiss-Kruszka Syndrome	MONDO:0032836	0	6	0	0	0	0	NOT_RUN	NA
Werner_Syndrome	Werner Syndrome	MONDO:0010196	0	10	0	0	0	0	NOT_RUN	NA
White-Sutton_Syndrome	White-Sutton Syndrome	MONDO:0014606	0	7	0	0	0	0	NOT_RUN	NA
Wieacker_Wolff_Syndrome	Wieacker-Wolff Syndrome Spectrum	MONDO:0025445	2	18	2	0	0	0	STALE_INPUT	NA
Wiedemann-Rautenstrauch_Syndrome	Wiedemann-Rautenstrauch Syndrome	MONDO:0009910	0	9	0	0	0	0	NOT_RUN	NA
Wiedemann-Steiner_Syndrome	Wiedemann-Steiner Syndrome	MONDO:0011518	0	7	0	0	0	0	NOT_RUN	NA
Williams_Syndrome	Williams Syndrome	MONDO:0008678	0	10	0	0	0	0	NOT_RUN	NA
Wilms_Tumor	Wilms Tumor	MONDO:0006058	1	9	1	0	0	0	ALL_MAPPINGS_CONSISTENT	0
Wolcott-Rallison_Syndrome	Wolcott-Rallison Syndrome	MONDO:0009192	0	10	0	0	0	0	NOT_RUN	NA
Wolfram_Syndrome	Wolfram Syndrome	MONDO:0018105	2	20	2	0	0	0	STALE_INPUT	NA
Wolman_Disease	Wolman Disease	MONDO:0019148	0	10	0	0	0	0	NOT_RUN	NA
Woodhouse-Sakati_Syndrome	Woodhouse-Sakati Syndrome	MONDO:0009419	0	9	0	0	0	0	NOT_RUN	NA
X-Linked_Hypophosphatemia	X-Linked Hypophosphatemia	MONDO:0010619	0	8	0	0	0	0	NOT_RUN	NA
X-Linked_Infantile_Spinal_Muscular_Atrophy	X-Linked Infantile Spinal Muscular Atrophy	MONDO:0010532	0	8	0	0	0	0	NOT_RUN	NA
X-Linked_Spondyloepiphyseal_Dysplasia_Tarda	X-Linked Spondyloepiphyseal Dysplasia Tarda	MONDO:0010737	0	6	0	0	0	0	NOT_RUN	NA
X-linked_Agammaglobulinemia	X-linked Agammaglobulinemia	MONDO:0010421	0	9	0	0	0	0	NOT_RUN	NA
X-linked_Chondrodysplasia_Punctata_1	X-linked Chondrodysplasia Punctata 1	MONDO:0010555	0	6	0	0	0	0	NOT_RUN	NA
X-linked_Chondrodysplasia_Punctata_2	X-linked Chondrodysplasia Punctata 2	MONDO:0020603	0	7	0	0	0	0	NOT_RUN	NA
X-linked_Dilated_Cardiomyopathy	X-linked Dilated Cardiomyopathy	MONDO:0010542	0	6	0	0	0	0	NOT_RUN	NA
X-linked_Dystonia-Parkinsonism	X-linked Dystonia-Parkinsonism	MONDO:0010747	0	9	0	0	0	0	NOT_RUN	NA
X-linked_Mendelian_Susceptibility_to_Mycobacterial_Diseases_due_to_CYBB_Deficiency	X-linked Mendelian Susceptibility to Mycobacterial Diseases due to CYBB Deficiency	MONDO:0010389	0	6	0	0	0	0	NOT_RUN	NA
X-linked_Nonsyndromic_Hearing_Loss	X-linked Nonsyndromic Hearing Loss	MONDO:0019586	5	34	5	0	0	0	ALL_MAPPINGS_CONSISTENT	0
X-linked_Retinoschisis	X-linked Retinoschisis	MONDO:0010725	0	9	0	0	0	0	NOT_RUN	NA
XFE_Progeroid_Syndrome	XFE Progeroid Syndrome	MONDO:0012590	0	7	0	0	0	0	NOT_RUN	NA
Xeroderma_Pigmentosum	Xeroderma Pigmentosum	MONDO:0019600	8	67	8	0	0	0	STALE_INPUT	NA
YWHAG_Syndrome	YWHAG Syndrome	MONDO:0033365	0	5	0	0	0	0	NOT_RUN	NA
Yolk_Sac_Tumor	Yolk Sac Tumor	MONDO:0005744	2	17	2	0	0	0	ALL_MAPPINGS_CONSISTENT	0
You-Hoover-Fong_Syndrome	You-Hoover-Fong Syndrome	MONDO:0014848	0	6	0	0	0	0	NOT_RUN	NA
ZNF407-Related_Neurodevelopmental_Disorder	ZNF407-Related Neurodevelopmental Disorder	MONDO:0859198	0	4	0	0	0	0	NOT_RUN	NA
ZTTK_syndrome	ZTTK syndrome	MONDO:0014936	0	7	0	0	0	0	NOT_RUN	NA
Zellweger_Spectrum_Disorders	Zellweger Spectrum Disorders	MONDO:0019609	0	11	0	0	0	0	NOT_RUN	NA
Zimmermann_Laband_Syndrome	Zimmermann-Laband Syndrome	MONDO:0000200	3	19	3	0	0	0	STALE_INPUT	NA
Zlotogora-Ogur_Syndrome	Zlotogora-Ogur Syndrome	MONDO:0009151	0	8	0	0	0	0	NOT_RUN	NA
aceruloplasminemia	aceruloplasminemia	MONDO:0011426	0	7	0	0	0	0	NOT_RUN	NA
adrenoleukodystrophy	adrenoleukodystrophy	MONDO:0018544	2	23	2	0	0	0	STALE_INPUT	NA
alpha-Methylacyl-CoA_Racemase_Deficiency	Alpha-Methylacyl-CoA Racemase Deficiency	MONDO:0013681	0	7	0	0	0	0	NOT_RUN	NA
erythromelalgia	erythromelalgia	MONDO:0016028	2	20	2	0	0	0	ALL_MAPPINGS_CONSISTENT	0
neuroferritinopathy	neuroferritinopathy	MONDO:0011638	0	8	0	0	0	0	NOT_RUN	NA
ornithine_aminotransferase_deficiency	ornithine aminotransferase deficiency	MONDO:0009796	0	9	0	0	0	0	NOT_RUN	NA
