slug	parent_term	status	selection_reason
2-Methylbutyryl-CoA_Dehydrogenase_Deficiency	MONDO:0012392	ELIGIBLE	KB_CATEGORY_MENDELIAN
3-Hydroxy-3-Methylglutaric_Aciduria	MONDO:0009520	ELIGIBLE	KB_CATEGORY_MENDELIAN
3-Hydroxy-3-Methylglutaryl-CoA_Synthase_Deficiency	MONDO:0011614	ELIGIBLE	KB_CATEGORY_MENDELIAN
3-Hydroxyisobutyryl-CoA_Hydrolase_Deficiency	MONDO:0009603	ELIGIBLE	KB_CATEGORY_MENDELIAN
3-M_Syndrome	MONDO:0007477	ELIGIBLE	KB_CATEGORY_MENDELIAN
3-Methylcrotonyl-CoA_Carboxylase_Deficiency	MONDO:0018950	ELIGIBLE	KB_CATEGORY_MENDELIAN
3-Methylglutaconic_Aciduria_Type_I	MONDO:0009610	ELIGIBLE	KB_CATEGORY_MENDELIAN
3-Phosphoglycerate_Dehydrogenase_Deficiency	MONDO:0011152	ELIGIBLE	KB_CATEGORY_MENDELIAN
3-methylglutaconic_Aciduria_With_Deafness_Encephalopathy_And_Leigh-like_Syndrome	MONDO:0013875	ELIGIBLE	KB_CATEGORY_MENDELIAN
3MC_Syndrome	MONDO:0017398	ELIGIBLE	KB_CATEGORY_MENDELIAN
46_XX_Gonadal_Dysgenesis	MONDO:0009299	ELIGIBLE	KB_CATEGORY_MENDELIAN
46_XX_Testicular_DSD	MONDO:0100249	ELIGIBLE	KB_CATEGORY_MENDELIAN
46_XY_DSD_Due_to_17_Beta_Hydroxysteroid_Dehydrogenase_3_Deficiency	MONDO:0009916	ELIGIBLE	KB_CATEGORY_MENDELIAN
46_XY_DSD_Due_to_5_Alpha_Reductase_2_Deficiency	MONDO:0009923	ELIGIBLE	KB_CATEGORY_MENDELIAN
46_XY_Partial_Gonadal_Dysgenesis	MONDO:0016674	ELIGIBLE	KB_CATEGORY_MENDELIAN
46_XY_Sex_Reversal_5	MONDO:0013120	ELIGIBLE	KB_CATEGORY_MENDELIAN
46_XY_complete_gonadal_dysgenesis	MONDO:0010765	ELIGIBLE	KB_CATEGORY_MENDELIAN
5-Oxoprolinase_Deficiency	MONDO:0009825	ELIGIBLE	KB_CATEGORY_MENDELIAN
ABCC9-Related_Intellectual_Disability_and_Myopathy_Syndrome	MONDO:0859224	ELIGIBLE	KB_CATEGORY_MENDELIAN
ACAD9_Deficiency	MONDO:0012624	ELIGIBLE	KB_CATEGORY_MENDELIAN
ACTH-independent_Macronodular_Adrenal_Hyperplasia_3	MONDO:0700299	ELIGIBLE	KB_CATEGORY_MENDELIAN
ACys_Amyloidosis	MONDO:0007098	ELIGIBLE	KB_CATEGORY_MENDELIAN
ADCA-DN	MONDO:0011397	ELIGIBLE	KB_CATEGORY_MENDELIAN
ADGRG1_Bilateral_Frontoparietal_Polymicrogyria	MONDO:0011738	ELIGIBLE	KB_CATEGORY_MENDELIAN
ADNP-Related_Syndrome	MONDO:0014379	ELIGIBLE	KB_CATEGORY_MENDELIAN
ADPRS-Related_Stress-Induced_Neurodegeneration	MONDO:0100095	ELIGIBLE	KB_CATEGORY_MENDELIAN
ADan_amyloidosis	MONDO:0007297	ELIGIBLE	KB_CATEGORY_MENDELIAN
AFG2A-Related_Encephalopathy	MONDO:0014698	ELIGIBLE	KB_CATEGORY_MENDELIAN
AGAT_Deficiency	MONDO:0012996	ELIGIBLE	KB_CATEGORY_MENDELIAN
AHCY_Deficiency	MONDO:0013404	ELIGIBLE	KB_CATEGORY_MENDELIAN
AIP-related_pituitary_adenoma_predisposition	MONDO:1060231	ELIGIBLE	KB_CATEGORY_MENDELIAN
AIPL1-Related_Retinopathy	MONDO:0100438	ELIGIBLE	KB_CATEGORY_MENDELIAN
ALDH18A1_Cutis_Laxa	MONDO:0014706	ELIGIBLE	KB_CATEGORY_MENDELIAN
ALDH18A1_De_Barsy_Spectrum	MONDO:0100126	ELIGIBLE	KB_CATEGORY_MENDELIAN
ALG1-Congenital_Disorder_of_Glycosylation	MONDO:0012052	ELIGIBLE	KB_CATEGORY_MENDELIAN
ALG11-Congenital_Disorder_of_Glycosylation	MONDO:0013349	ELIGIBLE	KB_CATEGORY_MENDELIAN
ALG12_Congenital_Disorder_of_Glycosylation	MONDO:0011783	ELIGIBLE	KB_CATEGORY_MENDELIAN
ALG3-Congenital_Disorder_of_Glycosylation	MONDO:0010998	ELIGIBLE	KB_CATEGORY_MENDELIAN
ALG6-Congenital_Disorder_of_Glycosylation	MONDO:0011291	ELIGIBLE	KB_CATEGORY_MENDELIAN
ALG9-congenital_disorder_of_glycosylation	MONDO:0012117	ELIGIBLE	KB_CATEGORY_MENDELIAN
ARPC1B_Deficiency	MONDO:0060583	ELIGIBLE	KB_CATEGORY_MENDELIAN
ARX-Related_Lissencephaly_and_Interneuronopathy	MONDO:0010268	ELIGIBLE	KB_CATEGORY_MENDELIAN
AR_Cerebellar_Ataxia-Saccadic_Intrusion_Syndrome	MONDO:0011811	ELIGIBLE	KB_CATEGORY_MENDELIAN
ATRX_Syndrome	MONDO:0016980	ELIGIBLE	KB_CATEGORY_MENDELIAN
ATTR_Amyloidosis	MONDO:0007100	ELIGIBLE	KB_CATEGORY_MENDELIAN
Abetalipoproteinemia	MONDO:0008692	ELIGIBLE	KB_CATEGORY_MENDELIAN
Acatalasia	MONDO:0013571	ELIGIBLE	KB_CATEGORY_MENDELIAN
Achondrogenesis_Type_II	MONDO:0008702	ELIGIBLE	KB_CATEGORY_MENDELIAN
Achondroplasia	MONDO:0007037	ELIGIBLE	KB_CATEGORY_MENDELIAN
Achromatopsia	MONDO:0018852	ELIGIBLE	KB_CATEGORY_MENDELIAN
Acrocallosal_Syndrome	MONDO:0008708	ELIGIBLE	KB_CATEGORY_MENDELIAN
Acrodysostosis	MONDO:0019797	ELIGIBLE	KB_CATEGORY_MENDELIAN
Acrofacial_Dysostosis_Cincinnati_Type	MONDO:0014651	ELIGIBLE	KB_CATEGORY_MENDELIAN
Acromesomelic_Dysplasia_Demirhan_Type	MONDO:0012274	ELIGIBLE	KB_CATEGORY_MENDELIAN
Acromesomelic_Dysplasia_Grebe_Type	MONDO:0008703	ELIGIBLE	KB_CATEGORY_MENDELIAN
Acromesomelic_Dysplasia_Maroteaux_Type	MONDO:0011275	ELIGIBLE	KB_CATEGORY_MENDELIAN
Acromesomelic_Dysplasia_PRKG2_Type	MONDO:0030553	ELIGIBLE	KB_CATEGORY_MENDELIAN
Activated_PI3K-delta_Syndrome	MONDO:0018338	ELIGIBLE	KB_CATEGORY_MENDELIAN
Acute_Intermittent_Porphyria	MONDO:0008294	ELIGIBLE	KB_CATEGORY_MENDELIAN
Adenine_Phosphoribosyltransferase_Deficiency	MONDO:0013869	ELIGIBLE	KB_CATEGORY_MENDELIAN
Adenosine_Kinase_Deficiency	MONDO:0100255	ELIGIBLE	KB_CATEGORY_MENDELIAN
Adenylosuccinate_Lyase_Deficiency	MONDO:0007068	ELIGIBLE	KB_CATEGORY_MENDELIAN
Adult-Onset_Ataxia_and_Polyneuropathy	MONDO:0010781	ELIGIBLE	KB_CATEGORY_MENDELIAN
Adult-Onset_Proximal_Spinal_Muscular_Atrophy_Autosomal_Dominant	MONDO:0008453	ELIGIBLE	KB_CATEGORY_MENDELIAN
Adult_Neuronal_Ceroid_Lipofuscinosis	MONDO:0019260	ELIGIBLE	KB_CATEGORY_MENDELIAN
Adult_Polyglucosan_Body_Disease	MONDO:0009897	ELIGIBLE	KB_CATEGORY_MENDELIAN
Advanced_Sleep_Phase_Syndrome	MONDO:0015609	ELIGIBLE	KB_CATEGORY_MENDELIAN
Agenesis_of_the_Corpus_Callosum_with_Peripheral_Neuropathy	MONDO:0000902	ELIGIBLE	KB_CATEGORY_MENDELIAN
Agnathia-Otocephaly_Complex	MONDO:0008740	ELIGIBLE	KB_CATEGORY_MENDELIAN
Aicardi_Goutieres_Syndrome	MONDO:0018866	ELIGIBLE	KB_CATEGORY_MENDELIAN
Aicardi_Syndrome	MONDO:0010568	ELIGIBLE	KB_CATEGORY_MENDELIAN
Alagille_syndrome	MONDO:0007318	ELIGIBLE	KB_CATEGORY_MENDELIAN
Aland_Island_Eye_Disease	MONDO:0010371	ELIGIBLE	KB_CATEGORY_MENDELIAN
Alexander_Disease	MONDO:0008752	ELIGIBLE	KB_CATEGORY_MENDELIAN
Alkaptonuria	MONDO:0008753	ELIGIBLE	KB_CATEGORY_MENDELIAN
Allan-Herndon-Dudley_Syndrome	MONDO:0010354	ELIGIBLE	KB_CATEGORY_MENDELIAN
Alopecia-Intellectual_Disability_Syndrome_1	MONDO:0021035	ELIGIBLE	KB_CATEGORY_MENDELIAN
Alopecia-Intellectual_Disability_Syndrome_4	MONDO:0030009	ELIGIBLE	KB_CATEGORY_MENDELIAN
Alpha_1_Antitrypsin_Deficiency	MONDO:0013282	ELIGIBLE	KB_CATEGORY_MENDELIAN
Alpha_Mannosidosis	MONDO:0009561	ELIGIBLE	KB_CATEGORY_MENDELIAN
Alpha_Thalassemia	MONDO:0011399	ELIGIBLE	KB_CATEGORY_MENDELIAN
Alsahan-Harris_Syndrome	MONDO:0979871	ELIGIBLE	KB_CATEGORY_MENDELIAN
Alternating_Hemiplegia_of_Childhood	MONDO:0016241	ELIGIBLE	KB_CATEGORY_MENDELIAN
Alveolar_Capillary_Dysplasia_with_Misalignment_of_Pulmonary_Veins	MONDO:0009934	ELIGIBLE	KB_CATEGORY_MENDELIAN
Amelogenesis_Imperfecta	MONDO:0019507	ELIGIBLE	KB_CATEGORY_MENDELIAN
Aminoacylase_1_Deficiency	MONDO:0012368	ELIGIBLE	KB_CATEGORY_MENDELIAN
Aminoglycoside-Induced_Hearing_Loss	MONDO:0010799	ELIGIBLE	KB_CATEGORY_MENDELIAN
Amyotrophic_Lateral_Sclerosis_27_Juvenile	MONDO:0859529	ELIGIBLE	KB_CATEGORY_MENDELIAN
Anauxetic_Dysplasia	MONDO:0011773	ELIGIBLE	KB_CATEGORY_MENDELIAN
Androgen_Insensitivity_Syndrome	MONDO:0019154	ELIGIBLE	KB_CATEGORY_MENDELIAN
Aneurysm-Osteoarthritis_Syndrome	MONDO:0013426	ELIGIBLE	KB_CATEGORY_MENDELIAN
Angelman_Syndrome	MONDO:0007113	ELIGIBLE	KB_CATEGORY_MENDELIAN
Aniridia	MONDO:0019172	ELIGIBLE	KB_CATEGORY_MENDELIAN
Antley-Bixler_Syndrome_FGFR2-Related	MONDO:0020667	ELIGIBLE	KB_CATEGORY_MENDELIAN
Aortic_Valve_Disease_2	MONDO:0013902	ELIGIBLE	KB_CATEGORY_MENDELIAN
Apert_Syndrome	MONDO:0007041	ELIGIBLE	KB_CATEGORY_MENDELIAN
Apparent_Mineralocorticoid_Excess	MONDO:0009025	ELIGIBLE	KB_CATEGORY_MENDELIAN
Arboleda-Tham_Syndrome	MONDO:0014558	ELIGIBLE	KB_CATEGORY_MENDELIAN
Arginase_Deficiency	MONDO:0008814	ELIGIBLE	KB_CATEGORY_MENDELIAN
Argininosuccinic_Aciduria	MONDO:0008815	ELIGIBLE	KB_CATEGORY_MENDELIAN
Aromatase_Deficiency	MONDO:0013301	ELIGIBLE	KB_CATEGORY_MENDELIAN
Aromatase_Excess_Syndrome	MONDO:0007690	ELIGIBLE	KB_CATEGORY_MENDELIAN
Arrhythmogenic_Right_Ventricular_Cardiomyopathy	MONDO:0016587	ELIGIBLE	KB_CATEGORY_MENDELIAN
Arterial_Calcification_of_Infancy	MONDO:0018870	ELIGIBLE	KB_CATEGORY_MENDELIAN
Arterial_Dissection_Lentiginosis_Syndrome	MONDO:0010889	ELIGIBLE	KB_CATEGORY_MENDELIAN
Arterial_Tortuosity_Syndrome	MONDO:0008818	ELIGIBLE	KB_CATEGORY_MENDELIAN
Arthrogryposis-Renal_Dysfunction-Cholestasis_Syndrome	MONDO:0017123	ELIGIBLE	KB_CATEGORY_MENDELIAN
Arts_syndrome	MONDO:0010533	ELIGIBLE	KB_CATEGORY_MENDELIAN
Asparagine_Synthetase_Deficiency	MONDO:0014258	ELIGIBLE	KB_CATEGORY_MENDELIAN
Aspartylglucosaminuria	MONDO:0008830	ELIGIBLE	KB_CATEGORY_MENDELIAN
Ataxia_Telangiectasia	MONDO:0008840	ELIGIBLE	KB_CATEGORY_MENDELIAN
Ataxia_With_Oculomotor_Apraxia_Type_1	MONDO:0008842	ELIGIBLE	KB_CATEGORY_MENDELIAN
Atelosteogenesis_Type_I	MONDO:0007167	ELIGIBLE	KB_CATEGORY_MENDELIAN
Atelosteogenesis_Type_II	MONDO:0009727	ELIGIBLE	KB_CATEGORY_MENDELIAN
Atelosteogenesis_Type_III	MONDO:0007168	ELIGIBLE	KB_CATEGORY_MENDELIAN
Atransferrinemia	MONDO:0008846	ELIGIBLE	KB_CATEGORY_MENDELIAN
Attenuated_Mucopolysaccharidosis_Type_I		NO_MONDO_GROUNDING	KB_CATEGORY_MENDELIAN
Atypical_Hemolytic_Uremic_Syndrome	MONDO:0016244	ELIGIBLE	KB_CATEGORY_MENDELIAN
Auriculocondylar_Syndrome	MONDO:0000107	ELIGIBLE	KB_CATEGORY_MENDELIAN
Autism_Spectrum_Disorder-Epilepsy-Arthrogryposis_Syndrome	MONDO:0014248	ELIGIBLE	KB_CATEGORY_MENDELIAN
Autoimmune_Lymphoproliferative_Syndrome	MONDO:0017979	ELIGIBLE	KB_CATEGORY_MENDELIAN
Autoimmune_Polyendocrine_Syndrome_Type_1	MONDO:0009411	ELIGIBLE	KB_CATEGORY_MENDELIAN
Autoinflammation_Immune_Dysregulation_and_Eosinophilia	MONDO:0033558	ELIGIBLE	KB_CATEGORY_MENDELIAN
Autosomal_Agammaglobulinemia	MONDO:0011096	ELIGIBLE	KB_CATEGORY_MENDELIAN
Autosomal_Dominant_Aplasia_And_Myelodysplasia	MONDO:0013851	ELIGIBLE	KB_CATEGORY_MENDELIAN
Autosomal_Dominant_Cerebellar_Ataxia	MONDO:0020380	ELIGIBLE	KB_CATEGORY_MENDELIAN
Autosomal_Dominant_Cerebellar_Ataxia_Type_I	MONDO:0019792	ELIGIBLE	KB_CATEGORY_MENDELIAN
Autosomal_Dominant_Cerebellar_Ataxia_Type_III	MONDO:0019793	ELIGIBLE	KB_CATEGORY_MENDELIAN
Autosomal_Dominant_Charcot-Marie-Tooth_Disease_Type_2W	MONDO:0014711	ELIGIBLE	KB_CATEGORY_MENDELIAN
Autosomal_Dominant_Epilepsy_with_Auditory_Features	MONDO:0010898	ELIGIBLE	KB_CATEGORY_MENDELIAN
Autosomal_Dominant_Hyper-IgE_Syndrome	MONDO:0007818	ELIGIBLE	KB_CATEGORY_MENDELIAN
Autosomal_Dominant_Hypercholesterolemia_3	MONDO:0011369	ELIGIBLE	KB_CATEGORY_MENDELIAN
Autosomal_Dominant_Hypocalcemia_1	MONDO:0011013	ELIGIBLE	KB_CATEGORY_MENDELIAN
Autosomal_Dominant_Nonsyndromic_Hearing_Loss_11	MONDO:0011032	ELIGIBLE	KB_CATEGORY_MENDELIAN
Autosomal_Dominant_Nonsyndromic_Hearing_Loss_12	MONDO:0011102	ELIGIBLE	KB_CATEGORY_MENDELIAN
Autosomal_Dominant_Nonsyndromic_Hearing_Loss_2B	MONDO:0012976	ELIGIBLE	KB_CATEGORY_MENDELIAN
Autosomal_Dominant_Nonsyndromic_Hearing_Loss_37	MONDO:0032802	ELIGIBLE	KB_CATEGORY_MENDELIAN
Autosomal_Dominant_Nonsyndromic_Hearing_Loss_3A	MONDO:0011103	ELIGIBLE	KB_CATEGORY_MENDELIAN
Autosomal_Dominant_Nonsyndromic_Hearing_Loss_41	MONDO:0011994	ELIGIBLE	KB_CATEGORY_MENDELIAN
Autosomal_Dominant_Nonsyndromic_Hearing_Loss_50	MONDO:0013114	ELIGIBLE	KB_CATEGORY_MENDELIAN
Autosomal_Dominant_Nonsyndromic_Hearing_Loss_7	MONDO:0011074	ELIGIBLE	KB_CATEGORY_MENDELIAN
Autosomal_Dominant_Optic_Atrophy_Plus	MONDO:0014720	ELIGIBLE	KB_CATEGORY_MENDELIAN
Autosomal_Dominant_Osteopetrosis_Type_I	MONDO:0011877	ELIGIBLE	KB_CATEGORY_MENDELIAN
Autosomal_Dominant_Osteopetrosis_Type_II	MONDO:0008156	ELIGIBLE	KB_CATEGORY_MENDELIAN
Autosomal_Dominant_Polycystic_Kidney_Disease	MONDO:0004691	ELIGIBLE	KB_CATEGORY_MENDELIAN
Autosomal_Dominant_Polycystic_Liver_Disease	MONDO:0000447	ELIGIBLE	KB_CATEGORY_MENDELIAN
Autosomal_Dominant_Progressive_External_Ophthalmoplegia	MONDO:0008003	ELIGIBLE	KB_CATEGORY_MENDELIAN
Autosomal_Dominant_Robinow_Syndrome_1	MONDO:0024455	ELIGIBLE	KB_CATEGORY_MENDELIAN
Autosomal_Dominant_Robinow_Syndrome_2	MONDO:0014591	ELIGIBLE	KB_CATEGORY_MENDELIAN
Autosomal_Dominant_Robinow_Syndrome_3	MONDO:0014819	ELIGIBLE	KB_CATEGORY_MENDELIAN
Autosomal_Dominant_Sensory_Ataxia_1	MONDO:0012166	ELIGIBLE	KB_CATEGORY_MENDELIAN
Autosomal_Dominant_Striatal_Neurodegeneration	MONDO:0000211	ELIGIBLE	KB_CATEGORY_MENDELIAN
Autosomal_Recessive_Ataxia_Beauce_Type	MONDO:0012549	ELIGIBLE	KB_CATEGORY_MENDELIAN
Autosomal_Recessive_Ataxia_Due_to_Ubiquinone_Deficiency	MONDO:0012784	ELIGIBLE	KB_CATEGORY_MENDELIAN
Autosomal_Recessive_Cerebellar_Ataxia_With_Late_Onset_Spasticity	MONDO:0018129	ELIGIBLE	KB_CATEGORY_MENDELIAN
Autosomal_Recessive_Congenital_Ichthyosis	MONDO:0017265	ELIGIBLE	KB_CATEGORY_MENDELIAN
Autosomal_Recessive_Cutis_Laxa_Type_2A	MONDO:0018163	ELIGIBLE	KB_CATEGORY_MENDELIAN
Autosomal_Recessive_Hypercholesterolemia	MONDO:0011374	ELIGIBLE	KB_CATEGORY_MENDELIAN
Autosomal_Recessive_Limb-Girdle_Muscular_Dystrophy	MONDO:0015152	ELIGIBLE	KB_CATEGORY_MENDELIAN
Autosomal_Recessive_Multiple_Pterygium_Syndrome	MONDO:0009926	ELIGIBLE	KB_CATEGORY_MENDELIAN
Autosomal_Recessive_Nonsyndromic_Hearing_Loss_103	MONDO:0014469	ELIGIBLE	KB_CATEGORY_MENDELIAN
Autosomal_Recessive_Nonsyndromic_Hearing_Loss_104	MONDO:0014675	ELIGIBLE	KB_CATEGORY_MENDELIAN
Autosomal_Recessive_Nonsyndromic_Hearing_Loss_26	MONDO:0011553	ELIGIBLE	KB_CATEGORY_MENDELIAN
Autosomal_Recessive_Nonsyndromic_Hearing_Loss_30	MONDO:0011774	ELIGIBLE	KB_CATEGORY_MENDELIAN
Autosomal_Recessive_Nonsyndromic_Hearing_Loss_48	MONDO:0012273	ELIGIBLE	KB_CATEGORY_MENDELIAN
Autosomal_Recessive_Nonsyndromic_Hearing_Loss_77	MONDO:0013119	ELIGIBLE	KB_CATEGORY_MENDELIAN
Autosomal_Recessive_Nonsyndromic_Hearing_Loss_93	MONDO:0013963	ELIGIBLE	KB_CATEGORY_MENDELIAN
Autosomal_Recessive_Nonsyndromic_Hearing_Loss_97	MONDO:0014739	ELIGIBLE	KB_CATEGORY_MENDELIAN
Autosomal_Recessive_Nonsyndromic_Hearing_Loss_98	MONDO:0013929	ELIGIBLE	KB_CATEGORY_MENDELIAN
Autosomal_Recessive_Osteopetrosis	MONDO:0009816	ELIGIBLE	KB_CATEGORY_MENDELIAN
Autosomal_Recessive_Primary_Microcephaly	MONDO:0016660	ELIGIBLE	KB_CATEGORY_MENDELIAN
Autosomal_Recessive_Progressive_External_Ophthalmoplegia_1	MONDO:0009783	ELIGIBLE	KB_CATEGORY_MENDELIAN
Autosomal_Recessive_Robinow_Syndrome	MONDO:0009999	ELIGIBLE	KB_CATEGORY_MENDELIAN
Autosomal_Recessive_Spastic_Ataxia_9	MONDO:0032753	ELIGIBLE	KB_CATEGORY_MENDELIAN
Autosomal_Recessive_Spinocerebellar_Ataxia_15	MONDO:0014311	ELIGIBLE	KB_CATEGORY_MENDELIAN
Autosomal_Recessive_Spinocerebellar_Ataxia_20	MONDO:0014601	ELIGIBLE	KB_CATEGORY_MENDELIAN
Autosomal_Recessive_Spondylometaphyseal_Dysplasia_Megarbane_Type	MONDO:0013223	ELIGIBLE	KB_CATEGORY_MENDELIAN
Avascular_Necrosis_Of_Femoral_Head_Primary_2	MONDO:0054551	ELIGIBLE	KB_CATEGORY_MENDELIAN
Ayme-Gripp_Syndrome	MONDO:0010992	ELIGIBLE	KB_CATEGORY_MENDELIAN
BBSome-Related_Retinitis_Pigmentosa	MONDO:0019200	ELIGIBLE	KB_CATEGORY_MENDELIAN
BCKDK_Deficiency	MONDO:0013970	ELIGIBLE	KB_CATEGORY_MENDELIAN
BEST1-Related_Dominant_Retinopathy	MONDO:0700238	ELIGIBLE	KB_CATEGORY_MENDELIAN
BLOC1S1-related_Complex_Neurodevelopmental_Disorder_with_Leukodystrophy	MONDO:0100038	ELIGIBLE	KB_CATEGORY_MENDELIAN
BMP2-Related_Short_Stature-Facial_Dysmorphism-Skeletal_Anomalies_Syndrome	MONDO:0100297	ELIGIBLE	KB_CATEGORY_MENDELIAN
BPTF-Related_Neurodevelopmental_Disorder	MONDO:0060596	ELIGIBLE	KB_CATEGORY_MENDELIAN
BRPF1-Related_Intellectual_Disability	MONDO:0015022	ELIGIBLE	KB_CATEGORY_MENDELIAN
Bachmann-Bupp_Syndrome	MONDO:0033642	ELIGIBLE	KB_CATEGORY_MENDELIAN
Bailey-Bloch_Congenital_Myopathy	MONDO:0009722	ELIGIBLE	KB_CATEGORY_MENDELIAN
Bainbridge-Ropers_Syndrome	MONDO:0014205	ELIGIBLE	KB_CATEGORY_MENDELIAN
Bannayan-Riley-Ruvalcaba_Syndrome	MONDO:0007924	ELIGIBLE	KB_CATEGORY_MENDELIAN
Baraitser-Winter_Cerebrofrontofacial_Syndrome	MONDO:0017579	ELIGIBLE	KB_CATEGORY_MENDELIAN
Bardet-Biedl_Syndrome	MONDO:0015229	ELIGIBLE	KB_CATEGORY_MENDELIAN
Barth_Syndrome	MONDO:0010543	ELIGIBLE	KB_CATEGORY_MENDELIAN
Bartter_Syndrome	MONDO:0015231	ELIGIBLE	KB_CATEGORY_MENDELIAN
Basel-Vanagaite-Smirin-Yosef_Syndrome	MONDO:0014643	ELIGIBLE	KB_CATEGORY_MENDELIAN
Bazex_Dupre_Christol_Syndrome	MONDO:0010535	ELIGIBLE	KB_CATEGORY_MENDELIAN
Beare-Stevenson_Cutis_Gyrata_Syndrome	MONDO:0007412	ELIGIBLE	KB_CATEGORY_MENDELIAN
Becker_Muscular_Dystrophy	MONDO:0010311	ELIGIBLE	KB_CATEGORY_MENDELIAN
Beckwith-Wiedemann_Syndrome	MONDO:0007534	ELIGIBLE	KB_CATEGORY_MENDELIAN
Behr_Syndrome	MONDO:0008858	ELIGIBLE	KB_CATEGORY_MENDELIAN
Benign_Familial_Infantile_Epilepsy	MONDO:0017615	ELIGIBLE	KB_CATEGORY_MENDELIAN
Benign_Neonatal_Seizures	MONDO:0016027	ELIGIBLE	KB_CATEGORY_MENDELIAN
Berardinelli_Seip_Congenital_Lipodystrophy	MONDO:0018883	ELIGIBLE	KB_CATEGORY_MENDELIAN
Bernard-Soulier_Syndrome	MONDO:0009276	ELIGIBLE	KB_CATEGORY_MENDELIAN
Beta-Ketothiolase_Deficiency	MONDO:0008760	ELIGIBLE	KB_CATEGORY_MENDELIAN
Beta_Mannosidosis	MONDO:0009562	ELIGIBLE	KB_CATEGORY_MENDELIAN
Beta_Thalassemia	MONDO:0019402	ELIGIBLE	KB_CATEGORY_MENDELIAN
Bethlem_Myopathy	MONDO:0008029	ELIGIBLE	KB_CATEGORY_MENDELIAN
Bietti_Crystalline_Dystrophy	MONDO:0008865	ELIGIBLE	KB_CATEGORY_MENDELIAN
Bilateral_Microtia-Deafness-Cleft_Palate_Syndrome	MONDO:0012854	ELIGIBLE	KB_CATEGORY_MENDELIAN
Bilateral_Striopallidodentate_Calcinosis	MONDO:0008947	ELIGIBLE	KB_CATEGORY_MENDELIAN
Biotin_Thiamine_Responsive_Basal_Ganglia_Disease	MONDO:0011841	ELIGIBLE	KB_CATEGORY_MENDELIAN
Biotinidase_Deficiency	MONDO:0009665	ELIGIBLE	KB_CATEGORY_MENDELIAN
Birt-Hogg-Dube_Syndrome	MONDO:0800444	ELIGIBLE	KB_CATEGORY_MENDELIAN
Bjornstad_Syndrome	MONDO:0009872	ELIGIBLE	KB_CATEGORY_MENDELIAN
Blau_Syndrome	MONDO:0008523	ELIGIBLE	KB_CATEGORY_MENDELIAN
Bleeding_Disorder_Platelet-type_21	MONDO:0054577	ELIGIBLE	KB_CATEGORY_MENDELIAN
Blepharophimosis-Impaired_Intellectual_Development_Syndrome	MONDO:0859139	ELIGIBLE	KB_CATEGORY_MENDELIAN
Blepharophimosis_Intellectual_Disability_Syndrome_MKB_Type	MONDO:0010477	ELIGIBLE	KB_CATEGORY_MENDELIAN
Blepharophimosis_Ptosis_and_Epicanthus_Inversus_Syndrome	MONDO:0007201	ELIGIBLE	KB_CATEGORY_MENDELIAN
Bloom_Syndrome	MONDO:0008876	ELIGIBLE	KB_CATEGORY_MENDELIAN
Blue_Cone_Monochromacy	MONDO:0010563	ELIGIBLE	KB_CATEGORY_MENDELIAN
Bohring-Opitz_syndrome	MONDO:0011510	ELIGIBLE	KB_CATEGORY_MENDELIAN
Bone_Marrow_Failure_Syndrome_6	MONDO:0030015	ELIGIBLE	KB_CATEGORY_MENDELIAN
Borjeson-Forssman-Lehmann_syndrome	MONDO:0010537	ELIGIBLE	KB_CATEGORY_MENDELIAN
Bosch-Boonstra-Schaaf_Optic_Atrophy_Syndrome	MONDO:0014320	ELIGIBLE	KB_CATEGORY_MENDELIAN
Bosma_Arhinia_Microphthalmia_Syndrome	MONDO:0011323	ELIGIBLE	KB_CATEGORY_MENDELIAN
Boucher-Neuhauser_Syndrome	MONDO:0008980	ELIGIBLE	KB_CATEGORY_MENDELIAN
Brachydactyly_Type_A1	MONDO:0007215	ELIGIBLE	KB_CATEGORY_MENDELIAN
Brachydactyly_Type_A2	MONDO:0007216	ELIGIBLE	KB_CATEGORY_MENDELIAN
Brachydactyly_Type_B1	MONDO:0007220	ELIGIBLE	KB_CATEGORY_MENDELIAN
Brachydactyly_Type_B2	MONDO:0012658	ELIGIBLE	KB_CATEGORY_MENDELIAN
Brachydactyly_Type_C	MONDO:0007221	ELIGIBLE	KB_CATEGORY_MENDELIAN
Brachydactyly_Type_D	MONDO:0007222	ELIGIBLE	KB_CATEGORY_MENDELIAN
Brachydactyly_Type_E1	MONDO:0007223	ELIGIBLE	KB_CATEGORY_MENDELIAN
Brachyolmia-Amelogenesis_Imperfecta_Syndrome	MONDO:0011018	ELIGIBLE	KB_CATEGORY_MENDELIAN
Brachyolmia	MONDO:0015262	ELIGIBLE	KB_CATEGORY_MENDELIAN
Brachyphalangy_Polydactyly_Tibial_Aplasia_Syndrome	MONDO:0700354	ELIGIBLE	KB_CATEGORY_MENDELIAN
Brain_Abnormalities_Neurodegeneration_and_Dysosteosclerosis	MONDO:0032772	ELIGIBLE	KB_CATEGORY_MENDELIAN
Brain_Small_Vessel_Disease_1_With_Or_Without_Ocular_Anomalies	MONDO:0008289	ELIGIBLE	KB_CATEGORY_MENDELIAN
Brittle_Cornea_Syndrome	MONDO:0009242	ELIGIBLE	KB_CATEGORY_MENDELIAN
Brody_Myopathy	MONDO:0010977	ELIGIBLE	KB_CATEGORY_MENDELIAN
Bronchiectasis_And_Nasal_Polyposis	MONDO:0975835	ELIGIBLE	KB_CATEGORY_MENDELIAN
Brown-Vialetto-Van_Laere_Syndrome	MONDO:0008891	ELIGIBLE	KB_CATEGORY_MENDELIAN
Bryant-Li-Bhoj_Neurodevelopmental_Syndrome_1	MONDO:0030606	ELIGIBLE	KB_CATEGORY_MENDELIAN
Bryant-Li-Bhoj_Neurodevelopmental_Syndrome_2	MONDO:0030607	ELIGIBLE	KB_CATEGORY_MENDELIAN
Burn-McKeown_Syndrome	MONDO:0012064	ELIGIBLE	KB_CATEGORY_MENDELIAN
CACNA1A_Related_Disorder	MONDO:0100254	ELIGIBLE	KB_CATEGORY_MENDELIAN
CACNA1E-Related_Developmental_and_Epileptic_Encephalopathy	MONDO:0032657	ELIGIBLE	KB_CATEGORY_MENDELIAN
CACNA1F-Related_Retinopathy	MONDO:0700243	ELIGIBLE	KB_CATEGORY_MENDELIAN
CADASIL_Type_1	MONDO:0000914	ELIGIBLE	KB_CATEGORY_MENDELIAN
CAGSSS_Syndrome	MONDO:0014455	ELIGIBLE	KB_CATEGORY_MENDELIAN
CALFAN_Syndrome	MONDO:0014744	ELIGIBLE	KB_CATEGORY_MENDELIAN
CANVAS	MONDO:0044720	ELIGIBLE	KB_CATEGORY_MENDELIAN
CAPN5-Related_Vitreoretinopathy	MONDO:0100450	ELIGIBLE	KB_CATEGORY_MENDELIAN
CAPOS_Syndrome	MONDO:0011038	ELIGIBLE	KB_CATEGORY_MENDELIAN
CAPRIN1_Related_Neurodevelopmental_Disorder	MONDO:0968945	ELIGIBLE	KB_CATEGORY_MENDELIAN
CATSHL_Syndrome	MONDO:0012504	ELIGIBLE	KB_CATEGORY_MENDELIAN
CBL-related_Disorder	MONDO:0013308	ELIGIBLE	KB_CATEGORY_MENDELIAN
CCDC115-CDG	MONDO:0014789	ELIGIBLE	KB_CATEGORY_MENDELIAN
CCN2-Related_Kyphomelic_Dysplasia		NO_MONDO_GROUNDING	KB_CATEGORY_MENDELIAN
CD16_Deficiency	MONDO:0014313	ELIGIBLE	KB_CATEGORY_MENDELIAN
CD27-related_lymphoproliferative_and_immune_disorder	MONDO:0014054	ELIGIBLE	KB_CATEGORY_MENDELIAN
CDH1-Related_Hereditary_Diffuse_Gastric_Cancer	MONDO:0100488	ELIGIBLE	KB_CATEGORY_MENDELIAN
CDH2-Related_ACOG_Syndrome	MONDO:0030065	ELIGIBLE	KB_CATEGORY_MENDELIAN
CDK19-Related_Disorder	MONDO:0030059	ELIGIBLE	KB_CATEGORY_MENDELIAN
CDK8-Related_Disorder	MONDO:0032897	ELIGIBLE	KB_CATEGORY_MENDELIAN
CDKL5_Deficiency_Disorder	MONDO:0100039	ELIGIBLE	KB_CATEGORY_MENDELIAN
CERKL-Related_Retinopathy	MONDO:0800401	ELIGIBLE	KB_CATEGORY_MENDELIAN
CFAP418-related_Retinal_Ciliopathy	MONDO:0700374	ELIGIBLE	KB_CATEGORY_MENDELIAN
CHARGE_Syndrome	MONDO:0008965	ELIGIBLE	KB_CATEGORY_MENDELIAN
CHD2-Related_Developmental_and_Epileptic_Encephalopathy	MONDO:0014150	ELIGIBLE	KB_CATEGORY_MENDELIAN
CHD8-Related_Neurodevelopmental_Disorder_with_Overgrowth	MONDO:0014017	ELIGIBLE	KB_CATEGORY_MENDELIAN
CHEK2-related_Cancer_Predisposition	MONDO:0700271	ELIGIBLE	KB_CATEGORY_MENDELIAN
CHILD_Syndrome	MONDO:0010621	ELIGIBLE	KB_CATEGORY_MENDELIAN
CHOPS_Syndrome	MONDO:0014609	ELIGIBLE	KB_CATEGORY_MENDELIAN
CHRNA1-associated_Fetal_Hypo-akinesia_Disorder_of_Prenatal_Onset	MONDO:0009668	ELIGIBLE	KB_CATEGORY_MENDELIAN
CHST3-Related_Skeletal_Dysplasia	MONDO:0007738	ELIGIBLE	KB_CATEGORY_MENDELIAN
CINCA_Syndrome	MONDO:0011776	ELIGIBLE	KB_CATEGORY_MENDELIAN
CLCN2-Related_Leukoencephalopathy	MONDO:0014292	ELIGIBLE	KB_CATEGORY_MENDELIAN
CN_Related_DEE	MONDO:0020630	ELIGIBLE	KB_CATEGORY_MENDELIAN
COA3-Related_COX_Deficiency	MONDO:0033649	ELIGIBLE	KB_CATEGORY_MENDELIAN
COA8-Related_COX_Deficiency	MONDO:0033652	ELIGIBLE	KB_CATEGORY_MENDELIAN
COG1-congenital_disorder_of_glycosylation	MONDO:0012637	ELIGIBLE	KB_CATEGORY_MENDELIAN
COG4-Congenital_Disorder_of_Glycosylation	MONDO:0013281	ELIGIBLE	KB_CATEGORY_MENDELIAN
COG7-Congenital_Disorder_of_Glycosylation	MONDO:0012118	ELIGIBLE	KB_CATEGORY_MENDELIAN
COL11A2_Hearing_Loss	MONDO:0011159	ELIGIBLE	KB_CATEGORY_MENDELIAN
COL11A2_Skeletal_Spectrum	MONDO:0008490	ELIGIBLE	KB_CATEGORY_MENDELIAN
COPA_Syndrome	MONDO:0014629	ELIGIBLE	KB_CATEGORY_MENDELIAN
COQ4-Related_Neonatal_Encephalomyopathy	MONDO:0014562	ELIGIBLE	KB_CATEGORY_MENDELIAN
COX10-Related_COX_Deficiency	MONDO:0033635	ELIGIBLE	KB_CATEGORY_MENDELIAN
COX11-Related_COX_Deficiency	MONDO:0859520	ELIGIBLE	KB_CATEGORY_MENDELIAN
COX14-Related_COX_Deficiency	MONDO:0033639	ELIGIBLE	KB_CATEGORY_MENDELIAN
COX15-Related_COX_Deficiency	MONDO:0014051	ELIGIBLE	KB_CATEGORY_MENDELIAN
COX16-Related_COX_Deficiency	MONDO:0859160	ELIGIBLE	KB_CATEGORY_MENDELIAN
COX18-Related_COX_Deficiency	MONDO:0980970	ELIGIBLE	KB_CATEGORY_MENDELIAN
COX20-Related_COX_Deficiency	MONDO:0033645	ELIGIBLE	KB_CATEGORY_MENDELIAN
COX4I1-Related_COX_Deficiency	MONDO:0033651	ELIGIBLE	KB_CATEGORY_MENDELIAN
COX4I2-Related_Pancreatic_Insufficiency-Anemia-Hyperostosis_Syndrome	MONDO:0012992	ELIGIBLE	KB_CATEGORY_MENDELIAN
COX5A-Related_COX_Deficiency	MONDO:0033655	ELIGIBLE	KB_CATEGORY_MENDELIAN
COX6A2-Related_COX_Deficiency	MONDO:0033653	ELIGIBLE	KB_CATEGORY_MENDELIAN
COX6B1-Related_COX_Deficiency	MONDO:0033637	ELIGIBLE	KB_CATEGORY_MENDELIAN
COX8A-Related_COX_Deficiency	MONDO:0033650	ELIGIBLE	KB_CATEGORY_MENDELIAN
COXFA4-Related_COX_Deficiency	MONDO:0033656	ELIGIBLE	KB_CATEGORY_MENDELIAN
CPLX1-Related_DEE	MONDO:0033372	ELIGIBLE	KB_CATEGORY_MENDELIAN
CPT1C-Related_Hereditary_Spastic_Paraplegia	MONDO:0014568	ELIGIBLE	KB_CATEGORY_MENDELIAN
CRADD-Related_Thin_Lissencephaly	MONDO:0013785	ELIGIBLE	KB_CATEGORY_MENDELIAN
CRB1_Retinal_Dystrophies	MONDO:0013453	ELIGIBLE	KB_CATEGORY_MENDELIAN
CRX_Related_Retinopathy	MONDO:1040064	ELIGIBLE	KB_CATEGORY_MENDELIAN
CTCF-related_Neurodevelopmental_Disorder	MONDO:0014213	ELIGIBLE	KB_CATEGORY_MENDELIAN
CTLA4_Haploinsufficiency	MONDO:0014493	ELIGIBLE	KB_CATEGORY_MENDELIAN
CTNNB1_Neurodevelopmental_Disorder	MONDO:0014035	ELIGIBLE	KB_CATEGORY_MENDELIAN
CYCS-Related_Thrombocytopenia	MONDO:0012775	ELIGIBLE	KB_CATEGORY_MENDELIAN
CYFIP2-Related_Developmental_and_Epileptic_Encephalopathy	MONDO:0033374	ELIGIBLE	KB_CATEGORY_MENDELIAN
Calvarial_Doughnut_Lesions-bone_Fragility_Syndrome	MONDO:0007470	ELIGIBLE	KB_CATEGORY_MENDELIAN
Campomelic_Dysplasia	MONDO:0007251	ELIGIBLE	KB_CATEGORY_MENDELIAN
Camurati-Engelmann_Disease	MONDO:0007542	ELIGIBLE	KB_CATEGORY_MENDELIAN
Canavan_Disease	MONDO:0010079	ELIGIBLE	KB_CATEGORY_MENDELIAN
Capillary_Malformation-Arteriovenous_Malformation_Syndrome	MONDO:0012016	ELIGIBLE	KB_CATEGORY_MENDELIAN
Carbamoyl_Phosphate_Synthetase_I_Deficiency	MONDO:0009376	ELIGIBLE	KB_CATEGORY_MENDELIAN
Carbonic_Anhydrase_VA_Deficiency	MONDO:0014332	ELIGIBLE	KB_CATEGORY_MENDELIAN
Cardiac_Facial_And_Digital_Anomalies_With_Developmental_Delay	MONDO:0032572	ELIGIBLE	KB_CATEGORY_MENDELIAN
Cardiac_Valvular_Ehlers-Danlos_Syndrome	MONDO:0009159	ELIGIBLE	KB_CATEGORY_MENDELIAN
Cardiofaciocutaneous_Syndrome	MONDO:0015280	ELIGIBLE	KB_CATEGORY_MENDELIAN
Cardiofacioneurodevelopmental_Syndrome	MONDO:0030873	ELIGIBLE	KB_CATEGORY_MENDELIAN
Cardiomyopathy-Hypotonia-Lactic_Acidosis_Syndrome	MONDO:0012557	ELIGIBLE	KB_CATEGORY_MENDELIAN
Cardiomyopathy_Dilated_2H	MONDO:0859358	ELIGIBLE	KB_CATEGORY_MENDELIAN
Cardiospondylocarpofacial_Syndrome	MONDO:0008005	ELIGIBLE	KB_CATEGORY_MENDELIAN
Carney_Complex	MONDO:0015285	ELIGIBLE	KB_CATEGORY_MENDELIAN
Carnitine-Acylcarnitine_Translocase_Deficiency	MONDO:0008918	ELIGIBLE	KB_CATEGORY_MENDELIAN
Carnitine_Palmitoyltransferase_1A_Deficiency	MONDO:0009705	ELIGIBLE	KB_CATEGORY_MENDELIAN
Carnitine_Palmitoyltransferase_II_Deficiency	MONDO:0015515	ELIGIBLE	KB_CATEGORY_MENDELIAN
Caroli_Disease	MONDO:0010913	ELIGIBLE	KB_CATEGORY_MENDELIAN
Cartilage-Hair_Hypoplasia	MONDO:0009595	ELIGIBLE	KB_CATEGORY_MENDELIAN
Central_Areolar_Choroidal_Dystrophy	MONDO:0008982	ELIGIBLE	KB_CATEGORY_MENDELIAN
Central_Congenital_Hypothyroidism	MONDO:0016410	ELIGIBLE	KB_CATEGORY_MENDELIAN
Central_Core_Myopathy	MONDO:0007294	ELIGIBLE	KB_CATEGORY_MENDELIAN
Centronuclear_Myopathy	MONDO:0018947	ELIGIBLE	KB_CATEGORY_MENDELIAN
Cerebellar_Ataxia-Hypogonadism_Syndrome	MONDO:0008935	ELIGIBLE	KB_CATEGORY_MENDELIAN
Cerebellar_Ataxia_Intellectual_Disability_and_Dysequilibrium	MONDO:0009133	ELIGIBLE	KB_CATEGORY_MENDELIAN
Cerebral_Cavernous_Malformation	MONDO:0000820	ELIGIBLE	KB_CATEGORY_MENDELIAN
Cerebrocostomandibular_Syndrome	MONDO:0007301	ELIGIBLE	KB_CATEGORY_MENDELIAN
Cerebrotendinous_Xanthomatosis	MONDO:0008948	ELIGIBLE	KB_CATEGORY_MENDELIAN
Cernunnos-XLF_deficiency	MONDO:0012650	ELIGIBLE	KB_CATEGORY_MENDELIAN
Charcot-Marie-Tooth_Disease	MONDO:0015626	ELIGIBLE	KB_CATEGORY_MENDELIAN
Charcot-Marie-Tooth_Disease_Axonal_Type_2C	MONDO:0011633	ELIGIBLE	KB_CATEGORY_MENDELIAN
Charcot-Marie-Tooth_Disease_Axonal_Type_2JJ	MONDO:0976227	ELIGIBLE	KB_CATEGORY_MENDELIAN
Charcot-Marie-Tooth_Disease_Axonal_Type_2P	MONDO:0013753	ELIGIBLE	KB_CATEGORY_MENDELIAN
Charcot-Marie-Tooth_Disease_Axonal_Type_2T	MONDO:0044640	ELIGIBLE	KB_CATEGORY_MENDELIAN
Charcot-Marie-Tooth_Disease_Dominant_Intermediate_B	MONDO:0011674	ELIGIBLE	KB_CATEGORY_MENDELIAN
Charcot-Marie-Tooth_Disease_Dominant_Intermediate_E	MONDO:0013758	ELIGIBLE	KB_CATEGORY_MENDELIAN
Charcot-Marie-Tooth_Disease_Dominant_Intermediate_G	MONDO:0036484	ELIGIBLE	KB_CATEGORY_MENDELIAN
Charcot-Marie-Tooth_Disease_Recessive_Intermediate_D	MONDO:0014467	ELIGIBLE	KB_CATEGORY_MENDELIAN
Charcot-Marie-Tooth_Disease_Type_1	MONDO:0019011	ELIGIBLE	KB_CATEGORY_MENDELIAN
Charcot-Marie-Tooth_Disease_Type_4	MONDO:0018995	ELIGIBLE	KB_CATEGORY_MENDELIAN
Charcot-Marie-Tooth_Disease_Type_4B3	MONDO:0014117	ELIGIBLE	KB_CATEGORY_MENDELIAN
Charcot-Marie-Tooth_Disease_Type_4D	MONDO:0011085	ELIGIBLE	KB_CATEGORY_MENDELIAN
Charcot-Marie-Tooth_Disease_Type_4K	MONDO:0014733	ELIGIBLE	KB_CATEGORY_MENDELIAN
Charcot-Marie-Tooth_Disease_Type_X	MONDO:0018994	ELIGIBLE	KB_CATEGORY_MENDELIAN
Charlevoix-Saguenay_spastic_ataxia	MONDO:0010041	ELIGIBLE	KB_CATEGORY_MENDELIAN
Chediak-Higashi_Syndrome	MONDO:0008963	ELIGIBLE	KB_CATEGORY_MENDELIAN
Cherubism	MONDO:0007315	ELIGIBLE	KB_CATEGORY_MENDELIAN
Cholesteryl_Ester_Storage_Disease	MONDO:0019149	ELIGIBLE	KB_CATEGORY_MENDELIAN
Chondrodysplasia_Blomstrand_Type	MONDO:0008970	ELIGIBLE	KB_CATEGORY_MENDELIAN
Chondrodysplasia_Punctata_Tibial-metacarpal_Type	MONDO:0007322	ELIGIBLE	KB_CATEGORY_MENDELIAN
Chondrodysplasia_With_Joint_Dislocations_gPAPP_Type	MONDO:0013561	ELIGIBLE	KB_CATEGORY_MENDELIAN
Chorea-acanthocytosis	MONDO:0008695	ELIGIBLE	KB_CATEGORY_MENDELIAN
Choroideremia	MONDO:0010557	ELIGIBLE	KB_CATEGORY_MENDELIAN
Chromosome_17q12_Deletion_Syndrome	MONDO:0013797	ELIGIBLE	KB_CATEGORY_MENDELIAN
Chromosome_18p_Deletion_Syndrome	MONDO:0007800	ELIGIBLE	KB_CATEGORY_MENDELIAN
Chromosome_2q32-q33_Deletion_Syndrome	MONDO:0012864	ELIGIBLE	KB_CATEGORY_MENDELIAN
Chronic_Granulomatous_Disease	MONDO:0018305	ELIGIBLE	KB_CATEGORY_MENDELIAN
Chronic_Mucocutaneous_Candidiasis	MONDO:0015279	ELIGIBLE	KB_CATEGORY_MENDELIAN
Chronic_Neurovisceral_Acid_Sphingomyelinase_Deficiency	MONDO:0850058	ELIGIBLE	KB_CATEGORY_MENDELIAN
Chung-Jansen_Syndrome	MONDO:0035133	ELIGIBLE	KB_CATEGORY_MENDELIAN
Chuvash_Polycythemia	MONDO:0009892	ELIGIBLE	KB_CATEGORY_MENDELIAN
Citrin_Deficiency	MONDO:0016602	ELIGIBLE	KB_CATEGORY_MENDELIAN
Citrullinemia_Type_I	MONDO:0008988	ELIGIBLE	KB_CATEGORY_MENDELIAN
Classic_Familial_Adenomatous_Polyposis	MONDO:0021055	ELIGIBLE	KB_CATEGORY_MENDELIAN
Cleidocranial_Dysplasia	MONDO:0007340	ELIGIBLE	KB_CATEGORY_MENDELIAN
Clouston_Syndrome	MONDO:0007510	ELIGIBLE	KB_CATEGORY_MENDELIAN
Coffin-Lowry_Syndrome	MONDO:0010561	ELIGIBLE	KB_CATEGORY_MENDELIAN
Coffin_Siris_Syndrome	MONDO:0015452	ELIGIBLE	KB_CATEGORY_MENDELIAN
Cole-Carpenter_Syndrome	MONDO:0016085	ELIGIBLE	KB_CATEGORY_MENDELIAN
Colobomatous_Microphthalmia-Rhizomelic_Dysplasia_Syndrome	MONDO:0014380	ELIGIBLE	KB_CATEGORY_MENDELIAN
Combined_Immunodeficiency_Due_To_CD3gamma_Deficiency	MONDO:0014276	ELIGIBLE	KB_CATEGORY_MENDELIAN
Combined_Immunodeficiency_Due_To_CTPS1_Deficiency	MONDO:0014391	ELIGIBLE	KB_CATEGORY_MENDELIAN
Combined_Immunodeficiency_Due_To_GINS1_Deficiency	MONDO:0044725	ELIGIBLE	KB_CATEGORY_MENDELIAN
Combined_Malonic_and_Methylmalonic_Aciduria	MONDO:0013661	ELIGIBLE	KB_CATEGORY_MENDELIAN
Combined_Oxidative_Phosphorylation_Defect_Type_13	MONDO:0013977	ELIGIBLE	KB_CATEGORY_MENDELIAN
Combined_Oxidative_Phosphorylation_Defect_Type_21	MONDO:0014398	ELIGIBLE	KB_CATEGORY_MENDELIAN
Combined_Oxidative_Phosphorylation_Defect_Type_26	MONDO:0014684	ELIGIBLE	KB_CATEGORY_MENDELIAN
Combined_Oxidative_Phosphorylation_Defect_Type_30	MONDO:0014856	ELIGIBLE	KB_CATEGORY_MENDELIAN
Combined_Oxidative_Phosphorylation_Defect_Type_4	MONDO:0012534	ELIGIBLE	KB_CATEGORY_MENDELIAN
Combined_Oxidative_Phosphorylation_Defect_Type_7	MONDO:0013306	ELIGIBLE	KB_CATEGORY_MENDELIAN
Combined_Oxidative_Phosphorylation_Deficiency_42	MONDO:0030008	ELIGIBLE	KB_CATEGORY_MENDELIAN
Combined_Oxidative_Phosphorylation_Deficiency_51	MONDO:0033631	ELIGIBLE	KB_CATEGORY_MENDELIAN
Combined_Pituitary_Hormone_Deficiencies_Genetic_Form	MONDO:0018762	ELIGIBLE	KB_CATEGORY_MENDELIAN
Combined_Saposin_Deficiency	MONDO:0012719	ELIGIBLE	KB_CATEGORY_MENDELIAN
Complement_Component_2_Deficiency	MONDO:0009006	ELIGIBLE	KB_CATEGORY_MENDELIAN
Complex_Hereditary_Spastic_Paraplegia	MONDO:0015150	ELIGIBLE	KB_CATEGORY_MENDELIAN
Cone-rod_Dystrophy_And_Hearing_Loss_2	MONDO:0020780	ELIGIBLE	KB_CATEGORY_MENDELIAN
Congenital_Adrenal_Hyperplasia	MONDO:0018479	ELIGIBLE	KB_CATEGORY_MENDELIAN
Congenital_Bilateral_Absence_of_Vas_Deferens	MONDO:0018801	ELIGIBLE	KB_CATEGORY_MENDELIAN
Congenital_Chloride_Diarrhea	MONDO:0008964	ELIGIBLE	KB_CATEGORY_MENDELIAN
Congenital_Disorder_Of_Glycosylation_Type_ICC	MONDO:0026729	ELIGIBLE	KB_CATEGORY_MENDELIAN
Congenital_Disorder_of_Glycosylation_Type_IIw	MONDO:0030437	ELIGIBLE	KB_CATEGORY_MENDELIAN
Congenital_Dyserythropoietic_Anemia	MONDO:0019403	ELIGIBLE	KB_CATEGORY_MENDELIAN
Congenital_Fibrosis_of_the_Extraocular_Muscles	MONDO:0007614	ELIGIBLE	KB_CATEGORY_MENDELIAN
Congenital_Glaucoma	MONDO:0020366	ELIGIBLE	KB_CATEGORY_MENDELIAN
Congenital_Heart_Defects_Multiple_Types_2	MONDO:0014000	ELIGIBLE	KB_CATEGORY_MENDELIAN
Congenital_Heart_Defects_and_Skeletal_Malformations_Syndrome	MONDO:0060532	ELIGIBLE	KB_CATEGORY_MENDELIAN
Congenital_Hypomyelinating_Neuropathy	MONDO:0033352	ELIGIBLE	KB_CATEGORY_MENDELIAN
Congenital_Insensitivity_to_Pain	MONDO:0015364	ELIGIBLE	KB_CATEGORY_MENDELIAN
Congenital_Lactase_Deficiency	MONDO:0009115	ELIGIBLE	KB_CATEGORY_MENDELIAN
Congenital_Myasthenic_Syndrome	MONDO:0018940	ELIGIBLE	KB_CATEGORY_MENDELIAN
Congenital_Myasthenic_Syndrome_15	MONDO:0014542	ELIGIBLE	KB_CATEGORY_MENDELIAN
Congenital_Myasthenic_Syndrome_6	MONDO:0009689	ELIGIBLE	KB_CATEGORY_MENDELIAN
Congenital_Sialidosis_Type_2	MONDO:0019682	ELIGIBLE	KB_CATEGORY_MENDELIAN
Congenital_Sodium_Diarrhea	MONDO:0015170	ELIGIBLE	KB_CATEGORY_MENDELIAN
Congenital_Stationary_Night_Blindness	MONDO:0016293	ELIGIBLE	KB_CATEGORY_MENDELIAN
Congenital_Sucrase-Isomaltase_Deficiency	MONDO:0009114	ELIGIBLE	KB_CATEGORY_MENDELIAN
Congenital_Thrombotic_Thrombocytopenic_Purpura	MONDO:0010122	ELIGIBLE	KB_CATEGORY_MENDELIAN
Congenital_Tufting_Enteropathy	MONDO:0013184	ELIGIBLE	KB_CATEGORY_MENDELIAN
Congenital_Vertebral-Cardiac-Renal_Anomalies_Syndrome	MONDO:0020831	ELIGIBLE	KB_CATEGORY_MENDELIAN
Cooks_Syndrome	MONDO:0007134	ELIGIBLE	KB_CATEGORY_MENDELIAN
Cori_Forbes_Disease	MONDO:0009291	ELIGIBLE	KB_CATEGORY_MENDELIAN
Corneal_Dystrophy	MONDO:0018102	ELIGIBLE	KB_CATEGORY_MENDELIAN
Cornelia_de_Lange_Syndrome_4	MONDO:0013864	ELIGIBLE	KB_CATEGORY_MENDELIAN
Cornelia_de_Lange_Syndrome_5	MONDO:0010471	ELIGIBLE	KB_CATEGORY_MENDELIAN
Corpus_Callosum_Agenesis-Intellectual_Disability-Coloboma-Micrognathia_Syndrome	MONDO:0010333	ELIGIBLE	KB_CATEGORY_MENDELIAN
Cortisone_Reductase_Deficiency	MONDO:0000193	ELIGIBLE	KB_CATEGORY_MENDELIAN
Costello_Syndrome	MONDO:0009026	ELIGIBLE	KB_CATEGORY_MENDELIAN
Cowden_Syndrome	MONDO:0016063	ELIGIBLE	KB_CATEGORY_MENDELIAN
Cranioectodermal_Dysplasia	MONDO:0009032	ELIGIBLE	KB_CATEGORY_MENDELIAN
Craniofacial-Deafness-Hand_Syndrome	MONDO:0007395	ELIGIBLE	KB_CATEGORY_MENDELIAN
Craniometaphyseal_Dysplasia	MONDO:0015465	ELIGIBLE	KB_CATEGORY_MENDELIAN
Creatine_Transporter_Deficiency	MONDO:0010305	ELIGIBLE	KB_CATEGORY_MENDELIAN
Crigler-Najjar_Syndrome	MONDO:0009044	ELIGIBLE	KB_CATEGORY_MENDELIAN
Crouzon_Syndrome	MONDO:0007405	ELIGIBLE	KB_CATEGORY_MENDELIAN
Crouzon_Syndrome_with_Acanthosis_Nigricans	MONDO:0012833	ELIGIBLE	KB_CATEGORY_MENDELIAN
Cyanosis_Transient_Neonatal	MONDO:0013511	ELIGIBLE	KB_CATEGORY_MENDELIAN
Cystinosis	MONDO:0016239	ELIGIBLE	KB_CATEGORY_MENDELIAN
Cystinuria	MONDO:0009067	ELIGIBLE	KB_CATEGORY_MENDELIAN
Czech_Dysplasia	MONDO:0012206	ELIGIBLE	KB_CATEGORY_MENDELIAN
D-2-Hydroxyglutaric_Aciduria	MONDO:0010924	ELIGIBLE	KB_CATEGORY_MENDELIAN
DECR_Deficiency	MONDO:0014464	ELIGIBLE	KB_CATEGORY_MENDELIAN
DEF6_Deficiency	MONDO:0030457	ELIGIBLE	KB_CATEGORY_MENDELIAN
DENND5A-Related_Developmental_and_Epileptic_Encephalopathy	MONDO:0015002	ELIGIBLE	KB_CATEGORY_MENDELIAN
DEPDC5-Related_Epilepsy	MONDO:0005384	ELIGIBLE	KB_CATEGORY_MENDELIAN
DGAT1_Deficiency	MONDO:0014375	ELIGIBLE	KB_CATEGORY_MENDELIAN
DHRSX-Congenital_Disorder_of_Glycosylation	MONDO:0975846	ELIGIBLE	KB_CATEGORY_MENDELIAN
DICER1_Tumor_Predisposition_Syndrome	MONDO:0100216	ELIGIBLE	KB_CATEGORY_MENDELIAN
DK1-congenital_disorder_of_glycosylation	MONDO:0012556	ELIGIBLE	KB_CATEGORY_MENDELIAN
DLG4-Related_Synaptopathy	MONDO:0032919	ELIGIBLE	KB_CATEGORY_MENDELIAN
DNM1_Encephalopathy	MONDO:0014598	ELIGIBLE	KB_CATEGORY_MENDELIAN
DONSON-Related_Microcephalic_Primordial_Dwarfism	MONDO:0035534	ELIGIBLE	KB_CATEGORY_MENDELIAN
DOORS_Syndrome	MONDO:0009079	ELIGIBLE	KB_CATEGORY_MENDELIAN
DPM2-congenital_disorder_of_glycosylation	MONDO:0014023	ELIGIBLE	KB_CATEGORY_MENDELIAN
DTYMK-Related_Neurodegeneration	MONDO:0859241	ELIGIBLE	KB_CATEGORY_MENDELIAN
DYRK1A_Syndrome	MONDO:0013578	ELIGIBLE	KB_CATEGORY_MENDELIAN
Dacryocystitis-Osteopoikilosis_Syndrome	MONDO:0008158	ELIGIBLE	KB_CATEGORY_MENDELIAN
Danon_disease	MONDO:0010281	ELIGIBLE	KB_CATEGORY_MENDELIAN
DeSanto-Shinawi_Syndrome	MONDO:0018760	ELIGIBLE	KB_CATEGORY_MENDELIAN
Deafness-Lymphedema-Leukemia_Syndrome	MONDO:0013540	ELIGIBLE	KB_CATEGORY_MENDELIAN
Deafness_Congenital_Heart_Defects_And_Posterior_Embryotoxon	MONDO:0060713	ELIGIBLE	KB_CATEGORY_MENDELIAN
Deeah_Syndrome	MONDO:0033561	ELIGIBLE	KB_CATEGORY_MENDELIAN
Deficiency_of_Adenosine_Deaminase_2	MONDO:0014306	ELIGIBLE	KB_CATEGORY_MENDELIAN
Delpire-McNeill_Syndrome	MONDO:0033667	ELIGIBLE	KB_CATEGORY_MENDELIAN
Dentatorubral-Pallidoluysian_Atrophy	MONDO:0007435	ELIGIBLE	KB_CATEGORY_MENDELIAN
Dentici-Novelli_neurodevelopmental_syndrome	MONDO:0859251	ELIGIBLE	KB_CATEGORY_MENDELIAN
Denys-Drash_Syndrome	MONDO:0008682	ELIGIBLE	KB_CATEGORY_MENDELIAN
Dermatosparaxis_Ehlers-Danlos_Syndrome	MONDO:0009161	ELIGIBLE	KB_CATEGORY_MENDELIAN
Developmental_And_Epileptic_Encephalopathy_116	MONDO:0970945	ELIGIBLE	KB_CATEGORY_MENDELIAN
Developmental_And_Epileptic_Encephalopathy_14	MONDO:0013989	ELIGIBLE	KB_CATEGORY_MENDELIAN
Developmental_And_Epileptic_Encephalopathy_19	MONDO:0014328	ELIGIBLE	KB_CATEGORY_MENDELIAN
Developmental_And_Epileptic_Encephalopathy_38	MONDO:0014868	ELIGIBLE	KB_CATEGORY_MENDELIAN
Developmental_And_Epileptic_Encephalopathy_46	MONDO:0014947	ELIGIBLE	KB_CATEGORY_MENDELIAN
Developmental_And_Epileptic_Encephalopathy_50	MONDO:0014647	ELIGIBLE	KB_CATEGORY_MENDELIAN
Developmental_And_Epileptic_Encephalopathy_80	MONDO:0032822	ELIGIBLE	KB_CATEGORY_MENDELIAN
Developmental_And_Epileptic_Encephalopathy_81	MONDO:0032858	ELIGIBLE	KB_CATEGORY_MENDELIAN
Developmental_And_Epileptic_Encephalopathy_89	MONDO:0030856	ELIGIBLE	KB_CATEGORY_MENDELIAN
Developmental_Delay_Hypotonia_Musculoskeletal_Defects_And_Behavioral_Abnormalities	MONDO:0859202	ELIGIBLE	KB_CATEGORY_MENDELIAN
Developmental_and_Epileptic_Encephalopathy_55	MONDO:0033364	ELIGIBLE	KB_CATEGORY_MENDELIAN
Diabetes_Deafness_Developmental_Delay_and_Short_Stature_Syndrome	MONDO:0957997	ELIGIBLE	KB_CATEGORY_MENDELIAN
Diamond-Blackfan_Anemia	MONDO:0015253	ELIGIBLE	KB_CATEGORY_MENDELIAN
Diaphyseal_Medullary_Stenosis_With_Malignant_Fibrous_Histiocytoma	MONDO:0007205	ELIGIBLE	KB_CATEGORY_MENDELIAN
Diastrophic_Dysplasia	MONDO:0009107	ELIGIBLE	KB_CATEGORY_MENDELIAN
Diffuse_Nonepidermolytic_Palmoplantar_Keratoderma	MONDO:0010962	ELIGIBLE	KB_CATEGORY_MENDELIAN
Dihydropyrimidine_Dehydrogenase_Deficiency	MONDO:0010130	ELIGIBLE	KB_CATEGORY_MENDELIAN
Dilated_Cardiomyopathy_1EE	MONDO:0013198	ELIGIBLE	KB_CATEGORY_MENDELIAN
Dilated_Cardiomyopathy_1GG	MONDO:0013339	ELIGIBLE	KB_CATEGORY_MENDELIAN
Dilated_Cardiomyopathy_1JJ	MONDO:0014095	ELIGIBLE	KB_CATEGORY_MENDELIAN
Dilated_Cardiomyopathy_1O	MONDO:0012062	ELIGIBLE	KB_CATEGORY_MENDELIAN
Dilated_Cardiomyopathy_1R	MONDO:0013261	ELIGIBLE	KB_CATEGORY_MENDELIAN
Dilated_Cardiomyopathy_1U	MONDO:0013371	ELIGIBLE	KB_CATEGORY_MENDELIAN
Dilated_Cardiomyopathy_1X	MONDO:0012704	ELIGIBLE	KB_CATEGORY_MENDELIAN
Dilated_Cardiomyopathy_1Y	MONDO:0012744	ELIGIBLE	KB_CATEGORY_MENDELIAN
Dimethylglycine_Dehydrogenase_Deficiency	MONDO:0011610	ELIGIBLE	KB_CATEGORY_MENDELIAN
Distal_Hereditary_Motor_Neuronopathy_Type_2A	MONDO:0008025	ELIGIBLE	KB_CATEGORY_MENDELIAN
Distal_Hereditary_Motor_Neuronopathy_Type_5B	MONDO:0013884	ELIGIBLE	KB_CATEGORY_MENDELIAN
Distal_Myopathy_6_Adult-Onset_Autosomal_Dominant	MONDO:0032853	ELIGIBLE	KB_CATEGORY_MENDELIAN
Dominant_Deafness-Onychodystrophy_Syndrome	MONDO:0007420	ELIGIBLE	KB_CATEGORY_MENDELIAN
Donnai-Barrow_syndrome	MONDO:0009104	ELIGIBLE	KB_CATEGORY_MENDELIAN
Dorfman_Chanarin_Disease	MONDO:0010155	ELIGIBLE	KB_CATEGORY_MENDELIAN
Dowling-Degos_Disease	MONDO:0008371	ELIGIBLE	KB_CATEGORY_MENDELIAN
Du_Pan_Syndrome	MONDO:0009231	ELIGIBLE	KB_CATEGORY_MENDELIAN
Duane_Radial_Ray_Syndrome	MONDO:0011812	ELIGIBLE	KB_CATEGORY_MENDELIAN
Duane_Retraction_Syndrome	MONDO:0007473	ELIGIBLE	KB_CATEGORY_MENDELIAN
Duane_Retraction_Syndrome_3_With_Or_Without_Deafness	MONDO:0014880	ELIGIBLE	KB_CATEGORY_MENDELIAN
Dubin-Johnson_Syndrome	MONDO:0009380	ELIGIBLE	KB_CATEGORY_MENDELIAN
Dyskeratosis_Congenita	MONDO:0015780	ELIGIBLE	KB_CATEGORY_MENDELIAN
Dysostosis_Multiplex_Ain-Naz_Type	MONDO:0859156	ELIGIBLE	KB_CATEGORY_MENDELIAN
Dystroglycanopathy	MONDO:0018276	ELIGIBLE	KB_CATEGORY_MENDELIAN
Dystrophic_Epidermolysis_Bullosa	MONDO:0006543	ELIGIBLE	KB_CATEGORY_MENDELIAN
ECHS1_Deficiency	MONDO:0014563	ELIGIBLE	KB_CATEGORY_MENDELIAN
EFL1-related_Shwachman-Diamond_syndrome	MONDO:0044205	ELIGIBLE	KB_CATEGORY_MENDELIAN
EML1_Ribbon_Heterotopia	MONDO:0020491	ELIGIBLE	KB_CATEGORY_MENDELIAN
EVEN-PLUS_Syndrome	MONDO:0014801	ELIGIBLE	KB_CATEGORY_MENDELIAN
EYS_Related_Retinitis_Pigmentosa	MONDO:0011272	ELIGIBLE	KB_CATEGORY_MENDELIAN
Ectodermal_Dysplasia_and_Immunodeficiency_2	MONDO:0012806	ELIGIBLE	KB_CATEGORY_MENDELIAN
Ellis-van_Creveld_Syndrome	MONDO:0009162	ELIGIBLE	KB_CATEGORY_MENDELIAN
Elsahy-Waters_Syndrome	MONDO:0008885	ELIGIBLE	KB_CATEGORY_MENDELIAN
Emery_Dreifuss_Muscular_Dystrophy	MONDO:0016830	ELIGIBLE	KB_CATEGORY_MENDELIAN
Enhanced_S-Cone_Syndrome	MONDO:0100288	ELIGIBLE	KB_CATEGORY_MENDELIAN
Epidermolysis_Bullosa	MONDO:0006541	ELIGIBLE	KB_CATEGORY_MENDELIAN
Epidermolysis_Bullosa_Simplex	MONDO:0017610	ELIGIBLE	KB_CATEGORY_MENDELIAN
Episodic_Ataxia	MONDO:0016227	ELIGIBLE	KB_CATEGORY_MENDELIAN
Erythrokeratodermia_Variabilis	MONDO:0017851	ELIGIBLE	KB_CATEGORY_MENDELIAN
Erythropoietic_Protoporphyria	MONDO:0001676	ELIGIBLE	KB_CATEGORY_MENDELIAN
Ethylmalonic_Encephalopathy	MONDO:0011229	ELIGIBLE	KB_CATEGORY_MENDELIAN
FADD-related_Immunodeficiency	MONDO:0013408	ELIGIBLE	KB_CATEGORY_MENDELIAN
FAM111A-Related_Skeletal_Dysplasia	MONDO:1060172	ELIGIBLE	KB_CATEGORY_MENDELIAN
FAS-related_Autoimmune_Lymphoproliferative_Syndrome	MONDO:1060194	ELIGIBLE	KB_CATEGORY_MENDELIAN
FASTKD5-Related_COX_Deficiency	MONDO:0980755	ELIGIBLE	KB_CATEGORY_MENDELIAN
FGF12-Related_Developmental_and_Epileptic_Encephalopathy	MONDO:0014949	ELIGIBLE	KB_CATEGORY_MENDELIAN
FGFR1_Hypogonadotropic_Hypogonadism	MONDO:0007844	ELIGIBLE	KB_CATEGORY_MENDELIAN
FGFR2-Related_Bent_Bone_Dysplasia	MONDO:0013815	ELIGIBLE	KB_CATEGORY_MENDELIAN
FG_Syndrome_1	MONDO:0010590	ELIGIBLE	KB_CATEGORY_MENDELIAN
FG_Syndrome_4	MONDO:0010318	ELIGIBLE	KB_CATEGORY_MENDELIAN
FILS_Syndrome	MONDO:0014058	ELIGIBLE	KB_CATEGORY_MENDELIAN
FLVCR1-Related_Retinopathy	MONDO:0100449	ELIGIBLE	KB_CATEGORY_MENDELIAN
FOLR1-Related_Cerebral_Folate_Transport_Deficiency	MONDO:0013110	ELIGIBLE	KB_CATEGORY_MENDELIAN
FOXE3_Anterior_Segment_Dysgenesis	MONDO:0019503	ELIGIBLE	KB_CATEGORY_MENDELIAN
FOXP1_Syndrome	MONDO:0013352	ELIGIBLE	KB_CATEGORY_MENDELIAN
Fabry_Disease	MONDO:0010526	ELIGIBLE	KB_CATEGORY_MENDELIAN
Familial_Chylomicronemia_Syndrome	MONDO:0018637	ELIGIBLE	KB_CATEGORY_MENDELIAN
Familial_Cold_Autoinflammatory_Syndrome	MONDO:0018768	ELIGIBLE	KB_CATEGORY_MENDELIAN
Familial_Congenital_Mirror_Movements	MONDO:0016558	ELIGIBLE	KB_CATEGORY_MENDELIAN
Familial_Defective_Apolipoprotein_B-100	MONDO:0007751	ELIGIBLE	KB_CATEGORY_MENDELIAN
Familial_Episodic_Pain_Syndrome_With_Predominantly_Lower_Limb_Involvement	MONDO:0014247	ELIGIBLE	KB_CATEGORY_MENDELIAN
Familial_Exudative_Vitreoretinopathy	MONDO:0019516	ELIGIBLE	KB_CATEGORY_MENDELIAN
Familial_Focal_Epilepsy_With_Variable_Foci	MONDO:0020310	ELIGIBLE	KB_CATEGORY_MENDELIAN
Familial_Glucocorticoid_Deficiency	MONDO:0008733	ELIGIBLE	KB_CATEGORY_MENDELIAN
Familial_Hemiplegic_Migraine	MONDO:0000700	ELIGIBLE	KB_CATEGORY_MENDELIAN
Familial_Hyperaldosteronism	MONDO:0016525	ELIGIBLE	KB_CATEGORY_MENDELIAN
Familial_Hyperaldosteronism_Type_I	MONDO:0007080	ELIGIBLE	KB_CATEGORY_MENDELIAN
Familial_Hypercholesterolemia	MONDO:0005439	ELIGIBLE	KB_CATEGORY_MENDELIAN
Familial_Hypocalciuric_Hypercalcemia_1	MONDO:0007791	ELIGIBLE	KB_CATEGORY_MENDELIAN
Familial_Isolated_Vitamin_E_Deficiency	MONDO:0010188	ELIGIBLE	KB_CATEGORY_MENDELIAN
Familial_Mediterranean_Fever	MONDO:0018088	ELIGIBLE	KB_CATEGORY_MENDELIAN
Familial_Partial_Lipodystrophy	MONDO:0020088	ELIGIBLE	KB_CATEGORY_MENDELIAN
Familial_Progressive_Hyperpigmentation_With_Or_Without_Hypopigmentation	MONDO:0007771	ELIGIBLE	KB_CATEGORY_MENDELIAN
Familial_Renal_Glucosuria	MONDO:0009297	ELIGIBLE	KB_CATEGORY_MENDELIAN
Familial_Sleep_Related_Hypermotor_Epilepsy	MONDO:0000030	ELIGIBLE	KB_CATEGORY_MENDELIAN
Familial_Thoracic_Aortic_Aneurysm_and_Aortic_Dissection	MONDO:0019625	ELIGIBLE	KB_CATEGORY_MENDELIAN
Familial_Vesicoureteral_Reflux	MONDO:0017329	ELIGIBLE	KB_CATEGORY_MENDELIAN
Familial_Visceral_Amyloidosis	MONDO:0007099	ELIGIBLE	KB_CATEGORY_MENDELIAN
Familial_Visceral_Neuropathy_2	MONDO:0030399	ELIGIBLE	KB_CATEGORY_MENDELIAN
Fanconi-Bickel_Syndrome	MONDO:0009216	ELIGIBLE	KB_CATEGORY_MENDELIAN
Fanconi_Renotubular_Syndrome	MONDO:0001083	ELIGIBLE	KB_CATEGORY_MENDELIAN
Farber_Disease	MONDO:0009218	ELIGIBLE	KB_CATEGORY_MENDELIAN
Fatal_Familial_Insomnia	MONDO:0010808	ELIGIBLE	KB_CATEGORY_MENDELIAN
Feingold_Syndrome	MONDO:0015267	ELIGIBLE	KB_CATEGORY_MENDELIAN
Ferguson-Bonni_Neurodevelopmental_Syndrome	MONDO:0859220	ELIGIBLE	KB_CATEGORY_MENDELIAN
Fibrochondrogenesis	MONDO:0016068	ELIGIBLE	KB_CATEGORY_MENDELIAN
Filippi_Syndrome	MONDO:0010092	ELIGIBLE	KB_CATEGORY_MENDELIAN
Finnish_Type_Amyloidosis	MONDO:0007097	ELIGIBLE	KB_CATEGORY_MENDELIAN
Floating-Harbor_syndrome	MONDO:0007621	ELIGIBLE	KB_CATEGORY_MENDELIAN
Focal_Dermal_Hypoplasia	MONDO:0010592	ELIGIBLE	KB_CATEGORY_MENDELIAN
Fontaine_Progeroid_Syndrome	MONDO:0012853	ELIGIBLE	KB_CATEGORY_MENDELIAN
Fountain_Syndrome	MONDO:0009241	ELIGIBLE	KB_CATEGORY_MENDELIAN
Fragile_X-Associated_Primary_Ovarian_Insufficiency	MONDO:0010706	ELIGIBLE	KB_CATEGORY_MENDELIAN
Fragile_X-Associated_Tremor_Ataxia_Syndrome	MONDO:0010382	ELIGIBLE	KB_CATEGORY_MENDELIAN
Frasier_Syndrome	MONDO:0007635	ELIGIBLE	KB_CATEGORY_MENDELIAN
Free_Sialic_Acid_Storage_Disease	MONDO:0019366	ELIGIBLE	KB_CATEGORY_MENDELIAN
Frias_Syndrome	MONDO:0012324	ELIGIBLE	KB_CATEGORY_MENDELIAN
Friedreich_Ataxia	MONDO:0100339	ELIGIBLE	KB_CATEGORY_MENDELIAN
Frontonasal_Dysplasia	MONDO:0016643	ELIGIBLE	KB_CATEGORY_MENDELIAN
Frontotemporal_Dementia_And_Or_Amyotrophic_Lateral_Sclerosis_2	MONDO:0014395	ELIGIBLE	KB_CATEGORY_MENDELIAN
Fucosidosis	MONDO:0009254	ELIGIBLE	KB_CATEGORY_MENDELIAN
Fuhrmann_Syndrome	MONDO:0009232	ELIGIBLE	KB_CATEGORY_MENDELIAN
G6PC3_Deficiency	MONDO:0012930	ELIGIBLE	KB_CATEGORY_MENDELIAN
GABRB3-Related_Developmental_and_Epileptic_Encephalopathy	MONDO:0014921	ELIGIBLE	KB_CATEGORY_MENDELIAN
GABRG2-Related_Epilepsy	MONDO:0032725	ELIGIBLE	KB_CATEGORY_MENDELIAN
GATA2_Deficiency	MONDO:0042982	ELIGIBLE	KB_CATEGORY_MENDELIAN
GFI1B-related_Platelet-type_Bleeding_Disorder	MONDO:0008553	ELIGIBLE	KB_CATEGORY_MENDELIAN
GJB2-GJB6_Digenic_Nonsyndromic_Hearing_Loss	MONDO:0009076	ELIGIBLE	KB_CATEGORY_MENDELIAN
GLUT1_Deficiency_Syndrome	MONDO:0011724	ELIGIBLE	KB_CATEGORY_MENDELIAN
GM1_Gangliosidosis_Type_1	MONDO:0009260	ELIGIBLE	KB_CATEGORY_MENDELIAN
GM1_Gangliosidosis_Type_2	MONDO:0009261	ELIGIBLE	KB_CATEGORY_MENDELIAN
GM1_Gangliosidosis_Type_3	MONDO:0009262	ELIGIBLE	KB_CATEGORY_MENDELIAN
GM3_Synthase_Deficiency	MONDO:0018274	ELIGIBLE	KB_CATEGORY_MENDELIAN
GNE_Myopathy	MONDO:0011603	ELIGIBLE	KB_CATEGORY_MENDELIAN
GNPTG-Mucolipidosis	MONDO:0009652	ELIGIBLE	KB_CATEGORY_MENDELIAN
GOLGA2-Related_Golgin_A2_Deficiency		NO_MONDO_GROUNDING	KB_CATEGORY_MENDELIAN
GRIN1-Related_Neurodevelopmental_Disorder	MONDO:1060123	ELIGIBLE	KB_CATEGORY_MENDELIAN
GRIN2A-Related_Epileptic_Encephalopathy_and_Intellectual_Disability	MONDO:0017325	ELIGIBLE	KB_CATEGORY_MENDELIAN
GRIN2B-Related_Developmental_and_Epileptic_Encephalopathy	MONDO:0014505	ELIGIBLE	KB_CATEGORY_MENDELIAN
GUCY2D-Related_Retinopathy	MONDO:0100453	ELIGIBLE	KB_CATEGORY_MENDELIAN
Galactosialidosis	MONDO:0009737	ELIGIBLE	KB_CATEGORY_MENDELIAN
Galloway-Mowat_Syndrome	MONDO:0009627	ELIGIBLE	KB_CATEGORY_MENDELIAN
Gaucher_Disease_Due_To_Saposin_C_Deficiency	MONDO:0012517	ELIGIBLE	KB_CATEGORY_MENDELIAN
Geleophysic_Dysplasia	MONDO:0000127	ELIGIBLE	KB_CATEGORY_MENDELIAN
Generalized_Epilepsy_with_Febrile_Seizures_Plus	MONDO:0018214	ELIGIBLE	KB_CATEGORY_MENDELIAN
Generalized_Resistance_to_Thyroid_Hormone	MONDO:0009043	ELIGIBLE	KB_CATEGORY_MENDELIAN
Genitopatellar_Syndrome	MONDO:0011640	ELIGIBLE	KB_CATEGORY_MENDELIAN
Gerstmann-Straussler-Scheinker_Syndrome	MONDO:0007656	ELIGIBLE	KB_CATEGORY_MENDELIAN
Giant_Axonal_Neuropathy_1	MONDO:0009749	ELIGIBLE	KB_CATEGORY_MENDELIAN
Gilberts_Syndrome	MONDO:0007745	ELIGIBLE	KB_CATEGORY_MENDELIAN
Gitelman_Syndrome	MONDO:0009904	ELIGIBLE	KB_CATEGORY_MENDELIAN
Glanzmann_Thrombasthenia	MONDO:0100326	ELIGIBLE	KB_CATEGORY_MENDELIAN
Global_Developmental_Delay_Progressive_Ataxia_and_Elevated_Glutamine	MONDO:0032733	ELIGIBLE	KB_CATEGORY_MENDELIAN
Glucose-Galactose_Malabsorption	MONDO:0011731	ELIGIBLE	KB_CATEGORY_MENDELIAN
Glutaryl-CoA_Dehydrogenase_Deficiency	MONDO:0009281	ELIGIBLE	KB_CATEGORY_MENDELIAN
Glutathione_Synthetase_Deficiency	MONDO:0017909	ELIGIBLE	KB_CATEGORY_MENDELIAN
Glycogen_Storage_Disease_Due_To_Aldolase_A_Deficiency	MONDO:0012747	ELIGIBLE	KB_CATEGORY_MENDELIAN
Glycogen_Storage_Disease_Due_To_Lactate_Dehydrogenase_M-subunit_Deficiency	MONDO:0013047	ELIGIBLE	KB_CATEGORY_MENDELIAN
Glycogen_Storage_Disease_Due_to_Muscle_Beta-Enolase_Deficiency	MONDO:0013046	ELIGIBLE	KB_CATEGORY_MENDELIAN
Glycogen_Storage_Disease_Type_0b	MONDO:0012693	ELIGIBLE	KB_CATEGORY_MENDELIAN
Glycogen_Storage_Disease_Type_I	MONDO:0002413	ELIGIBLE	KB_CATEGORY_MENDELIAN
Glycogen_Storage_Disease_Type_IV	MONDO:0009292	ELIGIBLE	KB_CATEGORY_MENDELIAN
Glycogen_Storage_Disease_Type_IX	MONDO:0700291	ELIGIBLE	KB_CATEGORY_MENDELIAN
Glycogen_Storage_Disease_Type_V	MONDO:0009293	ELIGIBLE	KB_CATEGORY_MENDELIAN
Glycogen_Storage_Disease_Type_VI	MONDO:0009294	ELIGIBLE	KB_CATEGORY_MENDELIAN
Glycogen_Storage_Disease_Type_VII	MONDO:0009295	ELIGIBLE	KB_CATEGORY_MENDELIAN
Glycogen_Storage_Disease_XV	MONDO:0013291	ELIGIBLE	KB_CATEGORY_MENDELIAN
Glycoprotein_Storage_Disease	MONDO:0009296	ELIGIBLE	KB_CATEGORY_MENDELIAN
Gnathodiaphyseal_Dysplasia	MONDO:0008151	ELIGIBLE	KB_CATEGORY_MENDELIAN
Gorlin_Syndrome	MONDO:0007187	ELIGIBLE	KB_CATEGORY_MENDELIAN
Gray_Platelet_Syndrome	MONDO:0007686	ELIGIBLE	KB_CATEGORY_MENDELIAN
Greenberg_Dysplasia	MONDO:0008974	ELIGIBLE	KB_CATEGORY_MENDELIAN
Greig_Cephalopolysyndactyly	MONDO:0008287	ELIGIBLE	KB_CATEGORY_MENDELIAN
Growth_Hormone_Insensitivity_Syndrome	MONDO:0015892	ELIGIBLE	KB_CATEGORY_MENDELIAN
Growth_Restriction_Hypoplastic_Kidneys_Alopecia_And_Distinctive_Facies	MONDO:0859146	ELIGIBLE	KB_CATEGORY_MENDELIAN
Guanidinoacetate_Methyltransferase_Deficiency	MONDO:0012999	ELIGIBLE	KB_CATEGORY_MENDELIAN
Guillouet-Gordon_Syndrome	MONDO:0979227	ELIGIBLE	KB_CATEGORY_MENDELIAN
HCN1-Related_Developmental_and_Epileptic_Encephalopathy	MONDO:0014377	ELIGIBLE	KB_CATEGORY_MENDELIAN
HFM1-related_gametogenic_failure	MONDO:0014322	ELIGIBLE	KB_CATEGORY_MENDELIAN
HHAT-Related_Chondrodysplasia_with_46XY_Disorder_of_Sex_Development	MONDO:0010814	ELIGIBLE	KB_CATEGORY_MENDELIAN
HNRNPU-Related_Developmental_and_Epileptic_Encephalopathy	MONDO:0033363	ELIGIBLE	KB_CATEGORY_MENDELIAN
HROB-related_gametogenic_failure	MONDO:0971176	ELIGIBLE	KB_CATEGORY_MENDELIAN
HSD10_Mitochondrial_Disease	MONDO:0010327	ELIGIBLE	KB_CATEGORY_MENDELIAN
H_Syndrome	MONDO:0011273	ELIGIBLE	KB_CATEGORY_MENDELIAN
Hajdu-Cheney_Syndrome	MONDO:0007057	ELIGIBLE	KB_CATEGORY_MENDELIAN
Hallermann-Streiff_Syndrome	MONDO:0009318	ELIGIBLE	KB_CATEGORY_MENDELIAN
Hand-Foot-Genital_Syndrome	MONDO:0007698	ELIGIBLE	KB_CATEGORY_MENDELIAN
Hao-Fountain_syndrome	MONDO:0014805	ELIGIBLE	KB_CATEGORY_MENDELIAN
Harderoporphyria	MONDO:0030048	ELIGIBLE	KB_CATEGORY_MENDELIAN
Hartnup_Disease	MONDO:0009324	ELIGIBLE	KB_CATEGORY_MENDELIAN
Hartsfield_Syndrome	MONDO:0014196	ELIGIBLE	KB_CATEGORY_MENDELIAN
Hearing_Loss_Autosomal_Dominant_75	MONDO:0032911	ELIGIBLE	KB_CATEGORY_MENDELIAN
Hearing_Loss_Autosomal_Dominant_76	MONDO:0032917	ELIGIBLE	KB_CATEGORY_MENDELIAN
Hearing_Loss_Autosomal_Dominant_78	MONDO:0033665	ELIGIBLE	KB_CATEGORY_MENDELIAN
Hearing_Loss_Autosomal_Dominant_82	MONDO:0030719	ELIGIBLE	KB_CATEGORY_MENDELIAN
Hearing_Loss_Autosomal_Dominant_83	MONDO:0030723	ELIGIBLE	KB_CATEGORY_MENDELIAN
Hearing_Loss_Autosomal_Recessive_106	MONDO:0033198	ELIGIBLE	KB_CATEGORY_MENDELIAN
Hearing_Loss_Autosomal_Recessive_120	MONDO:0859374	ELIGIBLE	KB_CATEGORY_MENDELIAN
Heart_Defect_Tongue_Hamartoma_Polysyndactyly_Syndrome	MONDO:0009008	ELIGIBLE	KB_CATEGORY_MENDELIAN
Heme_Oxygenase_1_Deficiency	MONDO:0013536	ELIGIBLE	KB_CATEGORY_MENDELIAN
Hemochromatosis	MONDO:0006507	ELIGIBLE	KB_CATEGORY_MENDELIAN
Hemophagocytic_Lymphohistiocytosis	MONDO:0015541	ELIGIBLE	KB_CATEGORY_MENDELIAN
Hennekam_Lymphangiectasia-Lymphedema_Syndrome_1	MONDO:0009337	ELIGIBLE	KB_CATEGORY_MENDELIAN
Hennekam_Lymphangiectasia-Lymphedema_Syndrome_2	MONDO:0014454	ELIGIBLE	KB_CATEGORY_MENDELIAN
Hepatic_Veno-occlusive_Disease-Immunodeficiency_Syndrome	MONDO:0009338	ELIGIBLE	KB_CATEGORY_MENDELIAN
Hereditary_Angioedema	MONDO:0019623	ELIGIBLE	KB_CATEGORY_MENDELIAN
Hereditary_Arterial_and_Articular_Multiple_Calcification_Syndrome	MONDO:0008895	ELIGIBLE	KB_CATEGORY_MENDELIAN
Hereditary_Congenital_Facial_Paresis_3	MONDO:0013880	ELIGIBLE	KB_CATEGORY_MENDELIAN
Hereditary_Diffuse_Leukoencephalopathy_with_Spheroids	MONDO:0800027	ELIGIBLE	KB_CATEGORY_MENDELIAN
Hereditary_Elliptocytosis	MONDO:0017319	ELIGIBLE	KB_CATEGORY_MENDELIAN
Hereditary_Gingival_Fibromatosis	MONDO:0016070	ELIGIBLE	KB_CATEGORY_MENDELIAN
Hereditary_Hemorrhagic_Telangiectasia	MONDO:0019180	ELIGIBLE	KB_CATEGORY_MENDELIAN
Hereditary_Hemorrhagic_Telangiectasia_4	MONDO:0012532	ELIGIBLE	KB_CATEGORY_MENDELIAN
Hereditary_Hemorrhagic_Telangiectasia_5	MONDO:0014217	ELIGIBLE	KB_CATEGORY_MENDELIAN
Hereditary_Hemorrhagic_Telangiectasia_Type_1	MONDO:0008535	ELIGIBLE	KB_CATEGORY_MENDELIAN
Hereditary_Hyperekplexia	MONDO:0021022	ELIGIBLE	KB_CATEGORY_MENDELIAN
Hereditary_Intrinsic_Factor_Deficiency	MONDO:0009852	ELIGIBLE	KB_CATEGORY_MENDELIAN
Hereditary_Leiomyomatosis_and_Renal_Cell_Cancer	MONDO:0007888	ELIGIBLE	KB_CATEGORY_MENDELIAN
Hereditary_Methemoglobinemia	MONDO:0018963	ELIGIBLE	KB_CATEGORY_MENDELIAN
Hereditary_Neuropathy_with_Liability_to_Pressure_Palsies	MONDO:0008087	ELIGIBLE	KB_CATEGORY_MENDELIAN
Hereditary_Orotic_Aciduria	MONDO:0009797	ELIGIBLE	KB_CATEGORY_MENDELIAN
Hereditary_Pancreatitis	MONDO:0008185	ELIGIBLE	KB_CATEGORY_MENDELIAN
Hereditary_Pheochromocytoma-Paraganglioma_Syndrome	MONDO:0017366	ELIGIBLE	KB_CATEGORY_MENDELIAN
Hereditary_Sensory_Neuropathy_Type_1D	MONDO:0013381	ELIGIBLE	KB_CATEGORY_MENDELIAN
Hereditary_Sensory_and_Autonomic_Neuropathy	MONDO:0015364	ELIGIBLE	KB_CATEGORY_MENDELIAN
Hereditary_Sensory_and_Autonomic_Neuropathy_Type_2	MONDO:0019941	ELIGIBLE	KB_CATEGORY_MENDELIAN
Hereditary_Sensory_and_Autonomic_Neuropathy_Type_6	MONDO:0013839	ELIGIBLE	KB_CATEGORY_MENDELIAN
Hereditary_Spastic_Paraplegia	MONDO:0019064	ELIGIBLE	KB_CATEGORY_MENDELIAN
Hereditary_Spastic_Paraplegia_11	MONDO:0011445	ELIGIBLE	KB_CATEGORY_MENDELIAN
Hereditary_Spastic_Paraplegia_44	MONDO:0013179	ELIGIBLE	KB_CATEGORY_MENDELIAN
Hereditary_Spastic_Paraplegia_46	MONDO:0013737	ELIGIBLE	KB_CATEGORY_MENDELIAN
Hereditary_Spastic_Paraplegia_48	MONDO:0013342	ELIGIBLE	KB_CATEGORY_MENDELIAN
Hereditary_Spastic_Paraplegia_49	MONDO:0014016	ELIGIBLE	KB_CATEGORY_MENDELIAN
Hereditary_Spastic_Paraplegia_7	MONDO:0011803	ELIGIBLE	KB_CATEGORY_MENDELIAN
Hereditary_Spherocytosis	MONDO:0019350	ELIGIBLE	KB_CATEGORY_MENDELIAN
Heyn-Sproul-Jackson_syndrome	MONDO:0032882	ELIGIBLE	KB_CATEGORY_MENDELIAN
Histiocytoid_Cardiomyopathy	MONDO:0010771	ELIGIBLE	KB_CATEGORY_MENDELIAN
Holocarboxylase_Synthetase_Deficiency	MONDO:0009666	ELIGIBLE	KB_CATEGORY_MENDELIAN
Holoprosencephaly_12_With_or_Without_Pancreatic_Agenesis	MONDO:0032787	ELIGIBLE	KB_CATEGORY_MENDELIAN
Holoprosencephaly_9	MONDO:0012563	ELIGIBLE	KB_CATEGORY_MENDELIAN
Homocystinuria	MONDO:0004737	ELIGIBLE	KB_CATEGORY_MENDELIAN
Houge-Janssens_Syndrome	MONDO:0957553	ELIGIBLE	KB_CATEGORY_MENDELIAN
Humeroradial_Synostosis	MONDO:0007737	ELIGIBLE	KB_CATEGORY_MENDELIAN
Hunter_syndrome	MONDO:0010674	ELIGIBLE	KB_CATEGORY_MENDELIAN
Huntington_Disease	MONDO:0007739	ELIGIBLE	KB_CATEGORY_MENDELIAN
Huppke-Brendel_syndrome	MONDO:0013772	ELIGIBLE	KB_CATEGORY_MENDELIAN
Hurler_syndrome	MONDO:0011758	ELIGIBLE	KB_CATEGORY_MENDELIAN
Hutchinson-Gilford_Progeria_Syndrome	MONDO:0008310	ELIGIBLE	KB_CATEGORY_MENDELIAN
Hydrolethalus_Syndrome_2	MONDO:0013585	ELIGIBLE	KB_CATEGORY_MENDELIAN
Hypercatabolic_Hypoproteinemia	MONDO:0009434	ELIGIBLE	KB_CATEGORY_MENDELIAN
Hyperornithinemia_Hyperammonemia_Homocitrullinuria_Syndrome	MONDO:0009393	ELIGIBLE	KB_CATEGORY_MENDELIAN
Hyperostosis_Cranialis_Interna	MONDO:0007765	ELIGIBLE	KB_CATEGORY_MENDELIAN
Hypertrophic_Cardiomyopathy_17	MONDO:0013474	ELIGIBLE	KB_CATEGORY_MENDELIAN
Hypertrophic_Cardiomyopathy_20	MONDO:0013477	ELIGIBLE	KB_CATEGORY_MENDELIAN
Hypertrophic_Cardiomyopathy_21	MONDO:0013852	ELIGIBLE	KB_CATEGORY_MENDELIAN
Hypertrophic_Cardiomyopathy_30_Atrial	MONDO:0958241	ELIGIBLE	KB_CATEGORY_MENDELIAN
Hypertrophic_Cardiomyopathy_8	MONDO:0012111	ELIGIBLE	KB_CATEGORY_MENDELIAN
Hypobetalipoproteinemia	MONDO:0017774	ELIGIBLE	KB_CATEGORY_MENDELIAN
Hypochondrogenesis	MONDO:0019669	ELIGIBLE	KB_CATEGORY_MENDELIAN
Hypochondroplasia	MONDO:0007793	ELIGIBLE	KB_CATEGORY_MENDELIAN
Hypomyelinating_Leukodystrophy_10	MONDO:0014632	ELIGIBLE	KB_CATEGORY_MENDELIAN
Hypomyelinating_Leukodystrophy_15	MONDO:0054782	ELIGIBLE	KB_CATEGORY_MENDELIAN
Hypomyelinating_Leukodystrophy_7	MONDO:0011897	ELIGIBLE	KB_CATEGORY_MENDELIAN
Hypophosphatasia	MONDO:0018570	ELIGIBLE	KB_CATEGORY_MENDELIAN
Hypopigmentation_Organomegaly_And_Delayed_Myelination_And_Development	MONDO:0032805	ELIGIBLE	KB_CATEGORY_MENDELIAN
Hypoplasminogenemia	MONDO:0009009	ELIGIBLE	KB_CATEGORY_MENDELIAN
Hypotonia-Cystinuria_Syndrome	MONDO:0011669	ELIGIBLE	KB_CATEGORY_MENDELIAN
Hypotonia_Infantile_with_Psychomotor_Retardation_and_Characteristic_Facies_3	MONDO:0014823	ELIGIBLE	KB_CATEGORY_MENDELIAN
Hypotrichosis_4	MONDO:0100522	ELIGIBLE	KB_CATEGORY_MENDELIAN
Hypotrichosis_with_Juvenile_Macular_Dystrophy	MONDO:0011107	ELIGIBLE	KB_CATEGORY_MENDELIAN
IFAP_Syndrome_1	MONDO:0100213	ELIGIBLE	KB_CATEGORY_MENDELIAN
IFAP_Syndrome_2	MONDO:0100221	ELIGIBLE	KB_CATEGORY_MENDELIAN
IFNAR2_Deficiency	MONDO:0014727	ELIGIBLE	KB_CATEGORY_MENDELIAN
IFT140-related_Recessive_Ciliopathy	MONDO:0100509	ELIGIBLE	KB_CATEGORY_MENDELIAN
IGF1_Deficiency	MONDO:0012110	ELIGIBLE	KB_CATEGORY_MENDELIAN
IKBKG_Ectodermal_Dysplasia_with_Immunodeficiency	MONDO:0100162	ELIGIBLE	KB_CATEGORY_MENDELIAN
IKK2_Deficiency	MONDO:0014267	ELIGIBLE	KB_CATEGORY_MENDELIAN
IL21R_Deficiency	MONDO:0014082	ELIGIBLE	KB_CATEGORY_MENDELIAN
IL6ST-Related_Stuve-Wiedemann_Syndrome	MONDO:0030756	ELIGIBLE	KB_CATEGORY_MENDELIAN
IMAGe_Syndrome	MONDO:0013873	ELIGIBLE	KB_CATEGORY_MENDELIAN
IPEX_Syndrome	MONDO:0010580	ELIGIBLE	KB_CATEGORY_MENDELIAN
IREB2-Related_Neurodegeneration	MONDO:0032758	ELIGIBLE	KB_CATEGORY_MENDELIAN
IRF1_Deficiency	MONDO:0958011	ELIGIBLE	KB_CATEGORY_MENDELIAN
IRF2BPL-Related_Neurodevelopmental_Disorder_with_Regression	MONDO:0060759	ELIGIBLE	KB_CATEGORY_MENDELIAN
IRIDA_Syndrome	MONDO:0008788	ELIGIBLE	KB_CATEGORY_MENDELIAN
IRX5-related_Craniofacial_Dysostosis_with_Osteopenia_Intellectual_Disability_and_Dental_Anomalies	MONDO:0012634	ELIGIBLE	KB_CATEGORY_MENDELIAN
Immunodeficiency_101_Varicella_Zoster_Virus-specific	MONDO:0030813	ELIGIBLE	KB_CATEGORY_MENDELIAN
Immunodeficiency_123_With_HPV-related_Verrucosis	MONDO:0971177	ELIGIBLE	KB_CATEGORY_MENDELIAN
Immunodeficiency_127	MONDO:0975832	ELIGIBLE	KB_CATEGORY_MENDELIAN
Immunodeficiency_131	MONDO:0976229	ELIGIBLE	KB_CATEGORY_MENDELIAN
Immunodeficiency_14B_Autosomal_Recessive	MONDO:0023655	ELIGIBLE	KB_CATEGORY_MENDELIAN
Immunodeficiency_15A	MONDO:0032599	ELIGIBLE	KB_CATEGORY_MENDELIAN
Immunodeficiency_25	MONDO:0012426	ELIGIBLE	KB_CATEGORY_MENDELIAN
Immunodeficiency_32B	MONDO:0009194	ELIGIBLE	KB_CATEGORY_MENDELIAN
Immunodeficiency_37	MONDO:0014491	ELIGIBLE	KB_CATEGORY_MENDELIAN
Immunodeficiency_60	MONDO:0032723	ELIGIBLE	KB_CATEGORY_MENDELIAN
Immunodeficiency_61	MONDO:0010296	ELIGIBLE	KB_CATEGORY_MENDELIAN
Immunodeficiency_63_with_Lymphoproliferation_and_Autoimmunity	MONDO:0032782	ELIGIBLE	KB_CATEGORY_MENDELIAN
Immunodeficiency_64	MONDO:0032803	ELIGIBLE	KB_CATEGORY_MENDELIAN
Immunodeficiency_65_IRF9_Deficiency	MONDO:0032848	ELIGIBLE	KB_CATEGORY_MENDELIAN
Immunodeficiency_69	MONDO:0033541	ELIGIBLE	KB_CATEGORY_MENDELIAN
Immunodeficiency_73B	MONDO:0033554	ELIGIBLE	KB_CATEGORY_MENDELIAN
Immunodeficiency_79	MONDO:0030981	ELIGIBLE	KB_CATEGORY_MENDELIAN
Immunodeficiency_80_with_or_without_Congenital_Cardiomyopathy	MONDO:0030266	ELIGIBLE	KB_CATEGORY_MENDELIAN
Immunodeficiency_81	MONDO:0030302	ELIGIBLE	KB_CATEGORY_MENDELIAN
Immunodeficiency_86	MONDO:0030448	ELIGIBLE	KB_CATEGORY_MENDELIAN
Immunodeficiency_88	MONDO:0030483	ELIGIBLE	KB_CATEGORY_MENDELIAN
Immunodeficiency_89_And_Autoimmunity	MONDO:0030484	ELIGIBLE	KB_CATEGORY_MENDELIAN
Immunodeficiency_91_And_Hyperinflammation	MONDO:0030491	ELIGIBLE	KB_CATEGORY_MENDELIAN
Immunodeficiency_92	MONDO:0030498	ELIGIBLE	KB_CATEGORY_MENDELIAN
Immunodeficiency_93_and_Hypertrophic_Cardiomyopathy	MONDO:0030528	ELIGIBLE	KB_CATEGORY_MENDELIAN
Immunodeficiency_96	MONDO:0030693	ELIGIBLE	KB_CATEGORY_MENDELIAN
Immunodeficiency_Centromeric_Instability_Facial_Anomalies_Syndrome	MONDO:0000133	ELIGIBLE	KB_CATEGORY_MENDELIAN
Immunoskeletal_Dysplasia_with_Neurodevelopmental_Abnormalities	MONDO:0044312	ELIGIBLE	KB_CATEGORY_MENDELIAN
Inborn_Disorder_of_Bile_Acid_Synthesis	MONDO:0019218	ELIGIBLE	KB_CATEGORY_MENDELIAN
Inborn_Disorder_of_Cobalamin_Metabolism_and_Transport	MONDO:0019220	ELIGIBLE	KB_CATEGORY_MENDELIAN
Inborn_Disorder_of_Methionine_Cycle_and_Sulfur_Amino_Acid_Metabolism	MONDO:0019222	ELIGIBLE	KB_CATEGORY_MENDELIAN
Inclusion_Body_Myopathy_with_Paget_Disease_of_Bone_and_Frontotemporal_Dementia	MONDO:0000507	ELIGIBLE	KB_CATEGORY_MENDELIAN
Incontinentia_Pigmenti	MONDO:0010631	ELIGIBLE	KB_CATEGORY_MENDELIAN
Infantile-Onset_Pompe_Disease	MONDO:0017694	ELIGIBLE	KB_CATEGORY_MENDELIAN
Infantile_Cataract_Skin_Abnormalities_Glutamate_Excess_and_Impaired_Intellectual_Development	MONDO:0032685	ELIGIBLE	KB_CATEGORY_MENDELIAN
Infantile_Hypercalcemia	MONDO:0000212	ELIGIBLE	KB_CATEGORY_MENDELIAN
Infantile_Liver_Failure_Syndrome_1	MONDO:0024568	ELIGIBLE	KB_CATEGORY_MENDELIAN
Infantile_Parkinsonism-Dystonia	MONDO:0013150	ELIGIBLE	KB_CATEGORY_MENDELIAN
Inherited_Ichthyosis	MONDO:0015947	ELIGIBLE	KB_CATEGORY_MENDELIAN
Inherited_Porphyria	MONDO:0019142	ELIGIBLE	KB_CATEGORY_MENDELIAN
Inherited_Retinal_Dystrophy	MONDO:0019118	ELIGIBLE	KB_CATEGORY_MENDELIAN
Inherited_Threoninemia	MONDO:0010118	ELIGIBLE	KB_CATEGORY_MENDELIAN
Intellectual_Developmental_Disorder_Autosomal_Dominant_72	MONDO:0957397	ELIGIBLE	KB_CATEGORY_MENDELIAN
Intellectual_Developmental_Disorder_Autosomal_Recessive_67	MONDO:0032662	ELIGIBLE	KB_CATEGORY_MENDELIAN
Intellectual_Disability_Anterior_Maxillary_Protrusion_and_Strabismus	MONDO:0013353	ELIGIBLE	KB_CATEGORY_MENDELIAN
Intellectual_Disability_Autosomal_Dominant_30	MONDO:0014486	ELIGIBLE	KB_CATEGORY_MENDELIAN
Intellectual_Disability_Autosomal_Dominant_34	MONDO:0014599	ELIGIBLE	KB_CATEGORY_MENDELIAN
Intellectual_Disability_Autosomal_Dominant_52	MONDO:0030918	ELIGIBLE	KB_CATEGORY_MENDELIAN
Intellectual_Disability_Autosomal_Dominant_6	MONDO:0013509	ELIGIBLE	KB_CATEGORY_MENDELIAN
Interleukin-10_Receptor_Deficiency	MONDO:0013153	ELIGIBLE	KB_CATEGORY_MENDELIAN
Intermediate_Charcot-Marie-Tooth_Disease	MONDO:0018778	ELIGIBLE	KB_CATEGORY_MENDELIAN
Isobutyryl-CoA_Dehydrogenase_Deficiency	MONDO:0012648	ELIGIBLE	KB_CATEGORY_MENDELIAN
Isolated_Anophthalmia-Microphthalmia_Syndrome	MONDO:0016764	ELIGIBLE	KB_CATEGORY_MENDELIAN
Isolated_Sedoheptulokinase_Deficiency	MONDO:0014969	ELIGIBLE	KB_CATEGORY_MENDELIAN
Isolated_Sulfite_Oxidase_Deficiency	MONDO:0010089	ELIGIBLE	KB_CATEGORY_MENDELIAN
Isolated_Woolly_Hair	MONDO:0008686	ELIGIBLE	KB_CATEGORY_MENDELIAN
Isovaleric_Acidemia	MONDO:0009475	ELIGIBLE	KB_CATEGORY_MENDELIAN
Jackson-Weiss_Syndrome	MONDO:0007400	ELIGIBLE	KB_CATEGORY_MENDELIAN
Jervell_and_Lange-Nielsen_Syndrome_1	MONDO:0024540	ELIGIBLE	KB_CATEGORY_MENDELIAN
Jervell_and_Lange-Nielsen_Syndrome_2	MONDO:0012871	ELIGIBLE	KB_CATEGORY_MENDELIAN
Jeune_Asphyxiating_Thoracic_Dystrophy	MONDO:0018770	ELIGIBLE	KB_CATEGORY_MENDELIAN
Joint_Laxity_Short_Stature_and_Myopia	MONDO:0060556	ELIGIBLE	KB_CATEGORY_MENDELIAN
Junctional_Epidermolysis_Bullosa	MONDO:0017612	ELIGIBLE	KB_CATEGORY_MENDELIAN
Juvenile-Onset_Diabetes_Mellitus_with_Central_and_Peripheral_Neurodegeneration	MONDO:0014523	ELIGIBLE	KB_CATEGORY_MENDELIAN
Juvenile_Amyotrophic_Lateral_Sclerosis	MONDO:0017593	ELIGIBLE	KB_CATEGORY_MENDELIAN
Juvenile_Neuronal_Ceroid_Lipofuscinosis	MONDO:0019262	ELIGIBLE	KB_CATEGORY_MENDELIAN
Juvenile_Open_Angle_Glaucoma	MONDO:0020367	ELIGIBLE	KB_CATEGORY_MENDELIAN
Juvenile_Polyposis_Syndrome	MONDO:0017380	ELIGIBLE	KB_CATEGORY_MENDELIAN
Juvenile_Sialidosis_Type_2	MONDO:0019681	ELIGIBLE	KB_CATEGORY_MENDELIAN
KATNB1-related_Cortical_Malformation		NO_MONDO_GROUNDING	KB_CATEGORY_MENDELIAN
KBG_Syndrome	MONDO:0007846	ELIGIBLE	KB_CATEGORY_MENDELIAN
KCNA2-Related_Developmental_and_Epileptic_Encephalopathy	MONDO:0014607	ELIGIBLE	KB_CATEGORY_MENDELIAN
KCNB1-Related_Developmental_and_Epileptic_Encephalopathy	MONDO:0014477	ELIGIBLE	KB_CATEGORY_MENDELIAN
KCNH1_Associated_Disorder	MONDO:0100485	ELIGIBLE	KB_CATEGORY_MENDELIAN
KCNQ2_Developmental_and_Epileptic_Encephalopathy	MONDO:0013387	ELIGIBLE	KB_CATEGORY_MENDELIAN
KCNV2_Related_Retinopathy	MONDO:1040063	ELIGIBLE	KB_CATEGORY_MENDELIAN
KDM1A-Related_Neurodevelopmental_Disorder	MONDO:0014751	ELIGIBLE	KB_CATEGORY_MENDELIAN
KDM6B-Related_Neurodevelopmental_Disorder	MONDO:0032790	ELIGIBLE	KB_CATEGORY_MENDELIAN
KIF5B-Related_Kyphomelic_Dysplasia		NO_MONDO_GROUNDING	KB_CATEGORY_MENDELIAN
KINSSHIP_Syndrome	MONDO:0851095	ELIGIBLE	KB_CATEGORY_MENDELIAN
KLC4-Related_Early-Childhood-Onset_Neurodegeneration	MONDO:0700288	ELIGIBLE	KB_CATEGORY_MENDELIAN
KLHL24-Related_Hypertrophic_Cardiomyopathy	MONDO:0859372	ELIGIBLE	KB_CATEGORY_MENDELIAN
KMT2B-Related_Dystonia	MONDO:0015004	ELIGIBLE	KB_CATEGORY_MENDELIAN
KRT1_Keratinopathies	MONDO:0007239	ELIGIBLE	KB_CATEGORY_MENDELIAN
Kabuki_Syndrome	MONDO:0016512	ELIGIBLE	KB_CATEGORY_MENDELIAN
Kallmann_Syndrome	MONDO:0018800	ELIGIBLE	KB_CATEGORY_MENDELIAN
Kanzaki_Disease	MONDO:0012222	ELIGIBLE	KB_CATEGORY_MENDELIAN
Karyomegalic_Interstitial_Nephritis	MONDO:0013898	ELIGIBLE	KB_CATEGORY_MENDELIAN
Kearns-Sayre_Syndrome	MONDO:0010787	ELIGIBLE	KB_CATEGORY_MENDELIAN
Keipert_syndrome	MONDO:0009720	ELIGIBLE	KB_CATEGORY_MENDELIAN
Kennedy_Disease	MONDO:0010735	ELIGIBLE	KB_CATEGORY_MENDELIAN
Keratitis-Ichthyosis-Deafness_Syndrome	MONDO:0007850	ELIGIBLE	KB_CATEGORY_MENDELIAN
Keratoderma_Hereditarium_Mutilans	MONDO:0007422	ELIGIBLE	KB_CATEGORY_MENDELIAN
Keratosis_Follicularis_Spinulosa_Decalvans	MONDO:0000136	ELIGIBLE	KB_CATEGORY_MENDELIAN
Keratosis_Pilaris_Atrophicans	MONDO:0018855	ELIGIBLE	KB_CATEGORY_MENDELIAN
Keutel_Syndrome	MONDO:0009495	ELIGIBLE	KB_CATEGORY_MENDELIAN
Kilquist_Syndrome	MONDO:0033664	ELIGIBLE	KB_CATEGORY_MENDELIAN
Kindler_Epidermolysis_Bullosa	MONDO:0008260	ELIGIBLE	KB_CATEGORY_MENDELIAN
Kleefstra_Syndrome	MONDO:0012455	ELIGIBLE	KB_CATEGORY_MENDELIAN
Klippel-Feil_Syndrome	MONDO:0001029	ELIGIBLE	KB_CATEGORY_MENDELIAN
Kniest_Dysplasia	MONDO:0007987	ELIGIBLE	KB_CATEGORY_MENDELIAN
Koolen_de_Vries_syndrome	MONDO:0012496	ELIGIBLE	KB_CATEGORY_MENDELIAN
Krabbe_Disease_Due_To_Saposin_A_Deficiency	MONDO:0012720	ELIGIBLE	KB_CATEGORY_MENDELIAN
Kufor-Rakeb_syndrome	MONDO:0011706	ELIGIBLE	KB_CATEGORY_MENDELIAN
L-2-Hydroxyglutaric_Aciduria	MONDO:0009370	ELIGIBLE	KB_CATEGORY_MENDELIAN
L1_Syndrome	MONDO:0017140	ELIGIBLE	KB_CATEGORY_MENDELIAN
LAMA5-Related_Bent_Bone_Dysplasia	MONDO:0859573	ELIGIBLE	KB_CATEGORY_MENDELIAN
LAMB1-Related_Cobblestone_Lissencephaly	MONDO:0014077	ELIGIBLE	KB_CATEGORY_MENDELIAN
LCA5-Related_Retinopathy	MONDO:0100445	ELIGIBLE	KB_CATEGORY_MENDELIAN
LDLR-Related_Familial_Hypercholesterolemia	MONDO:0007750	ELIGIBLE	KB_CATEGORY_MENDELIAN
LIFR-Related_Stuve-Wiedemann_Syndrome	MONDO:0800043	ELIGIBLE	KB_CATEGORY_MENDELIAN
LRBA_Deficiency	MONDO:0013863	ELIGIBLE	KB_CATEGORY_MENDELIAN
LRRK2-Related_Parkinson_Disease	MONDO:0011764	ELIGIBLE	KB_CATEGORY_MENDELIAN
Lafora_Disease	MONDO:0009697	ELIGIBLE	KB_CATEGORY_MENDELIAN
Landau-Kleffner_Syndrome	MONDO:0009509	ELIGIBLE	KB_CATEGORY_MENDELIAN
Langer_Mesomelic_Dysplasia	MONDO:0009588	ELIGIBLE	KB_CATEGORY_MENDELIAN
Larsen-like_Syndrome_B3GAT3_Type	MONDO:0009511	ELIGIBLE	KB_CATEGORY_MENDELIAN
Larsen_Syndrome	MONDO:0007875	ELIGIBLE	KB_CATEGORY_MENDELIAN
Late-Onset_Pompe_Disease	MONDO:0018485	ELIGIBLE	KB_CATEGORY_MENDELIAN
Late_Complement_Component_Deficiency	MONDO:0015700	ELIGIBLE	KB_CATEGORY_MENDELIAN
Leber-like_Hereditary_Optic_Neuropathy_Autosomal_Recessive_1	MONDO:0958183	ELIGIBLE	KB_CATEGORY_MENDELIAN
Leber_Congenital_Amaurosis_10	MONDO:0012723	ELIGIBLE	KB_CATEGORY_MENDELIAN
Leber_Congenital_Amaurosis_with_Early-Onset_Deafness	MONDO:0060650	ELIGIBLE	KB_CATEGORY_MENDELIAN
Leber_Hereditary_Optic_Neuropathy	MONDO:0010788	ELIGIBLE	KB_CATEGORY_MENDELIAN
Leber_Optic_Atrophy_and_Dystonia	MONDO:0010772	ELIGIBLE	KB_CATEGORY_MENDELIAN
Leigh_Syndrome	MONDO:0009723	ELIGIBLE	KB_CATEGORY_MENDELIAN
Lenz-Majewski_hyperostotic_dwarfism	MONDO:0007892	ELIGIBLE	KB_CATEGORY_MENDELIAN
Leri-Weill_Dyschondrosteosis	MONDO:0007481	ELIGIBLE	KB_CATEGORY_MENDELIAN
Lesch-Nyhan_Syndrome	MONDO:0010298	ELIGIBLE	KB_CATEGORY_MENDELIAN
Lethal_Congenital_Contracture_Syndrome	MONDO:0017436	ELIGIBLE	KB_CATEGORY_MENDELIAN
Lethal_Polymalformative_Syndrome_Boissel_Type	MONDO:0013050	ELIGIBLE	KB_CATEGORY_MENDELIAN
Leukocyte_Adhesion_Deficiency_Type_II	MONDO:0009953	ELIGIBLE	KB_CATEGORY_MENDELIAN
Li-Ghorbani-Weisz-Hubshman_Syndrome	MONDO:0033547	ELIGIBLE	KB_CATEGORY_MENDELIAN
Liberfarb_syndrome	MONDO:0030045	ELIGIBLE	KB_CATEGORY_MENDELIAN
Lichtenstein-Knorr_Syndrome	MONDO:0014572	ELIGIBLE	KB_CATEGORY_MENDELIAN
Liddle_Syndrome	MONDO:0008323	ELIGIBLE	KB_CATEGORY_MENDELIAN
Limb-Girdle_Muscular_Dystrophy_Autosomal_Dominant	MONDO:0015151	ELIGIBLE	KB_CATEGORY_MENDELIAN
Linear_Skin_Defects_with_Multiple_Congenital_Anomalies_1	MONDO:0024552	ELIGIBLE	KB_CATEGORY_MENDELIAN
Lipoic_Acid_Synthetase_Deficiency	MONDO:0013762	ELIGIBLE	KB_CATEGORY_MENDELIAN
Lipoid_Proteinosis	MONDO:0009530	ELIGIBLE	KB_CATEGORY_MENDELIAN
Lipoyl_Transferase_1_Deficiency	MONDO:0014576	ELIGIBLE	KB_CATEGORY_MENDELIAN
Lissencephaly_Spectrum_Disorders	MONDO:0018838	ELIGIBLE	KB_CATEGORY_MENDELIAN
Loeys-Dietz_Syndrome	MONDO:0018954	ELIGIBLE	KB_CATEGORY_MENDELIAN
Loeys-Dietz_Syndrome_4	MONDO:0013897	ELIGIBLE	KB_CATEGORY_MENDELIAN
Loeys-Dietz_Syndrome_6	MONDO:0030500	ELIGIBLE	KB_CATEGORY_MENDELIAN
Long-Chain_3-Hydroxyacyl-CoA_Dehydrogenase_Deficiency	MONDO:0012173	ELIGIBLE	KB_CATEGORY_MENDELIAN
Lowe_Syndrome	MONDO:0010645	ELIGIBLE	KB_CATEGORY_MENDELIAN
Lymphatic_Malformation_6	MONDO:0014797	ELIGIBLE	KB_CATEGORY_MENDELIAN
Lysinuric_Protein_Intolerance	MONDO:0009109	ELIGIBLE	KB_CATEGORY_MENDELIAN
Lysosomal_Acid_Phosphatase_Deficiency	MONDO:0008705	ELIGIBLE	KB_CATEGORY_MENDELIAN
MAN2C1-congenital_disorder_of_deglycosylation_2	MONDO:0030770	ELIGIBLE	KB_CATEGORY_MENDELIAN
MBD5_Haploinsufficiency_Syndrome	MONDO:0007974	ELIGIBLE	KB_CATEGORY_MENDELIAN
MCM3AP-Related_Peripheral_Neuropathy	MONDO:0029131	ELIGIBLE	KB_CATEGORY_MENDELIAN
MCM8-related_gametogenic_failure	MONDO:0044776	ELIGIBLE	KB_CATEGORY_MENDELIAN
MCM9-related_gametogenic_failure		NO_MONDO_GROUNDING	KB_CATEGORY_MENDELIAN
MED11-Related_Disorder	MONDO:0957225	ELIGIBLE	KB_CATEGORY_MENDELIAN
MED13L_Syndrome	MONDO:0014773	ELIGIBLE	KB_CATEGORY_MENDELIAN
MED13_Syndrome	MONDO:0032485	ELIGIBLE	KB_CATEGORY_MENDELIAN
MED17-Related_Disorder	MONDO:0013351	ELIGIBLE	KB_CATEGORY_MENDELIAN
MED27-Related_Disorder	MONDO:0859137	ELIGIBLE	KB_CATEGORY_MENDELIAN
MEDNIK_syndrome	MONDO:0012251	ELIGIBLE	KB_CATEGORY_MENDELIAN
MEGF8-Related_Carpenter_Syndrome	MONDO:0013998	ELIGIBLE	KB_CATEGORY_MENDELIAN
MELAS_Syndrome	MONDO:0010789	ELIGIBLE	KB_CATEGORY_MENDELIAN
MEND_Syndrome	MONDO:0010498	ELIGIBLE	KB_CATEGORY_MENDELIAN
MEPAN_Syndrome	MONDO:0015003	ELIGIBLE	KB_CATEGORY_MENDELIAN
MERRF_Syndrome	MONDO:0010790	ELIGIBLE	KB_CATEGORY_MENDELIAN
MERTK-Related_Retinopathy	MONDO:0800394	ELIGIBLE	KB_CATEGORY_MENDELIAN
MGAT2-congenital_disorder_of_glycosylation	MONDO:0008908	ELIGIBLE	KB_CATEGORY_MENDELIAN
MHC_Class_II_Deficiency	MONDO:0008855	ELIGIBLE	KB_CATEGORY_MENDELIAN
MICPCH_Syndrome	MONDO:0010417	ELIGIBLE	KB_CATEGORY_MENDELIAN
MMACHC-related_Methylmalonic_Aciduria_and_Homocystinuria_cblC_Type	MONDO:0010184	ELIGIBLE	KB_CATEGORY_MENDELIAN
MMADHC-related_Disorder_of_Cobalamin_Metabolism_cblD_Type	MONDO:0700297	ELIGIBLE	KB_CATEGORY_MENDELIAN
MPDU1-congenital_disorder_of_glycosylation	MONDO:0012211	ELIGIBLE	KB_CATEGORY_MENDELIAN
MPI-Congenital_Disorder_of_Glycosylation	MONDO:0011257	ELIGIBLE	KB_CATEGORY_MENDELIAN
MSMO1_Deficiency	MONDO:0014793	ELIGIBLE	KB_CATEGORY_MENDELIAN
MSTO1-Related_Mitochondrial_Myopathy	MONDO:0044714	ELIGIBLE	KB_CATEGORY_MENDELIAN
MT-ATP6_MT-ATP8-Related_Infantile_Hypertrophic_Cardiomyopathy	MONDO:0010777	ELIGIBLE	KB_CATEGORY_MENDELIAN
MTHFD1_Deficiency	MONDO:0060611	ELIGIBLE	KB_CATEGORY_MENDELIAN
MTO1_Deficiency	MONDO:0013865	ELIGIBLE	KB_CATEGORY_MENDELIAN
MUTYH-Associated_Polyposis	MONDO:0012041	ELIGIBLE	KB_CATEGORY_MENDELIAN
MYO6_Hearing_Loss	MONDO:0019497	ELIGIBLE	KB_CATEGORY_MENDELIAN
Mabry_Syndrome	MONDO:0016596	ELIGIBLE	KB_CATEGORY_MENDELIAN
Machado_Joseph_Disease	MONDO:0007182	ELIGIBLE	KB_CATEGORY_MENDELIAN
Malan_Syndrome	MONDO:0013885	ELIGIBLE	KB_CATEGORY_MENDELIAN
Mandibulofacial_Dysostosis_With_Alopecia	MONDO:0014608	ELIGIBLE	KB_CATEGORY_MENDELIAN
Mandibulofacial_Dysostosis_with_Microcephaly	MONDO:0012516	ELIGIBLE	KB_CATEGORY_MENDELIAN
Marden-Walker_Syndrome	MONDO:0009564	ELIGIBLE	KB_CATEGORY_MENDELIAN
Marfanoid_Progeroid_Lipodystrophy_Syndrome	MONDO:0014831	ELIGIBLE	KB_CATEGORY_MENDELIAN
Marinesco-Sjogren_Syndrome	MONDO:0009567	ELIGIBLE	KB_CATEGORY_MENDELIAN
Maroteaux-Lamy_syndrome	MONDO:0009661	ELIGIBLE	KB_CATEGORY_MENDELIAN
Marshall-Smith_Syndrome	MONDO:0011244	ELIGIBLE	KB_CATEGORY_MENDELIAN
McKusick-Kaufman_Syndrome	MONDO:0009367	ELIGIBLE	KB_CATEGORY_MENDELIAN
McLeod_Neuroacanthocytosis_Syndrome	MONDO:0018945	ELIGIBLE	KB_CATEGORY_MENDELIAN
Meacham_syndrome	MONDO:0012164	ELIGIBLE	KB_CATEGORY_MENDELIAN
Meester-Loeys_Syndrome	MONDO:0010515	ELIGIBLE	KB_CATEGORY_MENDELIAN
Meier-Gorlin_Syndrome	MONDO:0016817	ELIGIBLE	KB_CATEGORY_MENDELIAN
Mendelian_Susceptibility_To_Mycobacterial_Diseases_Due_To_Complete_IL12B_Deficiency	MONDO:0013954	ELIGIBLE	KB_CATEGORY_MENDELIAN
Mendelian_Susceptibility_To_Mycobacterial_Diseases_Due_To_Partial_IRF8_Deficiency	MONDO:0013957	ELIGIBLE	KB_CATEGORY_MENDELIAN
Mesomelia-Synostoses_Syndrome	MONDO:0010881	ELIGIBLE	KB_CATEGORY_MENDELIAN
Mesomelic_Dysplasia_Kantaputra_Type	MONDO:0007977	ELIGIBLE	KB_CATEGORY_MENDELIAN
Mesomelic_Dysplasia_Savarirayan_Type	MONDO:0011530	ELIGIBLE	KB_CATEGORY_MENDELIAN
Metaphyseal_Anadysplasia	MONDO:0015177	ELIGIBLE	KB_CATEGORY_MENDELIAN
Metaphyseal_Chondrodysplasia_Jansen_Type	MONDO:0007982	ELIGIBLE	KB_CATEGORY_MENDELIAN
Metaphyseal_Chondrodysplasia_Schmid_Type	MONDO:0007983	ELIGIBLE	KB_CATEGORY_MENDELIAN
Metaphyseal_Dysplasia_Spahr_Type	MONDO:0009597	ELIGIBLE	KB_CATEGORY_MENDELIAN
Metaphyseal_Dysplasia_with_Maxillary_Hypoplasia_and_Brachydactyly	MONDO:0007984	ELIGIBLE	KB_CATEGORY_MENDELIAN
Metatropic_Dysplasia	MONDO:0007986	ELIGIBLE	KB_CATEGORY_MENDELIAN
Methylcobalamin_Deficiency_Type_cblE	MONDO:0009354	ELIGIBLE	KB_CATEGORY_MENDELIAN
Methylcobalamin_Deficiency_Type_cblG	MONDO:0009609	ELIGIBLE	KB_CATEGORY_MENDELIAN
Methylmalonate_Semialdehyde_Dehydrogenase_Deficiency	MONDO:0013579	ELIGIBLE	KB_CATEGORY_MENDELIAN
Methylmalonic_Acidemia	MONDO:0002012	ELIGIBLE	KB_CATEGORY_MENDELIAN
Methylmalonic_Acidemia_With_Homocystinuria_Type_cblJ	MONDO:0013925	ELIGIBLE	KB_CATEGORY_MENDELIAN
Methylmalonic_Aciduria_and_Homocystinuria_cblL_Type	MONDO:0975798	ELIGIBLE	KB_CATEGORY_MENDELIAN
Methylmalonic_Aciduria_cblA_Type	MONDO:0009613	ELIGIBLE	KB_CATEGORY_MENDELIAN
Mevalonate_Kinase_Deficiency	MONDO:0017708	ELIGIBLE	KB_CATEGORY_MENDELIAN
Microcephalic_Osteodysplastic_Primordial_Dwarfism_Type_I	MONDO:0008871	ELIGIBLE	KB_CATEGORY_MENDELIAN
Microcephalic_Osteodysplastic_Primordial_Dwarfism_Type_II	MONDO:0008872	ELIGIBLE	KB_CATEGORY_MENDELIAN
Microcephaly-Capillary_Malformation_Syndrome	MONDO:0013659	ELIGIBLE	KB_CATEGORY_MENDELIAN
Microcephaly_Short_Stature_and_Impaired_Glucose_Metabolism_1	MONDO:0000208	ELIGIBLE	KB_CATEGORY_MENDELIAN
Microcephaly_Short_Stature_and_Impaired_Glucose_Metabolism_2	MONDO:0014785	ELIGIBLE	KB_CATEGORY_MENDELIAN
Microcytic_Anemia_With_Liver_Iron_Overload	MONDO:0008787	ELIGIBLE	KB_CATEGORY_MENDELIAN
Microphthalmia_with_Coloboma	MONDO:0000170	ELIGIBLE	KB_CATEGORY_MENDELIAN
Microvillus_Inclusion_Disease	MONDO:0009635	ELIGIBLE	KB_CATEGORY_MENDELIAN
Miller-Dieker_Lissencephaly_Syndrome	MONDO:0009532	ELIGIBLE	KB_CATEGORY_MENDELIAN
Mitochondrial_Complex_II_Deficiency_Nuclear_Type_1	MONDO:0100294	ELIGIBLE	KB_CATEGORY_MENDELIAN
Mitochondrial_Complex_I_Deficiency_Nuclear_Type_1	MONDO:0100224	ELIGIBLE	KB_CATEGORY_MENDELIAN
Mitochondrial_Complex_I_Deficiency_Nuclear_Type_12	MONDO:0026720	ELIGIBLE	KB_CATEGORY_MENDELIAN
Mitochondrial_Complex_I_Deficiency_Nuclear_Type_14	MONDO:0032619	ELIGIBLE	KB_CATEGORY_MENDELIAN
Mitochondrial_Complex_I_Deficiency_Nuclear_Type_2	MONDO:0032606	ELIGIBLE	KB_CATEGORY_MENDELIAN
Mitochondrial_Complex_I_Deficiency_Nuclear_Type_21	MONDO:0032625	ELIGIBLE	KB_CATEGORY_MENDELIAN
Mitochondrial_Complex_I_Deficiency_Nuclear_Type_23	MONDO:0032627	ELIGIBLE	KB_CATEGORY_MENDELIAN
Mitochondrial_Complex_I_Deficiency_Nuclear_Type_24	MONDO:0032628	ELIGIBLE	KB_CATEGORY_MENDELIAN
Mitochondrial_Complex_I_Deficiency_Nuclear_Type_3	MONDO:0032608	ELIGIBLE	KB_CATEGORY_MENDELIAN
Mitochondrial_Complex_I_Deficiency_Nuclear_Type_31	MONDO:0032634	ELIGIBLE	KB_CATEGORY_MENDELIAN
Mitochondrial_Complex_I_Deficiency_Nuclear_Type_34	MONDO:0032910	ELIGIBLE	KB_CATEGORY_MENDELIAN
Mitochondrial_Complex_I_Deficiency_Nuclear_Type_36	MONDO:0030902	ELIGIBLE	KB_CATEGORY_MENDELIAN
Mitochondrial_Complex_I_Deficiency_Nuclear_Type_39	MONDO:0859320	ELIGIBLE	KB_CATEGORY_MENDELIAN
Mitochondrial_Complex_I_Deficiency_Nuclear_Type_6	MONDO:0032611	ELIGIBLE	KB_CATEGORY_MENDELIAN
Mitochondrial_Complex_V_ATP_Synthase_Deficiency_Nuclear_Type_3	MONDO:0013547	ELIGIBLE	KB_CATEGORY_MENDELIAN
Mitochondrial_DNA_Depletion_Syndrome_14B	MONDO:0014820	ELIGIBLE	KB_CATEGORY_MENDELIAN
Mitochondrial_DNA_Depletion_Syndrome_7	MONDO:0010060	ELIGIBLE	KB_CATEGORY_MENDELIAN
Mitochondrial_Neurogastrointestinal_Encephalomyopathy	MONDO:0017575	ELIGIBLE	KB_CATEGORY_MENDELIAN
Mitochondrial_Trifunctional_Protein_Deficiency	MONDO:0012172	ELIGIBLE	KB_CATEGORY_MENDELIAN
Molybdenum_Cofactor_Deficiency_Type_A	MONDO:0009643	ELIGIBLE	KB_CATEGORY_MENDELIAN
Morquio_syndrome	MONDO:0018938	ELIGIBLE	KB_CATEGORY_MENDELIAN
Mosaic_Variegated_Aneuploidy_Syndrome	MONDO:0000141	ELIGIBLE	KB_CATEGORY_MENDELIAN
Mowat-Wilson_syndrome	MONDO:0009341	ELIGIBLE	KB_CATEGORY_MENDELIAN
Muckle-Wells_Syndrome	MONDO:0008633	ELIGIBLE	KB_CATEGORY_MENDELIAN
Mucolipidosis_Type_II	MONDO:0009650	ELIGIBLE	KB_CATEGORY_MENDELIAN
Mucolipidosis_Type_III_Alpha_Beta	MONDO:0018931	ELIGIBLE	KB_CATEGORY_MENDELIAN
Mucolipidosis_Type_IV	MONDO:0009653	ELIGIBLE	KB_CATEGORY_MENDELIAN
Mucopolysaccharidosis-Plus_Syndrome	MONDO:0015012	ELIGIBLE	KB_CATEGORY_MENDELIAN
Mucopolysaccharidosis	MONDO:0019249	ELIGIBLE	KB_CATEGORY_MENDELIAN
Mucopolysaccharidosis_type_IX	MONDO:0011093	ELIGIBLE	KB_CATEGORY_MENDELIAN
Mucopolysaccharidosis_type_X	MONDO:0030524	ELIGIBLE	KB_CATEGORY_MENDELIAN
Muenke_Syndrome	MONDO:0011274	ELIGIBLE	KB_CATEGORY_MENDELIAN
Muggenthaler-Chowdhury-Chioza_Syndrome	MONDO:0976127	ELIGIBLE	KB_CATEGORY_MENDELIAN
Mullegama-Klein-Martinez_Syndrome	MONDO:0026722	ELIGIBLE	KB_CATEGORY_MENDELIAN
Multiminicore_Disease	MONDO:0018948	ELIGIBLE	KB_CATEGORY_MENDELIAN
Multiple_Acyl-CoA_Dehydrogenase_Deficiency	MONDO:0009282	ELIGIBLE	KB_CATEGORY_MENDELIAN
Multiple_Congenital_Anomalies-Hypotonia-Seizures_Syndrome	MONDO:0100247	ELIGIBLE	KB_CATEGORY_MENDELIAN
Multiple_Endocrine_Neoplasia_Type_1	MONDO:0007540	ELIGIBLE	KB_CATEGORY_MENDELIAN
Multiple_Epiphyseal_Dysplasia	MONDO:0016648	ELIGIBLE	KB_CATEGORY_MENDELIAN
Multiple_Epiphyseal_Dysplasia_Al-Gazali_Type	MONDO:0011778	ELIGIBLE	KB_CATEGORY_MENDELIAN
Multiple_Epiphyseal_Dysplasia_Beighton_Type	MONDO:0007562	ELIGIBLE	KB_CATEGORY_MENDELIAN
Multiple_Synostoses_Syndrome	MONDO:0017923	ELIGIBLE	KB_CATEGORY_MENDELIAN
Multisystemic_Smooth_Muscle_Dysfunction_Syndrome	MONDO:0013452	ELIGIBLE	KB_CATEGORY_MENDELIAN
Muscular_Dystrophy_Limb-girdle_Autosomal_Recessive_28	MONDO:0957270	ELIGIBLE	KB_CATEGORY_MENDELIAN
Musculocontractural_Ehlers-Danlos_Syndrome	MONDO:0011142	ELIGIBLE	KB_CATEGORY_MENDELIAN
Myhre_Syndrome	MONDO:0007688	ELIGIBLE	KB_CATEGORY_MENDELIAN
Myofibrillar_Myopathy	MONDO:0018943	ELIGIBLE	KB_CATEGORY_MENDELIAN
Myopathy_Lactic_Acidosis_and_Sideroblastic_Anemia	MONDO:0000863	ELIGIBLE	KB_CATEGORY_MENDELIAN
Myotonic_Dystrophy_Type_1	MONDO:0008056	ELIGIBLE	KB_CATEGORY_MENDELIAN
N-Acetylglutamate_Synthase_Deficiency	MONDO:0009377	ELIGIBLE	KB_CATEGORY_MENDELIAN
NAD_P_HX_Dehydratase_Deficiency	MONDO:0034121	ELIGIBLE	KB_CATEGORY_MENDELIAN
NAGA_Deficiency_Type_3	MONDO:0019264	ELIGIBLE	KB_CATEGORY_MENDELIAN
NARP_syndrome	MONDO:0010794	ELIGIBLE	KB_CATEGORY_MENDELIAN
NDE1-related_Microcephaly_Lissencephaly		NO_MONDO_GROUNDING	KB_CATEGORY_MENDELIAN
NDP_Related_Vitreoretinopathy	MONDO:0700377	ELIGIBLE	KB_CATEGORY_MENDELIAN
NELABA	MONDO:0060562	ELIGIBLE	KB_CATEGORY_MENDELIAN
NEUROD2-Related_Developmental_and_Epileptic_Encephalopathy	MONDO:0032710	ELIGIBLE	KB_CATEGORY_MENDELIAN
NGLY1-congenital_disorder_of_deglycosylation	MONDO:0800044	ELIGIBLE	KB_CATEGORY_MENDELIAN
NR5A1_Related_Sex_Development_Disorder	MONDO:1060211	ELIGIBLE	KB_CATEGORY_MENDELIAN
NUP62-Related_Infantile_Bilateral_Striatal_Necrosis	MONDO:0015518	ELIGIBLE	KB_CATEGORY_MENDELIAN
Nail-patella_Syndrome	MONDO:0008061	ELIGIBLE	KB_CATEGORY_MENDELIAN
Nasu-Hakola_Disease	MONDO:0009092	ELIGIBLE	KB_CATEGORY_MENDELIAN
Naxos_disease	MONDO:0011017	ELIGIBLE	KB_CATEGORY_MENDELIAN
Nemaline_Myopathy	MONDO:0018958	ELIGIBLE	KB_CATEGORY_MENDELIAN
Neonatal_Epileptic_Encephalopathy_Due_to_Glutaminase_Deficiency	MONDO:0032678	ELIGIBLE	KB_CATEGORY_MENDELIAN
Nestor-Guillermo_progeria_syndrome	MONDO:0013523	ELIGIBLE	KB_CATEGORY_MENDELIAN
Netherton_Syndrome	MONDO:0009735	ELIGIBLE	KB_CATEGORY_MENDELIAN
Neurodegeneration_Childhood-onset_With_Cerebellar_Atrophy	MONDO:0032650	ELIGIBLE	KB_CATEGORY_MENDELIAN
Neurodevelopmental_Disorder_With_Absent_Speech_And_Movement_And_Behavioral_Abnormalities	MONDO:0859519	ELIGIBLE	KB_CATEGORY_MENDELIAN
Neurodevelopmental_Disorder_With_Dysmorphic_Facies_Sleep_Disturbance_And_Brain_Abnormalities	MONDO:0030852	ELIGIBLE	KB_CATEGORY_MENDELIAN
Neurodevelopmental_Disorder_With_or_Without_Autism_or_Seizures	MONDO:0030994	ELIGIBLE	KB_CATEGORY_MENDELIAN
Neurodevelopmental_Disorder_with_Central_Hypotonia_and_Dysmorphic_Facies	MONDO:0859232	ELIGIBLE	KB_CATEGORY_MENDELIAN
Neurodevelopmental_Disorder_with_Dysmorphic_Facies_and_Distal_Skeletal_Anomalies	MONDO:0032855	ELIGIBLE	KB_CATEGORY_MENDELIAN
Neurodevelopmental_Disorder_with_Early-Onset_Parkinsonism_and_Behavioral_Abnormalities	MONDO:0958323	ELIGIBLE	KB_CATEGORY_MENDELIAN
Neurodevelopmental_Disorder_with_Epilepsy_Spasticity_and_Brain_Atrophy	MONDO:0032894	ELIGIBLE	KB_CATEGORY_MENDELIAN
Neurodevelopmental_Disorder_with_Hearing_Loss_and_Spasticity	MONDO:0859206	ELIGIBLE	KB_CATEGORY_MENDELIAN
Neurodevelopmental_Disorder_with_Hypotonia_Feeding_Difficulties_Facial_Dysmorphism_and_Brain_Abnormalities	MONDO:0971043	ELIGIBLE	KB_CATEGORY_MENDELIAN
Neurodevelopmental_Disorder_with_Hypotonia_and_Speech_Delay	MONDO:0957541	ELIGIBLE	KB_CATEGORY_MENDELIAN
Neurodevelopmental_Disorder_with_Microcephaly_Hypotonia_and_Absent_Language	MONDO:0859287	ELIGIBLE	KB_CATEGORY_MENDELIAN
Neurodevelopmental_Disorder_with_Microcephaly_Impaired_Language_and_Gait_Abnormalities	MONDO:0100348	ELIGIBLE	KB_CATEGORY_MENDELIAN
Neurodevelopmental_Disorder_with_Microcephaly_Movement_Abnormalities_and_Seizures	MONDO:0859282	ELIGIBLE	KB_CATEGORY_MENDELIAN
Neurodevelopmental_Disorder_with_Microcephaly_Seizures_and_Cortical_Atrophy	MONDO:0060621	ELIGIBLE	KB_CATEGORY_MENDELIAN
Neurodevelopmental_Disorder_with_Neuromuscular_and_Skeletal_Abnormalities	MONDO:0859236	ELIGIBLE	KB_CATEGORY_MENDELIAN
Neurodevelopmental_Disorder_with_Severe_Motor_Impairment_and_Absent_Language	MONDO:0060622	ELIGIBLE	KB_CATEGORY_MENDELIAN
Neurodevelopmental_Disorder_with_or_without_Anomalies_of_the_Brain_Eye_or_Heart	MONDO:0014857	ELIGIBLE	KB_CATEGORY_MENDELIAN
Neuronal_Ceroid_Lipofuscinosis_1	MONDO:0009744	ELIGIBLE	KB_CATEGORY_MENDELIAN
Neuronal_Ceroid_Lipofuscinosis_2	MONDO:0008769	ELIGIBLE	KB_CATEGORY_MENDELIAN
Neuronal_Ceroid_Lipofuscinosis_3	MONDO:0008767	ELIGIBLE	KB_CATEGORY_MENDELIAN
Neuronal_Ceroid_Lipofuscinosis_7	MONDO:0012588	ELIGIBLE	KB_CATEGORY_MENDELIAN
Neuronal_Intranuclear_Inclusion_Disease	MONDO:0011327	ELIGIBLE	KB_CATEGORY_MENDELIAN
Neurooculorenal_Syndrome	MONDO:0957210	ELIGIBLE	KB_CATEGORY_MENDELIAN
Neuropathy_Hereditary_Motor_And_Sensory_Type_VIc_With_Optic_Atrophy	MONDO:0032792	ELIGIBLE	KB_CATEGORY_MENDELIAN
Neutral_Lipid_Storage_Myopathy	MONDO:0012545	ELIGIBLE	KB_CATEGORY_MENDELIAN
Neutrophil_Immunodeficiency_Syndrome	MONDO:0011988	ELIGIBLE	KB_CATEGORY_MENDELIAN
Nicolaides-Baraitser_Syndrome	MONDO:0011053	ELIGIBLE	KB_CATEGORY_MENDELIAN
Niemann-Pick_Disease_Type_A	MONDO:0009756	ELIGIBLE	KB_CATEGORY_MENDELIAN
Niemann-Pick_Disease_Type_B	MONDO:0011871	ELIGIBLE	KB_CATEGORY_MENDELIAN
Niemann-Pick_Disease_Type_E	MONDO:0020384	ELIGIBLE	KB_CATEGORY_MENDELIAN
Nijmegen_Breakage_Syndrome-like_Disorder	MONDO:0013118	ELIGIBLE	KB_CATEGORY_MENDELIAN
Nijmegen_breakage_syndrome	MONDO:0009623	ELIGIBLE	KB_CATEGORY_MENDELIAN
Nizon-Isidor_Syndrome	MONDO:0030030	ELIGIBLE	KB_CATEGORY_MENDELIAN
Nonketotic_Hyperglycinemia	MONDO:0011612	ELIGIBLE	KB_CATEGORY_MENDELIAN
Noonan_Syndrome_6	MONDO:0013186	ELIGIBLE	KB_CATEGORY_MENDELIAN
North_Carolina_Macular_Dystrophy	MONDO:0007630	ELIGIBLE	KB_CATEGORY_MENDELIAN
Northern_Epilepsy	MONDO:0012391	ELIGIBLE	KB_CATEGORY_MENDELIAN
OPTN-related_Open_Angle_Glaucoma	MONDO:0100553	ELIGIBLE	KB_CATEGORY_MENDELIAN
ORAI1_Deficiency	MONDO:0013007	ELIGIBLE	KB_CATEGORY_MENDELIAN
OTUD6B-Related_Neurodevelopmental_Disorder	MONDO:0044319	ELIGIBLE	KB_CATEGORY_MENDELIAN
Ochoa_Syndrome	MONDO:0000463	ELIGIBLE	KB_CATEGORY_MENDELIAN
Oculocerebrodental_Syndrome	MONDO:0034145	ELIGIBLE	KB_CATEGORY_MENDELIAN
Oculocutaneous_Albinism	MONDO:0018910	ELIGIBLE	KB_CATEGORY_MENDELIAN
Oculodentodigital_Dysplasia	MONDO:0008111	ELIGIBLE	KB_CATEGORY_MENDELIAN
Oculofaciocardiodental_Syndrome	MONDO:0010261	ELIGIBLE	KB_CATEGORY_MENDELIAN
Oculogastrointestinal-Neurodevelopmental_Syndrome	MONDO:0036189	ELIGIBLE	KB_CATEGORY_MENDELIAN
Oculopharyngodistal_Myopathy	MONDO:0025193	ELIGIBLE	KB_CATEGORY_MENDELIAN
Odonto-Onycho-Dermal_Dysplasia	MONDO:0009773	ELIGIBLE	KB_CATEGORY_MENDELIAN
Odontochondrodysplasia	MONDO:0100325	ELIGIBLE	KB_CATEGORY_MENDELIAN
Ogden_syndrome	MONDO:0010457	ELIGIBLE	KB_CATEGORY_MENDELIAN
Okur_Chung_neurodevelopmental_syndrome	MONDO:0014893	ELIGIBLE	KB_CATEGORY_MENDELIAN
Omodysplasia	MONDO:0017136	ELIGIBLE	KB_CATEGORY_MENDELIAN
Opitz_GBBB_Syndrome	MONDO:0017138	ELIGIBLE	KB_CATEGORY_MENDELIAN
Opsismodysplasia	MONDO:0009785	ELIGIBLE	KB_CATEGORY_MENDELIAN
Optic_Atrophy_13_With_Retinal_And_Foveal_Abnormalities	MONDO:0008135	ELIGIBLE	KB_CATEGORY_MENDELIAN
Optic_Atrophy_14	MONDO:0957824	ELIGIBLE	KB_CATEGORY_MENDELIAN
Optic_Atrophy_3	MONDO:0008133	ELIGIBLE	KB_CATEGORY_MENDELIAN
Ornithine_Carbamoyltransferase_Deficiency	MONDO:0010703	ELIGIBLE	KB_CATEGORY_MENDELIAN
Orofaciodigital_Syndrome	MONDO:0015375	ELIGIBLE	KB_CATEGORY_MENDELIAN
Orofaciodigital_Syndrome_17	MONDO:0033375	ELIGIBLE	KB_CATEGORY_MENDELIAN
Orofaciodigital_Syndrome_Type_I	MONDO:0010702	ELIGIBLE	KB_CATEGORY_MENDELIAN
Osteogenesis_Imperfecta_Type_I	MONDO:0008146	ELIGIBLE	KB_CATEGORY_MENDELIAN
Osteogenesis_Imperfecta_Type_II	MONDO:0008147	ELIGIBLE	KB_CATEGORY_MENDELIAN
Osteogenesis_Imperfecta_Type_III	MONDO:0009804	ELIGIBLE	KB_CATEGORY_MENDELIAN
Osteogenesis_Imperfecta_Type_IV	MONDO:0008148	ELIGIBLE	KB_CATEGORY_MENDELIAN
Osteogenesis_Imperfecta_Type_IX	MONDO:0009805	ELIGIBLE	KB_CATEGORY_MENDELIAN
Osteogenesis_Imperfecta_Type_V	MONDO:0012591	ELIGIBLE	KB_CATEGORY_MENDELIAN
Osteogenesis_Imperfecta_Type_VI	MONDO:0013515	ELIGIBLE	KB_CATEGORY_MENDELIAN
Osteogenesis_Imperfecta_Type_VII	MONDO:0012536	ELIGIBLE	KB_CATEGORY_MENDELIAN
Osteogenesis_Imperfecta_Type_VIII	MONDO:0012581	ELIGIBLE	KB_CATEGORY_MENDELIAN
Osteogenesis_Imperfecta_Type_X	MONDO:0013459	ELIGIBLE	KB_CATEGORY_MENDELIAN
Osteogenesis_Imperfecta_Type_XI	MONDO:0012592	ELIGIBLE	KB_CATEGORY_MENDELIAN
Osteogenesis_Imperfecta_Type_XII	MONDO:0013460	ELIGIBLE	KB_CATEGORY_MENDELIAN
Osteogenesis_Imperfecta_Type_XIII	MONDO:0013924	ELIGIBLE	KB_CATEGORY_MENDELIAN
Osteogenesis_Imperfecta_Type_XIV	MONDO:0014029	ELIGIBLE	KB_CATEGORY_MENDELIAN
Osteogenesis_Imperfecta_Type_XIX	MONDO:0049223	ELIGIBLE	KB_CATEGORY_MENDELIAN
Osteogenesis_Imperfecta_Type_XV	MONDO:0014086	ELIGIBLE	KB_CATEGORY_MENDELIAN
Osteogenesis_Imperfecta_Type_XVI	MONDO:0014544	ELIGIBLE	KB_CATEGORY_MENDELIAN
Osteogenesis_Imperfecta_Type_XVII	MONDO:0014672	ELIGIBLE	KB_CATEGORY_MENDELIAN
Osteogenesis_Imperfecta_Type_XVIII	MONDO:0044329	ELIGIBLE	KB_CATEGORY_MENDELIAN
Osteogenesis_Imperfecta_Type_XX	MONDO:0032846	ELIGIBLE	KB_CATEGORY_MENDELIAN
Osteogenesis_Imperfecta_Type_XXI	MONDO:0030861	ELIGIBLE	KB_CATEGORY_MENDELIAN
Osteogenesis_Imperfecta_Type_XXII	MONDO:0030714	ELIGIBLE	KB_CATEGORY_MENDELIAN
Osteogenesis_Imperfecta_Type_XXIII	MONDO:0957988	ELIGIBLE	KB_CATEGORY_MENDELIAN
Osteoglophonic_Dysplasia	MONDO:0008150	ELIGIBLE	KB_CATEGORY_MENDELIAN
Osteopetrosis	MONDO:0017198	ELIGIBLE	KB_CATEGORY_MENDELIAN
Otofacial_Neurodevelopmental_Syndrome	MONDO:0975705	ELIGIBLE	KB_CATEGORY_MENDELIAN
PACS2-Related_Developmental_and_Epileptic_Encephalopathy	MONDO:0054845	ELIGIBLE	KB_CATEGORY_MENDELIAN
PAICS_Deficiency	MONDO:0859003	ELIGIBLE	KB_CATEGORY_MENDELIAN
PARK7-Related_Early-Onset_Parkinson_Disease	MONDO:0011658	ELIGIBLE	KB_CATEGORY_MENDELIAN
PAX1-Related_Otofaciocervical_Syndrome	MONDO:0014254	ELIGIBLE	KB_CATEGORY_MENDELIAN
PCDH19_Clustering_Epilepsy	MONDO:0010246	ELIGIBLE	KB_CATEGORY_MENDELIAN
PCWH_syndrome	MONDO:0012198	ELIGIBLE	KB_CATEGORY_MENDELIAN
PDE6A-Related_Retinopathy	MONDO:0700224	ELIGIBLE	KB_CATEGORY_MENDELIAN
PET100-Related_COX_Deficiency	MONDO:0033646	ELIGIBLE	KB_CATEGORY_MENDELIAN
PET117-Related_COX_Deficiency	MONDO:0033654	ELIGIBLE	KB_CATEGORY_MENDELIAN
PGM1-Congenital_Disorder_of_Glycosylation	MONDO:0013968	ELIGIBLE	KB_CATEGORY_MENDELIAN
PGM2L1_Deficiency	MONDO:0700092	ELIGIBLE	KB_CATEGORY_MENDELIAN
PHARC_syndrome	MONDO:0012984	ELIGIBLE	KB_CATEGORY_MENDELIAN
PHF21A_Related_Neurodevelopmental_Disorder	MONDO:0032883	ELIGIBLE	KB_CATEGORY_MENDELIAN
PNPO_Deficiency	MONDO:0012407	ELIGIBLE	KB_CATEGORY_MENDELIAN
POLR-Related_Leukodystrophy	MONDO:0100605	ELIGIBLE	KB_CATEGORY_MENDELIAN
POT1_Tumor_Predisposition_Syndrome	MONDO:0014368	ELIGIBLE	KB_CATEGORY_MENDELIAN
PPP2R3C-Related_Gonadal_Dysgenesis_Syndrome	MONDO:0032738	ELIGIBLE	KB_CATEGORY_MENDELIAN
PRKAG2_Cardiac_Syndrome	MONDO:0800484	ELIGIBLE	KB_CATEGORY_MENDELIAN
PRKN-Related_Juvenile_Parkinson_Disease	MONDO:0010820	ELIGIBLE	KB_CATEGORY_MENDELIAN
PRMT7-Related_Short_Stature-Brachydactyly_Syndrome	MONDO:0014944	ELIGIBLE	KB_CATEGORY_MENDELIAN
PRPF31-Related_Retinopathy	MONDO:0800395	ELIGIBLE	KB_CATEGORY_MENDELIAN
PRPH2-Related_Retinopathy	MONDO:1040055	ELIGIBLE	KB_CATEGORY_MENDELIAN
PRR12-Related_Neuroocular_Syndrome	MONDO:0971007	ELIGIBLE	KB_CATEGORY_MENDELIAN
PTCH1-related_Nevoid_Basal_Cell_Carcinoma_Syndrome	MONDO:0958174	ELIGIBLE	KB_CATEGORY_MENDELIAN
PTEN_Hamartoma_Tumor_Syndrome	MONDO:0017623	ELIGIBLE	KB_CATEGORY_MENDELIAN
PUS3-Related_Neurodevelopmental_Disorder	MONDO:0014886	ELIGIBLE	KB_CATEGORY_MENDELIAN
PUS7-Related_Neurodevelopmental_Disorder	MONDO:0032687	ELIGIBLE	KB_CATEGORY_MENDELIAN
Pachyonychia_Congenita	MONDO:0016471	ELIGIBLE	KB_CATEGORY_MENDELIAN
Pallister-Hall_Syndrome	MONDO:0007804	ELIGIBLE	KB_CATEGORY_MENDELIAN
Pancreatic_Agenesis	MONDO:0009832	ELIGIBLE	KB_CATEGORY_MENDELIAN
Pancytopenia-Developmental_Delay_Syndrome	MONDO:0014317	ELIGIBLE	KB_CATEGORY_MENDELIAN
Pantothenate_Kinase-Associated_Neurodegeneration	MONDO:0009319	ELIGIBLE	KB_CATEGORY_MENDELIAN
Parenti-Mignot_Neurodevelopmental_Syndrome	MONDO:0859249	ELIGIBLE	KB_CATEGORY_MENDELIAN
Parkinson_Disease_Mitochondrial	MONDO:0010796	ELIGIBLE	KB_CATEGORY_MENDELIAN
Paroxysmal_Dyskinesia	MONDO:0015427	ELIGIBLE	KB_CATEGORY_MENDELIAN
Paroxysmal_Extreme_Pain_Disorder	MONDO:0008179	ELIGIBLE	KB_CATEGORY_MENDELIAN
Patent_Ductus_Arteriosus_3	MONDO:0024266	ELIGIBLE	KB_CATEGORY_MENDELIAN
Pearson_Syndrome	MONDO:0010797	ELIGIBLE	KB_CATEGORY_MENDELIAN
Peeling_Skin_Syndrome	MONDO:0019347	ELIGIBLE	KB_CATEGORY_MENDELIAN
Pendred_Syndrome	MONDO:0010134	ELIGIBLE	KB_CATEGORY_MENDELIAN
Pentanucleotide_Repeat_Familial_Adult_Myoclonus_Epilepsy	MONDO:0019448	ELIGIBLE	KB_CATEGORY_MENDELIAN
Periodic_Fever_Immunodeficiency_and_Thrombocytopenia_Syndrome	MONDO:0007883	ELIGIBLE	KB_CATEGORY_MENDELIAN
Peroxisome_Biogenesis_Disorder_11A_Zellweger	MONDO:0013949	ELIGIBLE	KB_CATEGORY_MENDELIAN
Peroxisome_Biogenesis_Disorder_11B	MONDO:0013950	ELIGIBLE	KB_CATEGORY_MENDELIAN
Peroxisome_Biogenesis_Disorder_1B	MONDO:0011101	ELIGIBLE	KB_CATEGORY_MENDELIAN
Peroxisome_Biogenesis_Disorder_2B	MONDO:0008736	ELIGIBLE	KB_CATEGORY_MENDELIAN
Peroxisome_Biogenesis_Disorder_3A_Zellweger	MONDO:0013927	ELIGIBLE	KB_CATEGORY_MENDELIAN
Peroxisome_Biogenesis_Disorder_4A_Zellweger	MONDO:0013930	ELIGIBLE	KB_CATEGORY_MENDELIAN
Peroxisome_Biogenesis_Disorder_4B	MONDO:0013931	ELIGIBLE	KB_CATEGORY_MENDELIAN
Perrault_Syndrome	MONDO:0017312	ELIGIBLE	KB_CATEGORY_MENDELIAN
Peters_Plus_Syndrome	MONDO:0009856	ELIGIBLE	KB_CATEGORY_MENDELIAN
Pfeiffer_Syndrome	MONDO:0007043	ELIGIBLE	KB_CATEGORY_MENDELIAN
Phelan-McDermid_Syndrome	MONDO:0011652	ELIGIBLE	KB_CATEGORY_MENDELIAN
Pilarowski-Bjornsson_syndrome	MONDO:0060568	ELIGIBLE	KB_CATEGORY_MENDELIAN
Pitt-Hopkins_Syndrome	MONDO:0012589	ELIGIBLE	KB_CATEGORY_MENDELIAN
Platelet-type_Bleeding_Disorder_12	MONDO:0011588	ELIGIBLE	KB_CATEGORY_MENDELIAN
Platelet-type_Bleeding_Disorder_15	MONDO:0014078	ELIGIBLE	KB_CATEGORY_MENDELIAN
Platelet-type_Bleeding_Disorder_18	MONDO:0014386	ELIGIBLE	KB_CATEGORY_MENDELIAN
Platelet-type_Bleeding_Disorder_19	MONDO:0014518	ELIGIBLE	KB_CATEGORY_MENDELIAN
Platelet-type_Bleeding_Disorder_20	MONDO:0014830	ELIGIBLE	KB_CATEGORY_MENDELIAN
Platelet-type_Bleeding_Disorder_8	MONDO:0012354	ELIGIBLE	KB_CATEGORY_MENDELIAN
Polycystic_Kidney_Disease	MONDO:0020642	ELIGIBLE	KB_CATEGORY_MENDELIAN
Polycystic_Kidney_Disease_2	MONDO:0013131	ELIGIBLE	KB_CATEGORY_MENDELIAN
Polycystic_Kidney_Disease_3	MONDO:0010916	ELIGIBLE	KB_CATEGORY_MENDELIAN
Polymicrogyria_Perisylvian_With_Cerebellar_Hypoplasia_And_Arthrogryposis	MONDO:0014679	ELIGIBLE	KB_CATEGORY_MENDELIAN
Pompe_Disease	MONDO:0009290	ELIGIBLE	KB_CATEGORY_MENDELIAN
Pontocerebellar_Hypoplasia	MONDO:0020135	ELIGIBLE	KB_CATEGORY_MENDELIAN
Porokeratosis	MONDO:0006602	ELIGIBLE	KB_CATEGORY_MENDELIAN
Porphyria-Related_Leukoencephalopathy	MONDO:0958226	ELIGIBLE	KB_CATEGORY_MENDELIAN
Porphyria_due_to_ALA_Dehydratase_Deficiency	MONDO:0013000	ELIGIBLE	KB_CATEGORY_MENDELIAN
Portal_Hypertension_Noncirrhotic_2	MONDO:0030397	ELIGIBLE	KB_CATEGORY_MENDELIAN
Posterior_Polymorphous_Corneal_Dystrophy	MONDO:0020364	ELIGIBLE	KB_CATEGORY_MENDELIAN
Prader-Willi_Syndrome	MONDO:0008300	ELIGIBLE	KB_CATEGORY_MENDELIAN
Primary_Bile_Acid_Malabsorption	MONDO:0013214	ELIGIBLE	KB_CATEGORY_MENDELIAN
Primary_Carnitine_Deficiency	MONDO:0008919	ELIGIBLE	KB_CATEGORY_MENDELIAN
Primary_Erythermalgia	MONDO:0007571	ELIGIBLE	KB_CATEGORY_MENDELIAN
Primary_Pigmented_Nodular_Adrenocortical_Disease	MONDO:0015999	ELIGIBLE	KB_CATEGORY_MENDELIAN
Primary_Triglyceride_Deposit_Cardiomyovasculopathy	MONDO:0035423	ELIGIBLE	KB_CATEGORY_MENDELIAN
Primrose_Syndrome	MONDO:0009798	ELIGIBLE	KB_CATEGORY_MENDELIAN
Progressive_Familial_Intrahepatic_Cholestasis	MONDO:0015762	ELIGIBLE	KB_CATEGORY_MENDELIAN
Progressive_Myoclonic_Epilepsy_Type_8	MONDO:0014545	ELIGIBLE	KB_CATEGORY_MENDELIAN
Progressive_Pseudorheumatoid_Arthropathy_Of_Childhood	MONDO:0008827	ELIGIBLE	KB_CATEGORY_MENDELIAN
Propionic_Acidemia	MONDO:0011628	ELIGIBLE	KB_CATEGORY_MENDELIAN
Proteasome_Associated_Autoinflammatory_Syndrome	MONDO:0009726	ELIGIBLE	KB_CATEGORY_MENDELIAN
Protein_S_Deficiency	MONDO:0012868	ELIGIBLE	KB_CATEGORY_MENDELIAN
Proteus_syndrome	MONDO:0008318	ELIGIBLE	KB_CATEGORY_MENDELIAN
Proximal_Tubulopathy-Diabetes_Mellitus-Cerebellar_Ataxia_Syndrome	MONDO:0010798	ELIGIBLE	KB_CATEGORY_MENDELIAN
Pseudoxanthoma_Elasticum	MONDO:0100091	ELIGIBLE	KB_CATEGORY_MENDELIAN
Psoriasis_14_Pustular	MONDO:0013626	ELIGIBLE	KB_CATEGORY_MENDELIAN
Pulmonary_Alveolar_Microlithiasis	MONDO:0009928	ELIGIBLE	KB_CATEGORY_MENDELIAN
Punctate_Palmoplantar_Keratoderma	MONDO:0017675	ELIGIBLE	KB_CATEGORY_MENDELIAN
Pycnodysostosis	MONDO:0009940	ELIGIBLE	KB_CATEGORY_MENDELIAN
Pyridoxine-Dependent_Epilepsy	MONDO:0020741	ELIGIBLE	KB_CATEGORY_MENDELIAN
Pyruvate_Dehydrogenase_Deficiency	MONDO:0019169	ELIGIBLE	KB_CATEGORY_MENDELIAN
Pyruvate_Kinase_Deficiency	MONDO:0009950	ELIGIBLE	KB_CATEGORY_MENDELIAN
RAB23-Related_Carpenter_Syndrome	MONDO:0008710	ELIGIBLE	KB_CATEGORY_MENDELIAN
RAB33B-Related_Smith-McCort_Dysplasia_2	MONDO:0014087	ELIGIBLE	KB_CATEGORY_MENDELIAN
RAB5C-Related_Neurodevelopmental_Disorder_with_Macrocephaly		NO_MONDO_GROUNDING	KB_CATEGORY_MENDELIAN
RARB-related_syndromic_microphthalmia	MONDO:0014229	ELIGIBLE	KB_CATEGORY_MENDELIAN
RCBTB1-Related_Retinopathy	MONDO:0014955	ELIGIBLE	KB_CATEGORY_MENDELIAN
RDH5-Related_Retinopathy	MONDO:0100443	ELIGIBLE	KB_CATEGORY_MENDELIAN
RFT1-congenital_disorder_of_glycosylation	MONDO:0012783	ELIGIBLE	KB_CATEGORY_MENDELIAN
RHO-Related_Retinopathy	MONDO:0700380	ELIGIBLE	KB_CATEGORY_MENDELIAN
RHOBTB2-Related_Developmental_and_Epileptic_Encephalopathy	MONDO:0033373	ELIGIBLE	KB_CATEGORY_MENDELIAN
RHYNS_Syndrome	MONDO:0011202	ELIGIBLE	KB_CATEGORY_MENDELIAN
RLBP1-Related_Retinopathy	MONDO:0100444	ELIGIBLE	KB_CATEGORY_MENDELIAN
RNU12-related_Minor_Spliceopathy	MONDO:1060223	ELIGIBLE	KB_CATEGORY_MENDELIAN
RP1-Related_Retinopathy	MONDO:0800400	ELIGIBLE	KB_CATEGORY_MENDELIAN
RP2-Related_Retinopathy	MONDO:0100442	ELIGIBLE	KB_CATEGORY_MENDELIAN
RPE65-Related_Retinopathy	MONDO:0100368	ELIGIBLE	KB_CATEGORY_MENDELIAN
RPGR-Related_Retinopathy	MONDO:0100437	ELIGIBLE	KB_CATEGORY_MENDELIAN
RTN4IP1-Related_Optic_Atrophy	MONDO:0020737	ELIGIBLE	KB_CATEGORY_MENDELIAN
RUNX1_Familial_Platelet_Disorder	MONDO:0100083	ELIGIBLE	KB_CATEGORY_MENDELIAN
RYR1-Related_Myopathy	MONDO:0100150	ELIGIBLE	KB_CATEGORY_MENDELIAN
Raine_Syndrome	MONDO:0009821	ELIGIBLE	KB_CATEGORY_MENDELIAN
Rajab_Interstitial_Lung_Disease_With_Brain_Calcifications_1	MONDO:0100215	ELIGIBLE	KB_CATEGORY_MENDELIAN
ReNU_Syndrome	MONDO:0971172	ELIGIBLE	KB_CATEGORY_MENDELIAN
Reelin_Pathway_Lissencephaly	MONDO:0019450	ELIGIBLE	KB_CATEGORY_MENDELIAN
Renal_Tubular_Acidosis_Distal_2_With_Progressive_Sensorineural_Hearing_Loss	MONDO:0009968	ELIGIBLE	KB_CATEGORY_MENDELIAN
Renal_Tubular_Acidosis_Distal_3_With_Or_Without_Sensorineural_Hearing_Loss	MONDO:0011268	ELIGIBLE	KB_CATEGORY_MENDELIAN
Renal_Tubular_Acidosis_Distal_4_with_Hemolytic_Anemia	MONDO:0012700	ELIGIBLE	KB_CATEGORY_MENDELIAN
Renpenning_syndrome	MONDO:0010653	ELIGIBLE	KB_CATEGORY_MENDELIAN
Retinal_Arterial_Tortuosity	MONDO:0008373	ELIGIBLE	KB_CATEGORY_MENDELIAN
Retinitis_Pigmentosa_With_or_Without_Situs_Inversus	MONDO:0014186	ELIGIBLE	KB_CATEGORY_MENDELIAN
Reversible_Infantile_Cytochrome_c_Oxidase_Deficiency	MONDO:0957524	ELIGIBLE	KB_CATEGORY_MENDELIAN
Revesz_Syndrome	MONDO:0009990	ELIGIBLE	KB_CATEGORY_MENDELIAN
Rh_Deficiency_Syndrome	MONDO:0019107	ELIGIBLE	KB_CATEGORY_MENDELIAN
Rhabdoid_Tumor_Predisposition_Syndrome_1	MONDO:0012252	ELIGIBLE	KB_CATEGORY_MENDELIAN
Rhabdoid_Tumor_Predisposition_Syndrome_2	MONDO:0013224	ELIGIBLE	KB_CATEGORY_MENDELIAN
Rhizomelic_Chondrodysplasia_Punctata_Plasmalogen_Synthesis_Defect	MONDO:0015776	ELIGIBLE	KB_CATEGORY_MENDELIAN
Rhizomelic_Chondrodysplasia_Punctata_Type_1	MONDO:0008972	ELIGIBLE	KB_CATEGORY_MENDELIAN
Rhizomelic_Chondrodysplasia_Punctata_Type_5	MONDO:0014743	ELIGIBLE	KB_CATEGORY_MENDELIAN
Rienhoff_Syndrome	MONDO:0014262	ELIGIBLE	KB_CATEGORY_MENDELIAN
Ritscher-Schinzel_Syndrome	MONDO:0019078	ELIGIBLE	KB_CATEGORY_MENDELIAN
Ritscher-Schinzel_Syndrome_1	MONDO:0009073	ELIGIBLE	KB_CATEGORY_MENDELIAN
Robinow_Syndrome_Autosomal_Recessive_2	MONDO:0032800	ELIGIBLE	KB_CATEGORY_MENDELIAN
Rothmund-Thomson_Syndrome	MONDO:0010002	ELIGIBLE	KB_CATEGORY_MENDELIAN
Rotor_Syndrome	MONDO:0009379	ELIGIBLE	KB_CATEGORY_MENDELIAN
Rubinstein-Taybi_Syndrome	MONDO:0019188	ELIGIBLE	KB_CATEGORY_MENDELIAN
SADDAN	MONDO:0014658	ELIGIBLE	KB_CATEGORY_MENDELIAN
SARS1-Related_Neurodevelopmental_Disorder	MONDO:0060577	ELIGIBLE	KB_CATEGORY_MENDELIAN
SCAD_Deficiency	MONDO:0008722	ELIGIBLE	KB_CATEGORY_MENDELIAN
SCN1B-Related_Developmental_and_Epileptic_Encephalopathy	MONDO:0033361	ELIGIBLE	KB_CATEGORY_MENDELIAN
SCO1-Related_COX_Deficiency	MONDO:0033636	ELIGIBLE	KB_CATEGORY_MENDELIAN
SCO2-Related_Fatal_Infantile_Cardioencephalomyopathy	MONDO:0011451	ELIGIBLE	KB_CATEGORY_MENDELIAN
SCUBE3-Related_Short_Stature_Syndrome	MONDO:0030953	ELIGIBLE	KB_CATEGORY_MENDELIAN
SDHA-Related_Neurodegeneration_With_Ataxia_And_Optic_Atrophy	MONDO:0031006	ELIGIBLE	KB_CATEGORY_MENDELIAN
SETBP1_Disorder	MONDO:0014482	ELIGIBLE	KB_CATEGORY_MENDELIAN
SETD1A-Related_Early-Onset_Epilepsy	MONDO:0030005	ELIGIBLE	KB_CATEGORY_MENDELIAN
SETD1B-Related_Neurodevelopmental_Disorder	MONDO:0033559	ELIGIBLE	KB_CATEGORY_MENDELIAN
SETD5_Haploinsufficiency_Syndrome	MONDO:0014336	ELIGIBLE	KB_CATEGORY_MENDELIAN
SHORT_Syndrome	MONDO:0010026	ELIGIBLE	KB_CATEGORY_MENDELIAN
SLC12A5-Related_Developmental_and_Epileptic_Encephalopathy	MONDO:0014718	ELIGIBLE	KB_CATEGORY_MENDELIAN
SLC13A5_Citrate_Transporter_Disorder	MONDO:0014392	ELIGIBLE	KB_CATEGORY_MENDELIAN
SLC25A12-Related_Developmental_and_Epileptic_Encephalopathy	MONDO:0013056	ELIGIBLE	KB_CATEGORY_MENDELIAN
SLC35A2-CDG	MONDO:0010478	ELIGIBLE	KB_CATEGORY_MENDELIAN
SLC44A1-Related_Childhood-Onset_Neurodegeneration	MONDO:0030028	ELIGIBLE	KB_CATEGORY_MENDELIAN
SLC45A1-Related_Neuronal_Glucose_Transporter_Deficiency	MONDO:0044322	ELIGIBLE	KB_CATEGORY_MENDELIAN
SLC6A1-Related_Disorder	MONDO:0014633	ELIGIBLE	KB_CATEGORY_MENDELIAN
SMAD6-related_Craniosynostosis	MONDO:0044315	ELIGIBLE	KB_CATEGORY_MENDELIAN
SNAP25_Encephalopathy	MONDO:0014590	ELIGIBLE	KB_CATEGORY_MENDELIAN
SNF8-Related_Neurodevelopmental_Disorder	MONDO:0968947	ELIGIBLE	KB_CATEGORY_MENDELIAN
SNIP1-Related_Neurodevelopmental_Disorder	MONDO:0013787	ELIGIBLE	KB_CATEGORY_MENDELIAN
SOCS1_Haploinsufficiency	MONDO:0800130	ELIGIBLE	KB_CATEGORY_MENDELIAN
SOX11-Related_Neurodevelopmental_Disorder	MONDO:0014376	ELIGIBLE	KB_CATEGORY_MENDELIAN
SPOP-Related_Neurodevelopmental_Disorder	MONDO:0032942	ELIGIBLE	KB_CATEGORY_MENDELIAN
SPTAN1-Related_Developmental_and_Epileptic_Encephalopathy	MONDO:0013277	ELIGIBLE	KB_CATEGORY_MENDELIAN
SPTBN4-Related_Neurodevelopmental_Disorder	MONDO:0060496	ELIGIBLE	KB_CATEGORY_MENDELIAN
SRD5A3-Congenital_Disorder_of_Glycosylation	MONDO:0012885	ELIGIBLE	KB_CATEGORY_MENDELIAN
SRPX2-related_Speech_Epilepsy_Polymicrogyria		NO_MONDO_GROUNDING	KB_CATEGORY_MENDELIAN
STAG3-related_gametogenic_failure	MONDO:0014321	ELIGIBLE	KB_CATEGORY_MENDELIAN
STAT2_Deficiency	MONDO:0014715	ELIGIBLE	KB_CATEGORY_MENDELIAN
STAT6_Gain_of_Function_Disease	MONDO:0957807	ELIGIBLE	KB_CATEGORY_MENDELIAN
STING_Associated_Vasculopathy_with_Onset_in_Infancy	MONDO:0014405	ELIGIBLE	KB_CATEGORY_MENDELIAN
STK4_Deficiency	MONDO:0013934	ELIGIBLE	KB_CATEGORY_MENDELIAN
STRA6-related_syndromic_microphthalmia	MONDO:0011010	ELIGIBLE	KB_CATEGORY_MENDELIAN
STX1B-Related_Epilepsy	MONDO:0014517	ELIGIBLE	KB_CATEGORY_MENDELIAN
STXBP1_Encephalopathy	MONDO:0012812	ELIGIBLE	KB_CATEGORY_MENDELIAN
SUFU-related_Nevoid_Basal_Cell_Carcinoma_Syndrome	MONDO:0958189	ELIGIBLE	KB_CATEGORY_MENDELIAN
SURF1-Related_Leigh_Syndrome	MONDO:0700250	ELIGIBLE	KB_CATEGORY_MENDELIAN
SYCE1_Related_Gametogenic_Failure	MONDO:1060214	ELIGIBLE	KB_CATEGORY_MENDELIAN
SYCP2-related_spermatogenic_failure	MONDO:0009776	ELIGIBLE	KB_CATEGORY_MENDELIAN
SYCP3-related_spermatogenic_failure	MONDO:0010052	ELIGIBLE	KB_CATEGORY_MENDELIAN
SYN1-Related_Disorder	MONDO:0010339	ELIGIBLE	KB_CATEGORY_MENDELIAN
SYNGAP1-Related_Developmental_and_Epileptic_Encephalopathy	MONDO:0012960	ELIGIBLE	KB_CATEGORY_MENDELIAN
SYT1_Baker-Gordon_Syndrome	MONDO:0033864	ELIGIBLE	KB_CATEGORY_MENDELIAN
SZT2-Related_Developmental_and_Epileptic_Encephalopathy	MONDO:0014201	ELIGIBLE	KB_CATEGORY_MENDELIAN
Saethre-Chotzen_Syndrome	MONDO:0007042	ELIGIBLE	KB_CATEGORY_MENDELIAN
Salla_Disease	MONDO:0011449	ELIGIBLE	KB_CATEGORY_MENDELIAN
Sandhoff_Disease	MONDO:0010006	ELIGIBLE	KB_CATEGORY_MENDELIAN
Sanfilippo_syndrome	MONDO:0018937	ELIGIBLE	KB_CATEGORY_MENDELIAN
Sanjad-Sakati_Syndrome	MONDO:0009426	ELIGIBLE	KB_CATEGORY_MENDELIAN
Sarcoglycanopathy	MONDO:0016140	ELIGIBLE	KB_CATEGORY_MENDELIAN
Saul-Wilson_Syndrome	MONDO:0019407	ELIGIBLE	KB_CATEGORY_MENDELIAN
Say-Barber-Biesecker-Young-Simpson_Syndrome	MONDO:0011365	ELIGIBLE	KB_CATEGORY_MENDELIAN
Scapuloperoneal_Spinal_Muscular_Atrophy	MONDO:0008408	ELIGIBLE	KB_CATEGORY_MENDELIAN
Schaaf-Yang_Syndrome	MONDO:0014243	ELIGIBLE	KB_CATEGORY_MENDELIAN
Schindler_Disease	MONDO:0012221	ELIGIBLE	KB_CATEGORY_MENDELIAN
Schinzel-Giedion_Syndrome	MONDO:0010010	ELIGIBLE	KB_CATEGORY_MENDELIAN
Schneckenbecken_Dysplasia	MONDO:0010013	ELIGIBLE	KB_CATEGORY_MENDELIAN
Schnyder_Corneal_Dystrophy	MONDO:0007374	ELIGIBLE	KB_CATEGORY_MENDELIAN
Schwartz-Jampel_Syndrome	MONDO:0009717	ELIGIBLE	KB_CATEGORY_MENDELIAN
Sclerosteosis	MONDO:0017838	ELIGIBLE	KB_CATEGORY_MENDELIAN
Scott_Syndrome	MONDO:0009885	ELIGIBLE	KB_CATEGORY_MENDELIAN
Sea-Blue_Histiocyte_Syndrome	MONDO:0010017	ELIGIBLE	KB_CATEGORY_MENDELIAN
Seckel_Syndrome	MONDO:0019342	ELIGIBLE	KB_CATEGORY_MENDELIAN
Seizures-scoliosis-macrocephaly_Syndrome	MONDO:0014731	ELIGIBLE	KB_CATEGORY_MENDELIAN
Sengers_syndrome	MONDO:0008922	ELIGIBLE	KB_CATEGORY_MENDELIAN
Senior-Loken_Syndrome	MONDO:0017842	ELIGIBLE	KB_CATEGORY_MENDELIAN
Sensory_Ataxic_Neuropathy_Dysarthria_Ophthalmoparesis	MONDO:0011835	ELIGIBLE	KB_CATEGORY_MENDELIAN
Severe_Combined_Immunodeficiency	MONDO:0015974	ELIGIBLE	KB_CATEGORY_MENDELIAN
Severe_Combined_Immunodeficiency_Due_To_CARD11_Deficiency	MONDO:0014081	ELIGIBLE	KB_CATEGORY_MENDELIAN
Shashi-Pena_Syndrome	MONDO:0014963	ELIGIBLE	KB_CATEGORY_MENDELIAN
Shashi_X-Linked_Intellectual_Disability_Syndrome	MONDO:0010277	ELIGIBLE	KB_CATEGORY_MENDELIAN
Short-Rib_Polydactyly_Syndrome	MONDO:0015461	ELIGIBLE	KB_CATEGORY_MENDELIAN
Short-Rib_Thoracic_Dysplasia_6_With_Or_Without_Polydactyly	MONDO:0009894	ELIGIBLE	KB_CATEGORY_MENDELIAN
Short-rib_Thoracic_Dysplasia_21_Without_Polydactyly	MONDO:0030356	ELIGIBLE	KB_CATEGORY_MENDELIAN
Short_Stature_Amelogenesis_Imperfecta_And_Skeletal_Dysplasia_With_Scoliosis	MONDO:0032703	ELIGIBLE	KB_CATEGORY_MENDELIAN
Short_Stature_Dauber-Argente_Type	MONDO:0859182	ELIGIBLE	KB_CATEGORY_MENDELIAN
Short_Stature_Microcephaly_and_Endocrine_Dysfunction	MONDO:0014686	ELIGIBLE	KB_CATEGORY_MENDELIAN
Shprintzen-Goldberg_Syndrome	MONDO:0008426	ELIGIBLE	KB_CATEGORY_MENDELIAN
Shwachman-Diamond_Syndrome	MONDO:0009833	ELIGIBLE	KB_CATEGORY_MENDELIAN
Sialidosis_Type_1	MONDO:0019346	ELIGIBLE	KB_CATEGORY_MENDELIAN
Sialuria	MONDO:0010028	ELIGIBLE	KB_CATEGORY_MENDELIAN
Sick_Sinus_Syndrome_2_Autosomal_Dominant	MONDO:0008102	ELIGIBLE	KB_CATEGORY_MENDELIAN
Sickle_Cell_Disease	MONDO:0011382	ELIGIBLE	KB_CATEGORY_MENDELIAN
Siddiqi_Syndrome	MONDO:0032842	ELIGIBLE	KB_CATEGORY_MENDELIAN
Sideroblastic_Anemia_3	MONDO:0014804	ELIGIBLE	KB_CATEGORY_MENDELIAN
Sifrim-Hitz-Weiss_Syndrome	MONDO:0014946	ELIGIBLE	KB_CATEGORY_MENDELIAN
Silver_Russell_Syndrome	MONDO:0008394	ELIGIBLE	KB_CATEGORY_MENDELIAN
Simpson-Golabi-Behmel_Syndrome_Type_1	MONDO:0020602	ELIGIBLE	KB_CATEGORY_MENDELIAN
Sinoatrial_Node_Dysfunction_and_Deafness	MONDO:0013960	ELIGIBLE	KB_CATEGORY_MENDELIAN
Sitosterolemia	MONDO:0008863	ELIGIBLE	KB_CATEGORY_MENDELIAN
Sjogren-Larsson_Syndrome	MONDO:0010031	ELIGIBLE	KB_CATEGORY_MENDELIAN
Skraban-Deardorff_Syndrome	MONDO:0054636	ELIGIBLE	KB_CATEGORY_MENDELIAN
Sly_syndrome	MONDO:0009662	ELIGIBLE	KB_CATEGORY_MENDELIAN
Smith-Lemli-Opitz_syndrome	MONDO:0010035	ELIGIBLE	KB_CATEGORY_MENDELIAN
Smith-Magenis_Syndrome	MONDO:0008434	ELIGIBLE	KB_CATEGORY_MENDELIAN
Snijders_Blok-Campeau_Syndrome	MONDO:0032600	ELIGIBLE	KB_CATEGORY_MENDELIAN
Snyder-Robinson_Syndrome	MONDO:0010664	ELIGIBLE	KB_CATEGORY_MENDELIAN
Spastic_Paraparesis-cataracts-speech_Delay_Syndrome	MONDO:0036212	ELIGIBLE	KB_CATEGORY_MENDELIAN
Spastic_Paraplegia_81	MONDO:0032905	ELIGIBLE	KB_CATEGORY_MENDELIAN
Spastic_Paraplegia_89_Autosomal_Recessive	MONDO:0957274	ELIGIBLE	KB_CATEGORY_MENDELIAN
Spastic_Paraplegia_90A_Autosomal_Dominant	MONDO:0957308	ELIGIBLE	KB_CATEGORY_MENDELIAN
Spermatogenic_Failure_18	MONDO:0054615	ELIGIBLE	KB_CATEGORY_MENDELIAN
Spermatogenic_Failure_43	MONDO:0032898	ELIGIBLE	KB_CATEGORY_MENDELIAN
Spermatogenic_Failure_98	MONDO:0700290	ELIGIBLE	KB_CATEGORY_MENDELIAN
Spinal_Muscular_Atrophy_Progressive_Myoclonic_Epilepsy	MONDO:0008045	ELIGIBLE	KB_CATEGORY_MENDELIAN
Spinal_Muscular_Atrophy_with_Respiratory_Distress_Type_1	MONDO:0011436	ELIGIBLE	KB_CATEGORY_MENDELIAN
Spinocerebellar_Ataxia_27B	MONDO:0859340	ELIGIBLE	KB_CATEGORY_MENDELIAN
Spinocerebellar_Ataxia_43	MONDO:0014867	ELIGIBLE	KB_CATEGORY_MENDELIAN
Spinocerebellar_Ataxia_48	MONDO:0032526	ELIGIBLE	KB_CATEGORY_MENDELIAN
Spinocerebellar_Ataxia_Autosomal_Recessive_31	MONDO:0030323	ELIGIBLE	KB_CATEGORY_MENDELIAN
Spinocerebellar_Ataxia_Autosomal_Recessive_32	MONDO:0859245	ELIGIBLE	KB_CATEGORY_MENDELIAN
Spinocerebellar_Ataxia_Type_1	MONDO:0008119	ELIGIBLE	KB_CATEGORY_MENDELIAN
Spinocerebellar_Ataxia_Type_15_16	MONDO:0011694	ELIGIBLE	KB_CATEGORY_MENDELIAN
Spinocerebellar_Ataxia_Type_17	MONDO:0011781	ELIGIBLE	KB_CATEGORY_MENDELIAN
Spinocerebellar_Ataxia_Type_2	MONDO:0008458	ELIGIBLE	KB_CATEGORY_MENDELIAN
Spinocerebellar_Ataxia_Type_23	MONDO:0012449	ELIGIBLE	KB_CATEGORY_MENDELIAN
Spinocerebellar_Ataxia_Type_31	MONDO:0007296	ELIGIBLE	KB_CATEGORY_MENDELIAN
Spinocerebellar_Ataxia_Type_36	MONDO:0013594	ELIGIBLE	KB_CATEGORY_MENDELIAN
Spinocerebellar_Ataxia_Type_8	MONDO:0012116	ELIGIBLE	KB_CATEGORY_MENDELIAN
Split_Hand_Foot_Malformation	MONDO:0016576	ELIGIBLE	KB_CATEGORY_MENDELIAN
Spondylo-megaepiphyseal-metaphyseal_Dysplasia	MONDO:0013228	ELIGIBLE	KB_CATEGORY_MENDELIAN
Spondylocarpotarsal_Synostosis_Syndrome	MONDO:0010094	ELIGIBLE	KB_CATEGORY_MENDELIAN
Spondylocostal_Dysostosis	MONDO:0000359	ELIGIBLE	KB_CATEGORY_MENDELIAN
Spondylodysplastic_Ehlers-Danlos_Syndrome	MONDO:0007526	ELIGIBLE	KB_CATEGORY_MENDELIAN
Spondyloenchondrodysplasia	MONDO:0011939	ELIGIBLE	KB_CATEGORY_MENDELIAN
Spondyloepimetaphyseal_Dysplasia_Aggrecan_Type	MONDO:0013014	ELIGIBLE	KB_CATEGORY_MENDELIAN
Spondyloepimetaphyseal_Dysplasia_Bieganski_Type	MONDO:0010275	ELIGIBLE	KB_CATEGORY_MENDELIAN
Spondyloepimetaphyseal_Dysplasia_Faden-Alkuraya_Type	MONDO:0014748	ELIGIBLE	KB_CATEGORY_MENDELIAN
Spondyloepimetaphyseal_Dysplasia_Guo-Campeau_Type	MONDO:0958006	ELIGIBLE	KB_CATEGORY_MENDELIAN
Spondyloepimetaphyseal_Dysplasia_Maroteaux_Type	MONDO:0008473	ELIGIBLE	KB_CATEGORY_MENDELIAN
Spondyloepimetaphyseal_Dysplasia_Short_Limb_Abnormal_Calcification_Syndrome	MONDO:0010077	ELIGIBLE	KB_CATEGORY_MENDELIAN
Spondyloepimetaphyseal_Dysplasia_Strudwick_Type	MONDO:0008476	ELIGIBLE	KB_CATEGORY_MENDELIAN
Spondyloepiphyseal_Dysplasia_Congenita	MONDO:0008471	ELIGIBLE	KB_CATEGORY_MENDELIAN
Spondyloepiphyseal_Dysplasia_Nishimura_Type	MONDO:0032835	ELIGIBLE	KB_CATEGORY_MENDELIAN
Spondylometaphyseal_Dysplasia_Corner_Fracture_Type	MONDO:0008479	ELIGIBLE	KB_CATEGORY_MENDELIAN
Spondylometaphyseal_Dysplasia_Kozlowski_Type	MONDO:0008477	ELIGIBLE	KB_CATEGORY_MENDELIAN
Spondylometaphyseal_Dysplasia_with_Cone-Rod_Dystrophy	MONDO:0012160	ELIGIBLE	KB_CATEGORY_MENDELIAN
Spondylometaphyseal_Dysplasia_with_Corneal_Dystrophy	MONDO:0030074	ELIGIBLE	KB_CATEGORY_MENDELIAN
Stankiewicz_Isidor_syndrome	MONDO:0054591	ELIGIBLE	KB_CATEGORY_MENDELIAN
Stargardt_Disease	MONDO:0019353	ELIGIBLE	KB_CATEGORY_MENDELIAN
Stickler_Syndrome_Type_1	MONDO:0007160	ELIGIBLE	KB_CATEGORY_MENDELIAN
Stickler_Syndrome_Type_2	MONDO:0011493	ELIGIBLE	KB_CATEGORY_MENDELIAN
Stiff_Skin_Syndrome	MONDO:0008492	ELIGIBLE	KB_CATEGORY_MENDELIAN
Stromme_Syndrome	MONDO:0009477	ELIGIBLE	KB_CATEGORY_MENDELIAN
Succinic_Semialdehyde_Dehydrogenase_Deficiency	MONDO:0010083	ELIGIBLE	KB_CATEGORY_MENDELIAN
Sweeney-Cox_Syndrome	MONDO:0060592	ELIGIBLE	KB_CATEGORY_MENDELIAN
Syndromic_X-linked_Intellectual_Disability_94	MONDO:0010402	ELIGIBLE	KB_CATEGORY_MENDELIAN
TACO1-Related_COX_Deficiency	MONDO:0033638	ELIGIBLE	KB_CATEGORY_MENDELIAN
TANGO2_Deficiency_Disorder	MONDO:0018820	ELIGIBLE	KB_CATEGORY_MENDELIAN
TARP_syndrome	MONDO:0010711	ELIGIBLE	KB_CATEGORY_MENDELIAN
TBX6-Associated_Congenital_Scoliosis	MONDO:0007389	ELIGIBLE	KB_CATEGORY_MENDELIAN
TCF20-Associated_Neurodevelopmental_Disorder	MONDO:0032745	ELIGIBLE	KB_CATEGORY_MENDELIAN
TEX11-related_spermatogenic_failure	MONDO:0010647	ELIGIBLE	KB_CATEGORY_MENDELIAN
TFRC-Related_Combined_Immunodeficiency	MONDO:0014760	ELIGIBLE	KB_CATEGORY_MENDELIAN
THG1L-Related_Disorder	MONDO:0032923	ELIGIBLE	KB_CATEGORY_MENDELIAN
THOC2-Related_Intellectual_Disability	MONDO:0010496	ELIGIBLE	KB_CATEGORY_MENDELIAN
THOC6-Related_Developmental_Delay-Microcephaly-Facial_Dysmorphism_Syndrome	MONDO:0013362	ELIGIBLE	KB_CATEGORY_MENDELIAN
THUMPD1-Related_Neurodevelopmental_Disorder	MONDO:0859272	ELIGIBLE	KB_CATEGORY_MENDELIAN
TLR3_Deficiency	MONDO:0800187	ELIGIBLE	KB_CATEGORY_MENDELIAN
TMEM199-CDG	MONDO:0014790	ELIGIBLE	KB_CATEGORY_MENDELIAN
TNF_Receptor-Associated_Periodic_Syndrome	MONDO:0007727	ELIGIBLE	KB_CATEGORY_MENDELIAN
TRAF3_Haploinsufficiency	MONDO:0100513	ELIGIBLE	KB_CATEGORY_MENDELIAN
TRAPPC12-Related_Encephalopathy	MONDO:0044696	ELIGIBLE	KB_CATEGORY_MENDELIAN
TRIO-Related_Neurodevelopmental_Disorder		NO_MONDO_GROUNDING	KB_CATEGORY_MENDELIAN
TRMU-Related_Acute_Infantile_Liver_Failure	MONDO:0013111	ELIGIBLE	KB_CATEGORY_MENDELIAN
TTC19-related_Mitochondrial_Complex_III_Deficiency	MONDO:0014063	ELIGIBLE	KB_CATEGORY_MENDELIAN
TTN_Related_Myopathy_Dominant_Negative_TTNsv	MONDO:0100494	ELIGIBLE	KB_CATEGORY_MENDELIAN
TUBA1A-related_Tubulinopathy	MONDO:0012703	ELIGIBLE	KB_CATEGORY_MENDELIAN
TUBA4A-related_Disorder	MONDO:0014531	ELIGIBLE	KB_CATEGORY_MENDELIAN
TUBA8-related_Polymicrogyria_with_Optic_Nerve_Hypoplasia	MONDO:0013172	ELIGIBLE	KB_CATEGORY_MENDELIAN
TUBB1-related_Macrothrombocytopenia	MONDO:0800047	ELIGIBLE	KB_CATEGORY_MENDELIAN
TUBB2A_TUBB2B-related_Cortical_Malformation	MONDO:0018763	ELIGIBLE	KB_CATEGORY_MENDELIAN
TUBB3-related_Tubulinopathy	MONDO:0100154	ELIGIBLE	KB_CATEGORY_MENDELIAN
TUBB4A-related_Neurologic_Disorder	MONDO:0800470	ELIGIBLE	KB_CATEGORY_MENDELIAN
TUBB8-related_Oocyte_Maturation_Defect	MONDO:0021573	ELIGIBLE	KB_CATEGORY_MENDELIAN
TUBB_TUBB5-related_Microcephaly	MONDO:0014341	ELIGIBLE	KB_CATEGORY_MENDELIAN
TUBG1-related_Tubulinopathy	MONDO:0014171	ELIGIBLE	KB_CATEGORY_MENDELIAN
TUBGCP2-related_Lissencephaly_Spectrum_Disorder	MONDO:0032893	ELIGIBLE	KB_CATEGORY_MENDELIAN
TUBGCP4-related_Microcephaly_and_Chorioretinopathy	MONDO:0014592	ELIGIBLE	KB_CATEGORY_MENDELIAN
TUBGCP6-related_Microcephaly_and_Chorioretinopathy	MONDO:0009624	ELIGIBLE	KB_CATEGORY_MENDELIAN
Tangier_Disease	MONDO:0008783	ELIGIBLE	KB_CATEGORY_MENDELIAN
Tatton-Brown-Rahman_overgrowth_syndrome	MONDO:0014382	ELIGIBLE	KB_CATEGORY_MENDELIAN
Taurine_Transporter_Deficiency	MONDO:0007777	ELIGIBLE	KB_CATEGORY_MENDELIAN
Taurodontism	MONDO:0010098	ELIGIBLE	KB_CATEGORY_MENDELIAN
Tay-Sachs_Disease_AB_Variant	MONDO:0010099	ELIGIBLE	KB_CATEGORY_MENDELIAN
Temple-Baraitser_Syndrome	MONDO:0012735	ELIGIBLE	KB_CATEGORY_MENDELIAN
Temtamy_Preaxial_Brachydactyly_Syndrome	MONDO:0011533	ELIGIBLE	KB_CATEGORY_MENDELIAN
Temtamy_Syndrome	MONDO:0009033	ELIGIBLE	KB_CATEGORY_MENDELIAN
Thanatophoric_Dysplasia	MONDO:0017042	ELIGIBLE	KB_CATEGORY_MENDELIAN
Thanatophoric_Dysplasia_Type_1	MONDO:0008546	ELIGIBLE	KB_CATEGORY_MENDELIAN
Thanatophoric_Dysplasia_Type_2	MONDO:0008547	ELIGIBLE	KB_CATEGORY_MENDELIAN
Thiopurine_S-methyltransferase_Deficiency	MONDO:0012503	ELIGIBLE	KB_CATEGORY_MENDELIAN
Thomsen_and_Becker_disease	MONDO:0009710	ELIGIBLE	KB_CATEGORY_MENDELIAN
Thyroid_Dyshormonogenesis_5	MONDO:0010137	ELIGIBLE	KB_CATEGORY_MENDELIAN
Timothy_Syndrome	MONDO:0010979	ELIGIBLE	KB_CATEGORY_MENDELIAN
Transaldolase_Deficiency	MONDO:0011624	ELIGIBLE	KB_CATEGORY_MENDELIAN
Transketolase_Deficiency	MONDO:0014881	ELIGIBLE	KB_CATEGORY_MENDELIAN
Treacher_Collins_Syndrome	MONDO:0002457	ELIGIBLE	KB_CATEGORY_MENDELIAN
Trehalase_Deficiency	MONDO:0012803	ELIGIBLE	KB_CATEGORY_MENDELIAN
Trichohepatoenteric_Syndrome	MONDO:0009105	ELIGIBLE	KB_CATEGORY_MENDELIAN
Trichothiodystrophy	MONDO:0018053	ELIGIBLE	KB_CATEGORY_MENDELIAN
Triglyceride_Storage_Disease_Type_1	MONDO:0008601	ELIGIBLE	KB_CATEGORY_MENDELIAN
Triglyceride_Storage_Disease_Type_2	MONDO:0008602	ELIGIBLE	KB_CATEGORY_MENDELIAN
Trimethylaminuria	MONDO:0018767	ELIGIBLE	KB_CATEGORY_MENDELIAN
Triosephosphate_Isomerase_Deficiency	MONDO:0014221	ELIGIBLE	KB_CATEGORY_MENDELIAN
Tuberous_Sclerosis_Complex	MONDO:0001734	ELIGIBLE	KB_CATEGORY_MENDELIAN
Tyrosinemia_Type_I	MONDO:0010161	ELIGIBLE	KB_CATEGORY_MENDELIAN
Tyrosinemia_Type_II	MONDO:0010160	ELIGIBLE	KB_CATEGORY_MENDELIAN
Tyrosinemia_Type_III	MONDO:0010162	ELIGIBLE	KB_CATEGORY_MENDELIAN
UBA5-Related_Developmental_and_Epileptic_Encephalopathy	MONDO:0014933	ELIGIBLE	KB_CATEGORY_MENDELIAN
UCHL1-Related_Neurodegeneration_with_Optic_Atrophy_and_Spastic_Paraplegia	MONDO:0014209	ELIGIBLE	KB_CATEGORY_MENDELIAN
UGDH-Related_Developmental_and_Epileptic_Encephalopathy_84	MONDO:0032918	ELIGIBLE	KB_CATEGORY_MENDELIAN
UGGT1-congenital_disorder_of_glycosylation	MONDO:0980705	ELIGIBLE	KB_CATEGORY_MENDELIAN
UGP2-Related_Developmental_and_Epileptic_Encephalopathy_83	MONDO:0032895	ELIGIBLE	KB_CATEGORY_MENDELIAN
UNC13A_Congenital_NDD_with_Epilepsy	MONDO:0980940	ELIGIBLE	KB_CATEGORY_MENDELIAN
UNC13A_NDD_with_Seizures_and_Movement_Disorder	MONDO:0980941	ELIGIBLE	KB_CATEGORY_MENDELIAN
Ullrich_Congenital_Muscular_Dystrophy	MONDO:0000355	ELIGIBLE	KB_CATEGORY_MENDELIAN
Ulnar-Mammary_Syndrome	MONDO:0008411	ELIGIBLE	KB_CATEGORY_MENDELIAN
Undetermined_Early_Onset_Epileptic_Encephalopathy	MONDO:0018614	ELIGIBLE	KB_CATEGORY_MENDELIAN
Uner_Tan_Syndrome	MONDO:0100144	ELIGIBLE	KB_CATEGORY_MENDELIAN
Unverricht-Lundborg_Disease	MONDO:0009698	ELIGIBLE	KB_CATEGORY_MENDELIAN
Urea_Cycle_Disorder	MONDO:0004739	ELIGIBLE	KB_CATEGORY_MENDELIAN
Usher_Syndrome	MONDO:0019501	ELIGIBLE	KB_CATEGORY_MENDELIAN
Usher_Syndrome_Type_4	MONDO:0029141	ELIGIBLE	KB_CATEGORY_MENDELIAN
Uveal_Coloboma-Cleft_Lip_and_Palate-Intellectual_Disability_Syndrome	MONDO:0007355	ELIGIBLE	KB_CATEGORY_MENDELIAN
VAMP2-Related_Disorder	MONDO:0032900	ELIGIBLE	KB_CATEGORY_MENDELIAN
VCP-associated_Multisystem_Proteinopathy	MONDO:0008178	ELIGIBLE	KB_CATEGORY_MENDELIAN
VLCAD_Deficiency	MONDO:0008723	ELIGIBLE	KB_CATEGORY_MENDELIAN
VPS4A-Related_Neurodevelopmental_Syndrome	MONDO:0035819	ELIGIBLE	KB_CATEGORY_MENDELIAN
VPS51-Related_Pontocerebellar_Hypoplasia-CDG	MONDO:0032831	ELIGIBLE	KB_CATEGORY_MENDELIAN
VPS53-Related_Pontocerebellar_Hypoplasia_Type_2E	MONDO:0014370	ELIGIBLE	KB_CATEGORY_MENDELIAN
Van_Buchem_Disease	MONDO:0009395	ELIGIBLE	KB_CATEGORY_MENDELIAN
Van_Maldergem_Syndrome	MONDO:0017813	ELIGIBLE	KB_CATEGORY_MENDELIAN
Vascular_Ehlers-Danlos_Syndrome	MONDO:0017314	ELIGIBLE	KB_CATEGORY_MENDELIAN
Vici_Syndrome	MONDO:0009452	ELIGIBLE	KB_CATEGORY_MENDELIAN
Visceral_Heterotaxy_9	MONDO:0030070	ELIGIBLE	KB_CATEGORY_MENDELIAN
Vitamin_D-Dependent_Rickets_Type_1A	MONDO:0020723	ELIGIBLE	KB_CATEGORY_MENDELIAN
Vitamin_D-Dependent_Rickets_Type_1B	MONDO:0010810	ELIGIBLE	KB_CATEGORY_MENDELIAN
Vitamin_D-Dependent_Rickets_Type_2A	MONDO:0010186	ELIGIBLE	KB_CATEGORY_MENDELIAN
Vitamin_D-Dependent_Rickets_Type_3	MONDO:0033640	ELIGIBLE	KB_CATEGORY_MENDELIAN
Vitamin_K_Dependent_Coagulation_Factor_Deficiency	MONDO:0015722	ELIGIBLE	KB_CATEGORY_MENDELIAN
WAPL-Related_Developmental_Disorder		NO_MONDO_GROUNDING	KB_CATEGORY_MENDELIAN
WWOX-Related_Developmental_and_Epileptic_Encephalopathy	MONDO:0014533	ELIGIBLE	KB_CATEGORY_MENDELIAN
Warburg_Cinotti_Syndrome	MONDO:0032579	ELIGIBLE	KB_CATEGORY_MENDELIAN
Warburg_Micro_Syndrome	MONDO:0016649	ELIGIBLE	KB_CATEGORY_MENDELIAN
Warsaw_breakage_syndrome	MONDO:0013252	ELIGIBLE	KB_CATEGORY_MENDELIAN
Weaver_Syndrome	MONDO:0010193	ELIGIBLE	KB_CATEGORY_MENDELIAN
Weill-Marchesani_Syndrome	MONDO:0018096	ELIGIBLE	KB_CATEGORY_MENDELIAN
Weiss-Kruszka_Syndrome	MONDO:0032836	ELIGIBLE	KB_CATEGORY_MENDELIAN
Werner_Syndrome	MONDO:0010196	ELIGIBLE	KB_CATEGORY_MENDELIAN
White-Sutton_Syndrome	MONDO:0014606	ELIGIBLE	KB_CATEGORY_MENDELIAN
Wieacker_Wolff_Syndrome	MONDO:0025445	ELIGIBLE	KB_CATEGORY_MENDELIAN
Wiedemann-Rautenstrauch_Syndrome	MONDO:0009910	ELIGIBLE	KB_CATEGORY_MENDELIAN
Wiedemann-Steiner_Syndrome	MONDO:0011518	ELIGIBLE	KB_CATEGORY_MENDELIAN
Williams_Syndrome	MONDO:0008678	ELIGIBLE	KB_CATEGORY_MENDELIAN
Wolcott-Rallison_Syndrome	MONDO:0009192	ELIGIBLE	KB_CATEGORY_MENDELIAN
Wolfram_Syndrome	MONDO:0018105	ELIGIBLE	KB_CATEGORY_MENDELIAN
Wolman_Disease	MONDO:0019148	ELIGIBLE	KB_CATEGORY_MENDELIAN
Woodhouse-Sakati_Syndrome	MONDO:0009419	ELIGIBLE	KB_CATEGORY_MENDELIAN
X-Linked_Hypophosphatemia	MONDO:0010619	ELIGIBLE	KB_CATEGORY_MENDELIAN
X-Linked_Infantile_Spinal_Muscular_Atrophy	MONDO:0010532	ELIGIBLE	KB_CATEGORY_MENDELIAN
X-Linked_Spondyloepiphyseal_Dysplasia_Tarda	MONDO:0010737	ELIGIBLE	KB_CATEGORY_MENDELIAN
X-linked_Agammaglobulinemia	MONDO:0010421	ELIGIBLE	KB_CATEGORY_MENDELIAN
X-linked_Chondrodysplasia_Punctata_1	MONDO:0010555	ELIGIBLE	KB_CATEGORY_MENDELIAN
X-linked_Chondrodysplasia_Punctata_2	MONDO:0020603	ELIGIBLE	KB_CATEGORY_MENDELIAN
X-linked_Dilated_Cardiomyopathy	MONDO:0010542	ELIGIBLE	KB_CATEGORY_MENDELIAN
X-linked_Dystonia-Parkinsonism	MONDO:0010747	ELIGIBLE	KB_CATEGORY_MENDELIAN
X-linked_Mendelian_Susceptibility_to_Mycobacterial_Diseases_due_to_CYBB_Deficiency	MONDO:0010389	ELIGIBLE	KB_CATEGORY_MENDELIAN
X-linked_Retinoschisis	MONDO:0010725	ELIGIBLE	KB_CATEGORY_MENDELIAN
XFE_Progeroid_Syndrome	MONDO:0012590	ELIGIBLE	KB_CATEGORY_MENDELIAN
Xeroderma_Pigmentosum	MONDO:0019600	ELIGIBLE	KB_CATEGORY_MENDELIAN
YWHAG_Syndrome	MONDO:0033365	ELIGIBLE	KB_CATEGORY_MENDELIAN
You-Hoover-Fong_Syndrome	MONDO:0014848	ELIGIBLE	KB_CATEGORY_MENDELIAN
ZNF407-Related_Neurodevelopmental_Disorder	MONDO:0859198	ELIGIBLE	KB_CATEGORY_MENDELIAN
ZRS-Related_Limb_Malformation		NO_MONDO_GROUNDING	KB_CATEGORY_MENDELIAN
ZTTK_syndrome	MONDO:0014936	ELIGIBLE	KB_CATEGORY_MENDELIAN
Zellweger_Spectrum_Disorders	MONDO:0019609	ELIGIBLE	KB_CATEGORY_MENDELIAN
Zimmermann_Laband_Syndrome	MONDO:0000200	ELIGIBLE	KB_CATEGORY_MENDELIAN
Zlotogora-Ogur_Syndrome	MONDO:0009151	ELIGIBLE	KB_CATEGORY_MENDELIAN
aceruloplasminemia	MONDO:0011426	ELIGIBLE	KB_CATEGORY_MENDELIAN
adrenoleukodystrophy	MONDO:0018544	ELIGIBLE	KB_CATEGORY_MENDELIAN
alpha-Methylacyl-CoA_Racemase_Deficiency	MONDO:0013681	ELIGIBLE	KB_CATEGORY_MENDELIAN
neuroferritinopathy	MONDO:0011638	ELIGIBLE	KB_CATEGORY_MENDELIAN
ornithine_aminotransferase_deficiency	MONDO:0009796	ELIGIBLE	KB_CATEGORY_MENDELIAN
