slug	name	parent	mendelian	solver_status	boomer_icd10_terms	direct_icd10cm_count	mondo_icd10_count	exact_ordo_links	ordo_icd10_count	ordo_predicates	no_mapping_found
2-Methylbutyryl-CoA_Dehydrogenase_Deficiency	2-Methylbutyryl-CoA Dehydrogenase Deficiency	MONDO:0012392	1	ALL_MAPPINGS_CONSISTENT	ICD10:E71.1	0	0	ORDO:79157	1	skos:broadMatch	0
3-Hydroxy-3-Methylglutaric_Aciduria	3-Hydroxy-3-Methylglutaric Aciduria	MONDO:0009520	1	TIMED_OUT	ICD10:E71.1	0	0	ORDO:20	1	skos:broadMatch	0
3-Hydroxy-3-Methylglutaryl-CoA_Synthase_Deficiency	3-Hydroxy-3-Methylglutaryl-CoA Synthase Deficiency	MONDO:0011614	1	ALL_MAPPINGS_CONSISTENT	ICD10:E71.3	0	0	ORDO:35701	1	skos:broadMatch	0
3-Hydroxyisobutyryl-CoA_Hydrolase_Deficiency	3-hydroxyisobutyryl-CoA hydrolase deficiency	MONDO:0009603	1	ALL_MAPPINGS_CONSISTENT	ICD10:E71.1	0	0	ORDO:88639	1	skos:broadMatch	0
3-M_Syndrome	3-M Syndrome	MONDO:0007477	1	TIMED_OUT	ICD10:Q87.1	0	0	ORDO:2616	1	skos:broadMatch	0
3-Methylcrotonyl-CoA_Carboxylase_Deficiency	3-Methylcrotonyl-CoA Carboxylase Deficiency	MONDO:0018950	1	ALL_MAPPINGS_CONSISTENT	ICD10:E71.1	0	0	ORDO:6	1	skos:broadMatch	0
3-Methylglutaconic_Aciduria_Type_I	3-Methylglutaconic Aciduria Type I	MONDO:0009610	1	TIMED_OUT	ICD10:E71.1	0	0	ORDO:67046	1	skos:broadMatch	0
3-Phosphoglycerate_Dehydrogenase_Deficiency	3-Phosphoglycerate Dehydrogenase Deficiency	MONDO:0011152	1	TIMED_OUT	ICD10:E72.8|ICD10:Q87.8	0	0	ORDO:79351	1	skos:broadMatch	0
3-methylglutaconic_Aciduria_With_Deafness_Encephalopathy_And_Leigh-like_Syndrome	3-methylglutaconic_Aciduria_With_Deafness_Encephalopathy_And_Leigh-like_Syndrome	MONDO:0013875	1	ALL_MAPPINGS_CONSISTENT	ICD10:E71.1	0	0	ORDO:352328	1	skos:broadMatch	0
3MC_Syndrome	3MC Syndrome	MONDO:0017398	1	TIMED_OUT	ICD10:Q87.8	0	0	ORDO:293843	1	skos:broadMatch	0
46_XX_Gonadal_Dysgenesis	46,XX Gonadal Dysgenesis	MONDO:0009299	1	TIMED_OUT	ICD10:Q96.8|ICD10:Q99.1	0	0	ORDO:243	1	skos:exactMatch	0
46_XX_Testicular_DSD	46,XX testicular disorder of sex development	MONDO:0100249	1	TIMED_OUT	ICD10:Q99.1	0	0	ORDO:393	1	skos:broadMatch	0
46_XY_DSD_Due_to_17_Beta_Hydroxysteroid_Dehydrogenase_3_Deficiency	46,XY disorder of sex development due to 17-beta-hydroxysteroid dehydrogenase 3 deficiency	MONDO:0009916	1	TIMED_OUT	ICD10:E29.1	0	0	ORDO:752	1	skos:broadMatch	0
46_XY_DSD_Due_to_5_Alpha_Reductase_2_Deficiency	46,XY disorder of sex development due to 5-alpha-reductase 2 deficiency	MONDO:0009923	1	ALL_MAPPINGS_CONSISTENT	ICD10:E29.1	0	0	ORDO:753	1	skos:broadMatch	0
46_XY_Partial_Gonadal_Dysgenesis	46,XY partial gonadal dysgenesis	MONDO:0016674	1	ALL_MAPPINGS_CONSISTENT	ICD10:Q56.1	0	0	ORDO:251510	1	skos:broadMatch	0
46_XY_Sex_Reversal_5	46,XY Sex Reversal 5	MONDO:0013120	1	ALL_MAPPINGS_CONSISTENT		0	0		0		1
46_XY_complete_gonadal_dysgenesis	46,XY complete gonadal dysgenesis	MONDO:0010765	1	ALL_MAPPINGS_CONSISTENT	ICD10:Q99.1	0	0	ORDO:242	1	skos:broadMatch	0
5-Oxoprolinase_Deficiency	5-Oxoprolinase Deficiency	MONDO:0009825	1	ALL_MAPPINGS_CONSISTENT	ICD10:E72.8	0	0	ORDO:33572	1	skos:broadMatch	0
ABCC9-Related_Intellectual_Disability_and_Myopathy_Syndrome	ABCC9-Related Intellectual Disability and Myopathy Syndrome	MONDO:0859224	1	ALL_MAPPINGS_CONSISTENT		0	0		0		1
ACAD9_Deficiency	ACAD9 Deficiency	MONDO:0012624	1	ALL_MAPPINGS_CONSISTENT	ICD10:E71.3	0	0	ORDO:99901	1	skos:broadMatch	0
ACTH-independent_Macronodular_Adrenal_Hyperplasia_3	ACTH-Independent Macronodular Adrenal Hyperplasia 3	MONDO:0700299	1	ALL_MAPPINGS_CONSISTENT		0	0		0		1
ACys_Amyloidosis	ACys Amyloidosis	MONDO:0007098	1	ALL_MAPPINGS_CONSISTENT		0	0	ORDO:100008	2	skos:broadMatch	0
ADCA-DN	Autosomal Dominant Cerebellar Ataxia Deafness and Narcolepsy	MONDO:0011397	1	ALL_MAPPINGS_CONSISTENT	ICD10:G11.2	0	0	ORDO:314404	1	skos:broadMatch	0
ADGRG1_Bilateral_Frontoparietal_Polymicrogyria	ADGRG1-related Bilateral Frontoparietal Polymicrogyria	MONDO:0011738	1	TIMED_OUT	ICD10:Q04.3	0	0	ORDO:101070	1	skos:broadMatch	0
ADNP-Related_Syndrome	ADNP-Related Syndrome	MONDO:0014379	1	ALL_MAPPINGS_CONSISTENT	ICD10:Q87.0	0	0	ORDO:404448	1	skos:broadMatch	0
ADPRS-Related_Stress-Induced_Neurodegeneration	ADPRS-Related Stress-Induced Neurodegeneration	MONDO:0100095	1	ALL_MAPPINGS_CONSISTENT		0	0	ORDO:694922	0		1
ADan_amyloidosis	ADan amyloidosis	MONDO:0007297	1	RETRACTED		0	0	ORDO:97346	2	skos:broadMatch	0
AFG2A-Related_Encephalopathy	AFG2A-Related Encephalopathy	MONDO:0014698	1	ALL_MAPPINGS_CONSISTENT	ICD10:Q02	0	0	ORDO:457351	1	skos:broadMatch	0
AGAT_Deficiency	AGAT Deficiency	MONDO:0012996	1	ALL_MAPPINGS_CONSISTENT	ICD10:E72.8	0	0	ORDO:35704	1	skos:broadMatch	0
AHCY_Deficiency	S-Adenosylhomocysteine Hydrolase Deficiency	MONDO:0013404	1	ALL_MAPPINGS_CONSISTENT	ICD10:E72.1	0	0	ORDO:88618	1	skos:broadMatch	0
AIP-related_pituitary_adenoma_predisposition	AIP-related pituitary adenoma predisposition	MONDO:1060231	1	ALL_MAPPINGS_CONSISTENT		0	0		0		1
AIPL1-Related_Retinopathy	AIPL1-Related Retinopathy	MONDO:0100438	1	ALL_MAPPINGS_CONSISTENT		0	0		0		1
ALDH18A1_Cutis_Laxa	ALDH18A1-Related Autosomal Dominant Cutis Laxa Type 3	MONDO:0014706	1	ALL_MAPPINGS_CONSISTENT		0	0		0		1
ALDH18A1_De_Barsy_Spectrum	ALDH18A1-Related Spastic Paraplegia and Neurocutaneous Spectrum	MONDO:0100126	1	TIMED_OUT	ICD10:G11.4|ICD10:Q87.8	0	0		0		0
ALG1-Congenital_Disorder_of_Glycosylation	ALG1-congenital disorder of glycosylation	MONDO:0012052	1	ALL_MAPPINGS_CONSISTENT	ICD10:E77.8	0	0	ORDO:79327	1	skos:broadMatch	0
ALG11-Congenital_Disorder_of_Glycosylation	ALG11-congenital disorder of glycosylation	MONDO:0013349	1	ALL_MAPPINGS_CONSISTENT	ICD10:E77.8	0	0	ORDO:280071	1	skos:broadMatch	0
ALG12_Congenital_Disorder_of_Glycosylation	ALG12-congenital disorder of glycosylation	MONDO:0011783	1	ALL_MAPPINGS_CONSISTENT	ICD10:E77.8	0	0	ORDO:79324	1	skos:broadMatch	0
ALG3-Congenital_Disorder_of_Glycosylation	ALG3-congenital disorder of glycosylation	MONDO:0010998	1	ALL_MAPPINGS_CONSISTENT	ICD10:E77.8	0	0	ORDO:79321	1	skos:broadMatch	0
ALG6-Congenital_Disorder_of_Glycosylation	ALG6-congenital disorder of glycosylation	MONDO:0011291	1	ALL_MAPPINGS_CONSISTENT	ICD10:E77.8	0	0	ORDO:79320	1	skos:broadMatch	0
ALG9-congenital_disorder_of_glycosylation	ALG9-congenital disorder of glycosylation	MONDO:0012117	1	ALL_MAPPINGS_CONSISTENT	ICD10:E77.8	0	0	ORDO:79328	1	skos:broadMatch	0
ARPC1B_Deficiency	ARPC1B Deficiency	MONDO:0060583	1	ALL_MAPPINGS_CONSISTENT		0	0		0		1
ARX-Related_Lissencephaly_and_Interneuronopathy	X-Linked Lissencephaly With Abnormal Genitalia (ARX-Related)	MONDO:0010268	1	ALL_MAPPINGS_CONSISTENT	ICD10:Q04.3	0	0	ORDO:452	1	skos:broadMatch	0
AR_Cerebellar_Ataxia-Saccadic_Intrusion_Syndrome	Autosomal Recessive Cerebellar Ataxia-Saccadic Intrusion Syndrome	MONDO:0011811	1	ALL_MAPPINGS_CONSISTENT	ICD10:G11.1	0	0	ORDO:95434	1	skos:broadMatch	0
ATRX_Syndrome	ATR-X-Related Syndrome	MONDO:0016980	1	TIMED_OUT	ICD10:D56.0	0	0		0		0
ATTR_Amyloidosis	Hereditary Transthyretin Amyloidosis	MONDO:0007100	1	ALL_MAPPINGS_CONSISTENT	ICD10:E85.1	0	0	ORDO:271861	1	skos:broadMatch	0
Abetalipoproteinemia	Abetalipoproteinemia	MONDO:0008692	1	TIMED_OUT	ICD10:E78.6	0	0	ORDO:14	1	skos:broadMatch	0
Acatalasia	Acatalasia	MONDO:0013571	1	ALL_MAPPINGS_CONSISTENT	ICD10:E80.3	0	0	ORDO:926	1	skos:exactMatch	0
Achondrogenesis_Type_II	Achondrogenesis Type II	MONDO:0008702	1	ALL_MAPPINGS_CONSISTENT	ICD10:Q77.0	0	0	ORDO:93296	1	skos:broadMatch	0
Achondroplasia	Achondroplasia	MONDO:0007037	1	TIMED_OUT	ICD10:Q77.4|ICD10CM:Q77.4	0	2	ORDO:15	1	skos:exactMatch	0
Achromatopsia	Achromatopsia	MONDO:0018852	1	ALL_MAPPINGS_CONSISTENT	ICD10:H53.5|ICD10CM:H53.51	0	2	ORDO:49382	1	skos:broadMatch	0
Acrocallosal_Syndrome	Acrocallosal Syndrome	MONDO:0008708	1	TIMED_OUT	ICD10:Q04.0	0	0	ORDO:36	1	skos:broadMatch	0
Acrodysostosis	Acrodysostosis	MONDO:0019797	1	TIMED_OUT	ICD10:Q75.4	0	0	ORDO:950	1	skos:broadMatch	0
Acrofacial_Dysostosis_Cincinnati_Type	Acrofacial Dysostosis Cincinnati Type	MONDO:0014651	1	ALL_MAPPINGS_CONSISTENT		0	0		0		1
Acromesomelic_Dysplasia_Demirhan_Type	Acromesomelic Dysplasia Demirhan Type	MONDO:0012274	1	ALL_MAPPINGS_CONSISTENT		0	0		0		1
Acromesomelic_Dysplasia_Grebe_Type	Acromesomelic Dysplasia Grebe Type	MONDO:0008703	1	TIMED_OUT	ICD10:Q78.8	0	0	ORDO:2098	1	skos:broadMatch	0
Acromesomelic_Dysplasia_Maroteaux_Type	Acromesomelic Dysplasia Maroteaux Type	MONDO:0011275	1	ALL_MAPPINGS_CONSISTENT	ICD10:Q77.8	0	0	ORDO:40	1	skos:broadMatch	0
Acromesomelic_Dysplasia_PRKG2_Type	Acromesomelic Dysplasia PRKG2 Type	MONDO:0030553	1	ALL_MAPPINGS_CONSISTENT		0	0		0		1
Activated_PI3K-delta_Syndrome	Activated PI3K-delta syndrome	MONDO:0018338	1	TIMED_OUT	ICD10:D81.8	0	0	ORDO:397596	1	skos:broadMatch	0
Acute_Intermittent_Porphyria	Acute Intermittent Porphyria	MONDO:0008294	1	TIMED_OUT	ICD10:E80.2	0	0	ORDO:79276	1	skos:broadMatch	0
Acute_Lichenoid_Pityriasis	Acute Lichenoid Pityriasis	MONDO:0024250	0	ALL_MAPPINGS_CONSISTENT		0	0		0		1
Acute_Lymphoblastic_Leukemia	Acute Lymphoblastic Leukemia	MONDO:0004967	0	ALL_MAPPINGS_CONSISTENT	ICD10CM:C91.0	0	2	ORDO:513	1	skos:exactMatch	0
Acute_Megakaryoblastic_Leukemia	Acute Megakaryoblastic Leukemia	MONDO:0018872	0	ALL_MAPPINGS_CONSISTENT	ICD10CM:C94.2	0	2	ORDO:518	1	skos:broadMatch	0
Acute_Respiratory_Distress_Syndrome	Acute Respiratory Distress Syndrome	MONDO:0006502	0	ALL_MAPPINGS_CONSISTENT	ICD10CM:J80	0	2		0		0
Adams-Oliver_Syndrome	Adams-Oliver Syndrome	MONDO:0007034	0	ALL_MAPPINGS_CONSISTENT		0	0	ORDO:974	1	skos:broadMatch	0
Adenine_Phosphoribosyltransferase_Deficiency	Adenine Phosphoribosyltransferase Deficiency	MONDO:0013869	1	TIMED_OUT	ICD10:E79.8	0	0	ORDO:976	1	skos:broadMatch	0
Adenosine_Kinase_Deficiency	Adenosine Kinase Deficiency	MONDO:0100255	1	ALL_MAPPINGS_CONSISTENT	ICD10:E72.1	0	0	ORDO:289290	1	skos:broadMatch	0
Adenylosuccinate_Lyase_Deficiency	Adenylosuccinate Lyase Deficiency	MONDO:0007068	1	ALL_MAPPINGS_CONSISTENT	ICD10:E79.8	0	0	ORDO:46	1	skos:broadMatch	0
Adult-Onset_Ataxia_and_Polyneuropathy	Adult-Onset Ataxia and Polyneuropathy	MONDO:0010781	1	ALL_MAPPINGS_CONSISTENT		0	0		0		1
Adult-Onset_Autosomal_Dominant_Demyelinating_Leukodystrophy	Adult-Onset Autosomal Dominant Demyelinating Leukodystrophy	MONDO:0008215	0	RETRACTED		0	0	ORDO:99027	1	skos:broadMatch	0
Adult-Onset_Proximal_Spinal_Muscular_Atrophy_Autosomal_Dominant	Adult-Onset Proximal Spinal Muscular Atrophy, Autosomal Dominant	MONDO:0008453	1	ALL_MAPPINGS_CONSISTENT	ICD10:G12.1	1	0	ORDO:209335	1	skos:broadMatch	0
Adult_Neuronal_Ceroid_Lipofuscinosis	Adult Neuronal Ceroid Lipofuscinosis	MONDO:0019260	1	ALL_MAPPINGS_CONSISTENT		0	0		0		1
Adult_Onset_Foveomacular_Vitelliform_Dystrophy	Adult-Onset Foveomacular Vitelliform Dystrophy	MONDO:0011979	0	ALL_MAPPINGS_CONSISTENT		0	0	ORDO:99000	1	skos:broadMatch	0
Adult_Polyglucosan_Body_Disease	Adult Polyglucosan Body Disease	MONDO:0009897	1	ALL_MAPPINGS_CONSISTENT	ICD10:E74.0	0	0	ORDO:206583	1	skos:broadMatch	0
Adult_Refsum_Disease	Adult Refsum Disease	MONDO:0009958	0	ALL_MAPPINGS_CONSISTENT	ICD10CM:G60.1	0	2	ORDO:773	1	skos:exactMatch	0
Advanced_Sleep_Phase_Syndrome	Advanced Sleep Phase Syndrome	MONDO:0015609	1	ALL_MAPPINGS_CONSISTENT	ICD10:G47.2	0	0	ORDO:164736	1	skos:broadMatch	0
Agenesis_of_the_Corpus_Callosum_with_Peripheral_Neuropathy	Agenesis of the Corpus Callosum with Peripheral Neuropathy	MONDO:0000902	1	ALL_MAPPINGS_CONSISTENT	ICD10:G60.0	0	0	ORDO:1496	1	skos:broadMatch	0
Agnathia-Otocephaly_Complex	Agnathia-Otocephaly Complex	MONDO:0008740	1	ALL_MAPPINGS_CONSISTENT	ICD10:Q87.8	0	0	ORDO:990	1	skos:broadMatch	0
Aicardi_Goutieres_Syndrome	Aicardi-Goutieres Syndrome	MONDO:0018866	1	TIMED_OUT	ICD10:G31.8	0	0	ORDO:51	1	skos:broadMatch	0
Aicardi_Syndrome	Aicardi Syndrome	MONDO:0010568	1	TIMED_OUT	ICD10:Q04.0	0	0	ORDO:50	1	skos:broadMatch	0
Alagille_syndrome	Alagille syndrome	MONDO:0007318	1	TIMED_OUT	ICD10:Q44.7	1	0	ORDO:52	1	skos:broadMatch	0
Aland_Island_Eye_Disease	Aland Islands Eye Disease	MONDO:0010371	1	ALL_MAPPINGS_CONSISTENT	ICD10:H35.5	0	0	ORDO:178333	1	skos:broadMatch	0
Alexander_Disease	Alexander Disease	MONDO:0008752	1	TIMED_OUT	ICD10:G93.8	0	0	ORDO:58	1	skos:broadMatch	0
Alkaptonuria	Alkaptonuria	MONDO:0008753	1	TIMED_OUT	ICD10:E70.2	0	0	ORDO:56	1	skos:broadMatch	0
Allan-Herndon-Dudley_Syndrome	Allan-Herndon-Dudley Syndrome	MONDO:0010354	1	TIMED_OUT	ICD10:G31.8	0	0	ORDO:59	1	skos:broadMatch	0
Alopecia-Intellectual_Disability_Syndrome_1	Alopecia-Intellectual Disability Syndrome 1	MONDO:0021035	1	ALL_MAPPINGS_CONSISTENT		0	0		0		1
Alopecia-Intellectual_Disability_Syndrome_4	Alopecia-Intellectual Disability Syndrome 4	MONDO:0030009	1	ALL_MAPPINGS_CONSISTENT		0	0		0		1
Alpha_1_Antitrypsin_Deficiency	Alpha-1 Antitrypsin Deficiency	MONDO:0013282	1	TIMED_OUT	ICD10:E88.0|ICD10CM:E88.01	0	2	ORDO:60	1	skos:broadMatch	0
Alpha_Mannosidosis	Alpha-mannosidosis	MONDO:0009561	1	TIMED_OUT	ICD10:E77.1	0	0	ORDO:61	1	skos:broadMatch	0
Alpha_Thalassemia	Alpha Thalassemia	MONDO:0011399	1	TIMED_OUT	ICD10:D56.0|ICD10CM:D56.0	0	2	ORDO:846	1	skos:exactMatch	0
Alsahan-Harris_Syndrome	Alsahan-Harris Syndrome	MONDO:0979871	1	ALL_MAPPINGS_CONSISTENT		0	0		0		1
Alternating_Hemiplegia_of_Childhood	Alternating Hemiplegia of Childhood	MONDO:0016241	1	ALL_MAPPINGS_CONSISTENT	ICD10:G98	0	0	ORDO:2131	1	skos:broadMatch	0
Alveolar_Capillary_Dysplasia_with_Misalignment_of_Pulmonary_Veins	Alveolar capillary dysplasia with misalignment of pulmonary veins	MONDO:0009934	1	ALL_MAPPINGS_CONSISTENT	ICD10:Q33.6	0	0	ORDO:210122	1	skos:broadMatch	0
Amelogenesis_Imperfecta	Amelogenesis Imperfecta	MONDO:0019507	1	ALL_MAPPINGS_CONSISTENT	ICD10:K00.5	0	0	ORDO:88661	1	skos:broadMatch	0
Aminoacylase_1_Deficiency	Aminoacylase 1 Deficiency	MONDO:0012368	1	ALL_MAPPINGS_CONSISTENT	ICD10:E72.8	0	0	ORDO:137754	1	skos:broadMatch	0
Aminoglycoside-Induced_Hearing_Loss	Aminoglycoside-Induced Hearing Loss	MONDO:0010799	1	ALL_MAPPINGS_CONSISTENT		0	0		0		1
Amyloidosis	Amyloidosis	MONDO:0019065	0	RETRACTED	ICD10CM:E85|ICD10CM:E85.82	0	2	ORDO:69	1	skos:exactMatch	0
Amyotrophic_Lateral_Sclerosis_27_Juvenile	Amyotrophic Lateral Sclerosis 27, Juvenile	MONDO:0859529	1	ALL_MAPPINGS_CONSISTENT		0	0		0		1
Anaplastic_Large_Cell_Lymphoma	Anaplastic Large Cell Lymphoma	MONDO:0020325	0	ALL_MAPPINGS_CONSISTENT	ICD10CM:C84.6|ICD10CM:C84.7	0	0	ORDO:98841	2	skos:narrowMatch	0
Anauxetic_Dysplasia	Anauxetic dysplasia	MONDO:0011773	1	TIMED_OUT	ICD10:Q77.7	0	0	ORDO:93347	1	skos:broadMatch	0
Androgen_Insensitivity_Syndrome	Androgen Insensitivity Syndrome	MONDO:0019154	1	TIMED_OUT	ICD10:E34.5|ICD10CM:E34.5|ICD10CM:E34.51|ICD10CM:E34.52	0	2	ORDO:754	1	skos:exactMatch	0
Aneurysm-Osteoarthritis_Syndrome	Aneurysm-Osteoarthritis Syndrome	MONDO:0013426	1	ALL_MAPPINGS_CONSISTENT	ICD10:Q87.8	0	0	ORDO:284984	1	skos:broadMatch	0
Angelman_Syndrome	Angelman Syndrome	MONDO:0007113	1	TIMED_OUT	ICD10:Q93.5|ICD10CM:Q93.51	1	2	ORDO:72	1	skos:broadMatch	0
Aniridia	Aniridia	MONDO:0019172	1	TIMED_OUT	ICD10:C64|ICD10:Q13.1|ICD10CM:Q13.1	0	2		0		0
Antiphospholipid_Syndrome	Antiphospholipid Syndrome	MONDO:8000010	0	ALL_MAPPINGS_CONSISTENT	ICD10CM:D68.61	0	2	ORDO:80	1	skos:broadMatch	0
Antley-Bixler_Syndrome_FGFR2-Related	Antley-Bixler Syndrome, FGFR2-Related	MONDO:0020667	1	ALL_MAPPINGS_CONSISTENT	ICD10:Q87.8	0	0	ORDO:596008	1	skos:broadMatch	0
Aortic_Valve_Disease_2	Aortic Valve Disease 2	MONDO:0013902	1	ALL_MAPPINGS_CONSISTENT		0	0		0		1
Apert_Syndrome	Apert Syndrome	MONDO:0007041	1	ALL_MAPPINGS_CONSISTENT	ICD10:Q87.0	0	0	ORDO:87	1	skos:broadMatch	0
Apparent_Mineralocorticoid_Excess	apparent mineralocorticoid excess	MONDO:0009025	1	TIMED_OUT	ICD10:E26.8	0	0	ORDO:320	1	skos:broadMatch	0
Appendiceal_Neoplasm	Appendiceal Neoplasm	MONDO:0001236	0	ALL_MAPPINGS_CONSISTENT		0	0		0		1
Arboleda-Tham_Syndrome	Arboleda-Tham Syndrome	MONDO:0014558	1	ALL_MAPPINGS_CONSISTENT	ICD10:Q87.8	0	0	ORDO:457193	1	skos:broadMatch	0
Arginase_Deficiency	Arginase Deficiency	MONDO:0008814	1	TIMED_OUT	ICD10:E72.2|ICD10CM:E72.21	0	2	ORDO:90	1	skos:broadMatch	0
Argininosuccinic_Aciduria	Argininosuccinic Aciduria	MONDO:0008815	1	TIMED_OUT	ICD10:E72.2	0	0	ORDO:23	1	skos:broadMatch	0
Aromatase_Deficiency	Aromatase Deficiency	MONDO:0013301	1	ALL_MAPPINGS_CONSISTENT	ICD10:E25.8	0	0	ORDO:91	1	skos:broadMatch	0
Aromatase_Excess_Syndrome	Aromatase Excess Syndrome	MONDO:0007690	1	ALL_MAPPINGS_CONSISTENT	ICD10:E30.1	0	0	ORDO:178345	1	skos:broadMatch	0
Arrhythmogenic_Right_Ventricular_Cardiomyopathy	arrhythmogenic right ventricular cardiomyopathy	MONDO:0016587	1	ALL_MAPPINGS_CONSISTENT		0	0	ORDO:247	0		1
Arterial_Calcification_of_Infancy	Arterial Calcification of Infancy	MONDO:0018870	1	TIMED_OUT	ICD10:Q28.8	0	0	ORDO:51608	1	skos:broadMatch	0
Arterial_Dissection_Lentiginosis_Syndrome	Arterial Dissection-Lentiginosis Syndrome	MONDO:0010889	1	ALL_MAPPINGS_CONSISTENT	ICD10:Q87.8	0	0	ORDO:1682	1	skos:broadMatch	0
Arterial_Tortuosity_Syndrome	Arterial Tortuosity Syndrome	MONDO:0008818	1	TIMED_OUT	ICD10:I77.1|ICD10CM:Q87.82	0	2	ORDO:3342	1	skos:broadMatch	0
Arthrogryposis-Renal_Dysfunction-Cholestasis_Syndrome	Arthrogryposis-Renal Dysfunction-Cholestasis Syndrome	MONDO:0017123	1	TIMED_OUT	ICD10:Q89.7	0	0	ORDO:2697	1	skos:broadMatch	0
Arthrogryposis_Multiplex_Congenita	Arthrogryposis Multiplex Congenita	MONDO:0015168	0	ALL_MAPPINGS_CONSISTENT	ICD10CM:Q74.3	0	2	ORDO:1037	1	skos:exactMatch	0
Arts_syndrome	Arts syndrome	MONDO:0010533	1	ALL_MAPPINGS_CONSISTENT	ICD10:E79.8	0	0	ORDO:1187	1	skos:broadMatch	0
Asparagine_Synthetase_Deficiency	Asparagine synthetase deficiency	MONDO:0014258	1	ALL_MAPPINGS_CONSISTENT	ICD10:E72.8	0	0	ORDO:391376	1	skos:broadMatch	0
Aspartylglucosaminuria	Aspartylglucosaminuria	MONDO:0008830	1	TIMED_OUT	ICD10:E77.1	0	0	ORDO:93	1	skos:broadMatch	0
Aspergillosis	Aspergillosis	MONDO:0005657	0	ALL_MAPPINGS_CONSISTENT	ICD10CM:B44|ICD10CM:B44.81	0	2	ORDO:1163	6	skos:narrowMatch	0
Ataxia_Telangiectasia	Ataxia-telangiectasia	MONDO:0008840	1	ALL_MAPPINGS_CONSISTENT	ICD10:G11.3	0	0	ORDO:100	1	skos:broadMatch	0
Ataxia_With_Oculomotor_Apraxia_Type_1	Ataxia With Oculomotor Apraxia Type 1	MONDO:0008842	1	ALL_MAPPINGS_CONSISTENT	ICD10:G11.3	0	0	ORDO:1168	1	skos:broadMatch	0
Atelosteogenesis_Type_I	Atelosteogenesis Type I	MONDO:0007167	1	ALL_MAPPINGS_CONSISTENT	ICD10:Q78.8	0	0	ORDO:1190	1	skos:broadMatch	0
Atelosteogenesis_Type_II	Atelosteogenesis Type II	MONDO:0009727	1	ALL_MAPPINGS_CONSISTENT	ICD10:Q77.5	0	0	ORDO:56304	1	skos:broadMatch	0
Atelosteogenesis_Type_III	Atelosteogenesis Type III	MONDO:0007168	1	ALL_MAPPINGS_CONSISTENT	ICD10:Q78.8	0	0	ORDO:56305	1	skos:broadMatch	0
Atransferrinemia	Atransferrinemia	MONDO:0008846	1	ALL_MAPPINGS_CONSISTENT	ICD10:E88.0	0	0	ORDO:1195	1	skos:broadMatch	0
Atypical_Hemolytic_Uremic_Syndrome	Atypical Hemolytic Uremic Syndrome	MONDO:0016244	1	ALL_MAPPINGS_CONSISTENT	ICD10:D59.3	0	0	ORDO:2134	1	skos:broadMatch	0
Auditory_Neuropathy	Auditory Neuropathy	MONDO:0021944	0	ALL_MAPPINGS_CONSISTENT		0	0		0		1
Auriculocondylar_Syndrome	Auriculocondylar Syndrome	MONDO:0000107	1	ALL_MAPPINGS_CONSISTENT	ICD10:Q75.8	0	0	ORDO:137888	1	skos:broadMatch	0
Autism_Spectrum_Disorder-Epilepsy-Arthrogryposis_Syndrome	Autism Spectrum Disorder-Epilepsy-Arthrogryposis Syndrome	MONDO:0014248	1	ALL_MAPPINGS_CONSISTENT	ICD10:Q87.8	0	0	ORDO:370943	1	skos:broadMatch	0
Autoimmune_Encephalitis	Autoimmune Encephalitis	MONDO:0020640	0	ALL_MAPPINGS_CONSISTENT		0	0	ORDO:622014	0		1
Autoimmune_Lymphoproliferative_Syndrome	Autoimmune Lymphoproliferative Syndrome	MONDO:0017979	1	TIMED_OUT	ICD10:D47.9|ICD10CM:D89.82	0	2	ORDO:3261	1	skos:broadMatch	0
Autoimmune_Polyendocrine_Syndrome_Type_1	Autoimmune Polyendocrine Syndrome Type 1	MONDO:0009411	1	ALL_MAPPINGS_CONSISTENT	ICD10:E31.0	0	0	ORDO:3453	1	skos:broadMatch	0
Autoimmune_Polyendocrinopathy	Autoimmune Polyendocrinopathy	MONDO:0017278	0	RETRACTED	ICD10CM:E31.0	0	2	ORDO:282196	1	skos:exactMatch	0
Autoimmune_Retinopathy	Autoimmune Retinopathy	MONDO:0100014	0	ALL_MAPPINGS_CONSISTENT		0	0		0		1
Autoinflammation_Immune_Dysregulation_and_Eosinophilia	Autoinflammation, immune dysregulation, and eosinophilia	MONDO:0033558	1	ALL_MAPPINGS_CONSISTENT		0	0		0		1
Autosomal_Agammaglobulinemia	Autosomal Agammaglobulinemia	MONDO:0011096	1	TIMED_OUT	ICD10:D80.0	0	0	ORDO:33110	1	skos:broadMatch	0
Autosomal_Dominant_Aplasia_And_Myelodysplasia	Autosomal Dominant Aplasia and Myelodysplasia	MONDO:0013851	1	ALL_MAPPINGS_CONSISTENT	ICD10:D61.0	0	0	ORDO:314399	1	skos:broadMatch	0
Autosomal_Dominant_Cerebellar_Ataxia	Autosomal Dominant Cerebellar Ataxia	MONDO:0020380	1	ALL_MAPPINGS_CONSISTENT		0	0	ORDO:99	0		1
Autosomal_Dominant_Cerebellar_Ataxia_Type_I	Autosomal Dominant Cerebellar Ataxia Type I	MONDO:0019792	1	ALL_MAPPINGS_CONSISTENT		0	0	ORDO:94145	0		1
Autosomal_Dominant_Cerebellar_Ataxia_Type_III	Autosomal Dominant Cerebellar Ataxia Type III	MONDO:0019793	1	ALL_MAPPINGS_CONSISTENT		0	0	ORDO:94148	0		1
Autosomal_Dominant_Charcot-Marie-Tooth_Disease_Type_2W	Autosomal dominant Charcot-Marie-Tooth disease type 2W	MONDO:0014711	1	ALL_MAPPINGS_CONSISTENT	ICD10:G60.0	0	0	ORDO:488333	1	skos:broadMatch	0
Autosomal_Dominant_Epilepsy_with_Auditory_Features	Autosomal Dominant Epilepsy with Auditory Features	MONDO:0010898	1	ALL_MAPPINGS_CONSISTENT	ICD10:G40.0	0	0	ORDO:101046	1	skos:broadMatch	0
Autosomal_Dominant_Hyper-IgE_Syndrome	Autosomal Dominant Hyper-IgE Syndrome	MONDO:0007818	1	RETRACTED	ICD10:D82.4	0	0	ORDO:2314	1	skos:broadMatch	0
Autosomal_Dominant_Hypercholesterolemia_3	Autosomal Dominant Hypercholesterolemia 3	MONDO:0011369	1	ALL_MAPPINGS_CONSISTENT		0	0		0		1
Autosomal_Dominant_Hypocalcemia_1	Autosomal Dominant Hypocalcemia 1	MONDO:0011013	1	ALL_MAPPINGS_CONSISTENT		0	0		0		1
Autosomal_Dominant_Nonsyndromic_Hearing_Loss_11	Autosomal Dominant Nonsyndromic Hearing Loss 11	MONDO:0011032	1	ALL_MAPPINGS_CONSISTENT		0	0		0		1
Autosomal_Dominant_Nonsyndromic_Hearing_Loss_12	Autosomal Dominant Nonsyndromic Hearing Loss 12	MONDO:0011102	1	ALL_MAPPINGS_CONSISTENT		0	0		0		1
Autosomal_Dominant_Nonsyndromic_Hearing_Loss_2B	Autosomal Dominant Nonsyndromic Hearing Loss 2B	MONDO:0012976	1	ALL_MAPPINGS_CONSISTENT		0	0		0		1
Autosomal_Dominant_Nonsyndromic_Hearing_Loss_37	Autosomal Dominant Nonsyndromic Hearing Loss 37	MONDO:0032802	1	ALL_MAPPINGS_CONSISTENT		0	0		0		1
Autosomal_Dominant_Nonsyndromic_Hearing_Loss_3A	Autosomal Dominant Nonsyndromic Hearing Loss 3A	MONDO:0011103	1	ALL_MAPPINGS_CONSISTENT		0	0		0		1
Autosomal_Dominant_Nonsyndromic_Hearing_Loss_41	Autosomal Dominant Nonsyndromic Hearing Loss 41	MONDO:0011994	1	ALL_MAPPINGS_CONSISTENT		0	0		0		1
Autosomal_Dominant_Nonsyndromic_Hearing_Loss_50	Autosomal Dominant Nonsyndromic Hearing Loss 50	MONDO:0013114	1	ALL_MAPPINGS_CONSISTENT		0	0		0		1
Autosomal_Dominant_Nonsyndromic_Hearing_Loss_7	Autosomal Dominant Nonsyndromic Hearing Loss 7	MONDO:0011074	1	ALL_MAPPINGS_CONSISTENT		0	0		0		1
Autosomal_Dominant_Optic_Atrophy_Plus	Autosomal Dominant Optic Atrophy Plus	MONDO:0014720	1	ALL_MAPPINGS_CONSISTENT	ICD10:H47.2	0	0	ORDO:1215	1	skos:broadMatch	0
Autosomal_Dominant_Osteopetrosis_Type_I	Autosomal Dominant Osteopetrosis Type I	MONDO:0011877	1	ALL_MAPPINGS_CONSISTENT	ICD10:Q78.2	0	0	ORDO:2783	1	skos:broadMatch	0
Autosomal_Dominant_Osteopetrosis_Type_II	Autosomal Dominant Osteopetrosis Type II	MONDO:0008156	1	ALL_MAPPINGS_CONSISTENT	ICD10:Q78.2	0	0	ORDO:53	1	skos:broadMatch	0
Autosomal_Dominant_Polycystic_Kidney_Disease	Autosomal Dominant Polycystic Kidney Disease	MONDO:0004691	1	ALL_MAPPINGS_CONSISTENT	ICD10:Q61.2	0	0	ORDO:730	1	skos:exactMatch	0
Autosomal_Dominant_Polycystic_Liver_Disease	Autosomal dominant polycystic liver disease	MONDO:0000447	1	TIMED_OUT	ICD10:Q44.6|ICD10CM:Q44.6	0	2	ORDO:2924	1	skos:exactMatch	0
Autosomal_Dominant_Progressive_External_Ophthalmoplegia	Autosomal Dominant Progressive External Ophthalmoplegia	MONDO:0008003	1	TIMED_OUT	ICD10:G71.3|ICD10:H49.4	0	0	ORDO:254892	1	skos:broadMatch	0
Autosomal_Dominant_Robinow_Syndrome_1	Autosomal Dominant Robinow Syndrome 1	MONDO:0024455	1	ALL_MAPPINGS_CONSISTENT		0	0		0		1
Autosomal_Dominant_Robinow_Syndrome_2	Autosomal Dominant Robinow Syndrome 2	MONDO:0014591	1	ALL_MAPPINGS_CONSISTENT		0	0		0		1
Autosomal_Dominant_Robinow_Syndrome_3	Autosomal Dominant Robinow Syndrome 3	MONDO:0014819	1	ALL_MAPPINGS_CONSISTENT		0	0		0		1
Autosomal_Dominant_Sensory_Ataxia_1	Autosomal Dominant Sensory Ataxia 1	MONDO:0012166	1	ALL_MAPPINGS_CONSISTENT		0	0		0		1
Autosomal_Dominant_Striatal_Neurodegeneration	Autosomal dominant striatal neurodegeneration	MONDO:0000211	1	ALL_MAPPINGS_CONSISTENT	ICD10:G31.8	0	0	ORDO:228169	1	skos:broadMatch	0
Autosomal_Recessive_Ataxia_Beauce_Type	Autosomal Recessive Ataxia Beauce Type	MONDO:0012549	1	ALL_MAPPINGS_CONSISTENT	ICD10:G11.2	0	0	ORDO:88644	1	skos:broadMatch	0
Autosomal_Recessive_Ataxia_Due_to_Ubiquinone_Deficiency	Autosomal Recessive Ataxia Due to Ubiquinone Deficiency	MONDO:0012784	1	ALL_MAPPINGS_CONSISTENT	ICD10:G11.1	0	0	ORDO:139485	1	skos:broadMatch	0
Autosomal_Recessive_Cerebellar_Ataxia_With_Late_Onset_Spasticity	Autosomal Recessive Cerebellar Ataxia With Late-Onset Spasticity	MONDO:0018129	1	ALL_MAPPINGS_CONSISTENT	ICD10:G11.8	0	0	ORDO:352641	1	skos:broadMatch	0
Autosomal_Recessive_Congenital_Ichthyosis	Autosomal Recessive Congenital Ichthyosis	MONDO:0017265	1	TIMED_OUT	ICD10:Q80.2|ICD10:Q80.4|ICD10CM:Q80.2	0	0	ORDO:281097	0		0
Autosomal_Recessive_Cutis_Laxa_Type_2A	Autosomal Recessive Cutis Laxa Type 2A	MONDO:0018163	1	ALL_MAPPINGS_CONSISTENT	ICD10:Q82.8	0	0	ORDO:357058	1	skos:broadMatch	0
Autosomal_Recessive_Hypercholesterolemia	Autosomal Recessive Hypercholesterolemia	MONDO:0011374	1	ALL_MAPPINGS_CONSISTENT		0	0		0		1
Autosomal_Recessive_Limb-Girdle_Muscular_Dystrophy	Autosomal Recessive Limb-Girdle Muscular Dystrophy	MONDO:0015152	1	ALL_MAPPINGS_CONSISTENT		0	0	ORDO:102015	0		1
Autosomal_Recessive_Multiple_Pterygium_Syndrome	Autosomal Recessive Multiple Pterygium Syndrome	MONDO:0009926	1	ALL_MAPPINGS_CONSISTENT	ICD10:Q79.8	1	0	ORDO:2990	1	skos:broadMatch	0
Autosomal_Recessive_Non-Syndromic_Intellectual_Disability	Autosomal Recessive Non-Syndromic Intellectual Disability	MONDO:0019502	0	ALL_MAPPINGS_CONSISTENT		0	0	ORDO:88616	4	skos:narrowMatch	0
Autosomal_Recessive_Nonsyndromic_Hearing_Loss_103	Autosomal Recessive Nonsyndromic Hearing Loss 103	MONDO:0014469	1	ALL_MAPPINGS_CONSISTENT		0	0		0		1
Autosomal_Recessive_Nonsyndromic_Hearing_Loss_104	Autosomal Recessive Nonsyndromic Hearing Loss 104	MONDO:0014675	1	ALL_MAPPINGS_CONSISTENT		0	0		0		1
Autosomal_Recessive_Nonsyndromic_Hearing_Loss_26	Autosomal Recessive Nonsyndromic Hearing Loss 26	MONDO:0011553	1	ALL_MAPPINGS_CONSISTENT		0	0		0		1
Autosomal_Recessive_Nonsyndromic_Hearing_Loss_30	Autosomal Recessive Nonsyndromic Hearing Loss 30	MONDO:0011774	1	ALL_MAPPINGS_CONSISTENT		0	0		0		1
Autosomal_Recessive_Nonsyndromic_Hearing_Loss_48	Autosomal Recessive Nonsyndromic Hearing Loss 48	MONDO:0012273	1	ALL_MAPPINGS_CONSISTENT		0	0		0		1
Autosomal_Recessive_Nonsyndromic_Hearing_Loss_77	Autosomal Recessive Nonsyndromic Hearing Loss 77	MONDO:0013119	1	ALL_MAPPINGS_CONSISTENT		0	0		0		1
Autosomal_Recessive_Nonsyndromic_Hearing_Loss_93	Autosomal Recessive Nonsyndromic Hearing Loss 93	MONDO:0013963	1	ALL_MAPPINGS_CONSISTENT		0	0		0		1
Autosomal_Recessive_Nonsyndromic_Hearing_Loss_97	Autosomal Recessive Nonsyndromic Hearing Loss 97	MONDO:0014739	1	ALL_MAPPINGS_CONSISTENT		0	0		0		1
Autosomal_Recessive_Nonsyndromic_Hearing_Loss_98	Autosomal Recessive Nonsyndromic Hearing Loss 98	MONDO:0013929	1	ALL_MAPPINGS_CONSISTENT		0	0		0		1
Autosomal_Recessive_Osteopetrosis	Autosomal Recessive Osteopetrosis Type 2	MONDO:0009816	1	ALL_MAPPINGS_CONSISTENT		0	0		0		1
Autosomal_Recessive_Primary_Microcephaly	Autosomal Recessive Primary Microcephaly	MONDO:0016660	1	TIMED_OUT	ICD10:Q02|ICD10:Q87.1	0	0	ORDO:2512	1	skos:broadMatch	0
Autosomal_Recessive_Progressive_External_Ophthalmoplegia_1	Autosomal Recessive Progressive External Ophthalmoplegia 1	MONDO:0009783	1	ALL_MAPPINGS_CONSISTENT		0	0		0		1
Autosomal_Recessive_Robinow_Syndrome	Autosomal Recessive Robinow Syndrome	MONDO:0009999	1	ALL_MAPPINGS_CONSISTENT	ICD10:Q87.1	0	0	ORDO:1507	1	skos:broadMatch	0
Autosomal_Recessive_Spastic_Ataxia_9	Autosomal Recessive Spastic Ataxia 9	MONDO:0032753	1	ALL_MAPPINGS_CONSISTENT		0	0		0		1
Autosomal_Recessive_Spinocerebellar_Ataxia_15	Autosomal Recessive Spinocerebellar Ataxia 15	MONDO:0014311	1	ALL_MAPPINGS_CONSISTENT	ICD10:G11.1	0	0	ORDO:404499	1	skos:broadMatch	0
Autosomal_Recessive_Spinocerebellar_Ataxia_20	Autosomal Recessive Spinocerebellar Ataxia 20	MONDO:0014601	1	ALL_MAPPINGS_CONSISTENT	ICD10:Q87.8	0	0	ORDO:397709	1	skos:broadMatch	0
Autosomal_Recessive_Spondylometaphyseal_Dysplasia_Megarbane_Type	Autosomal Recessive Spondylometaphyseal Dysplasia, Megarbane Type	MONDO:0013223	1	ALL_MAPPINGS_CONSISTENT	ICD10:Q77.8	0	0	ORDO:401979	1	skos:broadMatch	0
Avascular_Necrosis_Of_Femoral_Head_Primary_2	Avascular Necrosis of Femoral Head, Primary, 2	MONDO:0054551	1	ALL_MAPPINGS_CONSISTENT		0	0		0		1
Axenfeld-Rieger_syndrome	Axenfeld-Rieger_syndrome	MONDO:0019187	0	ALL_MAPPINGS_CONSISTENT		0	0	ORDO:782	1	skos:broadMatch	0
Ayme-Gripp_Syndrome	Ayme-Gripp syndrome	MONDO:0010992	1	ALL_MAPPINGS_CONSISTENT		0	0		0		1
B-Lymphoblastic_Leukemia_Lymphoma_With_Recurrent_Genetic_Abnormality	B-Lymphoblastic Leukemia/Lymphoma With Recurrent Genetic Abnormality	MONDO:0035605	0	ALL_MAPPINGS_CONSISTENT		0	0	ORDO:585877	1	skos:broadMatch	0
BBSome-Related_Retinitis_Pigmentosa	BBSome-related retinitis pigmentosa	MONDO:0019200	1	ALL_MAPPINGS_CONSISTENT	ICD10:H35.5	0	0	ORDO:791	1	skos:broadMatch	0
BCKDK_Deficiency	BCKDK Deficiency	MONDO:0013970	1	ALL_MAPPINGS_CONSISTENT	ICD10:E71.1	0	0	ORDO:308410	1	skos:broadMatch	0
BEST1-Related_Dominant_Retinopathy	BEST1-Related Dominant Retinopathy	MONDO:0700238	1	ALL_MAPPINGS_CONSISTENT		0	0		0		1
BEST1_Bestrophinopathies	BEST1 Bestrophinopathies	MONDO:0000390	0	ALL_MAPPINGS_CONSISTENT		0	0		0		1
BLOC1S1-related_Complex_Neurodevelopmental_Disorder_with_Leukodystrophy	BLOC1S1-related Complex Neurodevelopmental Disorder with Leukodystrophy	MONDO:0100038	1	ALL_MAPPINGS_CONSISTENT	ICD10:F84.8	0	0	ORDO:528084	1	skos:broadMatch	0
BMP2-Related_Short_Stature-Facial_Dysmorphism-Skeletal_Anomalies_Syndrome	BMP2-Related Short Stature-Facial Dysmorphism-Skeletal Anomalies Syndrome	MONDO:0100297	1	ALL_MAPPINGS_CONSISTENT		0	0		0		1
BPTF-Related_Neurodevelopmental_Disorder	BPTF-Related Neurodevelopmental Disorder	MONDO:0060596	1	ALL_MAPPINGS_CONSISTENT		0	0	ORDO:686482	0		1
BRPF1-Related_Intellectual_Disability	BRPF1-Related Intellectual Disability	MONDO:0015022	1	ALL_MAPPINGS_CONSISTENT		0	0	ORDO:698090	0		1
Bachmann-Bupp_Syndrome	Bachmann-Bupp Syndrome	MONDO:0033642	1	ALL_MAPPINGS_CONSISTENT	ICD10:E72.4	0	0	ORDO:544488	1	skos:broadMatch	0
Bailey-Bloch_Congenital_Myopathy	Bailey-Bloch Congenital Myopathy	MONDO:0009722	1	ALL_MAPPINGS_CONSISTENT	ICD10:G71.2	0	0	ORDO:168572	1	skos:broadMatch	0
Bainbridge-Ropers_Syndrome	Bainbridge-Ropers syndrome	MONDO:0014205	1	ALL_MAPPINGS_CONSISTENT	ICD10:Q87.0	0	0	ORDO:352577	1	skos:broadMatch	0
Bannayan-Riley-Ruvalcaba_Syndrome	Bannayan-Riley-Ruvalcaba Syndrome	MONDO:0007924	1	ALL_MAPPINGS_CONSISTENT	ICD10:Q87.8|ICD10CM:E71.440	0	2	ORDO:109	1	skos:broadMatch	0
Baraitser-Winter_Cerebrofrontofacial_Syndrome	Baraitser-Winter Cerebrofrontofacial Syndrome	MONDO:0017579	1	TIMED_OUT	ICD10:Q87.0	0	0	ORDO:2995	1	skos:broadMatch	0
Bardet-Biedl_Syndrome	Bardet-Biedl syndrome	MONDO:0015229	1	ALL_MAPPINGS_CONSISTENT	ICD10:Q87.8	0	0	ORDO:110	1	skos:broadMatch	0
Barth_Syndrome	Barth syndrome	MONDO:0010543	1	TIMED_OUT	ICD10:E71.1|ICD10CM:E78.71	0	2	ORDO:111	1	skos:broadMatch	0
Bartter_Syndrome	Bartter syndrome	MONDO:0015231	1	TIMED_OUT	ICD10:E26.8|ICD10CM:E26.81	0	2	ORDO:112	1	skos:broadMatch	0
Basel-Vanagaite-Smirin-Yosef_Syndrome	Basel-Vanagaite-Smirin-Yosef Syndrome	MONDO:0014643	1	ALL_MAPPINGS_CONSISTENT	ICD10:Q87.8	0	0	ORDO:464738	1	skos:broadMatch	0
Bazex_Dupre_Christol_Syndrome	Bazex-Dupre-Christol Syndrome	MONDO:0010535	1	RETRACTED	ICD10:L44.8|ICD10:L98.8	0	0	ORDO:113|ORDO:166113	2	skos:broadMatch	0
Beare-Stevenson_Cutis_Gyrata_Syndrome	Beare-Stevenson Cutis Gyrata Syndrome	MONDO:0007412	1	TIMED_OUT	ICD10:Q87.8	0	0	ORDO:1555	1	skos:broadMatch	0
Becker_Muscular_Dystrophy	Becker Muscular Dystrophy	MONDO:0010311	1	TIMED_OUT	ICD10:G71.0	0	0	ORDO:98895	1	skos:broadMatch	0
Beckwith-Wiedemann_Syndrome	Beckwith-Wiedemann Syndrome	MONDO:0007534	1	TIMED_OUT	ICD10:Q87.3	0	0	ORDO:116	1	skos:broadMatch	0
Behr_Syndrome	Behr Syndrome	MONDO:0008858	1	ALL_MAPPINGS_CONSISTENT	ICD10:H47.2	0	0	ORDO:1239	1	skos:broadMatch	0
Benign_Familial_Infantile_Epilepsy	Benign Familial Infantile Epilepsy	MONDO:0017615	1	TIMED_OUT	ICD10:G40.3|ICD10:G40.4	0	0	ORDO:306	1	skos:broadMatch	0
Benign_Neonatal_Seizures	Benign Neonatal Seizures	MONDO:0016027	1	TIMED_OUT	ICD10:G40.3	0	0	ORDO:1949	1	skos:broadMatch	0
Berardinelli_Seip_Congenital_Lipodystrophy	Berardinelli-Seip Congenital Lipodystrophy	MONDO:0018883	1	RETRACTED	ICD10:E88.1	0	0	ORDO:528	1	skos:broadMatch	0
Bernard-Soulier_Syndrome	Bernard-Soulier Syndrome	MONDO:0009276	1	TIMED_OUT	ICD10:D69.1	0	0	ORDO:274	1	skos:broadMatch	0
Beta-Ketothiolase_Deficiency	Beta-Ketothiolase Deficiency	MONDO:0008760	1	ALL_MAPPINGS_CONSISTENT	ICD10:E71.1	0	0	ORDO:134	1	skos:broadMatch	0
Beta_Mannosidosis	Beta Mannosidosis	MONDO:0009562	1	TIMED_OUT	ICD10:E77.1	0	0	ORDO:118	1	skos:broadMatch	0
Beta_Thalassemia	Beta Thalassemia	MONDO:0019402	1	TIMED_OUT	ICD10:D56.1|ICD10CM:D56.1	0	2	ORDO:848	1	skos:exactMatch	0
Bethlem_Myopathy	Bethlem myopathy	MONDO:0008029	1	TIMED_OUT	ICD10:G71.0	0	0	ORDO:610	1	skos:broadMatch	0
Bietti_Crystalline_Dystrophy	Bietti Crystalline Dystrophy	MONDO:0008865	1	ALL_MAPPINGS_CONSISTENT	ICD10:H35.5	0	0	ORDO:41751	1	skos:broadMatch	0
Bilateral_Microtia-Deafness-Cleft_Palate_Syndrome	Bilateral Microtia-Deafness-Cleft Palate Syndrome	MONDO:0012854	1	ALL_MAPPINGS_CONSISTENT	ICD10:Q87.0	0	0	ORDO:140963	1	skos:broadMatch	0
Bilateral_Striopallidodentate_Calcinosis	Bilateral Striopallidodentate Calcinosis	MONDO:0008947	1	ALL_MAPPINGS_CONSISTENT	ICD10:G23.8	0	0	ORDO:1980	1	skos:broadMatch	0
Biotin_Thiamine_Responsive_Basal_Ganglia_Disease	Biotin-Thiamine-Responsive Basal Ganglia Disease	MONDO:0011841	1	TIMED_OUT	ICD10:E51.2|ICD10:G93.8	0	0	ORDO:199348|ORDO:65284	2	skos:broadMatch	0
Biotinidase_Deficiency	Biotinidase Deficiency	MONDO:0009665	1	TIMED_OUT	ICD10:E53.8|ICD10CM:D81.810	0	2	ORDO:79241	1	skos:broadMatch	0
Birt-Hogg-Dube_Syndrome	Birt-Hogg-Dube Syndrome	MONDO:0800444	1	ALL_MAPPINGS_CONSISTENT		0	0		0		1
Bjornstad_Syndrome	Bjornstad Syndrome	MONDO:0009872	1	ALL_MAPPINGS_CONSISTENT	ICD10:E88.8	0	0	ORDO:123	1	skos:broadMatch	0
Blau_Syndrome	Blau Syndrome	MONDO:0008523	1	TIMED_OUT	ICD10:D89.8	0	0	ORDO:90340	1	skos:broadMatch	0
Bleeding_Disorder_Platelet-type_21	Bleeding disorder, platelet-type, 21	MONDO:0054577	1	ALL_MAPPINGS_CONSISTENT		0	0		0		1
Blepharophimosis-Impaired_Intellectual_Development_Syndrome	Blepharophimosis-Impaired Intellectual Development Syndrome	MONDO:0859139	1	ALL_MAPPINGS_CONSISTENT	ICD10:Q87.0	0	0	ORDO:637013	1	skos:broadMatch	0
Blepharophimosis_Intellectual_Disability_Syndrome_MKB_Type	Blepharophimosis-Intellectual Disability Syndrome, MKB Type	MONDO:0010477	1	ALL_MAPPINGS_CONSISTENT	ICD10:Q87.8	0	0	ORDO:293707	1	skos:broadMatch	0
Blepharophimosis_Ptosis_and_Epicanthus_Inversus_Syndrome	Blepharophimosis, Ptosis, and Epicanthus Inversus Syndrome	MONDO:0007201	1	ALL_MAPPINGS_CONSISTENT	ICD10:Q10.3	0	0	ORDO:126	1	skos:broadMatch	0
Bloom_Syndrome	Bloom syndrome	MONDO:0008876	1	TIMED_OUT	ICD10:Q82.8	0	2	ORDO:125	1	skos:broadMatch	0
Blue_Cone_Monochromacy	Blue Cone Monochromacy	MONDO:0010563	1	ALL_MAPPINGS_CONSISTENT	ICD10:H53.5	0	0	ORDO:16	1	skos:broadMatch	0
Bohring-Opitz_syndrome	Bohring-Opitz syndrome	MONDO:0011510	1	ALL_MAPPINGS_CONSISTENT	ICD10:Q87.8	0	0	ORDO:97297	1	skos:broadMatch	0
Bone_Marrow_Failure_Syndrome_6	Bone Marrow Failure Syndrome 6	MONDO:0030015	1	ALL_MAPPINGS_CONSISTENT		0	0		0		1
Borjeson-Forssman-Lehmann_syndrome	Borjeson-Forssman-Lehmann syndrome	MONDO:0010537	1	ALL_MAPPINGS_CONSISTENT	ICD10:Q87.8	0	0	ORDO:127	1	skos:broadMatch	0
Bosch-Boonstra-Schaaf_Optic_Atrophy_Syndrome	Bosch-Boonstra-Schaaf Optic Atrophy Syndrome	MONDO:0014320	1	ALL_MAPPINGS_CONSISTENT	ICD10:H47.2	0	0	ORDO:401777	1	skos:broadMatch	0
Bosma_Arhinia_Microphthalmia_Syndrome	Bosma Arhinia Microphthalmia Syndrome	MONDO:0011323	1	ALL_MAPPINGS_CONSISTENT	ICD10:Q87.0	0	0	ORDO:2250	1	skos:broadMatch	0
Boucher-Neuhauser_Syndrome	Boucher-Neuhauser Syndrome	MONDO:0008980	1	ALL_MAPPINGS_CONSISTENT	ICD10:G11.8	0	0	ORDO:1180	1	skos:broadMatch	0
Brachydactyly_Type_A1	Brachydactyly Type A1	MONDO:0007215	1	ALL_MAPPINGS_CONSISTENT	ICD10:Q73.8	0	0	ORDO:93388	1	skos:broadMatch	0
Brachydactyly_Type_A2	Brachydactyly Type A2	MONDO:0007216	1	ALL_MAPPINGS_CONSISTENT	ICD10:Q73.8	0	0	ORDO:93396	1	skos:broadMatch	0
Brachydactyly_Type_B1	Brachydactyly Type B1	MONDO:0007220	1	ALL_MAPPINGS_CONSISTENT	ICD10:Q73.8	0	0	ORDO:572385	1	skos:broadMatch	0
Brachydactyly_Type_B2	Brachydactyly Type B2	MONDO:0012658	1	ALL_MAPPINGS_CONSISTENT	ICD10:Q73.8	0	0	ORDO:140908	1	skos:broadMatch	0
Brachydactyly_Type_C	Brachydactyly Type C	MONDO:0007221	1	ALL_MAPPINGS_CONSISTENT	ICD10:Q73.8	0	0	ORDO:93384	1	skos:broadMatch	0
Brachydactyly_Type_D	Brachydactyly Type D	MONDO:0007222	1	ALL_MAPPINGS_CONSISTENT		0	0		0		1
Brachydactyly_Type_E1	Brachydactyly Type E1	MONDO:0007223	1	ALL_MAPPINGS_CONSISTENT		0	0		0		1
Brachyolmia	Brachyolmia	MONDO:0015262	1	TIMED_OUT	ICD10:Q76.3	0	0	ORDO:1293	0		0
Brachyolmia-Amelogenesis_Imperfecta_Syndrome	Brachyolmia-Amelogenesis Imperfecta Syndrome	MONDO:0011018	1	ALL_MAPPINGS_CONSISTENT	ICD10:Q76.3	0	0	ORDO:2899	1	skos:broadMatch	0
Brachyphalangy_Polydactyly_Tibial_Aplasia_Syndrome	Brachyphalangy-Polydactyly-Tibial Aplasia Syndrome	MONDO:0700354	1	ALL_MAPPINGS_CONSISTENT		0	0		0		1
Brain_Abnormalities_Neurodegeneration_and_Dysosteosclerosis	Brain Abnormalities, Neurodegeneration, and Dysosteosclerosis	MONDO:0032772	1	ALL_MAPPINGS_CONSISTENT		0	0		0		1
Brain_Small_Vessel_Disease_1_With_Or_Without_Ocular_Anomalies	Brain Small Vessel Disease 1 With Or Without Ocular Anomalies	MONDO:0008289	1	RETRACTED	ICD10:I67.8	0	0	ORDO:36383	1	skos:broadMatch	0
Brittle_Cornea_Syndrome	Brittle Cornea Syndrome	MONDO:0009242	1	TIMED_OUT	ICD10:Q79.6	0	0	ORDO:90354	1	skos:broadMatch	0
Brody_Myopathy	Brody Myopathy	MONDO:0010977	1	ALL_MAPPINGS_CONSISTENT	ICD10:G71.8	0	0	ORDO:53347	1	skos:broadMatch	0
Bronchiectasis_And_Nasal_Polyposis	Bronchiectasis and Nasal Polyposis	MONDO:0975835	1	ALL_MAPPINGS_CONSISTENT		0	0		0		1
Brown-Vialetto-Van_Laere_Syndrome	Brown-Vialetto-Van Laere Syndrome	MONDO:0008891	1	TIMED_OUT	ICD10:G12.1|ICD10:G12.2	0	0	ORDO:97229	1	skos:broadMatch	0
Brugada_Syndrome	Brugada syndrome	MONDO:0015263	0	ALL_MAPPINGS_CONSISTENT		0	0	ORDO:130	1	skos:broadMatch	0
Bryant-Li-Bhoj_Neurodevelopmental_Syndrome_1	Bryant-Li-Bhoj Neurodevelopmental Syndrome 1	MONDO:0030606	1	ALL_MAPPINGS_CONSISTENT		0	0		0		1
Bryant-Li-Bhoj_Neurodevelopmental_Syndrome_2	Bryant-Li-Bhoj Neurodevelopmental Syndrome 2	MONDO:0030607	1	ALL_MAPPINGS_CONSISTENT		0	0		0		1
Burn-McKeown_Syndrome	Burn-McKeown Syndrome	MONDO:0012064	1	ALL_MAPPINGS_CONSISTENT	ICD10:Q87.8	0	0	ORDO:1200	1	skos:broadMatch	0
CACNA1A_Related_Disorder	CACNA1A-Related Disorder	MONDO:0100254	1	ALL_MAPPINGS_CONSISTENT		0	0		0		1
CACNA1E-Related_Developmental_and_Epileptic_Encephalopathy	CACNA1E-Related Developmental and Epileptic Encephalopathy	MONDO:0032657	1	ALL_MAPPINGS_CONSISTENT		0	0		0		1
CACNA1F-Related_Retinopathy	CACNA1F-Related Retinopathy	MONDO:0700243	1	ALL_MAPPINGS_CONSISTENT		0	0		0		1
CADASIL_Type_1	CADASIL Type 1	MONDO:0000914	1	TIMED_OUT	ICD10:I67.8	0	0	ORDO:136	1	skos:broadMatch	0
CAGSSS_Syndrome	CAGSSS Syndrome	MONDO:0014455	1	ALL_MAPPINGS_CONSISTENT	ICD10:E88.8	0	0	ORDO:436174	1	skos:broadMatch	0
CALFAN_Syndrome	CALFAN Syndrome	MONDO:0014744	1	ALL_MAPPINGS_CONSISTENT	ICD10:G11.0	0	0	ORDO:466794	1	skos:broadMatch	0
CANVAS	CANVAS	MONDO:0044720	1	RETRACTED	ICD10:G11.2|ICD10:G60.8	0	0	ORDO:139564|ORDO:504476	2	skos:broadMatch	0
CAPN5-Related_Vitreoretinopathy	CAPN5-Related Vitreoretinopathy	MONDO:0100450	1	ALL_MAPPINGS_CONSISTENT	ICD10:H35.2	0	0	ORDO:329211	1	skos:broadMatch	0
CAPOS_Syndrome	CAPOS Syndrome	MONDO:0011038	1	ALL_MAPPINGS_CONSISTENT	ICD10:G11.1	0	0	ORDO:1171	1	skos:broadMatch	0
CAPRIN1_Related_Neurodevelopmental_Disorder	CAPRIN1 Related Neurodevelopmental Disorder	MONDO:0968945	1	ALL_MAPPINGS_CONSISTENT		0	0		0		1
CATSHL_Syndrome	CATSHL Syndrome	MONDO:0012504	1	ALL_MAPPINGS_CONSISTENT	ICD10:Q87.2	0	0	ORDO:85164	1	skos:broadMatch	0
CBL-related_Disorder	CBL-related Disorder	MONDO:0013308	1	ALL_MAPPINGS_CONSISTENT	ICD10:C93.3	0	0	ORDO:363972	1	skos:narrowMatch	0
CCDC115-CDG	CCDC115-CDG	MONDO:0014789	1	ALL_MAPPINGS_CONSISTENT	ICD10:E77.8	0	0	ORDO:468684	1	skos:broadMatch	0
CD16_Deficiency	CD16 Deficiency	MONDO:0014313	1	ALL_MAPPINGS_CONSISTENT	ICD10:D84.8	0	0	ORDO:437552	1	skos:broadMatch	0
CD27-related_lymphoproliferative_and_immune_disorder	CD27-related lymphoproliferative and immune disorder	MONDO:0014054	1	ALL_MAPPINGS_CONSISTENT	ICD10:D47.9	0	0	ORDO:238505	1	skos:broadMatch	0
CDH1-Related_Hereditary_Diffuse_Gastric_Cancer	CDH1-Related Hereditary Diffuse Gastric Cancer	MONDO:0100488	1	ALL_MAPPINGS_CONSISTENT		0	0		0		1
CDH2-Related_ACOG_Syndrome	CDH2-Related ACOG Syndrome	MONDO:0030065	1	ALL_MAPPINGS_CONSISTENT		0	0		0		1
CDK19-Related_Disorder	CDK19-Related Disorder	MONDO:0030059	1	ALL_MAPPINGS_CONSISTENT		0	0		0		1
CDK8-Related_Disorder	CDK8-Related Disorder	MONDO:0032897	1	ALL_MAPPINGS_CONSISTENT		0	0		0		1
CDKL5_Deficiency_Disorder	CDKL5 Deficiency Disorder	MONDO:0100039	1	ALL_MAPPINGS_CONSISTENT		0	0		0		1
CERKL-Related_Retinopathy	CERKL-Related Retinopathy	MONDO:0800401	1	ALL_MAPPINGS_CONSISTENT		0	0		0		1
CFAP418-related_Retinal_Ciliopathy	CFAP418-related retinal ciliopathy	MONDO:0700374	1	ALL_MAPPINGS_CONSISTENT		0	0		0		1
CHARGE_Syndrome	CHARGE syndrome	MONDO:0008965	1	ALL_MAPPINGS_CONSISTENT	ICD10:Q87.8	0	0	ORDO:138	1	skos:broadMatch	0
CHD2-Related_Developmental_and_Epileptic_Encephalopathy	CHD2-Related Developmental and Epileptic Encephalopathy	MONDO:0014150	1	ALL_MAPPINGS_CONSISTENT		0	0		0		1
CHD8-Related_Neurodevelopmental_Disorder_with_Overgrowth	CHD8-Related Neurodevelopmental Disorder with Overgrowth	MONDO:0014017	1	ALL_MAPPINGS_CONSISTENT	ICD10:Q87.3	0	0	ORDO:642675	1	skos:broadMatch	0
CHEK2-related_Cancer_Predisposition	CHEK2-related Cancer Predisposition	MONDO:0700271	1	ALL_MAPPINGS_CONSISTENT		0	0		0		1
CHILD_Syndrome	CHILD Syndrome	MONDO:0010621	1	ALL_MAPPINGS_CONSISTENT	ICD10:Q87.8	0	0	ORDO:139	1	skos:broadMatch	0
CHOPS_Syndrome	CHOPS Syndrome	MONDO:0014609	1	ALL_MAPPINGS_CONSISTENT	ICD10:Q87.8	0	0	ORDO:444077	1	skos:broadMatch	0
CHRNA1-associated_Fetal_Hypo-akinesia_Disorder_of_Prenatal_Onset	CHRNA1-Associated Fetal Hypo-akinesia Disorder of Prenatal Onset	MONDO:0009668	1	ALL_MAPPINGS_CONSISTENT	ICD10:Q79.8	0	0	ORDO:33108	1	skos:broadMatch	0
CHST3-Related_Skeletal_Dysplasia	CHST3-Related Skeletal Dysplasia	MONDO:0007738	1	ALL_MAPPINGS_CONSISTENT	ICD10:Q74.8	0	0	ORDO:263463	1	skos:broadMatch	0
CINCA_Syndrome	CINCA Syndrome	MONDO:0011776	1	ALL_MAPPINGS_CONSISTENT	ICD10:E85.0	0	0	ORDO:1451	1	skos:broadMatch	0
CLCN2-Related_Leukoencephalopathy	CLCN2-Related Leukoencephalopathy	MONDO:0014292	1	ALL_MAPPINGS_CONSISTENT	ICD10:E75.2	0	0	ORDO:363540	1	skos:broadMatch	0
CN_Related_DEE	CN-Related Developmental and Epileptic Encephalopathy	MONDO:0020630	1	ALL_MAPPINGS_CONSISTENT		0	0		0		1
COA3-Related_COX_Deficiency	COA3-Related COX Deficiency	MONDO:0033649	1	ALL_MAPPINGS_CONSISTENT		0	0		0		1
COA8-Related_COX_Deficiency	COA8-Related COX Deficiency	MONDO:0033652	1	ALL_MAPPINGS_CONSISTENT		0	0		0		1
COFS_Syndrome	COFS Syndrome	MONDO:0008926	0	ALL_MAPPINGS_CONSISTENT		0	0	ORDO:1466	1	skos:broadMatch	0
COG1-congenital_disorder_of_glycosylation	COG1-congenital disorder of glycosylation	MONDO:0012637	1	ALL_MAPPINGS_CONSISTENT	ICD10:E77.8	0	0	ORDO:263508	1	skos:broadMatch	0
COG4-Congenital_Disorder_of_Glycosylation	COG4-Congenital Disorder of Glycosylation	MONDO:0013281	1	ALL_MAPPINGS_CONSISTENT	ICD10:E77.8	0	0	ORDO:263501	1	skos:broadMatch	0
COG7-Congenital_Disorder_of_Glycosylation	COG7-congenital disorder of glycosylation	MONDO:0012118	1	ALL_MAPPINGS_CONSISTENT	ICD10:E77.8	0	0	ORDO:79333	1	skos:broadMatch	0
COL11A2_Hearing_Loss	COL11A2-Related Hearing Loss	MONDO:0011159	1	RETRACTED		0	0		0		1
COL11A2_Skeletal_Spectrum	COL11A2-Related Skeletal Spectrum	MONDO:0008490	1	RETRACTED	ICD10:Q87.0	0	0	ORDO:166100	1	skos:broadMatch	0
COPA_Syndrome	COPA Syndrome	MONDO:0014629	1	ALL_MAPPINGS_CONSISTENT	ICD10:M35.8	0	0	ORDO:444092	1	skos:broadMatch	0
COQ4-Related_Neonatal_Encephalomyopathy	COQ4-Related Neonatal Encephalomyopathy	MONDO:0014562	1	ALL_MAPPINGS_CONSISTENT	ICD10:E88.8	0	0	ORDO:457185	1	skos:broadMatch	0
COX10-Related_COX_Deficiency	COX10-Related COX Deficiency	MONDO:0033635	1	ALL_MAPPINGS_CONSISTENT		0	0		0		1
COX11-Related_COX_Deficiency	COX11-Related COX Deficiency	MONDO:0859520	1	ALL_MAPPINGS_CONSISTENT		0	0		0		1
COX14-Related_COX_Deficiency	COX14-Related COX Deficiency	MONDO:0033639	1	ALL_MAPPINGS_CONSISTENT		0	0		0		1
COX15-Related_COX_Deficiency	COX15-Related COX Deficiency	MONDO:0014051	1	ALL_MAPPINGS_CONSISTENT		0	0		0		1
COX16-Related_COX_Deficiency	COX16-Related COX Deficiency	MONDO:0859160	1	ALL_MAPPINGS_CONSISTENT		0	0		0		1
COX18-Related_COX_Deficiency	COX18-Related COX Deficiency	MONDO:0980970	1	ALL_MAPPINGS_CONSISTENT		0	0		0		1
COX20-Related_COX_Deficiency	COX20-Related COX Deficiency	MONDO:0033645	1	ALL_MAPPINGS_CONSISTENT		0	0		0		1
COX4I1-Related_COX_Deficiency	COX4I1-Related COX Deficiency	MONDO:0033651	1	ALL_MAPPINGS_CONSISTENT		0	0		0		1
COX4I2-Related_Pancreatic_Insufficiency-Anemia-Hyperostosis_Syndrome	COX4I2-Related Pancreatic Insufficiency-Anemia-Hyperostosis Syndrome	MONDO:0012992	1	ALL_MAPPINGS_CONSISTENT	ICD10:E88.8	0	0	ORDO:199337	1	skos:broadMatch	0
COX5A-Related_COX_Deficiency	COX5A-Related COX Deficiency	MONDO:0033655	1	ALL_MAPPINGS_CONSISTENT		0	0		0		1
COX6A2-Related_COX_Deficiency	COX6A2-Related COX Deficiency	MONDO:0033653	1	ALL_MAPPINGS_CONSISTENT		0	0		0		1
COX6B1-Related_COX_Deficiency	COX6B1-Related COX Deficiency	MONDO:0033637	1	ALL_MAPPINGS_CONSISTENT		0	0		0		1
COX8A-Related_COX_Deficiency	COX8A-Related COX Deficiency	MONDO:0033650	1	ALL_MAPPINGS_CONSISTENT		0	0		0		1
COXFA4-Related_COX_Deficiency	COXFA4-Related COX Deficiency	MONDO:0033656	1	ALL_MAPPINGS_CONSISTENT		0	0		0		1
CPLX1-Related_DEE	CPLX1-Related Developmental and Epileptic Encephalopathy	MONDO:0033372	1	ALL_MAPPINGS_CONSISTENT		0	0		0		1
CPT1C-Related_Hereditary_Spastic_Paraplegia	CPT1C-Related Hereditary Spastic Paraplegia	MONDO:0014568	1	ALL_MAPPINGS_CONSISTENT	ICD10:G11.4	0	0	ORDO:444099	1	skos:broadMatch	0
CRADD-Related_Thin_Lissencephaly	CRADD-Related Thin Lissencephaly	MONDO:0013785	1	ALL_MAPPINGS_CONSISTENT		0	0		0		1
CRB1_Retinal_Dystrophies	CRB1 Retinal Dystrophies	MONDO:0013453	1	RETRACTED		0	0		0		1
CRX_Related_Retinopathy	CRX-Related Retinopathy	MONDO:1040064	1	ALL_MAPPINGS_CONSISTENT		0	0		0		1
CTCF-related_Neurodevelopmental_Disorder	CTCF-related Neurodevelopmental Disorder	MONDO:0014213	1	ALL_MAPPINGS_CONSISTENT	ICD10:Q87.8	0	0	ORDO:363611	1	skos:broadMatch	0
CTLA4_Haploinsufficiency	CTLA4 Haploinsufficiency	MONDO:0014493	1	ALL_MAPPINGS_CONSISTENT	ICD10:D84.8	0	0	ORDO:436159	1	skos:broadMatch	0
CTNNB1_Neurodevelopmental_Disorder	CTNNB1 Neurodevelopmental Disorder	MONDO:0014035	1	ALL_MAPPINGS_CONSISTENT	ICD10:G80.1|ICD10CM:Q87.88	0	2	ORDO:404473	1	skos:narrowMatch	0
CYCS-Related_Thrombocytopenia	CYCS-Related Thrombocytopenia	MONDO:0012775	1	ALL_MAPPINGS_CONSISTENT		0	0		0		1
CYFIP2-Related_Developmental_and_Epileptic_Encephalopathy	CYFIP2-Related Developmental and Epileptic Encephalopathy	MONDO:0033374	1	ALL_MAPPINGS_CONSISTENT		0	0		0		1
Calvarial_Doughnut_Lesions-bone_Fragility_Syndrome	Calvarial Doughnut Lesions-Bone Fragility Syndrome	MONDO:0007470	1	ALL_MAPPINGS_CONSISTENT	ICD10:M85.8	0	0	ORDO:85192	1	skos:broadMatch	0
Campomelic_Dysplasia	Campomelic Dysplasia	MONDO:0007251	1	TIMED_OUT	ICD10:Q87.1	0	0	ORDO:140	1	skos:broadMatch	0
Camurati-Engelmann_Disease	Camurati-Engelmann Disease	MONDO:0007542	1	ALL_MAPPINGS_CONSISTENT	ICD10:Q78.3|ICD10CM:Q78.3	0	2	ORDO:1328	1	skos:exactMatch	0
Canavan_Disease	Canavan disease	MONDO:0010079	1	TIMED_OUT	ICD10:E75.2	0	0	ORDO:141	1	skos:broadMatch	0
Capillary_Malformation-Arteriovenous_Malformation_Syndrome	Capillary Malformation-Arteriovenous Malformation Syndrome	MONDO:0012016	1	TIMED_OUT	ICD10:Q27.3	0	0	ORDO:137667	1	skos:broadMatch	0
Carbamoyl_Phosphate_Synthetase_I_Deficiency	Carbamoyl Phosphate Synthetase I Deficiency	MONDO:0009376	1	TIMED_OUT	ICD10:E72.2	0	0	ORDO:147	1	skos:broadMatch	0
Carbonic_Anhydrase_VA_Deficiency	Carbonic Anhydrase VA Deficiency	MONDO:0014332	1	ALL_MAPPINGS_CONSISTENT	ICD10:E74.8	0	0	ORDO:401948	1	skos:broadMatch	0
Cardiac_Facial_And_Digital_Anomalies_With_Developmental_Delay	Cardiac, Facial, and Digital Anomalies with Developmental Delay	MONDO:0032572	1	ALL_MAPPINGS_CONSISTENT	ICD10:Q87.8	0	0	ORDO:592570	1	skos:broadMatch	0
Cardiac_Valvular_Ehlers-Danlos_Syndrome	Cardiac Valvular Ehlers-Danlos Syndrome	MONDO:0009159	1	ALL_MAPPINGS_CONSISTENT	ICD10:Q79.6	0	0	ORDO:230851	1	skos:broadMatch	0
Cardiofaciocutaneous_Syndrome	Cardiofaciocutaneous Syndrome	MONDO:0015280	1	ALL_MAPPINGS_CONSISTENT	ICD10:Q87.8	0	0	ORDO:1340	1	skos:broadMatch	0
Cardiofacioneurodevelopmental_Syndrome	Cardiofacioneurodevelopmental Syndrome	MONDO:0030873	1	ALL_MAPPINGS_CONSISTENT		0	0		0		1
Cardiomyopathy-Hypotonia-Lactic_Acidosis_Syndrome	Cardiomyopathy-Hypotonia-Lactic Acidosis Syndrome	MONDO:0012557	1	ALL_MAPPINGS_CONSISTENT	ICD10:G71.3	0	0	ORDO:91130	1	skos:broadMatch	0
Cardiomyopathy_Dilated_2H	Cardiomyopathy Dilated 2H	MONDO:0859358	1	ALL_MAPPINGS_CONSISTENT		0	0		0		1
Cardiospondylocarpofacial_Syndrome	Cardiospondylocarpofacial syndrome	MONDO:0008005	1	ALL_MAPPINGS_CONSISTENT	ICD10:Q87.8	0	0	ORDO:3238	1	skos:broadMatch	0
Carney_Complex	Carney Complex	MONDO:0015285	1	ALL_MAPPINGS_CONSISTENT	ICD10:D44.8	0	2	ORDO:1359	1	skos:broadMatch	0
Carnitine-Acylcarnitine_Translocase_Deficiency	Carnitine-acylcarnitine Translocase Deficiency	MONDO:0008918	1	TIMED_OUT	ICD10:E71.3	0	0	ORDO:159	1	skos:broadMatch	0
Carnitine_Palmitoyltransferase_1A_Deficiency	Carnitine Palmitoyltransferase 1A Deficiency	MONDO:0009705	1	ALL_MAPPINGS_CONSISTENT	ICD10:E71.3	0	0	ORDO:156	1	skos:broadMatch	0
Carnitine_Palmitoyltransferase_II_Deficiency	Carnitine Palmitoyltransferase II Deficiency	MONDO:0015515	1	TIMED_OUT	ICD10:E71.3	0	0	ORDO:157	1	skos:broadMatch	0
Caroli_Disease	Caroli disease	MONDO:0010913	1	TIMED_OUT	ICD10:Q44.6	0	0	ORDO:53035	1	skos:broadMatch	0
Cartilage-Hair_Hypoplasia	Cartilage-hair hypoplasia	MONDO:0009595	1	TIMED_OUT	ICD10:Q78.8	0	0	ORDO:175	1	skos:broadMatch	0
Central_Areolar_Choroidal_Dystrophy	Central Areolar Choroidal Dystrophy	MONDO:0008982	1	TIMED_OUT	ICD10:H31.2|ICD10CM:H31.22	0	2	ORDO:75377	1	skos:broadMatch	0
Central_Congenital_Hypothyroidism	Central Congenital Hypothyroidism	MONDO:0016410	1	ALL_MAPPINGS_CONSISTENT		0	0	ORDO:226298	0		1
Central_Core_Myopathy	Central Core Myopathy	MONDO:0007294	1	TIMED_OUT	ICD10:G71.2	0	0	ORDO:597	1	skos:broadMatch	0
Central_Nervous_System_Germ_Cell_Tumor	Central Nervous System Germ Cell Tumor	MONDO:0003000	0	ALL_MAPPINGS_CONSISTENT		0	0		0		1
Centronuclear_Myopathy	Centronuclear Myopathy	MONDO:0018947	1	TIMED_OUT	ICD10:G71.2|ICD10CM:G71.22|ICD10CM:G71.220	0	2	ORDO:595	0		0
Cerebellar_Ataxia-Hypogonadism_Syndrome	Cerebellar Ataxia-Hypogonadism Syndrome	MONDO:0008935	1	ALL_MAPPINGS_CONSISTENT	ICD10:G11.8	0	0	ORDO:1173	1	skos:broadMatch	0
Cerebellar_Ataxia_Intellectual_Disability_and_Dysequilibrium	Cerebellar Ataxia, Intellectual Disability, and Dysequilibrium Syndrome	MONDO:0009133	1	TIMED_OUT	ICD10:G11.8	0	0	ORDO:1766	1	skos:broadMatch	0
Cerebral_Amyloid_Angiopathy	Cerebral Amyloid Angiopathy	MONDO:0005620	0	ALL_MAPPINGS_CONSISTENT	ICD10CM:I68.0	0	2	ORDO:85458	2	skos:broadMatch	0
Cerebral_Cavernous_Malformation	Cerebral Cavernous Malformation	MONDO:0000820	1	TIMED_OUT	ICD10:Q28.3	0	0		0		0
Cerebral_Palsy	Cerebral Palsy	MONDO:0006497	0	ALL_MAPPINGS_CONSISTENT	ICD10CM:G80|ICD10CM:G80.3|ICD10CM:G80.4	0	2		0		0
Cerebrocostomandibular_Syndrome	Cerebrocostomandibular Syndrome	MONDO:0007301	1	ALL_MAPPINGS_CONSISTENT	ICD10:Q87.8	0	0	ORDO:1393	1	skos:broadMatch	0
Cerebrotendinous_Xanthomatosis	Cerebrotendinous xanthomatosis	MONDO:0008948	1	TIMED_OUT	ICD10:E75.5	0	0	ORDO:909	1	skos:broadMatch	0
Cernunnos-XLF_deficiency	Cernunnos-XLF deficiency	MONDO:0012650	1	ALL_MAPPINGS_CONSISTENT	ICD10:D81.1	0	0	ORDO:169079	1	skos:broadMatch	0
Charcot-Marie-Tooth_Disease	Charcot-Marie-Tooth Disease	MONDO:0015626	1	ALL_MAPPINGS_CONSISTENT		0	0	ORDO:166	0		1
Charcot-Marie-Tooth_Disease_Axonal_Type_2C	Charcot-Marie-Tooth Disease Axonal Type 2C	MONDO:0011633	1	ALL_MAPPINGS_CONSISTENT	ICD10:G60.0	0	0	ORDO:99937	1	skos:broadMatch	0
Charcot-Marie-Tooth_Disease_Axonal_Type_2JJ	Charcot-Marie-Tooth disease, axonal, type 2JJ	MONDO:0976227	1	ALL_MAPPINGS_CONSISTENT		0	0		0		1
Charcot-Marie-Tooth_Disease_Axonal_Type_2P	Charcot-Marie-Tooth Disease Axonal Type 2P	MONDO:0013753	1	ALL_MAPPINGS_CONSISTENT	ICD10:G60.0	0	0	ORDO:300319	1	skos:broadMatch	0
Charcot-Marie-Tooth_Disease_Axonal_Type_2T	Charcot-Marie-Tooth disease, axonal, type 2T	MONDO:0044640	1	ALL_MAPPINGS_CONSISTENT	ICD10:G60.0	0	0	ORDO:495274	1	skos:broadMatch	0
Charcot-Marie-Tooth_Disease_Dominant_Intermediate_B	Charcot-Marie-Tooth Disease Dominant Intermediate B	MONDO:0011674	1	ALL_MAPPINGS_CONSISTENT	ICD10:G60.0	0	0	ORDO:100044	1	skos:broadMatch	0
Charcot-Marie-Tooth_Disease_Dominant_Intermediate_E	Charcot-Marie-Tooth Disease Dominant Intermediate E	MONDO:0013758	1	ALL_MAPPINGS_CONSISTENT	ICD10:G60.0	0	0	ORDO:93114	1	skos:broadMatch	0
Charcot-Marie-Tooth_Disease_Dominant_Intermediate_G	Charcot-Marie-Tooth Disease Dominant Intermediate G	MONDO:0036484	1	ALL_MAPPINGS_CONSISTENT		0	0		0		1
Charcot-Marie-Tooth_Disease_Recessive_Intermediate_D	Charcot-Marie-Tooth Disease Recessive Intermediate D	MONDO:0014467	1	ALL_MAPPINGS_CONSISTENT	ICD10:G60.0	0	0	ORDO:435998	1	skos:broadMatch	0
Charcot-Marie-Tooth_Disease_Type_1	Charcot-Marie-Tooth Disease Type 1	MONDO:0019011	1	ALL_MAPPINGS_CONSISTENT		0	0	ORDO:65753	0		1
Charcot-Marie-Tooth_Disease_Type_4	Charcot-Marie-Tooth Disease Type 4	MONDO:0018995	1	ALL_MAPPINGS_CONSISTENT		0	0	ORDO:64749	0		1
Charcot-Marie-Tooth_Disease_Type_4B3	Charcot-Marie-Tooth Disease Type 4B3	MONDO:0014117	1	ALL_MAPPINGS_CONSISTENT	ICD10:G60.0	0	0	ORDO:363981	1	skos:broadMatch	0
Charcot-Marie-Tooth_Disease_Type_4D	Charcot-Marie-Tooth disease type 4D	MONDO:0011085	1	ALL_MAPPINGS_CONSISTENT	ICD10:G60.0	0	0	ORDO:99950	1	skos:broadMatch	0
Charcot-Marie-Tooth_Disease_Type_4K	Charcot-Marie-Tooth Disease Type 4K	MONDO:0014733	1	ALL_MAPPINGS_CONSISTENT	ICD10:G60.0	0	0	ORDO:391351	1	skos:broadMatch	0
Charcot-Marie-Tooth_Disease_Type_X	Charcot-Marie-Tooth Disease Type X	MONDO:0018994	1	TIMED_OUT	ICD10:G60.0	0	0	ORDO:64747	0		0
Charlevoix-Saguenay_spastic_ataxia	Charlevoix-Saguenay spastic ataxia	MONDO:0010041	1	ALL_MAPPINGS_CONSISTENT	ICD10:G11.1	0	0	ORDO:98	1	skos:broadMatch	0
Chediak-Higashi_Syndrome	Chediak-Higashi Syndrome	MONDO:0008963	1	TIMED_OUT	ICD10:E70.3|ICD10CM:E70.330	0	2	ORDO:167	1	skos:broadMatch	0
Cherubism	Cherubism	MONDO:0007315	1	TIMED_OUT	ICD10:K10.8	0	0	ORDO:184	1	skos:broadMatch	0
Cholangiocarcinoma	Cholangiocarcinoma	MONDO:0019087	0	RETRACTED	ICD10CM:C22.1	0	0	ORDO:70567	4	skos:exactMatch|skos:narrowMatch	0
Cholesteryl_Ester_Storage_Disease	Cholesteryl Ester Storage Disease	MONDO:0019149	1	ALL_MAPPINGS_CONSISTENT	ICD10:E75.5	0	0	ORDO:75234	1	skos:broadMatch	0
Chondrodysplasia_Blomstrand_Type	Chondrodysplasia Blomstrand Type	MONDO:0008970	1	ALL_MAPPINGS_CONSISTENT	ICD10:Q78.8	0	0	ORDO:50945	1	skos:broadMatch	0
Chondrodysplasia_Punctata_Tibial-metacarpal_Type	Chondrodysplasia Punctata, Tibial-metacarpal Type	MONDO:0007322	1	ALL_MAPPINGS_CONSISTENT	ICD10:Q77.3	0	0	ORDO:79346	1	skos:broadMatch	0
Chondrodysplasia_With_Joint_Dislocations_gPAPP_Type	Chondrodysplasia With Joint Dislocations gPAPP Type	MONDO:0013561	1	ALL_MAPPINGS_CONSISTENT	ICD10:M85.0	0	0	ORDO:280586	1	skos:broadMatch	0
Chondrosarcoma	Chondrosarcoma	MONDO:0008977	0	RETRACTED		0	0	ORDO:55880	1	skos:broadMatch	0
Chorea-acanthocytosis	Chorea-acanthocytosis	MONDO:0008695	1	ALL_MAPPINGS_CONSISTENT	ICD10:E78.6	0	0	ORDO:2388	1	skos:broadMatch	0
Choroid_Plexus_Carcinoma	Choroid Plexus Carcinoma	MONDO:0016718	0	RETRACTED		0	0	ORDO:251899	1	skos:broadMatch	0
Choroid_Plexus_Neoplasm	Choroid Plexus Neoplasm	MONDO:0016717	0	ALL_MAPPINGS_CONSISTENT		0	0	ORDO:251896	0		1
Choroideremia	Choroideremia	MONDO:0010557	1	TIMED_OUT	ICD10:H31.2|ICD10CM:H31.21	0	2	ORDO:180	1	skos:broadMatch	0
Choroiditis	Choroiditis	MONDO:0001280	0	ALL_MAPPINGS_CONSISTENT	ICD10CM:H44.13	0	0	ORDO:280892	0		0
Chromosome_17q12_Deletion_Syndrome	Chromosome 17q12 Deletion Syndrome	MONDO:0013797	1	ALL_MAPPINGS_CONSISTENT	ICD10:Q93.5	0	0	ORDO:261265	1	skos:broadMatch	0
Chromosome_18p_Deletion_Syndrome	Chromosome 18p Deletion Syndrome	MONDO:0007800	1	TIMED_OUT	ICD10:Q93.5	0	0	ORDO:1598|ORDO:261974	1	skos:broadMatch	0
Chromosome_2q32-q33_Deletion_Syndrome	Chromosome 2q32-q33 Deletion Syndrome	MONDO:0012864	1	RETRACTED	ICD10:Q87.8|ICD10:Q93.5	0	0	ORDO:251019|ORDO:576283	2	skos:broadMatch	0
Chromosome_Xq_Duplication	Chromosome Xq Duplication	MONDO:0017010	0	ALL_MAPPINGS_CONSISTENT		0	0	ORDO:263783	0		1
Chronic_Granulomatous_Disease	Chronic Granulomatous Disease	MONDO:0018305	1	TIMED_OUT	ICD10:D71	0	0	ORDO:379	1	skos:broadMatch	0
Chronic_Intestinal_Pseudoobstruction	Chronic Intestinal Pseudoobstruction	MONDO:0017574	0	ALL_MAPPINGS_CONSISTENT		0	0	ORDO:2978	1	skos:broadMatch	0
Chronic_Mucocutaneous_Candidiasis	Chronic Mucocutaneous Candidiasis	MONDO:0015279	1	TIMED_OUT	ICD10:B37.2|ICD10:E31.0|ICD10:K63.9	0	0	ORDO:1334	1	skos:broadMatch	0
Chronic_Neurovisceral_Acid_Sphingomyelinase_Deficiency	Chronic Neurovisceral Acid Sphingomyelinase Deficiency	MONDO:0850058	1	ALL_MAPPINGS_CONSISTENT	ICD10:E75.2|ICD10CM:E75.244	0	2	ORDO:618891	1	skos:broadMatch	0
Chronic_Primary_Adrenal_Insufficiency	Chronic Primary Adrenal Insufficiency	MONDO:0015129	0	ALL_MAPPINGS_CONSISTENT		0	0	ORDO:101959	0		1
Chung-Jansen_Syndrome	Chung-Jansen Syndrome	MONDO:0035133	1	ALL_MAPPINGS_CONSISTENT	ICD10:Q87.8	0	0	ORDO:589905	1	skos:broadMatch	0
Chuvash_Polycythemia	Chuvash Polycythemia	MONDO:0009892	1	ALL_MAPPINGS_CONSISTENT	ICD10:D75.1	0	0	ORDO:238557	1	skos:broadMatch	0
Citrin_Deficiency	Citrin Deficiency	MONDO:0016602	1	TIMED_OUT	ICD10:E72.2	0	0	ORDO:247582	0		0
Citrullinemia_Type_I	Citrullinemia Type I	MONDO:0008988	1	TIMED_OUT	ICD10:E72.2	0	0	ORDO:247525	1	skos:broadMatch	0
Classic_Familial_Adenomatous_Polyposis	Classic Familial Adenomatous Polyposis	MONDO:0021055	1	ALL_MAPPINGS_CONSISTENT	ICD10:D12.6	0	0	ORDO:733	1	skos:broadMatch	0
Cleidocranial_Dysplasia	Cleidocranial Dysplasia	MONDO:0007340	1	ALL_MAPPINGS_CONSISTENT	ICD10:Q74.0	0	0	ORDO:1452	1	skos:broadMatch	0
Clouston_Syndrome	Clouston Syndrome	MONDO:0007510	1	ALL_MAPPINGS_CONSISTENT	ICD10:Q82.8	0	0	ORDO:189	1	skos:broadMatch	0
Coffin-Lowry_Syndrome	Coffin-Lowry syndrome	MONDO:0010561	1	TIMED_OUT	ICD10:Q87.0	0	0	ORDO:192	1	skos:broadMatch	0
Coffin_Siris_Syndrome	Coffin-Siris syndrome	MONDO:0015452	1	TIMED_OUT	ICD10:Q87.1	0	0	ORDO:1465	1	skos:broadMatch	0
Cole-Carpenter_Syndrome	Cole-Carpenter syndrome	MONDO:0016085	1	TIMED_OUT	ICD10:Q78.0	0	0	ORDO:2050	1	skos:broadMatch	0
Colobomatous_Microphthalmia-Rhizomelic_Dysplasia_Syndrome	Colobomatous Microphthalmia-Rhizomelic Dysplasia Syndrome	MONDO:0014380	1	ALL_MAPPINGS_CONSISTENT	ICD10:Q87.5	0	0	ORDO:424099	1	skos:broadMatch	0
Combined_Immunodeficiency_Due_To_CD3gamma_Deficiency	Combined immunodeficiency due to CD3gamma deficiency	MONDO:0014276	1	RETRACTED	ICD10:D81.2	0	0	ORDO:169082	1	skos:broadMatch	0
Combined_Immunodeficiency_Due_To_CTPS1_Deficiency	Combined Immunodeficiency Due to CTPS1 Deficiency	MONDO:0014391	1	ALL_MAPPINGS_CONSISTENT	ICD10:D81.2	0	0	ORDO:420573	1	skos:broadMatch	0
Combined_Immunodeficiency_Due_To_GINS1_Deficiency	Combined Immunodeficiency Due To GINS1 Deficiency	MONDO:0044725	1	ALL_MAPPINGS_CONSISTENT	ICD10:D81.8	0	0	ORDO:505227	1	skos:broadMatch	0
Combined_Malonic_and_Methylmalonic_Aciduria	Combined Malonic and Methylmalonic Aciduria	MONDO:0013661	1	ALL_MAPPINGS_CONSISTENT	ICD10:E71.1	0	0	ORDO:289504	1	skos:broadMatch	0
Combined_Oxidative_Phosphorylation_Defect_Type_13	Combined Oxidative Phosphorylation Defect Type 13	MONDO:0013977	1	ALL_MAPPINGS_CONSISTENT	ICD10:E88.8	0	0	ORDO:319514	1	skos:broadMatch	0
Combined_Oxidative_Phosphorylation_Defect_Type_21	Combined Oxidative Phosphorylation Defect Type 21	MONDO:0014398	1	ALL_MAPPINGS_CONSISTENT	ICD10:E88.8	0	0	ORDO:420733	1	skos:broadMatch	0
Combined_Oxidative_Phosphorylation_Defect_Type_26	Combined Oxidative Phosphorylation Defect Type 26	MONDO:0014684	1	ALL_MAPPINGS_CONSISTENT	ICD10:E88.8	0	0	ORDO:477684	1	skos:broadMatch	0
Combined_Oxidative_Phosphorylation_Defect_Type_30	Combined Oxidative Phosphorylation Defect Type 30	MONDO:0014856	1	ALL_MAPPINGS_CONSISTENT	ICD10:E88.8	0	0	ORDO:478042	1	skos:broadMatch	0
Combined_Oxidative_Phosphorylation_Defect_Type_4	Combined Oxidative Phosphorylation Defect Type 4	MONDO:0012534	1	ALL_MAPPINGS_CONSISTENT	ICD10:E88.8	0	0	ORDO:254925	1	skos:broadMatch	0
Combined_Oxidative_Phosphorylation_Defect_Type_7	Combined Oxidative Phosphorylation Defect Type 7	MONDO:0013306	1	ALL_MAPPINGS_CONSISTENT	ICD10:E88.8	0	0	ORDO:254930	1	skos:broadMatch	0
Combined_Oxidative_Phosphorylation_Deficiency_42	Combined oxidative phosphorylation deficiency 42	MONDO:0030008	1	ALL_MAPPINGS_CONSISTENT		0	0		0		1
Combined_Oxidative_Phosphorylation_Deficiency_51	Combined Oxidative Phosphorylation Deficiency 51	MONDO:0033631	1	ALL_MAPPINGS_CONSISTENT		0	0		0		1
Combined_Pituitary_Hormone_Deficiencies_Genetic_Form	Combined Pituitary Hormone Deficiencies, Genetic Form	MONDO:0018762	1	ALL_MAPPINGS_CONSISTENT		0	0	ORDO:467	0		1
Combined_Saposin_Deficiency	Combined Saposin Deficiency	MONDO:0012719	1	ALL_MAPPINGS_CONSISTENT	ICD10:E75.2	0	0	ORDO:139406	1	skos:broadMatch	0
Complement_Component_2_Deficiency	Complement Component 2 Deficiency	MONDO:0009006	1	ALL_MAPPINGS_CONSISTENT		0	0		0		1
Complex_Hereditary_Spastic_Paraplegia	Complex Hereditary Spastic Paraplegia	MONDO:0015150	1	ALL_MAPPINGS_CONSISTENT		0	0	ORDO:102013	0		1
Cone-rod_Dystrophy_And_Hearing_Loss_2	Cone-rod dystrophy and hearing loss 2	MONDO:0020780	1	ALL_MAPPINGS_CONSISTENT		0	0		0		1
Congenital_Adrenal_Hyperplasia	Congenital Adrenal Hyperplasia	MONDO:0018479	1	TIMED_OUT	ICD10:E25.0	0	0	ORDO:418	1	skos:exactMatch	0
Congenital_Bilateral_Absence_of_Vas_Deferens	Congenital Bilateral Absence of Vas Deferens	MONDO:0018801	1	TIMED_OUT	ICD10:Q55.4	0	0	ORDO:48	1	skos:broadMatch	0
Congenital_Chloride_Diarrhea	Congenital Chloride Diarrhea	MONDO:0008964	1	ALL_MAPPINGS_CONSISTENT	ICD10:P78.3	0	0	ORDO:53689	1	skos:broadMatch	0
Congenital_Disorder_Of_Glycosylation_Type_ICC	Congenital Disorder of Glycosylation, Type ICC	MONDO:0026729	1	ALL_MAPPINGS_CONSISTENT		0	0		0		1
Congenital_Disorder_of_Glycosylation_Type_IIw	Congenital Disorder of Glycosylation, Type IIw	MONDO:0030437	1	ALL_MAPPINGS_CONSISTENT		0	0		0		1
Congenital_Dyserythropoietic_Anemia	Congenital Dyserythropoietic Anemia	MONDO:0019403	1	TIMED_OUT	ICD10:D64.4|ICD10CM:D64.4	0	2	ORDO:85	1	skos:exactMatch	0
Congenital_Fibrosis_of_the_Extraocular_Muscles	Congenital Fibrosis of the Extraocular Muscles	MONDO:0007614	1	TIMED_OUT	ICD10:H49.8	0	0	ORDO:45358	1	skos:broadMatch	0
Congenital_Glaucoma	Congenital Glaucoma	MONDO:0020366	1	TIMED_OUT	ICD10:Q15.0	0	0		0		0
Congenital_Heart_Defects_Multiple_Types_2	Congenital Heart Defects, Multiple Types, 2	MONDO:0014000	1	ALL_MAPPINGS_CONSISTENT		0	0		0		1
Congenital_Heart_Defects_and_Skeletal_Malformations_Syndrome	Congenital Heart Defects and Skeletal Malformations Syndrome	MONDO:0060532	1	ALL_MAPPINGS_CONSISTENT	ICD10:Q87.8	0	0	ORDO:643503	1	skos:broadMatch	0
Congenital_Heart_Disease	Congenital Heart Disease	MONDO:0005453	0	RETRACTED		0	0		0		1
Congenital_Hydrocephalus	Congenital Hydrocephalus	MONDO:0016349	0	ALL_MAPPINGS_CONSISTENT	ICD10CM:Q03	0	2	ORDO:2185	4	skos:narrowMatch	0
Congenital_Hypomyelinating_Neuropathy	Congenital Hypomyelinating Neuropathy	MONDO:0033352	1	TIMED_OUT	ICD10:G60.0	0	0		0		0
Congenital_Hypothyroidism	Congenital Hypothyroidism	MONDO:0018612	0	ALL_MAPPINGS_CONSISTENT		0	0	ORDO:442	0		1
Congenital_Insensitivity_to_Pain	Congenital Insensitivity to Pain	MONDO:0015364	1	TIMED_OUT	ICD10:G60.8	0	0	ORDO:140471	0		0
Congenital_Lactase_Deficiency	Congenital Lactase Deficiency	MONDO:0009115	1	TIMED_OUT	ICD10:E73.0|ICD10CM:E73.0	0	2	ORDO:53690	1	skos:exactMatch	0
Congenital_Myasthenic_Syndrome	Congenital Myasthenic Syndrome	MONDO:0018940	1	ALL_MAPPINGS_CONSISTENT	ICD10:G70.2	0	0	ORDO:590	1	skos:exactMatch	0
Congenital_Myasthenic_Syndrome_15	Congenital Myasthenic Syndrome 15	MONDO:0014542	1	ALL_MAPPINGS_CONSISTENT		0	0		0		1
Congenital_Myasthenic_Syndrome_6	Congenital Myasthenic Syndrome 6	MONDO:0009689	1	ALL_MAPPINGS_CONSISTENT		0	0		0		1
Congenital_Primary_Megaureter	Congenital Primary Megaureter	MONDO:0018960	0	ALL_MAPPINGS_CONSISTENT		0	0	ORDO:617	1	skos:exactMatch	0
Congenital_Sialidosis_Type_2	Congenital Sialidosis Type 2	MONDO:0019682	1	ALL_MAPPINGS_CONSISTENT	ICD10:E77.1	0	0	ORDO:93400	1	skos:broadMatch	0
Congenital_Sodium_Diarrhea	Congenital Sodium Diarrhea	MONDO:0015170	1	ALL_MAPPINGS_CONSISTENT	ICD10:K90.8	0	0	ORDO:103908	1	skos:broadMatch	0
Congenital_Stationary_Night_Blindness	Congenital Stationary Night Blindness	MONDO:0016293	1	TIMED_OUT	ICD10:H53.6	0	0	ORDO:215	1	skos:broadMatch	0
Congenital_Sucrase-Isomaltase_Deficiency	Congenital Sucrase-Isomaltase Deficiency	MONDO:0009114	1	TIMED_OUT	ICD10:E74.3	0	0	ORDO:35122	1	skos:broadMatch	0
Congenital_Thrombotic_Thrombocytopenic_Purpura	Congenital Thrombotic Thrombocytopenic Purpura	MONDO:0010122	1	ALL_MAPPINGS_CONSISTENT	ICD10:M31.1	0	0	ORDO:93583	1	skos:broadMatch	0
Congenital_Tufting_Enteropathy	Congenital Tufting Enteropathy	MONDO:0013184	1	ALL_MAPPINGS_CONSISTENT	ICD10:P78.3	0	0	ORDO:92050	1	skos:broadMatch	0
Congenital_Vertebral-Cardiac-Renal_Anomalies_Syndrome	Congenital Vertebral-Cardiac-Renal Anomalies Syndrome	MONDO:0020831	1	TIMED_OUT	ICD10:Q87.8	0	0	ORDO:521438	1	skos:broadMatch	0
Constitutional_Mismatch_Repair_Deficiency	Constitutional Mismatch Repair Deficiency	MONDO:0031219	0	ALL_MAPPINGS_CONSISTENT		0	0	ORDO:252202	1	skos:broadMatch	0
Cooks_Syndrome	Cooks Syndrome	MONDO:0007134	1	ALL_MAPPINGS_CONSISTENT	ICD10:Q84.6	0	0	ORDO:1487	1	skos:broadMatch	0
Cori_Forbes_Disease	Cori Forbes Disease	MONDO:0009291	1	TIMED_OUT	ICD10:E74.0|ICD10CM:E74.03	0	2	ORDO:366	1	skos:broadMatch	0
Corneal_Dystrophy	Corneal Dystrophy	MONDO:0018102	1	TIMED_OUT	ICD10:H18.5	0	0	ORDO:34533	1	skos:exactMatch	0
Cornelia_de_Lange_Syndrome_4	Cornelia de Lange Syndrome 4	MONDO:0013864	1	ALL_MAPPINGS_CONSISTENT		0	0		0		1
Cornelia_de_Lange_Syndrome_5	Cornelia de Lange Syndrome 5	MONDO:0010471	1	ALL_MAPPINGS_CONSISTENT		0	0		0		1
Coronary_Artery_Congenital_Malformation	Coronary Artery Congenital Malformation	MONDO:0015203	0	ALL_MAPPINGS_CONSISTENT		0	0	ORDO:1081	1	skos:exactMatch	0
Corpus_Callosum_Agenesis-Intellectual_Disability-Coloboma-Micrognathia_Syndrome	Corpus Callosum Agenesis-Intellectual Disability-Coloboma-Micrognathia Syndrome	MONDO:0010333	1	ALL_MAPPINGS_CONSISTENT	ICD10:Q87.8	0	0	ORDO:52055	1	skos:broadMatch	0
Cortisone_Reductase_Deficiency	Cortisone Reductase Deficiency	MONDO:0000193	1	ALL_MAPPINGS_CONSISTENT	ICD10:E25.8	0	0	ORDO:168588	1	skos:broadMatch	0
Costello_Syndrome	Costello Syndrome	MONDO:0009026	1	TIMED_OUT	ICD10:Q87.8	0	0	ORDO:3071	1	skos:broadMatch	0
Cowden_Syndrome	Cowden Syndrome	MONDO:0016063	1	ALL_MAPPINGS_CONSISTENT	ICD10:Q85.8	0	0	ORDO:201	1	skos:broadMatch	0
Cranial_Neuralgia	Cranial Neuralgia	MONDO:0016374	0	ALL_MAPPINGS_CONSISTENT	ICD10CM:G50.0	0	0	ORDO:221109	0		0
Cranioectodermal_Dysplasia	Cranioectodermal Dysplasia	MONDO:0009032	1	ALL_MAPPINGS_CONSISTENT	ICD10:Q87.5	0	0	ORDO:1515	1	skos:broadMatch	0
Craniofacial-Deafness-Hand_Syndrome	Craniofacial-Deafness-Hand Syndrome	MONDO:0007395	1	ALL_MAPPINGS_CONSISTENT	ICD10:Q87.0	0	0	ORDO:1529	1	skos:broadMatch	0
Craniometaphyseal_Dysplasia	Craniometaphyseal Dysplasia	MONDO:0015465	1	TIMED_OUT	ICD10:Q78.8	0	0	ORDO:1522	1	skos:broadMatch	0
Creatine_Transporter_Deficiency	Creatine Transporter Deficiency	MONDO:0010305	1	ALL_MAPPINGS_CONSISTENT	ICD10:E72.8	0	0	ORDO:52503	1	skos:broadMatch	0
Crigler-Najjar_Syndrome	Crigler-Najjar Syndrome	MONDO:0009044	1	TIMED_OUT	ICD10:E80.5|ICD10CM:E80.5	0	2	ORDO:205	1	skos:exactMatch	0
Crouzon_Syndrome	Crouzon Syndrome	MONDO:0007405	1	TIMED_OUT	ICD10:Q75.1	0	0	ORDO:207	1	skos:broadMatch	0
Crouzon_Syndrome_with_Acanthosis_Nigricans	Crouzon Syndrome with Acanthosis Nigricans	MONDO:0012833	1	ALL_MAPPINGS_CONSISTENT	ICD10:Q75.1	0	0	ORDO:93262	1	skos:broadMatch	0
Cryoglobulinemic_Vasculitis	Cryoglobulinemic Vasculitis	MONDO:0007407	0	ALL_MAPPINGS_CONSISTENT		0	0	ORDO:91138	1	skos:broadMatch	0
Cyanosis_Transient_Neonatal	Cyanosis Transient Neonatal	MONDO:0013511	1	ALL_MAPPINGS_CONSISTENT	ICD10:D58.2	0	0		0		0
Cystinosis	Cystinosis	MONDO:0016239	1	TIMED_OUT	ICD10:E72.0|ICD10CM:E72.04	0	2	ORDO:213	1	skos:broadMatch	0
Cystinuria	Cystinuria	MONDO:0009067	1	TIMED_OUT	ICD10:E72.0|ICD10CM:E72.01	0	2	ORDO:214	1	skos:broadMatch	0
Czech_Dysplasia	Czech dysplasia	MONDO:0012206	1	ALL_MAPPINGS_CONSISTENT	ICD10:Q77.7	0	0	ORDO:137678	1	skos:broadMatch	0
D-2-Hydroxyglutaric_Aciduria	D-2-Hydroxyglutaric Aciduria	MONDO:0010924	1	TIMED_OUT	ICD10:E72.8	0	0	ORDO:79315	1	skos:broadMatch	0
DECR_Deficiency	DECR Deficiency	MONDO:0014464	1	ALL_MAPPINGS_CONSISTENT	ICD10:G31.8	0	0	ORDO:431361	1	skos:broadMatch	0
DEF6_Deficiency	DEF6 Deficiency	MONDO:0030457	1	ALL_MAPPINGS_CONSISTENT		0	0		0		1
DENND5A-Related_Developmental_and_Epileptic_Encephalopathy	DENND5A-Related Developmental and Epileptic Encephalopathy	MONDO:0015002	1	ALL_MAPPINGS_CONSISTENT		0	0		0		1
DEPDC5-Related_Epilepsy	DEPDC5-Related Epilepsy	MONDO:0005384	1	ALL_MAPPINGS_CONSISTENT		0	0		0		1
DGAT1_Deficiency	DGAT1 Deficiency	MONDO:0014375	1	ALL_MAPPINGS_CONSISTENT	ICD10:P78.3	0	0	ORDO:329242	1	skos:broadMatch	0
DHRSX-Congenital_Disorder_of_Glycosylation	DHRSX-Congenital Disorder of Glycosylation	MONDO:0975846	1	ALL_MAPPINGS_CONSISTENT		0	0		0		1
DICER1_Tumor_Predisposition_Syndrome	DICER1 Tumor Predisposition Syndrome	MONDO:0100216	1	ALL_MAPPINGS_CONSISTENT	ICD10:C34.8	0	0	ORDO:284343	1	skos:broadMatch	0
DK1-congenital_disorder_of_glycosylation	DK1-congenital disorder of glycosylation	MONDO:0012556	1	ALL_MAPPINGS_CONSISTENT	ICD10:E77.8	0	0	ORDO:91131	1	skos:broadMatch	0
DLG4-Related_Synaptopathy	DLG4-Related Synaptopathy	MONDO:0032919	1	ALL_MAPPINGS_CONSISTENT	ICD10CM:QA0.0142	0	2		0		0
DNM1_Encephalopathy	DNM1 Encephalopathy	MONDO:0014598	1	ALL_MAPPINGS_CONSISTENT		0	0		0		1
DONSON-Related_Microcephalic_Primordial_Dwarfism	DONSON-Related Microcephalic Primordial Dwarfism	MONDO:0035534	1	TIMED_OUT	ICD10:Q87.1	0	0	ORDO:572761	1	skos:broadMatch	0
DOORS_Syndrome	DOORS Syndrome	MONDO:0009079	1	ALL_MAPPINGS_CONSISTENT	ICD10:Q87.8	0	0	ORDO:79500	1	skos:broadMatch	0
DPM2-congenital_disorder_of_glycosylation	DPM2-congenital disorder of glycosylation	MONDO:0014023	1	ALL_MAPPINGS_CONSISTENT	ICD10:E77.8	0	0	ORDO:329178	1	skos:broadMatch	0
DTYMK-Related_Neurodegeneration	DTYMK-Related Neurodegeneration	MONDO:0859241	1	ALL_MAPPINGS_CONSISTENT		0	0		0		1
DYRK1A_Syndrome	DYRK1A-related intellectual disability syndrome	MONDO:0013578	1	ALL_MAPPINGS_CONSISTENT	ICD10:Q87.8	0	0	ORDO:464306	1	skos:broadMatch	0
Dacryocystitis-Osteopoikilosis_Syndrome	Dacryocystitis-Osteopoikilosis Syndrome	MONDO:0008158	1	ALL_MAPPINGS_CONSISTENT		0	0		0		1
Danon_disease	Danon disease	MONDO:0010281	1	TIMED_OUT	ICD10:E74.0	0	0	ORDO:34587	1	skos:broadMatch	0
DeSanto-Shinawi_Syndrome	DeSanto-Shinawi syndrome	MONDO:0018760	1	TIMED_OUT	ICD10:Q87.0|ICD10:Q87.8	0	0	ORDO:466943	1	skos:broadMatch	0
Deafness-Lymphedema-Leukemia_Syndrome	deafness-lymphedema-leukemia syndrome	MONDO:0013540	1	ALL_MAPPINGS_CONSISTENT		0	0		0		1
Deafness_Congenital_Heart_Defects_And_Posterior_Embryotoxon	Deafness, Congenital Heart Defects, and Posterior Embryotoxon	MONDO:0060713	1	ALL_MAPPINGS_CONSISTENT		0	0		0		1
Deeah_Syndrome	Deeah Syndrome	MONDO:0033561	1	ALL_MAPPINGS_CONSISTENT		0	0	ORDO:686495	0		1
Deficiency_of_Adenosine_Deaminase_2	Deficiency of Adenosine Deaminase 2	MONDO:0014306	1	ALL_MAPPINGS_CONSISTENT	ICD10:M30.8	0	0	ORDO:404553	1	skos:broadMatch	0
Delpire-McNeill_Syndrome	Delpire-McNeill Syndrome	MONDO:0033667	1	ALL_MAPPINGS_CONSISTENT	ICD10:Q87.8	0	0	ORDO:633024	1	skos:broadMatch	0
Dentatorubral-Pallidoluysian_Atrophy	Dentatorubral-Pallidoluysian Atrophy	MONDO:0007435	1	ALL_MAPPINGS_CONSISTENT	ICD10:G11.8	0	0	ORDO:101	1	skos:broadMatch	0
Dentici-Novelli_neurodevelopmental_syndrome	Dentici-Novelli neurodevelopmental syndrome	MONDO:0859251	1	ALL_MAPPINGS_CONSISTENT		0	0		0		1
Denys-Drash_Syndrome	Denys-Drash Syndrome	MONDO:0008682	1	ALL_MAPPINGS_CONSISTENT		0	0	ORDO:220	1	skos:broadMatch	0
Dermatosparaxis_Ehlers-Danlos_Syndrome	Dermatosparaxis Ehlers-Danlos Syndrome	MONDO:0009161	1	ALL_MAPPINGS_CONSISTENT	ICD10:Q79.6	0	0	ORDO:1901	1	skos:broadMatch	0
Developmental_And_Epileptic_Encephalopathy_116	Developmental and Epileptic Encephalopathy 116	MONDO:0970945	1	ALL_MAPPINGS_CONSISTENT		0	0		0		1
Developmental_And_Epileptic_Encephalopathy_14	Developmental and Epileptic Encephalopathy 14	MONDO:0013989	1	ALL_MAPPINGS_CONSISTENT		0	0		0		1
Developmental_And_Epileptic_Encephalopathy_19	Developmental and Epileptic Encephalopathy 19	MONDO:0014328	1	ALL_MAPPINGS_CONSISTENT		0	0		0		1
Developmental_And_Epileptic_Encephalopathy_38	Developmental And Epileptic Encephalopathy 38	MONDO:0014868	1	ALL_MAPPINGS_CONSISTENT		0	0		0		1
Developmental_And_Epileptic_Encephalopathy_46	Developmental And Epileptic Encephalopathy 46	MONDO:0014947	1	ALL_MAPPINGS_CONSISTENT		0	0		0		1
Developmental_And_Epileptic_Encephalopathy_50	Developmental and Epileptic Encephalopathy 50	MONDO:0014647	1	ALL_MAPPINGS_CONSISTENT	ICD10:E77.8	0	0	ORDO:448010	1	skos:broadMatch	0
Developmental_And_Epileptic_Encephalopathy_80	Developmental And Epileptic Encephalopathy 80	MONDO:0032822	1	ALL_MAPPINGS_CONSISTENT		0	0		0		1
Developmental_And_Epileptic_Encephalopathy_81	Developmental and Epileptic Encephalopathy 81	MONDO:0032858	1	ALL_MAPPINGS_CONSISTENT		0	0		0		1
Developmental_And_Epileptic_Encephalopathy_89	Developmental and Epileptic Encephalopathy 89	MONDO:0030856	1	ALL_MAPPINGS_CONSISTENT		0	0		0		1
Developmental_Delay_Hypotonia_Musculoskeletal_Defects_And_Behavioral_Abnormalities	Developmental Delay, Hypotonia, Musculoskeletal Defects, and Behavioral Abnormalities	MONDO:0859202	1	ALL_MAPPINGS_CONSISTENT		0	0		0		1
Developmental_and_Epileptic_Encephalopathy_55	Developmental and Epileptic Encephalopathy 55	MONDO:0033364	1	ALL_MAPPINGS_CONSISTENT		0	0		0		1
Diabetes_Deafness_Developmental_Delay_and_Short_Stature_Syndrome	Diabetes Deafness Developmental Delay and Short Stature Syndrome	MONDO:0957997	1	ALL_MAPPINGS_CONSISTENT		0	0		0		1
Diabetes_Mellitus	Diabetes mellitus	MONDO:0005015	0	ALL_MAPPINGS_CONSISTENT	ICD10CM:E08-E13|ICD10CM:E10|ICD10CM:E11|ICD10CM:O24.4|ICD10CM:P70.2	0	2		0		0
Diabetic_Retinopathy	Diabetic Retinopathy	MONDO:0005266	0	ALL_MAPPINGS_CONSISTENT		0	0		0		1
Diamond-Blackfan_Anemia	Diamond-Blackfan Anemia	MONDO:0015253	1	ALL_MAPPINGS_CONSISTENT	ICD10:D61.0	0	0	ORDO:124	1	skos:broadMatch	0
Diaphyseal_Medullary_Stenosis_With_Malignant_Fibrous_Histiocytoma	Diaphyseal Medullary Stenosis with Malignant Fibrous Histiocytoma	MONDO:0007205	1	ALL_MAPPINGS_CONSISTENT	ICD10:M89.8	0	0	ORDO:85182	1	skos:broadMatch	0
Diastrophic_Dysplasia	Diastrophic Dysplasia	MONDO:0009107	1	TIMED_OUT	ICD10:Q77.5|ICD10CM:Q77.5	0	2	ORDO:628	1	skos:exactMatch	0
Diffuse_Astrocytoma	Diffuse Astrocytoma	MONDO:0016686	0	ALL_MAPPINGS_CONSISTENT		0	0	ORDO:251595	1	skos:broadMatch	0
Diffuse_Nonepidermolytic_Palmoplantar_Keratoderma	Diffuse Nonepidermolytic Palmoplantar Keratoderma	MONDO:0010962	1	RETRACTED	ICD10:Q82.8	0	0	ORDO:530838	1	skos:broadMatch	0
Dihydropyrimidine_Dehydrogenase_Deficiency	Dihydropyrimidine Dehydrogenase Deficiency	MONDO:0010130	1	TIMED_OUT	ICD10:E79.8	0	0	ORDO:1675	1	skos:broadMatch	0
Dilated_Cardiomyopathy_1EE	Dilated Cardiomyopathy 1EE	MONDO:0013198	1	ALL_MAPPINGS_CONSISTENT		0	0		0		1
Dilated_Cardiomyopathy_1GG	Dilated Cardiomyopathy 1GG	MONDO:0013339	1	ALL_MAPPINGS_CONSISTENT		0	0		0		1
Dilated_Cardiomyopathy_1JJ	Dilated Cardiomyopathy 1JJ	MONDO:0014095	1	ALL_MAPPINGS_CONSISTENT		0	0		0		1
Dilated_Cardiomyopathy_1O	Dilated Cardiomyopathy 1O	MONDO:0012062	1	ALL_MAPPINGS_CONSISTENT		0	0		0		1
Dilated_Cardiomyopathy_1R	Dilated Cardiomyopathy 1R	MONDO:0013261	1	ALL_MAPPINGS_CONSISTENT		0	0		0		1
Dilated_Cardiomyopathy_1U	Dilated Cardiomyopathy 1U	MONDO:0013371	1	ALL_MAPPINGS_CONSISTENT		0	0		0		1
Dilated_Cardiomyopathy_1X	Dilated Cardiomyopathy 1X	MONDO:0012704	1	ALL_MAPPINGS_CONSISTENT		0	0		0		1
Dilated_Cardiomyopathy_1Y	Dilated Cardiomyopathy 1Y	MONDO:0012744	1	ALL_MAPPINGS_CONSISTENT		0	0		0		1
Dimethylglycine_Dehydrogenase_Deficiency	Dimethylglycine Dehydrogenase Deficiency	MONDO:0011610	1	ALL_MAPPINGS_CONSISTENT	ICD10:E72.5	0	0	ORDO:243343	1	skos:broadMatch	0
Diphtheria	Diphtheria	MONDO:0005504	0	ALL_MAPPINGS_CONSISTENT	ICD10CM:A36|ICD10CM:A36.1|ICD10CM:A36.2|ICD10CM:A36.3	0	2	ORDO:1679	6	skos:narrowMatch	0
Disorder_of_Catecholamine_Synthesis	Disorder of Catecholamine Synthesis	MONDO:0017759	0	ALL_MAPPINGS_CONSISTENT	ICD10CM:E70.81	0	0	ORDO:309830	0		0
Distal_Hereditary_Motor_Neuronopathy_Type_2A	Distal Hereditary Motor Neuronopathy Type 2A	MONDO:0008025	1	ALL_MAPPINGS_CONSISTENT		0	0		0		1
Distal_Hereditary_Motor_Neuronopathy_Type_5B	Distal Hereditary Motor Neuronopathy Type 5B	MONDO:0013884	1	ALL_MAPPINGS_CONSISTENT		0	0		0		1
Distal_Myopathy_6_Adult-Onset_Autosomal_Dominant	Distal Myopathy 6, Adult-Onset, Autosomal Dominant	MONDO:0032853	1	ALL_MAPPINGS_CONSISTENT		0	0		0		1
Dominant_Deafness-Onychodystrophy_Syndrome	Dominant Deafness-Onychodystrophy Syndrome	MONDO:0007420	1	ALL_MAPPINGS_CONSISTENT	ICD10:Q87.8	0	0	ORDO:79499	1	skos:broadMatch	0
Donnai-Barrow_syndrome	Donnai-Barrow syndrome	MONDO:0009104	1	ALL_MAPPINGS_CONSISTENT	ICD10:Q87.8	0	0	ORDO:2143	1	skos:broadMatch	0
Dorfman_Chanarin_Disease	Dorfman-Chanarin Disease	MONDO:0010155	1	ALL_MAPPINGS_CONSISTENT	ICD10:E75.5	0	0	ORDO:98907	1	skos:broadMatch	0
Double_Outlet_Right_Ventricle	Double Outlet Right Ventricle	MONDO:0018089	0	RETRACTED	ICD10CM:Q20.1	0	2	ORDO:3426	1	skos:exactMatch	0
Dowling-Degos_Disease	Dowling-Degos Disease	MONDO:0008371	1	TIMED_OUT	ICD10:L81.8	0	0	ORDO:79145	1	skos:broadMatch	0
Du_Pan_Syndrome	Du Pan Syndrome	MONDO:0009231	1	ALL_MAPPINGS_CONSISTENT	ICD10:Q73.8	0	0	ORDO:2639	1	skos:broadMatch	0
Duane_Radial_Ray_Syndrome	Duane-Radial Ray Syndrome	MONDO:0011812	1	RETRACTED	ICD10:Q87.8	0	0	ORDO:93293|ORDO:959	2	skos:broadMatch	0
Duane_Retraction_Syndrome	Duane Retraction Syndrome	MONDO:0007473	1	ALL_MAPPINGS_CONSISTENT	ICD10:H50.8|ICD10CM:H50.81	0	2	ORDO:233	1	skos:broadMatch	0
Duane_Retraction_Syndrome_3_With_Or_Without_Deafness	Duane Retraction Syndrome 3 With Or Without Deafness	MONDO:0014880	1	ALL_MAPPINGS_CONSISTENT		0	0		0		1
Dubin-Johnson_Syndrome	Dubin-Johnson Syndrome	MONDO:0009380	1	TIMED_OUT	ICD10:E80.6	0	0	ORDO:234	1	skos:broadMatch	0
Dyskeratosis_Congenita	Dyskeratosis Congenita	MONDO:0015780	1	TIMED_OUT	ICD10:Q82.8	0	0	ORDO:1775	1	skos:broadMatch	0
Dysostosis_Multiplex_Ain-Naz_Type	Dysostosis Multiplex, Ain-Naz Type	MONDO:0859156	1	ALL_MAPPINGS_CONSISTENT		0	0		0		1
Dystroglycanopathy	Dystroglycanopathy	MONDO:0018276	1	TIMED_OUT	ICD10:G71.0	0	0	ORDO:370953	0		0
Dystrophic_Epidermolysis_Bullosa	Dystrophic Epidermolysis Bullosa	MONDO:0006543	1	TIMED_OUT	ICD10:Q81.2|ICD10CM:Q81.2	1	2	ORDO:303	1	skos:exactMatch	0
ECHS1_Deficiency	ECHS1 Deficiency	MONDO:0014563	1	ALL_MAPPINGS_CONSISTENT	ICD10:E71.1	0	0	ORDO:653880	1	skos:broadMatch	0
EDAR_Hypohidrotic_Ectodermal_Dysplasia	EDAR-Related Hypohidrotic Ectodermal Dysplasia	MONDO:0016535	0	ALL_MAPPINGS_CONSISTENT		0	0	ORDO:238468	1	skos:exactMatch	0
EDN3_EDNRB_Waardenburg_Shah	EDN3/EDNRB Waardenburg-Shah	MONDO:0019518	0	ALL_MAPPINGS_CONSISTENT		0	0	ORDO:897	1	skos:broadMatch	0
EFL1-related_Shwachman-Diamond_syndrome	EFL1-related Shwachman-Diamond syndrome	MONDO:0044205	1	ALL_MAPPINGS_CONSISTENT		0	0		0		1
EML1_Ribbon_Heterotopia	EML1-related Ribbon-like Subcortical Heterotopia	MONDO:0020491	1	ALL_MAPPINGS_CONSISTENT	ICD10:Q04.3	0	0	ORDO:99796	1	skos:broadMatch	0
ER_Positive_Breast_Cancer	ER-Positive Breast Cancer	MONDO:0006512	0	ALL_MAPPINGS_CONSISTENT		0	0		0		1
EVEN-PLUS_Syndrome	EVEN-PLUS Syndrome	MONDO:0014801	1	ALL_MAPPINGS_CONSISTENT	ICD10:Q87.8	0	0	ORDO:496751	1	skos:broadMatch	0
EYA1-Related_Branchiootorenal_Spectrum	EYA1-Related Branchiootorenal Spectrum Disorder	MONDO:0011258	0	ALL_MAPPINGS_CONSISTENT		0	0		0		1
EYS_Related_Retinitis_Pigmentosa	EYS-Related Retinitis Pigmentosa	MONDO:0011272	1	ALL_MAPPINGS_CONSISTENT		0	0		0		1
Early-Onset_Autosomal_Dominant_Alzheimer_Disease	Early-Onset Autosomal Dominant Alzheimer Disease	MONDO:0015140	0	ALL_MAPPINGS_CONSISTENT		0	0	ORDO:1020	1	skos:broadMatch	0
Ectodermal_Dysplasia_and_Immunodeficiency_2	Ectodermal Dysplasia and Immunodeficiency 2	MONDO:0012806	1	ALL_MAPPINGS_CONSISTENT		0	0		0		1
Ectopic_Pregnancy	Ectopic Pregnancy	MONDO:0000755	0	ALL_MAPPINGS_CONSISTENT		0	0		0		1
Ehlers-Danlos_Syndrome	Ehlers-Danlos Syndrome	MONDO:0020066	0	ALL_MAPPINGS_CONSISTENT	ICD10CM:Q79.6	0	2	ORDO:98249	1	skos:exactMatch	0
Ellis-van_Creveld_Syndrome	Ellis-van Creveld Syndrome	MONDO:0009162	1	TIMED_OUT	ICD10:Q77.6|ICD10CM:Q77.6	0	2	ORDO:289	1	skos:broadMatch	0
Elsahy-Waters_Syndrome	Elsahy-Waters Syndrome	MONDO:0008885	1	RETRACTED	ICD10:Q87.8	0	0	ORDO:1299	1	skos:broadMatch	0
Embryonal_Carcinoma	Embryonal Carcinoma	MONDO:0005440	0	ALL_MAPPINGS_CONSISTENT		0	0	ORDO:180226	2	skos:narrowMatch	0
Emery_Dreifuss_Muscular_Dystrophy	Emery-Dreifuss Muscular Dystrophy	MONDO:0016830	1	TIMED_OUT	ICD10:G71.0	0	0	ORDO:261	1	skos:broadMatch	0
Enhanced_S-Cone_Syndrome	Enhanced S-Cone Syndrome	MONDO:0100288	1	ALL_MAPPINGS_CONSISTENT		0	0		0		1
Epidermolysis_Bullosa	Epidermolysis Bullosa	MONDO:0006541	1	ALL_MAPPINGS_CONSISTENT	ICD10CM:Q81	1	2		0		0
Epidermolysis_Bullosa_Simplex	Epidermolysis Bullosa Simplex	MONDO:0017610	1	TIMED_OUT	ICD10:Q81.0|ICD10CM:Q81.0	1	2	ORDO:304	1	skos:exactMatch	0
Epilepsy	Epilepsy	MONDO:0005027	0	RETRACTED	ICD10CM:G40|ICD10CM:G40.B	0	2		0		0
Episodic_Ataxia	Episodic Ataxia	MONDO:0016227	1	TIMED_OUT	ICD10:G11.8	0	0	ORDO:211062	0		0
Erythrokeratodermia_Variabilis	Erythrokeratodermia Variabilis	MONDO:0017851	1	TIMED_OUT	ICD10:Q82.8	0	0	ORDO:308166|ORDO:316|ORDO:317	2	skos:broadMatch	0
Erythropoietic_Protoporphyria	Erythropoietic Protoporphyria	MONDO:0001676	1	ALL_MAPPINGS_CONSISTENT		0	0	ORDO:659681	0		1
Ethylmalonic_Encephalopathy	Ethylmalonic Encephalopathy	MONDO:0011229	1	ALL_MAPPINGS_CONSISTENT	ICD10:E88.8	0	0	ORDO:51188	1	skos:broadMatch	0
Ewing_Sarcoma	Ewing Sarcoma	MONDO:0012817	0	ALL_MAPPINGS_CONSISTENT		0	0	ORDO:319	7	skos:broadMatch	0
FADD-related_Immunodeficiency	FADD-Related Immunodeficiency	MONDO:0013408	1	ALL_MAPPINGS_CONSISTENT	ICD10:D89.8	0	0	ORDO:306550	1	skos:broadMatch	0
FAM111A-Related_Skeletal_Dysplasia	FAM111A-Related Skeletal Dysplasia	MONDO:1060172	1	TIMED_OUT	ICD10:Q78.0|ICD10:Q87.1	0	0		0		0
FAS-related_Autoimmune_Lymphoproliferative_Syndrome	FAS-related Autoimmune Lymphoproliferative Syndrome	MONDO:1060194	1	ALL_MAPPINGS_CONSISTENT		0	0		0		1
FASTKD5-Related_COX_Deficiency	FASTKD5-Related COX Deficiency	MONDO:0980755	1	ALL_MAPPINGS_CONSISTENT		0	0		0		1
FGF12-Related_Developmental_and_Epileptic_Encephalopathy	FGF12-Related Developmental and Epileptic Encephalopathy	MONDO:0014949	1	ALL_MAPPINGS_CONSISTENT		0	0		0		1
FGFR1_Hypogonadotropic_Hypogonadism	FGFR1-Related Hypogonadotropic Hypogonadism	MONDO:0007844	1	ALL_MAPPINGS_CONSISTENT		0	0		0		1
FGFR2-Related_Bent_Bone_Dysplasia	FGFR2-Related Bent Bone Dysplasia	MONDO:0013815	1	ALL_MAPPINGS_CONSISTENT	ICD10:M85.8	0	0	ORDO:313855	1	skos:broadMatch	0
FG_Syndrome_1	FG Syndrome 1	MONDO:0010590	1	ALL_MAPPINGS_CONSISTENT	ICD10:Q87.8	0	0	ORDO:93932	1	skos:broadMatch	0
FG_Syndrome_4	FG Syndrome 4	MONDO:0010318	1	ALL_MAPPINGS_CONSISTENT		0	0		0		1
FILS_Syndrome	FILS Syndrome	MONDO:0014058	1	ALL_MAPPINGS_CONSISTENT	ICD10:Q87.1	0	0	ORDO:352712	1	skos:broadMatch	0
FLVCR1-Related_Retinopathy	FLVCR1-Related Retinopathy with or without Ataxia	MONDO:0100449	1	TIMED_OUT	ICD10:G11.1	0	0		0		0
FOLR1-Related_Cerebral_Folate_Transport_Deficiency	FOLR1-Related Cerebral Folate Transport Deficiency	MONDO:0013110	1	ALL_MAPPINGS_CONSISTENT	ICD10:G31.8	0	0	ORDO:217382	1	skos:broadMatch	0
FOXE3_Anterior_Segment_Dysgenesis	FOXE3-Related Anterior Segment Dysgenesis	MONDO:0019503	1	RETRACTED		0	0	ORDO:88632	0		1
FOXP1_Syndrome	FOXP1 Syndrome	MONDO:0013352	1	ALL_MAPPINGS_CONSISTENT	ICD10:Q87.0	0	0	ORDO:391372	1	skos:broadMatch	0
Fabry_Disease	Fabry disease	MONDO:0010526	1	TIMED_OUT	ICD10:E75.2	1	0	ORDO:324	1	skos:broadMatch	0
Facioscapulohumeral_Muscular_Dystrophy	Facioscapulohumeral Muscular Dystrophy	MONDO:0001347	0	ALL_MAPPINGS_CONSISTENT	ICD10CM:G71.02	0	2	ORDO:269	1	skos:broadMatch	0
Familial_Atrial_Fibrillation	Familial Atrial Fibrillation	MONDO:0018054	0	ALL_MAPPINGS_CONSISTENT		0	0	ORDO:334	1	skos:broadMatch	0
Familial_Chylomicronemia_Syndrome	Familial Chylomicronemia Syndrome	MONDO:0018637	1	ALL_MAPPINGS_CONSISTENT	ICD10:E78.3	0	0	ORDO:444490	1	skos:broadMatch	0
Familial_Cold_Autoinflammatory_Syndrome	Familial Cold Autoinflammatory Syndrome	MONDO:0018768	1	TIMED_OUT	ICD10:D89.8|ICD10:E85.0|ICD10:L50.2	0	0	ORDO:47045	1	skos:broadMatch	0
Familial_Congenital_Mirror_Movements	Familial Congenital Mirror Movements	MONDO:0016558	1	ALL_MAPPINGS_CONSISTENT	ICD10:G25.8	0	0	ORDO:238722	1	skos:broadMatch	0
Familial_Defective_Apolipoprotein_B-100	Familial Defective Apolipoprotein B-100	MONDO:0007751	1	ALL_MAPPINGS_CONSISTENT		0	0		0		1
Familial_Episodic_Pain_Syndrome_With_Predominantly_Lower_Limb_Involvement	Familial_Episodic_Pain_Syndrome_With_Predominantly_Lower_Limb_Involvement	MONDO:0014247	1	ALL_MAPPINGS_CONSISTENT	ICD10:M79.6	0	0	ORDO:391392	1	skos:broadMatch	0
Familial_Exudative_Vitreoretinopathy	Familial Exudative Vitreoretinopathy	MONDO:0019516	1	ALL_MAPPINGS_CONSISTENT	ICD10:H35.0	0	0	ORDO:891	1	skos:broadMatch	0
Familial_Focal_Epilepsy_With_Variable_Foci	Familial Focal Epilepsy With Variable Foci	MONDO:0020310	1	ALL_MAPPINGS_CONSISTENT	ICD10:G40.0	0	0	ORDO:98820	1	skos:broadMatch	0
Familial_Glucocorticoid_Deficiency	Familial Glucocorticoid Deficiency	MONDO:0008733	1	TIMED_OUT	ICD10:E27.1	0	0	ORDO:361	1	skos:broadMatch	0
Familial_Hemiplegic_Migraine	Familial Hemiplegic Migraine	MONDO:0000700	1	TIMED_OUT	ICD10CM:G43.4	1	0		0		0
Familial_Hyperaldosteronism	familial hyperaldosteronism	MONDO:0016525	1	TIMED_OUT	ICD10:E26.0|ICD10CM:E26.02	0	0	ORDO:235936|ORDO:371861	0		0
Familial_Hyperaldosteronism_Type_I	Familial hyperaldosteronism type I	MONDO:0007080	1	ALL_MAPPINGS_CONSISTENT	ICD10:E26.0|ICD10CM:E26.02	0	2	ORDO:403	1	skos:broadMatch	0
Familial_Hypercholesterolemia	Familial Hypercholesterolemia	MONDO:0005439	1	TIMED_OUT	ICD10:E78.0|ICD10CM:E78.01	0	2		0		0
Familial_Hypocalciuric_Hypercalcemia_1	Familial Hypocalciuric Hypercalcemia 1	MONDO:0007791	1	ALL_MAPPINGS_CONSISTENT	ICD10:E83.5	0	0	ORDO:93372	1	skos:broadMatch	0
Familial_Isolated_Vitamin_E_Deficiency	Familial Isolated Vitamin E Deficiency	MONDO:0010188	1	ALL_MAPPINGS_CONSISTENT	ICD10:G11.1	0	0	ORDO:96	1	skos:broadMatch	0
Familial_Mediterranean_Fever	Familial Mediterranean Fever	MONDO:0018088	1	ALL_MAPPINGS_CONSISTENT	ICD10:E85.0	0	0	ORDO:342	1	skos:broadMatch	0
Familial_Nonmedullary_Thyroid_Carcinoma	Familial Nonmedullary Thyroid Carcinoma	MONDO:0017896	0	ALL_MAPPINGS_CONSISTENT		0	0	ORDO:319494	0		1
Familial_Partial_Lipodystrophy	Familial Partial Lipodystrophy	MONDO:0020088	1	TIMED_OUT	ICD10:E88.1	0	0	ORDO:98306	0		0
Familial_Progressive_Hyperpigmentation_With_Or_Without_Hypopigmentation	Familial Progressive Hyperpigmentation With Or Without Hypopigmentation	MONDO:0007771	1	ALL_MAPPINGS_CONSISTENT		0	0		0		1
Familial_Renal_Glucosuria	Familial Renal Glucosuria	MONDO:0009297	1	TIMED_OUT	ICD10:E74.8	0	0	ORDO:69076	1	skos:broadMatch	0
Familial_Sleep_Related_Hypermotor_Epilepsy	Familial Sleep-Related Hypermotor Epilepsy	MONDO:0000030	1	TIMED_OUT	ICD10:G40.0	0	0	ORDO:98784	1	skos:broadMatch	0
Familial_Thoracic_Aortic_Aneurysm_and_Aortic_Dissection	Familial Thoracic Aortic Aneurysm and Aortic Dissection	MONDO:0019625	1	TIMED_OUT	ICD10:I71.0|ICD10:I71.2	0	0	ORDO:91387	1	skos:broadMatch	0
Familial_Vesicoureteral_Reflux	Familial Vesicoureteral Reflux	MONDO:0017329	1	TIMED_OUT	ICD10:N13.7	0	0	ORDO:289365	1	skos:broadMatch	0
Familial_Visceral_Amyloidosis	Familial Visceral Amyloidosis	MONDO:0007099	1	TIMED_OUT	ICD10:E85.0	0	0	ORDO:85450	1	skos:broadMatch	0
Familial_Visceral_Neuropathy_2	Familial Visceral Neuropathy 2	MONDO:0030399	1	ALL_MAPPINGS_CONSISTENT		0	0		0		1
Fanconi-Bickel_Syndrome	Fanconi-Bickel Syndrome	MONDO:0009216	1	ALL_MAPPINGS_CONSISTENT	ICD10:E74.0	0	0	ORDO:2088	1	skos:broadMatch	0
Fanconi_Anemia	Fanconi_Anemia	MONDO:0019391	0	ALL_MAPPINGS_CONSISTENT		0	0	ORDO:84	1	skos:broadMatch	0
Fanconi_Renotubular_Syndrome	Fanconi Renotubular Syndrome	MONDO:0001083	1	ALL_MAPPINGS_CONSISTENT		0	0		0		1
Farber_Disease	Farber Disease	MONDO:0009218	1	ALL_MAPPINGS_CONSISTENT	ICD10:E75.2	0	0	ORDO:333	1	skos:broadMatch	0
Fatal_Familial_Insomnia	Fatal Familial Insomnia	MONDO:0010808	1	TIMED_OUT	ICD10:A81.8|ICD10CM:A81.83	0	2	ORDO:466	1	skos:broadMatch	0
Feingold_Syndrome	Feingold Syndrome	MONDO:0015267	1	TIMED_OUT	ICD10:Q87.8	0	0	ORDO:1305	1	skos:broadMatch	0
Ferguson-Bonni_Neurodevelopmental_Syndrome	Ferguson-Bonni neurodevelopmental syndrome	MONDO:0859220	1	ALL_MAPPINGS_CONSISTENT		0	0		0		1
Fetal_Alcohol_Spectrum_Disorder	Fetal Alcohol Spectrum Disorder	MONDO:0000408	0	RETRACTED	ICD10CM:Q86.0	0	0		0		0
Fibrochondrogenesis	Fibrochondrogenesis	MONDO:0016068	1	ALL_MAPPINGS_CONSISTENT	ICD10:Q77.7	0	0	ORDO:2021	1	skos:broadMatch	0
Fibrosarcoma	Fibrosarcoma	MONDO:0005164	0	ALL_MAPPINGS_CONSISTENT		0	0	ORDO:2030	1	skos:broadMatch	0
Filippi_Syndrome	Filippi Syndrome	MONDO:0010092	1	ALL_MAPPINGS_CONSISTENT	ICD10:Q87.8	0	0	ORDO:3255	1	skos:broadMatch	0
Finnish_Type_Amyloidosis	Finnish Type Amyloidosis	MONDO:0007097	1	ALL_MAPPINGS_CONSISTENT	ICD10:E85.1	0	0	ORDO:85448	1	skos:broadMatch	0
Floating-Harbor_syndrome	Floating-Harbor syndrome	MONDO:0007621	1	TIMED_OUT	ICD10:Q87.8	0	0	ORDO:2044	1	skos:broadMatch	0
Focal_Dermal_Hypoplasia	Focal Dermal Hypoplasia	MONDO:0010592	1	TIMED_OUT	ICD10:Q82.8	0	0	ORDO:2092	1	skos:broadMatch	0
Fontaine_Progeroid_Syndrome	Fontaine Progeroid Syndrome	MONDO:0012853	1	TIMED_OUT	ICD10:E34.8|ICD10:Q87.0|ICD10:Q87.8	0	0	ORDO:2095|ORDO:2963|ORDO:697101	3	skos:broadMatch	0
Fountain_Syndrome	Fountain Syndrome	MONDO:0009241	1	ALL_MAPPINGS_CONSISTENT	ICD10:Q87.8	0	0	ORDO:3219	1	skos:broadMatch	0
Fragile_X-Associated_Primary_Ovarian_Insufficiency	Fragile X-Associated Primary Ovarian Insufficiency	MONDO:0010706	1	ALL_MAPPINGS_CONSISTENT	ICD10:E28.3	0	0	ORDO:642691	1	skos:broadMatch	0
Fragile_X-Associated_Tremor_Ataxia_Syndrome	Fragile X-Associated Tremor Ataxia Syndrome	MONDO:0010382	1	ALL_MAPPINGS_CONSISTENT	ICD10:G11.2	0	0	ORDO:93256	1	skos:broadMatch	0
Frasier_Syndrome	Frasier Syndrome	MONDO:0007635	1	ALL_MAPPINGS_CONSISTENT		0	0	ORDO:347	1	skos:broadMatch	0
Free_Sialic_Acid_Storage_Disease	Free Sialic Acid Storage Disease	MONDO:0019366	1	TIMED_OUT	ICD10:E77.8	0	0	ORDO:834	1	skos:broadMatch	0
Frias_Syndrome	Frias syndrome	MONDO:0012324	1	ALL_MAPPINGS_CONSISTENT	ICD10:Q93.5	0	0	ORDO:264200	1	skos:broadMatch	0
Friedreich_Ataxia	Friedreich Ataxia	MONDO:0100339	1	TIMED_OUT	ICD10:G11.1|ICD10CM:G11.11	0	2	ORDO:95	1	skos:broadMatch	0
Frontonasal_Dysplasia	Frontonasal Dysplasia	MONDO:0016643	1	TIMED_OUT	ICD10:Q75.8|ICD10:Q87.0	0	0	ORDO:250	0		0
Frontotemporal_Dementia	Frontotemporal Dementia	MONDO:0017276	0	RETRACTED	ICD10CM:G31.0	0	2	ORDO:282	0		0
Frontotemporal_Dementia_And_Or_Amyotrophic_Lateral_Sclerosis_2	Frontotemporal Dementia And/Or Amyotrophic Lateral Sclerosis 2	MONDO:0014395	1	ALL_MAPPINGS_CONSISTENT		0	0		0		1
Fucosidosis	Fucosidosis	MONDO:0009254	1	TIMED_OUT	ICD10:E77.1	0	0	ORDO:349	1	skos:broadMatch	0
Fuhrmann_Syndrome	Fuhrmann Syndrome	MONDO:0009232	1	ALL_MAPPINGS_CONSISTENT	ICD10:Q74.8	0	0	ORDO:2854	1	skos:broadMatch	0
G6PC3_Deficiency	G6PC3 Deficiency	MONDO:0012930	1	ALL_MAPPINGS_CONSISTENT	ICD10:D70	0	0	ORDO:331176	1	skos:broadMatch	0
GABRB3-Related_Developmental_and_Epileptic_Encephalopathy	GABRB3-Related Developmental and Epileptic Encephalopathy	MONDO:0014921	1	ALL_MAPPINGS_CONSISTENT		0	0		0		1
GABRG2-Related_Epilepsy	GABRG2-Related Epilepsy	MONDO:0032725	1	ALL_MAPPINGS_CONSISTENT		0	0		0		1
GATA2_Deficiency	GATA2 Deficiency	MONDO:0042982	1	ALL_MAPPINGS_CONSISTENT		0	0		0		1
GFI1B-related_Platelet-type_Bleeding_Disorder	GFI1B-related platelet-type bleeding disorder	MONDO:0008553	1	ALL_MAPPINGS_CONSISTENT		0	0		0		1
GJB2-GJB6_Digenic_Nonsyndromic_Hearing_Loss	GJB2-GJB6 Digenic Nonsyndromic Hearing Loss	MONDO:0009076	1	ALL_MAPPINGS_CONSISTENT		0	0		0		1
GLUT1_Deficiency_Syndrome	GLUT1 Deficiency Syndrome	MONDO:0011724	1	ALL_MAPPINGS_CONSISTENT	ICD10:E74.8	0	0	ORDO:71277	1	skos:broadMatch	0
GM1_Gangliosidosis_Type_1	GM1 Gangliosidosis Type 1	MONDO:0009260	1	ALL_MAPPINGS_CONSISTENT	ICD10:E75.1	0	0	ORDO:79255	1	skos:broadMatch	0
GM1_Gangliosidosis_Type_2	GM1 Gangliosidosis Type 2	MONDO:0009261	1	ALL_MAPPINGS_CONSISTENT	ICD10:E75.1	0	0	ORDO:79256	1	skos:broadMatch	0
GM1_Gangliosidosis_Type_3	GM1 Gangliosidosis Type 3	MONDO:0009262	1	ALL_MAPPINGS_CONSISTENT	ICD10:E75.1	0	0	ORDO:79257	1	skos:broadMatch	0
GM3_Synthase_Deficiency	GM3 synthase deficiency	MONDO:0018274	1	ALL_MAPPINGS_CONSISTENT	ICD10:E77.8	0	0	ORDO:370933	1	skos:broadMatch	0
GNAO1-Related_Developmental_and_Epileptic_Encephalopathy	GNAO1-Related Developmental and Epileptic Encephalopathy	MONDO:0014199	0	RETRACTED		0	0		0		1
GNE_Myopathy	GNE Myopathy	MONDO:0011603	1	ALL_MAPPINGS_CONSISTENT	ICD10:G71.8	0	0	ORDO:602	1	skos:broadMatch	0
GNPTG-Mucolipidosis	GNPTG-Mucolipidosis	MONDO:0009652	1	ALL_MAPPINGS_CONSISTENT	ICD10:E77.0	0	0	ORDO:423470	1	skos:broadMatch	0
GRIN1-Related_Neurodevelopmental_Disorder	GRIN1-Related Neurodevelopmental Disorder	MONDO:1060123	1	ALL_MAPPINGS_CONSISTENT		0	0		0		1
GRIN2A-Related_Epileptic_Encephalopathy_and_Intellectual_Disability	GRIN2A-Related Epileptic Encephalopathy and Intellectual Disability	MONDO:0017325	1	ALL_MAPPINGS_CONSISTENT	ICD10:E72.1	0	0	ORDO:289266	1	skos:broadMatch	0
GRIN2B-Related_Developmental_and_Epileptic_Encephalopathy	GRIN2B-Related Developmental and Epileptic Encephalopathy	MONDO:0014505	1	ALL_MAPPINGS_CONSISTENT		0	0		0		1
GUCY2D-Related_Retinopathy	GUCY2D-Related Retinopathy	MONDO:0100453	1	ALL_MAPPINGS_CONSISTENT		0	0		0		1
Galactosemia	Galactosemia	MONDO:0018116	0	ALL_MAPPINGS_CONSISTENT	ICD10CM:E74.21	0	2	ORDO:352	0		0
Galactosialidosis	Galactosialidosis	MONDO:0009737	1	TIMED_OUT	ICD10:E77.1	0	0	ORDO:351	1	skos:broadMatch	0
Galloway-Mowat_Syndrome	Galloway-Mowat syndrome	MONDO:0009627	1	TIMED_OUT	ICD10:Q04.3	0	0	ORDO:2065	1	skos:broadMatch	0
Gastric_Adenocarcinoma	Gastric Adenocarcinoma	MONDO:0005036	0	ALL_MAPPINGS_CONSISTENT		0	0		0		1
Gastrointestinal_Lymphoma	Gastrointestinal Lymphoma	MONDO:0004699	0	ALL_MAPPINGS_CONSISTENT		0	0		0		1
Gaucher_Disease	Gaucher Disease	MONDO:0018150	0	ALL_MAPPINGS_CONSISTENT	ICD10CM:E75.22	0	2	ORDO:355	1	skos:broadMatch	0
Gaucher_Disease_Due_To_Saposin_C_Deficiency	Gaucher Disease Due To Saposin C Deficiency	MONDO:0012517	1	ALL_MAPPINGS_CONSISTENT	ICD10:E75.2	0	0	ORDO:309252	1	skos:broadMatch	0
Geleophysic_Dysplasia	Geleophysic Dysplasia	MONDO:0000127	1	TIMED_OUT	ICD10:Q87.1	0	0	ORDO:2623	1	skos:broadMatch	0
Generalized_Epilepsy_with_Febrile_Seizures_Plus	Generalized Epilepsy with Febrile Seizures Plus	MONDO:0018214	1	ALL_MAPPINGS_CONSISTENT	ICD10:G40.3	0	0	ORDO:36387	1	skos:broadMatch	0
Generalized_Resistance_to_Thyroid_Hormone	Generalized Resistance to Thyroid Hormone	MONDO:0009043	1	ALL_MAPPINGS_CONSISTENT		0	0		0		1
Genital_Lichen_Sclerosus	Genital Lichen Sclerosus	MONDO:0007899	0	ALL_MAPPINGS_CONSISTENT	ICD10CM:L90.0	0	2		0		0
Genitopatellar_Syndrome	Genitopatellar Syndrome	MONDO:0011640	1	ALL_MAPPINGS_CONSISTENT	ICD10:Q87.8	0	0	ORDO:85201	1	skos:broadMatch	0
Gerstmann-Straussler-Scheinker_Syndrome	Gerstmann-Straussler-Scheinker Syndrome	MONDO:0007656	1	TIMED_OUT	ICD10:A81.8|ICD10CM:A81.82	0	2	ORDO:356	1	skos:broadMatch	0
Giant_Axonal_Neuropathy_1	Giant Axonal Neuropathy 1	MONDO:0009749	1	ALL_MAPPINGS_CONSISTENT	ICD10:G60.8	0	0	ORDO:643	1	skos:broadMatch	0
Gilberts_Syndrome	Gilbert's Syndrome	MONDO:0007745	1	ALL_MAPPINGS_CONSISTENT	ICD10CM:E80.4	0	2		0		0
Gitelman_Syndrome	Gitelman syndrome	MONDO:0009904	1	ALL_MAPPINGS_CONSISTENT	ICD10:N15.8	0	0	ORDO:358	1	skos:broadMatch	0
Glanzmann_Thrombasthenia	Glanzmann Thrombasthenia	MONDO:0100326	1	TIMED_OUT	ICD10:D69.1	0	0	ORDO:849	1	skos:broadMatch	0
Global_Developmental_Delay_Progressive_Ataxia_and_Elevated_Glutamine	Global Developmental Delay, Progressive Ataxia, and Elevated Glutamine	MONDO:0032733	1	ALL_MAPPINGS_CONSISTENT		0	0		0		1
Glomerulonephritis	Glomerulonephritis	MONDO:0002462	0	ALL_MAPPINGS_CONSISTENT		0	0		0		1
Glucose-Galactose_Malabsorption	Glucose-Galactose Malabsorption	MONDO:0011731	1	ALL_MAPPINGS_CONSISTENT	ICD10:E74.3	0	0	ORDO:35710	1	skos:broadMatch	0
Glutaryl-CoA_Dehydrogenase_Deficiency	Glutaryl-CoA Dehydrogenase Deficiency	MONDO:0009281	1	ALL_MAPPINGS_CONSISTENT	ICD10:E72.3	0	0	ORDO:25	1	skos:broadMatch	0
Glutathione_Synthetase_Deficiency	Glutathione Synthetase Deficiency	MONDO:0017909	1	TIMED_OUT	ICD10:D55.1	0	0	ORDO:32	1	skos:broadMatch	0
Glycogen_Storage_Disease_Due_To_Aldolase_A_Deficiency	Glycogen Storage Disease Due To Aldolase A Deficiency	MONDO:0012747	1	ALL_MAPPINGS_CONSISTENT	ICD10:E74.0	0	0	ORDO:57	1	skos:broadMatch	0
Glycogen_Storage_Disease_Due_To_Lactate_Dehydrogenase_M-subunit_Deficiency	Glycogen Storage Disease Due To Lactate Dehydrogenase M-subunit Deficiency	MONDO:0013047	1	ALL_MAPPINGS_CONSISTENT	ICD10:E74.0	0	0	ORDO:284426	1	skos:broadMatch	0
Glycogen_Storage_Disease_Due_to_Muscle_Beta-Enolase_Deficiency	Glycogen Storage Disease Due to Muscle Beta-Enolase Deficiency	MONDO:0013046	1	ALL_MAPPINGS_CONSISTENT	ICD10:E74.0	0	0	ORDO:99849	1	skos:broadMatch	0
Glycogen_Storage_Disease_Type_0b	Glycogen Storage Disease Type 0b	MONDO:0012693	1	ALL_MAPPINGS_CONSISTENT	ICD10:E74.0	0	0	ORDO:137625	1	skos:broadMatch	0
Glycogen_Storage_Disease_Type_I	Glycogen Storage Disease Type I	MONDO:0002413	1	ALL_MAPPINGS_CONSISTENT	ICD10:E74.0|ICD10CM:E74.01	0	2	ORDO:364	1	skos:broadMatch	0
Glycogen_Storage_Disease_Type_IV	Glycogen Storage Disease Type IV	MONDO:0009292	1	TIMED_OUT	ICD10:E74.0	0	0	ORDO:367	1	skos:broadMatch	0
Glycogen_Storage_Disease_Type_IX	Glycogen Storage Disease Type IX	MONDO:0700291	1	TIMED_OUT	ICD10:E74.0	0	0	ORDO:370	0		0
Glycogen_Storage_Disease_Type_V	Glycogen Storage Disease Type V	MONDO:0009293	1	TIMED_OUT	ICD10:E74.0|ICD10CM:E74.04	0	2	ORDO:368	1	skos:broadMatch	0
Glycogen_Storage_Disease_Type_VI	Glycogen Storage Disease Type VI	MONDO:0009294	1	ALL_MAPPINGS_CONSISTENT	ICD10:E74.0	0	0	ORDO:369	1	skos:broadMatch	0
Glycogen_Storage_Disease_Type_VII	Glycogen Storage Disease Type VII	MONDO:0009295	1	ALL_MAPPINGS_CONSISTENT	ICD10:E74.0	0	0	ORDO:371	1	skos:broadMatch	0
Glycogen_Storage_Disease_XV	Glycogen Storage Disease XV	MONDO:0013291	1	ALL_MAPPINGS_CONSISTENT	ICD10:E74.0	0	0	ORDO:263297	1	skos:broadMatch	0
Glycoprotein_Storage_Disease	Glycoprotein Storage Disease	MONDO:0009296	1	ALL_MAPPINGS_CONSISTENT		0	0		0		1
Gnathodiaphyseal_Dysplasia	Gnathodiaphyseal Dysplasia	MONDO:0008151	1	ALL_MAPPINGS_CONSISTENT	ICD10:M85.8	0	0	ORDO:53697	1	skos:broadMatch	0
Gorlin_Syndrome	Gorlin Syndrome	MONDO:0007187	1	RETRACTED	ICD10:C44.9	0	0	ORDO:377	1	skos:broadMatch	0
Gray_Platelet_Syndrome	Gray Platelet Syndrome	MONDO:0007686	1	TIMED_OUT	ICD10:D69.1	0	0	ORDO:721	1	skos:broadMatch	0
Greenberg_Dysplasia	Greenberg Dysplasia	MONDO:0008974	1	ALL_MAPPINGS_CONSISTENT	ICD10:Q77.3	0	0	ORDO:1426	1	skos:broadMatch	0
Greig_Cephalopolysyndactyly	Greig Cephalopolysyndactyly Syndrome	MONDO:0008287	1	TIMED_OUT	ICD10:Q87.0	0	0	ORDO:380	1	skos:broadMatch	0
Growth_Hormone_Insensitivity_Syndrome	Growth Hormone Insensitivity Syndrome	MONDO:0015892	1	TIMED_OUT	ICD10:E34.3	0	0	ORDO:181393	0		0
Growth_Restriction_Hypoplastic_Kidneys_Alopecia_And_Distinctive_Facies	Growth Restriction Hypoplastic Kidneys Alopecia And Distinctive Facies	MONDO:0859146	1	ALL_MAPPINGS_CONSISTENT		0	0		0		1
Guanidinoacetate_Methyltransferase_Deficiency	Guanidinoacetate Methyltransferase Deficiency	MONDO:0012999	1	ALL_MAPPINGS_CONSISTENT	ICD10:E72.8	0	0	ORDO:382	1	skos:broadMatch	0
Guillain_Barre_Syndrome	Guillain-Barre Syndrome	MONDO:0016218	0	ALL_MAPPINGS_CONSISTENT	ICD10CM:G61.0	0	2	ORDO:2103	1	skos:exactMatch	0
Guillouet-Gordon_Syndrome	Guillouet-Gordon Syndrome	MONDO:0979227	1	ALL_MAPPINGS_CONSISTENT		0	0		0		1
HCN1-Related_Developmental_and_Epileptic_Encephalopathy	HCN1-Related Developmental and Epileptic Encephalopathy	MONDO:0014377	1	ALL_MAPPINGS_CONSISTENT		0	0		0		1
HFM1-related_gametogenic_failure	HFM1-related gametogenic failure	MONDO:0014322	1	ALL_MAPPINGS_CONSISTENT		0	0		0		1
HHAT-Related_Chondrodysplasia_with_46XY_Disorder_of_Sex_Development	HHAT-related chondrodysplasia with 46,XY disorder of sex development	MONDO:0010814	1	ALL_MAPPINGS_CONSISTENT	ICD10:Q87.1	0	0	ORDO:1422	1	skos:broadMatch	0
HNRNPU-Related_Developmental_and_Epileptic_Encephalopathy	HNRNPU-Related Developmental and Epileptic Encephalopathy	MONDO:0033363	1	ALL_MAPPINGS_CONSISTENT		0	0		0		1
HROB-related_gametogenic_failure	HROB-related gametogenic failure	MONDO:0971176	1	ALL_MAPPINGS_CONSISTENT		0	0		0		1
HSD10_Mitochondrial_Disease	HSD10 Mitochondrial Disease	MONDO:0010327	1	RETRACTED	ICD10:E72.8	0	0	ORDO:391417	1	skos:broadMatch	0
H_Syndrome	H Syndrome	MONDO:0011273	1	TIMED_OUT	ICD10:D76.3	0	0	ORDO:168569	1	skos:broadMatch	0
Hairy_Cell_Leukemia	Hairy Cell Leukemia	MONDO:0018935	0	ALL_MAPPINGS_CONSISTENT	ICD10CM:C91.4	0	2	ORDO:58017	1	skos:broadMatch	0
Hajdu-Cheney_Syndrome	Hajdu-Cheney Syndrome	MONDO:0007057	1	TIMED_OUT	ICD10:M89.5	0	0	ORDO:955	1	skos:broadMatch	0
Hallermann-Streiff_Syndrome	Hallermann-Streiff Syndrome	MONDO:0009318	1	ALL_MAPPINGS_CONSISTENT	ICD10:Q87.0	0	0	ORDO:2108	1	skos:broadMatch	0
Hand-Foot-Genital_Syndrome	Hand-Foot-Genital Syndrome	MONDO:0007698	1	ALL_MAPPINGS_CONSISTENT	ICD10:Q51.2	0	0	ORDO:2438	1	skos:broadMatch	0
Hao-Fountain_syndrome	Hao-Fountain syndrome	MONDO:0014805	1	ALL_MAPPINGS_CONSISTENT	ICD10:Q87.0	0	0	ORDO:643549	1	skos:broadMatch	0
Harderoporphyria	Harderoporphyria	MONDO:0030048	1	ALL_MAPPINGS_CONSISTENT	ICD10:E80.2	0	0	ORDO:659672	1	skos:broadMatch	0
Hartnup_Disease	Hartnup Disease	MONDO:0009324	1	ALL_MAPPINGS_CONSISTENT	ICD10:E72.0	0	0	ORDO:2116	1	skos:broadMatch	0
Hartsfield_Syndrome	Hartsfield Syndrome	MONDO:0014196	1	ALL_MAPPINGS_CONSISTENT	ICD10:Q87.8	0	0	ORDO:2117	1	skos:broadMatch	0
Hearing_Loss_Autosomal_Dominant_75	Hearing Loss Autosomal Dominant 75	MONDO:0032911	1	ALL_MAPPINGS_CONSISTENT		0	0		0		1
Hearing_Loss_Autosomal_Dominant_76	Hearing Loss Autosomal Dominant 76	MONDO:0032917	1	ALL_MAPPINGS_CONSISTENT		0	0		0		1
Hearing_Loss_Autosomal_Dominant_78	Hearing Loss Autosomal Dominant 78	MONDO:0033665	1	ALL_MAPPINGS_CONSISTENT		0	0		0		1
Hearing_Loss_Autosomal_Dominant_82	Hearing Loss Autosomal Dominant 82	MONDO:0030719	1	ALL_MAPPINGS_CONSISTENT		0	0		0		1
Hearing_Loss_Autosomal_Dominant_83	Hearing Loss Autosomal Dominant 83	MONDO:0030723	1	ALL_MAPPINGS_CONSISTENT		0	0		0		1
Hearing_Loss_Autosomal_Recessive_106	Hearing Loss Autosomal Recessive 106	MONDO:0033198	1	ALL_MAPPINGS_CONSISTENT		0	0		0		1
Hearing_Loss_Autosomal_Recessive_120	Hearing Loss Autosomal Recessive 120	MONDO:0859374	1	ALL_MAPPINGS_CONSISTENT		0	0		0		1
Heart_Defect_Tongue_Hamartoma_Polysyndactyly_Syndrome	Heart Defect-Tongue Hamartoma-Polysyndactyly Syndrome	MONDO:0009008	1	ALL_MAPPINGS_CONSISTENT	ICD10:Q87.8	0	0	ORDO:1338	1	skos:broadMatch	0
Heavy_Chain_Disease	Heavy Chain Disease	MONDO:0019464	0	ALL_MAPPINGS_CONSISTENT	ICD10CM:C88.2	0	4	ORDO:86864	2	skos:narrowMatch	0
Heme_Oxygenase_1_Deficiency	Heme Oxygenase 1 Deficiency	MONDO:0013536	1	ALL_MAPPINGS_CONSISTENT	ICD10:E88.8	0	0	ORDO:562509	1	skos:broadMatch	0
Hemochromatosis	Hemochromatosis	MONDO:0006507	1	TIMED_OUT	ICD10:E83.1|ICD10CM:E83.110	0	2		0		0
Hemophagocytic_Lymphohistiocytosis	Hemophagocytic Lymphohistiocytosis	MONDO:0015541	1	ALL_MAPPINGS_CONSISTENT	ICD10:D76.1	0	0	ORDO:540	1	skos:broadMatch	0
Hemophilia	Hemophilia	MONDO:0018660	0	RETRACTED	ICD10CM:D66|ICD10CM:D67	0	0	ORDO:448	0		0
Hemophilia_A	Hemophilia A	MONDO:0010602	0	RETRACTED	ICD10CM:D66	0	2	ORDO:98878	1	skos:exactMatch	0
Hennekam_Lymphangiectasia-Lymphedema_Syndrome_1	Hennekam lymphangiectasia-lymphedema syndrome 1	MONDO:0009337	1	ALL_MAPPINGS_CONSISTENT		0	0		0		1
Hennekam_Lymphangiectasia-Lymphedema_Syndrome_2	Hennekam lymphangiectasia-lymphedema syndrome 2	MONDO:0014454	1	ALL_MAPPINGS_CONSISTENT		0	0		0		1
Hepatic_Veno-occlusive_Disease-Immunodeficiency_Syndrome	Hepatic veno-occlusive disease-immunodeficiency syndrome	MONDO:0009338	1	ALL_MAPPINGS_CONSISTENT	ICD10:K76.5	0	0	ORDO:79124	1	skos:broadMatch	0
Hereditary_Angioedema	Hereditary Angioedema	MONDO:0019623	1	TIMED_OUT	ICD10:D84.1|ICD10:T78.3	0	0	ORDO:91378	0		0
Hereditary_Arterial_and_Articular_Multiple_Calcification_Syndrome	Hereditary Arterial and Articular Multiple Calcification Syndrome	MONDO:0008895	1	ALL_MAPPINGS_CONSISTENT	ICD10:I77.8	0	0	ORDO:289601	1	skos:broadMatch	0
Hereditary_Congenital_Facial_Paresis_3	Hereditary Congenital Facial Paresis 3	MONDO:0013880	1	ALL_MAPPINGS_CONSISTENT		0	0		0		1
Hereditary_Diffuse_Leukoencephalopathy_with_Spheroids	Hereditary Diffuse Leukoencephalopathy with Spheroids	MONDO:0800027	1	ALL_MAPPINGS_CONSISTENT	ICD10:G93.4	0	0	ORDO:313808	1	skos:broadMatch	0
Hereditary_Elliptocytosis	Hereditary Elliptocytosis	MONDO:0017319	1	TIMED_OUT	ICD10:D58.1|ICD10CM:D58.1	1	2	ORDO:288	1	skos:exactMatch	0
Hereditary_Gingival_Fibromatosis	Hereditary Gingival Fibromatosis	MONDO:0016070	1	ALL_MAPPINGS_CONSISTENT	ICD10:K06.1	0	0	ORDO:2024	1	skos:broadMatch	0
Hereditary_Hemorrhagic_Telangiectasia	Hereditary Hemorrhagic Telangiectasia	MONDO:0019180	1	TIMED_OUT	ICD10:I78.0|ICD10CM:I78.0	0	2	ORDO:774	1	skos:exactMatch	0
Hereditary_Hemorrhagic_Telangiectasia_4	Hereditary Hemorrhagic Telangiectasia Type 4	MONDO:0012532	1	ALL_MAPPINGS_CONSISTENT		0	0		0		1
Hereditary_Hemorrhagic_Telangiectasia_5	Hereditary Hemorrhagic Telangiectasia Type 5	MONDO:0014217	1	ALL_MAPPINGS_CONSISTENT		0	0		0		1
Hereditary_Hemorrhagic_Telangiectasia_Type_1	Hereditary Hemorrhagic Telangiectasia Type 1	MONDO:0008535	1	ALL_MAPPINGS_CONSISTENT		0	0		0		1
Hereditary_Hyperekplexia	Hereditary Hyperekplexia	MONDO:0021022	1	ALL_MAPPINGS_CONSISTENT	ICD10:G25.8	0	0	ORDO:3197	1	skos:broadMatch	0
Hereditary_Intrinsic_Factor_Deficiency	Hereditary intrinsic factor deficiency	MONDO:0009852	1	ALL_MAPPINGS_CONSISTENT	ICD10:D51.0	0	0	ORDO:332	1	skos:broadMatch	0
Hereditary_Leiomyomatosis_and_Renal_Cell_Cancer	Hereditary Leiomyomatosis and Renal Cell Cancer	MONDO:0007888	1	ALL_MAPPINGS_CONSISTENT	ICD10:C64	0	0	ORDO:523	1	skos:broadMatch	0
Hereditary_Methemoglobinemia	Hereditary methemoglobinemia	MONDO:0018963	1	ALL_MAPPINGS_CONSISTENT	ICD10:D74.0|ICD10CM:D74.0	0	2	ORDO:621	1	skos:broadMatch	0
Hereditary_Neuropathy_with_Liability_to_Pressure_Palsies	Hereditary Neuropathy with Liability to Pressure Palsies	MONDO:0008087	1	ALL_MAPPINGS_CONSISTENT	ICD10:G60.0	0	0	ORDO:640	1	skos:broadMatch	0
Hereditary_Orotic_Aciduria	Hereditary Orotic Aciduria	MONDO:0009797	1	ALL_MAPPINGS_CONSISTENT	ICD10:E79.8	0	0	ORDO:30	1	skos:broadMatch	0
Hereditary_Pancreatitis	Hereditary Pancreatitis	MONDO:0008185	1	ALL_MAPPINGS_CONSISTENT	ICD10:K86.1	0	0	ORDO:676	1	skos:broadMatch	0
Hereditary_Pheochromocytoma-Paraganglioma_Syndrome	Hereditary Pheochromocytoma-Paraganglioma Syndrome	MONDO:0017366	1	ALL_MAPPINGS_CONSISTENT	ICD10:C74.1|ICD10:C75.5|ICD10:D35.0|ICD10:D35.6	0	0	ORDO:29072	4	skos:broadMatch	0
Hereditary_Sensory_Neuropathy_Type_1D	Hereditary Sensory Neuropathy Type 1D	MONDO:0013381	1	ALL_MAPPINGS_CONSISTENT		0	0		0		1
Hereditary_Sensory_and_Autonomic_Neuropathy	Hereditary Sensory and Autonomic Neuropathy	MONDO:0015364	1	ALL_MAPPINGS_CONSISTENT		0	0	ORDO:140471	0		1
Hereditary_Sensory_and_Autonomic_Neuropathy_Type_2	Hereditary Sensory and Autonomic Neuropathy Type 2	MONDO:0019941	1	TIMED_OUT	ICD10:G60.8	0	0	ORDO:970	1	skos:broadMatch	0
Hereditary_Sensory_and_Autonomic_Neuropathy_Type_6	Hereditary Sensory and Autonomic Neuropathy Type 6	MONDO:0013839	1	ALL_MAPPINGS_CONSISTENT	ICD10:G60.8	0	0	ORDO:314381	1	skos:broadMatch	0
Hereditary_Spastic_Paraplegia	Hereditary Spastic Paraplegia	MONDO:0019064	1	TIMED_OUT	ICD10:G11.4|ICD10CM:G11.4	0	2	ORDO:685	1	skos:exactMatch	0
Hereditary_Spastic_Paraplegia_11	Hereditary Spastic Paraplegia 11	MONDO:0011445	1	ALL_MAPPINGS_CONSISTENT	ICD10:G11.4	0	0	ORDO:2822	1	skos:broadMatch	0
Hereditary_Spastic_Paraplegia_44	Hereditary Spastic Paraplegia 44	MONDO:0013179	1	ALL_MAPPINGS_CONSISTENT	ICD10:G11.4	0	0	ORDO:320401	1	skos:broadMatch	0
Hereditary_Spastic_Paraplegia_46	Hereditary Spastic Paraplegia 46	MONDO:0013737	1	ALL_MAPPINGS_CONSISTENT	ICD10:G11.4	0	0	ORDO:320391	1	skos:broadMatch	0
Hereditary_Spastic_Paraplegia_48	Hereditary Spastic Paraplegia 48	MONDO:0013342	1	ALL_MAPPINGS_CONSISTENT	ICD10:G11.4	0	0	ORDO:306511	1	skos:broadMatch	0
Hereditary_Spastic_Paraplegia_49	Hereditary Spastic Paraplegia 49	MONDO:0014016	1	ALL_MAPPINGS_CONSISTENT	ICD10:G11.4	0	0	ORDO:320385	1	skos:broadMatch	0
Hereditary_Spastic_Paraplegia_7	Hereditary Spastic Paraplegia 7	MONDO:0011803	1	ALL_MAPPINGS_CONSISTENT	ICD10:G11.4	0	0	ORDO:99013	1	skos:broadMatch	0
Hereditary_Spherocytosis	Hereditary Spherocytosis	MONDO:0019350	1	TIMED_OUT	ICD10:D58.0|ICD10CM:D58.0	1	2	ORDO:822	1	skos:exactMatch	0
Hermansky_Pudlak_Syndrome	Hermansky-Pudlak Syndrome	MONDO:0019312	0	RETRACTED	ICD10CM:E70.331	0	2	ORDO:79430	1	skos:broadMatch	0
Heyn-Sproul-Jackson_syndrome	Heyn-Sproul-Jackson syndrome	MONDO:0032882	1	ALL_MAPPINGS_CONSISTENT	ICD10:Q87.1	0	0	ORDO:658595	1	skos:broadMatch	0
Histiocytoid_Cardiomyopathy	Histiocytoid Cardiomyopathy	MONDO:0010771	1	TIMED_OUT	ICD10:I42.0	0	0	ORDO:137675	1	skos:broadMatch	0
Hodgkin_Lymphoma	Hodgkin Lymphoma	MONDO:0004952	0	ALL_MAPPINGS_CONSISTENT	ICD10CM:C81|ICD10CM:C81.0	1	2	ORDO:98293	0		0
Holocarboxylase_Synthetase_Deficiency	Holocarboxylase Synthetase Deficiency	MONDO:0009666	1	ALL_MAPPINGS_CONSISTENT	ICD10:E53.8	0	0	ORDO:79242	1	skos:broadMatch	0
Holoprosencephaly_12_With_or_Without_Pancreatic_Agenesis	Holoprosencephaly 12 With or Without Pancreatic Agenesis	MONDO:0032787	1	ALL_MAPPINGS_CONSISTENT		0	0		0		1
Holoprosencephaly_9	Holoprosencephaly 9	MONDO:0012563	1	TIMED_OUT	ICD10:Q87.8	0	0		0		0
Homocystinuria	Homocystinuria	MONDO:0004737	1	ALL_MAPPINGS_CONSISTENT	ICD10CM:E72.11	0	2		0		0
Houge-Janssens_Syndrome	Houge-Janssens Syndrome	MONDO:0957553	1	TIMED_OUT	ICD10:Q87.0	0	0		0		0
Humeroradial_Synostosis	Humeroradial Synostosis	MONDO:0007737	1	ALL_MAPPINGS_CONSISTENT	ICD10:Q74.0	0	0	ORDO:3265	1	skos:broadMatch	0
Hunter_syndrome	Hunter syndrome	MONDO:0010674	1	TIMED_OUT	ICD10:E76.1|ICD10CM:E76.1	0	2	ORDO:580|ORDO:79388	1	skos:exactMatch	0
Huntington_Disease	Huntington Disease	MONDO:0007739	1	TIMED_OUT	ICD10:G10|ICD10CM:G10	0	2	ORDO:399	1	skos:exactMatch	0
Huppke-Brendel_syndrome	Huppke-Brendel syndrome	MONDO:0013772	1	ALL_MAPPINGS_CONSISTENT	ICD10:E88.8	0	0	ORDO:300313	1	skos:broadMatch	0
Hurler_syndrome	Hurler syndrome	MONDO:0011758	1	ALL_MAPPINGS_CONSISTENT	ICD10:E76.0	0	0	ORDO:93473	1	skos:broadMatch	0
Hutchinson-Gilford_Progeria_Syndrome	Hutchinson-Gilford Progeria Syndrome	MONDO:0008310	1	ALL_MAPPINGS_CONSISTENT	ICD10:E34.8	0	0	ORDO:740	1	skos:broadMatch	0
Hydrolethalus_Syndrome_2	Hydrolethalus Syndrome 2	MONDO:0013585	1	ALL_MAPPINGS_CONSISTENT		0	0		0		1
Hypercatabolic_Hypoproteinemia	Hypercatabolic Hypoproteinemia	MONDO:0009434	1	ALL_MAPPINGS_CONSISTENT		0	0		0		1
Hypereosinophilic_Syndrome	Hypereosinophilic syndrome	MONDO:0015691	0	ALL_MAPPINGS_CONSISTENT	ICD10CM:D72.11|ICD10CM:D72.110	0	2	ORDO:168956	0		0
Hyperinsulinemic_Hypoglycemia	Hyperinsulinemic Hypoglycemia	MONDO:0005803	0	ALL_MAPPINGS_CONSISTENT		0	0	ORDO:443095	0		1
Hyperornithinemia_Hyperammonemia_Homocitrullinuria_Syndrome	Hyperornithinemia-hyperammonemia-homocitrullinuria syndrome	MONDO:0009393	1	ALL_MAPPINGS_CONSISTENT	ICD10:E72.4	0	0	ORDO:415	1	skos:broadMatch	0
Hyperostosis_Cranialis_Interna	Hyperostosis Cranialis Interna	MONDO:0007765	1	ALL_MAPPINGS_CONSISTENT	ICD10:M85.2	0	0	ORDO:443098	1	skos:broadMatch	0
Hypertrophic_Cardiomyopathy_17	Hypertrophic Cardiomyopathy 17	MONDO:0013474	1	ALL_MAPPINGS_CONSISTENT		0	0		0		1
Hypertrophic_Cardiomyopathy_20	Hypertrophic Cardiomyopathy 20	MONDO:0013477	1	ALL_MAPPINGS_CONSISTENT		0	0		0		1
Hypertrophic_Cardiomyopathy_21	Hypertrophic Cardiomyopathy 21	MONDO:0013852	1	ALL_MAPPINGS_CONSISTENT		0	0		0		1
Hypertrophic_Cardiomyopathy_30_Atrial	Hypertrophic Cardiomyopathy 30, Atrial	MONDO:0958241	1	ALL_MAPPINGS_CONSISTENT		0	0		0		1
Hypertrophic_Cardiomyopathy_8	Hypertrophic Cardiomyopathy 8	MONDO:0012111	1	ALL_MAPPINGS_CONSISTENT		0	0		0		1
Hypobetalipoproteinemia	Hypobetalipoproteinemia	MONDO:0017774	1	RETRACTED		0	0	ORDO:31154	0		1
Hypochondrogenesis	Hypochondrogenesis	MONDO:0019669	1	ALL_MAPPINGS_CONSISTENT	ICD10:Q77.0	0	0	ORDO:93297	1	skos:broadMatch	0
Hypochondroplasia	Hypochondroplasia	MONDO:0007793	1	TIMED_OUT	ICD10:Q77.4	0	0	ORDO:429	1	skos:broadMatch	0
Hypokalemic_Periodic_Paralysis	Hypokalemic Periodic Paralysis	MONDO:0008223	0	ALL_MAPPINGS_CONSISTENT		0	0	ORDO:681	1	skos:broadMatch	0
Hypomyelinating_Leukodystrophy_10	Hypomyelinating Leukodystrophy 10	MONDO:0014632	1	ALL_MAPPINGS_CONSISTENT	ICD10:Q87.8	0	0	ORDO:481152	1	skos:broadMatch	0
Hypomyelinating_Leukodystrophy_15	Hypomyelinating Leukodystrophy 15	MONDO:0054782	1	ALL_MAPPINGS_CONSISTENT		0	0		0		1
Hypomyelinating_Leukodystrophy_7	Hypomyelinating Leukodystrophy 7	MONDO:0011897	1	ALL_MAPPINGS_CONSISTENT		0	0		0		1
Hypophosphatasia	Hypophosphatasia	MONDO:0018570	1	ALL_MAPPINGS_CONSISTENT	ICD10:E83.3	0	0	ORDO:436	1	skos:broadMatch	0
Hypopigmentation_Organomegaly_And_Delayed_Myelination_And_Development	Hypopigmentation, Organomegaly, and Delayed Myelination and Development	MONDO:0032805	1	ALL_MAPPINGS_CONSISTENT		0	0		0		1
Hypoplasminogenemia	Hypoplasminogenemia	MONDO:0009009	1	ALL_MAPPINGS_CONSISTENT	ICD10:L90.5	0	0	ORDO:722	1	skos:broadMatch	0
Hypotonia-Cystinuria_Syndrome	Hypotonia-cystinuria syndrome	MONDO:0011669	1	TIMED_OUT	ICD10:E72.0	0	0	ORDO:163690|ORDO:238517	1	skos:broadMatch	0
Hypotonia_Infantile_with_Psychomotor_Retardation_and_Characteristic_Facies_3	Hypotonia, Infantile, with Psychomotor Retardation and Characteristic Facies 3	MONDO:0014823	1	ALL_MAPPINGS_CONSISTENT	ICD10:Q87.0	0	0	ORDO:488632	1	skos:broadMatch	0
Hypotrichosis_4	Hypotrichosis 4	MONDO:0100522	1	ALL_MAPPINGS_CONSISTENT		0	0		0		1
Hypotrichosis_with_Juvenile_Macular_Dystrophy	Hypotrichosis with Juvenile Macular Dystrophy	MONDO:0011107	1	TIMED_OUT	ICD10:Q84.0|ICD10:Q87.8	0	0	ORDO:1573	1	skos:broadMatch	0
IFAP_Syndrome_1	IFAP Syndrome 1	MONDO:0100213	1	ALL_MAPPINGS_CONSISTENT		0	0		0		1
IFAP_Syndrome_2	IFAP Syndrome 2	MONDO:0100221	1	ALL_MAPPINGS_CONSISTENT		0	0		0		1
IFNAR2_Deficiency	IFNAR2 Deficiency	MONDO:0014727	1	ALL_MAPPINGS_CONSISTENT		0	0		0		1
IFT140-related_Recessive_Ciliopathy	IFT140-related Recessive Ciliopathy	MONDO:0100509	1	ALL_MAPPINGS_CONSISTENT		0	0		0		1
IGF1_Deficiency	IGF1 Deficiency	MONDO:0012110	1	ALL_MAPPINGS_CONSISTENT	ICD10:E34.3	0	0	ORDO:73272	1	skos:broadMatch	0
IKBKG_Ectodermal_Dysplasia_with_Immunodeficiency	IKBKG ectodermal dysplasia with immunodeficiency	MONDO:0100162	1	ALL_MAPPINGS_CONSISTENT		0	0		0		1
IKK2_Deficiency	IKK2 Deficiency	MONDO:0014267	1	ALL_MAPPINGS_CONSISTENT	ICD10:D81.2	0	0	ORDO:397787	1	skos:broadMatch	0
IL21R_Deficiency	IL21R Deficiency	MONDO:0014082	1	ALL_MAPPINGS_CONSISTENT	ICD10:D81.8	0	0	ORDO:357329	1	skos:broadMatch	0
IL6ST-Related_Stuve-Wiedemann_Syndrome	IL6ST-Related Stuve-Wiedemann Syndrome	MONDO:0030756	1	ALL_MAPPINGS_CONSISTENT		0	0		0		1
IMAGe_Syndrome	IMAGe Syndrome	MONDO:0013873	1	ALL_MAPPINGS_CONSISTENT	ICD10:Q87.1	0	0	ORDO:85173	1	skos:broadMatch	0
IPEX_Syndrome	IPEX Syndrome	MONDO:0010580	1	TIMED_OUT	ICD10:E31.0	0	0	ORDO:37042	1	skos:broadMatch	0
IREB2-Related_Neurodegeneration	IREB2-Related Neurodegeneration	MONDO:0032758	1	ALL_MAPPINGS_CONSISTENT		0	0		0		1
IRF1_Deficiency	IRF1 Deficiency	MONDO:0958011	1	ALL_MAPPINGS_CONSISTENT	ICD10:D84.8	0	0	ORDO:699615	1	skos:broadMatch	0
IRF2BPL-Related_Neurodevelopmental_Disorder_with_Regression	IRF2BPL-Related Neurodevelopmental Disorder with Regression	MONDO:0060759	1	ALL_MAPPINGS_CONSISTENT	ICD10:G93.8	0	0	ORDO:597623	1	skos:broadMatch	0
IRIDA_Syndrome	IRIDA Syndrome	MONDO:0008788	1	ALL_MAPPINGS_CONSISTENT	ICD10:D50.8	0	0	ORDO:209981	1	skos:broadMatch	0
IRX5-related_Craniofacial_Dysostosis_with_Osteopenia_Intellectual_Disability_and_Dental_Anomalies	IRX5-related craniofacial dysostosis with osteopenia, intellectual disability, and dental anomalies	MONDO:0012634	1	ALL_MAPPINGS_CONSISTENT	ICD10:Q87.5	0	0	ORDO:314555	1	skos:broadMatch	0
Idiopathic_Interstitial_Pneumonia	Idiopathic Interstitial Pneumonia	MONDO:0002429	0	ALL_MAPPINGS_CONSISTENT	ICD10CM:J84.11|ICD10CM:J84.112|ICD10CM:J84.114|ICD10CM:J84.116|ICD10CM:J84.117|ICD10CM:J84.2	0	2	ORDO:98300	0		0
Immunodeficiency_101_Varicella_Zoster_Virus-specific	Immunodeficiency 101 (Varicella Zoster Virus-Specific)	MONDO:0030813	1	ALL_MAPPINGS_CONSISTENT		0	0		0		1
Immunodeficiency_123_With_HPV-related_Verrucosis	Immunodeficiency 123 With HPV-related Verrucosis	MONDO:0971177	1	ALL_MAPPINGS_CONSISTENT		0	0		0		1
Immunodeficiency_127	Immunodeficiency 127	MONDO:0975832	1	ALL_MAPPINGS_CONSISTENT		0	0		0		1
Immunodeficiency_131	Immunodeficiency 131	MONDO:0976229	1	ALL_MAPPINGS_CONSISTENT		0	0		0		1
Immunodeficiency_14B_Autosomal_Recessive	Immunodeficiency 14B, Autosomal Recessive	MONDO:0023655	1	ALL_MAPPINGS_CONSISTENT		0	0		0		1
Immunodeficiency_15A	Immunodeficiency 15A	MONDO:0032599	1	ALL_MAPPINGS_CONSISTENT		0	0	ORDO:700205	0		1
Immunodeficiency_25	Immunodeficiency 25	MONDO:0012426	1	RETRACTED		0	0		0		1
Immunodeficiency_32B	Immunodeficiency 32B	MONDO:0009194	1	ALL_MAPPINGS_CONSISTENT	ICD10:B27.0	0	0	ORDO:2566	1	skos:broadMatch	0
Immunodeficiency_37	Immunodeficiency 37	MONDO:0014491	1	ALL_MAPPINGS_CONSISTENT		0	0		0		1
Immunodeficiency_60	Immunodeficiency 60	MONDO:0032723	1	ALL_MAPPINGS_CONSISTENT		0	0		0		1
Immunodeficiency_61	Immunodeficiency 61	MONDO:0010296	1	ALL_MAPPINGS_CONSISTENT		0	0	ORDO:696945	0		1
Immunodeficiency_63_with_Lymphoproliferation_and_Autoimmunity	Immunodeficiency 63 with Lymphoproliferation and Autoimmunity	MONDO:0032782	1	ALL_MAPPINGS_CONSISTENT		0	0		0		1
Immunodeficiency_64	Immunodeficiency 64	MONDO:0032803	1	ALL_MAPPINGS_CONSISTENT	ICD10:D82.3	0	0	ORDO:664699	1	skos:broadMatch	0
Immunodeficiency_65_IRF9_Deficiency	Immunodeficiency 65 (IRF9 Deficiency)	MONDO:0032848	1	ALL_MAPPINGS_CONSISTENT		0	0		0		1
Immunodeficiency_69	Immunodeficiency 69	MONDO:0033541	1	ALL_MAPPINGS_CONSISTENT	ICD10:D84.8	0	0	ORDO:699618	1	skos:broadMatch	0
Immunodeficiency_73B	Immunodeficiency 73B	MONDO:0033554	1	ALL_MAPPINGS_CONSISTENT		0	0		0		1
Immunodeficiency_79	Immunodeficiency 79	MONDO:0030981	1	ALL_MAPPINGS_CONSISTENT		0	0		0		1
Immunodeficiency_80_with_or_without_Congenital_Cardiomyopathy	Immunodeficiency 80 with or without Congenital Cardiomyopathy	MONDO:0030266	1	ALL_MAPPINGS_CONSISTENT		0	0		0		1
Immunodeficiency_81	Immunodeficiency 81	MONDO:0030302	1	ALL_MAPPINGS_CONSISTENT		0	0		0		1
Immunodeficiency_86	Immunodeficiency 86	MONDO:0030448	1	ALL_MAPPINGS_CONSISTENT		0	0		0		1
Immunodeficiency_88	Immunodeficiency 88	MONDO:0030483	1	ALL_MAPPINGS_CONSISTENT		0	0		0		1
Immunodeficiency_89_And_Autoimmunity	Immunodeficiency 89 and Autoimmunity	MONDO:0030484	1	ALL_MAPPINGS_CONSISTENT		0	0		0		1
Immunodeficiency_91_And_Hyperinflammation	Immunodeficiency 91 and Hyperinflammation	MONDO:0030491	1	ALL_MAPPINGS_CONSISTENT		0	0		0		1
Immunodeficiency_92	Immunodeficiency 92	MONDO:0030498	1	ALL_MAPPINGS_CONSISTENT	ICD10:D81.8	0	0	ORDO:697394	1	skos:broadMatch	0
Immunodeficiency_93_and_Hypertrophic_Cardiomyopathy	Immunodeficiency 93 and Hypertrophic Cardiomyopathy	MONDO:0030528	1	ALL_MAPPINGS_CONSISTENT		0	0	ORDO:693647	0		1
Immunodeficiency_96	Immunodeficiency 96	MONDO:0030693	1	ALL_MAPPINGS_CONSISTENT		0	0		0		1
Immunodeficiency_Centromeric_Instability_Facial_Anomalies_Syndrome	Immunodeficiency-Centromeric Instability-Facial Anomalies Syndrome	MONDO:0000133	1	TIMED_OUT	ICD10:D84.8	0	0	ORDO:2268	1	skos:broadMatch	0
Immunoskeletal_Dysplasia_with_Neurodevelopmental_Abnormalities	Immunoskeletal Dysplasia with Neurodevelopmental Abnormalities	MONDO:0044312	1	ALL_MAPPINGS_CONSISTENT		0	0		0		1
Inborn_Disorder_of_Bile_Acid_Synthesis	Inborn Disorder of Bile Acid Synthesis	MONDO:0019218	1	TIMED_OUT	ICD10:E75.5|ICD10:K76.8	0	0	ORDO:79168	0		0
Inborn_Disorder_of_Cobalamin_Metabolism_and_Transport	Inborn Disorder of Cobalamin Metabolism and Transport	MONDO:0019220	1	ALL_MAPPINGS_CONSISTENT		0	0	ORDO:79171	0		1
Inborn_Disorder_of_Methionine_Cycle_and_Sulfur_Amino_Acid_Metabolism	Inborn Disorder of Methionine Cycle and Sulfur Amino Acid Metabolism	MONDO:0019222	1	TIMED_OUT	ICD10:D58.8|ICD10:E72.1	0	0	ORDO:79173	1	skos:exactMatch	0
Inclusion_Body_Myopathy_with_Paget_Disease_of_Bone_and_Frontotemporal_Dementia	Inclusion body myopathy with Paget disease of bone and frontotemporal dementia	MONDO:0000507	1	ALL_MAPPINGS_CONSISTENT	ICD10:G71.8	0	0	ORDO:52430	1	skos:broadMatch	0
Incontinentia_Pigmenti	Incontinentia Pigmenti	MONDO:0010631	1	TIMED_OUT	ICD10:Q82.3|ICD10CM:Q82.3	0	2	ORDO:464	1	skos:exactMatch	0
Infantile-Onset_Pompe_Disease	Infantile-Onset Pompe Disease	MONDO:0017694	1	ALL_MAPPINGS_CONSISTENT	ICD10:E74.0	0	0	ORDO:308552	1	skos:broadMatch	0
Infantile_Cataract_Skin_Abnormalities_Glutamate_Excess_and_Impaired_Intellectual_Development	Infantile Cataract, Skin Abnormalities, Glutamate Excess, and Impaired Intellectual Development	MONDO:0032685	1	ALL_MAPPINGS_CONSISTENT		0	0		0		1
Infantile_Hypercalcemia	Infantile Hypercalcemia	MONDO:0000212	1	ALL_MAPPINGS_CONSISTENT	ICD10:E83.5	0	0	ORDO:300547	1	skos:broadMatch	0
Infantile_Liver_Failure_Syndrome_1	Infantile Liver Failure Syndrome 1	MONDO:0024568	1	ALL_MAPPINGS_CONSISTENT	ICD10:K72.0	0	0	ORDO:370088	1	skos:broadMatch	0
Infantile_Parkinsonism-Dystonia	Infantile Parkinsonism-Dystonia	MONDO:0013150	1	ALL_MAPPINGS_CONSISTENT	ICD10:G24.8	0	0	ORDO:238455	1	skos:broadMatch	0
Inherited_Ichthyosis	Inherited Ichthyosis	MONDO:0015947	1	TIMED_OUT	ICD10:Q80.1|ICD10:Q80.8|ICD10CM:Q80|ICD10CM:Q80.1	0	2	ORDO:183435	0		0
Inherited_Porphyria	Inherited Porphyria	MONDO:0019142	1	TIMED_OUT	ICD10:E80.1|ICD10:E80.2	0	0	ORDO:738	2	skos:narrowMatch	0
Inherited_Retinal_Dystrophy	Inherited Retinal Dystrophy	MONDO:0019118	1	TIMED_OUT	ICD10:H31.2|ICD10:H35.5|ICD10CM:H31.21|ICD10CM:H35.5	0	2	ORDO:71862	0		0
Inherited_Threoninemia	Inherited Threoninemia	MONDO:0010118	1	ALL_MAPPINGS_CONSISTENT		0	0		0		1
Intellectual_Developmental_Disorder_Autosomal_Dominant_72	Intellectual Developmental Disorder, Autosomal Dominant 72	MONDO:0957397	1	ALL_MAPPINGS_CONSISTENT	ICD10:Q87.3	0	0	ORDO:652487	1	skos:broadMatch	0
Intellectual_Developmental_Disorder_Autosomal_Recessive_67	Intellectual Developmental Disorder Autosomal Recessive 67	MONDO:0032662	1	ALL_MAPPINGS_CONSISTENT		0	0		0		1
Intellectual_Disability_Anterior_Maxillary_Protrusion_and_Strabismus	Intellectual Disability, Anterior Maxillary Protrusion, and Strabismus	MONDO:0013353	1	ALL_MAPPINGS_CONSISTENT		0	0	ORDO:562559	1	skos:broadMatch	0
Intellectual_Disability_Autosomal_Dominant_30	Intellectual Disability, Autosomal Dominant 30	MONDO:0014486	1	RETRACTED		0	0	ORDO:694304|ORDO:694308	0		1
Intellectual_Disability_Autosomal_Dominant_34	Intellectual Disability Autosomal Dominant 34	MONDO:0014599	1	ALL_MAPPINGS_CONSISTENT		0	0		0		1
Intellectual_Disability_Autosomal_Dominant_52	Intellectual Disability Autosomal Dominant 52	MONDO:0030918	1	ALL_MAPPINGS_CONSISTENT		0	0		0		1
Intellectual_Disability_Autosomal_Dominant_6	Intellectual Disability, Autosomal Dominant 6	MONDO:0013509	1	ALL_MAPPINGS_CONSISTENT	ICD10:G93.4	0	0	ORDO:589547	1	skos:broadMatch	0
Interleukin-10_Receptor_Deficiency	Interleukin-10 Receptor Deficiency	MONDO:0013153	1	RETRACTED		0	0		0		1
Intermediate_Charcot-Marie-Tooth_Disease	Intermediate Charcot-Marie-Tooth Disease	MONDO:0018778	1	ALL_MAPPINGS_CONSISTENT		0	0	ORDO:476123	0		1
Invasive_Candidiasis	Invasive Candidiasis	MONDO:0044067	0	ALL_MAPPINGS_CONSISTENT		0	0	ORDO:636945	1	skos:broadMatch	0
Isobutyryl-CoA_Dehydrogenase_Deficiency	Isobutyryl-CoA Dehydrogenase Deficiency	MONDO:0012648	1	ALL_MAPPINGS_CONSISTENT	ICD10:E71.1	0	0	ORDO:79159	1	skos:broadMatch	0
Isolated_Anophthalmia-Microphthalmia_Syndrome	Isolated Anophthalmia-Microphthalmia Syndrome	MONDO:0016764	1	TIMED_OUT	ICD10:Q11.2|ICD10:Q15.8	0	0	ORDO:2542	0		0
Isolated_Growth_Hormone_Deficiency	Isolated Growth Hormone Deficiency	MONDO:0000050	0	ALL_MAPPINGS_CONSISTENT		0	0	ORDO:631	1	skos:broadMatch	0
Isolated_Sedoheptulokinase_Deficiency	Isolated Sedoheptulokinase Deficiency	MONDO:0014969	1	ALL_MAPPINGS_CONSISTENT	ICD10:E88.8	0	0	ORDO:440713	1	skos:broadMatch	0
Isolated_Sulfite_Oxidase_Deficiency	Isolated Sulfite Oxidase Deficiency	MONDO:0010089	1	ALL_MAPPINGS_CONSISTENT	ICD10:E72.1	0	0	ORDO:99731	1	skos:broadMatch	0
Isolated_Woolly_Hair	Isolated Woolly Hair	MONDO:0008686	1	TIMED_OUT	ICD10:Q84.1	0	0	ORDO:170	1	skos:broadMatch	0
Isovaleric_Acidemia	Isovaleric Acidemia	MONDO:0009475	1	TIMED_OUT	ICD10:E71.1|ICD10CM:E71.110	0	2	ORDO:33	1	skos:broadMatch	0
Jackson-Weiss_Syndrome	Jackson-Weiss Syndrome	MONDO:0007400	1	ALL_MAPPINGS_CONSISTENT	ICD10:Q87.8	0	0	ORDO:1540	1	skos:broadMatch	0
Jervell_and_Lange-Nielsen_Syndrome_1	Jervell and Lange-Nielsen Syndrome 1	MONDO:0024540	1	ALL_MAPPINGS_CONSISTENT		0	0		0		1
Jervell_and_Lange-Nielsen_Syndrome_2	Jervell and Lange-Nielsen Syndrome 2	MONDO:0012871	1	ALL_MAPPINGS_CONSISTENT		0	0		0		1
Jeune_Asphyxiating_Thoracic_Dystrophy	Jeune Asphyxiating Thoracic Dystrophy	MONDO:0018770	1	ALL_MAPPINGS_CONSISTENT	ICD10:Q77.2	0	0	ORDO:474	1	skos:broadMatch	0
Joint_Laxity_Short_Stature_and_Myopia	Joint Laxity, Short Stature, and Myopia	MONDO:0060556	1	ALL_MAPPINGS_CONSISTENT	ICD10:Q87.5	0	0	ORDO:527450	1	skos:broadMatch	0
Joubert_syndrome	Joubert syndrome	MONDO:0018772	0	ALL_MAPPINGS_CONSISTENT		0	0	ORDO:475	1	skos:broadMatch	0
Junctional_Epidermolysis_Bullosa	Junctional Epidermolysis Bullosa	MONDO:0017612	1	ALL_MAPPINGS_CONSISTENT		1	0	ORDO:305	0		0
Juvenile-Onset_Diabetes_Mellitus_with_Central_and_Peripheral_Neurodegeneration	Juvenile-Onset Diabetes Mellitus With Central and Peripheral Neurodegeneration	MONDO:0014523	1	ALL_MAPPINGS_CONSISTENT	ICD10:G31.8	0	0	ORDO:445062	1	skos:broadMatch	0
Juvenile_Amyotrophic_Lateral_Sclerosis	Juvenile Amyotrophic Lateral Sclerosis	MONDO:0017593	1	TIMED_OUT	ICD10:G12.2	0	0	ORDO:300605	1	skos:broadMatch	0
Juvenile_Idiopathic_Arthritis	Juvenile Idiopathic Arthritis	MONDO:0011429	0	RETRACTED		0	0	ORDO:92	0		1
Juvenile_Neuronal_Ceroid_Lipofuscinosis	Juvenile Neuronal Ceroid Lipofuscinosis	MONDO:0019262	1	ALL_MAPPINGS_CONSISTENT		0	0		0		1
Juvenile_Open_Angle_Glaucoma	Juvenile Open Angle Glaucoma	MONDO:0020367	1	ALL_MAPPINGS_CONSISTENT	ICD10:H40.1	0	0	ORDO:98977	1	skos:broadMatch	0
Juvenile_Polyposis_Syndrome	Juvenile Polyposis Syndrome	MONDO:0017380	1	ALL_MAPPINGS_CONSISTENT	ICD10:D12.6	0	0	ORDO:2929	1	skos:broadMatch	0
Juvenile_Sialidosis_Type_2	Juvenile Sialidosis Type 2	MONDO:0019681	1	ALL_MAPPINGS_CONSISTENT	ICD10:E77.1	0	0	ORDO:93399	1	skos:broadMatch	0
KBG_Syndrome	KBG Syndrome	MONDO:0007846	1	ALL_MAPPINGS_CONSISTENT	ICD10:Q87.8	0	0	ORDO:2332	1	skos:broadMatch	0
KCNA2-Related_Developmental_and_Epileptic_Encephalopathy	KCNA2-Related Developmental and Epileptic Encephalopathy	MONDO:0014607	1	ALL_MAPPINGS_CONSISTENT		0	0		0		1
KCNB1-Related_Developmental_and_Epileptic_Encephalopathy	KCNB1-Related Developmental and Epileptic Encephalopathy	MONDO:0014477	1	ALL_MAPPINGS_CONSISTENT		0	0		0		1
KCNH1_Associated_Disorder	KCNH1 Associated Disorder	MONDO:0100485	1	TIMED_OUT	ICD10:Q87.2	0	0		0		0
KCNQ2_Developmental_and_Epileptic_Encephalopathy	KCNQ2 Developmental and Epileptic Encephalopathy	MONDO:0013387	1	ALL_MAPPINGS_CONSISTENT	ICD10:G40.4	0	0	ORDO:439218	1	skos:broadMatch	0
KCNV2_Related_Retinopathy	KCNV2-Related Retinopathy	MONDO:1040063	1	ALL_MAPPINGS_CONSISTENT		0	0		0		1
KDM1A-Related_Neurodevelopmental_Disorder	KDM1A-Related Neurodevelopmental Disorder	MONDO:0014751	1	ALL_MAPPINGS_CONSISTENT	ICD10:Q87.8	0	0	ORDO:477993	1	skos:broadMatch	0
KDM6B-Related_Neurodevelopmental_Disorder	KDM6B-Related Neurodevelopmental Disorder	MONDO:0032790	1	ALL_MAPPINGS_CONSISTENT		0	0		0		1
KINSSHIP_Syndrome	KINSSHIP Syndrome	MONDO:0851095	1	ALL_MAPPINGS_CONSISTENT		0	0		0		1
KLC4-Related_Early-Childhood-Onset_Neurodegeneration	KLC4-Related Early-Childhood-Onset Neurodegeneration	MONDO:0700288	1	ALL_MAPPINGS_CONSISTENT		0	0		0		1
KLHL24-Related_Hypertrophic_Cardiomyopathy	KLHL24-Related Hypertrophic Cardiomyopathy	MONDO:0859372	1	ALL_MAPPINGS_CONSISTENT		0	0		0		1
KMT2B-Related_Dystonia	KMT2B-Related Dystonia	MONDO:0015004	1	ALL_MAPPINGS_CONSISTENT	ICD10:G24.8	0	0	ORDO:589618	1	skos:broadMatch	0
KRT1_Keratinopathies	KRT1 Keratinopathies	MONDO:0007239	1	ALL_MAPPINGS_CONSISTENT		0	0		0		1
Kabuki_Syndrome	Kabuki Syndrome	MONDO:0016512	1	TIMED_OUT	ICD10:Q87.0	0	0	ORDO:2322	1	skos:broadMatch	0
Kallmann_Syndrome	Kallmann Syndrome	MONDO:0018800	1	TIMED_OUT	ICD10:E23.0	0	0	ORDO:478	1	skos:broadMatch	0
Kanzaki_Disease	Kanzaki Disease	MONDO:0012222	1	ALL_MAPPINGS_CONSISTENT	ICD10:E77.1	0	0	ORDO:79280	1	skos:broadMatch	0
Karyomegalic_Interstitial_Nephritis	Karyomegalic Interstitial Nephritis	MONDO:0013898	1	ALL_MAPPINGS_CONSISTENT	ICD10:N11.8	0	0	ORDO:401996	1	skos:broadMatch	0
Kearns-Sayre_Syndrome	Kearns-Sayre syndrome	MONDO:0010787	1	TIMED_OUT	ICD10:H49.8|ICD10CM:H49.81	0	2	ORDO:480	1	skos:broadMatch	0
Keipert_syndrome	Keipert syndrome	MONDO:0009720	1	ALL_MAPPINGS_CONSISTENT	ICD10:Q87.0	0	0	ORDO:2662	1	skos:broadMatch	0
Kennedy_Disease	Kennedy Disease	MONDO:0010735	1	ALL_MAPPINGS_CONSISTENT	ICD10:G12.2	0	0	ORDO:481	1	skos:broadMatch	0
Keratitis-Ichthyosis-Deafness_Syndrome	Keratitis-Ichthyosis-Deafness Syndrome	MONDO:0007850	1	ALL_MAPPINGS_CONSISTENT		0	0		0		1
Keratoderma_Hereditarium_Mutilans	Keratoderma Hereditarium Mutilans	MONDO:0007422	1	ALL_MAPPINGS_CONSISTENT	ICD10:Q82.8	0	0	ORDO:494	1	skos:broadMatch	0
Keratosis_Follicularis_Spinulosa_Decalvans	Keratosis follicularis spinulosa decalvans	MONDO:0000136	1	ALL_MAPPINGS_CONSISTENT	ICD10:Q82.8	0	0	ORDO:2340	1	skos:broadMatch	0
Keratosis_Pilaris_Atrophicans	Keratosis Pilaris Atrophicans	MONDO:0018855	1	TIMED_OUT	ICD10:L66.4|ICD10:Q82.8	0	0	ORDO:498	0		0
Keutel_Syndrome	Keutel Syndrome	MONDO:0009495	1	ALL_MAPPINGS_CONSISTENT	ICD10:Q87.8	0	0	ORDO:85202	1	skos:broadMatch	0
Kilquist_Syndrome	Kilquist syndrome	MONDO:0033664	1	ALL_MAPPINGS_CONSISTENT	ICD10:Q87.8	0	0	ORDO:633021	1	skos:broadMatch	0
Kindler_Epidermolysis_Bullosa	Kindler Epidermolysis Bullosa	MONDO:0008260	1	ALL_MAPPINGS_CONSISTENT	ICD10:Q81.8	1	0	ORDO:2908	1	skos:broadMatch	0
Kleefstra_Syndrome	Kleefstra Syndrome	MONDO:0012455	1	TIMED_OUT	ICD10:Q87.8	0	0	ORDO:261494	1	skos:broadMatch	0
Klippel-Feil_Syndrome	Klippel-Feil Syndrome	MONDO:0001029	1	TIMED_OUT	ICD10:Q76.1|ICD10CM:Q76.1	0	2	ORDO:2345	1	skos:exactMatch	0
Kniest_Dysplasia	Kniest Dysplasia	MONDO:0007987	1	TIMED_OUT	ICD10:Q77.7	0	0	ORDO:485	1	skos:broadMatch	0
Koolen_de_Vries_syndrome	Koolen-de Vries syndrome	MONDO:0012496	1	ALL_MAPPINGS_CONSISTENT	ICD10:Q87.8	0	0	ORDO:96169	1	skos:broadMatch	0
Krabbe_Disease_Due_To_Saposin_A_Deficiency	Krabbe Disease Due To Saposin A Deficiency	MONDO:0012720	1	ALL_MAPPINGS_CONSISTENT		0	0		0		1
Kufor-Rakeb_syndrome	Kufor-Rakeb syndrome	MONDO:0011706	1	ALL_MAPPINGS_CONSISTENT	ICD10:G23.0	0	0	ORDO:306674	1	skos:broadMatch	0
L-2-Hydroxyglutaric_Aciduria	L-2-Hydroxyglutaric Aciduria	MONDO:0009370	1	ALL_MAPPINGS_CONSISTENT	ICD10:E72.8	0	0	ORDO:79314	1	skos:broadMatch	0
L1_Syndrome	L1 Syndrome	MONDO:0017140	1	ALL_MAPPINGS_CONSISTENT	ICD10:Q04.8	0	0	ORDO:275543	1	skos:broadMatch	0
LAMA5-Related_Bent_Bone_Dysplasia	LAMA5-Related Bent Bone Dysplasia	MONDO:0859573	1	ALL_MAPPINGS_CONSISTENT		0	0		0		1
LAMB1-Related_Cobblestone_Lissencephaly	LAMB1-Related Cobblestone Lissencephaly	MONDO:0014077	1	ALL_MAPPINGS_CONSISTENT	ICD10:Q04.3	0	0	ORDO:352682	1	skos:broadMatch	0
LCA5-Related_Retinopathy	LCA5-Related Retinopathy	MONDO:0100445	1	ALL_MAPPINGS_CONSISTENT		0	0		0		1
LDLR-Related_Familial_Hypercholesterolemia	LDLR-Related Familial Hypercholesterolemia	MONDO:0007750	1	ALL_MAPPINGS_CONSISTENT		0	0		0		1
LIFR-Related_Stuve-Wiedemann_Syndrome	LIFR-Related Stuve-Wiedemann Syndrome	MONDO:0800043	1	ALL_MAPPINGS_CONSISTENT	ICD10:Q78.8	0	0	ORDO:3206	1	skos:broadMatch	0
LRBA_Deficiency	LRBA Deficiency	MONDO:0013863	1	ALL_MAPPINGS_CONSISTENT	ICD10:D81.8	0	0	ORDO:445018	1	skos:broadMatch	0
LRRK2-Related_Parkinson_Disease	LRRK2-Related Parkinson Disease	MONDO:0011764	1	ALL_MAPPINGS_CONSISTENT		0	0		0		1
Labyrinthitis	Labyrinthitis	MONDO:0002008	0	RETRACTED	ICD10CM:A88.1|ICD10CM:H83.0	0	2		0		0
Lafora_Disease	Lafora_Disease	MONDO:0009697	1	TIMED_OUT	ICD10:G40.3	0	0	ORDO:501	1	skos:broadMatch	0
Landau-Kleffner_Syndrome	Landau-Kleffner Syndrome	MONDO:0009509	1	ALL_MAPPINGS_CONSISTENT	ICD10:F80.3	0	0	ORDO:98818	1	skos:exactMatch	0
Langer_Mesomelic_Dysplasia	Langer Mesomelic Dysplasia	MONDO:0009588	1	ALL_MAPPINGS_CONSISTENT	ICD10:Q87.1	0	0	ORDO:2632	1	skos:broadMatch	0
Large_Cell_Neuroendocrine_Carcinoma	Large Cell Neuroendocrine Carcinoma	MONDO:0005057	0	ALL_MAPPINGS_CONSISTENT		0	0		0		1
Larsen-like_Syndrome_B3GAT3_Type	Larsen-like Syndrome B3GAT3 Type	MONDO:0009511	1	ALL_MAPPINGS_CONSISTENT	ICD10:Q74.8	0	0	ORDO:284139	1	skos:broadMatch	0
Larsen_Syndrome	Larsen Syndrome	MONDO:0007875	1	ALL_MAPPINGS_CONSISTENT	ICD10:Q74.8	0	0	ORDO:503	1	skos:broadMatch	0
Laryngotracheoesophageal_Cleft	Laryngotracheoesophageal Cleft	MONDO:0016060	0	ALL_MAPPINGS_CONSISTENT		0	0	ORDO:2004	1	skos:broadMatch	0
Late-Onset_Pompe_Disease	Late-Onset Pompe Disease	MONDO:0018485	1	ALL_MAPPINGS_CONSISTENT	ICD10:E74.0	0	0	ORDO:420429	1	skos:broadMatch	0
Late_Complement_Component_Deficiency	Late Complement Component Deficiency	MONDO:0015700	1	TIMED_OUT	ICD10:D84.1	0	0	ORDO:169150	1	skos:broadMatch	0
Leber-like_Hereditary_Optic_Neuropathy_Autosomal_Recessive_1	Leber-like Hereditary Optic Neuropathy, Autosomal Recessive 1	MONDO:0958183	1	ALL_MAPPINGS_CONSISTENT		0	0		0		1
Leber_Congenital_Amaurosis_10	Leber Congenital Amaurosis 10	MONDO:0012723	1	ALL_MAPPINGS_CONSISTENT		0	0		0		1
Leber_Congenital_Amaurosis_with_Early-Onset_Deafness	Leber Congenital Amaurosis with Early-Onset Deafness	MONDO:0060650	1	ALL_MAPPINGS_CONSISTENT		0	0		0		1
Leber_Hereditary_Optic_Neuropathy	Leber Hereditary Optic Neuropathy	MONDO:0010788	1	TIMED_OUT	ICD10:H47.2	0	0	ORDO:104	1	skos:broadMatch	0
Leber_Optic_Atrophy_and_Dystonia	Leber Optic Atrophy and Dystonia	MONDO:0010772	1	ALL_MAPPINGS_CONSISTENT		0	0		0		1
Leigh_Syndrome	Leigh Syndrome	MONDO:0009723	1	TIMED_OUT	ICD10:E88.8|ICD10:G31.8|ICD10CM:G31.82	0	2	ORDO:506	1	skos:broadMatch	0
Leiomyosarcoma	Leiomyosarcoma	MONDO:0005058	0	RETRACTED		0	0	ORDO:64720	1	skos:broadMatch	0
Leishmaniasis	Leishmaniasis	MONDO:0011989	0	RETRACTED	ICD10CM:B55|ICD10CM:B55.0|ICD10CM:B55.1|ICD10CM:B55.2	0	2	ORDO:507	4	skos:narrowMatch	0
Lenz-Majewski_hyperostotic_dwarfism	Lenz-Majewski hyperostotic dwarfism	MONDO:0007892	1	ALL_MAPPINGS_CONSISTENT	ICD10:Q87.1	0	0	ORDO:2658	1	skos:broadMatch	0
Leri-Weill_Dyschondrosteosis	Leri-Weill Dyschondrosteosis	MONDO:0007481	1	ALL_MAPPINGS_CONSISTENT	ICD10:Q77.8	0	0	ORDO:240	1	skos:broadMatch	0
Lesch-Nyhan_Syndrome	Lesch-Nyhan Syndrome	MONDO:0010298	1	TIMED_OUT	ICD10:E79.1|ICD10CM:E79.1	0	2	ORDO:510	1	skos:exactMatch	0
Lethal_Congenital_Contracture_Syndrome	Lethal Congenital Contracture Syndrome	MONDO:0017436	1	TIMED_OUT	ICD10:G71.2|ICD10:Q68.8|ICD10:Q77.2	0	0	ORDO:294965	0		0
Lethal_Polymalformative_Syndrome_Boissel_Type	Lethal Polymalformative Syndrome, Boissel Type	MONDO:0013050	1	ALL_MAPPINGS_CONSISTENT	ICD10:Q87.8	0	0	ORDO:210144	1	skos:broadMatch	0
Leukocyte_Adhesion_Deficiency_Type_II	Leukocyte Adhesion Deficiency Type II	MONDO:0009953	1	RETRACTED	ICD10:D84.8	0	0	ORDO:99843	1	skos:broadMatch	0
Li-Ghorbani-Weisz-Hubshman_Syndrome	Li-Ghorbani-Weisz-Hubshman Syndrome	MONDO:0033547	1	ALL_MAPPINGS_CONSISTENT		0	0		0		1
Liberfarb_syndrome	Liberfarb syndrome	MONDO:0030045	1	ALL_MAPPINGS_CONSISTENT	ICD10:Q87.8	0	0	ORDO:589442	1	skos:broadMatch	0
Lichtenstein-Knorr_Syndrome	Lichtenstein-Knorr Syndrome	MONDO:0014572	1	ALL_MAPPINGS_CONSISTENT	ICD10:G11.1	0	0	ORDO:448251	1	skos:broadMatch	0
Liddle_Syndrome	Liddle syndrome	MONDO:0008323	1	ALL_MAPPINGS_CONSISTENT	ICD10:I15.1	0	0	ORDO:526	1	skos:broadMatch	0
Limb-Girdle_Muscular_Dystrophy_Autosomal_Dominant	Limb-Girdle Muscular Dystrophy, Autosomal Dominant	MONDO:0015151	1	TIMED_OUT	ICD10:G71.0	0	0	ORDO:102014	0		0
Limbic_Encephalitis	Limbic Encephalitis	MONDO:0015588	0	ALL_MAPPINGS_CONSISTENT		0	0		0		1
Linear_Skin_Defects_with_Multiple_Congenital_Anomalies_1	Linear Skin Defects with Multiple Congenital Anomalies 1	MONDO:0024552	1	ALL_MAPPINGS_CONSISTENT		0	0		0		1
Lipoic_Acid_Synthetase_Deficiency	Lipoic Acid Synthetase Deficiency	MONDO:0013762	1	ALL_MAPPINGS_CONSISTENT	ICD10:E88.8	0	0	ORDO:401859	1	skos:broadMatch	0
Lipoid_Proteinosis	Lipoid Proteinosis	MONDO:0009530	1	TIMED_OUT	ICD10:E78.8	0	0	ORDO:530	1	skos:broadMatch	0
Liposarcoma	Liposarcoma	MONDO:0005060	0	ALL_MAPPINGS_CONSISTENT		0	0	ORDO:69078	1	skos:broadMatch	0
Lipoyl_Transferase_1_Deficiency	Lipoyl Transferase 1 Deficiency	MONDO:0014576	1	ALL_MAPPINGS_CONSISTENT	ICD10:E88.8	0	0	ORDO:401862	1	skos:broadMatch	0
Lissencephaly_Spectrum_Disorders	Lissencephaly Spectrum Disorders	MONDO:0018838	1	TIMED_OUT	ICD10:Q04.3	0	0	ORDO:48471	0		0
Loeys-Dietz_Syndrome	Loeys-Dietz Syndrome	MONDO:0018954	1	TIMED_OUT	ICD10:Q87.4|ICD10:Q87.8	0	0	ORDO:60030	1	skos:broadMatch	0
Loeys-Dietz_Syndrome_4	Loeys-Dietz Syndrome 4	MONDO:0013897	1	ALL_MAPPINGS_CONSISTENT		0	0		0		1
Loeys-Dietz_Syndrome_6	Loeys-Dietz Syndrome 6	MONDO:0030500	1	ALL_MAPPINGS_CONSISTENT		0	0		0		1
Long-Chain_3-Hydroxyacyl-CoA_Dehydrogenase_Deficiency	Long-chain 3-hydroxyacyl-CoA Dehydrogenase Deficiency	MONDO:0012173	1	ALL_MAPPINGS_CONSISTENT	ICD10:E71.3	0	0	ORDO:5	1	skos:broadMatch	0
Long_QT_Syndrome	Familial Long QT Syndrome	MONDO:0019171	0	RETRACTED		0	0	ORDO:101016|ORDO:768	1	skos:broadMatch	0
Lowe_Syndrome	Lowe syndrome	MONDO:0010645	1	TIMED_OUT	ICD10:E72.0	0	0	ORDO:534	1	skos:broadMatch	0
Lymphatic_Malformation_6	Lymphatic malformation 6	MONDO:0014797	1	ALL_MAPPINGS_CONSISTENT	ICD10:Q82.0	0	0	ORDO:568062	1	skos:broadMatch	0
Lymphomatoid_Granulomatosis	Lymphomatoid Granulomatosis	MONDO:0019466	0	ALL_MAPPINGS_CONSISTENT		0	0	ORDO:86869	1	skos:broadMatch	0
Lysinuric_Protein_Intolerance	Lysinuric protein intolerance	MONDO:0009109	1	TIMED_OUT	ICD10:E72.0	0	0	ORDO:470	1	skos:broadMatch	0
Lysosomal_Acid_Phosphatase_Deficiency	Lysosomal Acid Phosphatase Deficiency	MONDO:0008705	1	ALL_MAPPINGS_CONSISTENT	ICD10:E83.3	0	0	ORDO:35121	1	skos:broadMatch	0
MAN2C1-congenital_disorder_of_deglycosylation_2	MAN2C1-congenital disorder of deglycosylation 2	MONDO:0030770	1	ALL_MAPPINGS_CONSISTENT		0	0		0		1
MBD5_Haploinsufficiency_Syndrome	MBD5 Haploinsufficiency Syndrome	MONDO:0007974	1	ALL_MAPPINGS_CONSISTENT		0	0		0		1
MCM3AP-Related_Peripheral_Neuropathy	MCM3AP-Related Peripheral Neuropathy	MONDO:0029131	1	ALL_MAPPINGS_CONSISTENT		0	0		0		1
MCM8-related_gametogenic_failure	MCM8-related gametogenic failure	MONDO:0044776	1	ALL_MAPPINGS_CONSISTENT		0	0		0		1
MED11-Related_Disorder	MED11-Related Disorder	MONDO:0957225	1	ALL_MAPPINGS_CONSISTENT		0	0		0		1
MED13L_Syndrome	MED13L Syndrome	MONDO:0014773	1	ALL_MAPPINGS_CONSISTENT	ICD10:Q87.0	0	0	ORDO:369891	1	skos:broadMatch	0
MED13_Syndrome	MED13 Syndrome	MONDO:0032485	1	ALL_MAPPINGS_CONSISTENT		0	0		0		1
MED17-Related_Disorder	MED17-Related Disorder	MONDO:0013351	1	ALL_MAPPINGS_CONSISTENT	ICD10:Q04.3	0	0	ORDO:402364	1	skos:broadMatch	0
MED27-Related_Disorder	MED27-Related Disorder	MONDO:0859137	1	ALL_MAPPINGS_CONSISTENT		0	0		0		1
MEDNIK_syndrome	MEDNIK syndrome	MONDO:0012251	1	ALL_MAPPINGS_CONSISTENT	ICD10:E83.0	0	0	ORDO:171851	1	skos:broadMatch	0
MEGF8-Related_Carpenter_Syndrome	MEGF8-related Carpenter Syndrome	MONDO:0013998	1	ALL_MAPPINGS_CONSISTENT		0	0		0		1
MELAS_Syndrome	MELAS Syndrome	MONDO:0010789	1	TIMED_OUT	ICD10:G71.3|ICD10CM:E88.41	1	2	ORDO:550	1	skos:broadMatch	0
MEND_Syndrome	MEND Syndrome	MONDO:0010498	1	ALL_MAPPINGS_CONSISTENT	ICD10:Q87.8	0	0	ORDO:401973	1	skos:broadMatch	0
MEPAN_Syndrome	MEPAN Syndrome	MONDO:0015003	1	ALL_MAPPINGS_CONSISTENT	ICD10:E88.8	0	0	ORDO:508093	1	skos:broadMatch	0
MERRF_Syndrome	MERRF Syndrome	MONDO:0010790	1	TIMED_OUT	ICD10:G71.3|ICD10CM:E88.42	0	2	ORDO:551	1	skos:broadMatch	0
MERTK-Related_Retinopathy	MERTK-Related Retinopathy	MONDO:0800394	1	ALL_MAPPINGS_CONSISTENT		0	0		0		1
MGAT2-congenital_disorder_of_glycosylation	MGAT2-congenital disorder of glycosylation	MONDO:0008908	1	ALL_MAPPINGS_CONSISTENT	ICD10:E77.8	0	0	ORDO:79329	1	skos:broadMatch	0
MHC_Class_II_Deficiency	MHC class II deficiency	MONDO:0008855	1	TIMED_OUT	ICD10:D81.7	0	0	ORDO:572	1	skos:exactMatch	0
MICPCH_Syndrome	MICPCH Syndrome	MONDO:0010417	1	ALL_MAPPINGS_CONSISTENT	ICD10:Q04.3	0	0	ORDO:163937	1	skos:broadMatch	0
MITF_Waardenburg_Tietz_Spectrum	MITF Waardenburg-Tietz Spectrum	MONDO:0018094	0	ALL_MAPPINGS_CONSISTENT		0	0	ORDO:3440	1	skos:broadMatch	0
MMACHC-related_Methylmalonic_Aciduria_and_Homocystinuria_cblC_Type	MMACHC-related Methylmalonic Aciduria and Homocystinuria, cblC Type	MONDO:0010184	1	ALL_MAPPINGS_CONSISTENT	ICD10:D58.8	0	0	ORDO:79282	1	skos:broadMatch	0
MMADHC-related_Disorder_of_Cobalamin_Metabolism_cblD_Type	MMADHC-related Disorder of Cobalamin Metabolism, cblD Type	MONDO:0700297	1	ALL_MAPPINGS_CONSISTENT		0	0		0		1
MPDU1-congenital_disorder_of_glycosylation	MPDU1-congenital disorder of glycosylation	MONDO:0012211	1	ALL_MAPPINGS_CONSISTENT	ICD10:E77.8	0	0	ORDO:79323	1	skos:broadMatch	0
MPI-Congenital_Disorder_of_Glycosylation	MPI-congenital disorder of glycosylation	MONDO:0011257	1	ALL_MAPPINGS_CONSISTENT	ICD10:E77.8	0	0	ORDO:79319	1	skos:broadMatch	0
MSMO1_Deficiency	MSMO1 Deficiency	MONDO:0014793	1	ALL_MAPPINGS_CONSISTENT	ICD10:E88.8	0	0	ORDO:488168	1	skos:broadMatch	0
MSTO1-Related_Mitochondrial_Myopathy	MSTO1-Related Mitochondrial Myopathy	MONDO:0044714	1	ALL_MAPPINGS_CONSISTENT	ICD10:G71.3	0	0	ORDO:502423	1	skos:broadMatch	0
MT-ATP6_MT-ATP8-Related_Infantile_Hypertrophic_Cardiomyopathy	MT-ATP6/MT-ATP8-Related Infantile Hypertrophic Cardiomyopathy	MONDO:0010777	1	ALL_MAPPINGS_CONSISTENT		0	0		0		1
MTHFD1_Deficiency	MTHFD1 Deficiency	MONDO:0060611	1	ALL_MAPPINGS_CONSISTENT	ICD10:E88.8	0	0	ORDO:658813	1	skos:broadMatch	0
MTO1_Deficiency	MTO1 Deficiency	MONDO:0013865	1	ALL_MAPPINGS_CONSISTENT	ICD10:E88.8	0	0	ORDO:314637	1	skos:broadMatch	0
MUTYH-Associated_Polyposis	MUTYH-Associated Polyposis	MONDO:0012041	1	ALL_MAPPINGS_CONSISTENT	ICD10:D12.6	0	0	ORDO:247798	1	skos:broadMatch	0
MYO6_Hearing_Loss	MYO6_Hearing_Loss	MONDO:0019497	1	ALL_MAPPINGS_CONSISTENT	ICD10:H90.5	0	0	ORDO:87884	1	skos:exactMatch	0
Mabry_Syndrome	Mabry Syndrome	MONDO:0016596	1	TIMED_OUT	ICD10:Q87.8	0	0	ORDO:247262	1	skos:broadMatch	0
Machado_Joseph_Disease	Machado-Joseph Disease	MONDO:0007182	1	TIMED_OUT	ICD10:G11.8	0	0	ORDO:98757	1	skos:broadMatch	0
Malan_Syndrome	Malan Syndrome	MONDO:0013885	1	ALL_MAPPINGS_CONSISTENT	ICD10:Q87.3	0	0	ORDO:420179	1	skos:broadMatch	0
Malaria	Malaria	MONDO:0005136	0	RETRACTED	ICD10CM:B50|ICD10CM:B51|ICD10CM:B53	0	2	ORDO:673	13	skos:narrowMatch	0
Malignant_Germ_Cell_Tumor_of_Ovary	Malignant Germ Cell Tumor of Ovary	MONDO:0018171	0	RETRACTED		0	0	ORDO:35807	0		1
Malignant_Non_Dysgerminomatous_Germ_Cell_Tumor_Of_Ovary	Malignant Non-Dysgerminomatous Germ Cell Tumor Of Ovary	MONDO:0016096	0	ALL_MAPPINGS_CONSISTENT		0	0	ORDO:206538	1	skos:broadMatch	0
Malignant_Peripheral_Nerve_Sheath_Tumor	Malignant Peripheral Nerve Sheath Tumor	MONDO:0017827	0	ALL_MAPPINGS_CONSISTENT		0	0	ORDO:3148	1	skos:broadMatch	0
Mandibulofacial_Dysostosis_With_Alopecia	Mandibulofacial Dysostosis with Alopecia	MONDO:0014608	1	ALL_MAPPINGS_CONSISTENT	ICD10:Q75.4	0	0	ORDO:443995	1	skos:broadMatch	0
Mandibulofacial_Dysostosis_with_Microcephaly	Mandibulofacial dysostosis with microcephaly	MONDO:0012516	1	ALL_MAPPINGS_CONSISTENT	ICD10:Q87.0	0	0	ORDO:79113	1	skos:broadMatch	0
Maple_Syrup_Urine_Disease	Maple Syrup Urine Disease	MONDO:0009563	0	ALL_MAPPINGS_CONSISTENT	ICD10CM:E71.0	0	2	ORDO:511	1	skos:exactMatch	0
Marden-Walker_Syndrome	Marden-Walker Syndrome	MONDO:0009564	1	ALL_MAPPINGS_CONSISTENT	ICD10:Q87.0	0	0	ORDO:2461	1	skos:broadMatch	0
Marfanoid_Progeroid_Lipodystrophy_Syndrome	Marfanoid-Progeroid-Lipodystrophy Syndrome	MONDO:0014831	1	ALL_MAPPINGS_CONSISTENT	ICD10:E88.1	0	0	ORDO:300382	1	skos:broadMatch	0
Marginal_Zone_Lymphoma	Marginal Zone Lymphoma	MONDO:0017604	0	ALL_MAPPINGS_CONSISTENT	ICD10CM:C88.4	0	0	ORDO:300912	0		0
Marinesco-Sjogren_Syndrome	Marinesco-Sjogren Syndrome	MONDO:0009567	1	ALL_MAPPINGS_CONSISTENT	ICD10:G11.1	0	0	ORDO:559	1	skos:broadMatch	0
Maroteaux-Lamy_syndrome	Maroteaux-Lamy syndrome	MONDO:0009661	1	TIMED_OUT	ICD10:E76.2	0	0	ORDO:583	1	skos:broadMatch	0
Marshall-Smith_Syndrome	Marshall-Smith Syndrome	MONDO:0011244	1	ALL_MAPPINGS_CONSISTENT	ICD10:Q87.3	0	0	ORDO:561	1	skos:broadMatch	0
McKusick-Kaufman_Syndrome	McKusick-Kaufman syndrome	MONDO:0009367	1	ALL_MAPPINGS_CONSISTENT	ICD10:Q87.8	0	0	ORDO:2473	1	skos:broadMatch	0
McLeod_Neuroacanthocytosis_Syndrome	McLeod Neuroacanthocytosis Syndrome	MONDO:0018945	1	ALL_MAPPINGS_CONSISTENT	ICD10:G10	0	0	ORDO:59306	1	skos:broadMatch	0
Meacham_syndrome	Meacham syndrome	MONDO:0012164	1	ALL_MAPPINGS_CONSISTENT	ICD10:Q87.8	0	0	ORDO:3097	1	skos:broadMatch	0
Meckel_Syndrome	Meckel Syndrome	MONDO:0018921	0	ALL_MAPPINGS_CONSISTENT		0	0	ORDO:564	1	skos:broadMatch	0
Mediator_Complex_Neurodevelopmental_Disorder	Mediator Complex Neurodevelopmental Disorder	MONDO:0002320	0	ALL_MAPPINGS_CONSISTENT		0	0		0		1
Meester-Loeys_Syndrome	Meester-Loeys Syndrome	MONDO:0010515	1	ALL_MAPPINGS_CONSISTENT		0	0		0		1
Meier-Gorlin_Syndrome	Meier-Gorlin syndrome	MONDO:0016817	1	TIMED_OUT	ICD10:Q87.1	0	0	ORDO:2554	1	skos:broadMatch	0
Mendelian_Susceptibility_To_Mycobacterial_Diseases_Due_To_Complete_IL12B_Deficiency	Mendelian Susceptibility To Mycobacterial Diseases Due To Complete IL12B Deficiency	MONDO:0013954	1	ALL_MAPPINGS_CONSISTENT	ICD10:D84.8	0	0	ORDO:319558	1	skos:broadMatch	0
Mendelian_Susceptibility_To_Mycobacterial_Diseases_Due_To_Partial_IRF8_Deficiency	Mendelian Susceptibility To Mycobacterial Diseases Due To Partial IRF8 Deficiency	MONDO:0013957	1	ALL_MAPPINGS_CONSISTENT	ICD10:D84.8	0	0	ORDO:319600	1	skos:broadMatch	0
Meningioma	Meningioma	MONDO:0016642	0	ALL_MAPPINGS_CONSISTENT		0	0	ORDO:2495	1	skos:broadMatch	0
Menkes_Disease	Menkes Disease	MONDO:0010651	0	ALL_MAPPINGS_CONSISTENT		1	0	ORDO:565	1	skos:broadMatch	0
Mesomelia-Synostoses_Syndrome	Mesomelia-Synostoses Syndrome	MONDO:0010881	1	ALL_MAPPINGS_CONSISTENT	ICD10:Q74.8	0	0	ORDO:2496	1	skos:broadMatch	0
Mesomelic_Dysplasia_Kantaputra_Type	Mesomelic Dysplasia, Kantaputra Type	MONDO:0007977	1	ALL_MAPPINGS_CONSISTENT	ICD10:Q78.8	0	0	ORDO:1836	1	skos:broadMatch	0
Mesomelic_Dysplasia_Savarirayan_Type	Mesomelic Dysplasia, Savarirayan Type	MONDO:0011530	1	ALL_MAPPINGS_CONSISTENT	ICD10:Q78.8	0	0	ORDO:85170	1	skos:broadMatch	0
Metabolic_Dysfunction-Associated_Steatotic_Liver_Disease	Metabolic Dysfunction-Associated Steatotic Liver Disease	MONDO:0013209	0	ALL_MAPPINGS_CONSISTENT	ICD10CM:K75.81	0	0		0		0
Metaphyseal_Anadysplasia	Metaphyseal anadysplasia	MONDO:0015177	1	TIMED_OUT	ICD10:Q78.5	0	0	ORDO:1040	1	skos:broadMatch	0
Metaphyseal_Chondrodysplasia_Jansen_Type	Metaphyseal Chondrodysplasia, Jansen Type	MONDO:0007982	1	TIMED_OUT	ICD10:Q78.5	0	0	ORDO:33067	1	skos:broadMatch	0
Metaphyseal_Chondrodysplasia_Schmid_Type	Metaphyseal Chondrodysplasia, Schmid Type	MONDO:0007983	1	ALL_MAPPINGS_CONSISTENT	ICD10:Q78.5	0	0	ORDO:174	1	skos:broadMatch	0
Metaphyseal_Dysplasia_Spahr_Type	Metaphyseal dysplasia, Spahr type	MONDO:0009597	1	ALL_MAPPINGS_CONSISTENT	ICD10:Q78.5	0	0	ORDO:2501	1	skos:broadMatch	0
Metaphyseal_Dysplasia_with_Maxillary_Hypoplasia_and_Brachydactyly	Metaphyseal dysplasia with maxillary hypoplasia and brachydactyly	MONDO:0007984	1	ALL_MAPPINGS_CONSISTENT	ICD10:Q77.8	0	0	ORDO:2504	1	skos:broadMatch	0
Metatropic_Dysplasia	Metatropic Dysplasia	MONDO:0007986	1	ALL_MAPPINGS_CONSISTENT	ICD10:Q77.8	0	0	ORDO:2635	1	skos:broadMatch	0
Methylcobalamin_Deficiency_Type_cblE	Methylcobalamin Deficiency Type cblE	MONDO:0009354	1	RETRACTED	ICD10:E72.1	0	0	ORDO:2169	1	skos:broadMatch	0
Methylcobalamin_Deficiency_Type_cblG	Methylcobalamin Deficiency Type cblG	MONDO:0009609	1	RETRACTED	ICD10:E72.1	0	0	ORDO:2170	1	skos:broadMatch	0
Methylmalonate_Semialdehyde_Dehydrogenase_Deficiency	Methylmalonate Semialdehyde Dehydrogenase Deficiency	MONDO:0013579	1	ALL_MAPPINGS_CONSISTENT	ICD10:E71.1	0	0	ORDO:289307	1	skos:broadMatch	0
Methylmalonic_Acidemia	Methylmalonic Acidemia	MONDO:0002012	1	ALL_MAPPINGS_CONSISTENT	ICD10CM:E71.120	0	2		0		0
Methylmalonic_Acidemia_With_Homocystinuria_Type_cblJ	Methylmalonic Acidemia With Homocystinuria, Type cblJ	MONDO:0013925	1	ALL_MAPPINGS_CONSISTENT	ICD10:E71.1	0	0	ORDO:369955	1	skos:broadMatch	0
Methylmalonic_Aciduria_and_Homocystinuria_cblL_Type	Methylmalonic Aciduria and Homocystinuria cblL Type	MONDO:0975798	1	ALL_MAPPINGS_CONSISTENT		0	0		0		1
Methylmalonic_Aciduria_cblA_Type	Methylmalonic Aciduria, cblA Type	MONDO:0009613	1	ALL_MAPPINGS_CONSISTENT	ICD10:E71.1	0	0	ORDO:79310	1	skos:broadMatch	0
Mevalonate_Kinase_Deficiency	Mevalonate Kinase Deficiency	MONDO:0017708	1	ALL_MAPPINGS_CONSISTENT	ICD10:E88.8	0	0	ORDO:309025	1	skos:broadMatch	0
Microcephalic_Osteodysplastic_Primordial_Dwarfism_Type_I	Microcephalic Osteodysplastic Primordial Dwarfism Type I	MONDO:0008871	1	ALL_MAPPINGS_CONSISTENT		0	0		0		1
Microcephalic_Osteodysplastic_Primordial_Dwarfism_Type_II	Microcephalic Osteodysplastic Primordial Dwarfism Type II	MONDO:0008872	1	ALL_MAPPINGS_CONSISTENT	ICD10:Q87.1	0	0	ORDO:2637	1	skos:broadMatch	0
Microcephaly-Capillary_Malformation_Syndrome	Microcephaly-Capillary Malformation Syndrome	MONDO:0013659	1	ALL_MAPPINGS_CONSISTENT	ICD10:Q87.8	0	0	ORDO:294016	1	skos:broadMatch	0
Microcephaly_Short_Stature_and_Impaired_Glucose_Metabolism_1	Microcephaly, Short Stature, and Impaired Glucose Metabolism 1	MONDO:0000208	1	ALL_MAPPINGS_CONSISTENT		0	0		0		1
Microcephaly_Short_Stature_and_Impaired_Glucose_Metabolism_2	Microcephaly, Short Stature, and Impaired Glucose Metabolism 2	MONDO:0014785	1	ALL_MAPPINGS_CONSISTENT		0	0		0		1
Microcytic_Anemia_With_Liver_Iron_Overload	Microcytic Anemia With Liver Iron Overload	MONDO:0008787	1	ALL_MAPPINGS_CONSISTENT	ICD10:D50.8	0	0	ORDO:83642	1	skos:broadMatch	0
Microphthalmia_with_Coloboma	Microphthalmia with Coloboma	MONDO:0000170	1	ALL_MAPPINGS_CONSISTENT	ICD10:Q11.2	0	0	ORDO:98938	1	skos:broadMatch	0
Microvillus_Inclusion_Disease	Microvillus Inclusion Disease	MONDO:0009635	1	ALL_MAPPINGS_CONSISTENT	ICD10:P78.3	0	0	ORDO:2290	1	skos:broadMatch	0
Miller-Dieker_Lissencephaly_Syndrome	Miller-Dieker Lissencephaly Syndrome	MONDO:0009532	1	ALL_MAPPINGS_CONSISTENT	ICD10:Q04.3	0	0	ORDO:531	1	skos:broadMatch	0
Mitochondrial_Complex_II_Deficiency_Nuclear_Type_1	Mitochondrial Complex II Deficiency, Nuclear Type 1	MONDO:0100294	1	ALL_MAPPINGS_CONSISTENT	ICD10:G71.3	0	0	ORDO:3208	1	skos:broadMatch	0
Mitochondrial_Complex_I_Deficiency_Nuclear_Type_1	Mitochondrial Complex I Deficiency, Nuclear Type 1	MONDO:0100224	1	ALL_MAPPINGS_CONSISTENT		0	0		0		1
Mitochondrial_Complex_I_Deficiency_Nuclear_Type_12	Mitochondrial Complex I Deficiency, Nuclear Type 12	MONDO:0026720	1	ALL_MAPPINGS_CONSISTENT		0	0		0		1
Mitochondrial_Complex_I_Deficiency_Nuclear_Type_14	Mitochondrial Complex I Deficiency, Nuclear Type 14	MONDO:0032619	1	ALL_MAPPINGS_CONSISTENT		0	0		0		1
Mitochondrial_Complex_I_Deficiency_Nuclear_Type_2	Mitochondrial Complex I Deficiency, Nuclear Type 2	MONDO:0032606	1	ALL_MAPPINGS_CONSISTENT		0	0		0		1
Mitochondrial_Complex_I_Deficiency_Nuclear_Type_21	Mitochondrial Complex I Deficiency Nuclear Type 21	MONDO:0032625	1	ALL_MAPPINGS_CONSISTENT		0	0		0		1
Mitochondrial_Complex_I_Deficiency_Nuclear_Type_23	Mitochondrial Complex I Deficiency Nuclear Type 23	MONDO:0032627	1	ALL_MAPPINGS_CONSISTENT		0	0		0		1
Mitochondrial_Complex_I_Deficiency_Nuclear_Type_24	Mitochondrial Complex I Deficiency, Nuclear Type 24	MONDO:0032628	1	ALL_MAPPINGS_CONSISTENT		0	0		0		1
Mitochondrial_Complex_I_Deficiency_Nuclear_Type_3	Mitochondrial Complex I Deficiency Nuclear Type 3	MONDO:0032608	1	ALL_MAPPINGS_CONSISTENT		0	0		0		1
Mitochondrial_Complex_I_Deficiency_Nuclear_Type_31	Mitochondrial Complex I Deficiency Nuclear Type 31	MONDO:0032634	1	ALL_MAPPINGS_CONSISTENT		0	0		0		1
Mitochondrial_Complex_I_Deficiency_Nuclear_Type_34	Mitochondrial Complex I Deficiency, Nuclear Type 34	MONDO:0032910	1	ALL_MAPPINGS_CONSISTENT		0	0		0		1
Mitochondrial_Complex_I_Deficiency_Nuclear_Type_36	Mitochondrial Complex I Deficiency, Nuclear Type 36	MONDO:0030902	1	ALL_MAPPINGS_CONSISTENT		0	0		0		1
Mitochondrial_Complex_I_Deficiency_Nuclear_Type_39	Mitochondrial Complex I Deficiency, Nuclear Type 39	MONDO:0859320	1	ALL_MAPPINGS_CONSISTENT		0	0		0		1
Mitochondrial_Complex_I_Deficiency_Nuclear_Type_6	Mitochondrial Complex I Deficiency, Nuclear Type 6	MONDO:0032611	1	ALL_MAPPINGS_CONSISTENT		0	0		0		1
Mitochondrial_Complex_V_ATP_Synthase_Deficiency_Nuclear_Type_3	Mitochondrial Complex V (ATP Synthase) Deficiency, Nuclear Type 3	MONDO:0013547	1	ALL_MAPPINGS_CONSISTENT		0	0		0		1
Mitochondrial_DNA_Depletion_Syndrome_14B	Mitochondrial DNA Depletion Syndrome 14B (Cardioencephalomyopathic Type)	MONDO:0014820	1	ALL_MAPPINGS_CONSISTENT		0	0		0		1
Mitochondrial_DNA_Depletion_Syndrome_7	Mitochondrial DNA Depletion Syndrome 7	MONDO:0010060	1	ALL_MAPPINGS_CONSISTENT	ICD10:G11.1	0	0	ORDO:1186	1	skos:broadMatch	0
Mitochondrial_Neurogastrointestinal_Encephalomyopathy	Mitochondrial Neurogastrointestinal Encephalomyopathy	MONDO:0017575	1	ALL_MAPPINGS_CONSISTENT	ICD10:G71.3	0	0	ORDO:298	1	skos:broadMatch	0
Mitochondrial_Trifunctional_Protein_Deficiency	Mitochondrial Trifunctional Protein Deficiency	MONDO:0012172	1	ALL_MAPPINGS_CONSISTENT	ICD10:G71.3	0	0	ORDO:746	1	skos:broadMatch	0
Mixed_Germ_Cell_Tumor	Mixed Germ Cell Tumor	MONDO:0015864	0	ALL_MAPPINGS_CONSISTENT		0	0	ORDO:180234	1	skos:broadMatch	0
Mixed_Neuronal-Glial_Tumor	Mixed Neuronal-Glial Tumor	MONDO:0016729	0	ALL_MAPPINGS_CONSISTENT		0	0	ORDO:251934	0		1
Mixed_Phenotype_Acute_Leukemia	Mixed Phenotype Acute Leukemia	MONDO:0020743	0	ALL_MAPPINGS_CONSISTENT		0	0	ORDO:530995	1	skos:broadMatch	0
Molybdenum_Cofactor_Deficiency_Type_A	Molybdenum Cofactor Deficiency Type A	MONDO:0009643	1	ALL_MAPPINGS_CONSISTENT	ICD10:E72.1	0	0	ORDO:308386	1	skos:broadMatch	0
Morquio_syndrome	Morquio syndrome	MONDO:0018938	1	TIMED_OUT	ICD10:E76.2|ICD10CM:E76.210|ICD10CM:E76.211	0	0	ORDO:582	1	skos:broadMatch	0
Mosaic_Variegated_Aneuploidy_Syndrome	Mosaic Variegated Aneuploidy Syndrome	MONDO:0000141	1	ALL_MAPPINGS_CONSISTENT	ICD10:Q99.8	0	0	ORDO:1052	1	skos:broadMatch	0
Mowat-Wilson_syndrome	Mowat-Wilson syndrome	MONDO:0009341	1	TIMED_OUT	ICD10:Q43.1	0	0	ORDO:2152	1	skos:broadMatch	0
Muckle-Wells_Syndrome	Muckle-Wells Syndrome	MONDO:0008633	1	ALL_MAPPINGS_CONSISTENT	ICD10:E85.0	0	0	ORDO:575	1	skos:broadMatch	0
Mucolipidosis_Type_II	Mucolipidosis Type II	MONDO:0009650	1	ALL_MAPPINGS_CONSISTENT	ICD10:E77.0	0	0	ORDO:576	1	skos:broadMatch	0
Mucolipidosis_Type_III_Alpha_Beta	Mucolipidosis Type III Alpha/Beta	MONDO:0018931	1	RETRACTED	ICD10:E77.0	0	0	ORDO:423461|ORDO:577	2	skos:broadMatch	0
Mucolipidosis_Type_IV	Mucolipidosis Type IV	MONDO:0009653	1	ALL_MAPPINGS_CONSISTENT	ICD10:E75.1|ICD10CM:E75.11	0	2	ORDO:578	1	skos:broadMatch	0
Mucopolysaccharidosis	Mucopolysaccharidosis	MONDO:0019249	1	ALL_MAPPINGS_CONSISTENT		0	0	ORDO:79213	0		1
Mucopolysaccharidosis-Plus_Syndrome	Mucopolysaccharidosis-Plus Syndrome	MONDO:0015012	1	ALL_MAPPINGS_CONSISTENT	ICD10:Q87.8	0	0	ORDO:505248	1	skos:broadMatch	0
Mucopolysaccharidosis_type_IX	Mucopolysaccharidosis type IX	MONDO:0011093	1	TIMED_OUT	ICD10:E76.2	0	0	ORDO:67041	1	skos:broadMatch	0
Mucopolysaccharidosis_type_X	Mucopolysaccharidosis type X	MONDO:0030524	1	ALL_MAPPINGS_CONSISTENT	ICD10:E76.2	0	0	ORDO:662216	1	skos:broadMatch	0
Muenke_Syndrome	Muenke Syndrome	MONDO:0011274	1	TIMED_OUT	ICD10:Q87.0	0	0	ORDO:53271	1	skos:broadMatch	0
Muggenthaler-Chowdhury-Chioza_Syndrome	Muggenthaler-Chowdhury-Chioza Syndrome	MONDO:0976127	1	ALL_MAPPINGS_CONSISTENT	ICD10:Q87.8	0	0	ORDO:508476	1	skos:broadMatch	0
Mullegama-Klein-Martinez_Syndrome	Mullegama-Klein-Martinez Syndrome	MONDO:0026722	1	ALL_MAPPINGS_CONSISTENT		0	0		0		1
Multiminicore_Disease	Multiminicore Disease	MONDO:0018948	1	ALL_MAPPINGS_CONSISTENT	ICD10:G71.2	0	0	ORDO:598	1	skos:broadMatch	0
Multiple_Acyl-CoA_Dehydrogenase_Deficiency	Multiple Acyl-CoA Dehydrogenase Deficiency	MONDO:0009282	1	TIMED_OUT	ICD10:E71.3|ICD10CM:E71.313	0	2	ORDO:26791	1	skos:broadMatch	0
Multiple_Congenital_Anomalies-Hypotonia-Seizures_Syndrome	Multiple Congenital Anomalies-Hypotonia-Seizures Syndrome	MONDO:0100247	1	TIMED_OUT	ICD10:Q87.8	0	0		0		0
Multiple_Endocrine_Neoplasia_Type_1	Multiple Endocrine Neoplasia Type 1	MONDO:0007540	1	TIMED_OUT	ICD10:D44.8|ICD10CM:E31.21	0	2	ORDO:652	1	skos:broadMatch	0
Multiple_Epiphyseal_Dysplasia	Multiple Epiphyseal Dysplasia	MONDO:0016648	1	TIMED_OUT	ICD10:Q77.3	0	0	ORDO:251	0		0
Multiple_Epiphyseal_Dysplasia_Al-Gazali_Type	Multiple Epiphyseal Dysplasia, Al-Gazali Type	MONDO:0011778	1	ALL_MAPPINGS_CONSISTENT	ICD10:Q77.3	0	0	ORDO:166024	1	skos:broadMatch	0
Multiple_Epiphyseal_Dysplasia_Beighton_Type	Multiple Epiphyseal Dysplasia, Beighton Type	MONDO:0007562	1	ALL_MAPPINGS_CONSISTENT		0	0		0		1
Multiple_Synostoses_Syndrome	Multiple Synostoses Syndrome	MONDO:0017923	1	ALL_MAPPINGS_CONSISTENT	ICD10:Q78.8	0	0	ORDO:3237	1	skos:broadMatch	0
Multisystemic_Smooth_Muscle_Dysfunction_Syndrome	Multisystemic smooth muscle dysfunction syndrome	MONDO:0013452	1	ALL_MAPPINGS_CONSISTENT	ICD10:I73.8	0	0	ORDO:404463	1	skos:broadMatch	0
Muscular_Dystrophy_Limb-girdle_Autosomal_Recessive_28	Muscular Dystrophy, Limb-Girdle, Autosomal Recessive 28	MONDO:0957270	1	ALL_MAPPINGS_CONSISTENT	ICD10:G71.0	0	0	ORDO:653725	1	skos:broadMatch	0
Musculocontractural_Ehlers-Danlos_Syndrome	Musculocontractural Ehlers-Danlos Syndrome	MONDO:0011142	1	TIMED_OUT	ICD10:Q79.6	0	0	ORDO:2953	1	skos:broadMatch	0
Mycetoma	Mycetoma	MONDO:0016823	0	ALL_MAPPINGS_CONSISTENT	ICD10CM:B47|ICD10CM:B47.0	0	2	ORDO:2583	3	skos:narrowMatch	0
Mycosis_Fungoides	Mycosis Fungoides	MONDO:0009691	0	ALL_MAPPINGS_CONSISTENT	ICD10CM:C84.0	0	2	ORDO:2584	1	skos:broadMatch	0
Myhre_Syndrome	Myhre Syndrome	MONDO:0007688	1	ALL_MAPPINGS_CONSISTENT	ICD10:Q87.8	0	0	ORDO:2588	1	skos:broadMatch	0
Myiasis	Myiasis	MONDO:0019147	0	RETRACTED	ICD10CM:B87|ICD10CM:B87.1	0	2	ORDO:75110	1	skos:exactMatch	0
Myocarditis	Myocarditis	MONDO:0004496	0	ALL_MAPPINGS_CONSISTENT	ICD10CM:B33.22|ICD10CM:I40	0	2		0		0
Myoclonus_Dystonia_Syndrome	Myoclonus-Dystonia Syndrome	MONDO:0000903	0	ALL_MAPPINGS_CONSISTENT		0	0	ORDO:36899	1	skos:broadMatch	0
Myofibrillar_Myopathy	Myofibrillar Myopathy	MONDO:0018943	1	TIMED_OUT	ICD10:G71.0|ICD10:G71.8	0	0	ORDO:593	0		0
Myopathy_Lactic_Acidosis_and_Sideroblastic_Anemia	Myopathy, Lactic Acidosis, and Sideroblastic Anemia	MONDO:0000863	1	TIMED_OUT	ICD10:G71.3	0	0	ORDO:2598	1	skos:broadMatch	0
Myotonic_Dystrophy_Type_1	Myotonic Dystrophy Type 1	MONDO:0008056	1	ALL_MAPPINGS_CONSISTENT	ICD10:G71.1	0	0	ORDO:273	1	skos:broadMatch	0
N-Acetylglutamate_Synthase_Deficiency	N-Acetylglutamate Synthase Deficiency	MONDO:0009377	1	ALL_MAPPINGS_CONSISTENT	ICD10:E72.2	0	0	ORDO:927	1	skos:broadMatch	0
NAD_P_HX_Dehydratase_Deficiency	NAD(P)HX Dehydratase Deficiency	MONDO:0034121	1	ALL_MAPPINGS_CONSISTENT	ICD10:E88.8	0	0	ORDO:555402	1	skos:broadMatch	0
NAGA_Deficiency_Type_3	NAGA Deficiency Type 3	MONDO:0019264	1	ALL_MAPPINGS_CONSISTENT	ICD10:E77.1	0	0	ORDO:79281	1	skos:broadMatch	0
NARP_syndrome	NARP syndrome	MONDO:0010794	1	ALL_MAPPINGS_CONSISTENT	ICD10:E88.8	0	0	ORDO:644	1	skos:broadMatch	0
NDP_Related_Vitreoretinopathy	NDP-Related Vitreoretinopathy	MONDO:0700377	1	TIMED_OUT	ICD10:H35.5	0	0		0		0
NELABA	Neonatal Severe Encephalopathy with Lactic Acidosis and Brain Abnormalities	MONDO:0060562	1	ALL_MAPPINGS_CONSISTENT	ICD10:E88.8	0	0	ORDO:447795	1	skos:broadMatch	0
NEUROD2-Related_Developmental_and_Epileptic_Encephalopathy	NEUROD2-Related Developmental and Epileptic Encephalopathy	MONDO:0032710	1	ALL_MAPPINGS_CONSISTENT		0	0		0		1
NGLY1-congenital_disorder_of_deglycosylation	NGLY1-congenital disorder of deglycosylation	MONDO:0800044	1	ALL_MAPPINGS_CONSISTENT	ICD10:E77.8	0	0	ORDO:404454	1	skos:broadMatch	0
NR5A1_Related_Sex_Development_Disorder	NR5A1-related sex development disorder	MONDO:1060211	1	ALL_MAPPINGS_CONSISTENT		0	0		0		1
NUP62-Related_Infantile_Bilateral_Striatal_Necrosis	NUP62-Related Infantile Bilateral Striatal Necrosis	MONDO:0015518	1	ALL_MAPPINGS_CONSISTENT		0	0	ORDO:1576	0		1
Nail-patella_Syndrome	Nail-patella Syndrome	MONDO:0008061	1	TIMED_OUT	ICD10:Q87.2	0	0	ORDO:2614	1	skos:broadMatch	0
Nasu-Hakola_Disease	Nasu-Hakola Disease	MONDO:0009092	1	TIMED_OUT	ICD10:G31.8	0	0	ORDO:2770	1	skos:broadMatch	0
Naxos_disease	Naxos disease	MONDO:0011017	1	ALL_MAPPINGS_CONSISTENT	ICD10:Q87.8	0	0	ORDO:34217	1	skos:broadMatch	0
Nemaline_Myopathy	Nemaline Myopathy	MONDO:0018958	1	TIMED_OUT	ICD10:G71.2|ICD10CM:G71.21	0	2	ORDO:607	0		0
Neonatal_Epileptic_Encephalopathy_Due_to_Glutaminase_Deficiency	Neonatal Epileptic Encephalopathy Due to Glutaminase Deficiency	MONDO:0032678	1	ALL_MAPPINGS_CONSISTENT	ICD10:E88.8	0	0	ORDO:557064	1	skos:broadMatch	0
Nephronophthisis	Nephronophthisis	MONDO:0019005	0	ALL_MAPPINGS_CONSISTENT		0	0	ORDO:655	1	skos:broadMatch	0
Nestor-Guillermo_progeria_syndrome	Nestor-Guillermo progeria syndrome	MONDO:0013523	1	ALL_MAPPINGS_CONSISTENT	ICD10:E34.8	0	0	ORDO:280576	1	skos:broadMatch	0
Netherton_Syndrome	Netherton syndrome	MONDO:0009735	1	TIMED_OUT	ICD10:Q80.8	0	0	ORDO:634	1	skos:broadMatch	0
Neurodegeneration_Childhood-onset_With_Cerebellar_Atrophy	Neurodegeneration Childhood-onset With Cerebellar Atrophy	MONDO:0032650	1	ALL_MAPPINGS_CONSISTENT		0	0		0		1
Neurodegeneration_With_Brain_Iron_Accumulation	Neurodegeneration With Brain Iron Accumulation	MONDO:0018307	0	ALL_MAPPINGS_CONSISTENT	ICD10CM:G23.0	0	0	ORDO:385	0		0
Neurodevelopmental_Disorder_With_Absent_Speech_And_Movement_And_Behavioral_Abnormalities	Neurodevelopmental Disorder With Absent Speech and Movement and Behavioral Abnormalities	MONDO:0859519	1	ALL_MAPPINGS_CONSISTENT		0	0		0		1
Neurodevelopmental_Disorder_With_Dysmorphic_Facies_Sleep_Disturbance_And_Brain_Abnormalities	Neurodevelopmental Disorder With Dysmorphic Facies, Sleep Disturbance, and Brain Abnormalities	MONDO:0030852	1	ALL_MAPPINGS_CONSISTENT		0	0		0		1
Neurodevelopmental_Disorder_With_or_Without_Autism_or_Seizures	Neurodevelopmental Disorder With or Without Autism or Seizures	MONDO:0030994	1	ALL_MAPPINGS_CONSISTENT		0	0		0		1
Neurodevelopmental_Disorder_with_Central_Hypotonia_and_Dysmorphic_Facies	Neurodevelopmental Disorder with Central Hypotonia and Dysmorphic Facies	MONDO:0859232	1	ALL_MAPPINGS_CONSISTENT		0	0		0		1
Neurodevelopmental_Disorder_with_Dysmorphic_Facies_and_Distal_Skeletal_Anomalies	Neurodevelopmental Disorder with Dysmorphic Facies and Distal Skeletal Anomalies	MONDO:0032855	1	ALL_MAPPINGS_CONSISTENT		0	0		0		1
Neurodevelopmental_Disorder_with_Early-Onset_Parkinsonism_and_Behavioral_Abnormalities	Neurodevelopmental Disorder with Early-Onset Parkinsonism and Behavioral Abnormalities	MONDO:0958323	1	ALL_MAPPINGS_CONSISTENT		0	0		0		1
Neurodevelopmental_Disorder_with_Epilepsy_Spasticity_and_Brain_Atrophy	Neurodevelopmental Disorder with Epilepsy, Spasticity, and Brain Atrophy	MONDO:0032894	1	ALL_MAPPINGS_CONSISTENT		0	0		0		1
Neurodevelopmental_Disorder_with_Hearing_Loss_and_Spasticity	Neurodevelopmental Disorder with Hearing Loss and Spasticity	MONDO:0859206	1	ALL_MAPPINGS_CONSISTENT	ICD10:H91.8	0	0	ORDO:659975	1	skos:broadMatch	0
Neurodevelopmental_Disorder_with_Hypotonia_Feeding_Difficulties_Facial_Dysmorphism_and_Brain_Abnormalities	Neurodevelopmental Disorder with Hypotonia, Feeding Difficulties, Facial Dysmorphism, and Brain Abnormalities	MONDO:0971043	1	ALL_MAPPINGS_CONSISTENT		0	0		0		1
Neurodevelopmental_Disorder_with_Hypotonia_and_Speech_Delay	Neurodevelopmental Disorder with Hypotonia and Speech Delay, With or Without Seizures	MONDO:0957541	1	ALL_MAPPINGS_CONSISTENT		0	0		0		1
Neurodevelopmental_Disorder_with_Microcephaly_Hypotonia_and_Absent_Language	Neurodevelopmental Disorder with Microcephaly, Hypotonia, and Absent Language	MONDO:0859287	1	ALL_MAPPINGS_CONSISTENT		0	0		0		1
Neurodevelopmental_Disorder_with_Microcephaly_Impaired_Language_and_Gait_Abnormalities	Neurodevelopmental Disorder with Microcephaly, Impaired Language, and Gait Abnormalities	MONDO:0100348	1	ALL_MAPPINGS_CONSISTENT		0	0		0		1
Neurodevelopmental_Disorder_with_Microcephaly_Movement_Abnormalities_and_Seizures	Neurodevelopmental Disorder with Microcephaly, Movement Abnormalities, and Seizures	MONDO:0859282	1	ALL_MAPPINGS_CONSISTENT		0	0		0		1
Neurodevelopmental_Disorder_with_Microcephaly_Seizures_and_Cortical_Atrophy	Neurodevelopmental Disorder with Microcephaly, Seizures, and Cortical Atrophy	MONDO:0060621	1	ALL_MAPPINGS_CONSISTENT		0	0		0		1
Neurodevelopmental_Disorder_with_Neuromuscular_and_Skeletal_Abnormalities	Neurodevelopmental Disorder with Neuromuscular and Skeletal Abnormalities	MONDO:0859236	1	ALL_MAPPINGS_CONSISTENT		0	0		0		1
Neurodevelopmental_Disorder_with_Severe_Motor_Impairment_and_Absent_Language	Neurodevelopmental Disorder with Severe Motor Impairment and Absent Language	MONDO:0060622	1	ALL_MAPPINGS_CONSISTENT	ICD10:G11.8	0	0	ORDO:647788	1	skos:broadMatch	0
Neurodevelopmental_Disorder_with_or_without_Anomalies_of_the_Brain_Eye_or_Heart	Neurodevelopmental Disorder with or without Anomalies of the Brain, Eye, or Heart	MONDO:0014857	1	ALL_MAPPINGS_CONSISTENT	ICD10:Q87.8	0	0	ORDO:494344	1	skos:broadMatch	0
Neurofibromatosis	Neurofibromatosis	MONDO:0021061	0	ALL_MAPPINGS_CONSISTENT	ICD10CM:Q85.0|ICD10CM:Q85.01|ICD10CM:Q85.02|ICD10CM:Q85.03	0	2		0		0
Neuronal_Ceroid_Lipofuscinosis_1	Neuronal Ceroid Lipofuscinosis 1	MONDO:0009744	1	ALL_MAPPINGS_CONSISTENT		0	0	ORDO:228329	0		1
Neuronal_Ceroid_Lipofuscinosis_2	Neuronal Ceroid Lipofuscinosis 2	MONDO:0008769	1	ALL_MAPPINGS_CONSISTENT		0	0	ORDO:228349	0		1
Neuronal_Ceroid_Lipofuscinosis_3	Neuronal Ceroid Lipofuscinosis 3	MONDO:0008767	1	ALL_MAPPINGS_CONSISTENT		0	0	ORDO:228346	0		1
Neuronal_Ceroid_Lipofuscinosis_7	Neuronal Ceroid Lipofuscinosis 7	MONDO:0012588	1	ALL_MAPPINGS_CONSISTENT		0	0	ORDO:228366	0		1
Neuronal_Intranuclear_Inclusion_Disease	Neuronal Intranuclear Inclusion Disease	MONDO:0011327	1	TIMED_OUT	ICD10:G31.0	0	0	ORDO:2289	1	skos:broadMatch	0
Neurooculorenal_Syndrome	Neurooculorenal Syndrome	MONDO:0957210	1	ALL_MAPPINGS_CONSISTENT		0	0		0		1
Neuropathy_Hereditary_Motor_And_Sensory_Type_VIc_With_Optic_Atrophy	Neuropathy Hereditary Motor And Sensory Type VIc With Optic Atrophy	MONDO:0032792	1	ALL_MAPPINGS_CONSISTENT		0	0		0		1
Neutral_Lipid_Storage_Myopathy	Neutral Lipid Storage Myopathy	MONDO:0012545	1	ALL_MAPPINGS_CONSISTENT	ICD10:E75.5	0	0	ORDO:98908	1	skos:broadMatch	0
Neutrophil_Immunodeficiency_Syndrome	Neutrophil Immunodeficiency Syndrome	MONDO:0011988	1	ALL_MAPPINGS_CONSISTENT	ICD10:D71	0	0	ORDO:183707	1	skos:broadMatch	0
Nicolaides-Baraitser_Syndrome	Nicolaides-Baraitser Syndrome	MONDO:0011053	1	ALL_MAPPINGS_CONSISTENT	ICD10:Q87.1	0	0	ORDO:3051	1	skos:broadMatch	0
Niemann-Pick_Disease_Type_A	Niemann-Pick Disease Type A	MONDO:0009756	1	TIMED_OUT	ICD10:E75.2|ICD10CM:E75.240	0	2	ORDO:77292	1	skos:broadMatch	0
Niemann-Pick_Disease_Type_B	Niemann-Pick Disease Type B	MONDO:0011871	1	TIMED_OUT	ICD10:E75.2|ICD10CM:E75.241	0	2	ORDO:77293	1	skos:broadMatch	0
Niemann-Pick_Disease_Type_E	Niemann-Pick Disease Type E	MONDO:0020384	1	ALL_MAPPINGS_CONSISTENT		0	0		0		1
Niemann_Pick_Disease_Type_C	Niemann-Pick Disease Type C	MONDO:0018982	0	ALL_MAPPINGS_CONSISTENT	ICD10CM:E75.242	0	2	ORDO:646	1	skos:broadMatch	0
Nijmegen_Breakage_Syndrome-like_Disorder	Nijmegen Breakage Syndrome-like Disorder	MONDO:0013118	1	ALL_MAPPINGS_CONSISTENT	ICD10:Q87.8	0	0	ORDO:240760	1	skos:broadMatch	0
Nijmegen_breakage_syndrome	Nijmegen breakage syndrome	MONDO:0009623	1	TIMED_OUT	ICD10:Q87.8	0	0	ORDO:647	1	skos:broadMatch	0
Nizon-Isidor_Syndrome	Nizon-Isidor Syndrome	MONDO:0030030	1	ALL_MAPPINGS_CONSISTENT		0	0		0		1
Non-Syndromic_X-Linked_Intellectual_Disability	Non-Syndromic X-Linked Intellectual Disability	MONDO:0019181	0	ALL_MAPPINGS_CONSISTENT		0	0	ORDO:777	4	skos:narrowMatch	0
Nonketotic_Hyperglycinemia	Nonketotic Hyperglycinemia	MONDO:0011612	1	ALL_MAPPINGS_CONSISTENT	ICD10:E72.5	0	0	ORDO:407	1	skos:broadMatch	0
Noonan_Syndrome	Noonan Syndrome	MONDO:0018997	0	ALL_MAPPINGS_CONSISTENT		1	0	ORDO:648	1	skos:broadMatch	0
Noonan_Syndrome-like_Disorder_with_Loose_Anagen_Hair	Noonan Syndrome-like Disorder with Loose Anagen Hair	MONDO:0011899	0	ALL_MAPPINGS_CONSISTENT		0	0	ORDO:2701	1	skos:broadMatch	0
Noonan_Syndrome_6	Noonan Syndrome 6	MONDO:0013186	1	ALL_MAPPINGS_CONSISTENT		0	0		0		1
Noonan_Syndrome_with_Multiple_Lentigines	Noonan Syndrome with Multiple Lentigines	MONDO:0007893	0	ALL_MAPPINGS_CONSISTENT		0	0	ORDO:500	1	skos:broadMatch	0
North_Carolina_Macular_Dystrophy	North Carolina Macular Dystrophy	MONDO:0007630	1	ALL_MAPPINGS_CONSISTENT	ICD10:H35.5	0	0	ORDO:75327	1	skos:broadMatch	0
Northern_Epilepsy	Northern Epilepsy	MONDO:0012391	1	RETRACTED	ICD10:E75.4|ICD10:G31.8	0	2	ORDO:1947|ORDO:530298	2	skos:broadMatch	0
OPTN-related_Open_Angle_Glaucoma	OPTN-related Open Angle Glaucoma	MONDO:0100553	1	ALL_MAPPINGS_CONSISTENT		0	0		0		1
ORAI1_Deficiency	ORAI1 Deficiency	MONDO:0013007	1	ALL_MAPPINGS_CONSISTENT	ICD10:D81.8	0	0	ORDO:317428	1	skos:broadMatch	0
OTUD6B-Related_Neurodevelopmental_Disorder	OTUD6B-Related Neurodevelopmental Disorder	MONDO:0044319	1	ALL_MAPPINGS_CONSISTENT	ICD10:Q87.8	0	0	ORDO:505237	1	skos:broadMatch	0
Ochoa_Syndrome	Ochoa syndrome	MONDO:0000463	1	ALL_MAPPINGS_CONSISTENT	ICD10:N31.8	0	0	ORDO:2704	1	skos:broadMatch	0
Ocular_Melanoma	Ocular Melanoma	MONDO:0006325	0	ALL_MAPPINGS_CONSISTENT		0	0		0		1
Oculocerebrodental_Syndrome	Oculocerebrodental Syndrome	MONDO:0034145	1	ALL_MAPPINGS_CONSISTENT	ICD10:Q87.8	0	0	ORDO:557003	1	skos:broadMatch	0
Oculocutaneous_Albinism	Oculocutaneous Albinism	MONDO:0018910	1	TIMED_OUT	ICD10:E70.3|ICD10CM:E70.32	0	2	ORDO:55	0		0
Oculodentodigital_Dysplasia	Oculodentodigital Dysplasia	MONDO:0008111	1	ALL_MAPPINGS_CONSISTENT	ICD10:Q87.8	0	0	ORDO:2710	1	skos:broadMatch	0
Oculofaciocardiodental_Syndrome	Oculofaciocardiodental Syndrome	MONDO:0010261	1	ALL_MAPPINGS_CONSISTENT	ICD10:Q87.8	0	0	ORDO:2712	1	skos:broadMatch	0
Oculogastrointestinal-Neurodevelopmental_Syndrome	Oculogastrointestinal-neurodevelopmental syndrome	MONDO:0036189	1	ALL_MAPPINGS_CONSISTENT	ICD10:Q87.8	0	0	ORDO:611201	1	skos:broadMatch	0
Oculopharyngodistal_Myopathy	Oculopharyngodistal Myopathy	MONDO:0025193	1	ALL_MAPPINGS_CONSISTENT	ICD10:G71.0	0	0	ORDO:98897	1	skos:broadMatch	0
Odonto-Onycho-Dermal_Dysplasia	Odonto-Onycho-Dermal Dysplasia	MONDO:0009773	1	TIMED_OUT	ICD10:Q82.4|ICD10:Q82.8	0	0	ORDO:2721	1	skos:broadMatch	0
Odontochondrodysplasia	Odontochondrodysplasia	MONDO:0100325	1	ALL_MAPPINGS_CONSISTENT	ICD10:Q78.8	0	0	ORDO:166272	1	skos:broadMatch	0
Ogden_syndrome	Ogden syndrome	MONDO:0010457	1	ALL_MAPPINGS_CONSISTENT	ICD10:E34.8	0	0	ORDO:276432	1	skos:broadMatch	0
Okur_Chung_neurodevelopmental_syndrome	Okur-Chung Neurodevelopmental Syndrome	MONDO:0014893	1	ALL_MAPPINGS_CONSISTENT		0	0	ORDO:689422	0		1
Omodysplasia	Omodysplasia	MONDO:0017136	1	TIMED_OUT	ICD10:Q78.8	0	0	ORDO:2733	1	skos:broadMatch	0
Opitz_GBBB_Syndrome	Opitz G/BBB syndrome	MONDO:0017138	1	ALL_MAPPINGS_CONSISTENT	ICD10:Q87.8	0	0	ORDO:2745	1	skos:broadMatch	0
Opsismodysplasia	Opsismodysplasia	MONDO:0009785	1	ALL_MAPPINGS_CONSISTENT	ICD10:Q78.8	0	0	ORDO:2746	1	skos:broadMatch	0
Optic_Atrophy_13_With_Retinal_And_Foveal_Abnormalities	Optic Atrophy 13 With Retinal and Foveal Abnormalities	MONDO:0008135	1	ALL_MAPPINGS_CONSISTENT		0	0		0		1
Optic_Atrophy_14	Optic Atrophy 14	MONDO:0957824	1	ALL_MAPPINGS_CONSISTENT		0	0		0		1
Optic_Atrophy_3	Optic Atrophy 3	MONDO:0008133	1	ALL_MAPPINGS_CONSISTENT	ICD10:H47.2	0	0	ORDO:67036	1	skos:broadMatch	0
Optic_Neuritis	Optic Neuritis	MONDO:0005885	0	ALL_MAPPINGS_CONSISTENT	ICD10CM:H46	0	2		0		0
Ornithine_Carbamoyltransferase_Deficiency	Ornithine Carbamoyltransferase Deficiency	MONDO:0010703	1	TIMED_OUT	ICD10:E72.4	0	0	ORDO:664	1	skos:broadMatch	0
Orofaciodigital_Syndrome	Orofaciodigital Syndrome	MONDO:0015375	1	TIMED_OUT	ICD10:Q04.3|ICD10:Q87.0	0	0	ORDO:140997	0		0
Orofaciodigital_Syndrome_17	Orofaciodigital Syndrome 17	MONDO:0033375	1	ALL_MAPPINGS_CONSISTENT		0	0		0		1
Orofaciodigital_Syndrome_Type_I	Orofaciodigital Syndrome Type I	MONDO:0010702	1	ALL_MAPPINGS_CONSISTENT	ICD10:Q87.0	0	0	ORDO:2750	1	skos:broadMatch	0
Osteochondrosis	Osteochondrosis	MONDO:0018381	0	ALL_MAPPINGS_CONSISTENT	ICD10CM:M42|ICD10CM:M92.52|ICD10CM:M93.2	0	2	ORDO:399319	0		0
Osteogenesis_Imperfecta_Type_I	Osteogenesis Imperfecta Type I	MONDO:0008146	1	ALL_MAPPINGS_CONSISTENT	ICD10:Q78.0	0	0	ORDO:216796	1	skos:broadMatch	0
Osteogenesis_Imperfecta_Type_II	Osteogenesis Imperfecta Type II	MONDO:0008147	1	TIMED_OUT	ICD10:Q78.0	0	0	ORDO:216804	1	skos:broadMatch	0
Osteogenesis_Imperfecta_Type_III	Osteogenesis Imperfecta Type III	MONDO:0009804	1	TIMED_OUT	ICD10:Q78.0	0	0	ORDO:216812	1	skos:broadMatch	0
Osteogenesis_Imperfecta_Type_IV	Osteogenesis Imperfecta Type IV	MONDO:0008148	1	TIMED_OUT	ICD10:Q78.0	0	0	ORDO:216820	1	skos:broadMatch	0
Osteogenesis_Imperfecta_Type_IX	Osteogenesis Imperfecta Type IX	MONDO:0009805	1	ALL_MAPPINGS_CONSISTENT		0	0		0		1
Osteogenesis_Imperfecta_Type_V	Osteogenesis Imperfecta Type V	MONDO:0012591	1	ALL_MAPPINGS_CONSISTENT	ICD10:Q78.0	0	0	ORDO:216828	1	skos:broadMatch	0
Osteogenesis_Imperfecta_Type_VI	Osteogenesis Imperfecta Type VI	MONDO:0013515	1	ALL_MAPPINGS_CONSISTENT		0	0		0		1
Osteogenesis_Imperfecta_Type_VII	Osteogenesis Imperfecta Type VII	MONDO:0012536	1	ALL_MAPPINGS_CONSISTENT		0	0		0		1
Osteogenesis_Imperfecta_Type_VIII	Osteogenesis Imperfecta Type VIII	MONDO:0012581	1	ALL_MAPPINGS_CONSISTENT		0	0		0		1
Osteogenesis_Imperfecta_Type_X	Osteogenesis Imperfecta Type X	MONDO:0013459	1	ALL_MAPPINGS_CONSISTENT		0	0		0		1
Osteogenesis_Imperfecta_Type_XI	Osteogenesis Imperfecta Type XI	MONDO:0012592	1	ALL_MAPPINGS_CONSISTENT		0	0		0		1
Osteogenesis_Imperfecta_Type_XII	Osteogenesis Imperfecta Type XII	MONDO:0013460	1	ALL_MAPPINGS_CONSISTENT		0	0		0		1
Osteogenesis_Imperfecta_Type_XIII	Osteogenesis Imperfecta Type XIII	MONDO:0013924	1	ALL_MAPPINGS_CONSISTENT		0	0		0		1
Osteogenesis_Imperfecta_Type_XIV	Osteogenesis Imperfecta Type XIV	MONDO:0014029	1	ALL_MAPPINGS_CONSISTENT		0	0		0		1
Osteogenesis_Imperfecta_Type_XIX	Osteogenesis Imperfecta Type XIX	MONDO:0049223	1	ALL_MAPPINGS_CONSISTENT		0	0		0		1
Osteogenesis_Imperfecta_Type_XV	Osteogenesis Imperfecta Type XV	MONDO:0014086	1	ALL_MAPPINGS_CONSISTENT		0	0		0		1
Osteogenesis_Imperfecta_Type_XVI	Osteogenesis Imperfecta Type XVI	MONDO:0014544	1	ALL_MAPPINGS_CONSISTENT		0	0		0		1
Osteogenesis_Imperfecta_Type_XVII	Osteogenesis Imperfecta Type XVII	MONDO:0014672	1	ALL_MAPPINGS_CONSISTENT		0	0		0		1
Osteogenesis_Imperfecta_Type_XVIII	Osteogenesis Imperfecta Type XVIII	MONDO:0044329	1	ALL_MAPPINGS_CONSISTENT		0	0		0		1
Osteogenesis_Imperfecta_Type_XX	Osteogenesis Imperfecta Type XX	MONDO:0032846	1	ALL_MAPPINGS_CONSISTENT		0	0		0		1
Osteogenesis_Imperfecta_Type_XXI	Osteogenesis Imperfecta Type XXI	MONDO:0030861	1	ALL_MAPPINGS_CONSISTENT		0	0		0		1
Osteogenesis_Imperfecta_Type_XXII	Osteogenesis Imperfecta Type XXII	MONDO:0030714	1	ALL_MAPPINGS_CONSISTENT		0	0		0		1
Osteogenesis_Imperfecta_Type_XXIII	Osteogenesis Imperfecta Type XXIII	MONDO:0957988	1	ALL_MAPPINGS_CONSISTENT		0	0		0		1
Osteoglophonic_Dysplasia	Osteoglophonic Dysplasia	MONDO:0008150	1	ALL_MAPPINGS_CONSISTENT	ICD10:Q87.1	0	0	ORDO:2645	1	skos:broadMatch	0
Osteopetrosis	Osteopetrosis	MONDO:0017198	1	TIMED_OUT	ICD10:Q78.2|ICD10CM:Q78.2	0	2	ORDO:2781	1	skos:exactMatch	0
Otofacial_Neurodevelopmental_Syndrome	Otofacial Neurodevelopmental Syndrome	MONDO:0975705	1	ALL_MAPPINGS_CONSISTENT		0	0		0		1
Otopalatodigital_Spectrum_Disorders	Otopalatodigital Spectrum Disorders	MONDO:0018233	0	ALL_MAPPINGS_CONSISTENT		0	0	ORDO:364541	0		1
PACS2-Related_Developmental_and_Epileptic_Encephalopathy	PACS2-Related Developmental and Epileptic Encephalopathy	MONDO:0054845	1	ALL_MAPPINGS_CONSISTENT		0	0		0		1
PAICS_Deficiency	PAICS Deficiency	MONDO:0859003	1	ALL_MAPPINGS_CONSISTENT	ICD10:E79.8	0	0	ORDO:633099	1	skos:broadMatch	0
PARK7-Related_Early-Onset_Parkinson_Disease	PARK7-Related Early-Onset Parkinson Disease	MONDO:0011658	1	ALL_MAPPINGS_CONSISTENT		0	0		0		1
PAX1-Related_Otofaciocervical_Syndrome	PAX1-Related Otofaciocervical Syndrome	MONDO:0014254	1	ALL_MAPPINGS_CONSISTENT		0	0		0		1
PAX3_Waardenburg_Spectrum	PAX3-Related Waardenburg Syndrome	MONDO:0018094	0	ALL_MAPPINGS_CONSISTENT		0	0	ORDO:3440	1	skos:broadMatch	0
PCDH19_Clustering_Epilepsy	PCDH19 Clustering Epilepsy	MONDO:0010246	1	ALL_MAPPINGS_CONSISTENT	ICD10:G40.8	0	0	ORDO:101039	1	skos:broadMatch	0
PCWH_syndrome	PCWH syndrome	MONDO:0012198	1	ALL_MAPPINGS_CONSISTENT	ICD10:E75.2	0	0	ORDO:163746	1	skos:broadMatch	0
PDE6A-Related_Retinopathy	PDE6A-Related Retinopathy	MONDO:0700224	1	ALL_MAPPINGS_CONSISTENT		0	0		0		1
PET100-Related_COX_Deficiency	PET100-Related COX Deficiency	MONDO:0033646	1	ALL_MAPPINGS_CONSISTENT		0	0		0		1
PET117-Related_COX_Deficiency	PET117-Related COX Deficiency	MONDO:0033654	1	ALL_MAPPINGS_CONSISTENT		0	0		0		1
PGM1-Congenital_Disorder_of_Glycosylation	PGM1-congenital disorder of glycosylation	MONDO:0013968	1	ALL_MAPPINGS_CONSISTENT	ICD10:E77.8	0	0	ORDO:319646	1	skos:broadMatch	0
PGM2L1_Deficiency	PGM2L1 Deficiency	MONDO:0700092	1	ALL_MAPPINGS_CONSISTENT		0	0		0		1
PHARC_syndrome	PHARC syndrome	MONDO:0012984	1	ALL_MAPPINGS_CONSISTENT	ICD10:G60.1	0	0	ORDO:171848	1	skos:broadMatch	0
PHF21A_Related_Neurodevelopmental_Disorder	PHF21A Related Neurodevelopmental Disorder	MONDO:0032883	1	ALL_MAPPINGS_CONSISTENT		0	0		0		1
PNPO_Deficiency	PNPO Deficiency	MONDO:0012407	1	RETRACTED	ICD10:G40.8	0	0	ORDO:79096	1	skos:broadMatch	0
POLR-Related_Leukodystrophy	POLR-Related Leukodystrophy	MONDO:0100605	1	TIMED_OUT	ICD10:G37.8|ICD10:Q87.8	0	0	ORDO:289494	1	skos:broadMatch	0
POT1_Tumor_Predisposition_Syndrome	POT1 Tumor Predisposition Syndrome	MONDO:0014368	1	ALL_MAPPINGS_CONSISTENT		0	0		0		1
PPP2R3C-Related_Gonadal_Dysgenesis_Syndrome	PPP2R3C-Related Gonadal Dysgenesis Syndrome	MONDO:0032738	1	ALL_MAPPINGS_CONSISTENT		0	0		0		1
PRKAG2_Cardiac_Syndrome	PRKAG2 Cardiac Syndrome	MONDO:0800484	1	TIMED_OUT	ICD10:E74.0	0	0		0		0
PRKN-Related_Juvenile_Parkinson_Disease	PRKN-Related Juvenile Parkinson Disease	MONDO:0010820	1	ALL_MAPPINGS_CONSISTENT		0	0		0		1
PRMT7-Related_Short_Stature-Brachydactyly_Syndrome	PRMT7-Related Short Stature-Brachydactyly Syndrome	MONDO:0014944	1	ALL_MAPPINGS_CONSISTENT	ICD10:Q87.8	0	0	ORDO:464288	1	skos:broadMatch	0
PRPF31-Related_Retinopathy	PRPF31-Related Retinopathy	MONDO:0800395	1	ALL_MAPPINGS_CONSISTENT		0	0		0		1
PRPH2-Related_Retinopathy	PRPH2-Related Retinopathy	MONDO:1040055	1	ALL_MAPPINGS_CONSISTENT		0	0		0		1
PRPS1_Deficiency_Spectrum	PRPS1 Deficiency Spectrum	MONDO:0100061	0	ALL_MAPPINGS_CONSISTENT		0	0		0		1
PRR12-Related_Neuroocular_Syndrome	PRR12-Related Neuroocular Syndrome	MONDO:0971007	1	ALL_MAPPINGS_CONSISTENT	ICD10:Q87.8	0	0	ORDO:659904	1	skos:broadMatch	0
PTCH1-related_Nevoid_Basal_Cell_Carcinoma_Syndrome	PTCH1-related nevoid basal cell carcinoma syndrome	MONDO:0958174	1	ALL_MAPPINGS_CONSISTENT		0	0		0		1
PTEN_Hamartoma_Tumor_Syndrome	PTEN Hamartoma Tumor Syndrome	MONDO:0017623	1	TIMED_OUT	ICD10:Q04.8|ICD10:Q85.8|ICD10:Q87.3|ICD10:Q87.8|ICD10CM:E71.440	0	0	ORDO:306498	1	skos:broadMatch	0
PUS3-Related_Neurodevelopmental_Disorder	PUS3-Related Neurodevelopmental Disorder	MONDO:0014886	1	ALL_MAPPINGS_CONSISTENT	ICD10:Q87.8	0	0	ORDO:488627	1	skos:broadMatch	0
PUS7-Related_Neurodevelopmental_Disorder	PUS7-Related Neurodevelopmental Disorder	MONDO:0032687	1	ALL_MAPPINGS_CONSISTENT		0	0		0		1
Pachyonychia_Congenita	Pachyonychia Congenita	MONDO:0016471	1	TIMED_OUT	ICD10:Q84.5	0	0	ORDO:2309	1	skos:broadMatch	0
Paget_Disease_of_Bone	Paget Disease of Bone	MONDO:0005382	0	ALL_MAPPINGS_CONSISTENT	ICD10CM:M88	0	2		0		0
Pallister-Hall_Syndrome	Pallister-Hall Syndrome	MONDO:0007804	1	TIMED_OUT	ICD10:Q87.8	0	0	ORDO:672	1	skos:broadMatch	0
Pancreatic_Agenesis	Pancreatic Agenesis	MONDO:0009832	1	ALL_MAPPINGS_CONSISTENT	ICD10:Q45.0	0	0	ORDO:2805	1	skos:broadMatch	0
Pancytopenia-Developmental_Delay_Syndrome	Pancytopenia-Developmental Delay Syndrome	MONDO:0014317	1	ALL_MAPPINGS_CONSISTENT	ICD10:D61.0	0	0	ORDO:401764	1	skos:broadMatch	0
Pantothenate_Kinase-Associated_Neurodegeneration	pantothenate kinase-associated neurodegeneration	MONDO:0009319	1	ALL_MAPPINGS_CONSISTENT	ICD10:G23.0|ICD10CM:G23.0	0	2	ORDO:157850	1	skos:exactMatch	0
Parenti-Mignot_Neurodevelopmental_Syndrome	Parenti-Mignot Neurodevelopmental Syndrome	MONDO:0859249	1	ALL_MAPPINGS_CONSISTENT		0	0		0		1
Parkinson_Disease_Mitochondrial	Parkinson Disease, Mitochondrial	MONDO:0010796	1	ALL_MAPPINGS_CONSISTENT		0	0		0		1
Paroxysmal_Dyskinesia	Paroxysmal Dyskinesia	MONDO:0015427	1	TIMED_OUT	ICD10:G24.8|ICD10:G40.3|ICD10:G40.4|ICD10:G51.4	0	0	ORDO:1431	0		0
Paroxysmal_Extreme_Pain_Disorder	Paroxysmal Extreme Pain Disorder	MONDO:0008179	1	TIMED_OUT	ICD10:G90.8	0	0	ORDO:46348	1	skos:broadMatch	0
Paroxysmal_Familial_Ventricular_Fibrillation	Paroxysmal Familial Ventricular Fibrillation	MONDO:0100234	0	ALL_MAPPINGS_CONSISTENT		0	0	ORDO:228140	1	skos:broadMatch	0
Patent_Ductus_Arteriosus_3	Patent Ductus Arteriosus 3	MONDO:0024266	1	ALL_MAPPINGS_CONSISTENT		1	0		0		0
Pearson_Syndrome	Pearson syndrome	MONDO:0010797	1	ALL_MAPPINGS_CONSISTENT	ICD10:D64.0	0	0	ORDO:699	1	skos:broadMatch	0
Peeling_Skin_Syndrome	Peeling Skin Syndrome	MONDO:0019347	1	ALL_MAPPINGS_CONSISTENT		0	0	ORDO:817	0		1
Pelizaeus_Merzbacher_Disease	Pelizaeus-Merzbacher Disease	MONDO:0010714	0	ALL_MAPPINGS_CONSISTENT		0	0	ORDO:702	1	skos:broadMatch	0
Pendred_Syndrome	Pendred Syndrome	MONDO:0010134	1	TIMED_OUT	ICD10:E07.1	0	0	ORDO:705	1	skos:broadMatch	0
Pentanucleotide_Repeat_Familial_Adult_Myoclonus_Epilepsy	Pentanucleotide Repeat Familial Adult Myoclonus Epilepsy	MONDO:0019448	1	ALL_MAPPINGS_CONSISTENT	ICD10:G40.3	0	0	ORDO:86814	1	skos:broadMatch	0
Pericarditis	Pericarditis	MONDO:0005904	0	ALL_MAPPINGS_CONSISTENT		0	0		0		1
Periodic_Fever_Immunodeficiency_and_Thrombocytopenia_Syndrome	Periodic Fever, Immunodeficiency, and Thrombocytopenia Syndrome	MONDO:0007883	1	ALL_MAPPINGS_CONSISTENT	ICD10:D84.8	0	0	ORDO:652522	1	skos:broadMatch	0
Peripheral_T_Cell_Lymphoma	Peripheral T-Cell Lymphoma	MONDO:0015760	0	ALL_MAPPINGS_CONSISTENT	ICD10CM:C84.6|ICD10CM:C84.7|ICD10CM:C86.5	0	0	ORDO:171918	0		0
Peroxisome_Biogenesis_Disorder_11A_Zellweger	Peroxisome Biogenesis Disorder 11A (Zellweger)	MONDO:0013949	1	ALL_MAPPINGS_CONSISTENT		0	0		0		1
Peroxisome_Biogenesis_Disorder_11B	Peroxisome Biogenesis Disorder 11B	MONDO:0013950	1	ALL_MAPPINGS_CONSISTENT		0	0		0		1
Peroxisome_Biogenesis_Disorder_1B	Peroxisome Biogenesis Disorder 1B	MONDO:0011101	1	ALL_MAPPINGS_CONSISTENT		0	0		0		1
Peroxisome_Biogenesis_Disorder_2B	Peroxisome Biogenesis Disorder 2B	MONDO:0008736	1	ALL_MAPPINGS_CONSISTENT		0	0		0		1
Peroxisome_Biogenesis_Disorder_3A_Zellweger	Peroxisome Biogenesis Disorder 3A (Zellweger)	MONDO:0013927	1	ALL_MAPPINGS_CONSISTENT		0	0		0		1
Peroxisome_Biogenesis_Disorder_4A_Zellweger	Peroxisome Biogenesis Disorder 4A (Zellweger)	MONDO:0013930	1	ALL_MAPPINGS_CONSISTENT		0	0		0		1
Peroxisome_Biogenesis_Disorder_4B	Peroxisome Biogenesis Disorder 4B	MONDO:0013931	1	ALL_MAPPINGS_CONSISTENT	ICD10:G11.1	0	0	ORDO:95433	1	skos:broadMatch	0
Perrault_Syndrome	Perrault Syndrome	MONDO:0017312	1	ALL_MAPPINGS_CONSISTENT	ICD10:Q87.8	0	0	ORDO:2855	1	skos:broadMatch	0
Peters_Plus_Syndrome	Peters plus syndrome	MONDO:0009856	1	ALL_MAPPINGS_CONSISTENT	ICD10:Q13.8	0	0	ORDO:709	1	skos:broadMatch	0
Pfeiffer_Syndrome	Pfeiffer Syndrome	MONDO:0007043	1	ALL_MAPPINGS_CONSISTENT	ICD10:Q87.0	0	0	ORDO:710	1	skos:broadMatch	0
Phelan-McDermid_Syndrome	Phelan-McDermid Syndrome	MONDO:0011652	1	ALL_MAPPINGS_CONSISTENT	ICD10:Q93.5	0	0	ORDO:48652	1	skos:broadMatch	0
Pheochromocytoma_Paraganglioma	Pheochromocytoma and Paraganglioma	MONDO:0035540	0	ALL_MAPPINGS_CONSISTENT		0	0	ORDO:573163	0		1
Photosensitive_Epilepsy	Photosensitive Epilepsy	MONDO:0015643	0	ALL_MAPPINGS_CONSISTENT	ICD10CM:G40.83|ICD10CM:G40.B	0	0	ORDO:166409	1	skos:broadMatch	0
Pilarowski-Bjornsson_syndrome	Pilarowski-Bjornsson syndrome	MONDO:0060568	1	ALL_MAPPINGS_CONSISTENT	ICD10:Q87.0	0	0	ORDO:529965	1	skos:broadMatch	0
Pilocytic_Astrocytoma	Pilocytic Astrocytoma	MONDO:0016691	0	ALL_MAPPINGS_CONSISTENT		0	0	ORDO:251612	1	skos:broadMatch	0
Pitt-Hopkins_Syndrome	Pitt-Hopkins Syndrome	MONDO:0012589	1	TIMED_OUT	ICD10:Q87.0	0	0	ORDO:2896	1	skos:broadMatch	0
Pituitary_Tumor	Pituitary Tumor	MONDO:0017611	0	ALL_MAPPINGS_CONSISTENT	ICD10CM:C75.1	0	0	ORDO:304055	0		0
Plasma_Cell_Neoplasm	Plasma Cell Neoplasm	MONDO:0004959	0	RETRACTED	ICD10CM:C90.0|ICD10CM:C90.1	0	0	ORDO:98282	0		0
Platelet-type_Bleeding_Disorder_12	Platelet-type Bleeding Disorder 12	MONDO:0011588	1	ALL_MAPPINGS_CONSISTENT		0	0		0		1
Platelet-type_Bleeding_Disorder_15	Platelet-type Bleeding Disorder 15	MONDO:0014078	1	ALL_MAPPINGS_CONSISTENT		0	0		0		1
Platelet-type_Bleeding_Disorder_18	Platelet-type bleeding disorder 18	MONDO:0014386	1	ALL_MAPPINGS_CONSISTENT	ICD10:D69.1	0	0	ORDO:420566	1	skos:broadMatch	0
Platelet-type_Bleeding_Disorder_19	Platelet-type Bleeding Disorder 19	MONDO:0014518	1	ALL_MAPPINGS_CONSISTENT	ICD10:D69.1	0	0	ORDO:438207	1	skos:broadMatch	0
Platelet-type_Bleeding_Disorder_20	Platelet-type Bleeding Disorder 20	MONDO:0014830	1	ALL_MAPPINGS_CONSISTENT	ICD10:D69.4	0	0	ORDO:466806	1	skos:broadMatch	0
Platelet-type_Bleeding_Disorder_8	Platelet-type bleeding disorder 8	MONDO:0012354	1	ALL_MAPPINGS_CONSISTENT	ICD10:D69.1	0	0	ORDO:36355	1	skos:broadMatch	0
Pleuropulmonary_Blastoma	Pleuropulmonary Blastoma	MONDO:0011014	0	ALL_MAPPINGS_CONSISTENT		0	0	ORDO:64742	5	skos:narrowMatch	0
Polycystic_Kidney_Disease	Polycystic Kidney Disease	MONDO:0020642	1	TIMED_OUT	ICD10:Q61.1|ICD10:Q61.2	0	0		0		0
Polycystic_Kidney_Disease_2	Polycystic Kidney Disease 2	MONDO:0013131	1	ALL_MAPPINGS_CONSISTENT		0	0		0		1
Polycystic_Kidney_Disease_3	Polycystic Kidney Disease 3	MONDO:0010916	1	ALL_MAPPINGS_CONSISTENT		0	0		0		1
Polymicrogyria_Perisylvian_With_Cerebellar_Hypoplasia_And_Arthrogryposis	Perisylvian Polymicrogyria with Cerebellar Hypoplasia and Arthrogryposis	MONDO:0014679	1	ALL_MAPPINGS_CONSISTENT		0	0		0		1
Pompe_Disease	Pompe Disease	MONDO:0009290	1	TIMED_OUT	ICD10:E74.0|ICD10CM:E74.02	0	2	ORDO:365	1	skos:broadMatch	0
Pontocerebellar_Hypoplasia	Pontocerebellar Hypoplasia	MONDO:0020135	1	TIMED_OUT	ICD10:Q04.3	0	0	ORDO:98523	0		0
Porokeratosis	Porokeratosis	MONDO:0006602	1	TIMED_OUT	ICD10:Q82.8|ICD10CM:L56.5	0	0	ORDO:79358	0		0
Porphyria-Related_Leukoencephalopathy	Porphyria-Related Leukoencephalopathy	MONDO:0958226	1	ALL_MAPPINGS_CONSISTENT		0	0		0		1
Porphyria_due_to_ALA_Dehydratase_Deficiency	Porphyria due to ALA Dehydratase Deficiency	MONDO:0013000	1	ALL_MAPPINGS_CONSISTENT	ICD10:E80.2	0	0	ORDO:100924	1	skos:broadMatch	0
Portal_Hypertension_Noncirrhotic_2	Portal_Hypertension_Noncirrhotic_2	MONDO:0030397	1	ALL_MAPPINGS_CONSISTENT		0	0		0		1
Posterior_Polymorphous_Corneal_Dystrophy	Posterior Polymorphous Corneal Dystrophy	MONDO:0020364	1	ALL_MAPPINGS_CONSISTENT	ICD10:H18.5	0	0	ORDO:98973	1	skos:broadMatch	0
Prader-Willi_Syndrome	Prader-Willi Syndrome	MONDO:0008300	1	TIMED_OUT	ICD10:Q87.1|ICD10CM:Q87.11	0	2	ORDO:739	1	skos:broadMatch	0
Primary_Bile_Acid_Malabsorption	Primary Bile Acid Malabsorption	MONDO:0013214	1	ALL_MAPPINGS_CONSISTENT		0	0		0		1
Primary_Carnitine_Deficiency	Primary Carnitine Deficiency	MONDO:0008919	1	TIMED_OUT	ICD10:E71.3|ICD10CM:E71.41	0	2	ORDO:158	1	skos:broadMatch	0
Primary_Cutaneous_Amyloidosis	Primary Cutaneous Amyloidosis	MONDO:0015301	0	ALL_MAPPINGS_CONSISTENT		0	0	ORDO:137807	0		1
Primary_Erythermalgia	Primary Erythermalgia	MONDO:0007571	1	ALL_MAPPINGS_CONSISTENT	ICD10:I73.8	0	0	ORDO:90026	1	skos:broadMatch	0
Primary_Hypertrophic_Osteoarthropathy	Primary Hypertrophic Osteoarthropathy	MONDO:0016620	0	RETRACTED		0	0	ORDO:248095|ORDO:2796	1	skos:broadMatch	0
Primary_Pigmented_Nodular_Adrenocortical_Disease	Primary Pigmented Nodular Adrenocortical Disease	MONDO:0015999	1	ALL_MAPPINGS_CONSISTENT		0	0		0		1
Primary_Triglyceride_Deposit_Cardiomyovasculopathy	Primary Triglyceride Deposit Cardiomyovasculopathy	MONDO:0035423	1	ALL_MAPPINGS_CONSISTENT	ICD10:E75.5	0	2	ORDO:565612	1	skos:broadMatch	0
Primrose_Syndrome	Primrose Syndrome	MONDO:0009798	1	ALL_MAPPINGS_CONSISTENT	ICD10:Q87.8	0	0	ORDO:3042	1	skos:broadMatch	0
Progressive_Familial_Heart_Block	Progressive Familial Heart Block	MONDO:0019490	0	ALL_MAPPINGS_CONSISTENT		0	0	ORDO:871	1	skos:broadMatch	0
Progressive_Familial_Intrahepatic_Cholestasis	Progressive Familial Intrahepatic Cholestasis	MONDO:0015762	1	TIMED_OUT	ICD10:K76.8	0	0	ORDO:172	1	skos:broadMatch	0
Progressive_Myoclonic_Epilepsy_Type_8	Progressive Myoclonic Epilepsy Type 8	MONDO:0014545	1	ALL_MAPPINGS_CONSISTENT	ICD10:G40.3	0	0	ORDO:424027	1	skos:broadMatch	0
Progressive_Pseudorheumatoid_Arthropathy_Of_Childhood	Progressive Pseudorheumatoid Arthropathy of Childhood	MONDO:0008827	1	ALL_MAPPINGS_CONSISTENT	ICD10:Q77.7	0	0	ORDO:1159	1	skos:broadMatch	0
Propionic_Acidemia	Propionic Acidemia	MONDO:0011628	1	TIMED_OUT	ICD10:E71.1|ICD10CM:E71.121	0	2	ORDO:35	1	skos:broadMatch	0
Proteasome_Associated_Autoinflammatory_Syndrome	Proteasome-Associated Autoinflammatory Syndrome	MONDO:0009726	1	RETRACTED	ICD10:D89.8	0	0	ORDO:324977	1	skos:broadMatch	0
Protein_S_Deficiency	Protein S Deficiency	MONDO:0012868	1	ALL_MAPPINGS_CONSISTENT	ICD10:D68.8	0	0	ORDO:26349	1	skos:broadMatch	0
Proteus_syndrome	Proteus syndrome	MONDO:0008318	1	TIMED_OUT	ICD10:Q87.3	0	0	ORDO:744	1	skos:broadMatch	0
Proximal_Tubulopathy-Diabetes_Mellitus-Cerebellar_Ataxia_Syndrome	Proximal tubulopathy-diabetes mellitus-cerebellar ataxia syndrome	MONDO:0010798	1	ALL_MAPPINGS_CONSISTENT		0	0		0		1
Pseudoxanthoma_Elasticum	Pseudoxanthoma Elasticum	MONDO:0100091	1	ALL_MAPPINGS_CONSISTENT		0	0		0		1
Psoriasis_14_Pustular	Psoriasis 14, Pustular	MONDO:0013626	1	TIMED_OUT	ICD10:L40.1|ICD10:L40.2	0	0	ORDO:163931|ORDO:404546	2	skos:broadMatch	0
Pulmonary_Alveolar_Microlithiasis	Pulmonary Alveolar Microlithiasis	MONDO:0009928	1	TIMED_OUT	ICD10:J84.0|ICD10CM:J84.02	0	2	ORDO:60025	1	skos:broadMatch	0
Pulmonary_hypertension	Pulmonary_hypertension	MONDO:0005149	0	RETRACTED		0	0		0		1
Punctate_Palmoplantar_Keratoderma	Punctate Palmoplantar Keratoderma	MONDO:0017675	1	TIMED_OUT	ICD10:Q82.8	0	0	ORDO:307967	0		0
Pycnodysostosis	Pycnodysostosis	MONDO:0009940	1	TIMED_OUT	ICD10:Q78.8	0	0	ORDO:763	1	skos:broadMatch	0
Pyoderma_Gangrenosum	Pyoderma Gangrenosum	MONDO:0018824	0	ALL_MAPPINGS_CONSISTENT	ICD10CM:L88	0	2	ORDO:48104	1	skos:exactMatch	0
Pyridoxine-Dependent_Epilepsy	Pyridoxine-Dependent Epilepsy	MONDO:0020741	1	ALL_MAPPINGS_CONSISTENT		0	0		0		1
Pyruvate_Carboxylase_Deficiency_Disease	Pyruvate Carboxylase Deficiency Disease	MONDO:0009949	0	ALL_MAPPINGS_CONSISTENT		0	0	ORDO:3008	1	skos:broadMatch	0
Pyruvate_Dehydrogenase_Deficiency	Pyruvate Dehydrogenase Deficiency	MONDO:0019169	1	TIMED_OUT	ICD10:E74.4	0	0	ORDO:765	1	skos:broadMatch	0
Pyruvate_Kinase_Deficiency	Pyruvate Kinase Deficiency	MONDO:0009950	1	ALL_MAPPINGS_CONSISTENT	ICD10:D55.2	0	0	ORDO:766	1	skos:broadMatch	0
RAB23-Related_Carpenter_Syndrome	RAB23-related Carpenter Syndrome	MONDO:0008710	1	ALL_MAPPINGS_CONSISTENT		0	0		0		1
RAB33B-Related_Smith-McCort_Dysplasia_2	RAB33B-Related Smith-McCort Dysplasia 2	MONDO:0014087	1	ALL_MAPPINGS_CONSISTENT		0	0		0		1
RARB-related_syndromic_microphthalmia	RARB-related syndromic microphthalmia	MONDO:0014229	1	ALL_MAPPINGS_CONSISTENT		0	0	ORDO:689829	0		1
RCBTB1-Related_Retinopathy	RCBTB1-Related Retinopathy	MONDO:0014955	1	ALL_MAPPINGS_CONSISTENT		0	0		0		1
RDH5-Related_Retinopathy	RDH5-Related Retinopathy	MONDO:0100443	1	ALL_MAPPINGS_CONSISTENT		0	0		0		1
RFT1-congenital_disorder_of_glycosylation	RFT1-congenital disorder of glycosylation	MONDO:0012783	1	ALL_MAPPINGS_CONSISTENT	ICD10:E77.8	0	0	ORDO:244310	1	skos:broadMatch	0
RHO-Related_Retinopathy	RHO-Related Retinopathy	MONDO:0700380	1	ALL_MAPPINGS_CONSISTENT		0	0		0		1
RHOBTB2-Related_Developmental_and_Epileptic_Encephalopathy	RHOBTB2-Related Developmental and Epileptic Encephalopathy	MONDO:0033373	1	ALL_MAPPINGS_CONSISTENT		0	0		0		1
RHYNS_Syndrome	RHYNS Syndrome	MONDO:0011202	1	ALL_MAPPINGS_CONSISTENT	ICD10:Q87.8	0	0	ORDO:140976	1	skos:broadMatch	0
RLBP1-Related_Retinopathy	RLBP1-Related Retinopathy	MONDO:0100444	1	ALL_MAPPINGS_CONSISTENT		0	0		0		1
RNU12-related_Minor_Spliceopathy	RNU12-related minor spliceopathy	MONDO:1060223	1	TIMED_OUT	ICD10:Q87.8	0	0		0		0
RP1-Related_Retinopathy	RP1-Related Retinopathy	MONDO:0800400	1	ALL_MAPPINGS_CONSISTENT		0	0		0		1
RP2-Related_Retinopathy	RP2-Related Retinopathy	MONDO:0100442	1	ALL_MAPPINGS_CONSISTENT		0	0		0		1
RPE65-Related_Retinopathy	RPE65-Related Retinopathy	MONDO:0100368	1	ALL_MAPPINGS_CONSISTENT		0	0		0		1
RPGR-Related_Retinopathy	RPGR-Related Retinopathy	MONDO:0100437	1	ALL_MAPPINGS_CONSISTENT		0	0		0		1
RTN4IP1-Related_Optic_Atrophy	RTN4IP1-Related Optic Atrophy	MONDO:0020737	1	ALL_MAPPINGS_CONSISTENT		0	0		0		1
RUNX1_Familial_Platelet_Disorder	RUNX1 Familial Platelet Disorder with Associated Myeloid Malignancy	MONDO:0100083	1	ALL_MAPPINGS_CONSISTENT		0	0		0		1
RYR1-Related_Myopathy	RYR1-Related Myopathy	MONDO:0100150	1	ALL_MAPPINGS_CONSISTENT		0	0	ORDO:98742	0		1
RYR2_CPVT	RYR2 CPVT	MONDO:0017990	0	ALL_MAPPINGS_CONSISTENT		0	0	ORDO:3286	1	skos:broadMatch	0
Raine_Syndrome	Raine Syndrome	MONDO:0009821	1	RETRACTED	ICD10:Q78.2	0	0	ORDO:1832	1	skos:broadMatch	0
Rajab_Interstitial_Lung_Disease_With_Brain_Calcifications_1	Rajab Interstitial Lung Disease With Brain Calcifications 1	MONDO:0100215	1	ALL_MAPPINGS_CONSISTENT	ICD10:G93.8	0	0	ORDO:178506	1	skos:broadMatch	0
ReNU_Syndrome	ReNU Syndrome	MONDO:0971172	1	ALL_MAPPINGS_CONSISTENT		0	0	ORDO:686488	0		1
Reelin_Pathway_Lissencephaly	Reelin Pathway Lissencephaly	MONDO:0019450	1	ALL_MAPPINGS_CONSISTENT		0	0	ORDO:86823	0		1
Renal_Tubular_Acidosis_Distal_2_With_Progressive_Sensorineural_Hearing_Loss	Renal Tubular Acidosis, Distal, 2, With Progressive Sensorineural Hearing Loss	MONDO:0009968	1	ALL_MAPPINGS_CONSISTENT		0	0		0		1
Renal_Tubular_Acidosis_Distal_3_With_Or_Without_Sensorineural_Hearing_Loss	Renal Tubular Acidosis, Distal, 3, With or Without Sensorineural Hearing Loss	MONDO:0011268	1	ALL_MAPPINGS_CONSISTENT		0	0		0		1
Renal_Tubular_Acidosis_Distal_4_with_Hemolytic_Anemia	Renal Tubular Acidosis Distal 4 with Hemolytic Anemia	MONDO:0012700	1	ALL_MAPPINGS_CONSISTENT	ICD10:N25.8	0	0	ORDO:93610	1	skos:broadMatch	0
Renpenning_syndrome	Renpenning syndrome	MONDO:0010653	1	TIMED_OUT	ICD10:Q87.5	0	0	ORDO:3242	1	skos:broadMatch	0
Restrictive_Cardiomyopathy	Restrictive Cardiomyopathy	MONDO:0005201	0	ALL_MAPPINGS_CONSISTENT		0	0	ORDO:217632	0		1
Retinal_Arterial_Tortuosity	Retinal Arterial Tortuosity	MONDO:0008373	1	ALL_MAPPINGS_CONSISTENT	ICD10:H35.0	0	0	ORDO:75326	1	skos:broadMatch	0
Retinitis_Pigmentosa_With_or_Without_Situs_Inversus	Retinitis Pigmentosa With or Without Situs Inversus	MONDO:0014186	1	ALL_MAPPINGS_CONSISTENT		0	0		0		1
Rett_Syndrome	Rett Syndrome	MONDO:0010726	0	RETRACTED		1	0	ORDO:778	1	skos:exactMatch	0
Reversible_Infantile_Cytochrome_c_Oxidase_Deficiency	Reversible Infantile Cytochrome c Oxidase Deficiency	MONDO:0957524	1	ALL_MAPPINGS_CONSISTENT		0	0		0		1
Revesz_Syndrome	Revesz Syndrome	MONDO:0009990	1	ALL_MAPPINGS_CONSISTENT	ICD10:Q82.8	0	0	ORDO:3088	1	skos:broadMatch	0
Rh_Deficiency_Syndrome	Rh Deficiency Syndrome	MONDO:0019107	1	ALL_MAPPINGS_CONSISTENT	ICD10:D58.8	0	0	ORDO:71275	1	skos:broadMatch	0
Rhabdoid_Tumor_Predisposition_Syndrome_1	Rhabdoid Tumor Predisposition Syndrome 1	MONDO:0012252	1	ALL_MAPPINGS_CONSISTENT		0	0		0		1
Rhabdoid_Tumor_Predisposition_Syndrome_2	Rhabdoid Tumor Predisposition Syndrome 2	MONDO:0013224	1	ALL_MAPPINGS_CONSISTENT		0	0		0		1
Rhizomelic_Chondrodysplasia_Punctata_Plasmalogen_Synthesis_Defect	Rhizomelic Chondrodysplasia Punctata, Plasmalogen-Synthesis Defect	MONDO:0015776	1	TIMED_OUT	ICD10:E71.3|ICD10:Q77.3|ICD10CM:E71.540	0	2	ORDO:177	1	skos:broadMatch	0
Rhizomelic_Chondrodysplasia_Punctata_Type_1	Rhizomelic Chondrodysplasia Punctata Type 1	MONDO:0008972	1	ALL_MAPPINGS_CONSISTENT	ICD10:Q77.3	0	0	ORDO:309789	1	skos:broadMatch	0
Rhizomelic_Chondrodysplasia_Punctata_Type_5	Rhizomelic Chondrodysplasia Punctata Type 5	MONDO:0014743	1	ALL_MAPPINGS_CONSISTENT	ICD10:Q77.3	0	0	ORDO:468717	1	skos:broadMatch	0
Rienhoff_Syndrome	Rienhoff Syndrome	MONDO:0014262	1	ALL_MAPPINGS_CONSISTENT		0	0		0		1
Ritscher-Schinzel_Syndrome	Ritscher-Schinzel Syndrome	MONDO:0019078	1	TIMED_OUT	ICD10:Q87.8	0	0	ORDO:7	1	skos:broadMatch	0
Ritscher-Schinzel_Syndrome_1	Ritscher-Schinzel Syndrome 1	MONDO:0009073	1	ALL_MAPPINGS_CONSISTENT		0	0		0		1
Robinow_Syndrome_Autosomal_Recessive_2	Robinow Syndrome, Autosomal Recessive 2	MONDO:0032800	1	ALL_MAPPINGS_CONSISTENT		0	0		0		1
Rothmund-Thomson_Syndrome	Rothmund-Thomson Syndrome	MONDO:0010002	1	ALL_MAPPINGS_CONSISTENT	ICD10:Q82.8	0	0	ORDO:2909	1	skos:broadMatch	0
Rotor_Syndrome	Rotor Syndrome	MONDO:0009379	1	ALL_MAPPINGS_CONSISTENT	ICD10:E80.6	0	0	ORDO:3111	1	skos:broadMatch	0
Rubinstein-Taybi_Syndrome	Rubinstein-Taybi Syndrome	MONDO:0019188	1	TIMED_OUT	ICD10:Q87.2	0	0	ORDO:783	1	skos:broadMatch	0
SADDAN	SADDAN	MONDO:0014658	1	ALL_MAPPINGS_CONSISTENT	ICD10:Q77.4	0	0	ORDO:85165	1	skos:broadMatch	0
SARS1-Related_Neurodevelopmental_Disorder	SARS1-Related Neurodevelopmental Disorder	MONDO:0060577	1	ALL_MAPPINGS_CONSISTENT		0	0		0		1
SCAD_Deficiency	Short-Chain Acyl-CoA Dehydrogenase Deficiency	MONDO:0008722	1	TIMED_OUT	ICD10:E71.3|ICD10CM:E71.312	0	2	ORDO:26792	1	skos:broadMatch	0
SCN1B-Related_Developmental_and_Epileptic_Encephalopathy	SCN1B-Related Developmental and Epileptic Encephalopathy	MONDO:0033361	1	ALL_MAPPINGS_CONSISTENT		0	0		0		1
SCO1-Related_COX_Deficiency	SCO1-Related COX Deficiency	MONDO:0033636	1	ALL_MAPPINGS_CONSISTENT		0	0		0		1
SCO2-Related_Fatal_Infantile_Cardioencephalomyopathy	SCO2-Related Fatal Infantile Cardioencephalomyopathy	MONDO:0011451	1	ALL_MAPPINGS_CONSISTENT		0	0		0		1
SCUBE3-Related_Short_Stature_Syndrome	SCUBE3-Related Short Stature Syndrome	MONDO:0030953	1	ALL_MAPPINGS_CONSISTENT		0	0		0		1
SDHA-Related_Neurodegeneration_With_Ataxia_And_Optic_Atrophy	SDHA-Related Neurodegeneration With Ataxia and Optic Atrophy	MONDO:0031006	1	ALL_MAPPINGS_CONSISTENT		0	0		0		1
SETBP1_Disorder	SETBP1 Haploinsufficiency Disorder	MONDO:0014482	1	ALL_MAPPINGS_CONSISTENT		0	0		0		1
SETD1A-Related_Early-Onset_Epilepsy	SETD1A-Related Early-Onset Epilepsy	MONDO:0030005	1	ALL_MAPPINGS_CONSISTENT		0	0		0		1
SETD1B-Related_Neurodevelopmental_Disorder	SETD1B-Related Neurodevelopmental Disorder	MONDO:0033559	1	ALL_MAPPINGS_CONSISTENT		0	0		0		1
SETD5_Haploinsufficiency_Syndrome	SETD5 Haploinsufficiency Syndrome	MONDO:0014336	1	ALL_MAPPINGS_CONSISTENT		0	0		0		1
SHORT_Syndrome	SHORT Syndrome	MONDO:0010026	1	ALL_MAPPINGS_CONSISTENT	ICD10:Q87.1	0	0	ORDO:3163	1	skos:broadMatch	0
SLC12A5-Related_Developmental_and_Epileptic_Encephalopathy	SLC12A5-Related Developmental and Epileptic Encephalopathy	MONDO:0014718	1	ALL_MAPPINGS_CONSISTENT		0	0		0		1
SLC13A5_Citrate_Transporter_Disorder	SLC13A5 Citrate Transporter Disorder	MONDO:0014392	1	ALL_MAPPINGS_CONSISTENT		0	0		0		1
SLC25A12-Related_Developmental_and_Epileptic_Encephalopathy	SLC25A12-Related Developmental and Epileptic Encephalopathy	MONDO:0013056	1	ALL_MAPPINGS_CONSISTENT	ICD10:E88.8	0	0	ORDO:353217	1	skos:broadMatch	0
SLC35A2-CDG	SLC35A2-congenital disorder of glycosylation	MONDO:0010478	1	ALL_MAPPINGS_CONSISTENT	ICD10:E77.8	0	0	ORDO:356961	1	skos:broadMatch	0
SLC44A1-Related_Childhood-Onset_Neurodegeneration	SLC44A1-Related Childhood-Onset Neurodegeneration	MONDO:0030028	1	ALL_MAPPINGS_CONSISTENT		0	0		0		1
SLC45A1-Related_Neuronal_Glucose_Transporter_Deficiency	SLC45A1-Related Neuronal Glucose Transporter Deficiency	MONDO:0044322	1	ALL_MAPPINGS_CONSISTENT		0	0		0		1
SLC6A1-Related_Disorder	SLC6A1-Related Neurodevelopmental Disorder	MONDO:0014633	1	ALL_MAPPINGS_CONSISTENT	ICD10:G40.4	0	0	ORDO:1942	1	skos:broadMatch	0
SMAD6-related_Craniosynostosis	SMAD6-related craniosynostosis	MONDO:0044315	1	ALL_MAPPINGS_CONSISTENT		0	0		0		1
SNAP25_Encephalopathy	SNAP25-Related Developmental and Epileptic Encephalopathy	MONDO:0014590	1	ALL_MAPPINGS_CONSISTENT		0	0		0		1
SNF8-Related_Neurodevelopmental_Disorder	SNF8-Related Neurodevelopmental Disorder	MONDO:0968947	1	ALL_MAPPINGS_CONSISTENT		0	0		0		1
SNIP1-Related_Neurodevelopmental_Disorder	SNIP1-Related Neurodevelopmental Disorder	MONDO:0013787	1	ALL_MAPPINGS_CONSISTENT		0	0		0		1
SOCS1_Haploinsufficiency	SOCS1 Haploinsufficiency	MONDO:0800130	1	ALL_MAPPINGS_CONSISTENT		0	0		0		1
SOX10_Neurocristopathy_Spectrum	SOX10 Neurocristopathy Spectrum	MONDO:0013202	0	RETRACTED		0	0		0		1
SOX11-Related_Neurodevelopmental_Disorder	SOX11-Related Neurodevelopmental Disorder	MONDO:0014376	1	ALL_MAPPINGS_CONSISTENT		0	0		0		1
SPOP-Related_Neurodevelopmental_Disorder	SPOP-Related Neurodevelopmental Disorder	MONDO:0032942	1	TIMED_OUT	ICD10:Q87.0	0	0	ORDO:662179	1	skos:broadMatch	0
SPTAN1-Related_Developmental_and_Epileptic_Encephalopathy	SPTAN1-Related Developmental and Epileptic Encephalopathy	MONDO:0013277	1	ALL_MAPPINGS_CONSISTENT		0	0		0		1
SPTBN4-Related_Neurodevelopmental_Disorder	SPTBN4-Related Neurodevelopmental Disorder	MONDO:0060496	1	ALL_MAPPINGS_CONSISTENT		0	0		0		1
SRD5A3-Congenital_Disorder_of_Glycosylation	SRD5A3-Congenital Disorder of Glycosylation	MONDO:0012885	1	ALL_MAPPINGS_CONSISTENT	ICD10:E77.8	0	0	ORDO:324737	1	skos:broadMatch	0
STAG3-related_gametogenic_failure	STAG3-related gametogenic failure	MONDO:0014321	1	ALL_MAPPINGS_CONSISTENT		0	0		0		1
STAT2_Deficiency	STAT2 Deficiency	MONDO:0014715	1	ALL_MAPPINGS_CONSISTENT	ICD10:D84.8	0	0	ORDO:431166	1	skos:broadMatch	0
STAT6_Gain_of_Function_Disease	STAT6 Gain-of-Function Disease	MONDO:0957807	1	ALL_MAPPINGS_CONSISTENT		0	0		0		1
STING_Associated_Vasculopathy_with_Onset_in_Infancy	STING-Associated Vasculopathy with Onset in Infancy	MONDO:0014405	1	ALL_MAPPINGS_CONSISTENT	ICD10:M35.8	0	0	ORDO:425120	1	skos:broadMatch	0
STK4_Deficiency	STK4 Deficiency	MONDO:0013934	1	ALL_MAPPINGS_CONSISTENT	ICD10:D81.8	0	0	ORDO:314689	1	skos:broadMatch	0
STRA6-related_syndromic_microphthalmia	STRA6-related syndromic microphthalmia	MONDO:0011010	1	ALL_MAPPINGS_CONSISTENT	ICD10:Q11.2	0	0	ORDO:2470	1	skos:broadMatch	0
STX1B-Related_Epilepsy	STX1B-Related Epilepsy	MONDO:0014517	1	ALL_MAPPINGS_CONSISTENT		0	0		0		1
STXBP1_Encephalopathy	STXBP1 Encephalopathy	MONDO:0012812	1	ALL_MAPPINGS_CONSISTENT	ICD10:G93.8	0	0	ORDO:599373	1	skos:broadMatch	0
SUFU-related_Nevoid_Basal_Cell_Carcinoma_Syndrome	SUFU-related nevoid basal cell carcinoma syndrome	MONDO:0958189	1	ALL_MAPPINGS_CONSISTENT		0	0		0		1
SURF1-Related_Leigh_Syndrome	SURF1-Related Leigh Syndrome	MONDO:0700250	1	ALL_MAPPINGS_CONSISTENT		0	0		0		1
SYCE1_Related_Gametogenic_Failure	SYCE1-related gametogenic failure	MONDO:1060214	1	ALL_MAPPINGS_CONSISTENT		0	0		0		1
SYCP2-related_spermatogenic_failure	SYCP2-related spermatogenic failure	MONDO:0009776	1	ALL_MAPPINGS_CONSISTENT		0	0		0		1
SYCP3-related_spermatogenic_failure	SYCP3-related spermatogenic failure	MONDO:0010052	1	ALL_MAPPINGS_CONSISTENT		0	0		0		1
SYN1-Related_Disorder	SYN1-Related Neurodevelopmental Disorder	MONDO:0010339	1	ALL_MAPPINGS_CONSISTENT	ICD10:Q87.8	0	0	ORDO:85294	1	skos:broadMatch	0
SYNGAP1-Related_Developmental_and_Epileptic_Encephalopathy	SYNGAP1-Related Developmental and Epileptic Encephalopathy	MONDO:0012960	1	ALL_MAPPINGS_CONSISTENT	ICD10:G40.4	0	0	ORDO:544254	1	skos:broadMatch	0
SYT1_Baker-Gordon_Syndrome	SYT1-Associated Neurodevelopmental Disorder	MONDO:0033864	1	ALL_MAPPINGS_CONSISTENT	ICD10:F84.8	0	0	ORDO:522077	1	skos:broadMatch	0
SZT2-Related_Developmental_and_Epileptic_Encephalopathy	SZT2-Related Developmental and Epileptic Encephalopathy	MONDO:0014201	1	ALL_MAPPINGS_CONSISTENT		0	0		0		1
Saethre-Chotzen_Syndrome	Saethre-Chotzen Syndrome	MONDO:0007042	1	ALL_MAPPINGS_CONSISTENT	ICD10:Q87.0	0	0	ORDO:794	1	skos:broadMatch	0
Salla_Disease	Salla Disease	MONDO:0011449	1	ALL_MAPPINGS_CONSISTENT	ICD10:E77.8	0	0	ORDO:309334	1	skos:broadMatch	0
Sandhoff_Disease	Sandhoff Disease	MONDO:0010006	1	TIMED_OUT	ICD10:E75.0|ICD10CM:E75.01	0	2	ORDO:796	1	skos:broadMatch	0
Sanfilippo_syndrome	Sanfilippo syndrome	MONDO:0018937	1	TIMED_OUT	ICD10:E76.2	0	0	ORDO:581	1	skos:broadMatch	0
Sanjad-Sakati_Syndrome	Sanjad-Sakati Syndrome	MONDO:0009426	1	ALL_MAPPINGS_CONSISTENT	ICD10:Q87.1	0	0	ORDO:2323	1	skos:broadMatch	0
Sarcoglycanopathy	Sarcoglycanopathy	MONDO:0016140	1	TIMED_OUT	ICD10:G71.0	0	0	ORDO:207052	0		0
Saul-Wilson_Syndrome	Saul-Wilson Syndrome	MONDO:0019407	1	ALL_MAPPINGS_CONSISTENT	ICD10:Q78.8	0	0	ORDO:85172	1	skos:broadMatch	0
Say-Barber-Biesecker-Young-Simpson_Syndrome	Say-Barber-Biesecker-Young-Simpson Syndrome	MONDO:0011365	1	ALL_MAPPINGS_CONSISTENT	ICD10:Q87.8	0	0	ORDO:3047	1	skos:broadMatch	0
Scapuloperoneal_Spinal_Muscular_Atrophy	Scapuloperoneal Spinal Muscular Atrophy	MONDO:0008408	1	ALL_MAPPINGS_CONSISTENT	ICD10:G12.1	0	0	ORDO:431255	1	skos:broadMatch	0
Schaaf-Yang_Syndrome	Schaaf-Yang Syndrome	MONDO:0014243	1	ALL_MAPPINGS_CONSISTENT	ICD10:Q87.1	0	0	ORDO:398069	1	skos:broadMatch	0
Schindler_Disease	Schindler Disease	MONDO:0012221	1	ALL_MAPPINGS_CONSISTENT	ICD10:E77.1	0	0	ORDO:79279	1	skos:broadMatch	0
Schinzel-Giedion_Syndrome	Schinzel-Giedion syndrome	MONDO:0010010	1	TIMED_OUT	ICD10:Q87.0	0	0	ORDO:798	1	skos:broadMatch	0
Schneckenbecken_Dysplasia	Schneckenbecken Dysplasia	MONDO:0010013	1	ALL_MAPPINGS_CONSISTENT	ICD10:Q77.7	0	0	ORDO:3144	1	skos:broadMatch	0
Schnyder_Corneal_Dystrophy	Schnyder Corneal Dystrophy	MONDO:0007374	1	ALL_MAPPINGS_CONSISTENT	ICD10:H18.5	0	0	ORDO:98967	1	skos:broadMatch	0
Schwannomatosis	Schwannomatosis	MONDO:0008075	0	ALL_MAPPINGS_CONSISTENT	ICD10CM:Q85.03	0	2	ORDO:93921	1	skos:broadMatch	0
Schwartz-Jampel_Syndrome	Schwartz-Jampel Syndrome	MONDO:0009717	1	ALL_MAPPINGS_CONSISTENT	ICD10:G71.1|ICD10:Q78.8|ICD10CM:G71.13	0	2	ORDO:800	2	skos:broadMatch	0
Sclerosing_Cholangitis	Sclerosing Cholangitis	MONDO:0018646	0	ALL_MAPPINGS_CONSISTENT	ICD10CM:K83.01	0	0	ORDO:447771	0		0
Sclerosteosis	Sclerosteosis	MONDO:0017838	1	TIMED_OUT	ICD10:M85.2	0	0	ORDO:3152	1	skos:broadMatch	0
Scott_Syndrome	Scott Syndrome	MONDO:0009885	1	ALL_MAPPINGS_CONSISTENT	ICD10:D69.8	0	0	ORDO:806	1	skos:broadMatch	0
Sea-Blue_Histiocyte_Syndrome	Sea-Blue Histiocyte Syndrome	MONDO:0010017	1	ALL_MAPPINGS_CONSISTENT		0	0		0		1
Seckel_Syndrome	Seckel syndrome	MONDO:0019342	1	ALL_MAPPINGS_CONSISTENT	ICD10:Q87.1	0	0	ORDO:808	1	skos:broadMatch	0
Seizures-scoliosis-macrocephaly_Syndrome	Seizures-scoliosis-macrocephaly syndrome	MONDO:0014731	1	ALL_MAPPINGS_CONSISTENT	ICD10:E77.8	0	0	ORDO:466926	1	skos:broadMatch	0
Sengers_syndrome	Sengers syndrome	MONDO:0008922	1	ALL_MAPPINGS_CONSISTENT	ICD10:Q87.8	0	0	ORDO:1369	1	skos:broadMatch	0
Senior-Loken_Syndrome	Senior-Loken Syndrome	MONDO:0017842	1	TIMED_OUT	ICD10:Q61.5	0	0	ORDO:3156	1	skos:broadMatch	0
Sensory_Ataxic_Neuropathy_Dysarthria_Ophthalmoparesis	Sensory Ataxic Neuropathy, Dysarthria, and Ophthalmoparesis	MONDO:0011835	1	RETRACTED	ICD10:G40.3|ICD10:G71.3	0	0	ORDO:402082|ORDO:70595	2	skos:broadMatch	0
Severe_Combined_Immunodeficiency	Severe Combined Immunodeficiency	MONDO:0015974	1	TIMED_OUT	ICD10:D81.1|ICD10:D81.2|ICD10:D81.3	0	0	ORDO:183660	0		0
Severe_Combined_Immunodeficiency_Due_To_CARD11_Deficiency	Severe Combined Immunodeficiency Due To CARD11 Deficiency	MONDO:0014081	1	ALL_MAPPINGS_CONSISTENT	ICD10:D81.2	0	0	ORDO:357237	1	skos:broadMatch	0
Shashi-Pena_Syndrome	Shashi-Pena Syndrome	MONDO:0014963	1	ALL_MAPPINGS_CONSISTENT		0	0	ORDO:689408	0		1
Shashi_X-Linked_Intellectual_Disability_Syndrome	Shashi X-Linked Intellectual Disability Syndrome	MONDO:0010277	1	ALL_MAPPINGS_CONSISTENT	ICD10:Q87.8	0	0	ORDO:85286	1	skos:broadMatch	0
Short-Rib_Polydactyly_Syndrome	Short-Rib Polydactyly Syndrome	MONDO:0015461	1	ALL_MAPPINGS_CONSISTENT		0	0	ORDO:1505	0		1
Short-Rib_Thoracic_Dysplasia_6_With_Or_Without_Polydactyly	Short-Rib Thoracic Dysplasia 6 With or Without Polydactyly	MONDO:0009894	1	ALL_MAPPINGS_CONSISTENT		0	0		0		1
Short-rib_Thoracic_Dysplasia_21_Without_Polydactyly	Short-rib thoracic dysplasia 21 without polydactyly	MONDO:0030356	1	ALL_MAPPINGS_CONSISTENT		0	0		0		1
Short_QT_Syndrome	Short QT Syndrome	MONDO:0000453	0	ALL_MAPPINGS_CONSISTENT		0	0	ORDO:51083	1	skos:broadMatch	0
Short_Stature_Amelogenesis_Imperfecta_And_Skeletal_Dysplasia_With_Scoliosis	Short Stature, Amelogenesis Imperfecta, and Skeletal Dysplasia with Scoliosis	MONDO:0032703	1	ALL_MAPPINGS_CONSISTENT		0	0		0		1
Short_Stature_Dauber-Argente_Type	Short Stature, Dauber-Argente Type	MONDO:0859182	1	ALL_MAPPINGS_CONSISTENT		0	0		0		1
Short_Stature_Microcephaly_and_Endocrine_Dysfunction	Short Stature, Microcephaly, and Endocrine Dysfunction	MONDO:0014686	1	ALL_MAPPINGS_CONSISTENT		0	0		0		1
Shprintzen-Goldberg_Syndrome	Shprintzen-Goldberg Syndrome	MONDO:0008426	1	ALL_MAPPINGS_CONSISTENT	ICD10:Q87.8	0	0	ORDO:2462	1	skos:broadMatch	0
Shwachman-Diamond_Syndrome	Shwachman-Diamond syndrome	MONDO:0009833	1	TIMED_OUT	ICD10:D61.0	0	0	ORDO:811	1	skos:broadMatch	0
Sialidosis_Type_1	Sialidosis type 1	MONDO:0019346	1	ALL_MAPPINGS_CONSISTENT	ICD10:E77.1	0	0	ORDO:812	1	skos:broadMatch	0
Sialuria	Sialuria	MONDO:0010028	1	ALL_MAPPINGS_CONSISTENT	ICD10:E77.8	0	0	ORDO:3166	1	skos:broadMatch	0
Sick_Sinus_Syndrome_2_Autosomal_Dominant	Sick Sinus Syndrome 2, Autosomal Dominant	MONDO:0008102	1	ALL_MAPPINGS_CONSISTENT		0	0		0		1
Sickle_Cell_Disease	Sickle Cell Disease	MONDO:0011382	1	TIMED_OUT	ICD10:D57.0|ICD10:D57.1|ICD10:D57.2|ICD10CM:D57.2	0	2	ORDO:232	3	skos:narrowMatch	0
Siddiqi_Syndrome	Siddiqi Syndrome	MONDO:0032842	1	ALL_MAPPINGS_CONSISTENT		0	0		0		1
Sideroblastic_Anemia_3	Sideroblastic Anemia 3	MONDO:0014804	1	ALL_MAPPINGS_CONSISTENT	ICD10:D64.0	0	0	ORDO:255132	1	skos:broadMatch	0
Sifrim-Hitz-Weiss_Syndrome	Sifrim-Hitz-Weiss syndrome	MONDO:0014946	1	ALL_MAPPINGS_CONSISTENT	ICD10:Q87.8	0	0	ORDO:653712	1	skos:broadMatch	0
Silver_Russell_Syndrome	Silver-Russell Syndrome	MONDO:0008394	1	ALL_MAPPINGS_CONSISTENT	ICD10:Q87.1	0	0	ORDO:813	1	skos:broadMatch	0
Simpson-Golabi-Behmel_Syndrome_Type_1	Simpson-Golabi-Behmel Syndrome Type 1	MONDO:0020602	1	ALL_MAPPINGS_CONSISTENT		0	0		0		1
Sinoatrial_Node_Dysfunction_and_Deafness	Sinoatrial Node Dysfunction and Deafness	MONDO:0013960	1	ALL_MAPPINGS_CONSISTENT	ICD10:H91.8	0	0	ORDO:324321	1	skos:broadMatch	0
Sitosterolemia	Sitosterolemia	MONDO:0008863	1	ALL_MAPPINGS_CONSISTENT	ICD10:E78.0	0	0	ORDO:2882	1	skos:broadMatch	0
Sjogren-Larsson_Syndrome	Sjogren-Larsson Syndrome	MONDO:0010031	1	TIMED_OUT	ICD10:Q87.1	0	0	ORDO:816	1	skos:broadMatch	0
Skraban-Deardorff_Syndrome	Skraban-Deardorff Syndrome	MONDO:0054636	1	ALL_MAPPINGS_CONSISTENT	ICD10:Q87.0	0	0	ORDO:513456	1	skos:broadMatch	0
Sly_syndrome	Sly syndrome	MONDO:0009662	1	TIMED_OUT	ICD10:E76.2	0	0	ORDO:584	1	skos:broadMatch	0
Small_Intestine_Cancer	Small Intestine Cancer	MONDO:0000956	0	ALL_MAPPINGS_CONSISTENT	ICD10CM:C17	0	2		0		0
Smith-Lemli-Opitz_syndrome	Smith-Lemli-Opitz syndrome	MONDO:0010035	1	TIMED_OUT	ICD10:Q87.1|ICD10CM:E78.72	0	2	ORDO:818	1	skos:broadMatch	0
Smith-Magenis_Syndrome	Smith-Magenis Syndrome	MONDO:0008434	1	TIMED_OUT	ICD10:Q93.5	0	0	ORDO:819	1	skos:broadMatch	0
Snijders_Blok-Campeau_Syndrome	Snijders Blok-Campeau Syndrome	MONDO:0032600	1	ALL_MAPPINGS_CONSISTENT	ICD10:Q87.0	0	0	ORDO:599082	1	skos:broadMatch	0
Snyder-Robinson_Syndrome	Snyder-Robinson Syndrome	MONDO:0010664	1	ALL_MAPPINGS_CONSISTENT	ICD10:Q87.8	0	0	ORDO:3063	1	skos:broadMatch	0
Spastic_Paraparesis-cataracts-speech_Delay_Syndrome	Spastic Paraparesis-Cataracts-Speech Delay Syndrome	MONDO:0036212	1	ALL_MAPPINGS_CONSISTENT	ICD10:E71.3	0	0	ORDO:615938	1	skos:broadMatch	0
Spastic_Paraplegia_81	Spastic Paraplegia 81	MONDO:0032905	1	ALL_MAPPINGS_CONSISTENT		0	0		0		1
Spastic_Paraplegia_89_Autosomal_Recessive	Spastic Paraplegia 89 Autosomal Recessive	MONDO:0957274	1	ALL_MAPPINGS_CONSISTENT		0	0		0		1
Spastic_Paraplegia_90A_Autosomal_Dominant	Spastic Paraplegia 90A, Autosomal Dominant	MONDO:0957308	1	ALL_MAPPINGS_CONSISTENT		0	0		0		1
Spermatogenic_Failure_18	Spermatogenic Failure 18	MONDO:0054615	1	ALL_MAPPINGS_CONSISTENT		0	0		0		1
Spermatogenic_Failure_43	Spermatogenic failure 43	MONDO:0032898	1	ALL_MAPPINGS_CONSISTENT		0	0		0		1
Spermatogenic_Failure_98	Spermatogenic failure 98	MONDO:0700290	1	ALL_MAPPINGS_CONSISTENT		0	0		0		1
Spina_Bifida_Cystica	Spina Bifida Cystica	MONDO:0017069	0	ALL_MAPPINGS_CONSISTENT		0	0	ORDO:268744	0		1
Spinal_Muscular_Atrophy	Spinal Muscular Atrophy	MONDO:0001516	0	ALL_MAPPINGS_CONSISTENT		0	0		0		1
Spinal_Muscular_Atrophy_Progressive_Myoclonic_Epilepsy	Spinal Muscular Atrophy-Progressive Myoclonic Epilepsy Syndrome	MONDO:0008045	1	ALL_MAPPINGS_CONSISTENT	ICD10:G25.3	0	0	ORDO:2590	1	skos:broadMatch	0
Spinal_Muscular_Atrophy_with_Respiratory_Distress_Type_1	Spinal Muscular Atrophy with Respiratory Distress Type 1	MONDO:0011436	1	ALL_MAPPINGS_CONSISTENT	ICD10:G12.2	0	0	ORDO:98920	1	skos:broadMatch	0
Spinocerebellar_Ataxia_27B	Spinocerebellar ataxia 27B	MONDO:0859340	1	ALL_MAPPINGS_CONSISTENT		0	0	ORDO:675216	0		1
Spinocerebellar_Ataxia_43	Spinocerebellar Ataxia 43	MONDO:0014867	1	ALL_MAPPINGS_CONSISTENT	ICD10:G11.2	0	0	ORDO:497764	1	skos:broadMatch	0
Spinocerebellar_Ataxia_48	Spinocerebellar Ataxia 48	MONDO:0032526	1	ALL_MAPPINGS_CONSISTENT	ICD10:G11.4	0	0	ORDO:631103	1	skos:broadMatch	0
Spinocerebellar_Ataxia_Autosomal_Recessive_31	Spinocerebellar Ataxia, Autosomal Recessive 31	MONDO:0030323	1	ALL_MAPPINGS_CONSISTENT		0	0		0		1
Spinocerebellar_Ataxia_Autosomal_Recessive_32	Spinocerebellar Ataxia, Autosomal Recessive 32	MONDO:0859245	1	ALL_MAPPINGS_CONSISTENT		0	0		0		1
Spinocerebellar_Ataxia_Type_1	Spinocerebellar Ataxia Type 1	MONDO:0008119	1	ALL_MAPPINGS_CONSISTENT	ICD10:G11.8	0	0	ORDO:98755	1	skos:broadMatch	0
Spinocerebellar_Ataxia_Type_15_16	Spinocerebellar Ataxia Type 15/16	MONDO:0011694	1	ALL_MAPPINGS_CONSISTENT	ICD10:G11.2	0	0	ORDO:98769	1	skos:broadMatch	0
Spinocerebellar_Ataxia_Type_17	Spinocerebellar ataxia type 17	MONDO:0011781	1	TIMED_OUT	ICD10:G11.8	0	0	ORDO:98759	1	skos:broadMatch	0
Spinocerebellar_Ataxia_Type_2	Spinocerebellar Ataxia Type 2	MONDO:0008458	1	RETRACTED	ICD10:G11.2	0	0	ORDO:98756	1	skos:broadMatch	0
Spinocerebellar_Ataxia_Type_23	Spinocerebellar Ataxia Type 23	MONDO:0012449	1	ALL_MAPPINGS_CONSISTENT	ICD10:G11.2	0	0	ORDO:101108	1	skos:broadMatch	0
Spinocerebellar_Ataxia_Type_31	Spinocerebellar Ataxia Type 31	MONDO:0007296	1	TIMED_OUT	ICD10:G11.8	0	0	ORDO:217012	1	skos:broadMatch	0
Spinocerebellar_Ataxia_Type_36	Spinocerebellar Ataxia Type 36	MONDO:0013594	1	ALL_MAPPINGS_CONSISTENT	ICD10:G11.8	0	0	ORDO:276198	1	skos:broadMatch	0
Spinocerebellar_Ataxia_Type_8	Spinocerebellar Ataxia Type 8	MONDO:0012116	1	ALL_MAPPINGS_CONSISTENT	ICD10:G11.2	0	0	ORDO:98760	1	skos:broadMatch	0
Split_Hand_Foot_Malformation	Split Hand-Foot Malformation	MONDO:0016576	1	TIMED_OUT	ICD10:Q74.8|ICD10:Q92.3	0	0	ORDO:2440	1	skos:broadMatch	0
Spondylo-megaepiphyseal-metaphyseal_Dysplasia	Spondylo-megaepiphyseal-metaphyseal Dysplasia	MONDO:0013228	1	ALL_MAPPINGS_CONSISTENT	ICD10:Q77.7	0	0	ORDO:228387	1	skos:broadMatch	0
Spondylocarpotarsal_Synostosis_Syndrome	Spondylocarpotarsal Synostosis Syndrome	MONDO:0010094	1	ALL_MAPPINGS_CONSISTENT	ICD10:Q76.4	0	0	ORDO:3275	1	skos:broadMatch	0
Spondylocostal_Dysostosis	Spondylocostal Dysostosis	MONDO:0000359	1	ALL_MAPPINGS_CONSISTENT		0	0		0		1
Spondylodysplastic_Ehlers-Danlos_Syndrome	Spondylodysplastic Ehlers-Danlos Syndrome	MONDO:0007526	1	TIMED_OUT	ICD10:Q79.6	0	0	ORDO:75496	1	skos:broadMatch	0
Spondyloenchondrodysplasia	Spondyloenchondrodysplasia	MONDO:0011939	1	ALL_MAPPINGS_CONSISTENT	ICD10:Q77.7	0	0	ORDO:1855	1	skos:broadMatch	0
Spondyloepimetaphyseal_Dysplasia_Aggrecan_Type	Spondyloepimetaphyseal Dysplasia Aggrecan Type	MONDO:0013014	1	ALL_MAPPINGS_CONSISTENT	ICD10:Q77.7	0	0	ORDO:171866	1	skos:broadMatch	0
Spondyloepimetaphyseal_Dysplasia_Bieganski_Type	Spondyloepimetaphyseal Dysplasia Bieganski Type	MONDO:0010275	1	RETRACTED	ICD10:G37.8	0	0	ORDO:83629	1	skos:broadMatch	0
Spondyloepimetaphyseal_Dysplasia_Faden-Alkuraya_Type	Spondyloepimetaphyseal Dysplasia Faden-Alkuraya Type	MONDO:0014748	1	ALL_MAPPINGS_CONSISTENT	ICD10:Q87.8	0	0	ORDO:457395	1	skos:broadMatch	0
Spondyloepimetaphyseal_Dysplasia_Guo-Campeau_Type	Spondyloepimetaphyseal Dysplasia Guo-Campeau Type	MONDO:0958006	1	ALL_MAPPINGS_CONSISTENT		0	0		0		1
Spondyloepimetaphyseal_Dysplasia_Maroteaux_Type	Spondyloepimetaphyseal Dysplasia Maroteaux Type	MONDO:0008473	1	ALL_MAPPINGS_CONSISTENT	ICD10:Q77.7	0	0	ORDO:263482	1	skos:broadMatch	0
Spondyloepimetaphyseal_Dysplasia_Short_Limb_Abnormal_Calcification_Syndrome	Spondyloepimetaphyseal Dysplasia Short Limb Abnormal Calcification Syndrome	MONDO:0010077	1	ALL_MAPPINGS_CONSISTENT	ICD10:Q77.7	0	0	ORDO:93358	1	skos:broadMatch	0
Spondyloepimetaphyseal_Dysplasia_Strudwick_Type	Spondyloepimetaphyseal Dysplasia Strudwick Type	MONDO:0008476	1	ALL_MAPPINGS_CONSISTENT	ICD10:Q77.7	0	0	ORDO:93346	1	skos:broadMatch	0
Spondyloepiphyseal_Dysplasia_Congenita	Spondyloepiphyseal Dysplasia Congenita	MONDO:0008471	1	ALL_MAPPINGS_CONSISTENT	ICD10:Q77.7	0	0	ORDO:94068	1	skos:broadMatch	0
Spondyloepiphyseal_Dysplasia_Nishimura_Type	Spondyloepiphyseal Dysplasia, Nishimura Type	MONDO:0032835	1	ALL_MAPPINGS_CONSISTENT		0	0		0		1
Spondylometaphyseal_Dysplasia_Corner_Fracture_Type	Spondylometaphyseal Dysplasia Corner Fracture Type	MONDO:0008479	1	ALL_MAPPINGS_CONSISTENT	ICD10:Q77.8	0	0	ORDO:93315	1	skos:broadMatch	0
Spondylometaphyseal_Dysplasia_Kozlowski_Type	Spondylometaphyseal Dysplasia Kozlowski Type	MONDO:0008477	1	ALL_MAPPINGS_CONSISTENT	ICD10:Q77.8	0	0	ORDO:93314	1	skos:broadMatch	0
Spondylometaphyseal_Dysplasia_with_Cone-Rod_Dystrophy	Spondylometaphyseal Dysplasia with Cone-Rod Dystrophy	MONDO:0012160	1	ALL_MAPPINGS_CONSISTENT	ICD10:Q77.8	0	0	ORDO:85167	1	skos:broadMatch	0
Spondylometaphyseal_Dysplasia_with_Corneal_Dystrophy	Spondylometaphyseal Dysplasia with Corneal Dystrophy	MONDO:0030074	1	ALL_MAPPINGS_CONSISTENT	ICD10:Q87.8	0	0	ORDO:589435	1	skos:broadMatch	0
Spotted_Fever_Rickettsiosis	Spotted fever rickettsiosis	MONDO:0001195	0	RETRACTED	ICD10CM:A77|ICD10CM:A77.0|ICD10CM:A77.2|ICD10CM:A77.3|ICD10CM:A79.1	0	2	ORDO:102022	0		0
Stankiewicz_Isidor_syndrome	Stankiewicz-Isidor syndrome	MONDO:0054591	1	ALL_MAPPINGS_CONSISTENT		0	0		0		1
Stargardt_Disease	Stargardt Disease	MONDO:0019353	1	TIMED_OUT	ICD10:H35.5	0	0	ORDO:827	1	skos:broadMatch	0
Stickler_Syndrome_Type_1	Stickler Syndrome Type 1	MONDO:0007160	1	TIMED_OUT	ICD10:Q87.5	0	0	ORDO:90653	1	skos:broadMatch	0
Stickler_Syndrome_Type_2	Stickler Syndrome Type 2	MONDO:0011493	1	TIMED_OUT	ICD10:Q87.5	0	0	ORDO:90654	1	skos:broadMatch	0
Stiff_Skin_Syndrome	Stiff Skin Syndrome	MONDO:0008492	1	TIMED_OUT	ICD10:L98.8	0	0	ORDO:2833	1	skos:broadMatch	0
Stromal_Corneal_Dystrophy	Stromal Corneal Dystrophy	MONDO:0020213	0	ALL_MAPPINGS_CONSISTENT	ICD10CM:H18.55	0	0	ORDO:98626	0		0
Stromme_Syndrome	Stromme Syndrome	MONDO:0009477	1	RETRACTED	ICD10:Q13.8|ICD10:Q87.8	0	0	ORDO:444069|ORDO:506307	2	skos:broadMatch	0
Succinic_Semialdehyde_Dehydrogenase_Deficiency	Succinic Semialdehyde Dehydrogenase Deficiency	MONDO:0010083	1	ALL_MAPPINGS_CONSISTENT	ICD10:E72.8	0	0	ORDO:22	1	skos:broadMatch	0
Sweeney-Cox_Syndrome	Sweeney-Cox Syndrome	MONDO:0060592	1	ALL_MAPPINGS_CONSISTENT		0	0		0		1
Syndromic_X-linked_Intellectual_Disability_94	Syndromic X-linked Intellectual Disability 94	MONDO:0010402	1	ALL_MAPPINGS_CONSISTENT	ICD10:F72	0	0	ORDO:364028	1	skos:broadMatch	0
Systemic_Mastocytosis	Systemic Mastocytosis	MONDO:0016586	0	ALL_MAPPINGS_CONSISTENT	ICD10CM:C96.21|ICD10CM:D47.02	0	2	ORDO:2467	1	skos:exactMatch	0
TACO1-Related_COX_Deficiency	TACO1-Related COX Deficiency	MONDO:0033638	1	ALL_MAPPINGS_CONSISTENT		0	0		0		1
TANGO2_Deficiency_Disorder	TANGO2 Deficiency Disorder	MONDO:0018820	1	ALL_MAPPINGS_CONSISTENT	ICD10:G31.8	0	0	ORDO:480864	1	skos:broadMatch	0
TARP_syndrome	TARP syndrome	MONDO:0010711	1	ALL_MAPPINGS_CONSISTENT	ICD10:Q87.8	0	0	ORDO:2886	1	skos:broadMatch	0
TBX6-Associated_Congenital_Scoliosis	TBX6-Associated Congenital Scoliosis	MONDO:0007389	1	ALL_MAPPINGS_CONSISTENT		0	0		0		1
TCF20-Associated_Neurodevelopmental_Disorder	TCF20-Associated Neurodevelopmental Disorder	MONDO:0032745	1	ALL_MAPPINGS_CONSISTENT		0	0		0		1
TEX11-related_spermatogenic_failure	TEX11-related spermatogenic failure	MONDO:0010647	1	ALL_MAPPINGS_CONSISTENT		0	0		0		1
TFRC-Related_Combined_Immunodeficiency	TFRC-related Combined Immunodeficiency	MONDO:0014760	1	ALL_MAPPINGS_CONSISTENT	ICD10:D81.8	0	0	ORDO:476113	1	skos:broadMatch	0
TGFBI_Corneal_Dystrophies	TGFBI Corneal Dystrophies	MONDO:0000764	0	ALL_MAPPINGS_CONSISTENT		0	0		0		1
THG1L-Related_Disorder	THG1L-Related Disorder	MONDO:0032923	1	ALL_MAPPINGS_CONSISTENT		0	0		0		1
THOC2-Related_Intellectual_Disability	THOC2-Related Intellectual Disability	MONDO:0010496	1	ALL_MAPPINGS_CONSISTENT	ICD10:Q87.8	0	0	ORDO:457240	1	skos:broadMatch	0
THOC6-Related_Developmental_Delay-Microcephaly-Facial_Dysmorphism_Syndrome	THOC6-Related Developmental Delay-Microcephaly-Facial Dysmorphism Syndrome	MONDO:0013362	1	ALL_MAPPINGS_CONSISTENT	ICD10:Q87.0	0	0	ORDO:363444	1	skos:broadMatch	0
THUMPD1-Related_Neurodevelopmental_Disorder	THUMPD1-Related Neurodevelopmental Disorder with Speech Delay and Variable Ocular Anomalies	MONDO:0859272	1	ALL_MAPPINGS_CONSISTENT		0	0		0		1
TLR3_Deficiency	TLR3 Deficiency	MONDO:0800187	1	ALL_MAPPINGS_CONSISTENT		0	0		0		1
TMEM199-CDG	TMEM199-CDG	MONDO:0014790	1	ALL_MAPPINGS_CONSISTENT	ICD10:E77.8	0	0	ORDO:466703	1	skos:broadMatch	0
TNF_Receptor-Associated_Periodic_Syndrome	TNF Receptor-Associated Periodic Syndrome	MONDO:0007727	1	TIMED_OUT	ICD10:E85.0	0	0	ORDO:32960	1	skos:broadMatch	0
TP63_Ectodermal_Dysplasia_Spectrum	TP63-Related Ectodermal Dysplasia Spectrum	MONDO:1040001	0	ALL_MAPPINGS_CONSISTENT		0	0		0		1
TRAF3_Haploinsufficiency	TRAF3 Haploinsufficiency	MONDO:0100513	1	ALL_MAPPINGS_CONSISTENT		0	0		0		1
TRAPPC12-Related_Encephalopathy	TRAPPC12-Related Encephalopathy	MONDO:0044696	1	ALL_MAPPINGS_CONSISTENT	ICD10:Q07.8	0	0	ORDO:500144	1	skos:broadMatch	0
TRMU-Related_Acute_Infantile_Liver_Failure	TRMU-Related Acute Infantile Liver Failure	MONDO:0013111	1	ALL_MAPPINGS_CONSISTENT	ICD10:E88.8	0	0	ORDO:217371	1	skos:broadMatch	0
TTC19-related_Mitochondrial_Complex_III_Deficiency	TTC19-related mitochondrial complex III deficiency	MONDO:0014063	1	ALL_MAPPINGS_CONSISTENT		0	0		0		1
TTN_Related_Myopathy_Dominant_Negative_TTNsv	TTN-Related Myopathy, Dominant-Negative TTNsv	MONDO:0100494	1	ALL_MAPPINGS_CONSISTENT		0	0		0		1
TUBA1A-related_Tubulinopathy	TUBA1A-related Tubulinopathy	MONDO:0012703	1	ALL_MAPPINGS_CONSISTENT	ICD10:Q04.3	0	0	ORDO:171680	1	skos:broadMatch	0
TUBA4A-related_Disorder	TUBA4A-related Disorder	MONDO:0014531	1	ALL_MAPPINGS_CONSISTENT		0	0		0		1
TUBA8-related_Polymicrogyria_with_Optic_Nerve_Hypoplasia	TUBA8-related Polymicrogyria with Optic Nerve Hypoplasia	MONDO:0013172	1	ALL_MAPPINGS_CONSISTENT	ICD10:Q04.3	0	0	ORDO:250972	1	skos:broadMatch	0
TUBB1-related_Macrothrombocytopenia	TUBB1-related Macrothrombocytopenia	MONDO:0800047	1	ALL_MAPPINGS_CONSISTENT		0	0		0		1
TUBB2A_TUBB2B-related_Cortical_Malformation	TUBB2A/TUBB2B-related Cortical Malformation	MONDO:0018763	1	TIMED_OUT	ICD10:Q04.3|ICD10:Q04.8	0	0	ORDO:467166	1	skos:broadMatch	0
TUBB3-related_Tubulinopathy	TUBB3-related Tubulinopathy	MONDO:0100154	1	ALL_MAPPINGS_CONSISTENT		0	0		0		1
TUBB4A-related_Neurologic_Disorder	TUBB4A-related Neurologic Disorder	MONDO:0800470	1	TIMED_OUT	ICD10:E75.2	0	0		0		0
TUBB8-related_Oocyte_Maturation_Defect	TUBB8-related Oocyte Maturation Defect	MONDO:0021573	1	ALL_MAPPINGS_CONSISTENT		0	0		0		1
TUBB_TUBB5-related_Microcephaly	TUBB/TUBB5-related Microcephaly	MONDO:0014341	1	ALL_MAPPINGS_CONSISTENT		0	0		0		1
TUBG1-related_Tubulinopathy	TUBG1-related Tubulinopathy	MONDO:0014171	1	ALL_MAPPINGS_CONSISTENT		0	0		0		1
TUBGCP2-related_Lissencephaly_Spectrum_Disorder	TUBGCP2-related Lissencephaly Spectrum Disorder	MONDO:0032893	1	ALL_MAPPINGS_CONSISTENT		0	0		0		1
TUBGCP4-related_Microcephaly_and_Chorioretinopathy	TUBGCP4-related Microcephaly and Chorioretinopathy	MONDO:0014592	1	ALL_MAPPINGS_CONSISTENT		0	0		0		1
TUBGCP6-related_Microcephaly_and_Chorioretinopathy	TUBGCP6-related Microcephaly and Chorioretinopathy	MONDO:0009624	1	ALL_MAPPINGS_CONSISTENT	ICD10:Q87.8	0	0	ORDO:2518	1	skos:broadMatch	0
Tangier_Disease	Tangier_Disease	MONDO:0008783	1	ALL_MAPPINGS_CONSISTENT	ICD10:E78.6	0	0	ORDO:31150	1	skos:broadMatch	0
Tatton-Brown-Rahman_overgrowth_syndrome	Tatton-Brown-Rahman overgrowth syndrome	MONDO:0014382	1	ALL_MAPPINGS_CONSISTENT	ICD10:Q87.3	0	0	ORDO:404443	1	skos:broadMatch	0
Taurine_Transporter_Deficiency	Taurine transporter deficiency	MONDO:0007777	1	ALL_MAPPINGS_CONSISTENT		0	0		0		1
Taurodontism	Taurodontism	MONDO:0010098	1	ALL_MAPPINGS_CONSISTENT		0	0		0		1
Tay-Sachs_Disease_AB_Variant	Tay-Sachs Disease AB Variant	MONDO:0010099	1	ALL_MAPPINGS_CONSISTENT	ICD10:E75.0	0	0	ORDO:309246	1	skos:broadMatch	0
Temple-Baraitser_Syndrome	Temple-Baraitser Syndrome	MONDO:0012735	1	ALL_MAPPINGS_CONSISTENT	ICD10:Q87.2	0	0	ORDO:420561	1	skos:broadMatch	0
Temtamy_Preaxial_Brachydactyly_Syndrome	Temtamy Preaxial Brachydactyly Syndrome	MONDO:0011533	1	ALL_MAPPINGS_CONSISTENT	ICD10:Q87.2	0	0	ORDO:363417	1	skos:broadMatch	0
Temtamy_Syndrome	Temtamy Syndrome	MONDO:0009033	1	ALL_MAPPINGS_CONSISTENT	ICD10:Q87.8	0	0	ORDO:1777	1	skos:broadMatch	0
Testicular_Germ_Cell_Tumor	Testicular Germ Cell Tumor	MONDO:0010108	0	ALL_MAPPINGS_CONSISTENT		0	0	ORDO:363504	0		1
Testicular_Sex_Cord_Stromal_Neoplasm	Testicular Sex Cord-Stromal Neoplasm	MONDO:0003125	0	ALL_MAPPINGS_CONSISTENT		0	0	ORDO:363489	1	skos:narrowMatch	0
Tetrahydrobiopterin_Deficiency	Tetrahydrobiopterin Deficiency	MONDO:0016543	0	ALL_MAPPINGS_CONSISTENT		0	0	ORDO:238583	1	skos:broadMatch	0
Thanatophoric_Dysplasia	Thanatophoric Dysplasia	MONDO:0017042	1	TIMED_OUT	ICD10:Q77.1	0	0	ORDO:2655	1	skos:exactMatch	0
Thanatophoric_Dysplasia_Type_1	Thanatophoric Dysplasia Type 1	MONDO:0008546	1	ALL_MAPPINGS_CONSISTENT	ICD10:Q77.1	0	0	ORDO:1860	1	skos:broadMatch	0
Thanatophoric_Dysplasia_Type_2	Thanatophoric Dysplasia Type 2	MONDO:0008547	1	ALL_MAPPINGS_CONSISTENT	ICD10:Q77.1	0	0	ORDO:93274	1	skos:broadMatch	0
Thiopurine_S-methyltransferase_Deficiency	Thiopurine S-methyltransferase Deficiency	MONDO:0012503	1	RETRACTED		0	0		0		1
Thomsen_and_Becker_disease	Thomsen and Becker disease	MONDO:0009710	1	TIMED_OUT	ICD10:G71.1|ICD10CM:G71.12	0	2	ORDO:614	1	skos:broadMatch	0
Thrombophilia	Thrombophilia	MONDO:0002305	0	RETRACTED		0	0		0		1
Thymic_Neuroendocrine_Carcinoma	Thymic Neuroendocrine Carcinoma	MONDO:0020516	0	ALL_MAPPINGS_CONSISTENT		0	0	ORDO:99869	1	skos:broadMatch	0
Thymus_Neoplasm	Thymus Neoplasm	MONDO:0005197	0	RETRACTED		0	0	ORDO:100100	0		1
Thyroid_Dyshormonogenesis_5	Thyroid dyshormonogenesis 5	MONDO:0010137	1	ALL_MAPPINGS_CONSISTENT		0	0		0		1
Timothy_Syndrome	Timothy Syndrome	MONDO:0010979	1	ALL_MAPPINGS_CONSISTENT	ICD10:I49.8	0	0	ORDO:65283	1	skos:broadMatch	0
Toxic_Shock_Syndrome	Toxic Shock Syndrome	MONDO:0001881	0	ALL_MAPPINGS_CONSISTENT	ICD10CM:A48.3	0	2	ORDO:36234	1	skos:exactMatch	0
Toxoplasmosis	Toxoplasmosis	MONDO:0005989	0	ALL_MAPPINGS_CONSISTENT	ICD10CM:B58|ICD10CM:P37.1	0	2		0		0
Transaldolase_Deficiency	Transaldolase Deficiency	MONDO:0011624	1	ALL_MAPPINGS_CONSISTENT	ICD10:E74.8	0	0	ORDO:101028	1	skos:broadMatch	0
Transketolase_Deficiency	Transketolase Deficiency	MONDO:0014881	1	ALL_MAPPINGS_CONSISTENT	ICD10:E88.8	0	0	ORDO:488618	1	skos:broadMatch	0
Transverse_Myelitis	Transverse Myelitis	MONDO:0021553	0	ALL_MAPPINGS_CONSISTENT		1	0		0		0
Treacher_Collins_Syndrome	Treacher Collins Syndrome	MONDO:0002457	1	TIMED_OUT	ICD10:Q75.4	0	0	ORDO:861	1	skos:broadMatch	0
Trehalase_Deficiency	Trehalase Deficiency	MONDO:0012803	1	ALL_MAPPINGS_CONSISTENT	ICD10:E74.3	0	0	ORDO:103909	1	skos:broadMatch	0
Trichohepatoenteric_Syndrome	Trichohepatoenteric Syndrome	MONDO:0009105	1	TIMED_OUT	ICD10:K52.8	0	0	ORDO:84064	1	skos:broadMatch	0
Trichothiodystrophy	Trichothiodystrophy	MONDO:0018053	1	TIMED_OUT	ICD10:L67.8	0	0	ORDO:33364	1	skos:broadMatch	0
Triglyceride_Storage_Disease_Type_1	Triglyceride Storage Disease Type 1	MONDO:0008601	1	ALL_MAPPINGS_CONSISTENT		0	0		0		1
Triglyceride_Storage_Disease_Type_2	Triglyceride Storage Disease Type 2	MONDO:0008602	1	ALL_MAPPINGS_CONSISTENT		0	0		0		1
Trimethylaminuria	Trimethylaminuria	MONDO:0018767	1	ALL_MAPPINGS_CONSISTENT	ICD10:E88.8	0	0	ORDO:468726	1	skos:broadMatch	0
Triosephosphate_Isomerase_Deficiency	Triosephosphate Isomerase Deficiency	MONDO:0014221	1	ALL_MAPPINGS_CONSISTENT	ICD10:D55.2	0	0	ORDO:868	1	skos:broadMatch	0
Tuberous_Sclerosis_Complex	Tuberous Sclerosis Complex	MONDO:0001734	1	TIMED_OUT	ICD10:Q85.1|ICD10CM:Q85.1	0	2	ORDO:805	1	skos:exactMatch	0
Tyrosinemia_Type_I	Tyrosinemia Type I	MONDO:0010161	1	ALL_MAPPINGS_CONSISTENT	ICD10:E70.2	0	0	ORDO:882	1	skos:broadMatch	0
Tyrosinemia_Type_II	Tyrosinemia Type II	MONDO:0010160	1	ALL_MAPPINGS_CONSISTENT	ICD10:E70.2	0	0	ORDO:28378	1	skos:broadMatch	0
Tyrosinemia_Type_III	Tyrosinemia Type III	MONDO:0010162	1	ALL_MAPPINGS_CONSISTENT	ICD10:E70.2	0	0	ORDO:69723	1	skos:broadMatch	0
UBA5-Related_Developmental_and_Epileptic_Encephalopathy	UBA5-Related Developmental and Epileptic Encephalopathy	MONDO:0014933	1	ALL_MAPPINGS_CONSISTENT		0	0		0		1
UCHL1-Related_Neurodegeneration_with_Optic_Atrophy_and_Spastic_Paraplegia	UCHL1-Related Neurodegeneration with Optic Atrophy and Spastic Paraplegia	MONDO:0014209	1	ALL_MAPPINGS_CONSISTENT	ICD10:G31.8	0	0	ORDO:352654	1	skos:broadMatch	0
UGDH-Related_Developmental_and_Epileptic_Encephalopathy_84	UGDH-related developmental and epileptic encephalopathy 84	MONDO:0032918	1	ALL_MAPPINGS_CONSISTENT		0	0		0		1
UGGT1-congenital_disorder_of_glycosylation	UGGT1-congenital disorder of glycosylation	MONDO:0980705	1	ALL_MAPPINGS_CONSISTENT		0	0		0		1
UGP2-Related_Developmental_and_Epileptic_Encephalopathy_83	UGP2-related developmental and epileptic encephalopathy 83	MONDO:0032895	1	ALL_MAPPINGS_CONSISTENT		0	0		0		1
UNC13A_Congenital_NDD_with_Epilepsy	UNC13A-Related Congenital NDD with Epilepsy	MONDO:0980940	1	ALL_MAPPINGS_CONSISTENT		0	0		0		1
UNC13A_NDD_with_Seizures_and_Movement_Disorder	UNC13A-Related NDD with Seizures and Movement Disorder	MONDO:0980941	1	ALL_MAPPINGS_CONSISTENT		0	0		0		1
Ullrich_Congenital_Muscular_Dystrophy	Ullrich congenital muscular dystrophy	MONDO:0000355	1	TIMED_OUT	ICD10:G71.2	0	0	ORDO:75840	1	skos:broadMatch	0
Ulnar-Mammary_Syndrome	Ulnar-Mammary Syndrome	MONDO:0008411	1	ALL_MAPPINGS_CONSISTENT	ICD10:Q71.8	0	0	ORDO:3138	1	skos:broadMatch	0
Undetermined_Early_Onset_Epileptic_Encephalopathy	Undetermined Early-Onset Epileptic Encephalopathy	MONDO:0018614	1	TIMED_OUT	ICD10:G40.4	0	0	ORDO:442835	1	skos:broadMatch	0
Uner_Tan_Syndrome	Uner Tan Syndrome	MONDO:0100144	1	ALL_MAPPINGS_CONSISTENT		0	0		0		1
Unverricht-Lundborg_Disease	Unverricht-Lundborg Disease	MONDO:0009698	1	RETRACTED	ICD10:G40.3	0	0	ORDO:308	1	skos:broadMatch	0
Urea_Cycle_Disorder	Urea Cycle Disorder	MONDO:0004739	1	ALL_MAPPINGS_CONSISTENT	ICD10:E72.2	0	0	ORDO:79167	1	skos:exactMatch	0
Usher_Syndrome	Usher Syndrome	MONDO:0019501	1	TIMED_OUT	ICD10:H35.5	0	0	ORDO:886	1	skos:broadMatch	0
Usher_Syndrome_Type_4	Usher Syndrome Type 4	MONDO:0029141	1	ALL_MAPPINGS_CONSISTENT		0	0		0		1
Uveal_Coloboma-Cleft_Lip_and_Palate-Intellectual_Disability_Syndrome	Uveal Coloboma-Cleft Lip and Palate-Intellectual Disability Syndrome	MONDO:0007355	1	ALL_MAPPINGS_CONSISTENT	ICD10:Q13.8	0	0	ORDO:1473	1	skos:broadMatch	0
Uveitis	Uveitis	MONDO:0020283	0	ALL_MAPPINGS_CONSISTENT	ICD10CM:H44.11	0	0	ORDO:98715	0		0
VAMP2-Related_Disorder	VAMP2-Related Neurodevelopmental Disorder	MONDO:0032900	1	ALL_MAPPINGS_CONSISTENT		0	0		0		1
VCP-associated_Multisystem_Proteinopathy	VCP-Associated Multisystem Proteinopathy	MONDO:0008178	1	ALL_MAPPINGS_CONSISTENT		0	0		0		1
VLCAD_Deficiency	Very Long-Chain Acyl-CoA Dehydrogenase Deficiency	MONDO:0008723	1	TIMED_OUT	ICD10:E71.3|ICD10CM:E71.310	0	2	ORDO:26793	1	skos:broadMatch	0
VPS4A-Related_Neurodevelopmental_Syndrome	VPS4A-Related Neurodevelopmental Syndrome	MONDO:0035819	1	ALL_MAPPINGS_CONSISTENT	ICD10:Q04.8	0	0	ORDO:603448	1	skos:broadMatch	0
VPS51-Related_Pontocerebellar_Hypoplasia-CDG	VPS51-Related Pontocerebellar Hypoplasia-CDG	MONDO:0032831	1	ALL_MAPPINGS_CONSISTENT	ICD10:Q04.3	0	0	ORDO:613267	1	skos:broadMatch	0
VPS53-Related_Pontocerebellar_Hypoplasia_Type_2E	VPS53-Related Pontocerebellar Hypoplasia Type 2E	MONDO:0014370	1	ALL_MAPPINGS_CONSISTENT		0	0		0		1
Van_Buchem_Disease	Van Buchem Disease	MONDO:0009395	1	ALL_MAPPINGS_CONSISTENT	ICD10:M85.2	0	0	ORDO:3416	1	skos:broadMatch	0
Van_Maldergem_Syndrome	Van Maldergem Syndrome	MONDO:0017813	1	TIMED_OUT	ICD10:Q87.8	0	0	ORDO:314679	1	skos:broadMatch	0
Vascular_Ehlers-Danlos_Syndrome	Vascular Ehlers-Danlos Syndrome	MONDO:0017314	1	ALL_MAPPINGS_CONSISTENT	ICD10:Q79.6	0	0	ORDO:286	1	skos:broadMatch	0
Vici_Syndrome	Vici Syndrome	MONDO:0009452	1	ALL_MAPPINGS_CONSISTENT	ICD10:Q87.8	0	0	ORDO:1493	1	skos:broadMatch	0
Visceral_Heterotaxy_9	Visceral Heterotaxy 9	MONDO:0030070	1	ALL_MAPPINGS_CONSISTENT		0	0		0		1
Vitamin_D-Dependent_Rickets_Type_1A	Vitamin D-Dependent Rickets Type 1A	MONDO:0020723	1	ALL_MAPPINGS_CONSISTENT		0	0		0		1
Vitamin_D-Dependent_Rickets_Type_1B	Vitamin D-Dependent Rickets Type 1B	MONDO:0010810	1	ALL_MAPPINGS_CONSISTENT		0	0		0		1
Vitamin_D-Dependent_Rickets_Type_2A	Vitamin D-Dependent Rickets Type 2A	MONDO:0010186	1	ALL_MAPPINGS_CONSISTENT		0	0		0		1
Vitamin_D-Dependent_Rickets_Type_3	Vitamin D-Dependent Rickets Type 3	MONDO:0033640	1	ALL_MAPPINGS_CONSISTENT		0	0		0		1
Vitamin_K_Dependent_Coagulation_Factor_Deficiency	Vitamin K-Dependent Coagulation Factor Deficiency	MONDO:0015722	1	TIMED_OUT	ICD10:D68.2	0	0	ORDO:169826|ORDO:98434	1	skos:broadMatch	0
Vulvar_Adenocarcinoma	Vulvar Adenocarcinoma	MONDO:0024336	0	ALL_MAPPINGS_CONSISTENT		0	0	ORDO:494454	1	skos:broadMatch	0
WWOX-Related_Developmental_and_Epileptic_Encephalopathy	WWOX-Related Developmental and Epileptic Encephalopathy	MONDO:0014533	1	ALL_MAPPINGS_CONSISTENT		0	0		0		1
Warburg_Cinotti_Syndrome	Warburg-Cinotti Syndrome	MONDO:0032579	1	ALL_MAPPINGS_CONSISTENT		0	0		0		1
Warburg_Micro_Syndrome	Warburg micro syndrome	MONDO:0016649	1	TIMED_OUT	ICD10:Q87.0	0	0	ORDO:2510	1	skos:broadMatch	0
Warsaw_breakage_syndrome	Warsaw breakage syndrome	MONDO:0013252	1	ALL_MAPPINGS_CONSISTENT	ICD10:Q87.8	0	0	ORDO:280558	1	skos:broadMatch	0
Weaver_Syndrome	Weaver Syndrome	MONDO:0010193	1	TIMED_OUT	ICD10:Q87.3	0	0	ORDO:3447	1	skos:broadMatch	0
Weill-Marchesani_Syndrome	Weill-Marchesani syndrome	MONDO:0018096	1	TIMED_OUT	ICD10:Q87.0|ICD10:Q87.1|ICD10:Q87.8	0	0	ORDO:3449	1	skos:broadMatch	0
Weiss-Kruszka_Syndrome	Weiss-Kruszka Syndrome	MONDO:0032836	1	ALL_MAPPINGS_CONSISTENT	ICD10:Q87.8	0	0	ORDO:502430	1	skos:broadMatch	0
Werner_Syndrome	Werner Syndrome	MONDO:0010196	1	TIMED_OUT	ICD10:E34.8	0	0	ORDO:902	1	skos:broadMatch	0
White-Sutton_Syndrome	White-Sutton Syndrome	MONDO:0014606	1	ALL_MAPPINGS_CONSISTENT	ICD10:Q87.0	0	0	ORDO:468678	1	skos:broadMatch	0
Wieacker_Wolff_Syndrome	Wieacker-Wolff Syndrome Spectrum	MONDO:0025445	1	TIMED_OUT	ICD10:Q87.8	0	0		0		0
Wiedemann-Rautenstrauch_Syndrome	Wiedemann-Rautenstrauch Syndrome	MONDO:0009910	1	ALL_MAPPINGS_CONSISTENT	ICD10:E34.8	0	0	ORDO:3455	1	skos:broadMatch	0
Wiedemann-Steiner_Syndrome	Wiedemann-Steiner Syndrome	MONDO:0011518	1	ALL_MAPPINGS_CONSISTENT	ICD10:Q87.1	0	0	ORDO:319182	1	skos:broadMatch	0
Williams_Syndrome	Williams Syndrome	MONDO:0008678	1	TIMED_OUT	ICD10:Q93.8|ICD10CM:Q93.82	0	2	ORDO:904	1	skos:broadMatch	0
Wilms_Tumor	Wilms Tumor	MONDO:0006058	0	ALL_MAPPINGS_CONSISTENT		1	0		0		0
Wolcott-Rallison_Syndrome	Wolcott-Rallison Syndrome	MONDO:0009192	1	TIMED_OUT	ICD10:Q87.1	0	0	ORDO:1667	1	skos:broadMatch	0
Wolfram_Syndrome	Wolfram Syndrome	MONDO:0018105	1	TIMED_OUT	ICD10:E34.8	0	0	ORDO:3463	1	skos:broadMatch	0
Wolman_Disease	Wolman Disease	MONDO:0019148	1	RETRACTED	ICD10:E75.5	0	0	ORDO:75233	1	skos:broadMatch	0
Woodhouse-Sakati_Syndrome	Woodhouse-Sakati Syndrome	MONDO:0009419	1	ALL_MAPPINGS_CONSISTENT	ICD10:Q87.5	0	0	ORDO:3464	1	skos:broadMatch	0
X-Linked_Hypophosphatemia	X-Linked Hypophosphatemia	MONDO:0010619	1	ALL_MAPPINGS_CONSISTENT	ICD10:E83.3	0	0	ORDO:89936	1	skos:broadMatch	0
X-Linked_Infantile_Spinal_Muscular_Atrophy	X-Linked Infantile Spinal Muscular Atrophy	MONDO:0010532	1	ALL_MAPPINGS_CONSISTENT	ICD10:G12.1	0	0	ORDO:1145	1	skos:broadMatch	0
X-Linked_Spondyloepiphyseal_Dysplasia_Tarda	X-Linked Spondyloepiphyseal Dysplasia Tarda	MONDO:0010737	1	ALL_MAPPINGS_CONSISTENT		0	0		0		1
X-linked_Agammaglobulinemia	X-linked Agammaglobulinemia	MONDO:0010421	1	ALL_MAPPINGS_CONSISTENT	ICD10:D80.0	0	0	ORDO:47	1	skos:broadMatch	0
X-linked_Chondrodysplasia_Punctata_1	X-linked Chondrodysplasia Punctata 1	MONDO:0010555	1	ALL_MAPPINGS_CONSISTENT	ICD10:Q77.3	0	0	ORDO:79345	1	skos:broadMatch	0
X-linked_Chondrodysplasia_Punctata_2	X-linked Chondrodysplasia Punctata 2	MONDO:0020603	1	ALL_MAPPINGS_CONSISTENT	ICD10:Q77.3	0	0	ORDO:35173	1	skos:broadMatch	0
X-linked_Dilated_Cardiomyopathy	X-linked Dilated Cardiomyopathy	MONDO:0010542	1	ALL_MAPPINGS_CONSISTENT		0	0		0		1
X-linked_Dystonia-Parkinsonism	X-linked Dystonia-Parkinsonism	MONDO:0010747	1	ALL_MAPPINGS_CONSISTENT	ICD10:G24.1	0	0	ORDO:53351	1	skos:broadMatch	0
X-linked_Mendelian_Susceptibility_to_Mycobacterial_Diseases_due_to_CYBB_Deficiency	X-linked Mendelian Susceptibility to Mycobacterial Diseases due to CYBB Deficiency	MONDO:0010389	1	ALL_MAPPINGS_CONSISTENT		0	0		0		1
X-linked_Nonsyndromic_Hearing_Loss	X-linked Nonsyndromic Hearing Loss	MONDO:0019586	0	ALL_MAPPINGS_CONSISTENT		0	0	ORDO:90625	1	skos:broadMatch	0
X-linked_Retinoschisis	X-linked Retinoschisis	MONDO:0010725	1	ALL_MAPPINGS_CONSISTENT	ICD10:Q14.1	0	0	ORDO:792	1	skos:broadMatch	0
XFE_Progeroid_Syndrome	XFE Progeroid Syndrome	MONDO:0012590	1	ALL_MAPPINGS_CONSISTENT		0	0		0		1
Xeroderma_Pigmentosum	Xeroderma Pigmentosum	MONDO:0019600	1	TIMED_OUT	ICD10:Q82.1|ICD10CM:Q82.1	0	2	ORDO:910	1	skos:exactMatch	0
YWHAG_Syndrome	YWHAG Syndrome	MONDO:0033365	1	ALL_MAPPINGS_CONSISTENT		0	0		0		1
Yolk_Sac_Tumor	Yolk Sac Tumor	MONDO:0005744	0	ALL_MAPPINGS_CONSISTENT		0	0	ORDO:876	2	skos:broadMatch	0
You-Hoover-Fong_Syndrome	You-Hoover-Fong Syndrome	MONDO:0014848	1	ALL_MAPPINGS_CONSISTENT	ICD10:Q87.8	0	0	ORDO:488642	1	skos:broadMatch	0
ZNF407-Related_Neurodevelopmental_Disorder	ZNF407-Related Neurodevelopmental Disorder	MONDO:0859198	1	ALL_MAPPINGS_CONSISTENT		0	0		0		1
ZTTK_syndrome	ZTTK syndrome	MONDO:0014936	1	ALL_MAPPINGS_CONSISTENT	ICD10:Q87.8	0	0	ORDO:500150	1	skos:broadMatch	0
Zellweger_Spectrum_Disorders	Zellweger Spectrum Disorders	MONDO:0019609	1	TIMED_OUT	ICD10:G60.1|ICD10:Q87.8|ICD10CM:E71.510	0	2	ORDO:772|ORDO:912	2	skos:broadMatch	0
Zimmermann_Laband_Syndrome	Zimmermann-Laband Syndrome	MONDO:0000200	1	TIMED_OUT	ICD10:Q87.8	0	0	ORDO:3473	1	skos:broadMatch	0
Zlotogora-Ogur_Syndrome	Zlotogora-Ogur Syndrome	MONDO:0009151	1	ALL_MAPPINGS_CONSISTENT	ICD10:Q82.4	0	0	ORDO:3253	1	skos:broadMatch	0
aceruloplasminemia	aceruloplasminemia	MONDO:0011426	1	ALL_MAPPINGS_CONSISTENT	ICD10:E83.1	0	0	ORDO:48818	1	skos:broadMatch	0
adrenoleukodystrophy	adrenoleukodystrophy	MONDO:0018544	1	TIMED_OUT	ICD10:E71.3|ICD10CM:E71.522	0	0	ORDO:43	1	skos:broadMatch	0
alpha-Methylacyl-CoA_Racemase_Deficiency	Alpha-Methylacyl-CoA Racemase Deficiency	MONDO:0013681	1	ALL_MAPPINGS_CONSISTENT		0	0		0		1
erythromelalgia	erythromelalgia	MONDO:0016028	0	ALL_MAPPINGS_CONSISTENT	ICD10CM:I73.81	0	2		0		0
neuroferritinopathy	neuroferritinopathy	MONDO:0011638	1	ALL_MAPPINGS_CONSISTENT	ICD10:G23.0	0	0	ORDO:157846	1	skos:broadMatch	0
ornithine_aminotransferase_deficiency	ornithine aminotransferase deficiency	MONDO:0009796	1	ALL_MAPPINGS_CONSISTENT	ICD10:E72.4	0	0	ORDO:414	1	skos:broadMatch	0
