curie,label,retrieved_at
GO:0000012,single strand break repair,2026-03-19T15:58:15.156823
GO:0000016,lactase activity,2026-07-06T20:20:51.146540
GO:0000027,ribosomal large subunit assembly,2026-04-16T12:31:24.767975
GO:0000030,mannosyltransferase activity,2026-05-17T22:47:16.964798
GO:0000033,"alpha-1,3-mannosyltransferase activity",2026-08-01T12:48:55.732888
GO:0000038,very long-chain fatty acid metabolic process,2026-03-17T19:49:40.996718
GO:0000045,autophagosome assembly,2026-07-01T22:40:22.192043
GO:0000050,urea cycle,2026-03-17T19:49:53.149425
GO:0000062,fatty-acyl-CoA binding,2026-07-31T05:39:36.758253
GO:0000070,mitotic sister chromatid segregation,2026-07-31T17:25:52.540775
GO:0000075,cell cycle checkpoint signaling,2026-03-17T19:50:48.309619
GO:0000077,DNA damage checkpoint signaling,2026-05-09T18:41:32.013634
GO:0000082,G1/S transition of mitotic cell cycle,2026-03-17T19:50:48.305633
GO:0000086,G2/M transition of mitotic cell cycle,2026-08-14T14:30:32.813877
GO:0000096,sulfur amino acid metabolic process,2026-03-19T16:11:03.528740
GO:0000098,sulfur amino acid catabolic process,2026-07-31T02:45:09.880347
GO:0000104,succinate dehydrogenase activity,2026-03-17T19:49:58.812839
GO:0000122,negative regulation of transcription by RNA polymerase II,2026-04-14T01:01:24.667758
GO:0000132,establishment of mitotic spindle orientation,2026-06-12T01:34:23.318714
GO:0000139,Golgi membrane,2026-04-25T17:54:42.447815
GO:0000146,microfilament motor activity,2026-07-28T12:16:24.755211
GO:0000159,protein phosphatase type 2A complex,2026-07-30T23:39:00.342660
GO:0000165,MAPK cascade,2026-03-17T19:50:22.064324
GO:0000184,"nuclear-transcribed mRNA catabolic process, nonsense-mediated decay",2026-03-17T19:55:49.808535
GO:0000209,protein polyubiquitination,2026-08-01T19:14:40.959305
GO:0000212,meiotic spindle organization,2026-08-20T18:47:28.423187
GO:0000224,peptide-N4-(N-acetyl-beta-glucosaminyl)asparagine amidase activity,2026-07-05T23:14:53.555028
GO:0000226,microtubule cytoskeleton organization,2026-04-25T18:24:23.950218
GO:0000242,pericentriolar material,2026-06-15T01:20:04.026020
GO:0000244,spliceosomal tri-snRNP complex assembly,2026-07-09T14:32:14.071201
GO:0000245,spliceosomal complex assembly,2026-08-17T03:17:37.506412
GO:0000247,C-8 sterol isomerase activity,2026-08-27T00:53:12.612893
GO:0000248,C-5 sterol desaturase activity,2026-08-27T19:37:43.764263
GO:0000250,lanosterol synthase activity,2026-08-17T11:36:32.659267
GO:0000252,3-beta-hydroxysteroid dehydrogenase [NAD(P)+]/C4-decarboxylase activity,2026-08-13T21:50:21.732354
GO:0000254,C-4 methylsterol oxidase activity,2026-08-01T06:32:52.354899
GO:0000266,mitochondrial fission,2026-03-17T19:49:53.155410
GO:0000271,polysaccharide biosynthetic process,2026-05-04T20:03:40.698879
GO:0000278,mitotic cell cycle,2026-06-09T21:06:54.160126
GO:0000281,mitotic cytokinesis,2026-08-01T09:42:56.731326
GO:0000289,nuclear-transcribed mRNA poly(A) tail shortening,2026-07-31T01:57:28.229958
GO:0000302,response to reactive oxygen species,2026-07-16T12:03:35.153390
GO:0000346,transcription export complex,2026-07-31T17:09:34.898462
GO:0000375,"RNA splicing, via transesterification reactions",2026-03-19T15:56:23.794038
GO:0000380,"alternative mRNA splicing, via spliceosome",2026-07-31T18:40:26.678647
GO:0000381,"regulation of alternative mRNA splicing, via spliceosome",2026-03-17T19:53:16.010287
GO:0000387,spliceosomal snRNP assembly,2026-05-25T17:18:16.917340
GO:0000398,"mRNA splicing, via spliceosome",2026-04-16T12:24:15.095937
GO:0000413,protein peptidyl-prolyl isomerization,2026-06-30T06:40:31.107169
GO:0000422,autophagy of mitochondrion,2026-03-17T19:49:53.159533
GO:0000423,mitophagy,2026-03-17T19:55:31.505623
GO:0000445,THO complex part of transcription export complex,2026-07-31T17:09:33.056740
GO:0000502,proteasome complex,2026-08-01T00:48:35.346512
GO:0000711,meiotic DNA repair synthesis,2026-06-23T16:32:34.047188
GO:0000722,telomere maintenance via recombination,2026-05-08T17:10:20.825566
GO:0000723,telomere maintenance,2026-03-19T16:10:23.867872
GO:0000724,double-strand break repair via homologous recombination,2026-03-19T15:58:15.150353
GO:0000725,recombinational repair,2026-08-15T20:12:27.355221
GO:0000729,DNA double-strand break processing,2026-05-27T19:03:39.030726
GO:0000768,syncytium formation by cell-cell fusion,2026-07-14T17:13:27.749183
GO:0000785,chromatin,2026-03-19T16:11:00.471909
GO:0000786,nucleosome,2026-03-19T16:11:00.478556
GO:0000792,heterochromatin,2026-08-01T09:06:29.098573
GO:0000814,ESCRT II complex,2026-08-01T14:09:05.551752
GO:0000815,ESCRT III complex,2026-08-01T09:42:50.794169
GO:0000902,cell morphogenesis,2026-05-03T15:42:33.148225
GO:0000910,cytokinesis,2026-06-05T15:11:54.241512
GO:0000922,spindle pole,2026-08-04T11:19:55.808128
GO:0000930,gamma-tubulin complex,2026-08-20T15:16:57.235449
GO:0000931,gamma-tubulin ring complex,2026-08-24T20:13:05.635038
GO:0000956,nuclear-transcribed mRNA catabolic process,2026-08-22T23:37:45.576578
GO:0000964,mitochondrial RNA 5'-end processing,2026-06-03T23:16:33.772498
GO:0000976,transcription cis-regulatory region binding,2026-05-03T19:23:06.570451
GO:0000978,RNA polymerase II cis-regulatory region sequence-specific DNA binding,2026-08-19T08:57:30.910813
GO:0000981,"DNA-binding transcription factor activity, RNA polymerase II-specific",2026-05-10T16:21:10.428373
GO:0001171,reverse transcription,2026-03-19T15:55:26.245982
GO:0001222,transcription corepressor binding,2026-08-26T22:23:01.547442
GO:0001227,"DNA-binding transcription repressor activity, RNA polymerase II-specific",2026-04-30T20:25:17.078910
GO:0001501,skeletal system development,2026-03-17T19:52:03.641086
GO:0001503,ossification,2026-03-17T19:50:01.644922
GO:0001504,neurotransmitter uptake,2026-06-03T23:14:33.604833
GO:0001508,action potential,2026-05-30T23:11:41.494056
GO:0001510,RNA methylation,2026-08-01T02:16:04.400976
GO:0001514,selenocysteine incorporation,2026-07-05T22:20:01.514972
GO:0001516,prostaglandin biosynthetic process,2026-04-22T22:11:11.446678
GO:0001518,voltage-gated sodium channel complex,2026-08-01T19:39:40.011896
GO:0001522,pseudouridine synthesis,2026-05-07T09:03:05.130991
GO:0001523,retinoid metabolic process,2026-03-17T19:52:47.848646
GO:0001525,angiogenesis,2026-03-17T19:49:55.905371
GO:0001537,dermatan 4-sulfotransferase activity,2026-07-31T20:08:55.341966
GO:0001541,ovarian follicle development,2026-04-14T01:01:24.660191
GO:0001552,ovarian follicle atresia,2026-08-10T05:57:28.385849
GO:0001553,luteinization,2026-08-25T18:44:43.480893
GO:0001556,oocyte maturation,2026-08-20T18:47:34.782231
GO:0001558,regulation of cell growth,2026-05-07T09:31:07.037718
GO:0001561,fatty acid alpha-oxidation,2026-05-07T14:04:00.409826
GO:0001568,blood vessel development,2026-03-17T19:51:37.345847
GO:0001569,branching involved in blood vessel morphogenesis,2026-06-17T17:47:51.368370
GO:0001570,vasculogenesis,2026-03-17T19:49:55.901997
GO:0001573,ganglioside metabolic process,2026-05-04T06:51:43.504305
GO:0001574,ganglioside biosynthetic process,2026-08-13T20:46:00.847994
GO:0001618,virus receptor activity,2026-08-19T22:37:33.029435
GO:0001621,G protein-coupled ADP receptor activity,2026-08-24T16:30:26.981207
GO:0001649,osteoblast differentiation,2026-03-19T15:56:41.975234
GO:0001654,eye development,2026-03-17T19:52:44.978738
GO:0001655,urogenital system development,2026-06-04T18:08:52.120612
GO:0001656,metanephros development,2026-04-12T16:33:56.315927
GO:0001657,ureteric bud development,2026-06-08T11:55:32.556328
GO:0001659,temperature homeostasis,2026-03-17T19:50:34.794985
GO:0001662,behavioral fear response,2026-07-29T22:41:01.133230
GO:0001666,response to hypoxia,2026-03-17T19:49:58.817436
GO:0001676,long-chain fatty acid metabolic process,2026-03-19T16:00:31.979697
GO:0001678,intracellular glucose homeostasis,2026-03-17T19:55:18.865855
GO:0001696,gastric acid secretion,2026-07-01T01:41:16.610023
GO:0001709,cell fate determination,2026-07-01T16:34:49.787900
GO:0001717,conversion of seryl-tRNAsec to selenocys-tRNAsec,2026-08-01T19:12:44.655146
GO:0001736,establishment of planar polarity,2026-06-17T11:58:14.018347
GO:0001750,photoreceptor outer segment,2026-04-12T18:28:40.100944
GO:0001755,neural crest cell migration,2026-03-19T15:57:59.865183
GO:0001756,somitogenesis,2026-06-28T18:13:47.345571
GO:0001764,neuron migration,2026-03-19T16:04:50.580689
GO:0001774,microglial cell activation,2026-03-19T15:56:23.802139
GO:0001778,plasma membrane repair,2026-07-01T16:24:57.121009
GO:0001779,natural killer cell differentiation,2026-08-17T21:20:30.328727
GO:0001782,B cell homeostasis,2026-08-01T15:12:21.232069
GO:0001783,B cell apoptotic process,2026-08-01T15:12:19.792378
GO:0001784,phosphotyrosine residue binding,2026-08-20T15:35:15.117546
GO:0001788,antibody-dependent cellular cytotoxicity,2026-05-15T19:41:55.873135
GO:0001802,type III hypersensitivity,2026-05-24T15:35:40.514717
GO:0001806,type IV hypersensitivity,2026-03-19T16:02:36.242668
GO:0001816,cytokine production,2026-03-17T19:49:15.261360
GO:0001817,regulation of cytokine production,2026-05-06T20:02:04.533276
GO:0001819,positive regulation of cytokine production,2026-03-19T16:14:18.112676
GO:0001820,serotonin secretion,2026-05-08T13:53:51.538315
GO:0001822,kidney development,2026-03-19T16:12:59.864246
GO:0001825,blastocyst formation,2026-07-31T22:56:22.363904
GO:0001836,release of cytochrome c from mitochondria,2026-07-31T06:36:50.323368
GO:0001837,epithelial to mesenchymal transition,2026-03-17T19:50:15.986050
GO:0001841,neural tube formation,2026-06-16T22:32:20.743076
GO:0001843,neural tube closure,2026-08-01T00:25:52.679490
GO:0001867,"complement activation, lectin pathway",2026-04-14T13:46:22.802143
GO:0001881,receptor recycling,2026-06-05T15:03:17.990289
GO:0001889,liver development,2026-03-17T19:54:39.670226
GO:0001890,placenta development,2026-03-17T19:54:22.499736
GO:0001893,maternal placenta development,2026-08-15T08:42:28.237333
GO:0001895,retina homeostasis,2026-06-08T18:11:57.267511
GO:0001905,activation of membrane attack complex,2026-06-19T09:41:17.368007
GO:0001910,regulation of leukocyte mediated cytotoxicity,2026-07-31T06:33:55.317528
GO:0001913,T cell mediated cytotoxicity,2026-03-17T19:49:20.750557
GO:0001917,photoreceptor inner segment,2026-03-19T19:20:56.260679
GO:0001935,endothelial cell proliferation,2026-06-18T20:05:19.070153
GO:0001942,hair follicle development,2026-03-19T19:16:06.695971
GO:0001944,vasculature development,2026-05-04T16:31:14.681309
GO:0001945,lymph vessel development,2026-03-19T16:16:32.321200
GO:0001946,lymphangiogenesis,2026-03-19T15:59:49.330338
GO:0001947,heart looping,2026-04-25T19:32:44.747418
GO:0001957,intramembranous ossification,2026-03-19T16:02:02.844706
GO:0001958,endochondral ossification,2026-03-17T19:50:01.640812
GO:0001960,negative regulation of cytokine-mediated signaling pathway,2026-08-21T16:42:45.844078
GO:0001963,"synaptic transmission, dopaminergic",2026-05-21T20:13:22.616796
GO:0001972,retinoic acid binding,2026-08-08T12:06:28.719214
GO:0001974,blood vessel remodeling,2026-03-19T16:04:07.021677
GO:0001975,response to amphetamine,2026-05-30T17:17:30.304162
GO:0001991,regulation of systemic arterial blood pressure by circulatory renin-angiotensin,2026-06-03T22:39:15.163433
GO:0002001,renin secretion into blood stream,2026-04-22T23:07:07.575843
GO:0002016,regulation of blood volume by renin-angiotensin,2026-03-17T19:54:22.511382
GO:0002018,renin-angiotensin regulation of aldosterone production,2026-03-19T16:01:18.669630
GO:0002026,regulation of the force of heart contraction,2026-08-17T21:14:54.335042
GO:0002027,regulation of heart rate,2026-04-28T10:03:53.555442
GO:0002040,sprouting angiogenesis,2026-04-30T14:17:46.833884
GO:0002062,chondrocyte differentiation,2026-03-19T15:55:14.209115
GO:0002063,chondrocyte development,2026-05-29T18:30:31.844521
GO:0002072,optic cup morphogenesis involved in camera-type eye development,2026-08-01T08:19:57.157626
GO:0002074,extraocular skeletal muscle development,2026-08-20T07:40:46.719203
GO:0002087,regulation of respiratory gaseous exchange by nervous system process,2026-03-19T15:55:17.251919
GO:0002088,lens development in camera-type eye,2026-04-04T12:28:23.861626
GO:0002098,tRNA wobble uridine modification,2026-08-05T11:19:20.562120
GO:0002115,store-operated calcium entry,2026-05-25T13:10:44.820873
GO:0002138,retinoic acid biosynthetic process,2026-08-01T08:20:00.272896
GO:0002143,tRNA wobble position uridine thiolation,2026-06-24T19:10:40.606595
GO:0002156,negative regulation of thyroid hormone receptor signaling pathway,2026-08-26T22:23:03.135084
GO:0002181,cytoplasmic translation,2026-08-01T07:34:42.338995
GO:0002190,cap-independent translational initiation,2026-06-19T09:04:32.063163
GO:0002191,cap-dependent translational initiation,2026-08-18T15:28:51.547677
GO:0002218,activation of innate immune response,2026-03-19T16:07:31.525530
GO:0002221,pattern recognition receptor signaling pathway,2026-03-19T16:02:12.245692
GO:0002224,toll-like receptor signaling pathway,2026-03-17T19:53:06.844326
GO:0002230,positive regulation of defense response to virus by host,2026-05-26T21:23:38.610345
GO:0002237,response to molecule of bacterial origin,2026-03-19T16:14:18.105471
GO:0002244,hematopoietic progenitor cell differentiation,2026-03-19T16:06:56.073294
GO:0002250,adaptive immune response,2026-03-17T19:49:15.272364
GO:0002253,activation of immune response,2026-03-19T15:56:20.512317
GO:0002254,kinin cascade,2026-08-04T18:10:41.890936
GO:0002260,lymphocyte homeostasis,2026-05-30T22:14:44.092344
GO:0002262,myeloid cell homeostasis,2026-03-19T16:01:28.042595
GO:0002292,T cell differentiation involved in immune response,2026-03-19T16:02:24.241279
GO:0002314,germinal center B cell differentiation,2026-05-03T15:42:44.659538
GO:0002317,plasma cell differentiation,2026-03-19T16:03:03.622115
GO:0002329,pre-B cell differentiation,2026-08-01T09:35:38.847726
GO:0002330,pre-B cell receptor expression,2026-08-01T09:35:37.397426
GO:0002353,plasma kallikrein-kinin cascade,2026-08-12T18:50:46.250809
GO:0002366,leukocyte activation involved in immune response,2026-06-06T17:15:29.980329
GO:0002376,immune system process,2026-03-17T19:55:22.073144
GO:0002377,immunoglobulin production,2026-03-17T19:49:20.745689
GO:0002416,IgG immunoglobulin transcytosis in epithelial cells mediated by FcRn immunoglobulin receptor,2026-08-05T21:33:31.425324
GO:0002418,immune response to tumor cell,2026-03-19T15:55:26.259594
GO:0002419,T cell mediated cytotoxicity directed against tumor cell target,2026-03-19T16:15:10.311969
GO:0002426,immunoglobulin production in mucosal tissue,2026-08-08T16:10:23.167917
GO:0002432,granuloma formation,2026-03-17T19:51:19.229176
GO:0002434,immune complex clearance,2026-08-12T11:06:07.853908
GO:0002437,inflammatory response to antigenic stimulus,2026-03-19T15:57:07.589083
GO:0002443,leukocyte mediated immunity,2026-05-03T20:36:14.181048
GO:0002446,neutrophil mediated immunity,2026-07-05T19:29:49.946415
GO:0002448,mast cell mediated immunity,2026-07-26T19:09:02.502712
GO:0002455,humoral immune response mediated by circulating immunoglobulin,2026-05-06T22:33:39.528838
GO:0002456,T cell mediated immunity,2026-03-17T19:53:22.020997
GO:0002458,peripheral T cell tolerance induction,2026-05-12T21:09:11.572445
GO:0002460,adaptive immune response based on somatic recombination of immune receptors built from immunoglobulin superfamily domains,2026-03-19T16:09:53.554603
GO:0002461,tolerance induction dependent upon immune response,2026-05-30T22:14:44.104279
GO:0002467,germinal center formation,2026-03-17T19:53:06.871351
GO:0002468,dendritic cell antigen processing and presentation,2026-03-19T16:02:36.236618
GO:0002474,antigen processing and presentation of peptide antigen via MHC class I,2026-03-17T19:50:28.109047
GO:0002495,antigen processing and presentation of peptide antigen via MHC class II,2026-03-19T15:55:32.165723
GO:0002504,antigen processing and presentation of peptide or polysaccharide antigen via MHC class II,2026-07-30T16:47:54.953479
GO:0002507,tolerance induction,2026-06-03T13:27:06.638658
GO:0002512,central T cell tolerance induction,2026-05-12T13:35:31.499952
GO:0002523,leukocyte migration involved in inflammatory response,2026-08-01T09:40:52.208525
GO:0002526,acute inflammatory response,2026-07-31T06:31:05.459193
GO:0002534,cytokine production involved in inflammatory response,2026-08-04T00:34:14.761483
GO:0002542,Factor XII activation,2026-08-12T18:50:43.854659
GO:0002543,activation of blood coagulation via clotting cascade,2026-08-16T02:53:52.750349
GO:0002544,chronic inflammatory response,2026-03-19T16:10:20.810352
GO:0002550,positive regulation of plasma kallikrein-kinin cascade,2026-08-12T18:50:48.208949
GO:0002553,histamine secretion by mast cell,2026-07-05T08:02:35.403829
GO:0002558,type I hypersensitivity mediated by mast cells,2026-07-05T08:02:33.524170
GO:0002573,myeloid leukocyte differentiation,2026-07-31T17:01:04.526241
GO:0002576,platelet degranulation,2026-06-16T16:54:27.670761
GO:0002639,positive regulation of immunoglobulin production,2026-08-19T09:23:21.785375
GO:0002682,regulation of immune system process,2026-03-19T15:57:47.928257
GO:0002683,negative regulation of immune system process,2026-05-10T10:22:45.995079
GO:0002710,negative regulation of T cell mediated immunity,2026-03-19T16:09:40.941456
GO:0002753,cytoplasmic pattern recognition receptor signaling pathway,2026-06-28T19:00:37.519785
GO:0002757,immune response-activating signaling pathway,2026-03-19T16:18:05.647750
GO:0002768,immune response-regulating cell surface receptor signaling pathway,2026-07-22T09:47:07.389463
GO:0002820,negative regulation of adaptive immune response,2026-08-24T01:10:50.427020
GO:0002841,negative regulation of T cell mediated immune response to tumor cell,2026-06-15T21:44:38.642358
GO:0002930,trabecular meshwork development,2026-06-08T10:42:01.811356
GO:0002931,response to ischemia,2026-03-17T19:52:09.431933
GO:0002934,desmosome organization,2026-04-25T23:10:56.482621
GO:0002936,bradykinin biosynthetic process,2026-05-10T13:11:36.213907
GO:0003002,regionalization,2026-03-17T19:54:49.788699
GO:0003007,heart morphogenesis,2026-05-02T01:33:39.545446
GO:0003009,skeletal muscle contraction,2026-03-17T19:50:51.266282
GO:0003014,renal system process,2026-06-24T05:52:49.202105
GO:0003016,respiratory system process,2026-08-24T17:42:45.653206
GO:0003018,vascular process in circulatory system,2026-05-16T03:34:50.713600
GO:0003050,regulation of systemic arterial blood pressure by atrial natriuretic peptide,2026-08-19T09:22:48.381427
GO:0003066,positive regulation of heart rate by norepinephrine,2026-03-19T16:22:43.625692
GO:0003073,regulation of systemic arterial blood pressure,2026-08-24T17:42:47.875928
GO:0003091,renal water homeostasis,2026-04-22T23:07:33.425343
GO:0003094,glomerular filtration,2026-04-14T13:34:57.058245
GO:0003096,renal sodium ion transport,2026-04-22T22:11:11.314132
GO:0003143,embryonic heart tube morphogenesis,2026-08-19T09:39:36.511810
GO:0003147,neural crest cell migration involved in heart formation,2026-03-19T16:13:16.154475
GO:0003148,outflow tract septum morphogenesis,2026-06-08T17:05:04.808877
GO:0003151,outflow tract morphogenesis,2026-03-19T15:54:46.014883
GO:0003161,cardiac conduction system development,2026-04-30T20:30:32.355342
GO:0003170,heart valve development,2026-07-05T14:01:37.318925
GO:0003179,heart valve morphogenesis,2026-03-19T16:19:43.163362
GO:0003181,atrioventricular valve morphogenesis,2026-03-19T16:11:00.463294
GO:0003186,tricuspid valve morphogenesis,2026-08-09T04:05:02.278246
GO:0003197,endocardial cushion development,2026-08-18T15:28:57.841048
GO:0003198,epithelial to mesenchymal transition involved in endocardial cushion formation,2026-08-18T15:28:54.343760
GO:0003203,endocardial cushion morphogenesis,2026-08-19T09:39:41.765178
GO:0003208,cardiac ventricle morphogenesis,2026-07-31T06:32:37.020071
GO:0003209,cardiac atrium morphogenesis,2026-04-13T22:39:52.746601
GO:0003222,ventricular trabecula myocardium morphogenesis,2026-08-17T09:20:43.480447
GO:0003231,cardiac ventricle development,2026-08-10T05:02:30.196459
GO:0003239,conus arteriosus morphogenesis,2026-07-31T17:26:18.243311
GO:0003253,cardiac neural crest cell migration involved in outflow tract morphogenesis,2026-03-19T15:54:46.010016
GO:0003272,endocardial cushion formation,2026-08-19T09:39:40.222001
GO:0003279,cardiac septum development,2026-08-01T19:06:51.506900
GO:0003281,ventricular septum development,2026-08-01T14:36:38.758897
GO:0003283,atrial septum development,2026-08-01T19:25:58.803827
GO:0003300,cardiac muscle hypertrophy,2026-03-17T19:54:22.516110
GO:0003309,type B pancreatic cell differentiation,2026-08-16T19:24:48.104357
GO:0003333,amino acid transmembrane transport,2026-05-08T12:38:45.914974
GO:0003341,cilium movement,2026-03-17T19:49:29.562860
GO:0003351,epithelial cilium movement involved in extracellular fluid movement,2026-03-19T15:59:24.489571
GO:0003382,epithelial cell morphogenesis,2026-03-19T16:03:03.617297
GO:0003383,apical constriction,2026-08-01T00:25:54.391186
GO:0003403,optic vesicle formation,2026-08-01T08:19:53.069319
GO:0003404,optic vesicle morphogenesis,2026-08-01T08:19:54.399041
GO:0003406,retinal pigment epithelium development,2026-04-14T17:12:51.568977
GO:0003407,neural retina development,2026-08-01T08:20:01.985983
GO:0003408,optic cup formation involved in camera-type eye development,2026-08-01T08:19:55.821955
GO:0003415,chondrocyte hypertrophy,2026-04-30T14:17:23.303336
GO:0003416,endochondral bone growth,2026-04-30T14:17:23.325297
GO:0003417,growth plate cartilage development,2026-04-30T14:16:38.162826
GO:0003418,growth plate cartilage chondrocyte differentiation,2026-03-19T15:55:14.213614
GO:0003419,growth plate cartilage chondrocyte proliferation,2026-07-28T12:16:05.040534
GO:0003420,regulation of growth plate cartilage chondrocyte proliferation,2026-08-10T05:57:27.107588
GO:0003677,DNA binding,2026-08-02T22:55:29.653790
GO:0003678,DNA helicase activity,2026-07-31T17:12:34.803318
GO:0003682,chromatin binding,2026-05-03T19:23:06.563038
GO:0003688,DNA replication origin binding,2026-08-27T00:56:08.714454
GO:0003700,DNA-binding transcription factor activity,2026-06-18T19:57:38.194055
GO:0003707,nuclear steroid receptor activity,2026-08-22T14:07:14.081483
GO:0003712,transcription coregulator activity,2026-07-30T23:00:14.327502
GO:0003713,transcription coactivator activity,2026-08-01T00:59:21.083263
GO:0003714,transcription corepressor activity,2026-07-31T20:06:37.367816
GO:0003720,telomerase activity,2026-07-30T22:58:03.637834
GO:0003723,RNA binding,2026-08-23T03:03:44.109025
GO:0003724,RNA helicase activity,2026-08-17T03:18:41.941853
GO:0003725,double-stranded RNA binding,2026-06-28T19:00:37.550759
GO:0003729,mRNA binding,2026-07-31T01:32:27.703518
GO:0003743,translation initiation factor activity,2026-08-27T16:48:10.333758
GO:0003755,peptidyl-prolyl cis-trans isomerase activity,2026-07-24T02:29:49.733058
GO:0003777,microtubule motor activity,2026-08-20T07:40:35.790809
GO:0003779,actin binding,2026-08-02T16:57:47.929583
GO:0003789,actin filament severing activity,2026-08-21T16:35:18.059534
GO:0003823,antigen binding,2026-08-12T11:06:08.193865
GO:0003824,catalytic activity,2026-03-17T19:49:53.142107
GO:0003842,L-glutamate gamma-semialdehyde dehydrogenase activity,2026-07-31T10:49:40.000913
GO:0003843,"1,3-beta-D-glucan synthase activity",2026-06-25T02:35:19.435465
GO:0003844,"1,4-alpha-glucan branching enzyme activity",2026-05-07T20:31:00.987213
GO:0003857,(3S)-3-hydroxyacyl-CoA dehydrogenase (NAD+) activity,2026-05-07T21:44:35.144462
GO:0003860,3-hydroxyisobutyryl-CoA hydrolase activity,2026-06-06T16:26:05.176842
GO:0003868,4-hydroxyphenylpyruvate dioxygenase activity,2026-08-21T16:48:21.328569
GO:0003870,5-aminolevulinate synthase activity,2026-05-19T16:13:49.462015
GO:0003872,6-phosphofructokinase activity,2026-05-11T06:36:05.954269
GO:0003873,6-phosphofructo-2-kinase activity,2026-05-20T15:20:57.027813
GO:0003886,DNA (cytosine-5-)-methyltransferase activity,2026-08-01T09:06:25.325921
GO:0003887,DNA-directed DNA polymerase activity,2026-07-31T14:26:47.384307
GO:0003923,GPI-anchor transamidase activity,2026-07-28T10:21:57.172783
GO:0003924,GTPase activity,2026-06-03T08:31:14.443744
GO:0003934,GTP cyclohydrolase I activity,2026-05-05T23:18:56.719782
GO:0003938,IMP dehydrogenase activity,2026-05-05T23:18:56.742309
GO:0003939,L-iditol 2-dehydrogenase (NAD+) activity,2026-08-23T23:32:59.696038
GO:0003940,L-iduronidase activity,2026-05-20T05:13:27.245261
GO:0003943,N-acetylgalactosamine-4-sulfatase activity,2026-06-12T02:15:51.871353
GO:0003950,NAD+ poly-ADP-ribosyltransferase activity,2026-08-01T19:26:03.162479
GO:0003954,NADH dehydrogenase activity,2026-07-31T17:29:46.764205
GO:0003973,(S)-2-hydroxy-acid oxidase activity,2026-07-05T23:18:45.333697
GO:0003978,UDP-glucose 4-epimerase activity,2026-05-18T07:50:24.560356
GO:0003979,UDP-glucose 6-dehydrogenase activity,2026-07-05T23:12:29.950149
GO:0003980,UDP-glucose:glycoprotein glucosyltransferase activity,2026-08-12T08:38:38.019200
GO:0003983,UTP:glucose-1-phosphate uridylyltransferase activity,2026-07-05T23:13:01.522185
GO:0003985,acetyl-CoA C-acetyltransferase activity,2026-05-07T13:12:04.031655
GO:0003988,acetyl-CoA C-acyltransferase activity,2026-05-07T21:44:35.151845
GO:0003989,acetyl-CoA carboxylase activity,2026-05-20T20:33:34.519740
GO:0003990,acetylcholinesterase activity,2026-08-17T20:44:20.858298
GO:0003994,aconitate hydratase activity,2026-08-01T19:14:48.044070
GO:0003995,acyl-CoA dehydrogenase activity,2026-05-07T16:09:53.225167
GO:0003997,acyl-CoA oxidase activity,2026-05-10T16:47:59.586557
GO:0003999,adenine phosphoribosyltransferase activity,2026-05-10T02:53:05.520668
GO:0004001,adenosine kinase activity,2026-04-30T14:18:01.524487
GO:0004013,adenosylhomocysteinase activity,2026-08-19T20:17:25.440592
GO:0004016,adenylate cyclase activity,2026-08-01T08:27:21.591963
GO:0004018,"N6-(1,2-dicarboxyethyl)AMP AMP-lyase (fumarate-forming) activity",2026-05-05T05:29:16.319308
GO:0004022,alcohol dehydrogenase (NAD+) activity,2026-08-09T14:59:50.705040
GO:0004029,aldehyde dehydrogenase (NAD+) activity,2026-07-18T07:48:52.008722
GO:0004035,alkaline phosphatase activity,2026-05-04T23:08:35.512107
GO:0004042,"L-glutamate N-acetyltransferase activity, acting on acetyl-CoA as donor",2026-05-08T03:35:56.520805
GO:0004046,aminoacylase activity,2026-08-04T23:10:11.207364
GO:0004047,aminomethyltransferase activity,2026-05-08T13:59:05.388144
GO:0004053,arginase activity,2026-05-04T14:46:57.147522
GO:0004055,argininosuccinate synthase activity,2026-05-04T13:32:45.761054
GO:0004056,argininosuccinate lyase activity,2026-05-04T14:46:57.198833
GO:0004058,aromatic-L-amino-acid decarboxylase activity,2026-05-06T14:27:31.638765
GO:0004065,arylsulfatase activity,2026-05-19T21:34:25.787014
GO:0004066,asparagine synthase (glutamine-hydrolyzing) activity,2026-07-31T06:38:30.381456
GO:0004070,aspartate carbamoyltransferase activity,2026-08-24T16:03:38.200855
GO:0004077,biotin--[biotin carboxyl-carrier protein] ligase activity,2026-05-20T20:33:34.482604
GO:0004087,carbamoyl-phosphate synthase (ammonia) activity,2026-05-04T18:30:22.450868
GO:0004088,carbamoyl-phosphate synthase (glutamine-hydrolyzing) activity,2026-08-24T16:03:36.394771
GO:0004089,carbonate dehydratase activity,2026-07-31T06:29:12.674210
GO:0004095,carnitine O-palmitoyltransferase activity,2026-06-06T16:27:32.513287
GO:0004096,catalase activity,2026-07-05T23:19:57.787983
GO:0004103,choline kinase activity,2026-08-18T15:29:15.799961
GO:0004114,"3',5'-cyclic-nucleotide phosphodiesterase activity",2026-05-11T14:11:53.791482
GO:0004115,"3',5'-cyclic-AMP phosphodiesterase activity",2026-06-02T22:56:09.617700
GO:0004122,cystathionine beta-synthase activity,2026-05-05T00:39:57.336526
GO:0004128,"cytochrome-b5 reductase activity, acting on NAD(P)H",2026-05-09T06:10:15.049499
GO:0004129,cytochrome-c oxidase activity,2026-05-30T19:45:32.355612
GO:0004131,cytosine deaminase activity,2026-06-25T02:36:34.341699
GO:0004134,4-alpha-glucanotransferase activity,2026-05-05T15:44:05.235036
GO:0004135,"amylo-alpha-1,6-glucosidase activity",2026-05-05T15:44:05.241958
GO:0004144,diacylglycerol O-acyltransferase activity,2026-08-22T18:45:56.146582
GO:0004151,dihydroorotase activity,2026-08-24T16:03:40.433721
GO:0004163,diphosphomevalonate decarboxylase activity,2026-08-01T05:50:09.675936
GO:0004175,endopeptidase activity,2026-07-31T14:15:15.177763
GO:0004198,calcium-dependent cysteine-type endopeptidase activity,2026-07-31T17:50:32.904438
GO:0004222,metalloendopeptidase activity,2026-06-27T17:35:27.015653
GO:0004252,serine-type endopeptidase activity,2026-06-28T19:00:31.612393
GO:0004298,threonine-type endopeptidase activity,2026-08-18T15:22:19.158385
GO:0004300,enoyl-CoA hydratase activity,2026-05-07T21:44:35.136388
GO:0004308,exo-alpha-sialidase activity,2026-05-04T11:51:03.861827
GO:0004322,ferroxidase activity,2026-05-20T04:52:36.068408
GO:0004332,fructose-bisphosphate aldolase activity,2026-05-19T15:30:20.599193
GO:0004333,fumarate hydratase activity,2026-08-23T13:41:36.857948
GO:0004334,fumarylacetoacetase activity,2026-05-20T00:05:22.534911
GO:0004335,galactokinase activity,2026-05-18T07:50:24.544588
GO:0004336,galactosylceramidase activity,2026-05-18T16:01:32.217074
GO:0004340,glucokinase activity,2026-07-25T16:14:44.916266
GO:0004346,glucose-6-phosphatase activity,2026-05-05T04:04:16.602847
GO:0004348,glucosylceramidase activity,2026-05-20T14:11:02.530422
GO:0004349,glutamate 5-kinase activity,2026-05-18T19:34:18.534411
GO:0004350,glutamate-5-semialdehyde dehydrogenase activity,2026-05-18T19:34:18.544075
GO:0004351,glutamate decarboxylase activity,2026-08-27T02:36:31.849082
GO:0004356,glutamine synthetase activity,2026-08-27T02:56:27.689753
GO:0004359,glutaminase activity,2026-07-30T15:23:51.094252
GO:0004361,glutaryl-CoA dehydrogenase activity,2026-05-18T14:09:31.173668
GO:0004363,glutathione synthase activity,2026-07-31T06:31:47.327394
GO:0004372,glycine hydroxymethyltransferase activity,2026-08-19T09:38:33.381332
GO:0004373,"alpha-1,4-glucan glucosyltransferase (UDP-glucose donor) activity",2026-05-19T22:05:20.648530
GO:0004376,GPI mannosyltransferase activity,2026-07-27T23:32:22.703412
GO:0004377,"GDP-Man:Man(3)GlcNAc(2)-PP-Dol alpha-1,2-mannosyltransferase activity",2026-08-24T21:35:59.213407
GO:0004383,guanylate cyclase activity,2026-04-30T14:17:23.286381
GO:0004386,helicase activity,2026-08-22T23:37:42.366382
GO:0004392,heme oxygenase (decyclizing) activity,2026-08-21T21:01:16.717631
GO:0004396,hexokinase activity,2026-07-05T19:29:44.708285
GO:0004402,histone acetyltransferase activity,2026-06-04T18:08:52.084001
GO:0004411,"homogentisate 1,2-dioxygenase activity",2026-05-03T04:38:32.800782
GO:0004415,hyalurononglucosaminidase activity,2026-06-12T02:15:35.794916
GO:0004418,hydroxymethylbilane synthase activity,2026-05-19T16:13:49.379824
GO:0004419,hydroxymethylglutaryl-CoA lyase activity,2026-07-14T16:40:47.192834
GO:0004420,hydroxymethylglutaryl-CoA reductase (NADPH) activity,2026-08-10T00:23:40.133612
GO:0004421,hydroxymethylglutaryl-CoA synthase activity,2026-05-04T02:29:43.571838
GO:0004422,hypoxanthine phosphoribosyltransferase activity,2026-05-01T07:19:47.139321
GO:0004423,iduronate-2-sulfatase activity,2026-05-20T07:28:51.745020
GO:0004450,isocitrate dehydrogenase (NADP+) activity,2026-03-19T16:11:57.129289
GO:0004465,lipoprotein lipase activity,2026-08-26T16:28:58.081985
GO:0004476,mannose-6-phosphate isomerase activity,2026-08-20T15:23:10.731286
GO:0004485,methylcrotonoyl-CoA carboxylase activity,2026-05-05T05:29:00.806633
GO:0004489,methylenetetrahydrofolate reductase [NAD(P)H] activity,2026-05-18T01:54:13.176807
GO:0004490,methylglutaconyl-CoA hydratase activity,2026-07-08T10:28:08.673068
GO:0004494,methylmalonyl-CoA mutase activity,2026-05-19T13:17:25.853150
GO:0004496,mevalonate kinase activity,2026-06-29T22:11:53.156113
GO:0004497,monooxygenase activity,2026-08-20T07:40:00.999449
GO:0004498,calcidiol 1-monooxygenase activity,2026-08-19T17:15:34.557907
GO:0004499,"N,N-dimethylaniline monooxygenase activity",2026-07-28T12:21:04.518394
GO:0004500,dopamine beta-monooxygenase activity,2026-08-27T19:41:34.100520
GO:0004505,phenylalanine 4-monooxygenase activity,2026-05-21T11:42:52.757395
GO:0004506,squalene monooxygenase activity,2026-06-25T02:35:11.672763
GO:0004507,steroid 11-beta-monooxygenase activity,2026-05-09T11:19:52.415678
GO:0004508,steroid 17-alpha-monooxygenase activity,2026-05-09T11:19:52.423643
GO:0004510,tryptophan 5-monooxygenase activity,2026-06-22T12:08:52.029891
GO:0004511,tyrosine 3-monooxygenase activity,2026-05-06T01:04:20.072713
GO:0004521,RNA endonuclease activity,2026-08-26T16:48:20.446537
GO:0004523,RNA-DNA hybrid ribonuclease activity,2026-05-30T17:09:17.800075
GO:0004525,ribonuclease III activity,2026-08-20T15:35:35.269677
GO:0004536,DNA nuclease activity,2026-07-31T17:12:45.751961
GO:0004553,"hydrolase activity, hydrolyzing O-glycosyl compounds",2026-08-22T18:19:53.200650
GO:0004555,"alpha,alpha-trehalase activity",2026-07-06T20:17:58.896811
GO:0004557,alpha-galactosidase activity,2026-05-05T07:32:22.760507
GO:0004558,"alpha-1,4-glucosidase activity",2026-08-18T21:05:22.883555
GO:0004559,alpha-mannosidase activity,2026-06-18T20:00:53.038440
GO:0004560,alpha-L-fucosidase activity,2026-05-04T08:46:16.061250
GO:0004561,alpha-N-acetylglucosaminidase activity,2026-05-20T06:59:41.021719
GO:0004563,beta-N-acetylhexosaminidase activity,2026-05-10T02:12:08.734872
GO:0004565,beta-galactosidase activity,2026-05-10T05:43:58.259636
GO:0004566,beta-glucuronidase activity,2026-06-12T02:13:43.744699
GO:0004567,beta-mannosidase activity,2026-05-04T15:58:56.283261
GO:0004574,"oligo-1,6-glucosidase activity",2026-05-20T09:35:14.623980
GO:0004575,sucrose alpha-glucosidase activity,2026-05-20T09:35:14.545257
GO:0004582,dolichyl-phosphate beta-D-mannosyltransferase activity,2026-08-01T00:03:55.786062
GO:0004585,ornithine carbamoyltransferase activity,2026-05-07T22:55:22.071105
GO:0004586,ornithine decarboxylase activity,2026-08-01T07:38:04.066423
GO:0004587,L-ornithine transaminase activity,2026-05-19T10:57:33.921291
GO:0004588,orotate phosphoribosyltransferase activity,2026-05-11T05:05:19.243012
GO:0004590,orotidine-5'-phosphate decarboxylase activity,2026-05-17T13:12:49.280380
GO:0004609,phosphatidylserine decarboxylase activity,2026-05-19T17:24:42.625382
GO:0004614,phosphoglucomutase activity,2026-07-06T20:19:23.634210
GO:0004615,phosphomannomutase activity,2026-08-27T19:36:11.152128
GO:0004617,phosphoglycerate dehydrogenase activity,2026-07-08T02:06:12.349429
GO:0004620,glycerophospholipase activity,2026-06-04T11:43:24.599262
GO:0004623,A2-type glycerophospholipase activity,2026-05-06T10:21:16.226968
GO:0004631,phosphomevalonate kinase activity,2026-08-01T05:50:08.195150
GO:0004634,phosphopyruvate hydratase activity,2026-08-24T13:06:59.583499
GO:0004655,porphobilinogen synthase activity,2026-05-05T02:52:39.813439
GO:0004657,proline dehydrogenase activity,2026-08-08T18:14:25.987736
GO:0004658,propionyl-CoA carboxylase activity,2026-05-19T12:40:53.138187
GO:0004659,prenyltransferase activity,2026-08-10T00:23:36.374295
GO:0004663,Rab geranylgeranyltransferase activity,2026-08-01T18:36:32.191001
GO:0004666,prostaglandin-endoperoxide synthase activity,2026-08-17T09:21:52.150574
GO:0004674,protein serine/threonine kinase activity,2026-03-19T16:19:43.150037
GO:0004679,AMP-activated protein kinase activity,2026-05-02T00:21:10.674617
GO:0004689,phosphorylase kinase activity,2026-08-21T09:08:55.066235
GO:0004691,cAMP-dependent protein kinase activity,2026-08-01T07:49:33.762770
GO:0004693,cyclin-dependent protein serine/threonine kinase activity,2026-05-17T11:23:44.344699
GO:0004697,diacylglycerol-dependent serine/threonine kinase activity,2026-07-26T02:39:29.800364
GO:0004713,protein tyrosine kinase activity,2026-03-17T19:49:50.285406
GO:0004714,transmembrane receptor protein tyrosine kinase activity,2026-05-26T14:46:30.162937
GO:0004715,non-membrane spanning protein tyrosine kinase activity,2026-07-24T13:53:30.060293
GO:0004716,"obsolete signal transducer, downstream of receptor, with protein tyrosine kinase activity",2026-03-17T19:49:58.821920
GO:0004721,phosphoprotein phosphatase activity,2026-04-26T00:55:36.962068
GO:0004722,protein serine/threonine phosphatase activity,2026-07-12T09:42:33.335368
GO:0004725,protein tyrosine phosphatase activity,2026-03-19T16:19:43.134270
GO:0004731,purine-nucleoside phosphorylase activity,2026-08-19T23:26:51.455819
GO:0004733,pyridoxamine phosphate oxidase activity,2026-07-18T08:58:50.068345
GO:0004735,pyrroline-5-carboxylate reductase activity,2026-08-19T09:38:25.444562
GO:0004736,pyruvate carboxylase activity,2026-05-20T20:33:34.507241
GO:0004739,pyruvate dehydrogenase (acetyl-transferring) activity,2026-05-05T13:29:01.289862
GO:0004748,"ribonucleoside-diphosphate reductase activity, thioredoxin disulfide as acceptor",2026-07-31T17:12:40.727967
GO:0004749,ribose phosphate diphosphokinase activity,2026-04-30T14:21:58.093746
GO:0004758,serine C-palmitoyltransferase activity,2026-08-19T21:23:36.510881
GO:0004771,sterol ester esterase activity,2026-04-14T12:57:13.093731
GO:0004773,steryl-sulfatase activity,2026-08-25T19:02:01.030776
GO:0004777,succinate-semialdehyde dehydrogenase (NAD+) activity,2026-05-11T03:08:18.319123
GO:0004791,thioredoxin-disulfide reductase (NADPH) activity,2026-08-26T16:59:39.835765
GO:0004794,threonine deaminase activity,2026-05-05T14:42:32.266110
GO:0004798,dTMP kinase activity,2026-08-01T14:23:23.037522
GO:0004801,transaldolase activity,2026-05-05T00:47:24.822142
GO:0004802,transketolase activity,2026-07-07T19:05:39.308317
GO:0004806,triacylglycerol lipase activity,2026-04-14T12:57:13.099695
GO:0004807,triose-phosphate isomerase activity,2026-08-16T21:39:46.845231
GO:0004812,aminoacyl-tRNA ligase activity,2026-06-29T20:10:42.214707
GO:0004816,asparagine-tRNA ligase activity,2026-08-18T15:24:05.588038
GO:0004823,leucine-tRNA ligase activity,2026-08-28T10:28:44.947990
GO:0004828,serine-tRNA ligase activity,2026-08-01T19:12:41.742989
GO:0004829,threonine-tRNA ligase activity,2026-08-27T03:23:27.621274
GO:0004830,tryptophan-tRNA ligase activity,2026-08-22T13:49:04.272643
GO:0004832,valine-tRNA ligase activity,2026-08-18T15:29:30.577357
GO:0004838,L-tyrosine:2-oxoglutarate transaminase activity,2026-07-07T21:01:34.017575
GO:0004842,ubiquitin-protein transferase activity,2026-08-01T19:08:23.091620
GO:0004843,cysteine-type deubiquitinase activity,2026-06-03T08:28:01.143605
GO:0004854,xanthine dehydrogenase activity,2026-08-20T18:30:38.338285
GO:0004857,enzyme inhibitor activity,2026-08-17T03:17:34.208831
GO:0004861,cyclin-dependent protein serine/threonine kinase inhibitor activity,2026-08-27T04:12:18.832240
GO:0004867,serine-type endopeptidase inhibitor activity,2026-05-09T13:49:01.980630
GO:0004869,cysteine-type endopeptidase inhibitor activity,2026-07-31T06:36:00.140654
GO:0004879,nuclear receptor activity,2026-08-08T12:06:27.198318
GO:0004883,nuclear glucocorticoid receptor activity,2026-08-22T13:45:00.055870
GO:0004888,transmembrane signaling receptor activity,2026-08-01T03:23:34.891545
GO:0004890,GABA-A receptor activity,2026-07-25T16:21:33.796753
GO:0004896,cytokine receptor activity,2026-08-27T00:52:09.597297
GO:0004920,interleukin-10 receptor activity,2026-08-22T23:45:33.763682
GO:0004923,leukemia inhibitory factor receptor activity,2026-08-19T20:33:34.960023
GO:0004930,G protein-coupled receptor activity,2026-06-03T08:30:45.912926
GO:0004941,beta2-adrenergic receptor activity,2026-08-09T22:28:01.737952
GO:0004957,prostaglandin E receptor activity,2026-08-27T16:37:09.321021
GO:0004962,endothelin receptor activity,2026-08-20T13:48:06.009262
GO:0004972,NMDA glutamate receptor activity,2026-07-31T06:31:37.460651
GO:0004978,corticotropin receptor activity,2026-08-26T16:59:36.361046
GO:0005011,macrophage colony-stimulating factor receptor activity,2026-06-04T01:08:59.996497
GO:0005019,platelet-derived growth factor beta-receptor activity,2026-05-09T10:56:52.618718
GO:0005021,vascular endothelial growth factor receptor activity,2026-03-19T15:58:21.026267
GO:0005041,low-density lipoprotein particle receptor activity,2026-08-19T08:52:07.741150
GO:0005085,guanyl-nucleotide exchange factor activity,2026-03-19T16:19:43.143453
GO:0005096,GTPase activator activity,2026-07-17T23:54:34.357190
GO:0005109,frizzled binding,2026-08-27T01:01:45.894794
GO:0005133,type II interferon receptor binding,2026-08-23T06:54:32.735138
GO:0005178,integrin binding,2026-08-16T11:56:42.914189
GO:0005179,hormone activity,2026-08-22T04:19:39.890660
GO:0005200,structural constituent of cytoskeleton,2026-03-19T16:10:36.800443
GO:0005201,extracellular matrix structural constituent,2026-04-28T22:03:14.750365
GO:0005215,transporter activity,2026-03-17T19:54:52.747934
GO:0005216,monoatomic ion channel activity,2026-05-30T20:22:50.706711
GO:0005219,ryanodine-sensitive calcium-release channel activity,2026-05-30T21:34:37.261815
GO:0005222,intracellularly cAMP-activated cation channel activity,2026-08-17T09:20:39.901591
GO:0005229,intracellularly calcium-gated chloride channel activity,2026-04-30T14:24:41.602287
GO:0005242,inward rectifier potassium channel activity,2026-06-03T23:14:33.587067
GO:0005243,gap junction channel activity,2026-05-08T13:41:56.462940
GO:0005245,voltage-gated calcium channel activity,2026-03-20T13:15:30.286791
GO:0005247,voltage-gated chloride channel activity,2026-08-01T19:12:45.355712
GO:0005248,voltage-gated sodium channel activity,2026-03-19T16:04:44.294467
GO:0005249,voltage-gated potassium channel activity,2026-03-17T19:53:30.893385
GO:0005251,delayed rectifier potassium channel activity,2026-07-25T15:52:35.629031
GO:0005254,chloride channel activity,2026-08-19T12:52:54.198508
GO:0005262,calcium channel activity,2026-05-20T10:40:52.699935
GO:0005267,potassium channel activity,2026-07-17T22:49:27.751900
GO:0005283,amino acid:sodium symporter activity,2026-05-04T03:34:24.857098
GO:0005315,phosphate transmembrane transporter activity,2026-07-31T18:40:28.321360
GO:0005353,fructose transmembrane transporter activity,2026-07-06T20:26:49.052959
GO:0005368,taurine transmembrane transporter activity,2026-08-19T09:07:24.362616
GO:0005388,P-type calcium transporter activity,2026-08-16T10:45:31.233293
GO:0005391,P-type sodium:potassium-exchanging transporter activity,2026-04-30T14:19:46.162513
GO:0005412,D-glucose:sodium symporter activity,2026-07-06T20:26:46.940841
GO:0005436,sodium:phosphate symporter activity,2026-08-16T11:28:14.617916
GO:0005457,GDP-fucose transmembrane transporter activity,2026-08-27T04:05:58.224601
GO:0005462,UDP-N-acetylglucosamine transmembrane transporter activity,2026-08-04T22:43:45.695585
GO:0005471,ATP:ADP antiporter activity,2026-07-31T17:12:38.771458
GO:0005501,retinoid binding,2026-08-01T16:28:52.216802
GO:0005509,calcium ion binding,2026-07-31T17:09:49.401370
GO:0005515,protein binding,2026-06-30T06:50:26.201907
GO:0005516,calmodulin binding,2026-08-27T15:23:25.231885
GO:0005523,tropomyosin binding,2026-08-17T21:14:52.431924
GO:0005539,glycosaminoglycan binding,2026-08-08T19:34:54.214405
GO:0005576,extracellular region,2026-03-19T19:17:38.396632
GO:0005581,collagen trimer,2026-07-31T17:12:04.004208
GO:0005584,collagen type I trimer,2026-07-31T19:04:43.376875
GO:0005604,basement membrane,2026-08-17T20:44:18.325316
GO:0005615,extracellular space,2026-03-19T15:55:05.419905
GO:0005634,nucleus,2026-03-19T16:03:29.239928
GO:0005635,nuclear envelope,2026-06-04T12:00:03.719955
GO:0005637,nuclear inner membrane,2026-06-04T12:00:03.728472
GO:0005643,nuclear pore,2026-04-14T01:11:51.156987
GO:0005652,nuclear lamina,2026-06-16T10:24:47.296865
GO:0005654,nucleoplasm,2026-03-19T16:15:10.296244
GO:0005657,replication fork,2026-05-26T14:17:20.176176
GO:0005666,RNA polymerase III complex,2026-08-25T20:10:26.152787
GO:0005681,spliceosomal complex,2026-08-01T01:02:33.948162
GO:0005682,U5 snRNP,2026-06-04T00:15:44.351198
GO:0005689,U12-type spliceosomal complex,2026-07-31T17:35:39.714266
GO:0005697,telomerase holoenzyme complex,2026-06-05T15:18:07.332597
GO:0005721,pericentric heterochromatin,2026-05-09T23:37:57.690271
GO:0005730,nucleolus,2026-08-20T07:27:30.275441
GO:0005739,mitochondrion,2026-03-17T19:49:41.011447
GO:0005741,mitochondrial outer membrane,2026-03-19T16:17:39.032582
GO:0005743,mitochondrial inner membrane,2026-03-17T19:51:54.925298
GO:0005747,obsolete mitochondrial respiratory chain complex I,2026-03-17T19:55:01.424996
GO:0005757,mitochondrial permeability transition pore complex,2026-07-31T17:12:05.627998
GO:0005759,mitochondrial matrix,2026-03-17T19:54:52.772758
GO:0005762,mitochondrial large ribosomal subunit,2026-08-01T17:25:31.396774
GO:0005764,lysosome,2026-03-19T15:58:54.725432
GO:0005765,lysosomal membrane,2026-05-20T15:20:57.008792
GO:0005768,endosome,2026-08-01T09:42:54.693690
GO:0005769,early endosome,2026-04-12T18:23:36.666886
GO:0005770,late endosome,2026-08-01T18:56:19.683489
GO:0005771,multivesicular body,2026-07-31T19:30:20.596724
GO:0005776,autophagosome,2026-03-19T16:05:22.885456
GO:0005777,peroxisome,2026-03-17T19:49:40.990226
GO:0005778,peroxisomal membrane,2026-05-20T14:47:05.238737
GO:0005782,peroxisomal matrix,2026-08-27T15:01:58.517393
GO:0005783,endoplasmic reticulum,2026-03-17T19:49:41.007928
GO:0005788,endoplasmic reticulum lumen,2026-08-08T16:10:24.417284
GO:0005789,endoplasmic reticulum membrane,2026-06-04T11:43:24.616917
GO:0005791,rough endoplasmic reticulum,2026-07-06T06:19:34.556449
GO:0005794,Golgi apparatus,2026-03-17T19:55:31.481613
GO:0005801,cis-Golgi network,2026-08-22T18:43:40.605138
GO:0005811,lipid droplet,2026-05-04T05:03:21.552147
GO:0005813,centrosome,2026-03-19T16:19:02.138377
GO:0005814,centriole,2026-08-01T14:07:51.716150
GO:0005829,cytosol,2026-05-04T13:32:45.769531
GO:0005832,chaperonin-containing T-complex,2026-08-01T19:16:34.811361
GO:0005839,proteasome core complex,2026-08-18T15:22:14.216813
GO:0005840,ribosome,2026-08-26T16:48:22.035572
GO:0005852,eukaryotic translation initiation factor 3 complex,2026-08-27T16:48:11.645221
GO:0005861,troponin complex,2026-08-02T16:57:49.834388
GO:0005863,striated muscle myosin thick filament,2026-03-19T16:11:34.293911
GO:0005865,striated muscle thin filament,2026-03-19T16:11:34.298148
GO:0005882,intermediate filament,2026-08-01T19:08:25.902121
GO:0005883,neurofilament,2026-03-19T19:38:52.624433
GO:0005884,actin filament,2026-08-22T20:24:32.499021
GO:0005885,Arp2/3 protein complex,2026-08-23T22:36:14.997187
GO:0005886,plasma membrane,2026-03-19T15:56:20.527719
GO:0005902,microvillus,2026-08-22T18:32:34.496129
GO:0005903,brush border,2026-08-22T18:19:56.449996
GO:0005905,clathrin-coated pit,2026-08-01T09:49:21.791122
GO:0005911,cell-cell junction,2026-08-01T19:12:47.674660
GO:0005912,adherens junction,2026-07-31T17:20:01.827394
GO:0005921,gap junction,2026-05-08T13:41:56.450493
GO:0005923,bicellular tight junction,2026-08-08T16:23:36.221302
GO:0005929,cilium,2026-03-17T19:49:29.585899
GO:0005930,axoneme,2026-03-17T19:49:29.589085
GO:0005960,glycine cleavage complex,2026-03-19T16:14:30.568437
GO:0005975,carbohydrate metabolic process,2026-03-19T16:02:42.141533
GO:0005977,glycogen metabolic process,2026-03-19T15:56:48.368847
GO:0005978,glycogen biosynthetic process,2026-04-26T00:56:43.361992
GO:0005980,glycogen catabolic process,2026-03-17T19:50:31.566731
GO:0005984,disaccharide metabolic process,2026-04-14T00:55:08.457235
GO:0006001,fructose catabolic process,2026-05-19T15:30:20.498857
GO:0006004,fucose metabolic process,2026-08-27T04:06:03.305897
GO:0006006,glucose metabolic process,2026-03-19T16:02:42.136121
GO:0006012,galactose metabolic process,2026-05-18T07:50:24.573482
GO:0006013,mannose metabolic process,2026-08-20T15:23:12.742461
GO:0006022,aminoglycan metabolic process,2026-05-07T20:03:59.513767
GO:0006024,glycosaminoglycan biosynthetic process,2026-05-21T03:01:59.256416
GO:0006027,glycosaminoglycan catabolic process,2026-03-19T16:17:28.904613
GO:0006040,amino sugar metabolic process,2026-05-04T11:51:03.873943
GO:0006062,D-sorbitol catabolic process,2026-08-23T23:33:01.419573
GO:0006066,alcohol metabolic process,2026-08-09T14:59:48.989432
GO:0006067,ethanol metabolic process,2026-03-19T15:57:31.946760
GO:0006068,ethanol catabolic process,2026-05-02T00:46:00.677963
GO:0006075,(1->3)-beta-D-glucan biosynthetic process,2026-06-25T00:05:54.477749
GO:0006081,aldehyde metabolic process,2026-07-29T18:46:18.320285
GO:0006082,organic acid metabolic process,2026-03-17T19:41:25.614893
GO:0006086,pyruvate decarboxylation to acetyl-CoA,2026-05-05T13:29:01.299384
GO:0006089,lactate metabolic process,2026-08-01T19:06:05.025144
GO:0006090,pyruvate metabolic process,2026-03-17T19:26:07.602773
GO:0006091,generation of precursor metabolites and energy,2026-03-17T19:43:16.583251
GO:0006094,gluconeogenesis,2026-03-17T19:24:44.558467
GO:0006096,glycolytic process,2026-03-17T19:26:07.605842
GO:0006098,pentose-phosphate shunt,2026-03-17T19:36:40.798587
GO:0006099,tricarboxylic acid cycle,2026-03-17T19:32:14.529957
GO:0006101,citrate metabolic process,2026-07-23T11:49:22.037890
GO:0006113,fermentation,2026-03-17T19:26:39.436640
GO:0006119,oxidative phosphorylation,2026-03-17T19:32:14.534135
GO:0006120,"mitochondrial electron transport, NADH to ubiquinone",2026-03-17T19:23:56.864932
GO:0006121,"mitochondrial electron transport, succinate to ubiquinone",2026-07-02T04:47:28.758699
GO:0006122,"mitochondrial electron transport, ubiquinol to cytochrome c",2026-08-01T15:28:57.499958
GO:0006123,"mitochondrial electron transport, cytochrome c to oxygen",2026-03-17T19:39:23.815099
GO:0006144,purine nucleobase metabolic process,2026-03-17T19:36:54.746372
GO:0006145,purine nucleobase catabolic process,2026-05-01T07:19:47.129514
GO:0006152,purine nucleoside catabolic process,2026-08-19T23:26:52.905781
GO:0006154,adenosine catabolic process,2026-06-03T16:37:50.240704
GO:0006164,purine nucleotide biosynthetic process,2026-04-30T14:21:58.102745
GO:0006167,AMP biosynthetic process,2026-05-19T17:46:35.592245
GO:0006168,adenine salvage,2026-06-06T16:22:21.526361
GO:0006171,cAMP biosynthetic process,2026-06-03T08:27:25.240484
GO:0006182,cGMP biosynthetic process,2026-04-30T14:17:23.317713
GO:0006189,'de novo' IMP biosynthetic process,2026-06-06T16:28:16.422849
GO:0006195,purine nucleotide catabolic process,2026-06-06T16:01:18.496939
GO:0006198,cAMP catabolic process,2026-05-01T07:37:26.103776
GO:0006206,pyrimidine nucleobase metabolic process,2026-06-05T15:40:50.455943
GO:0006207,'de novo' pyrimidine nucleobase biosynthetic process,2026-08-24T16:03:42.042919
GO:0006208,pyrimidine nucleobase catabolic process,2026-06-25T02:36:34.324914
GO:0006209,cytosine catabolic process,2026-06-25T00:04:38.023915
GO:0006220,pyrimidine nucleotide metabolic process,2026-06-05T15:40:50.482789
GO:0006221,pyrimidine nucleotide biosynthetic process,2026-03-17T19:54:52.768568
GO:0006235,dTTP biosynthetic process,2026-08-01T14:23:24.524755
GO:0006260,DNA replication,2026-03-17T19:48:03.002209
GO:0006264,mitochondrial DNA replication,2026-03-17T19:31:03.743841
GO:0006265,DNA topological change,2026-06-20T22:54:04.866448
GO:0006267,pre-replicative complex assembly involved in nuclear cell cycle DNA replication,2026-08-27T00:56:10.377384
GO:0006268,obsolete DNA unwinding involved in DNA replication,2026-03-17T19:53:16.019269
GO:0006270,DNA replication initiation,2026-08-17T21:20:27.486414
GO:0006272,leading strand elongation,2026-08-27T04:35:34.171690
GO:0006278,RNA-templated DNA biosynthetic process,2026-06-25T02:36:15.199804
GO:0006281,DNA repair,2026-03-17T19:26:07.609953
GO:0006283,transcription-coupled nucleotide-excision repair,2026-03-17T19:31:03.711666
GO:0006284,base-excision repair,2026-07-31T17:12:44.218754
GO:0006289,nucleotide-excision repair,2026-03-17T19:53:34.027019
GO:0006298,mismatch repair,2026-03-17T19:39:12.463703
GO:0006302,double-strand break repair,2026-03-17T19:26:18.773957
GO:0006303,double-strand break repair via nonhomologous end joining,2026-05-26T14:17:20.194451
GO:0006304,DNA modification,2026-03-17T19:53:34.034604
GO:0006306,obsolete DNA methylation,2026-03-17T19:26:10.316681
GO:0006308,DNA catabolic process,2026-07-18T17:12:39.965688
GO:0006310,DNA recombination,2026-05-02T19:58:07.286784
GO:0006312,mitotic recombination,2026-08-23T13:24:21.165001
GO:0006325,chromatin organization,2026-03-17T19:28:58.493785
GO:0006334,nucleosome assembly,2026-06-04T00:16:23.949393
GO:0006337,nucleosome disassembly,2026-06-04T10:14:15.446794
GO:0006338,chromatin remodeling,2026-03-17T19:30:45.660674
GO:0006351,DNA-templated transcription,2026-06-09T14:52:08.648330
GO:0006355,regulation of DNA-templated transcription,2026-03-17T19:36:57.565947
GO:0006357,regulation of transcription by RNA polymerase II,2026-03-17T19:27:05.854394
GO:0006364,rRNA processing,2026-07-26T03:43:53.597201
GO:0006366,transcription by RNA polymerase II,2026-04-14T19:55:31.700332
GO:0006368,transcription elongation by RNA polymerase II,2026-08-19T09:23:38.433994
GO:0006383,transcription by RNA polymerase III,2026-06-04T00:06:33.935441
GO:0006388,"tRNA splicing, via endonucleolytic cleavage and ligation",2026-04-25T18:22:49.502690
GO:0006390,mitochondrial transcription,2026-08-01T17:44:19.993647
GO:0006396,RNA processing,2026-04-14T01:11:51.133880
GO:0006397,mRNA processing,2026-07-02T08:55:53.289203
GO:0006400,tRNA modification,2026-04-14T01:11:51.127504
GO:0006401,RNA catabolic process,2026-05-30T18:33:35.943651
GO:0006402,mRNA catabolic process,2026-08-20T07:27:42.247563
GO:0006412,translation,2026-03-17T19:32:52.213171
GO:0006413,translational initiation,2026-03-17T19:32:52.216257
GO:0006414,translational elongation,2026-07-05T22:20:01.572588
GO:0006417,regulation of translation,2026-03-17T19:53:24.964960
GO:0006418,tRNA aminoacylation for protein translation,2026-06-08T16:56:37.502532
GO:0006421,asparaginyl-tRNA aminoacylation,2026-08-18T15:24:08.309294
GO:0006429,leucyl-tRNA aminoacylation,2026-08-28T10:28:46.533675
GO:0006434,seryl-tRNA aminoacylation,2026-08-01T19:12:43.135057
GO:0006436,tryptophanyl-tRNA aminoacylation,2026-08-22T13:49:05.932216
GO:0006438,valyl-tRNA aminoacylation,2026-08-18T15:29:32.771053
GO:0006446,regulation of translational initiation,2026-07-31T19:37:23.722673
GO:0006457,protein folding,2026-03-17T19:24:14.185328
GO:0006468,protein phosphorylation,2026-03-17T19:24:03.756528
GO:0006470,protein dephosphorylation,2026-03-17T19:39:04.210660
GO:0006473,protein acetylation,2026-05-18T19:13:51.869927
GO:0006476,protein deacetylation,2026-06-04T10:14:15.457441
GO:0006479,protein methylation,2026-08-06T19:13:53.927271
GO:0006482,protein demethylation,2026-07-31T19:29:39.810410
GO:0006487,protein N-linked glycosylation,2026-05-10T14:44:57.079608
GO:0006488,dolichol-linked oligosaccharide biosynthetic process,2026-05-10T15:51:46.506900
GO:0006491,N-glycan processing,2026-05-09T09:14:16.212637
GO:0006493,protein O-linked glycosylation,2026-04-14T13:46:22.774309
GO:0006499,N-terminal protein myristoylation,2026-07-12T09:42:31.808764
GO:0006506,GPI anchor biosynthetic process,2026-03-17T19:28:40.620967
GO:0006508,proteolysis,2026-03-12T04:45:59.486955
GO:0006509,membrane protein ectodomain proteolysis,2026-06-27T01:23:30.363642
GO:0006511,ubiquitin-dependent protein catabolic process,2026-05-09T10:50:32.520508
GO:0006513,protein monoubiquitination,2026-03-17T19:35:21.087495
GO:0006515,protein quality control for misfolded or incompletely synthesized proteins,2026-07-02T08:55:53.230032
GO:0006516,glycoprotein catabolic process,2026-03-17T19:27:58.989778
GO:0006517,protein deglycosylation,2026-05-03T08:30:08.915218
GO:0006520,amino acid metabolic process,2026-03-17T19:46:28.377562
GO:0006526,L-arginine biosynthetic process,2026-03-17T19:25:59.071432
GO:0006527,L-arginine catabolic process,2026-03-17T19:25:56.214521
GO:0006531,aspartate metabolic process,2026-05-19T04:33:36.835053
GO:0006536,glutamate metabolic process,2026-03-17T19:43:16.574025
GO:0006541,L-glutamine metabolic process,2026-05-03T15:42:29.519851
GO:0006542,obsolete glutamine biosynthetic process,2026-03-17T19:29:18.789385
GO:0006543,L-glutamine catabolic process,2026-07-30T15:23:52.908977
GO:0006544,glycine metabolic process,2026-03-17T19:40:16.000249
GO:0006545,glycine biosynthetic process,2026-08-19T09:38:28.684402
GO:0006546,glycine catabolic process,2026-03-17T19:46:28.360676
GO:0006548,L-histidine catabolic process,2026-03-17T19:23:40.038291
GO:0006549,isoleucine metabolic process,2026-06-03T23:16:33.794757
GO:0006550,L-isoleucine catabolic process,2026-03-17T19:27:53.084473
GO:0006552,L-leucine catabolic process,2026-03-17T19:23:56.857102
GO:0006555,L-methionine metabolic process,2026-04-30T14:18:01.541676
GO:0006558,L-phenylalanine metabolic process,2026-03-17T19:48:37.336510
GO:0006559,L-phenylalanine catabolic process,2026-03-17T19:48:37.324411
GO:0006562,L-proline catabolic process,2026-07-31T10:49:41.739937
GO:0006564,L-serine biosynthetic process,2026-05-28T11:11:10.343268
GO:0006566,L-threonine metabolic process,2026-05-20T03:23:54.961550
GO:0006567,L-threonine catabolic process,2026-03-17T19:40:15.996327
GO:0006568,L-tryptophan metabolic process,2026-05-18T02:21:01.417798
GO:0006570,tyrosine metabolic process,2026-03-17T19:48:37.345161
GO:0006572,L-tyrosine catabolic process,2026-03-17T19:54:39.656927
GO:0006574,L-valine catabolic process,2026-03-17T19:40:24.854010
GO:0006581,acetylcholine catabolic process,2026-07-10T12:46:43.636615
GO:0006582,melanin metabolic process,2026-06-17T21:52:28.320090
GO:0006585,dopamine biosynthetic process from tyrosine,2026-05-08T09:52:35.321134
GO:0006590,thyroid hormone generation,2026-03-17T19:37:08.060930
GO:0006591,ornithine metabolic process,2026-04-04T12:31:36.606401
GO:0006592,ornithine biosynthetic process,2026-05-20T04:24:20.491736
GO:0006593,L-ornithine catabolic process,2026-05-19T10:57:33.908145
GO:0006595,polyamine metabolic process,2026-08-19T20:49:38.676287
GO:0006596,polyamine biosynthetic process,2026-08-01T07:38:05.461804
GO:0006597,spermine biosynthetic process,2026-08-19T20:49:37.375791
GO:0006598,polyamine catabolic process,2026-08-19T20:49:39.365475
GO:0006600,creatine metabolic process,2026-05-02T23:38:33.269290
GO:0006601,creatine biosynthetic process,2026-03-17T19:37:13.349696
GO:0006603,phosphocreatine metabolic process,2026-03-17T19:37:13.353440
GO:0006606,protein import into nucleus,2026-07-02T08:55:53.266881
GO:0006611,protein export from nucleus,2026-08-16T19:03:24.687389
GO:0006621,protein retention in ER lumen,2026-08-10T00:23:38.145635
GO:0006622,protein targeting to lysosome,2026-05-07T21:43:50.471917
GO:0006623,protein targeting to vacuole,2026-08-01T14:09:10.106667
GO:0006625,protein targeting to peroxisome,2026-06-12T02:13:54.666587
GO:0006629,lipid metabolic process,2026-03-17T19:24:31.277279
GO:0006631,fatty acid metabolic process,2026-05-06T20:34:42.678520
GO:0006633,fatty acid biosynthetic process,2026-03-17T19:28:04.846467
GO:0006635,fatty acid beta-oxidation,2026-03-17T19:23:40.046137
GO:0006642,triglyceride mobilization,2026-08-01T17:29:39.158019
GO:0006644,phospholipid metabolic process,2026-03-17T19:51:54.938145
GO:0006656,phosphatidylcholine biosynthetic process,2026-08-18T15:29:18.675403
GO:0006659,phosphatidylserine biosynthetic process,2026-05-31T00:35:27.921558
GO:0006665,sphingolipid metabolic process,2026-07-29T18:11:44.349751
GO:0006680,glucosylceramide catabolic process,2026-06-18T20:09:19.906512
GO:0006681,galactosylceramide metabolic process,2026-03-14T22:21:03.298592
GO:0006683,galactosylceramide catabolic process,2026-03-14T22:21:43.750947
GO:0006684,sphingomyelin metabolic process,2026-06-13T17:49:56.336491
GO:0006685,sphingomyelin catabolic process,2026-06-13T17:49:56.321554
GO:0006686,sphingomyelin biosynthetic process,2026-08-28T10:45:52.539135
GO:0006687,glycosphingolipid metabolic process,2026-03-17T19:51:16.265295
GO:0006688,glycosphingolipid biosynthetic process,2026-05-04T06:51:43.489161
GO:0006689,ganglioside catabolic process,2026-03-17T19:53:27.688807
GO:0006691,leukotriene metabolic process,2026-08-27T16:37:10.963360
GO:0006694,steroid biosynthetic process,2026-03-17T19:26:04.814991
GO:0006695,cholesterol biosynthetic process,2026-04-12T18:22:47.940716
GO:0006696,ergosterol biosynthetic process,2026-06-25T00:02:59.594736
GO:0006699,bile acid biosynthetic process,2026-03-17T19:48:22.554890
GO:0006700,C21-steroid hormone biosynthetic process,2026-05-07T09:32:37.581104
GO:0006702,androgen biosynthetic process,2026-03-17T19:48:58.751837
GO:0006703,estrogen biosynthetic process,2026-03-17T19:26:04.812073
GO:0006704,glucocorticoid biosynthetic process,2026-03-17T19:24:44.556388
GO:0006705,mineralocorticoid biosynthetic process,2026-03-17T19:24:44.562781
GO:0006707,cholesterol catabolic process,2026-05-03T12:52:23.998312
GO:0006729,tetrahydrobiopterin biosynthetic process,2026-05-05T23:18:56.727616
GO:0006730,one-carbon metabolic process,2026-03-17T19:46:28.388356
GO:0006734,obsolete NADH metabolic process,2026-06-03T21:00:19.502051
GO:0006740,NADPH regeneration,2026-03-17T19:36:40.805146
GO:0006741,NADP+ biosynthetic process,2026-06-04T18:41:15.786147
GO:0006744,ubiquinone biosynthetic process,2026-04-30T14:24:13.086123
GO:0006747,FAD biosynthetic process,2026-05-18T12:06:42.513841
GO:0006749,glutathione metabolic process,2026-03-17T19:25:59.081253
GO:0006750,glutathione biosynthetic process,2026-05-20T03:12:29.081329
GO:0006754,ATP biosynthetic process,2026-03-17T19:42:21.142116
GO:0006757,obsolete ATP generation from ADP,2026-08-24T13:53:00.942023
GO:0006768,biotin metabolic process,2026-03-17T19:28:04.832743
GO:0006769,nicotinamide metabolic process,2026-05-18T02:21:01.428499
GO:0006772,thiamine metabolic process,2026-05-19T11:28:50.540026
GO:0006777,Mo-molybdopterin cofactor biosynthetic process,2026-08-20T18:29:11.314107
GO:0006778,porphyrin-containing compound metabolic process,2026-05-10T11:38:18.766053
GO:0006779,porphyrin-containing compound biosynthetic process,2026-07-21T17:00:35.025754
GO:0006783,heme biosynthetic process,2026-03-17T19:41:43.352073
GO:0006784,heme A biosynthetic process,2026-05-30T19:16:57.577918
GO:0006785,heme B biosynthetic process,2026-03-17T19:41:34.684654
GO:0006788,heme oxidation,2026-05-09T06:10:15.057240
GO:0006789,bilirubin conjugation,2026-03-19T19:30:11.553136
GO:0006796,phosphate-containing compound metabolic process,2026-05-05T00:05:23.760366
GO:0006801,superoxide metabolic process,2026-03-17T19:39:23.809799
GO:0006805,xenobiotic metabolic process,2026-06-13T18:17:37.699945
GO:0006807,obsolete nitrogen compound metabolic process,2026-03-17T19:29:18.793419
GO:0006809,nitric oxide biosynthetic process,2026-03-17T19:25:56.227402
GO:0006811,monoatomic ion transport,2026-03-17T19:51:57.934366
GO:0006813,potassium ion transport,2026-03-17T19:24:44.565714
GO:0006814,sodium ion transport,2026-03-12T04:45:59.467482
GO:0006816,calcium ion transport,2026-03-17T19:39:29.630733
GO:0006817,phosphate ion transport,2026-03-17T19:29:01.469668
GO:0006820,monoatomic anion transport,2026-05-20T11:44:27.736161
GO:0006821,chloride transport,2026-03-12T04:45:59.463364
GO:0006825,copper ion transport,2026-03-17T19:43:57.258986
GO:0006826,iron ion transport,2026-03-17T19:25:23.362127
GO:0006833,water transport,2026-04-23T03:25:22.100301
GO:0006836,neurotransmitter transport,2026-03-17T19:25:11.639574
GO:0006839,mitochondrial transport,2026-03-17T19:49:23.932979
GO:0006851,mitochondrial calcium ion transmembrane transport,2026-07-03T15:06:37.380640
GO:0006853,carnitine shuttle,2026-03-17T19:29:24.498057
GO:0006865,amino acid transport,2026-07-28T12:16:17.912601
GO:0006868,L-glutamine transport,2026-05-28T11:11:10.356919
GO:0006869,lipid transport,2026-03-14T22:26:23.292631
GO:0006873,intracellular monoatomic ion homeostasis,2026-03-19T19:16:06.649848
GO:0006874,intracellular calcium ion homeostasis,2026-03-17T19:29:36.794000
GO:0006879,intracellular iron ion homeostasis,2026-03-17T19:25:23.359757
GO:0006883,intracellular sodium ion homeostasis,2026-07-31T22:15:04.249851
GO:0006884,cell volume homeostasis,2026-05-04T22:55:39.406144
GO:0006885,regulation of pH,2026-05-03T15:57:51.435865
GO:0006886,intracellular protein transport,2026-05-09T22:06:53.242248
GO:0006887,exocytosis,2026-07-28T12:16:25.425928
GO:0006888,endoplasmic reticulum to Golgi vesicle-mediated transport,2026-03-17T19:45:49.762976
GO:0006890,"retrograde vesicle-mediated transport, Golgi to endoplasmic reticulum",2026-03-17T19:29:53.392070
GO:0006891,intra-Golgi vesicle-mediated transport,2026-05-18T00:02:59.859146
GO:0006892,post-Golgi vesicle-mediated transport,2026-08-24T13:43:09.229853
GO:0006897,endocytosis,2026-03-17T19:29:53.388603
GO:0006898,receptor-mediated endocytosis,2026-03-17T19:29:01.462558
GO:0006906,vesicle fusion,2026-08-01T18:56:18.042091
GO:0006909,phagocytosis,2026-03-17T19:25:32.234821
GO:0006911,"phagocytosis, engulfment",2026-07-20T13:20:12.250052
GO:0006913,nucleocytoplasmic transport,2026-05-23T20:29:53.030603
GO:0006914,autophagy,2026-03-17T19:25:11.636810
GO:0006915,apoptotic process,2026-03-17T19:24:07.335730
GO:0006924,activation-induced cell death of T cells,2026-04-12T10:22:15.179374
GO:0006936,muscle contraction,2026-03-17T19:29:10.138447
GO:0006937,regulation of muscle contraction,2026-03-17T19:50:51.262756
GO:0006939,smooth muscle contraction,2026-03-17T19:22:36.914433
GO:0006942,regulation of striated muscle contraction,2026-08-02T16:57:51.517514
GO:0006950,response to stress,2026-03-17T19:24:44.560771
GO:0006952,defense response,2026-08-26T22:18:47.910386
GO:0006953,acute-phase response,2026-04-26T20:18:20.885183
GO:0006954,inflammatory response,2026-03-12T04:45:59.483216
GO:0006955,immune response,2026-03-14T22:19:06.110101
GO:0006956,complement activation,2026-03-17T19:24:58.007176
GO:0006957,"complement activation, alternative pathway",2026-04-14T13:46:22.792320
GO:0006958,"complement activation, classical pathway",2026-03-17T19:33:59.612008
GO:0006959,humoral immune response,2026-04-28T16:59:55.639958
GO:0006968,cellular defense response,2026-05-06T22:41:59.362798
GO:0006970,response to osmotic stress,2026-06-30T03:57:52.415812
GO:0006972,hyperosmotic response,2026-08-08T14:14:27.732978
GO:0006974,DNA damage response,2026-03-17T19:24:47.723536
GO:0006979,response to oxidative stress,2026-03-17T19:23:56.867567
GO:0006986,response to unfolded protein,2026-03-17T19:32:55.080174
GO:0006998,nuclear envelope organization,2026-03-17T19:45:49.768367
GO:0007000,nucleolus organization,2026-06-12T06:09:47.095326
GO:0007004,telomere maintenance via telomerase,2026-03-17T19:36:35.237201
GO:0007005,mitochondrion organization,2026-03-17T19:24:14.202602
GO:0007007,inner mitochondrial membrane organization,2026-08-18T09:47:14.740620
GO:0007009,plasma membrane organization,2026-04-25T22:27:23.383985
GO:0007010,cytoskeleton organization,2026-03-17T19:38:36.792048
GO:0007015,actin filament organization,2026-03-17T19:41:37.608357
GO:0007017,microtubule-based process,2026-06-09T20:31:36.287178
GO:0007018,microtubule-based movement,2026-03-17T19:48:45.503338
GO:0007019,microtubule depolymerization,2026-03-17T19:25:32.212005
GO:0007020,microtubule nucleation,2026-05-16T19:33:37.368531
GO:0007021,tubulin complex assembly,2026-06-11T19:22:10.532858
GO:0007029,endoplasmic reticulum organization,2026-06-17T12:58:36.945737
GO:0007030,Golgi organization,2026-05-07T12:01:56.263992
GO:0007031,peroxisome organization,2026-03-17T19:48:22.595542
GO:0007032,endosome organization,2026-04-12T18:23:36.674580
GO:0007035,vacuolar acidification,2026-05-09T14:34:54.870512
GO:0007039,protein catabolic process in the vacuole,2026-05-13T21:44:14.379621
GO:0007040,lysosome organization,2026-03-17T19:32:20.549397
GO:0007041,lysosomal transport,2026-03-17T19:25:32.264122
GO:0007042,lysosomal lumen acidification,2026-08-01T18:56:21.622161
GO:0007043,cell-cell junction assembly,2026-04-14T19:56:56.077929
GO:0007049,cell cycle,2026-04-12T22:50:17.881659
GO:0007051,spindle organization,2026-05-13T16:41:25.528392
GO:0007052,mitotic spindle organization,2026-05-07T23:04:40.503640
GO:0007059,chromosome segregation,2026-03-17T19:47:31.569762
GO:0007062,sister chromatid cohesion,2026-05-03T19:23:06.553696
GO:0007094,mitotic spindle assembly checkpoint signaling,2026-05-11T08:59:36.460843
GO:0007097,nuclear migration,2026-06-04T12:00:03.711452
GO:0007098,centrosome cycle,2026-05-13T16:41:25.537564
GO:0007099,centriole replication,2026-05-09T18:41:32.139522
GO:0007107,membrane addition at site of cytokinesis,2026-03-17T19:35:01.280746
GO:0007127,meiosis I,2026-05-28T08:12:08.118144
GO:0007129,homologous chromosome pairing at meiosis,2026-05-28T08:12:08.102894
GO:0007130,synaptonemal complex assembly,2026-05-28T08:12:08.074055
GO:0007131,reciprocal meiotic recombination,2026-06-23T16:03:53.411835
GO:0007140,male meiotic nuclear division,2026-08-19T21:10:56.657011
GO:0007154,cell communication,2026-05-30T22:33:24.920992
GO:0007155,cell adhesion,2026-03-17T19:28:40.627378
GO:0007156,homophilic cell-cell adhesion,2026-07-17T23:28:20.521220
GO:0007158,neuron cell-cell adhesion,2026-08-18T15:26:38.756432
GO:0007159,leukocyte cell-cell adhesion,2026-05-06T22:41:59.349274
GO:0007160,cell-matrix adhesion,2026-03-17T19:33:32.260574
GO:0007162,negative regulation of cell adhesion,2026-07-31T06:36:47.934048
GO:0007163,establishment or maintenance of cell polarity,2026-07-03T13:12:12.895766
GO:0007165,signal transduction,2026-03-17T19:26:10.320376
GO:0007168,receptor guanylyl cyclase signaling pathway,2026-04-30T14:16:38.172010
GO:0007169,cell surface receptor protein tyrosine kinase signaling pathway,2026-03-17T19:37:27.846527
GO:0007173,epidermal growth factor receptor signaling pathway,2026-03-17T19:33:40.868901
GO:0007179,transforming growth factor beta receptor signaling pathway,2026-03-17T19:27:50.100852
GO:0007186,G protein-coupled receptor signaling pathway,2026-05-08T12:02:59.079870
GO:0007188,adenylate cyclase-modulating G protein-coupled receptor signaling pathway,2026-03-17T19:50:01.618345
GO:0007189,adenylate cyclase-activating G protein-coupled receptor signaling pathway,2026-03-17T19:29:53.399208
GO:0007193,adenylate cyclase-inhibiting G protein-coupled receptor signaling pathway,2026-07-31T06:31:31.938153
GO:0007200,phospholipase C-activating G protein-coupled receptor signaling pathway,2026-07-31T06:35:35.704664
GO:0007207,phospholipase C-activating G protein-coupled acetylcholine receptor signaling pathway,2026-08-17T05:03:41.378839
GO:0007210,serotonin receptor signaling pathway,2026-03-17T19:43:02.304194
GO:0007212,G protein-coupled dopamine receptor signaling pathway,2026-03-17T19:43:02.310137
GO:0007213,G protein-coupled acetylcholine receptor signaling pathway,2026-07-10T12:46:44.603001
GO:0007214,gamma-aminobutyric acid signaling pathway,2026-03-17T19:31:03.718553
GO:0007215,glutamate receptor signaling pathway,2026-03-17T19:26:42.395485
GO:0007216,G protein-coupled glutamate receptor signaling pathway,2026-08-22T18:56:29.030087
GO:0007218,neuropeptide signaling pathway,2026-04-28T22:02:29.377654
GO:0007219,Notch signaling pathway,2026-03-17T19:28:37.350470
GO:0007224,smoothened signaling pathway,2026-03-17T19:27:35.376952
GO:0007229,integrin-mediated signaling pathway,2026-03-17T19:33:59.601619
GO:0007249,canonical NF-kappaB signal transduction,2026-03-17T19:25:32.236868
GO:0007254,JNK cascade,2026-03-17T19:42:14.779674
GO:0007259,cell surface receptor signaling pathway via JAK-STAT,2026-03-17T19:24:03.764497
GO:0007260,tyrosine phosphorylation of STAT protein,2026-06-27T01:30:30.817544
GO:0007263,nitric oxide mediated signal transduction,2026-03-17T19:26:07.646770
GO:0007264,small GTPase-mediated signal transduction,2026-03-17T19:40:50.421795
GO:0007265,Ras protein signal transduction,2026-03-17T19:31:40.095186
GO:0007266,Rho protein signal transduction,2026-04-30T14:17:46.850831
GO:0007267,cell-cell signaling,2026-03-17T19:41:04.546287
GO:0007268,chemical synaptic transmission,2026-03-17T19:28:10.708905
GO:0007269,neurotransmitter secretion,2026-03-17T19:25:32.215338
GO:0007271,"synaptic transmission, cholinergic",2026-03-23T15:09:25.271159
GO:0007274,neuromuscular synaptic transmission,2026-03-17T19:45:17.522512
GO:0007275,multicellular organism development,2026-06-30T10:58:05.441390
GO:0007281,germ cell development,2026-03-17T19:53:34.015795
GO:0007283,spermatogenesis,2026-03-17T19:41:13.612959
GO:0007286,spermatid development,2026-08-18T21:10:22.879201
GO:0007288,sperm axoneme assembly,2026-08-18T21:10:18.829254
GO:0007292,female gamete generation,2026-05-27T19:03:39.058417
GO:0007343,egg activation,2026-06-30T10:58:05.396082
GO:0007368,determination of left/right symmetry,2026-03-17T19:49:29.604648
GO:0007369,gastrulation,2026-08-18T09:48:56.747885
GO:0007398,ectoderm development,2026-04-24T21:27:15.220102
GO:0007399,nervous system development,2026-03-14T22:26:23.295998
GO:0007405,neuroblast proliferation,2026-06-12T01:34:23.337819
GO:0007409,axonogenesis,2026-03-17T19:24:14.213266
GO:0007411,axon guidance,2026-04-28T22:03:15.666987
GO:0007416,synapse assembly,2026-03-17T19:33:29.034823
GO:0007417,central nervous system development,2026-04-25T22:48:19.534389
GO:0007420,brain development,2026-05-02T02:01:17.958816
GO:0007422,peripheral nervous system development,2026-05-03T05:46:00.916000
GO:0007494,midgut development,2026-06-15T22:32:45.862698
GO:0007507,heart development,2026-03-09T01:28:22.837110
GO:0007517,muscle organ development,2026-07-31T06:33:21.430405
GO:0007519,skeletal muscle tissue development,2026-05-13T16:46:21.812622
GO:0007520,myoblast fusion,2026-06-12T22:46:26.269065
GO:0007528,neuromuscular junction development,2026-06-15T23:59:19.746668
GO:0007530,sex determination,2026-05-08T09:13:09.872709
GO:0007548,sex differentiation,2026-05-08T02:02:20.153356
GO:0007566,embryo implantation,2026-08-04T00:46:08.027273
GO:0007567,parturition,2026-08-17T09:03:25.382236
GO:0007585,respiratory gaseous exchange by respiratory system,2026-06-08T11:55:32.604837
GO:0007586,digestion,2026-03-17T19:32:49.082111
GO:0007588,excretion,2026-06-06T18:54:52.404500
GO:0007596,blood coagulation,2026-03-17T19:24:07.349247
GO:0007597,"blood coagulation, intrinsic pathway",2026-04-25T22:42:37.276858
GO:0007598,"blood coagulation, extrinsic pathway",2026-08-04T14:12:58.296130
GO:0007599,hemostasis,2026-05-18T10:49:24.775689
GO:0007600,sensory perception,2026-07-08T10:18:09.452223
GO:0007601,visual perception,2026-03-17T19:24:27.681670
GO:0007602,phototransduction,2026-06-06T18:54:49.697893
GO:0007603,"phototransduction, visible light",2026-04-22T23:10:38.176775
GO:0007605,sensory perception of sound,2026-03-17T19:41:28.684388
GO:0007610,behavior,2026-04-28T10:03:53.538737
GO:0007611,learning or memory,2026-06-03T22:44:01.464388
GO:0007612,learning,2026-04-26T05:32:50.648787
GO:0007613,memory,2026-03-17T19:42:21.134757
GO:0007614,short-term memory,2026-04-30T14:22:54.426534
GO:0007623,circadian rhythm,2026-03-17T19:28:10.713125
GO:0007626,locomotory behavior,2026-08-14T05:51:53.654965
GO:0007631,feeding behavior,2026-03-17T19:46:37.581763
GO:0008015,blood circulation,2026-05-04T22:01:55.350043
GO:0008016,regulation of heart contraction,2026-03-17T19:38:06.670172
GO:0008017,microtubule binding,2026-08-04T11:19:54.926839
GO:0008020,G protein-coupled photoreceptor activity,2026-08-15T19:52:11.457807
GO:0008033,tRNA processing,2026-07-26T03:43:52.058726
GO:0008045,motor neuron axon guidance,2026-05-08T00:55:06.510191
GO:0008053,mitochondrial fusion,2026-06-11T23:23:52.017005
GO:0008076,voltage-gated potassium channel complex,2026-08-01T19:39:42.906638
GO:0008089,anterograde axonal transport,2026-03-17T19:25:35.372720
GO:0008090,retrograde axonal transport,2026-06-17T12:58:36.959231
GO:0008091,spectrin,2026-08-01T19:39:28.584857
GO:0008093,cytoskeletal anchor activity,2026-03-17T19:38:36.801668
GO:0008094,"ATP-dependent activity, acting on DNA",2026-07-31T22:54:59.580686
GO:0008104,intracellular protein localization,2026-05-08T00:55:06.480407
GO:0008108,UDP-glucose:hexose-1-phosphate uridylyltransferase activity,2026-05-18T07:50:24.506430
GO:0008119,thiopurine S-methyltransferase activity,2026-08-20T13:42:49.979326
GO:0008121,quinol-cytochrome-c reductase activity,2026-08-24T21:58:31.278487
GO:0008137,NADH dehydrogenase (ubiquinone) activity,2026-05-30T19:45:32.313075
GO:0008146,sulfotransferase activity,2026-07-31T18:55:06.914806
GO:0008150,biological_process,2026-06-08T00:19:42.652815
GO:0008152,metabolic process,2026-03-19T16:00:23.267637
GO:0008157,protein phosphatase 1 binding,2026-07-31T19:37:15.664978
GO:0008168,methyltransferase activity,2026-05-19T23:05:32.354264
GO:0008177,succinate dehydrogenase (quinone) activity,2026-08-23T13:41:38.492053
GO:0008184,glycogen phosphorylase activity,2026-08-07T15:50:48.207488
GO:0008193,tRNA guanylyltransferase activity,2026-07-23T21:44:52.815590
GO:0008199,ferric iron binding,2026-08-08T14:23:54.685464
GO:0008201,heparin binding,2026-08-27T19:16:04.378765
GO:0008202,steroid metabolic process,2026-06-03T23:16:33.805799
GO:0008203,cholesterol metabolic process,2026-03-17T19:35:09.732940
GO:0008204,ergosterol metabolic process,2026-06-25T02:35:11.834696
GO:0008206,bile acid metabolic process,2026-03-17T19:49:20.756695
GO:0008209,androgen metabolic process,2026-03-17T19:26:04.817838
GO:0008211,glucocorticoid metabolic process,2026-05-10T01:30:29.695960
GO:0008217,regulation of blood pressure,2026-03-17T19:34:39.333410
GO:0008219,cell death,2026-03-17T19:34:24.865550
GO:0008233,peptidase activity,2026-06-25T02:35:31.069209
GO:0008234,cysteine-type peptidase activity,2026-05-19T22:23:11.678337
GO:0008270,zinc ion binding,2026-07-31T20:06:35.323776
GO:0008278,cohesin complex,2026-08-01T17:10:04.585437
GO:0008283,cell population proliferation,2026-03-17T19:24:03.766939
GO:0008284,positive regulation of cell population proliferation,2026-03-17T19:52:21.527184
GO:0008285,negative regulation of cell population proliferation,2026-03-17T19:39:52.945160
GO:0008286,insulin receptor signaling pathway,2026-03-17T19:32:49.055529
GO:0008292,acetylcholine biosynthetic process,2026-06-15T23:59:19.721793
GO:0008299,isoprenoid biosynthetic process,2026-06-29T22:11:53.202264
GO:0008306,associative learning,2026-08-21T19:15:22.826120
GO:0008307,structural constituent of muscle,2026-08-01T12:26:45.370867
GO:0008327,methyl-CpG binding,2026-07-31T00:05:49.286190
GO:0008330,protein tyrosine/threonine phosphatase activity,2026-05-19T22:05:20.618939
GO:0008331,high voltage-gated calcium channel activity,2026-05-30T19:56:29.140394
GO:0008333,endosome to lysosome transport,2026-06-11T23:23:52.593986
GO:0008354,germ cell migration,2026-05-09T10:14:58.699458
GO:0008356,asymmetric cell division,2026-05-07T23:56:02.372342
GO:0008360,regulation of cell shape,2026-03-17T19:51:57.917391
GO:0008366,axon ensheathment,2026-05-08T12:56:55.359953
GO:0008380,RNA splicing,2026-03-17T19:45:23.459647
GO:0008381,mechanosensitive monoatomic ion channel activity,2026-08-18T09:47:41.028394
GO:0008395,steroid hydroxylase activity,2026-05-05T02:52:37.621525
GO:0008398,sterol 14-demethylase activity,2026-06-25T02:35:11.811051
GO:0008406,gonad development,2026-04-13T22:43:18.854717
GO:0008408,3'-5' exonuclease activity,2026-07-31T14:26:49.568716
GO:0008417,fucosyltransferase activity,2026-08-27T04:06:01.726864
GO:0008449,N-acetylglucosamine-6-sulfatase activity,2026-05-20T06:59:41.039747
GO:0008453,L-alanine:glyoxylate transaminase activity,2026-07-05T23:18:05.815263
GO:0008459,chondroitin 6-sulfotransferase activity,2026-08-01T17:34:17.058501
GO:0008478,pyridoxal kinase activity,2026-08-27T16:12:16.329754
GO:0008482,sulfite oxidase activity,2026-07-31T02:45:08.561050
GO:0008484,sulfuric ester hydrolase activity,2026-05-06T15:44:26.064648
GO:0008508,bile acid:sodium symporter activity,2026-08-27T23:43:49.841881
GO:0008511,sodium:potassium:chloride symporter activity,2026-04-22T22:11:11.306233
GO:0008519,ammonium channel activity,2026-08-16T21:27:52.850833
GO:0008521,acetyl-CoA transmembrane transporter activity,2026-05-18T19:13:51.845383
GO:0008535,respiratory chain complex IV assembly,2026-07-31T18:40:33.055158
GO:0008543,fibroblast growth factor receptor signaling pathway,2026-03-17T19:24:24.326032
GO:0008544,epidermis development,2026-03-17T19:34:22.067672
GO:0008584,male gonad development,2026-05-08T09:13:09.883864
GO:0008585,female gonad development,2026-04-13T22:43:18.831987
GO:0008589,regulation of smoothened signaling pathway,2026-06-13T20:36:30.821025
GO:0008603,cAMP-dependent protein kinase regulator activity,2026-08-23T14:02:29.621291
GO:0008608,attachment of spindle microtubules to kinetochore,2026-05-11T08:59:36.470605
GO:0008610,lipid biosynthetic process,2026-03-17T19:39:14.987051
GO:0008611,ether lipid biosynthetic process,2026-03-17T19:48:22.549931
GO:0008625,extrinsic apoptotic signaling pathway via death domain receptors,2026-04-26T20:12:09.248701
GO:0008630,intrinsic apoptotic signaling pathway in response to DNA damage,2026-08-18T10:38:13.582229
GO:0008631,intrinsic apoptotic signaling pathway in response to oxidative stress,2026-03-17T19:38:06.664854
GO:0008637,apoptotic mitochondrial changes,2026-08-01T19:26:07.617367
GO:0008641,ubiquitin-like modifier activating enzyme activity,2026-08-23T07:04:51.986554
GO:0008654,phospholipid biosynthetic process,2026-05-19T17:12:38.649757
GO:0008705,methionine synthase activity,2026-05-20T00:35:17.780034
GO:0008750,proton-translocating NAD(P)+ transhydrogenase activity,2026-08-26T16:59:38.043604
GO:0008757,S-adenosylmethionine-dependent methyltransferase activity,2026-08-19T20:17:26.865222
GO:0008761,UDP-N-acetylglucosamine 2-epimerase activity,2026-08-15T11:56:22.736575
GO:0009032,thymidine phosphorylase activity,2026-06-05T15:40:50.444488
GO:0009048,dosage compensation by inactivation of X chromosome,2026-07-31T22:56:23.773008
GO:0009052,"pentose-phosphate shunt, non-oxidative branch",2026-07-07T19:05:40.096675
GO:0009055,electron transfer activity,2026-05-18T20:34:17.877628
GO:0009057,macromolecule catabolic process,2026-05-30T17:14:07.743977
GO:0009060,aerobic respiration,2026-05-04T19:38:41.650515
GO:0009063,amino acid catabolic process,2026-03-17T19:36:43.556883
GO:0009070,serine family amino acid biosynthetic process,2026-07-08T02:06:13.408681
GO:0009083,branched-chain amino acid catabolic process,2026-03-17T19:23:40.040700
GO:0009100,glycoprotein metabolic process,2026-05-18T07:50:24.586219
GO:0009101,glycoprotein biosynthetic process,2026-08-12T14:40:59.448307
GO:0009107,lipoate biosynthetic process,2026-05-04T16:53:32.664591
GO:0009114,hypoxanthine catabolic process,2026-08-20T18:30:44.607729
GO:0009154,purine ribonucleotide catabolic process,2026-05-20T09:17:58.474876
GO:0009234,menaquinone biosynthetic process,2026-08-10T00:23:41.789727
GO:0009235,cobalamin metabolic process,2026-05-10T14:29:58.212451
GO:0009249,protein lipoylation,2026-03-17T19:42:03.171163
GO:0009252,peptidoglycan biosynthetic process,2026-06-20T18:55:38.551886
GO:0009266,response to temperature stimulus,2026-05-27T22:17:30.860713
GO:0009267,cellular response to starvation,2026-07-01T21:39:30.067518
GO:0009272,fungal-type cell wall biogenesis,2026-06-25T02:35:19.459380
GO:0009273,peptidoglycan-based cell wall biogenesis,2026-06-20T18:55:38.572360
GO:0009298,GDP-mannose biosynthetic process,2026-08-20T15:23:17.431269
GO:0009303,rRNA transcription,2026-08-24T15:39:20.231791
GO:0009305,obsolete protein biotinylation,2026-03-17T19:28:04.836012
GO:0009306,protein secretion,2026-05-18T19:13:51.880818
GO:0009308,amine metabolic process,2026-07-28T12:21:05.177753
GO:0009309,amine biosynthetic process,2026-07-31T06:28:36.541827
GO:0009311,oligosaccharide metabolic process,2026-05-04T15:58:56.299536
GO:0009313,oligosaccharide catabolic process,2026-06-20T07:29:22.769769
GO:0009384,N-acylmannosamine kinase activity,2026-08-15T11:56:23.728597
GO:0009394,2'-deoxyribonucleotide metabolic process,2026-07-31T17:12:42.411949
GO:0009395,phospholipid catabolic process,2026-06-08T18:44:27.169895
GO:0009405,obsolete pathogenesis,2026-03-17T19:30:57.762160
GO:0009408,response to heat,2026-03-17T19:34:24.875090
GO:0009410,response to xenobiotic stimulus,2026-03-17T19:24:03.769752
GO:0009411,response to UV,2026-04-30T14:20:34.757664
GO:0009416,response to light stimulus,2026-07-21T17:00:35.088146
GO:0009435,NAD+ biosynthetic process,2026-04-25T17:14:13.624803
GO:0009448,GABA metabolic process,2026-05-17T21:00:35.284762
GO:0009449,GABA biosynthetic process,2026-05-08T21:50:10.391908
GO:0009450,GABA catabolic process,2026-05-11T02:35:51.386659
GO:0009583,detection of light stimulus,2026-04-30T14:16:45.818516
GO:0009597,detection of virus,2026-06-28T19:00:37.497988
GO:0009611,response to wounding,2026-07-03T11:28:36.609333
GO:0009612,response to mechanical stimulus,2026-05-04T18:24:37.431412
GO:0009615,response to virus,2026-03-17T19:45:06.233885
GO:0009617,response to bacterium,2026-03-17T19:35:35.534459
GO:0009626,plant-type hypersensitive response,2026-03-17T19:51:57.925409
GO:0009636,response to toxic substance,2026-06-29T14:27:18.688703
GO:0009649,entrainment of circadian clock,2026-03-17T19:32:23.338313
GO:0009653,anatomical structure morphogenesis,2026-07-31T06:31:10.368985
GO:0009755,hormone-mediated signaling pathway,2026-03-17T19:50:01.635347
GO:0009790,embryo development,2026-03-17T19:35:21.097253
GO:0009913,epidermal cell differentiation,2026-03-17T19:31:57.196319
GO:0009952,anterior/posterior pattern specification,2026-04-30T20:25:30.603529
GO:0009953,dorsal/ventral pattern formation,2026-08-27T14:58:29.564142
GO:0009982,pseudouridine synthase activity,2026-08-01T07:44:13.841530
GO:0009994,oocyte differentiation,2026-05-30T00:51:52.978904
GO:0010001,glial cell differentiation,2026-03-17T19:37:21.954992
GO:0010008,endosome membrane,2026-08-01T14:09:06.960347
GO:0010037,response to carbon dioxide,2026-08-06T03:07:39.847690
GO:0010039,response to iron ion,2026-03-17T19:38:06.674253
GO:0010040,response to iron(II) ion,2026-03-17T19:38:06.682313
GO:0010172,embryonic body morphogenesis,2026-06-15T22:32:45.827251
GO:0010248,establishment or maintenance of transmembrane electrochemical gradient,2026-04-30T14:19:46.180845
GO:0010430,fatty acid omega-oxidation,2026-08-23T13:22:20.886906
GO:0010447,response to acidic pH,2026-05-04T20:03:40.690058
GO:0010463,mesenchymal cell proliferation,2026-04-12T22:49:02.472516
GO:0010467,gene expression,2026-03-17T19:37:21.948837
GO:0010468,regulation of gene expression,2026-03-14T22:18:48.553269
GO:0010485,histone H4 acetyltransferase activity,2026-08-16T19:33:11.902363
GO:0010498,proteasomal protein catabolic process,2026-07-31T06:35:32.796946
GO:0010499,proteasomal ubiquitin-independent protein catabolic process,2026-08-01T07:38:02.648689
GO:0010507,negative regulation of autophagy,2026-04-28T18:52:49.628895
GO:0010509,intracellular polyamine homeostasis,2026-08-19T20:49:38.031826
GO:0010564,regulation of cell cycle process,2026-03-17T19:31:07.014997
GO:0010573,vascular endothelial growth factor production,2026-06-19T18:21:35.058037
GO:0010618,aerenchyma formation,2026-03-17T19:38:31.258787
GO:0010625,positive regulation of Schwann cell proliferation,2026-06-08T12:28:32.617558
GO:0010628,positive regulation of gene expression,2026-03-17T19:43:36.745037
GO:0010657,muscle cell apoptotic process,2026-07-01T16:24:57.135005
GO:0010659,cardiac muscle cell apoptotic process,2026-06-06T18:45:20.870475
GO:0010701,positive regulation of norepinephrine secretion,2026-03-17T19:49:12.209252
GO:0010742,macrophage derived foam cell differentiation,2026-03-17T19:39:14.993055
GO:0010761,fibroblast migration,2026-07-16T20:48:00.779669
GO:0010818,T cell chemotaxis,2026-04-26T20:29:30.826266
GO:0010833,telomere maintenance via telomere lengthening,2026-07-31T06:36:43.753574
GO:0010838,positive regulation of keratinocyte proliferation,2026-06-11T20:49:30.180641
GO:0010842,retina layer formation,2026-08-22T18:45:36.445403
GO:0010856,adenylate cyclase activator activity,2026-06-03T08:30:45.925355
GO:0010878,cholesterol storage,2026-08-10T00:23:46.970136
GO:0010880,regulation of release of sequestered calcium ion into cytosol by sarcoplasmic reticulum,2026-03-17T19:29:36.786084
GO:0010882,regulation of cardiac muscle contraction by calcium ion signaling,2026-07-31T06:32:40.737644
GO:0010883,regulation of lipid storage,2026-06-05T15:43:51.769181
GO:0010894,negative regulation of steroid biosynthetic process,2026-06-25T02:35:11.928673
GO:0010906,regulation of glucose metabolic process,2026-06-04T17:31:38.181420
GO:0010960,magnesium ion homeostasis,2026-04-22T22:11:11.529419
GO:0010975,regulation of neuron projection development,2026-07-31T19:29:42.911929
GO:0010992,ubiquitin recycling,2026-08-08T17:18:39.761985
GO:0010998,regulation of translational initiation by eIF2 alpha phosphorylation,2026-07-31T19:37:19.355626
GO:0012501,programmed cell death,2026-08-01T19:26:06.320427
GO:0014010,Schwann cell proliferation,2026-06-08T12:28:32.632123
GO:0014032,neural crest cell development,2026-06-03T16:11:18.006367
GO:0014033,neural crest cell differentiation,2026-05-04T18:56:08.575159
GO:0014046,dopamine secretion,2026-03-17T19:51:34.556390
GO:0014047,glutamate secretion,2026-03-20T13:15:30.299606
GO:0014048,regulation of glutamate secretion,2026-08-21T18:39:45.911105
GO:0014055,"acetylcholine secretion, neurotransmission",2026-08-22T00:13:57.986118
GO:0014058,"negative regulation of acetylcholine secretion, neurotransmission",2026-07-31T06:28:57.388003
GO:0014059,regulation of dopamine secretion,2026-06-04T11:24:42.440189
GO:0014069,postsynaptic density,2026-08-19T09:01:02.152681
GO:0014722,regulation of skeletal muscle contraction by calcium ion signaling,2026-03-17T19:29:36.789828
GO:0014731,spectrin-associated cytoskeleton,2026-08-01T19:39:31.395095
GO:0014732,skeletal muscle atrophy,2026-08-20T07:40:48.720340
GO:0014808,release of sequestered calcium ion into cytosol by sarcoplasmic reticulum,2026-04-04T11:51:03.938232
GO:0014814,axon regeneration at neuromuscular junction,2026-07-28T12:18:45.180546
GO:0014819,regulation of skeletal muscle contraction,2026-08-20T07:34:03.813631
GO:0014824,artery smooth muscle contraction,2026-07-31T06:30:17.086338
GO:0014829,vascular associated smooth muscle contraction,2026-03-17T19:50:34.777777
GO:0014850,response to muscle activity,2026-08-01T07:36:31.003280
GO:0014883,transition between fast and slow fiber,2026-06-03T15:37:33.157601
GO:0014889,muscle atrophy,2026-07-28T12:18:46.853124
GO:0014898,cardiac muscle hypertrophy in response to stress,2026-06-06T21:54:21.448843
GO:0014901,satellite cell activation involved in skeletal muscle regeneration,2026-06-12T22:46:26.250531
GO:0014902,myotube differentiation,2026-05-21T03:01:59.323737
GO:0015012,heparan sulfate proteoglycan biosynthetic process,2026-04-12T22:50:17.894244
GO:0015018,galactosylgalactosylxylosylprotein 3-beta-glucuronosyltransferase activity,2026-08-01T17:44:14.913766
GO:0015019,heparan-alpha-glucosaminide N-acetyltransferase activity,2026-05-20T06:59:41.030438
GO:0015020,glucuronosyltransferase activity,2026-05-08T00:59:01.999975
GO:0015031,protein transport,2026-04-12T10:22:19.565216
GO:0015068,glycine amidinotransferase activity,2026-05-02T23:38:33.257965
GO:0015074,DNA integration,2026-03-17T19:24:37.733585
GO:0015078,proton transmembrane transporter activity,2026-05-09T14:34:54.878060
GO:0015085,calcium ion transmembrane transporter activity,2026-08-22T00:13:56.141542
GO:0015108,chloride transmembrane transporter activity,2026-08-22T18:38:31.105135
GO:0015116,sulfate transmembrane transporter activity,2026-04-30T14:22:26.294093
GO:0015126,canalicular bile acid transmembrane transporter activity,2026-08-08T16:23:28.705198
GO:0015136,sialic acid transmembrane transporter activity,2026-05-05T22:47:41.477168
GO:0015152,glucose-6-phosphate transmembrane transporter activity,2026-05-05T04:04:16.608914
GO:0015171,amino acid transmembrane transporter activity,2026-05-11T01:27:08.556805
GO:0015175,neutral L-amino acid transmembrane transporter activity,2026-05-04T03:34:24.850209
GO:0015184,L-cystine transmembrane transporter activity,2026-05-05T05:44:02.461241
GO:0015187,glycine transmembrane transporter activity,2026-05-10T12:27:17.258959
GO:0015189,L-lysine transmembrane transporter activity,2026-07-28T12:16:19.430500
GO:0015203,polyamine transmembrane transporter activity,2026-08-22T21:09:52.637949
GO:0015226,carnitine transmembrane transporter activity,2026-06-06T16:26:52.097782
GO:0015234,thiamine transmembrane transporter activity,2026-05-07T06:51:00.510874
GO:0015269,calcium-activated potassium channel activity,2026-05-09T14:34:54.856376
GO:0015272,ATP-activated inward rectifier potassium channel activity,2026-08-01T07:36:29.100970
GO:0015379,potassium:chloride symporter activity,2026-05-04T22:55:39.397008
GO:0015385,sodium:proton antiporter activity,2026-06-04T18:55:03.259802
GO:0015464,acetylcholine receptor activity,2026-05-16T13:31:52.671089
GO:0015671,oxygen transport,2026-05-09T06:10:15.075110
GO:0015693,magnesium ion transport,2026-05-19T11:28:50.509843
GO:0015695,obsolete organic cation transport,2026-08-22T21:53:21.491139
GO:0015698,inorganic anion transport,2026-08-20T15:21:40.822814
GO:0015701,bicarbonate transport,2026-03-12T04:45:59.465596
GO:0015718,monocarboxylic acid transport,2026-08-22T18:24:33.858417
GO:0015721,bile acid and bile salt transport,2026-08-02T01:51:26.267677
GO:0015722,canalicular bile acid transport,2026-08-08T16:23:30.233433
GO:0015723,bilirubin transport,2026-03-19T19:30:11.559852
GO:0015732,prostaglandin transport,2026-07-31T06:34:53.368883
GO:0015734,taurine transmembrane transport,2026-08-19T09:07:25.722555
GO:0015739,sialic acid transport,2026-03-17T19:51:16.257923
GO:0015746,citrate transport,2026-07-23T11:49:22.018157
GO:0015780,nucleotide-sugar transmembrane transport,2026-05-18T22:57:09.973064
GO:0015783,GDP-fucose transmembrane transport,2026-08-27T04:06:00.029181
GO:0015804,neutral amino acid transport,2026-03-17T19:43:16.567448
GO:0015810,aspartate transmembrane transport,2026-03-17T19:30:33.447354
GO:0015811,L-cystine transport,2026-05-05T05:44:02.469385
GO:0015812,gamma-aminobutyric acid transport,2026-07-31T06:35:06.587865
GO:0015822,ornithine transport,2026-05-11T01:27:08.567467
GO:0015824,proline transport,2026-03-17T19:29:24.487928
GO:0015827,tryptophan transport,2026-03-17T19:42:21.123009
GO:0015846,polyamine transport,2026-05-20T14:11:02.505090
GO:0015856,cytosine transport,2026-06-25T02:36:34.302045
GO:0015872,dopamine transport,2026-06-04T11:24:42.418673
GO:0015879,carnitine transport,2026-03-19T19:22:54.911824
GO:0015881,creatine transmembrane transport,2026-07-31T06:30:20.135868
GO:0015888,thiamine transport,2026-05-07T06:51:00.518795
GO:0015889,cobalamin transport,2026-05-10T14:06:06.140047
GO:0015908,fatty acid transport,2026-03-17T19:43:54.507467
GO:0015918,sterol transport,2026-07-29T19:19:54.686844
GO:0015926,glucosidase activity,2026-04-14T00:55:08.449070
GO:0015937,coenzyme A biosynthetic process,2026-05-10T15:13:23.833565
GO:0015942,formate metabolic process,2026-07-10T14:27:19.372293
GO:0015946,methanol oxidation,2026-07-10T14:27:17.420273
GO:0015986,proton motive force-driven ATP synthesis,2026-05-20T08:12:32.577008
GO:0016010,dystrophin-associated glycoprotein complex,2026-07-01T16:24:57.106745
GO:0016012,sarcoglycan complex,2026-08-26T16:38:03.374505
GO:0016020,membrane,2026-08-20T18:09:35.023605
GO:0016032,viral process,2026-05-04T13:43:07.545089
GO:0016038,absorption of visible light,2026-08-22T18:24:39.409180
GO:0016042,lipid catabolic process,2026-05-08T12:02:59.112386
GO:0016049,cell growth,2026-03-17T19:54:19.306717
GO:0016055,Wnt signaling pathway,2026-03-17T19:27:50.104730
GO:0016056,G protein-coupled opsin signaling pathway,2026-06-22T22:49:28.130695
GO:0016058,maintenance of membrane potential in photoreceptor cell by rhodopsin mediated signaling,2026-08-22T18:20:02.261853
GO:0016064,immunoglobulin mediated immune response,2026-05-05T18:10:36.147071
GO:0016068,type I hypersensitivity,2026-06-30T03:57:52.451619
GO:0016070,RNA metabolic process,2026-06-25T00:04:38.050236
GO:0016071,mRNA metabolic process,2026-06-12T14:46:12.390694
GO:0016075,rRNA catabolic process,2026-08-26T16:48:23.816060
GO:0016078,tRNA decay,2026-08-20T07:27:38.464351
GO:0016079,synaptic vesicle exocytosis,2026-04-24T18:06:16.739746
GO:0016082,synaptic vesicle priming,2026-07-31T06:36:52.147502
GO:0016125,sterol metabolic process,2026-05-11T12:39:46.830687
GO:0016126,sterol biosynthetic process,2026-06-25T02:35:11.654286
GO:0016175,superoxide-generating NAD(P)H oxidase activity,2026-08-26T12:51:09.812754
GO:0016192,vesicle-mediated transport,2026-05-07T12:01:56.249904
GO:0016197,endosomal transport,2026-08-01T09:42:53.008628
GO:0016208,AMP binding,2026-08-01T13:28:49.373964
GO:0016209,antioxidant activity,2026-08-21T21:01:18.401735
GO:0016226,iron-sulfur cluster assembly,2026-03-17T19:35:43.668124
GO:0016234,inclusion body,2026-05-30T17:39:52.085065
GO:0016235,aggresome,2026-08-01T09:06:27.483261
GO:0016236,macroautophagy,2026-03-17T19:32:20.553331
GO:0016237,microautophagy,2026-08-04T17:39:26.345143
GO:0016242,negative regulation of macroautophagy,2026-07-01T21:39:30.250731
GO:0016250,N-sulfoglucosamine sulfohydrolase activity,2026-05-20T06:59:41.012659
GO:0016260,L-selenocysteine biosynthetic process,2026-07-05T22:20:01.478714
GO:0016264,gap junction assembly,2026-03-17T19:41:04.541365
GO:0016279,protein-lysine N-methyltransferase activity,2026-08-24T16:17:26.111965
GO:0016303,1-phosphatidylinositol-3-kinase activity,2026-08-21T13:11:04.663616
GO:0016310,phosphorylation,2026-07-30T10:25:53.698151
GO:0016311,dephosphorylation,2026-06-18T11:25:07.280438
GO:0016314,"phosphatidylinositol-3,4,5-trisphosphate 3-phosphatase activity",2026-08-03T20:40:12.595715
GO:0016320,endoplasmic reticulum membrane fusion,2026-06-08T17:48:54.582659
GO:0016322,neuron remodeling,2026-08-22T18:20:24.213394
GO:0016323,basolateral plasma membrane,2026-07-28T12:16:17.237557
GO:0016324,apical plasma membrane,2026-08-20T12:54:50.289569
GO:0016338,calcium-independent cell-cell adhesion,2026-07-28T12:22:56.547384
GO:0016339,calcium-dependent cell-cell adhesion,2026-04-24T18:44:40.179536
GO:0016342,catenin complex,2026-08-01T19:06:48.693699
GO:0016358,dendrite development,2026-05-02T01:33:39.526354
GO:0016444,somatic cell DNA recombination,2026-04-24T16:34:25.804518
GO:0016446,somatic hypermutation of immunoglobulin genes,2026-03-17T19:40:53.171964
GO:0016462,pyrophosphatase activity,2026-05-04T23:08:35.518982
GO:0016477,cell migration,2026-03-17T19:41:07.914746
GO:0016485,protein processing,2026-08-17T09:32:58.203573
GO:0016486,peptide hormone processing,2026-08-19T09:22:46.554797
GO:0016494,C-X-C chemokine receptor activity,2026-08-22T17:49:53.910427
GO:0016499,orexin receptor activity,2026-08-24T17:36:05.209569
GO:0016514,SWI/SNF complex,2026-03-17T19:31:06.998589
GO:0016520,growth hormone-releasing hormone receptor activity,2026-08-26T22:24:56.700924
GO:0016525,negative regulation of angiogenesis,2026-05-04T14:07:55.768540
GO:0016529,sarcoplasmic reticulum,2026-03-17T19:29:27.345745
GO:0016556,mRNA modification,2026-08-01T07:44:19.499060
GO:0016558,protein import into peroxisome matrix,2026-03-17T19:48:22.589797
GO:0016567,protein ubiquitination,2026-03-17T19:25:11.641611
GO:0016577,obsolete histone demethylation,2026-03-17T19:32:14.538307
GO:0016578,obsolete histone deubiquitination,2026-03-17T19:43:08.134280
GO:0016579,protein deubiquitination,2026-04-25T18:17:07.910477
GO:0016581,NuRD complex,2026-06-04T10:14:15.432576
GO:0016592,mediator complex,2026-07-30T23:35:02.207693
GO:0016601,Rac protein signal transduction,2026-08-06T19:39:44.711438
GO:0016605,PML body,2026-07-16T15:19:08.568881
GO:0016607,nuclear speck,2026-08-01T01:02:29.288217
GO:0016655,"oxidoreductase activity, acting on NAD(P)H, quinone or similar compound as acceptor",2026-08-14T20:48:55.508856
GO:0016706,2-oxoglutarate-dependent dioxygenase activity,2026-08-01T14:46:20.388994
GO:0016757,glycosyltransferase activity,2026-07-30T23:56:08.350017
GO:0016768,spermine synthase activity,2026-08-19T20:49:36.229978
GO:0016779,nucleotidyltransferase activity,2026-06-25T02:29:04.708485
GO:0016811,"hydrolase activity, acting on carbon-nitrogen (but not peptide) bonds, in linear amides",2026-05-19T04:33:36.843874
GO:0016878,acid-thiol ligase activity,2026-07-05T19:29:50.188023
GO:0016887,ATP hydrolysis activity,2026-08-02T02:08:16.455296
GO:0016907,G protein-coupled acetylcholine receptor activity,2026-08-08T19:27:48.009340
GO:0016925,protein sumoylation,2026-06-04T18:15:59.767240
GO:0016934,extracellularly glycine-gated chloride channel activity,2026-05-10T12:27:17.243038
GO:0016941,natriuretic peptide receptor activity,2026-04-30T14:17:23.294158
GO:0016992,lipoate synthase activity,2026-05-04T16:53:32.655426
GO:0017040,N-acylsphingosine amidohydrolase activity,2026-05-05T05:34:54.833237
GO:0017059,serine palmitoyltransferase complex,2026-08-19T21:23:40.131298
GO:0017069,snRNA binding,2026-08-17T03:17:35.770919
GO:0017080,sodium channel regulator activity,2026-08-01T13:16:03.882687
GO:0017099,very-long-chain fatty acyl-CoA dehydrogenase activity,2026-05-19T11:52:22.098033
GO:0017113,dihydropyrimidine dehydrogenase (NADP+) activity,2026-08-16T11:05:36.838485
GO:0017121,plasma membrane phospholipid scrambling,2026-08-20T18:09:51.364602
GO:0017128,phospholipid scramblase activity,2026-08-20T18:09:43.694010
GO:0017148,negative regulation of translation,2026-04-25T22:48:19.380634
GO:0017156,calcium-ion regulated exocytosis,2026-08-01T08:27:18.415089
GO:0017162,aryl hydrocarbon receptor binding,2026-04-19T15:09:51.209142
GO:0017168,5-oxoprolinase (ATP-hydrolyzing) activity,2026-05-03T04:11:16.843057
GO:0017185,peptidyl-lysine hydroxylation,2026-06-30T17:49:57.362407
GO:0017187,peptidyl-glutamic acid carboxylation,2026-06-08T16:44:05.310604
GO:0018022,peptidyl-lysine methylation,2026-03-20T13:07:44.294572
GO:0018057,peptidyl-lysine oxidation,2026-07-28T12:16:02.099919
GO:0018065,obsolete protein-cofactor linkage,2026-03-17T19:46:28.463084
GO:0018105,peptidyl-serine phosphorylation,2026-07-31T14:25:42.539006
GO:0018107,peptidyl-threonine phosphorylation,2026-07-31T15:22:18.554058
GO:0018108,peptidyl-tyrosine phosphorylation,2026-03-17T19:30:18.023849
GO:0018126,protein hydroxylation,2026-03-17T19:47:15.868174
GO:0018149,peptide cross-linking,2026-08-13T17:48:28.016250
GO:0018158,protein oxidation,2026-05-17T20:21:06.392221
GO:0018205,peptidyl-lysine modification,2026-07-02T06:19:57.829569
GO:0018293,protein-FAD linkage,2026-08-01T19:28:47.188971
GO:0018342,protein prenylation,2026-08-08T15:24:05.482200
GO:0018344,protein geranylgeranylation,2026-06-29T22:11:53.245410
GO:0018345,protein palmitoylation,2026-06-03T22:32:08.487362
GO:0018393,internal peptidyl-lysine acetylation,2026-06-04T18:08:52.101242
GO:0018394,peptidyl-lysine acetylation,2026-06-03T22:44:01.437209
GO:0018401,peptidyl-proline hydroxylation to 4-hydroxy-L-proline,2026-08-01T14:46:21.660926
GO:0019005,SCF ubiquitin ligase complex,2026-08-01T19:14:42.456141
GO:0019042,viral latency,2026-05-22T23:41:43.165298
GO:0019043,establishment of viral latency,2026-03-17T19:29:44.933234
GO:0019046,release from viral latency,2026-05-16T16:18:39.914382
GO:0019058,viral life cycle,2026-03-17T19:38:22.824207
GO:0019062,virion attachment to host cell,2026-03-17T19:44:28.072215
GO:0019064,fusion of virus membrane with host plasma membrane,2026-06-24T23:59:17.405568
GO:0019065,receptor-mediated endocytosis of virus by host cell,2026-03-17T19:37:51.968298
GO:0019068,virion assembly,2026-03-17T19:44:28.078349
GO:0019076,viral release from host cell,2026-03-17T19:44:28.088690
GO:0019079,viral genome replication,2026-03-17T19:29:44.926766
GO:0019080,viral gene expression,2026-06-25T02:35:31.047376
GO:0019082,viral protein processing,2026-06-24T23:59:03.560813
GO:0019083,viral transcription,2026-03-17T19:24:47.717988
GO:0019104,DNA N-glycosylase activity,2026-08-23T14:00:43.852574
GO:0019172,glyoxalase III activity,2026-07-31T14:26:22.065646
GO:0019216,regulation of lipid metabolic process,2026-03-17T19:29:53.422301
GO:0019221,cytokine-mediated signaling pathway,2026-03-17T19:29:55.776702
GO:0019222,regulation of metabolic process,2026-06-06T18:44:37.534613
GO:0019226,transmission of nerve impulse,2026-03-17T19:34:30.552972
GO:0019227,neuronal action potential propagation,2026-04-21T13:49:32.805224
GO:0019228,neuronal action potential,2026-03-17T19:33:23.127978
GO:0019230,proprioception,2026-08-01T12:22:16.446264
GO:0019233,sensory perception of pain,2026-03-17T19:24:27.685334
GO:0019240,citrulline biosynthetic process,2026-05-20T04:24:20.569807
GO:0019242,methylglyoxal biosynthetic process,2026-07-31T06:35:55.722749
GO:0019249,lactate biosynthetic process,2026-05-30T19:15:24.452250
GO:0019346,transsulfuration,2026-05-05T00:39:57.350011
GO:0019369,arachidonate metabolic process,2026-03-17T19:31:03.739497
GO:0019370,leukotriene biosynthetic process,2026-08-27T16:37:07.641838
GO:0019371,cyclooxygenase pathway,2026-05-02T00:21:12.707648
GO:0019372,lipoxygenase pathway,2026-06-27T10:44:06.440664
GO:0019377,glycolipid catabolic process,2026-05-05T07:32:22.778286
GO:0019388,galactose catabolic process,2026-05-18T07:50:24.519073
GO:0019395,fatty acid oxidation,2026-03-17T19:46:37.588294
GO:0019418,sulfide oxidation,2026-07-08T13:41:47.977467
GO:0019432,triglyceride biosynthetic process,2026-05-04T05:03:21.526210
GO:0019433,triglyceride catabolic process,2026-05-19T21:10:21.472274
GO:0019448,L-cysteine catabolic process,2026-07-31T02:45:11.262575
GO:0019464,glycine decarboxylation via glycine cleavage system,2026-05-08T13:59:05.377006
GO:0019477,L-lysine catabolic process,2026-06-04T18:41:15.813638
GO:0019483,beta-alanine biosynthetic process,2026-08-16T11:05:37.853557
GO:0019499,cyanide metabolic process,2026-07-28T12:15:55.490768
GO:0019511,peptidyl-proline hydroxylation,2026-06-29T04:14:35.942917
GO:0019532,oxalate transport,2026-07-05T23:17:15.904965
GO:0019543,propionate catabolic process,2026-03-17T19:28:04.841529
GO:0019655,pyruvate fermentation to ethanol,2026-05-02T00:46:00.646305
GO:0019677,NAD+ catabolic process,2026-08-01T19:26:04.627625
GO:0019695,choline metabolic process,2026-05-18T20:27:40.048433
GO:0019722,calcium-mediated signaling,2026-04-04T12:29:38.705202
GO:0019724,B cell mediated immunity,2026-03-17T19:49:12.214321
GO:0019730,antimicrobial humoral response,2026-03-17T19:31:48.641479
GO:0019752,carboxylic acid metabolic process,2026-05-20T20:33:34.495425
GO:0019774,"proteasome core complex, beta-subunit complex",2026-08-18T15:22:16.745914
GO:0019789,SUMO transferase activity,2026-08-15T09:06:34.743251
GO:0019827,stem cell population maintenance,2026-04-25T19:32:45.453270
GO:0019835,cytolysis,2026-06-19T09:41:17.383428
GO:0019836,symbiont-mediated hemolysis of host erythrocyte,2026-05-10T07:46:56.845963
GO:0019841,retinol binding,2026-08-01T16:28:50.713771
GO:0019864,IgG binding,2026-08-23T21:42:03.073713
GO:0019882,antigen processing and presentation,2026-03-17T19:24:44.572441
GO:0019886,antigen processing and presentation of exogenous peptide antigen via MHC class II,2026-08-17T03:52:46.789010
GO:0019888,protein phosphatase regulator activity,2026-07-30T23:38:58.578329
GO:0019894,kinesin binding,2026-08-20T07:40:41.321691
GO:0019896,axonal transport of mitochondrion,2026-05-13T12:27:56.101827
GO:0019899,enzyme binding,2026-06-02T22:56:09.583983
GO:0019901,protein kinase binding,2026-08-20T14:44:12.522683
GO:0019905,syntaxin binding,2026-08-02T01:51:15.932301
GO:0019911,structural constituent of myelin sheath,2026-04-25T22:35:01.264537
GO:0019915,lipid storage,2026-05-03T12:52:24.017567
GO:0019933,obsolete cAMP-mediated signaling,2026-03-17T19:29:53.403207
GO:0019985,translesion synthesis,2026-03-17T19:35:21.072742
GO:0020003,symbiont-containing vacuole,2026-05-08T10:13:26.284335
GO:0020005,symbiont-containing vacuole membrane,2026-08-08T23:33:29.852151
GO:0020033,antigenic variation,2026-08-08T12:32:22.054812
GO:0021508,floor plate formation,2026-07-31T00:14:58.788766
GO:0021522,spinal cord motor neuron differentiation,2026-05-08T00:55:06.502699
GO:0021537,telencephalon development,2026-05-10T16:21:10.463137
GO:0021540,corpus callosum morphogenesis,2026-04-14T17:41:25.384218
GO:0021542,dentate gyrus development,2026-08-22T18:18:56.951758
GO:0021545,cranial nerve development,2026-08-20T07:40:44.931769
GO:0021549,cerebellum development,2026-03-17T19:43:36.751462
GO:0021554,optic nerve development,2026-06-04T10:10:21.598350
GO:0021555,midbrain-hindbrain boundary morphogenesis,2026-04-28T22:03:15.630425
GO:0021557,oculomotor nerve development,2026-08-20T07:40:37.691591
GO:0021558,trochlear nerve development,2026-08-20T07:40:39.533107
GO:0021560,abducens nerve development,2026-06-25T22:55:17.296856
GO:0021571,rhombomere 5 development,2026-08-27T15:50:33.643643
GO:0021622,oculomotor nerve morphogenesis,2026-08-20T07:40:43.116302
GO:0021680,cerebellar Purkinje cell layer development,2026-06-06T18:57:48.618007
GO:0021683,cerebellar granular layer morphogenesis,2026-07-31T17:43:29.177637
GO:0021695,cerebellar cortex development,2026-05-13T19:58:33.746270
GO:0021707,cerebellar granule cell differentiation,2026-08-27T19:36:13.063462
GO:0021756,striatum development,2026-06-11T23:37:31.116656
GO:0021766,hippocampus development,2026-06-09T22:04:08.538564
GO:0021772,olfactory bulb development,2026-04-04T11:40:11.553727
GO:0021782,glial cell development,2026-04-25T19:32:45.020448
GO:0021795,cerebral cortex cell migration,2026-08-19T13:58:58.649386
GO:0021796,cerebral cortex regionalization,2026-06-04T10:10:21.587383
GO:0021798,forebrain dorsal/ventral pattern formation,2026-07-31T06:35:03.776715
GO:0021799,cerebral cortex radially oriented cell migration,2026-04-25T16:58:41.920395
GO:0021801,cerebral cortex radial glia-guided migration,2026-06-09T21:45:44.991248
GO:0021817,nucleokinesis involved in cell motility in cerebral cortex radial glia guided migration,2026-06-03T23:31:36.786631
GO:0021819,layer formation in cerebral cortex,2026-06-10T20:50:07.446865
GO:0021846,cell proliferation in forebrain,2026-08-01T15:32:18.936898
GO:0021854,hypothalamus development,2026-07-31T22:54:10.484048
GO:0021859,pyramidal neuron differentiation,2026-08-19T16:40:09.781520
GO:0021870,Cajal-Retzius cell differentiation,2026-06-09T21:45:44.978186
GO:0021879,forebrain neuron differentiation,2026-08-20T14:46:18.464634
GO:0021895,cerebral cortex neuron differentiation,2026-05-16T17:52:23.518601
GO:0021943,formation of radial glial scaffolds,2026-06-09T21:45:44.922043
GO:0021952,central nervous system projection neuron axonogenesis,2026-08-19T16:40:10.955660
GO:0021953,central nervous system neuron differentiation,2026-08-20T12:30:46.285707
GO:0021957,corticospinal tract morphogenesis,2026-06-05T14:39:52.377596
GO:0021978,telencephalon regionalization,2026-07-31T00:14:57.063823
GO:0021979,hypothalamus cell differentiation,2026-07-03T09:11:15.710317
GO:0021983,pituitary gland development,2026-04-30T20:30:32.092652
GO:0021984,adenohypophysis development,2026-04-30T20:30:32.083279
GO:0021987,cerebral cortex development,2026-04-14T17:41:25.397522
GO:0022007,convergent extension involved in neural plate elongation,2026-08-01T00:25:56.225622
GO:0022008,neurogenesis,2026-04-09T18:44:23.119731
GO:0022010,central nervous system myelination,2026-03-14T22:21:03.311828
GO:0022011,myelination in peripheral nervous system,2026-04-21T13:49:32.787727
GO:0022038,corpus callosum development,2026-06-04T10:13:37.455751
GO:0022400,regulation of opsin-mediated signaling pathway,2026-08-22T18:20:05.776385
GO:0022410,circadian sleep/wake cycle process,2026-08-24T17:36:07.271059
GO:0022414,reproductive process,2026-06-20T04:39:46.908846
GO:0022600,digestive system process,2026-07-30T23:22:36.588601
GO:0022617,extracellular matrix disassembly,2026-03-17T19:25:20.443490
GO:0022618,protein-RNA complex assembly,2026-06-04T18:15:59.751401
GO:0022624,proteasome accessory complex,2026-08-01T00:48:33.986515
GO:0022851,GABA-gated chloride ion channel activity,2026-07-25T16:21:34.742619
GO:0022857,transmembrane transporter activity,2026-03-17T19:30:33.428588
GO:0022900,electron transport chain,2026-03-17T19:44:42.934035
GO:0022904,respiratory electron transport chain,2026-03-17T19:25:32.252971
GO:0030007,intracellular potassium ion homeostasis,2026-07-31T22:15:06.047730
GO:0030008,TRAPP complex,2026-08-05T21:56:06.232024
GO:0030014,CCR4-NOT complex,2026-07-31T01:57:26.476212
GO:0030017,sarcomere,2026-03-17T19:39:29.602117
GO:0030018,Z disc,2026-08-01T19:08:27.331730
GO:0030020,extracellular matrix structural constituent conferring tensile strength,2026-07-28T12:16:57.855165
GO:0030030,cell projection organization,2026-05-08T12:44:12.695443
GO:0030033,microvillus assembly,2026-08-22T18:32:32.966502
GO:0030036,actin cytoskeleton organization,2026-03-17T19:45:55.402192
GO:0030041,actin filament polymerization,2026-03-17T19:51:57.911814
GO:0030049,muscle filament sliding,2026-08-01T21:07:34.004246
GO:0030057,desmosome,2026-08-15T11:13:01.138636
GO:0030072,peptide hormone secretion,2026-06-17T21:14:49.930714
GO:0030073,insulin secretion,2026-03-17T19:32:49.071767
GO:0030097,hemopoiesis,2026-03-17T19:26:59.950601
GO:0030098,lymphocyte differentiation,2026-05-08T12:48:14.881619
GO:0030099,myeloid cell differentiation,2026-03-17T19:24:07.331639
GO:0030101,natural killer cell activation,2026-07-20T14:45:10.757478
GO:0030104,obsolete water homeostasis,2026-03-17T19:36:32.487513
GO:0030122,AP-2 adaptor complex,2026-08-01T09:49:20.263634
GO:0030127,COPII vesicle coat,2026-07-11T15:00:00.000000
GO:0030134,COPII-coated ER to Golgi transport vesicle,2026-06-05T15:11:54.228340
GO:0030136,clathrin-coated vesicle,2026-06-03T18:33:54.054948
GO:0030141,secretory granule,2026-06-08T18:26:19.927181
GO:0030148,sphingolipid biosynthetic process,2026-03-14T22:26:23.294534
GO:0030149,sphingolipid catabolic process,2026-03-17T19:41:19.567177
GO:0030154,cell differentiation,2026-03-17T19:25:26.198288
GO:0030157,pancreatic juice secretion,2026-05-09T18:41:31.712840
GO:0030162,regulation of proteolysis,2026-03-17T19:46:31.744089
GO:0030163,protein catabolic process,2026-03-17T19:25:32.266895
GO:0030166,proteoglycan biosynthetic process,2026-05-21T03:01:59.267209
GO:0030167,proteoglycan catabolic process,2026-04-09T14:41:42.320242
GO:0030168,platelet activation,2026-03-17T19:25:50.253835
GO:0030170,pyridoxal phosphate binding,2026-08-27T16:12:19.619565
GO:0030172,troponin C binding,2026-08-12T14:49:07.433006
GO:0030182,neuron differentiation,2026-03-17T19:38:47.788762
GO:0030183,B cell differentiation,2026-03-17T19:26:18.803762
GO:0030187,melatonin biosynthetic process,2026-03-17T19:32:23.333862
GO:0030193,regulation of blood coagulation,2026-06-16T17:37:48.961560
GO:0030194,positive regulation of blood coagulation,2026-07-03T18:08:50.057387
GO:0030195,negative regulation of blood coagulation,2026-08-26T16:57:34.760368
GO:0030198,extracellular matrix organization,2026-03-12T04:45:59.489422
GO:0030199,collagen fibril organization,2026-03-17T19:33:32.254362
GO:0030200,heparan sulfate proteoglycan catabolic process,2026-08-21T12:57:33.735053
GO:0030201,heparan sulfate proteoglycan metabolic process,2026-08-27T14:25:34.807885
GO:0030203,glycosaminoglycan metabolic process,2026-08-27T19:16:05.262781
GO:0030212,hyaluronan metabolic process,2026-05-07T20:03:59.525947
GO:0030213,hyaluronan biosynthetic process,2026-03-17T19:37:08.077030
GO:0030214,hyaluronan catabolic process,2026-06-12T02:15:36.182571
GO:0030216,keratinocyte differentiation,2026-03-17T19:32:02.852143
GO:0030217,T cell differentiation,2026-03-17T19:48:11.336725
GO:0030218,erythrocyte differentiation,2026-03-17T19:25:23.354696
GO:0030219,megakaryocyte differentiation,2026-03-17T19:34:42.194322
GO:0030220,platelet formation,2026-03-17T19:40:07.401984
GO:0030222,eosinophil differentiation,2026-06-27T06:18:33.134647
GO:0030223,neutrophil differentiation,2026-07-16T15:19:08.117855
GO:0030224,monocyte differentiation,2026-04-13T00:21:42.884787
GO:0030225,macrophage differentiation,2026-08-02T01:11:08.999491
GO:0030238,male sex determination,2026-03-17T19:29:04.354067
GO:0030239,myofibril assembly,2026-03-17T19:45:49.754943
GO:0030240,skeletal muscle thin filament assembly,2026-03-17T19:45:49.745195
GO:0030246,carbohydrate binding,2026-05-19T22:05:20.628430
GO:0030252,growth hormone secretion,2026-04-25T19:32:45.384201
GO:0030254,protein secretion by the type III secretion system,2026-03-17T19:29:13.029250
GO:0030255,protein secretion by the type IV secretion system,2026-07-03T15:38:12.299297
GO:0030257,type III protein secretion system complex,2026-03-17T19:51:57.902847
GO:0030261,chromosome condensation,2026-05-13T22:42:09.260804
GO:0030282,bone mineralization,2026-03-17T19:29:01.473766
GO:0030301,cholesterol transport,2026-03-17T19:54:16.483993
GO:0030316,osteoclast differentiation,2026-03-17T19:28:46.571055
GO:0030318,melanocyte differentiation,2026-05-27T20:13:07.072067
GO:0030324,lung development,2026-03-17T19:51:37.315206
GO:0030325,adrenal gland development,2026-08-27T04:12:20.347060
GO:0030326,embryonic limb morphogenesis,2026-03-09T01:28:22.837120
GO:0030330,"DNA damage response, signal transduction by p53 class mediator",2026-03-17T19:41:57.163603
GO:0030334,regulation of cell migration,2026-05-24T15:09:25.458428
GO:0030335,positive regulation of cell migration,2026-04-11T22:20:39.630429
GO:0030343,vitamin D 25-hydroxylase activity,2026-08-19T17:16:01.764207
GO:0030350,iron-responsive element binding,2026-08-01T19:14:44.023668
GO:0030424,axon,2026-08-01T19:39:44.340238
GO:0030431,sleep,2026-03-17T19:46:43.234849
GO:0030432,peristalsis,2026-03-17T19:38:47.793559
GO:0030433,obsolete ubiquitin-dependent ERAD pathway,2026-03-17T19:29:53.395725
GO:0030449,regulation of complement activation,2026-04-22T22:09:44.618515
GO:0030488,tRNA methylation,2026-08-20T07:27:36.523346
GO:0030500,regulation of bone mineralization,2026-08-20T15:21:42.249234
GO:0030502,negative regulation of bone mineralization,2026-08-20T21:14:03.932909
GO:0030505,inorganic diphosphate transport,2026-08-20T21:12:16.193291
GO:0030506,ankyrin binding,2026-08-01T19:39:35.895004
GO:0030507,spectrin binding,2026-03-17T19:38:36.828856
GO:0030509,BMP signaling pathway,2026-03-17T19:32:17.730066
GO:0030511,positive regulation of transforming growth factor beta receptor signaling pathway,2026-08-17T03:52:41.048163
GO:0030512,negative regulation of transforming growth factor beta receptor signaling pathway,2026-03-17T19:32:17.719594
GO:0030514,negative regulation of BMP signaling pathway,2026-03-17T19:32:17.716398
GO:0030520,estrogen receptor signaling pathway,2026-03-17T19:26:04.833973
GO:0030521,androgen receptor signaling pathway,2026-03-17T19:27:50.094114
GO:0030522,intracellular receptor signaling pathway,2026-08-01T06:32:53.868499
GO:0030527,structural constituent of chromatin,2026-08-02T22:55:26.128579
GO:0030539,male genitalia development,2026-06-11T23:37:31.133706
GO:0030574,collagen catabolic process,2026-03-17T19:41:51.595823
GO:0030586,[methionine synthase] reductase (NADPH) activity,2026-08-27T05:59:19.692879
GO:0030593,neutrophil chemotaxis,2026-03-12T04:45:59.485200
GO:0030595,leukocyte chemotaxis,2026-03-17T19:55:12.920102
GO:0030673,axolemma,2026-07-17T17:56:09.444255
GO:0030674,protein-macromolecule adaptor activity,2026-05-01T20:58:26.015952
GO:0030687,"preribosome, large subunit precursor",2026-08-01T07:34:40.874265
GO:0030728,ovulation,2026-03-17T19:48:58.758372
GO:0030730,triglyceride storage,2026-08-17T08:29:45.154356
GO:0030731,guanidinoacetate N-methyltransferase activity,2026-07-25T15:01:40.151029
GO:0030791,arsenite methyltransferase activity,2026-03-17T19:26:07.598266
GO:0030805,regulation of cyclic nucleotide catabolic process,2026-06-02T22:56:09.607381
GO:0030851,granulocyte differentiation,2026-03-17T19:24:07.333861
GO:0030854,positive regulation of granulocyte differentiation,2026-07-31T06:32:10.904274
GO:0030855,epithelial cell differentiation,2026-03-17T19:31:12.816242
GO:0030863,cortical cytoskeleton,2026-08-01T19:39:37.185810
GO:0030866,cortical actin cytoskeleton organization,2026-05-09T04:57:52.258871
GO:0030878,thyroid gland development,2026-07-31T06:30:11.752494
GO:0030879,mammary gland development,2026-03-17T19:54:49.799305
GO:0030890,positive regulation of B cell proliferation,2026-08-08T16:10:23.781878
GO:0030894,replisome,2026-08-01T07:34:43.845421
GO:0030897,HOPS complex,2026-08-01T18:56:15.055462
GO:0030900,forebrain development,2026-04-04T11:40:28.786672
GO:0030906,"retromer, cargo-selective complex",2026-07-29T22:48:51.550634
GO:0030964,NADH dehydrogenase complex,2026-05-30T19:45:32.325022
GO:0030968,endoplasmic reticulum unfolded protein response,2026-03-17T19:38:58.786550
GO:0031012,extracellular matrix,2026-03-17T19:34:05.159124
GO:0031014,troponin T binding,2026-08-02T17:12:39.608560
GO:0031016,pancreas development,2026-05-09T09:59:01.616279
GO:0031017,exocrine pancreas development,2026-07-31T01:57:34.212921
GO:0031018,endocrine pancreas development,2026-07-31T01:57:32.213351
GO:0031054,pre-miRNA processing,2026-08-20T15:35:36.862751
GO:0031069,hair follicle morphogenesis,2026-06-08T18:44:27.188805
GO:0031072,heat shock protein binding,2026-08-23T03:00:43.842532
GO:0031076,embryonic camera-type eye development,2026-08-01T21:08:37.120856
GO:0031091,platelet alpha granule,2026-08-02T01:51:31.602793
GO:0031109,microtubule polymerization or depolymerization,2026-08-20T15:16:59.123304
GO:0031119,tRNA pseudouridine synthesis,2026-08-01T07:44:17.994464
GO:0031122,cytoplasmic microtubule organization,2026-06-11T20:23:49.371358
GO:0031145,anaphase-promoting complex-dependent catabolic process,2026-05-30T19:34:27.473656
GO:0031146,SCF-dependent proteasomal ubiquitin-dependent protein catabolic process,2026-04-14T19:55:31.710442
GO:0031175,neuron projection development,2026-03-17T19:26:07.624858
GO:0031209,SCAR complex,2026-08-20T04:18:59.987942
GO:0031214,biomineral tissue development,2026-05-05T00:05:23.775090
GO:0031290,retinal ganglion cell axon guidance,2026-08-18T15:26:41.139234
GO:0031295,T cell costimulation,2026-05-30T21:17:28.069388
GO:0031297,replication fork processing,2026-08-01T19:30:16.862685
GO:0031424,keratinization,2026-03-17T19:26:30.426421
GO:0031432,titin binding,2026-08-12T18:01:58.335932
GO:0031461,cullin-RING ubiquitin ligase complex,2026-08-20T12:21:18.154745
GO:0031463,Cul3-RING ubiquitin ligase complex,2026-08-01T19:08:21.436276
GO:0031467,Cul7-RING ubiquitin ligase complex,2026-08-27T04:02:25.106659
GO:0031507,heterochromatin formation,2026-08-01T15:32:16.921270
GO:0031519,PcG protein complex,2026-06-04T15:49:06.908874
GO:0031526,brush border membrane,2026-08-17T14:25:54.015720
GO:0031547,brain-derived neurotrophic factor receptor signaling pathway,2026-04-27T20:56:03.929543
GO:0031570,DNA integrity checkpoint signaling,2026-07-31T06:36:45.878181
GO:0031573,mitotic intra-S DNA damage checkpoint signaling,2026-07-31T05:44:37.278278
GO:0031581,hemidesmosome assembly,2026-08-22T17:14:09.560814
GO:0031589,cell-substrate adhesion,2026-03-17T19:34:22.063132
GO:0031594,neuromuscular junction,2026-08-17T20:44:19.504187
GO:0031623,receptor internalization,2026-05-16T00:36:25.360074
GO:0031625,ubiquitin protein ligase binding,2026-06-04T09:25:50.021313
GO:0031638,zymogen activation,2026-06-06T18:44:57.801480
GO:0031639,plasminogen activation,2026-06-20T02:58:24.661278
GO:0031640,killing of cells of another organism,2026-03-19T16:01:00.821168
GO:0031644,regulation of nervous system process,2026-05-02T23:11:33.340942
GO:0031647,regulation of protein stability,2026-03-17T19:25:38.436793
GO:0031648,protein destabilization,2026-08-01T12:22:10.722453
GO:0031669,cellular response to nutrient levels,2026-07-01T21:39:29.863484
GO:0031672,A band,2026-08-12T13:32:59.880003
GO:0031851,kappa-type opioid receptor binding,2026-08-24T16:40:22.855266
GO:0031929,TOR signaling,2026-03-17T19:30:40.161742
GO:0031959,nuclear receptor-mediated mineralocorticoid signaling pathway,2026-08-22T14:22:46.171777
GO:0032006,regulation of TOR signaling,2026-06-03T17:34:13.468838
GO:0032007,negative regulation of TOR signaling,2026-07-25T12:09:04.684349
GO:0032008,positive regulation of TOR signaling,2026-04-28T18:52:49.614547
GO:0032024,positive regulation of insulin secretion,2026-08-20T15:23:22.302276
GO:0032036,myosin heavy chain binding,2026-08-01T21:07:33.025171
GO:0032042,mitochondrial DNA metabolic process,2026-06-05T15:40:50.497172
GO:0032048,cardiolipin metabolic process,2026-03-19T19:36:03.274449
GO:0032098,regulation of appetite,2026-03-17T19:27:32.506549
GO:0032099,negative regulation of appetite,2026-06-08T00:19:06.661630
GO:0032147,activation of protein kinase activity,2026-05-02T00:21:11.280800
GO:0032218,riboflavin transport,2026-07-05T23:35:21.501613
GO:0032228,"regulation of synaptic transmission, GABAergic",2026-07-17T15:08:24.647970
GO:0032259,methylation,2026-04-12T22:50:17.841704
GO:0032261,purine nucleotide salvage,2026-05-01T07:19:47.117021
GO:0032266,phosphatidylinositol-3-phosphate binding,2026-08-22T04:01:52.503810
GO:0032274,gonadotropin secretion,2026-03-17T19:26:04.837143
GO:0032275,luteinizing hormone secretion,2026-06-04T01:21:17.370050
GO:0032278,positive regulation of gonadotropin secretion,2026-06-19T09:01:17.683845
GO:0032287,peripheral nervous system myelin maintenance,2026-08-22T18:20:19.418105
GO:0032288,myelin assembly,2026-08-22T18:20:21.008962
GO:0032300,mismatch repair complex,2026-03-17T19:42:42.031696
GO:0032330,regulation of chondrocyte differentiation,2026-07-29T22:49:19.494519
GO:0032331,negative regulation of chondrocyte differentiation,2026-03-17T19:53:42.327088
GO:0032342,aldosterone biosynthetic process,2026-05-03T17:02:28.870043
GO:0032354,response to follicle-stimulating hormone,2026-04-13T22:43:18.875788
GO:0032367,intracellular cholesterol transport,2026-03-14T22:26:23.290642
GO:0032391,photoreceptor connecting cilium,2026-07-20T14:20:28.778874
GO:0032402,melanosome transport,2026-08-22T17:55:50.087929
GO:0032413,negative regulation of ion transmembrane transporter activity,2026-08-20T12:21:20.063127
GO:0032418,lysosome localization,2026-04-16T12:28:38.612675
GO:0032420,stereocilium,2026-08-26T13:56:49.772342
GO:0032421,stereocilium bundle,2026-08-26T13:56:53.535782
GO:0032426,stereocilium tip,2026-08-27T15:14:26.917764
GO:0032438,melanosome organization,2026-06-16T16:54:27.647810
GO:0032452,histone demethylase activity,2026-03-19T16:03:29.234731
GO:0032453,histone H3K4 demethylase activity,2026-07-31T19:29:36.384216
GO:0032454,histone H3K9 demethylase activity,2026-08-01T00:59:16.813177
GO:0032456,endocytic recycling,2026-04-12T18:23:36.684716
GO:0032468,Golgi calcium ion homeostasis,2026-08-24T13:43:07.236057
GO:0032469,endoplasmic reticulum calcium ion homeostasis,2026-06-30T18:11:46.904288
GO:0032481,positive regulation of type I interferon production,2026-08-24T01:10:43.298694
GO:0032482,Rab protein signal transduction,2026-05-07T12:01:56.237175
GO:0032486,Rap protein signal transduction,2026-08-24T16:28:16.545860
GO:0032496,response to lipopolysaccharide,2026-03-17T19:25:08.290205
GO:0032502,developmental process,2026-05-07T12:01:56.280747
GO:0032509,endosome transport via multivesicular body sorting pathway,2026-07-31T19:30:24.217944
GO:0032526,response to retinoic acid,2026-07-31T17:29:38.327547
GO:0032543,mitochondrial translation,2026-04-25T18:22:49.515669
GO:0032570,response to progesterone,2026-07-31T06:30:49.694107
GO:0032602,chemokine production,2026-03-17T19:31:24.633273
GO:0032606,type I interferon production,2026-06-03T17:19:01.678463
GO:0032609,type II interferon production,2026-06-03T22:49:29.636511
GO:0032611,interleukin-1 beta production,2026-03-17T19:28:28.313055
GO:0032613,interleukin-10 production,2026-08-21T16:50:35.176724
GO:0032615,interleukin-12 production,2026-08-28T10:43:12.674117
GO:0032616,interleukin-13 production,2026-06-03T04:44:43.940559
GO:0032620,interleukin-17 production,2026-03-17T19:41:01.496806
GO:0032621,interleukin-18 production,2026-04-26T20:18:20.855296
GO:0032627,interleukin-23 production,2026-05-04T18:24:37.405325
GO:0032633,interleukin-4 production,2026-03-17T19:22:36.905162
GO:0032635,interleukin-6 production,2026-04-26T20:18:20.875896
GO:0032637,interleukin-8 production,2026-06-12T23:27:58.767265
GO:0032640,tumor necrosis factor production,2026-03-17T19:41:01.492414
GO:0032673,regulation of interleukin-4 production,2026-04-12T22:51:57.155480
GO:0032720,negative regulation of tumor necrosis factor production,2026-08-22T23:45:35.478340
GO:0032728,positive regulation of interferon-beta production,2026-08-24T01:10:44.963224
GO:0032731,positive regulation of interleukin-1 beta production,2026-03-17T19:28:43.514009
GO:0032740,positive regulation of interleukin-17 production,2026-04-26T20:18:20.919816
GO:0032741,positive regulation of interleukin-18 production,2026-03-17T19:28:43.517870
GO:0032755,positive regulation of interleukin-6 production,2026-07-31T14:25:44.934673
GO:0032760,positive regulation of tumor necrosis factor production,2026-07-22T09:47:07.409082
GO:0032782,bile acid secretion,2026-08-08T16:23:41.408022
GO:0032783,super elongation complex,2026-08-19T09:23:36.617262
GO:0032802,low-density lipoprotein particle receptor catabolic process,2026-08-18T21:13:12.230945
GO:0032836,glomerular basement membrane development,2026-04-30T14:19:32.459710
GO:0032869,cellular response to insulin stimulus,2026-08-01T10:11:02.822151
GO:0032922,circadian regulation of gene expression,2026-08-04T17:51:48.011651
GO:0032956,regulation of actin cytoskeleton organization,2026-04-13T08:35:45.326059
GO:0032963,collagen metabolic process,2026-05-05T00:39:57.390953
GO:0032964,collagen biosynthetic process,2026-03-17T19:24:17.514633
GO:0032965,regulation of collagen biosynthetic process,2026-03-17T19:31:12.822609
GO:0032968,positive regulation of transcription elongation by RNA polymerase II,2026-08-19T09:23:41.196863
GO:0032971,regulation of muscle filament sliding,2026-08-12T14:50:04.867734
GO:0032980,keratinocyte activation,2026-03-17T19:31:24.613047
GO:0032981,mitochondrial respiratory chain complex I assembly,2026-07-02T07:01:42.467951
GO:0032982,myosin filament,2026-03-19T19:33:16.909659
GO:0033017,sarcoplasmic reticulum membrane,2026-08-02T16:54:56.631901
GO:0033077,T cell differentiation in thymus,2026-06-22T12:25:15.717900
GO:0033108,mitochondrial respiratory chain complex assembly,2026-08-27T03:23:29.186363
GO:0033151,V(D)J recombination,2026-03-17T19:26:18.800519
GO:0033173,calcineurin-NFAT signaling cascade,2026-03-17T19:28:52.465681
GO:0033180,"proton-transporting V-type ATPase, V1 domain",2026-08-27T04:08:33.418807
GO:0033185,dolichol-phosphate-mannose synthase complex,2026-08-01T00:03:54.052525
GO:0033188,sphingomyelin synthase activity,2026-08-28T10:38:26.230069
GO:0033209,tumor necrosis factor-mediated signaling pathway,2026-07-31T01:24:56.969330
GO:0033210,leptin-mediated signaling pathway,2026-06-13T15:07:02.073377
GO:0033263,CORVET complex,2026-08-01T18:56:16.574984
GO:0033268,node of Ranvier,2026-07-17T17:56:08.876187
GO:0033270,paranode region of axon,2026-08-22T18:20:22.737143
GO:0033275,actin-myosin filament sliding,2026-08-12T13:33:00.918263
GO:0033292,T-tubule organization,2026-06-16T17:24:50.106500
GO:0033326,cerebrospinal fluid secretion,2026-06-03T11:06:17.311588
GO:0033327,Leydig cell differentiation,2026-08-01T02:27:12.503832
GO:0033344,cholesterol efflux,2026-05-03T23:48:21.281904
GO:0033353,L-methionine cycle,2026-04-30T14:18:01.550672
GO:0033513,L-lysine catabolic process to acetyl-CoA via 5-aminopentanamide,2026-03-17T19:44:08.472459
GO:0033539,fatty acid beta-oxidation using acyl-CoA dehydrogenase,2026-05-19T14:05:56.820291
GO:0033540,fatty acid beta-oxidation using acyl-CoA oxidase,2026-05-10T16:17:51.041233
GO:0033554,cellular response to stress,2026-04-28T10:39:55.093347
GO:0033559,unsaturated fatty acid metabolic process,2026-06-04T18:41:15.802086
GO:0033565,ESCRT-0 complex,2026-07-31T19:30:19.035076
GO:0033610,oxalate biosynthetic process,2026-07-31T06:34:46.515425
GO:0033615,mitochondrial proton-transporting ATP synthase complex assembly,2026-05-20T08:12:32.593508
GO:0033617,mitochondrial respiratory chain complex IV assembly,2026-05-30T19:45:32.371987
GO:0033622,integrin activation,2026-08-24T16:00:45.189622
GO:0033699,DNA 5'-adenosine monophosphate hydrolase activity,2026-08-23T21:55:58.252748
GO:0033700,phospholipid efflux,2026-05-03T23:48:21.289130
GO:0033993,response to lipid,2026-03-17T19:52:27.112425
GO:0034041,ABC-type sterol transporter activity,2026-07-29T19:35:49.010006
GO:0034097,response to cytokine,2026-03-17T19:31:12.798722
GO:0034101,erythrocyte homeostasis,2026-03-17T19:25:23.351817
GO:0034102,erythrocyte clearance,2026-03-17T19:31:21.615908
GO:0034108,positive regulation of erythrocyte clearance,2026-03-17T19:28:01.919394
GO:0034109,homotypic cell-cell adhesion,2026-08-22T18:34:55.423038
GO:0034134,toll-like receptor 2 signaling pathway,2026-05-18T15:23:30.394630
GO:0034138,toll-like receptor 3 signaling pathway,2026-03-17T19:54:16.470340
GO:0034142,toll-like receptor 4 signaling pathway,2026-03-17T19:55:01.434231
GO:0034154,toll-like receptor 7 signaling pathway,2026-03-17T19:53:06.850525
GO:0034162,toll-like receptor 9 signaling pathway,2026-03-17T19:53:06.856336
GO:0034185,apolipoprotein binding,2026-05-03T22:24:58.234271
GO:0034197,triglyceride transport,2026-05-21T13:03:36.609094
GO:0034198,cellular response to amino acid starvation,2026-07-28T12:18:55.021675
GO:0034199,activation of protein kinase A activity,2026-06-07T19:43:08.654048
GO:0034205,amyloid-beta formation,2026-03-17T19:25:32.201671
GO:0034219,carbohydrate transmembrane transport,2026-08-22T18:19:54.814560
GO:0034220,monoatomic ion transmembrane transport,2026-05-04T22:55:39.413887
GO:0034243,regulation of transcription elongation by RNA polymerase II,2026-08-01T07:44:16.552385
GO:0034314,Arp2/3 complex-mediated actin nucleation,2026-08-20T04:19:01.624941
GO:0034329,cell junction assembly,2026-04-21T13:49:32.795831
GO:0034330,cell junction organization,2026-03-17T19:29:13.033389
GO:0034332,adherens junction organization,2026-04-24T18:44:40.201572
GO:0034340,response to type I interferon,2026-03-17T19:32:43.061283
GO:0034341,response to type II interferon,2026-03-17T19:55:12.913123
GO:0034362,low-density lipoprotein particle,2026-08-18T21:11:06.663472
GO:0034378,chylomicron assembly,2026-05-03T22:24:58.242123
GO:0034379,very-low-density lipoprotein particle assembly,2026-05-03T22:24:58.249092
GO:0034380,high-density lipoprotein particle assembly,2026-05-03T23:48:21.296118
GO:0034383,low-density lipoprotein particle clearance,2026-03-17T19:31:37.188280
GO:0034389,lipid droplet organization,2026-05-04T05:03:21.545155
GO:0034405,response to fluid shear stress,2026-05-07T15:28:17.835883
GO:0034440,lipid oxidation,2026-03-17T19:42:18.060022
GO:0034464,BBSome,2026-03-17T19:27:32.482563
GO:0034504,protein localization to nucleus,2026-08-16T19:03:26.471912
GO:0034505,tooth mineralization,2026-05-04T20:03:40.713821
GO:0034514,mitochondrial unfolded protein response,2026-08-08T15:24:03.623244
GO:0034551,mitochondrial respiratory chain complex III assembly,2026-08-24T21:58:29.396469
GO:0034552,respiratory chain complex II assembly,2026-07-31T06:33:37.221667
GO:0034553,mitochondrial respiratory chain complex II assembly,2026-08-01T19:28:49.990096
GO:0034599,cellular response to oxidative stress,2026-03-17T19:35:21.067507
GO:0034605,cellular response to heat,2026-07-12T10:09:13.266731
GO:0034612,response to tumor necrosis factor,2026-03-17T19:43:48.599156
GO:0034614,cellular response to reactive oxygen species,2026-05-24T10:03:22.793143
GO:0034620,cellular response to unfolded protein,2026-03-17T19:35:57.058987
GO:0034647,histone H3K4me/H3K4me2/H3K4me3 demethylase activity,2026-07-31T19:29:38.022340
GO:0034650,cortisol metabolic process,2026-07-31T06:28:11.816278
GO:0034651,cortisol biosynthetic process,2026-08-01T07:49:35.576673
GO:0034707,chloride channel complex,2026-07-31T06:34:39.411015
GO:0034756,regulation of iron ion transport,2026-03-17T19:38:06.642045
GO:0034757,negative regulation of iron ion transport,2026-03-17T19:38:06.645566
GO:0034758,positive regulation of iron ion transport,2026-03-17T19:38:06.658552
GO:0034762,regulation of transmembrane transport,2026-06-20T02:37:06.837522
GO:0034765,regulation of monoatomic ion transmembrane transport,2026-05-09T09:04:24.372659
GO:0034774,secretory granule lumen,2026-08-27T19:41:32.477843
GO:0034975,protein folding in endoplasmic reticulum,2026-07-05T23:13:08.672177
GO:0034976,response to endoplasmic reticulum stress,2026-03-14T22:22:20.402187
GO:0034983,peptidyl-lysine deacetylation,2026-03-19T20:17:57.907647
GO:0035020,regulation of Rac protein signal transduction,2026-06-25T22:55:17.273972
GO:0035050,embryonic heart tube development,2026-08-19T09:39:34.804719
GO:0035063,nuclear speck organization,2026-08-19T08:53:56.167240
GO:0035082,axoneme assembly,2026-03-17T19:49:29.570561
GO:0035088,establishment or maintenance of apical/basal cell polarity,2026-08-02T01:51:24.556951
GO:0035091,phosphatidylinositol binding,2026-08-01T19:39:34.256365
GO:0035094,response to nicotine,2026-03-23T15:09:25.286978
GO:0035102,PRC1 complex,2026-08-01T21:08:29.333649
GO:0035108,limb morphogenesis,2026-04-04T14:54:31.877780
GO:0035176,social behavior,2026-05-02T23:11:33.357147
GO:0035195,miRNA-mediated post-transcriptional gene silencing,2026-04-12T22:49:02.438303
GO:0035196,miRNA processing,2026-04-12T22:49:02.431270
GO:0035235,ionotropic glutamate receptor signaling pathway,2026-05-05T00:39:57.403069
GO:0035249,"synaptic transmission, glutamatergic",2026-03-17T19:51:34.571013
GO:0035261,external genitalia morphogenesis,2026-06-17T21:01:15.525550
GO:0035264,multicellular organism growth,2026-08-23T20:21:19.317512
GO:0035267,NuA4 histone acetyltransferase complex,2026-08-16T19:33:13.799706
GO:0035269,protein O-linked glycosylation via mannose,2026-03-17T19:33:29.009264
GO:0035270,endocrine system development,2026-05-10T15:16:39.504359
GO:0035282,segmentation,2026-06-28T18:13:47.666392
GO:0035329,hippo signaling,2026-03-17T19:43:08.141374
GO:0035348,acetyl-CoA transmembrane transport,2026-05-18T19:13:51.855952
GO:0035369,pre-B cell receptor complex,2026-08-01T09:35:35.921313
GO:0035380,very long-chain (3S)-3-hydroxyacyl-CoA dehydrogenase activity,2026-06-12T08:43:33.109172
GO:0035385,Roundabout signaling pathway,2026-08-01T02:42:40.713615
GO:0035418,protein localization to synapse,2026-04-25T22:48:19.503657
GO:0035434,copper ion transmembrane transport,2026-07-31T18:40:31.511748
GO:0035435,phosphate ion transmembrane transport,2026-04-14T01:04:47.355044
GO:0035483,gastric emptying,2026-05-08T12:02:59.129356
GO:0035493,SNARE complex assembly,2026-08-02T01:51:21.058904
GO:0035517,PR-DUB complex,2026-07-31T19:15:46.064509
GO:0035519,protein K29-linked ubiquitination,2026-08-20T07:29:01.366075
GO:0035556,intracellular signal transduction,2026-04-30T14:17:23.357716
GO:0035567,non-canonical Wnt signaling pathway,2026-06-22T16:27:22.040997
GO:0035575,histone H4K20 demethylase activity,2026-08-01T00:59:15.045219
GO:0035589,G protein-coupled purinergic nucleotide receptor signaling pathway,2026-06-27T01:23:30.383991
GO:0035612,AP-2 adaptor complex binding,2026-08-01T10:00:00.460783
GO:0035622,intrahepatic bile duct development,2026-08-04T19:34:32.490657
GO:0035623,renal D-glucose absorption,2026-07-06T19:59:03.661205
GO:0035633,maintenance of blood-brain barrier,2026-03-17T19:34:30.548774
GO:0035708,interleukin-4-dependent isotype switching to IgE isotypes,2026-03-17T19:22:36.902125
GO:0035721,intraciliary retrograde transport,2026-03-17T19:40:38.811872
GO:0035725,sodium ion transmembrane transport,2026-04-13T22:49:10.652340
GO:0035733,hepatic stellate cell activation,2026-03-17T19:26:07.642185
GO:0035735,intraciliary transport involved in cilium assembly,2026-03-19T19:34:24.383555
GO:0035744,T-helper 1 cell cytokine production,2026-06-19T15:03:26.993370
GO:0035753,maintenance of DNA trinucleotide repeats,2026-08-18T01:24:50.612056
GO:0035754,B cell chemotaxis,2026-08-22T17:49:55.436079
GO:0035771,interleukin-4-mediated signaling pathway,2026-03-17T19:22:36.899226
GO:0035773,insulin secretion involved in cellular response to glucose stimulus,2026-07-31T19:37:21.653083
GO:0035799,ureter maturation,2026-08-01T02:42:44.320442
GO:0035812,renal sodium excretion,2026-08-19T09:22:50.078065
GO:0035825,homologous recombination,2026-03-17T19:35:21.077779
GO:0035844,cloaca development,2026-06-17T21:01:15.495270
GO:0035845,photoreceptor cell outer segment organization,2026-06-08T11:04:04.697391
GO:0035860,glial cell-derived neurotrophic factor receptor signaling pathway,2026-06-08T11:55:32.581277
GO:0035861,site of double-strand break,2026-07-31T06:05:49.800333
GO:0035864,response to potassium ion,2026-03-19T19:16:06.641493
GO:0035869,ciliary transition zone,2026-03-17T19:27:32.484298
GO:0035878,nail development,2026-07-06T14:21:48.344674
GO:0035881,amacrine cell differentiation,2026-06-18T12:43:45.825556
GO:0035883,enteroendocrine cell differentiation,2026-08-16T19:24:51.719245
GO:0035886,vascular associated smooth muscle cell differentiation,2026-08-01T07:36:32.390394
GO:0035898,parathyroid hormone secretion,2026-03-17T19:28:46.507972
GO:0035904,aorta development,2026-08-10T14:56:07.719025
GO:0035914,skeletal muscle cell differentiation,2026-06-17T10:35:45.417081
GO:0035921,desmosome disassembly,2026-08-15T11:13:02.278350
GO:0035929,steroid hormone secretion,2026-05-20T06:24:35.992458
GO:0035932,aldosterone secretion,2026-08-01T07:49:38.984059
GO:0035933,glucocorticoid secretion,2026-03-17T19:31:59.997356
GO:0035973,aggrephagy,2026-07-30T16:47:56.746149
GO:0035988,chondrocyte proliferation,2026-04-30T14:17:23.348659
GO:0035994,response to muscle stretch,2026-03-17T19:53:30.910473
GO:0035995,detection of muscle stretch,2026-08-12T18:01:59.287905
GO:0035999,tetrahydrofolate interconversion,2026-08-02T03:16:02.498265
GO:0036046,protein demalonylation,2026-03-17T19:34:05.167243
GO:0036064,ciliary basal body,2026-03-17T19:43:27.682670
GO:0036066,protein O-linked glycosylation via fucose,2026-08-01T17:48:41.770776
GO:0036092,phosphatidylinositol-3-phosphate biosynthetic process,2026-06-19T20:13:20.906539
GO:0036148,phosphatidylglycerol acyl-chain remodeling,2026-03-17T19:28:28.303496
GO:0036149,phosphatidylinositol acyl-chain remodeling,2026-08-01T02:16:05.764368
GO:0036157,outer dynein arm,2026-03-17T19:49:29.594469
GO:0036158,outer dynein arm assembly,2026-08-18T21:10:12.954801
GO:0036162,oxytocin production,2026-07-29T22:48:53.268981
GO:0036230,granulocyte activation,2026-03-17T19:53:06.863015
GO:0036258,multivesicular body assembly,2026-08-01T14:09:08.661042
GO:0036294,cellular response to decreased oxygen levels,2026-08-23T13:41:40.176581
GO:0036297,interstrand cross-link repair,2026-03-17T19:35:21.091328
GO:0036303,lymph vessel morphogenesis,2026-08-18T09:47:48.317103
GO:0036304,umbilical cord morphogenesis,2026-06-15T22:32:45.850249
GO:0036324,vascular endothelial growth factor receptor-2 signaling pathway,2026-08-25T18:44:46.462664
GO:0036336,dendritic cell migration,2026-06-03T10:23:48.549647
GO:0036446,myofibroblast differentiation,2026-07-16T20:48:04.011746
GO:0036465,synaptic vesicle recycling,2026-03-17T19:28:52.468987
GO:0036498,IRE1-mediated unfolded protein response,2026-08-04T16:30:42.186759
GO:0036499,PERK-mediated unfolded protein response,2026-07-28T12:16:58.564575
GO:0036500,ATF6-mediated unfolded protein response,2026-08-15T11:22:28.083712
GO:0036503,ERAD pathway,2026-03-19T16:01:00.807020
GO:0036524,protein deglycase activity,2026-07-31T14:26:24.150838
GO:0038003,G protein-coupled opioid receptor signaling pathway,2026-07-24T13:53:32.309675
GO:0038007,netrin-activated signaling pathway,2026-06-05T14:39:52.339228
GO:0038011,negative regulation of signal transduction by receptor internalization,2026-06-08T00:19:06.644046
GO:0038026,reelin-mediated signaling pathway,2026-05-13T19:58:33.755704
GO:0038060,nitric oxide-cGMP-mediated signaling,2026-08-22T13:44:56.853172
GO:0038061,non-canonical NF-kappaB signal transduction,2026-03-17T19:45:46.723824
GO:0038066,p38MAPK cascade,2026-06-27T23:47:57.973962
GO:0038083,peptidyl-tyrosine autophosphorylation,2026-06-06T11:43:31.943883
GO:0038084,vascular endothelial growth factor signaling pathway,2026-03-17T19:55:18.858392
GO:0038092,nodal signaling pathway,2026-04-13T22:39:52.731516
GO:0038094,Fc-gamma receptor signaling pathway,2026-08-16T02:52:57.034440
GO:0038096,Fc-gamma receptor signaling pathway involved in phagocytosis,2026-08-05T21:33:32.633791
GO:0038109,Kit signaling pathway,2026-06-08T12:57:32.057880
GO:0038110,interleukin-2-mediated signaling pathway,2026-03-17T19:27:32.510667
GO:0038111,interleukin-7-mediated signaling pathway,2026-06-22T12:25:15.732324
GO:0038123,toll-like receptor TLR1:TLR2 signaling pathway,2026-03-17T19:43:51.616012
GO:0038127,ERBB signaling pathway,2026-03-17T19:27:11.504963
GO:0038128,ERBB2 signaling pathway,2026-03-17T19:37:27.841241
GO:0038145,macrophage colony-stimulating factor signaling pathway,2026-06-04T00:13:35.324785
GO:0038154,interleukin-11-mediated signaling pathway,2026-08-16T17:00:59.725602
GO:0038155,interleukin-23-mediated signaling pathway,2026-04-30T13:56:48.773268
GO:0038162,erythropoietin-mediated signaling pathway,2026-08-17T03:52:33.413499
GO:0038163,thrombopoietin-mediated signaling pathway,2026-04-22T22:19:25.917094
GO:0038165,oncostatin-M-mediated signaling pathway,2026-08-27T00:52:12.824803
GO:0038170,somatostatin signaling pathway,2026-06-17T20:54:40.677309
GO:0038171,cannabinoid signaling pathway,2026-05-08T12:02:59.070020
GO:0038178,complement component C5a signaling pathway,2026-08-20T21:51:14.560739
GO:0038185,nuclear receptor-mediated bile acid signaling pathway,2026-08-08T16:23:36.854676
GO:0038187,pattern recognition receptor activity,2026-06-28T19:00:37.534892
GO:0038196,type III interferon-mediated signaling pathway,2026-08-22T01:15:15.632209
GO:0038202,TORC1 signaling,2026-03-19T19:41:30.215255
GO:0039502,symbiont-mediated suppression of host type I interferon-mediated signaling pathway,2026-03-17T19:38:22.835806
GO:0039645,symbiont-mediated perturbation of host cell cycle G1/S transition checkpoint,2026-07-01T02:36:44.307334
GO:0039694,viral RNA genome replication,2026-06-25T02:29:04.984940
GO:0039702,viral budding via host ESCRT complex,2026-03-17T19:44:28.084379
GO:0040007,growth,2026-05-02T02:01:17.975248
GO:0040008,regulation of growth,2026-06-04T11:10:42.586591
GO:0040012,regulation of locomotion,2026-05-21T20:13:22.633201
GO:0040015,negative regulation of multicellular organism growth,2026-05-18T18:05:48.252039
GO:0040029,epigenetic regulation of gene expression,2026-03-17T19:26:07.617033
GO:0042026,protein refolding,2026-08-01T21:19:14.743093
GO:0042044,fluid transport,2026-05-30T15:24:55.100671
GO:0042054,histone methyltransferase activity,2026-05-02T02:01:17.528796
GO:0042060,wound healing,2026-03-17T19:33:32.265098
GO:0042063,gliogenesis,2026-07-15T09:00:41.557530
GO:0042073,intraciliary transport,2026-03-17T19:27:32.489338
GO:0042088,T-helper 1 type immune response,2026-03-17T19:31:00.789740
GO:0042092,type 2 immune response,2026-03-17T19:22:36.893832
GO:0042093,T-helper cell differentiation,2026-03-17T19:24:44.541007
GO:0042098,T cell proliferation,2026-05-09T23:50:38.521982
GO:0042100,B cell proliferation,2026-04-30T17:22:49.410023
GO:0042110,T cell activation,2026-03-17T19:24:37.736065
GO:0042113,B cell activation,2026-03-17T19:28:13.801543
GO:0042116,macrophage activation,2026-03-17T19:36:13.386345
GO:0042118,endothelial cell activation,2026-03-17T19:41:01.459743
GO:0042119,neutrophil activation,2026-03-17T19:27:41.305007
GO:0042127,regulation of cell population proliferation,2026-03-17T19:34:10.707464
GO:0042147,"retrograde transport, endosome to Golgi",2026-05-06T10:21:16.238178
GO:0042157,lipoprotein metabolic process,2026-05-21T13:03:36.622006
GO:0042167,heme catabolic process,2026-03-19T19:35:20.676835
GO:0042168,heme metabolic process,2026-07-10T15:19:00.653068
GO:0042171,lysophosphatidic acid acyltransferase activity,2026-05-21T14:33:01.849172
GO:0042246,tissue regeneration,2026-07-01T22:40:29.963406
GO:0042254,ribosome biogenesis,2026-03-17T19:32:52.209037
GO:0042255,ribosome assembly,2026-08-01T07:34:39.278392
GO:0042267,natural killer cell mediated cytotoxicity,2026-04-26T20:14:08.143570
GO:0042273,ribosomal large subunit biogenesis,2026-08-01T07:34:37.729142
GO:0042281,"dolichyl pyrophosphate Man9GlcNAc2 alpha-1,3-glucosyltransferase activity",2026-08-24T14:29:36.978126
GO:0042288,MHC class I protein binding,2026-08-23T22:46:17.302736
GO:0042310,vasoconstriction,2026-03-17T19:49:12.197465
GO:0042311,vasodilation,2026-03-17T19:31:21.608239
GO:0042328,heparan sulfate N-acetylglucosaminyltransferase activity,2026-07-30T23:56:56.506676
GO:0042359,vitamin D metabolic process,2026-03-17T19:28:46.512444
GO:0042360,vitamin E metabolic process,2026-06-03T23:11:22.415394
GO:0042371,vitamin K biosynthetic process,2026-08-10T00:23:43.526179
GO:0042373,vitamin K metabolic process,2026-06-08T16:44:05.297862
GO:0042383,sarcolemma,2026-08-01T18:22:58.591797
GO:0042391,regulation of membrane potential,2026-03-17T19:25:38.444341
GO:0042393,histone binding,2026-08-02T22:55:27.859622
GO:0042403,thyroid hormone metabolic process,2026-05-07T19:48:50.050922
GO:0042405,nuclear inclusion body,2026-04-25T18:17:07.896448
GO:0042407,cristae formation,2026-06-22T11:13:02.519825
GO:0042416,dopamine biosynthetic process,2026-03-17T19:47:54.483575
GO:0042417,dopamine metabolic process,2026-08-04T20:05:31.871471
GO:0042421,norepinephrine biosynthetic process,2026-05-06T14:27:31.650050
GO:0042423,catecholamine biosynthetic process,2026-03-17T19:43:57.271828
GO:0042426,choline catabolic process,2026-05-18T12:06:42.482620
GO:0042427,serotonin biosynthetic process,2026-03-17T19:42:21.128532
GO:0042428,serotonin metabolic process,2026-03-19T19:36:06.126234
GO:0042438,melanin biosynthetic process,2026-03-17T19:48:37.362798
GO:0042461,photoreceptor cell development,2026-06-18T12:43:45.848884
GO:0042462,eye photoreceptor cell development,2026-07-03T13:12:14.235604
GO:0042470,melanosome,2026-08-01T16:35:00.891745
GO:0042471,ear morphogenesis,2026-05-02T02:01:20.903445
GO:0042472,inner ear morphogenesis,2026-05-08T12:44:12.663934
GO:0042473,outer ear morphogenesis,2026-07-31T17:31:15.473290
GO:0042475,odontogenesis of dentin-containing tooth,2026-04-30T20:30:32.554044
GO:0042476,odontogenesis,2026-03-17T19:40:44.877767
GO:0042487,regulation of odontogenesis of dentin-containing tooth,2026-06-22T11:55:35.194770
GO:0042490,mechanoreceptor differentiation,2026-06-22T10:22:07.418807
GO:0042509,regulation of tyrosine phosphorylation of STAT protein,2026-08-21T17:30:50.555108
GO:0042541,hemoglobin biosynthetic process,2026-03-17T19:25:23.340139
GO:0042551,neuron maturation,2026-08-12T10:55:32.318579
GO:0042552,myelination,2026-03-14T22:20:21.292403
GO:0042554,superoxide anion generation,2026-07-01T09:01:39.476170
GO:0042572,retinol metabolic process,2026-06-18T16:17:01.797422
GO:0042573,retinoic acid metabolic process,2026-06-17T13:02:14.950817
GO:0042574,retinal metabolic process,2026-08-22T18:24:37.846161
GO:0042590,antigen processing and presentation of exogenous peptide antigen via MHC class I,2026-08-17T03:52:39.236632
GO:0042593,glucose homeostasis,2026-03-17T19:32:49.086915
GO:0042594,response to starvation,2026-03-17T19:23:40.044122
GO:0042596,fear response,2026-03-17T19:36:18.920075
GO:0042605,peptide antigen binding,2026-08-23T21:42:01.501847
GO:0042613,MHC class II protein complex,2026-08-11T01:35:15.267610
GO:0042622,photoreceptor outer segment membrane,2026-03-17T19:27:32.496428
GO:0042626,ATPase-coupled transmembrane transporter activity,2026-05-03T23:48:21.268360
GO:0042632,cholesterol homeostasis,2026-03-17T19:29:01.479803
GO:0042633,hair cycle,2026-03-19T19:16:06.702843
GO:0042641,actomyosin,2026-05-08T12:03:31.812372
GO:0042645,mitochondrial nucleoid,2026-07-31T17:12:36.519632
GO:0042670,retinal cone cell differentiation,2026-07-31T06:30:54.322974
GO:0042692,muscle cell differentiation,2026-06-16T10:24:47.322997
GO:0042699,follicle-stimulating hormone signaling pathway,2026-08-25T18:44:41.779207
GO:0042710,biofilm formation,2026-03-17T19:29:53.411382
GO:0042730,fibrinolysis,2026-03-17T19:25:50.258078
GO:0042742,defense response to bacterium,2026-03-12T04:45:59.480854
GO:0042744,hydrogen peroxide catabolic process,2026-03-17T19:36:40.823946
GO:0042745,circadian sleep/wake cycle,2026-03-17T19:45:43.689461
GO:0042747,"circadian sleep/wake cycle, REM sleep",2026-08-24T17:36:09.302251
GO:0042749,regulation of circadian sleep/wake cycle,2026-08-18T08:00:39.293046
GO:0042752,regulation of circadian rhythm,2026-06-03T15:07:21.844818
GO:0042760,very long-chain fatty acid catabolic process,2026-08-22T18:32:28.016080
GO:0042773,ATP synthesis coupled electron transport,2026-08-01T17:57:28.295556
GO:0042775,mitochondrial ATP synthesis coupled electron transport,2026-03-17T19:43:22.004931
GO:0042776,proton motive force-driven mitochondrial ATP synthesis,2026-05-06T22:14:18.508722
GO:0042783,symbiont-mediated evasion of host immune response,2026-05-08T10:13:26.312637
GO:0042797,tRNA transcription by RNA polymerase III,2026-06-04T00:06:33.949267
GO:0042800,histone H3K4 methyltransferase activity,2026-07-25T01:27:56.280567
GO:0042803,protein homodimerization activity,2026-07-31T14:26:19.018056
GO:0042805,actinin binding,2026-08-01T21:05:29.498258
GO:0042816,vitamin B6 metabolic process,2026-03-17T19:39:41.597317
GO:0042823,pyridoxal 5'-phosphate biosynthetic process,2026-08-27T16:12:17.866234
GO:0042826,histone deacetylase binding,2026-08-18T15:28:52.141070
GO:0042827,platelet dense granule,2026-08-22T20:19:57.152548
GO:0042832,defense response to protozoan,2026-03-17T19:32:58.016501
GO:0042908,xenobiotic transport,2026-06-24T05:52:48.908555
GO:0042921,nuclear receptor-mediated glucocorticoid signaling pathway,2026-06-29T10:04:16.559403
GO:0042981,regulation of apoptotic process,2026-06-08T12:22:38.580696
GO:0042982,amyloid precursor protein metabolic process,2026-03-17T19:25:32.208342
GO:0042987,amyloid precursor protein catabolic process,2026-07-31T14:15:11.423561
GO:0043010,camera-type eye development,2026-06-03T16:00:32.633168
GO:0043020,NADPH oxidase complex,2026-08-26T12:51:10.793358
GO:0043029,T cell homeostasis,2026-06-04T00:15:42.817794
GO:0043049,otic placode formation,2026-06-03T16:11:18.018963
GO:0043065,positive regulation of apoptotic process,2026-07-05T18:53:01.285013
GO:0043066,negative regulation of apoptotic process,2026-03-17T19:47:37.241240
GO:0043083,synaptic cleft,2026-08-17T20:44:22.046340
GO:0043084,penile erection,2026-08-05T06:58:40.042230
GO:0043085,positive regulation of catalytic activity,2026-03-17T19:45:26.451817
GO:0043097,pyrimidine nucleoside salvage,2026-08-24T16:03:43.854357
GO:0043101,purine-containing compound salvage,2026-05-10T02:53:05.528847
GO:0043111,replication fork arrest,2026-03-17T19:53:16.024970
GO:0043112,receptor metabolic process,2026-03-17T19:42:24.095386
GO:0043114,regulation of vascular permeability,2026-03-17T19:41:28.638363
GO:0043117,positive regulation of vascular permeability,2026-05-09T08:56:06.969091
GO:0043122,regulation of canonical NF-kappaB signal transduction,2026-04-25T23:10:56.508177
GO:0043123,positive regulation of canonical NF-kappaB signal transduction,2026-03-19T15:55:35.106585
GO:0043129,surfactant homeostasis,2026-08-02T01:11:10.766687
GO:0043130,ubiquitin binding,2026-08-08T17:18:38.889771
GO:0043153,entrainment of circadian clock by photoperiod,2026-08-04T17:51:47.532397
GO:0043161,proteasome-mediated ubiquitin-dependent protein catabolic process,2026-03-17T19:29:39.421920
GO:0043162,ubiquitin-dependent protein catabolic process via the multivesicular body sorting pathway,2026-07-31T19:30:25.796061
GO:0043171,peptide catabolic process,2026-07-31T06:35:26.012773
GO:0043194,axon initial segment,2026-08-01T19:39:29.901630
GO:0043197,dendritic spine,2026-05-08T00:55:06.494366
GO:0043202,lysosomal lumen,2026-04-14T12:57:13.107066
GO:0043209,myelin sheath,2026-03-17T19:46:13.593104
GO:0043240,Fanconi anaemia nuclear complex,2026-03-17T19:35:21.082262
GO:0043248,proteasome assembly,2026-08-01T01:02:58.716031
GO:0043249,erythrocyte maturation,2026-06-05T15:11:54.211157
GO:0043276,anoikis,2026-08-01T17:40:03.985043
GO:0043277,apoptotic cell clearance,2026-03-17T19:53:06.876543
GO:0043303,mast cell degranulation,2026-03-17T19:54:55.597826
GO:0043307,eosinophil activation,2026-07-31T06:32:26.490278
GO:0043308,eosinophil degranulation,2026-06-30T08:31:39.786041
GO:0043312,neutrophil degranulation,2026-03-17T19:25:20.436582
GO:0043328,protein transport to vacuole involved in ubiquitin-dependent protein catabolic process via the multivesicular body sorting pathway,2026-08-01T15:10:34.043713
GO:0043335,protein unfolding,2026-07-28T10:25:50.792976
GO:0043367,"CD4-positive, alpha-beta T cell differentiation",2026-05-05T18:10:35.879161
GO:0043368,positive T cell selection,2026-05-05T18:10:36.322605
GO:0043383,negative T cell selection,2026-04-22T22:06:57.197015
GO:0043401,steroid hormone receptor signaling pathway,2026-04-30T14:15:23.895340
GO:0043403,skeletal muscle tissue regeneration,2026-06-12T22:46:26.212612
GO:0043409,negative regulation of MAPK cascade,2026-07-13T20:05:44.071766
GO:0043410,positive regulation of MAPK cascade,2026-06-30T10:58:05.414012
GO:0043473,pigmentation,2026-03-17T19:53:56.691963
GO:0043488,regulation of mRNA stability,2026-06-30T18:49:06.011817
GO:0043490,malate-aspartate shuttle,2026-03-17T19:30:33.435035
GO:0043491,phosphatidylinositol 3-kinase/protein kinase B signal transduction,2026-03-17T19:24:03.761945
GO:0043504,mitochondrial DNA repair,2026-08-20T00:12:42.599389
GO:0043523,regulation of neuron apoptotic process,2026-03-17T19:31:07.010522
GO:0043525,positive regulation of neuron apoptotic process,2026-06-04T18:15:59.792223
GO:0043543,protein acylation,2026-03-17T19:44:08.482801
GO:0043547,positive regulation of GTPase activity,2026-04-28T18:52:49.595840
GO:0043565,sequence-specific DNA binding,2026-07-31T22:54:09.129659
GO:0043576,regulation of respiratory gaseous exchange,2026-08-01T13:24:32.524303
GO:0043584,nose development,2026-05-07T00:25:33.195171
GO:0043616,keratinocyte proliferation,2026-06-11T18:49:54.140930
GO:0043627,response to estrogen,2026-03-17T19:34:19.081898
GO:0043647,inositol phosphate metabolic process,2026-07-12T11:23:52.361482
GO:0043648,dicarboxylic acid metabolic process,2026-03-17T19:32:14.524413
GO:0043687,post-translational protein modification,2026-05-06T15:44:26.055661
GO:0043708,cell adhesion involved in biofilm formation,2026-03-17T19:35:51.978094
GO:0043992,histone H3K9 acetyltransferase activity,2026-07-31T06:28:19.083604
GO:0043993,histone H3K18 acetyltransferase activity,2026-07-31T06:28:21.048491
GO:0043994,histone H3K23 acetyltransferase activity,2026-07-31T22:59:46.385517
GO:0044003,symbiont-mediated perturbation of host process,2026-03-17T19:40:21.844879
GO:0044010,single-species biofilm formation,2026-03-17T19:35:51.983568
GO:0044027,negative regulation of gene expression via chromosomal CpG island methylation,2026-04-12T22:43:02.968563
GO:0044065,regulation of respiratory system process,2026-03-17T19:37:39.923984
GO:0044114,development of symbiont in host,2026-05-08T10:13:26.298589
GO:0044183,protein folding chaperone,2026-08-27T02:39:19.080335
GO:0044205,'de novo' UMP biosynthetic process,2026-05-11T05:05:19.252220
GO:0044233,mitochondria-associated endoplasmic reticulum membrane contact site,2026-08-15T11:22:29.165433
GO:0044241,lipid digestion,2026-03-12T04:45:59.494999
GO:0044320,cellular response to leptin stimulus,2026-06-08T00:19:06.626649
GO:0044331,cell-cell adhesion mediated by cadherin,2026-04-24T18:44:40.188994
GO:0044364,obsolete disruption of cells of another organism,2026-03-17T19:29:53.418207
GO:0044403,biological process involved in symbiotic interaction,2026-05-04T18:24:37.423684
GO:0044406,adhesion of symbiont to host,2026-03-17T19:29:53.414942
GO:0044409,symbiont entry into host,2026-05-05T16:13:32.132391
GO:0044458,motile cilium assembly,2026-03-19T16:39:13.057057
GO:0044546,NLRP3 inflammasome complex assembly,2026-03-17T19:25:32.239650
GO:0044557,relaxation of smooth muscle,2026-07-29T22:40:40.154652
GO:0044650,adhesion of symbiont to host cell,2026-07-03T17:24:17.253173
GO:0044754,autolysosome,2026-07-28T01:21:32.576632
GO:0044772,mitotic cell cycle phase transition,2026-06-09T21:06:54.174058
GO:0044782,cilium organization,2026-03-17T19:40:41.930155
GO:0044826,viral genome integration into host DNA,2026-03-17T19:29:39.440765
GO:0044843,cell cycle G1/S phase transition,2026-04-14T01:11:51.142691
GO:0044877,protein-containing complex binding,2026-06-02T22:56:09.594302
GO:0045004,DNA replication proofreading,2026-05-08T10:07:14.021250
GO:0045005,DNA-templated DNA replication maintenance of fidelity,2026-03-17T19:42:42.038604
GO:0045010,actin nucleation,2026-08-08T14:26:18.598141
GO:0045022,early endosome to late endosome transport,2026-08-19T09:37:34.294057
GO:0045039,protein insertion into mitochondrial inner membrane,2026-03-17T19:51:54.930975
GO:0045041,protein import into mitochondrial intermembrane space,2026-07-31T17:29:48.566618
GO:0045055,regulated exocytosis,2026-06-08T18:54:02.556901
GO:0045056,transcytosis,2026-03-17T19:41:51.602066
GO:0045060,negative thymic T cell selection,2026-04-22T22:06:57.205066
GO:0045061,thymic T cell selection,2026-04-22T22:09:09.018895
GO:0045063,T-helper 1 cell differentiation,2026-07-29T23:43:49.515508
GO:0045064,T-helper 2 cell differentiation,2026-03-17T19:22:36.896695
GO:0045066,regulatory T cell differentiation,2026-06-30T21:10:17.940953
GO:0045071,negative regulation of viral genome replication,2026-05-26T14:46:30.266318
GO:0045087,innate immune response,2026-03-17T19:26:18.809893
GO:0045095,keratin filament,2026-08-01T16:34:59.348321
GO:0045098,type III intermediate filament,2026-05-20T08:54:07.794039
GO:0045103,intermediate filament-based process,2026-04-24T18:04:28.322790
GO:0045104,intermediate filament cytoskeleton organization,2026-03-17T19:34:24.861391
GO:0045109,intermediate filament organization,2026-03-17T19:34:24.856307
GO:0045162,clustering of voltage-gated sodium channels,2026-08-01T19:39:38.650987
GO:0045163,clustering of voltage-gated potassium channels,2026-08-01T19:39:41.409119
GO:0045165,cell fate commitment,2026-05-10T04:45:30.610533
GO:0045176,apical protein localization,2026-08-02T01:51:22.848814
GO:0045190,isotype switching,2026-03-17T19:26:18.797743
GO:0045198,establishment of epithelial cell apical/basal polarity,2026-08-22T18:32:31.289652
GO:0045202,synapse,2026-04-17T21:55:30.278912
GO:0045214,sarcomere organization,2026-03-17T19:29:10.135051
GO:0045216,cell-cell junction organization,2026-06-06T18:53:35.787246
GO:0045254,pyruvate dehydrogenase complex,2026-03-17T19:42:03.176221
GO:0045259,proton-transporting ATP synthase complex,2026-05-20T08:12:32.563481
GO:0045271,respiratory chain complex I,2026-03-19T16:41:21.956489
GO:0045273,respiratory chain complex II (succinate dehydrogenase),2026-08-01T19:28:48.580091
GO:0045275,respiratory chain complex III,2026-08-01T15:28:56.866032
GO:0045277,respiratory chain complex IV,2026-08-08T15:26:05.838268
GO:0045296,cadherin binding,2026-06-20T03:30:55.624529
GO:0045321,leukocyte activation,2026-08-04T15:07:37.035321
GO:0045332,phospholipid translocation,2026-05-13T19:58:33.766690
GO:0045333,cellular respiration,2026-05-05T12:14:14.162109
GO:0045335,phagocytic vesicle,2026-08-26T12:51:11.793871
GO:0045428,regulation of nitric oxide biosynthetic process,2026-03-17T19:39:23.803051
GO:0045444,fat cell differentiation,2026-03-17T19:28:49.494993
GO:0045453,bone resorption,2026-03-17T19:26:57.103624
GO:0045454,cell redox homeostasis,2026-03-17T19:30:33.438817
GO:0045471,response to ethanol,2026-05-02T00:46:00.692270
GO:0045494,photoreceptor cell maintenance,2026-03-19T19:44:10.074713
GO:0045576,mast cell activation,2026-03-17T19:40:21.839585
GO:0045580,regulation of T cell differentiation,2026-03-17T19:35:51.994756
GO:0045591,positive regulation of regulatory T cell differentiation,2026-08-17T03:52:44.707256
GO:0045596,negative regulation of cell differentiation,2026-06-18T19:57:38.221083
GO:0045597,positive regulation of cell differentiation,2026-06-06T11:43:31.961533
GO:0045599,negative regulation of fat cell differentiation,2026-07-06T07:21:31.689184
GO:0045637,regulation of myeloid cell differentiation,2026-07-31T17:01:02.617390
GO:0045664,regulation of neuron differentiation,2026-04-12T15:19:03.480409
GO:0045665,negative regulation of neuron differentiation,2026-06-04T17:31:38.168193
GO:0045667,regulation of osteoblast differentiation,2026-06-29T00:57:11.624208
GO:0045668,negative regulation of osteoblast differentiation,2026-07-02T06:48:06.889755
GO:0045672,positive regulation of osteoclast differentiation,2026-07-22T09:47:07.431924
GO:0045727,positive regulation of translation,2026-08-01T07:44:22.296560
GO:0045730,respiratory burst,2026-07-01T09:01:39.551364
GO:0045736,negative regulation of cyclin-dependent protein serine/threonine kinase activity,2026-03-17T19:52:21.516810
GO:0045737,positive regulation of cyclin-dependent protein serine/threonine kinase activity,2026-07-30T17:35:01.386735
GO:0045739,positive regulation of DNA repair,2026-05-26T14:46:30.203314
GO:0045766,positive regulation of angiogenesis,2026-06-29T10:04:16.625578
GO:0045777,positive regulation of blood pressure,2026-04-22T22:11:11.371173
GO:0045778,positive regulation of ossification,2026-05-10T04:45:30.600498
GO:0045785,positive regulation of cell adhesion,2026-03-17T19:52:09.420537
GO:0045786,negative regulation of cell cycle,2026-03-17T19:37:43.020284
GO:0045814,"negative regulation of gene expression, epigenetic",2026-03-17T19:26:07.620598
GO:0045861,negative regulation of proteolysis,2026-06-08T11:57:07.034765
GO:0045879,negative regulation of smoothened signaling pathway,2026-03-17T19:36:49.269107
GO:0045892,negative regulation of DNA-templated transcription,2026-07-30T23:08:15.138428
GO:0045893,positive regulation of DNA-templated transcription,2026-07-30T23:08:16.890039
GO:0045907,positive regulation of vasoconstriction,2026-08-10T14:56:09.590279
GO:0045916,negative regulation of complement activation,2026-05-02T19:58:07.213673
GO:0045944,positive regulation of transcription by RNA polymerase II,2026-03-17T19:25:26.190376
GO:0045947,negative regulation of translational initiation,2026-08-24T01:10:48.686228
GO:0045954,positive regulation of natural killer cell mediated cytotoxicity,2026-06-03T13:27:06.652049
GO:0046034,ATP metabolic process,2026-03-17T19:37:13.363647
GO:0046068,cGMP metabolic process,2026-08-22T18:20:00.420459
GO:0046085,adenosine metabolic process,2026-04-30T14:18:01.533308
GO:0046209,nitric oxide metabolic process,2026-03-17T19:52:09.426619
GO:0046292,formaldehyde metabolic process,2026-07-10T14:27:18.418369
GO:0046294,formaldehyde catabolic process,2026-08-13T17:48:30.108453
GO:0046352,disaccharide catabolic process,2026-07-06T20:18:00.227292
GO:0046380,N-acetylneuraminate biosynthetic process,2026-08-15T11:56:24.712021
GO:0046390,ribose phosphate biosynthetic process,2026-07-07T19:05:40.984394
GO:0046415,urate metabolic process,2026-06-06T16:01:18.475107
GO:0046426,negative regulation of receptor signaling pathway via JAK-STAT,2026-08-21T17:37:20.161488
GO:0046427,positive regulation of receptor signaling pathway via JAK-STAT,2026-06-27T01:30:30.785508
GO:0046457,prostanoid biosynthetic process,2026-08-17T09:21:50.286281
GO:0046459,short-chain fatty acid metabolic process,2026-03-17T19:54:46.572830
GO:0046461,neutral lipid catabolic process,2026-05-19T21:10:21.459731
GO:0046470,phosphatidylcholine metabolic process,2026-06-04T11:43:24.589508
GO:0046473,phosphatidic acid metabolic process,2026-03-17T19:42:18.066774
GO:0046479,glycosphingolipid catabolic process,2026-03-17T19:46:16.489972
GO:0046486,glycerolipid metabolic process,2026-07-31T05:39:39.286104
GO:0046487,glyoxylate metabolic process,2026-07-05T23:16:59.972734
GO:0046491,L-methylmalonyl-CoA metabolic process,2026-03-19T20:16:49.123284
GO:0046500,S-adenosylmethionine metabolic process,2026-03-17T19:26:07.613579
GO:0046506,sulfolipid biosynthetic process,2026-06-15T23:36:52.502464
GO:0046513,ceramide biosynthetic process,2026-05-07T09:33:44.445660
GO:0046514,ceramide catabolic process,2026-05-05T05:34:54.842411
GO:0046527,glucosyltransferase activity,2026-05-19T16:29:53.475430
GO:0046541,saliva secretion,2026-05-04T20:03:40.706322
GO:0046578,regulation of Ras protein signal transduction,2026-03-17T19:46:07.311060
GO:0046579,positive regulation of Ras protein signal transduction,2026-08-18T14:20:36.476024
GO:0046580,negative regulation of Ras protein signal transduction,2026-05-04T17:45:27.434408
GO:0046649,lymphocyte activation,2026-07-16T00:11:40.955508
GO:0046651,lymphocyte proliferation,2026-05-18T00:39:40.587417
GO:0046653,tetrahydrofolate metabolic process,2026-08-27T05:59:21.223369
GO:0046654,tetrahydrofolate biosynthetic process,2026-06-20T22:54:24.025814
GO:0046655,folic acid metabolic process,2026-03-17T19:46:28.396009
GO:0046656,folic acid biosynthetic process,2026-06-29T18:13:36.921845
GO:0046661,male sex differentiation,2026-08-01T02:27:15.111243
GO:0046666,retinal cell programmed cell death,2026-05-05T01:39:28.857645
GO:0046676,negative regulation of insulin secretion,2026-03-17T19:38:06.679086
GO:0046677,response to antibiotic,2026-05-08T09:52:35.111220
GO:0046685,response to arsenic-containing substance,2026-06-13T18:17:37.682685
GO:0046697,decidualization,2026-08-04T00:46:08.960731
GO:0046717,acid secretion,2026-05-20T11:44:27.755705
GO:0046718,symbiont entry into host cell,2026-03-17T19:33:53.758409
GO:0046755,viral budding,2026-06-25T02:35:42.400596
GO:0046777,protein autophosphorylation,2026-05-26T14:46:30.175113
GO:0046785,microtubule polymerization,2026-08-20T18:33:36.890225
GO:0046789,host cell surface receptor binding,2026-06-25T02:34:26.682959
GO:0046813,receptor-mediated virion attachment to host cell,2026-08-04T18:10:39.936873
GO:0046849,bone remodeling,2026-03-17T19:26:04.840604
GO:0046856,phosphatidylinositol dephosphorylation,2026-04-07T09:19:15.837975
GO:0046879,hormone secretion,2026-03-17T19:41:13.635159
GO:0046883,regulation of hormone secretion,2026-05-08T12:02:59.101939
GO:0046903,secretion,2026-03-17T19:32:49.078228
GO:0046928,regulation of neurotransmitter secretion,2026-07-31T06:31:30.132442
GO:0046929,negative regulation of neurotransmitter secretion,2026-03-17T19:53:36.826372
GO:0046933,"proton-transporting ATP synthase activity, rotational mechanism",2026-05-20T08:12:32.482970
GO:0046934,"1-phosphatidylinositol-4,5-bisphosphate 3-kinase activity",2026-07-05T23:35:52.526347
GO:0046943,carboxylic acid transmembrane transporter activity,2026-07-05T23:19:06.002003
GO:0046950,obsolete cellular ketone body metabolic process,2026-03-17T19:23:56.854196
GO:0046951,ketone body biosynthetic process,2026-03-17T19:42:18.052039
GO:0046961,"proton-transporting ATPase activity, rotational mechanism",2026-08-27T04:08:31.701722
GO:0046972,histone H4K16 acetyltransferase activity,2026-08-27T14:33:56.487402
GO:0046975,histone H3K36 methyltransferase activity,2026-07-31T18:58:19.056572
GO:0046976,histone H3K27 methyltransferase activity,2026-03-19T16:09:16.393975
GO:0046984,regulation of hemoglobin biosynthetic process,2026-03-17T19:28:01.925723
GO:0047291,"lactosylceramide alpha-2,3-sialyltransferase activity",2026-05-04T06:51:43.481932
GO:0047323,[3-methyl-2-oxobutanoate dehydrogenase (acetyl-transferring)] kinase activity,2026-06-04T11:05:37.773840
GO:0047555,"3',5'-cyclic-GMP phosphodiesterase activity",2026-07-22T18:09:05.843383
GO:0047598,7-dehydrocholesterol reductase activity,2026-04-12T18:22:47.931658
GO:0047620,acylglycerol kinase activity,2026-05-05T09:55:55.284883
GO:0047708,biotinidase activity,2026-05-06T10:25:00.210716
GO:0047751,3-oxo-5-alpha-steroid 4-dehydrogenase (NADP+) activity,2026-08-05T06:58:38.322479
GO:0047757,chondroitin-glucuronate 5-epimerase activity,2026-07-31T18:56:36.816412
GO:0047865,dimethylglycine dehydrogenase activity,2026-05-18T20:27:40.034715
GO:0048008,platelet-derived growth factor receptor signaling pathway,2026-03-17T19:36:10.513317
GO:0048009,insulin-like growth factor receptor signaling pathway,2026-04-25T19:32:45.325993
GO:0048010,vascular endothelial growth factor receptor signaling pathway,2026-03-17T19:30:45.656008
GO:0048011,neurotrophin TRK receptor signaling pathway,2026-04-17T19:17:43.697146
GO:0048013,ephrin receptor signaling pathway,2026-06-26T05:58:29.446140
GO:0048014,Tie signaling pathway,2026-08-18T09:47:46.284896
GO:0048015,phosphatidylinositol-mediated signaling,2026-03-17T19:43:45.694346
GO:0048024,"regulation of mRNA splicing, via spliceosome",2026-06-05T15:47:07.265590
GO:0048041,focal adhesion assembly,2026-03-17T19:41:07.907588
GO:0048066,developmental pigmentation,2026-04-26T05:32:50.635740
GO:0048143,astrocyte activation,2026-04-26T01:14:13.727355
GO:0048144,fibroblast proliferation,2026-03-17T19:41:28.701991
GO:0048146,positive regulation of fibroblast proliferation,2026-06-30T08:31:39.820016
GO:0048167,regulation of synaptic plasticity,2026-03-17T19:25:32.218732
GO:0048168,regulation of neuronal synaptic plasticity,2026-05-09T01:09:36.932990
GO:0048169,regulation of long-term neuronal synaptic plasticity,2026-04-26T01:14:13.745943
GO:0048193,Golgi vesicle transport,2026-05-09T09:14:16.197908
GO:0048205,COPI coating of Golgi vesicle,2026-06-04T18:39:38.415376
GO:0048232,male gamete generation,2026-05-27T19:03:39.072141
GO:0048243,norepinephrine secretion,2026-03-17T19:49:12.191350
GO:0048244,phytanoyl-CoA dioxygenase activity,2026-05-07T14:04:00.400697
GO:0048245,eosinophil chemotaxis,2026-06-03T04:44:43.964304
GO:0048246,macrophage chemotaxis,2026-05-07T20:05:19.573727
GO:0048251,elastic fiber assembly,2026-03-17T19:30:09.433034
GO:0048255,mRNA stabilization,2026-06-30T18:49:05.987886
GO:0048265,response to pain,2026-03-17T19:35:32.673960
GO:0048266,behavioral response to pain,2026-07-24T13:53:34.304345
GO:0048286,lung alveolus development,2026-07-31T17:01:21.018140
GO:0048312,intracellular distribution of mitochondria,2026-08-01T19:16:33.430058
GO:0048384,retinoic acid receptor signaling pathway,2026-04-30T20:25:31.066856
GO:0048483,autonomic nervous system development,2026-05-03T05:46:00.932951
GO:0048484,enteric nervous system development,2026-05-03T15:42:55.977309
GO:0048488,synaptic vesicle endocytosis,2026-03-17T19:47:54.508732
GO:0048512,circadian behavior,2026-08-04T17:51:48.707229
GO:0048513,animal organ development,2026-03-19T16:21:50.812841
GO:0048514,blood vessel morphogenesis,2026-03-17T19:54:22.505113
GO:0048525,negative regulation of viral process,2026-06-25T02:34:26.714022
GO:0048535,lymph node development,2026-07-28T12:14:03.119296
GO:0048538,thymus development,2026-03-19T15:54:46.023870
GO:0048565,digestive tract development,2026-03-17T19:41:40.348167
GO:0048569,obsolete post-embryonic animal organ development,2026-03-17T19:48:25.442677
GO:0048592,eye morphogenesis,2026-03-17T19:27:05.835669
GO:0048593,camera-type eye morphogenesis,2026-04-04T12:28:23.877402
GO:0048598,embryonic morphogenesis,2026-05-09T10:50:32.533935
GO:0048599,oocyte development,2026-08-08T15:24:07.244060
GO:0048659,smooth muscle cell proliferation,2026-04-26T18:20:58.827213
GO:0048660,regulation of smooth muscle cell proliferation,2026-04-26T18:20:58.953144
GO:0048661,positive regulation of smooth muscle cell proliferation,2026-03-17T19:50:15.981158
GO:0048665,neuron fate specification,2026-08-27T15:50:35.090735
GO:0048666,neuron development,2026-03-17T19:40:53.176878
GO:0048668,collateral sprouting,2026-07-28T12:18:43.635076
GO:0048675,axon extension,2026-08-01T07:34:45.266584
GO:0048699,generation of neurons,2026-08-22T18:18:55.339504
GO:0048701,embryonic cranial skeleton morphogenesis,2026-06-28T17:32:50.006793
GO:0048704,embryonic skeletal system morphogenesis,2026-06-28T17:32:49.814726
GO:0048705,skeletal system morphogenesis,2026-03-17T19:52:39.265925
GO:0048708,astrocyte differentiation,2026-03-17T19:46:28.444061
GO:0048709,oligodendrocyte differentiation,2026-03-17T19:31:03.732983
GO:0048729,tissue morphogenesis,2026-05-02T18:05:18.527568
GO:0048732,gland development,2026-07-31T06:36:26.604183
GO:0048738,cardiac muscle tissue development,2026-06-06T18:45:20.852446
GO:0048745,smooth muscle tissue development,2026-07-19T13:20:56.840026
GO:0048752,semicircular canal morphogenesis,2026-07-31T17:31:13.649565
GO:0048754,branching morphogenesis of an epithelial tube,2026-07-31T17:01:19.248447
GO:0048762,mesenchymal cell differentiation,2026-05-28T11:11:10.312197
GO:0048771,tissue remodeling,2026-03-17T19:22:36.925849
GO:0048786,presynaptic active zone,2026-03-20T13:15:30.293835
GO:0048812,neuron projection morphogenesis,2026-04-25T22:32:01.047227
GO:0048813,dendrite morphogenesis,2026-04-25T22:32:00.773622
GO:0048839,inner ear development,2026-04-29T02:31:39.499305
GO:0048846,axon extension involved in axon guidance,2026-08-19T14:29:24.112898
GO:0048861,leukemia inhibitory factor signaling pathway,2026-08-19T20:33:36.444366
GO:0048863,stem cell differentiation,2026-07-31T00:31:28.657379
GO:0050061,long-chain fatty aldehyde dehydrogenase (NAD+) activity,2026-07-29T18:26:02.711680
GO:0050277,sedoheptulokinase activity,2026-08-08T18:23:36.881154
GO:0050291,sphingosine N-acyltransferase activity,2026-08-20T18:44:49.038588
GO:0050313,sulfur dioxygenase activity,2026-07-08T13:41:45.907555
GO:0050428,3'-phosphoadenosine 5'-phosphosulfate biosynthetic process,2026-05-30T23:34:08.263603
GO:0050431,transforming growth factor beta binding,2026-08-17T03:52:42.941011
GO:0050432,catecholamine secretion,2026-03-17T19:37:51.989691
GO:0050435,amyloid-beta metabolic process,2026-07-31T14:15:13.245653
GO:0050436,microfibril binding,2026-08-17T09:32:54.609408
GO:0050567,glutaminyl-tRNA synthase (glutamine-hydrolyzing) activity,2026-08-27T11:26:25.835081
GO:0050613,Delta14-sterol reductase activity,2026-08-27T01:02:23.503908
GO:0050650,chondroitin sulfate proteoglycan biosynthetic process,2026-05-18T22:57:09.984586
GO:0050651,dermatan sulfate proteoglycan biosynthetic process,2026-07-31T18:56:34.533848
GO:0050660,flavin adenine dinucleotide binding,2026-08-01T19:28:45.798532
GO:0050667,homocysteine metabolic process,2026-03-17T19:38:58.779323
GO:0050673,epithelial cell proliferation,2026-03-17T19:31:51.437834
GO:0050679,positive regulation of epithelial cell proliferation,2026-06-22T10:31:30.790494
GO:0050689,negative regulation of defense response to virus by host,2026-05-26T21:23:38.655713
GO:0050727,regulation of inflammatory response,2026-07-31T06:31:54.627999
GO:0050728,negative regulation of inflammatory response,2026-06-06T16:36:23.715779
GO:0050729,positive regulation of inflammatory response,2026-04-26T20:18:20.894537
GO:0050750,low-density lipoprotein particle receptor binding,2026-08-18T21:11:04.400791
GO:0050767,regulation of neurogenesis,2026-06-03T22:44:01.454172
GO:0050773,regulation of dendrite development,2026-08-06T19:39:46.638000
GO:0050776,regulation of immune response,2026-03-17T19:42:14.803676
GO:0050777,negative regulation of immune response,2026-04-11T22:22:24.220697
GO:0050795,regulation of behavior,2026-06-21T21:41:10.589422
GO:0050796,regulation of insulin secretion,2026-03-17T19:32:49.067714
GO:0050802,"circadian sleep/wake cycle, sleep",2026-08-24T17:38:49.595664
GO:0050803,regulation of synapse structure or activity,2026-07-17T21:44:11.684916
GO:0050804,modulation of chemical synaptic transmission,2026-03-17T19:25:32.225386
GO:0050805,negative regulation of synaptic transmission,2026-03-17T19:53:30.901526
GO:0050808,synapse organization,2026-03-17T19:25:38.440659
GO:0050815,phosphoserine residue binding,2026-08-01T01:02:31.021135
GO:0050817,coagulation,2026-05-10T05:24:19.427965
GO:0050821,protein stabilization,2026-03-17T19:30:45.650747
GO:0050829,defense response to Gram-negative bacterium,2026-05-08T09:44:32.317066
GO:0050832,defense response to fungus,2026-03-17T19:47:28.777430
GO:0050839,cell adhesion molecule binding,2026-08-22T13:49:07.826110
GO:0050847,progesterone receptor signaling pathway,2026-06-22T11:33:43.214268
GO:0050852,T cell receptor signaling pathway,2026-04-12T22:51:57.132484
GO:0050853,B cell receptor signaling pathway,2026-05-03T15:42:44.669946
GO:0050860,negative regulation of T cell receptor signaling pathway,2026-03-17T19:24:44.569532
GO:0050863,regulation of T cell activation,2026-03-17T19:46:25.509404
GO:0050868,negative regulation of T cell activation,2026-03-17T19:38:20.087291
GO:0050872,white fat cell differentiation,2026-08-17T09:33:00.308087
GO:0050877,nervous system process,2026-03-17T19:40:21.828362
GO:0050878,regulation of body fluid levels,2026-03-17T19:44:31.101798
GO:0050884,neuromuscular process controlling posture,2026-08-01T17:37:02.483144
GO:0050886,endocrine process,2026-05-10T14:44:07.854186
GO:0050890,cognition,2026-03-17T19:24:27.693936
GO:0050891,multicellular organismal-level water homeostasis,2026-03-19T16:08:19.134821
GO:0050892,intestinal absorption,2026-03-17T19:51:22.300164
GO:0050900,leukocyte migration,2026-03-17T19:25:20.440047
GO:0050901,leukocyte tethering or rolling,2026-08-27T04:06:04.879056
GO:0050905,neuromuscular process,2026-06-06T18:57:55.551692
GO:0050908,detection of light stimulus involved in visual perception,2026-08-22T18:20:04.181148
GO:0050909,sensory perception of taste,2026-07-29T22:40:59.371475
GO:0050910,detection of mechanical stimulus involved in sensory perception of sound,2026-06-06T18:56:15.199225
GO:0050911,detection of chemical stimulus involved in sensory perception of smell,2026-03-17T19:51:51.941353
GO:0050951,sensory perception of temperature stimulus,2026-03-17T19:34:13.645031
GO:0050953,sensory perception of light stimulus,2026-04-30T14:16:45.798830
GO:0050954,sensory perception of mechanical stimulus,2026-08-26T13:56:57.256104
GO:0050973,detection of mechanical stimulus involved in equilibrioception,2026-03-19T20:17:44.324779
GO:0050974,detection of mechanical stimulus involved in sensory perception,2026-05-08T12:44:12.681636
GO:0050975,sensory perception of touch,2026-06-06T18:57:55.568427
GO:0050982,detection of mechanical stimulus,2026-07-31T06:33:19.638152
GO:0051013,microtubule severing,2026-06-08T17:48:54.560896
GO:0051015,actin filament binding,2026-03-17T19:45:49.750562
GO:0051017,actin filament bundle assembly,2026-08-24T00:33:25.589040
GO:0051028,mRNA transport,2026-08-19T09:37:38.104111
GO:0051056,regulation of small GTPase mediated signal transduction,2026-06-05T14:39:52.366759
GO:0051082,obsolete unfolded protein binding,2026-08-23T03:00:45.378722
GO:0051087,protein-folding chaperone binding,2026-07-22T12:56:33.809754
GO:0051092,obsolete positive regulation of NF-kappaB transcription factor activity,2026-03-17T19:24:47.720819
GO:0051145,smooth muscle cell differentiation,2026-03-17T19:36:57.572647
GO:0051177,meiotic sister chromatid cohesion,2026-06-07T08:44:05.505099
GO:0051179,localization,2026-03-19T19:16:06.632930
GO:0051180,vitamin transport,2026-06-03T23:11:22.402676
GO:0051209,release of sequestered calcium ion into cytosol,2026-07-31T06:35:28.659585
GO:0051216,cartilage development,2026-03-17T19:24:17.516850
GO:0051225,spindle assembly,2026-04-14T01:11:51.149890
GO:0051258,protein polymerization,2026-03-17T19:52:09.403942
GO:0051260,protein homooligomerization,2026-06-06T18:45:01.223019
GO:0051262,protein tetramerization,2026-03-17T19:30:36.678560
GO:0051276,chromosome organization,2026-03-17T19:28:58.499068
GO:0051289,protein homotetramerization,2026-03-17T19:24:14.183083
GO:0051298,centrosome duplication,2026-06-09T21:06:54.140768
GO:0051301,cell division,2026-05-07T23:04:40.523837
GO:0051321,meiotic cell cycle,2026-05-27T19:03:38.992072
GO:0051384,response to glucocorticoid,2026-03-17T19:32:00.010577
GO:0051402,neuron apoptotic process,2026-03-14T22:36:08.311849
GO:0051453,regulation of intracellular pH,2026-06-04T18:55:03.271112
GO:0051458,corticotropin secretion,2026-06-03T08:28:01.185174
GO:0051480,regulation of cytosolic calcium ion concentration,2026-05-09T23:01:50.428440
GO:0051539,"4 iron, 4 sulfur cluster binding",2026-08-25T19:46:12.579275
GO:0051560,mitochondrial calcium ion homeostasis,2026-04-08T08:03:58.575374
GO:0051568,obsolete histone H3-K4 methylation,2026-05-16T18:45:14.166851
GO:0051583,dopamine uptake involved in synaptic transmission,2026-06-04T11:24:42.429319
GO:0051596,methylglyoxal catabolic process,2026-07-31T14:26:26.760429
GO:0051598,meiotic recombination checkpoint signaling,2026-05-27T19:03:39.043452
GO:0051604,protein maturation,2026-05-03T08:30:08.926475
GO:0051607,defense response to virus,2026-03-17T19:24:37.749639
GO:0051610,serotonin uptake,2026-08-05T06:58:36.110975
GO:0051701,biological process involved in interaction with host,2026-05-10T07:46:56.837562
GO:0051725,protein de-ADP-ribosylation,2026-05-26T21:23:38.637799
GO:0051726,regulation of cell cycle,2026-03-17T19:31:40.100770
GO:0051764,actin crosslink formation,2026-08-01T21:19:13.735807
GO:0051788,response to misfolded protein,2026-05-16T02:29:45.720506
GO:0051865,protein autoubiquitination,2026-08-01T12:22:08.928839
GO:0051879,Hsp90 protein binding,2026-06-02T21:11:31.717802
GO:0051881,regulation of mitochondrial membrane potential,2026-03-17T19:35:01.273386
GO:0051882,mitochondrial depolarization,2026-08-27T05:54:46.764021
GO:0051898,negative regulation of phosphatidylinositol 3-kinase/protein kinase B signal transduction,2026-03-17T19:36:35.244198
GO:0051899,membrane depolarization,2026-04-17T19:17:43.707850
GO:0051903,S-(hydroxymethyl)glutathione dehydrogenase [NAD(P)+] activity,2026-08-13T17:48:31.181737
GO:0051923,sulfation,2026-05-30T23:34:08.277913
GO:0051928,positive regulation of calcium ion transport,2026-05-16T12:14:03.889041
GO:0051932,"synaptic transmission, GABAergic",2026-03-17T19:25:56.218434
GO:0051939,gamma-aminobutyric acid import,2026-07-31T06:30:57.469770
GO:0051966,"regulation of synaptic transmission, glutamatergic",2026-07-22T12:17:05.718721
GO:0052150,symbiont-mediated perturbation of host apoptosis,2026-07-28T12:18:03.780443
GO:0052170,symbiont-mediated suppression of host innate immune response,2026-07-01T02:36:44.278440
GO:0052572,response to host immune response,2026-07-06T00:20:17.333980
GO:0052657,guanine phosphoribosyltransferase activity,2026-05-01T07:19:47.148747
GO:0052689,carboxylic ester hydrolase activity,2026-06-04T11:43:24.608317
GO:0052905,tRNA (guanosine(9)-N1)-methyltransferase activity,2026-08-20T07:27:33.477334
GO:0055003,cardiac myofibril assembly,2026-08-12T18:17:53.044194
GO:0055007,cardiac muscle cell differentiation,2026-04-09T18:29:18.945541
GO:0055008,cardiac muscle tissue morphogenesis,2026-07-26T19:29:31.272619
GO:0055017,cardiac muscle tissue growth,2026-08-27T10:34:53.991457
GO:0055037,recycling endosome,2026-08-02T01:51:17.627599
GO:0055056,D-glucose transmembrane transporter activity,2026-07-06T19:51:46.280407
GO:0055062,phosphate ion homeostasis,2026-03-17T19:28:46.501043
GO:0055064,chloride ion homeostasis,2026-04-22T22:11:11.537274
GO:0055070,copper ion homeostasis,2026-03-17T19:55:31.496648
GO:0055072,obsolete iron ion homeostasis,2026-03-17T19:41:34.689876
GO:0055074,calcium ion homeostasis,2026-03-17T19:24:14.210738
GO:0055075,potassium ion homeostasis,2026-04-22T22:11:11.345750
GO:0055077,gap junction hemi-channel activity,2026-08-20T21:22:50.332616
GO:0055078,sodium ion homeostasis,2026-05-03T15:57:51.425351
GO:0055085,transmembrane transport,2026-03-17T19:26:07.594412
GO:0055087,Ski complex,2026-08-22T23:37:43.926115
GO:0055088,lipid homeostasis,2026-05-03T15:42:33.139200
GO:0055117,regulation of cardiac muscle contraction,2026-03-17T19:39:29.636235
GO:0055119,relaxation of cardiac muscle,2026-08-12T14:49:07.906652
GO:0055129,L-proline biosynthetic process,2026-04-04T12:31:29.118115
GO:0060008,Sertoli cell differentiation,2026-08-01T02:27:13.766091
GO:0060012,"synaptic transmission, glycinergic",2026-03-17T19:46:28.406688
GO:0060017,parathyroid gland development,2026-03-19T15:54:46.030928
GO:0060021,roof of mouth development,2026-06-20T01:36:25.181145
GO:0060024,rhythmic synaptic transmission,2026-07-04T11:48:48.462433
GO:0060025,regulation of synaptic activity,2026-05-03T15:42:33.157583
GO:0060026,convergent extension,2026-06-22T16:27:22.092526
GO:0060037,pharyngeal system development,2026-03-17T19:23:53.258813
GO:0060041,retina development in camera-type eye,2026-06-04T10:10:21.609690
GO:0060042,retina morphogenesis in camera-type eye,2026-03-17T19:33:29.039786
GO:0060047,heart contraction,2026-03-17T19:38:03.848683
GO:0060048,cardiac muscle contraction,2026-03-17T19:33:06.212678
GO:0060052,neurofilament cytoskeleton organization,2026-06-11T23:23:52.564743
GO:0060065,uterus development,2026-03-17T19:37:48.916751
GO:0060070,canonical Wnt signaling pathway,2026-03-17T19:27:05.839186
GO:0060071,"Wnt signaling pathway, planar cell polarity pathway",2026-04-26T00:57:33.834369
GO:0060078,regulation of postsynaptic membrane potential,2026-07-23T14:29:47.116470
GO:0060079,excitatory postsynaptic potential,2026-03-17T19:39:12.478471
GO:0060080,inhibitory postsynaptic potential,2026-07-31T06:31:33.737399
GO:0060088,auditory receptor cell stereocilium organization,2026-08-26T13:56:51.548648
GO:0060091,kinocilium,2026-08-26T13:56:55.478105
GO:0060119,inner ear receptor cell development,2026-08-01T20:06:42.430327
GO:0060122,inner ear receptor cell stereocilium organization,2026-08-27T15:14:28.665714
GO:0060123,regulation of growth hormone secretion,2026-04-28T22:02:29.414180
GO:0060155,platelet dense granule organization,2026-06-16T16:54:27.659517
GO:0060157,urinary bladder development,2026-06-17T21:01:15.512481
GO:0060159,regulation of dopamine receptor signaling pathway,2026-08-21T18:44:29.070935
GO:0060173,limb development,2026-03-17T19:34:08.015457
GO:0060221,retinal rod cell differentiation,2026-07-31T06:30:52.454244
GO:0060231,mesenchymal to epithelial transition,2026-05-30T18:52:04.922226
GO:0060242,contact inhibition,2026-06-08T12:28:32.598658
GO:0060259,regulation of feeding behavior,2026-06-03T16:22:58.754680
GO:0060271,cilium assembly,2026-03-17T19:34:08.019662
GO:0060290,transdifferentiation,2026-08-25T16:17:07.280777
GO:0060291,long-term synaptic potentiation,2026-07-22T12:17:05.742475
GO:0060292,long-term synaptic depression,2026-04-25T18:24:23.961015
GO:0060322,head development,2026-08-16T19:33:15.709201
GO:0060324,face development,2026-05-08T12:42:56.516121
GO:0060325,face morphogenesis,2026-06-28T17:32:49.980325
GO:0060333,type II interferon-mediated signaling pathway,2026-03-17T19:43:48.617729
GO:0060337,type I interferon-mediated signaling pathway,2026-03-17T19:31:48.666118
GO:0060339,negative regulation of type I interferon-mediated signaling pathway,2026-08-19T22:37:34.456874
GO:0060348,bone development,2026-03-17T19:24:24.335712
GO:0060349,bone morphogenesis,2026-06-17T11:58:14.039794
GO:0060350,endochondral bone morphogenesis,2026-04-30T14:17:15.942088
GO:0060351,cartilage development involved in endochondral bone morphogenesis,2026-03-17T19:24:17.519401
GO:0060363,cranial suture morphogenesis,2026-03-17T19:25:53.250145
GO:0060365,coronal suture morphogenesis,2026-03-17T19:42:14.798220
GO:0060366,lambdoid suture morphogenesis,2026-03-17T19:52:03.637142
GO:0060395,SMAD protein signal transduction,2026-03-17T19:42:14.773414
GO:0060396,growth hormone receptor signaling pathway,2026-07-05T10:41:58.825673
GO:0060402,calcium ion transport into cytosol,2026-04-25T22:27:23.511780
GO:0060411,cardiac septum morphogenesis,2026-03-17T19:34:08.025936
GO:0060412,ventricular septum morphogenesis,2026-05-02T03:21:57.298341
GO:0060413,atrial septum morphogenesis,2026-03-19T19:32:43.700698
GO:0060420,regulation of heart growth,2026-03-17T19:38:03.854286
GO:0060426,lung vasculature development,2026-07-31T17:01:22.571787
GO:0060438,trachea development,2026-05-30T23:11:57.319155
GO:0060441,epithelial tube branching involved in lung morphogenesis,2026-05-13T14:33:52.506634
GO:0060443,mammary gland morphogenesis,2026-04-30T20:28:41.152649
GO:0060461,right lung morphogenesis,2026-03-17T19:51:37.342069
GO:0060539,diaphragm development,2026-05-30T18:52:04.949453
GO:0060540,diaphragm morphogenesis,2026-07-31T17:01:17.611194
GO:0060541,respiratory system development,2026-03-17T19:41:40.352246
GO:0060574,intestinal epithelial cell maturation,2026-03-17T19:41:34.695762
GO:0060577,pulmonary vein morphogenesis,2026-03-17T19:51:37.320440
GO:0060581,cell fate commitment involved in pattern specification,2026-08-15T09:04:34.276589
GO:0060596,mammary placode formation,2026-04-30T20:28:41.141802
GO:0060674,placenta blood vessel development,2026-08-15T08:42:29.780848
GO:0060676,ureteric bud formation,2026-08-01T02:42:38.302165
GO:0060788,ectodermal placode formation,2026-05-31T19:20:49.552272
GO:0060789,hair follicle placode formation,2026-04-24T18:06:02.086597
GO:0060792,sweat gland development,2026-04-24T18:06:02.072071
GO:0060793,sweat gland placode formation,2026-04-24T18:06:02.078464
GO:0060816,random inactivation of X chromosome,2026-08-13T21:50:21.757401
GO:0060828,regulation of canonical Wnt signaling pathway,2026-06-30T19:18:31.542826
GO:0060872,semicircular canal development,2026-07-31T17:31:17.229979
GO:0060898,eye field cell fate commitment involved in camera-type eye formation,2026-08-01T08:19:48.637807
GO:0060900,embryonic camera-type eye formation,2026-08-01T08:19:50.143947
GO:0060972,left/right pattern formation,2026-04-13T22:39:52.738890
GO:0060977,coronary vasculature morphogenesis,2026-05-14T14:12:14.400091
GO:0060982,coronary artery morphogenesis,2026-05-14T14:12:14.409592
GO:0060996,dendritic spine development,2026-05-24T15:54:57.979004
GO:0060997,dendritic spine morphogenesis,2026-07-31T06:36:37.675396
GO:0060998,regulation of dendritic spine development,2026-07-31T19:29:41.440734
GO:0061029,eyelid development in camera-type eye,2026-04-14T01:01:24.629078
GO:0061061,muscle structure development,2026-03-17T19:33:26.008440
GO:0061072,iris morphogenesis,2026-06-03T16:00:32.644421
GO:0061101,neuroendocrine cell differentiation,2026-08-20T04:15:16.642339
GO:0061157,mRNA destabilization,2026-07-31T01:57:30.185784
GO:0061298,retina vasculature development in camera-type eye,2026-06-17T11:10:58.684267
GO:0061303,cornea development in camera-type eye,2026-08-01T17:48:43.642381
GO:0061304,retinal blood vessel morphogenesis,2026-06-17T11:10:58.713896
GO:0061308,cardiac neural crest cell development involved in heart development,2026-07-30T23:00:20.328630
GO:0061309,cardiac neural crest cell development involved in outflow tract morphogenesis,2026-06-08T17:05:04.820264
GO:0061337,cardiac conduction,2026-03-17T19:38:56.028091
GO:0061351,neural precursor cell proliferation,2026-05-13T16:41:25.547128
GO:0061355,Wnt protein secretion,2026-06-03T22:32:08.498890
GO:0061370,testosterone biosynthetic process,2026-03-17T19:41:13.630177
GO:0061386,closure of optic fissure,2026-06-15T23:06:00.760213
GO:0061436,establishment of skin barrier,2026-05-07T09:33:44.467136
GO:0061448,connective tissue development,2026-04-25T22:48:19.804555
GO:0061450,trophoblast cell migration,2026-06-15T21:25:55.787858
GO:0061462,protein localization to lysosome,2026-04-12T10:22:19.571704
GO:0061470,T follicular helper cell differentiation,2026-07-30T17:12:24.974230
GO:0061501,"2',3'-cyclic GMP-AMP synthase activity",2026-08-24T01:10:37.360699
GO:0061511,centriole elongation,2026-08-19T08:06:00.216662
GO:0061512,protein localization to cilium,2026-03-17T19:27:32.492744
GO:0061518,microglial cell proliferation,2026-08-19T21:15:36.367382
GO:0061535,"glutamate secretion, neurotransmission",2026-07-30T15:23:57.391847
GO:0061564,axon development,2026-06-20T08:28:55.492466
GO:0061577,calcium ion transmembrane transport via high voltage-gated calcium channel,2026-03-20T13:16:16.850819
GO:0061578,K63-linked deubiquitinase activity,2026-07-31T19:30:15.379845
GO:0061588,calcium activated phospholipid scrambling,2026-08-21T21:03:54.351864
GO:0061630,ubiquitin protein ligase activity,2026-04-26T00:55:37.630256
GO:0061640,cytoskeleton-dependent cytokinesis,2026-05-12T16:07:17.601937
GO:0061684,chaperone-mediated autophagy,2026-03-17T19:47:54.494521
GO:0061687,detoxification of inorganic compound,2026-03-17T19:29:01.458376
GO:0061691,detoxification of hydrogen peroxide,2026-03-17T19:36:40.810783
GO:0061702,canonical inflammasome complex,2026-03-17T19:27:26.515401
GO:0061714,folic acid receptor activity,2026-07-25T18:24:11.994831
GO:0061739,protein lipidation involved in autophagosome assembly,2026-08-23T07:04:53.520813
GO:0061756,leukocyte adhesion to vascular endothelial cell,2026-03-17T19:52:09.414576
GO:0061761,alpha-latrotoxin receptor binding,2026-03-17T19:38:20.092116
GO:0061762,CAMKK-AMPK signaling cascade,2026-05-02T00:21:43.074357
GO:0061900,glial cell activation,2026-05-20T13:22:26.556593
GO:0061909,autophagosome-lysosome fusion,2026-07-28T01:21:31.591173
GO:0061921,peptidyl-lysine propionylation,2026-07-31T22:59:47.942346
GO:0062009,secondary palate development,2026-07-01T19:06:24.535357
GO:0062025,regulation of SCF-dependent proteasomal ubiquitin-dependent protein catabolic process,2026-03-17T19:54:16.492257
GO:0062093,lysophagy,2026-06-05T23:16:08.790174
GO:0062176,R-loop processing,2026-08-17T13:33:03.954096
GO:0065003,protein-containing complex assembly,2026-06-06T18:45:01.208112
GO:0070034,telomerase RNA binding,2026-06-05T15:18:07.343178
GO:0070059,intrinsic apoptotic signaling pathway in response to endoplasmic reticulum stress,2026-08-15T11:22:30.156638
GO:0070098,chemokine-mediated signaling pathway,2026-03-17T19:28:13.806619
GO:0070102,interleukin-6-mediated signaling pathway,2026-03-17T19:44:39.990314
GO:0070106,interleukin-27-mediated signaling pathway,2026-08-27T00:52:11.189645
GO:0070127,tRNA aminoacylation for mitochondrial protein translation,2026-04-25T18:22:49.524882
GO:0070160,tight junction,2026-03-17T19:31:51.458220
GO:0070163,regulation of adiponectin secretion,2026-03-17T19:46:37.568359
GO:0070166,enamel mineralization,2026-06-18T20:01:55.056993
GO:0070168,negative regulation of biomineral tissue development,2026-08-27T01:06:25.712425
GO:0070212,protein poly-ADP-ribosylation,2026-05-26T14:46:30.226337
GO:0070227,lymphocyte apoptotic process,2026-06-04T00:04:22.448544
GO:0070231,T cell apoptotic process,2026-07-03T14:23:46.793123
GO:0070254,mucus secretion,2026-03-12T04:45:59.469690
GO:0070262,peptidyl-serine dephosphorylation,2026-07-31T19:37:17.488389
GO:0070265,obsolete necrotic cell death,2026-08-24T13:35:04.357386
GO:0070266,necroptotic process,2026-03-17T19:40:13.109574
GO:0070268,cornification,2026-05-02T00:29:46.345102
GO:0070269,pyroptotic inflammatory response,2026-03-17T19:24:37.745807
GO:0070274,RES complex,2026-08-01T01:02:32.578266
GO:0070288,ferritin complex,2026-08-01T19:14:46.726423
GO:0070293,renal absorption,2026-03-17T19:41:43.365450
GO:0070294,renal sodium ion absorption,2026-06-03T23:14:33.626166
GO:0070295,renal water absorption,2026-03-17T19:29:01.466293
GO:0070296,sarcoplasmic reticulum calcium ion transport,2026-07-31T17:09:51.738288
GO:0070306,lens fiber cell differentiation,2026-04-04T12:28:23.869188
GO:0070327,thyroid hormone transport,2026-07-31T18:10:02.589384
GO:0070328,triglyceride homeostasis,2026-05-30T06:59:39.179402
GO:0070330,aromatase activity,2026-05-08T02:02:20.112001
GO:0070360,symbiont-mediated actin polymerization-dependent cell-to-cell migration in host,2026-05-09T10:43:26.825791
GO:0070371,ERK1 and ERK2 cascade,2026-03-17T19:25:53.256592
GO:0070372,regulation of ERK1 and ERK2 cascade,2026-03-17T19:46:31.752470
GO:0070375,ERK5 cascade,2026-05-04T16:31:14.693324
GO:0070383,DNA cytosine deamination,2026-06-22T12:00:01.215386
GO:0070409,carbamoyl phosphate biosynthetic process,2026-05-17T19:31:39.918618
GO:0070417,cellular response to cold,2026-03-17T19:50:34.765366
GO:0070431,nucleotide-binding oligomerization domain containing 2 signaling pathway,2026-04-22T22:07:25.913749
GO:0070459,prolactin secretion,2026-03-19T20:16:51.951926
GO:0070460,thyroid-stimulating hormone secretion,2026-03-17T19:44:31.076143
GO:0070471,uterine smooth muscle contraction,2026-08-04T14:37:21.252466
GO:0070482,response to oxygen levels,2026-05-05T00:03:41.976934
GO:0070493,thrombin-activated receptor signaling pathway,2026-08-04T14:12:59.310359
GO:0070498,interleukin-1-mediated signaling pathway,2026-04-26T20:18:20.865992
GO:0070508,cholesterol import,2026-06-15T23:36:52.478645
GO:0070509,calcium ion import,2026-06-27T00:57:51.557088
GO:0070523,11-beta-hydroxysteroid dehydrogenase (NAD+) activity,2026-07-31T06:28:13.668019
GO:0070524,11-beta-hydroxysteroid dehydrogenase (NADP+) activity,2026-08-22T13:44:58.440844
GO:0070527,platelet aggregation,2026-05-09T18:41:13.960704
GO:0070528,protein kinase C signaling,2026-03-17T19:25:53.259328
GO:0070534,protein K63-linked ubiquitination,2026-07-30T07:28:37.943376
GO:0070536,protein K63-linked deubiquitination,2026-07-31T19:30:17.148429
GO:0070561,vitamin D receptor signaling pathway,2026-08-19T17:05:52.129875
GO:0070579,DNA 5-methylcytosine dioxygenase activity,2026-08-01T14:46:21.019969
GO:0070588,calcium ion transmembrane transport,2026-03-17T19:37:39.914137
GO:0070661,leukocyte proliferation,2026-04-12T12:48:14.572459
GO:0070662,mast cell proliferation,2026-06-19T09:02:43.400452
GO:0070721,ISGF3 complex,2026-08-27T23:35:25.925202
GO:0070741,response to interleukin-6,2026-05-10T13:39:50.722363
GO:0070757,interleukin-35-mediated signaling pathway,2026-03-19T19:20:56.270363
GO:0070776,MOZ/MORF histone acetyltransferase complex,2026-07-31T22:59:44.960020
GO:0070828,heterochromatin organization,2026-05-30T19:34:27.490384
GO:0070830,bicellular tight junction assembly,2026-03-17T19:49:15.268322
GO:0070831,basement membrane assembly,2026-04-30T14:19:32.450004
GO:0070836,caveola assembly,2026-05-04T05:03:21.563676
GO:0070841,inclusion body assembly,2026-03-14T22:20:21.290006
GO:0070851,growth factor receptor binding,2026-05-26T14:46:30.184136
GO:0070858,negative regulation of bile acid biosynthetic process,2026-08-08T16:23:38.380063
GO:0070889,platelet alpha granule organization,2026-08-02T01:51:33.400466
GO:0070899,mitochondrial tRNA wobble uridine modification,2026-08-08T15:26:03.671320
GO:0070936,protein K48-linked ubiquitination,2026-08-01T12:22:11.997285
GO:0070971,endoplasmic reticulum exit site,2026-08-05T21:56:07.943420
GO:0070981,L-asparagine biosynthetic process,2026-07-31T06:28:32.048443
GO:0070988,demethylation,2026-07-15T09:00:41.728826
GO:0070989,oxidative demethylation,2026-05-18T20:34:17.848554
GO:0070991,medium-chain fatty acyl-CoA dehydrogenase activity,2026-03-17T19:42:44.979843
GO:0070997,obsolete neuron death,2026-03-14T22:34:54.729083
GO:0071011,precatalytic spliceosome,2026-08-17T03:17:31.376616
GO:0071107,response to parathyroid hormone,2026-03-17T19:50:01.626531
GO:0071162,CMG complex,2026-08-27T04:33:17.868960
GO:0071163,DNA replication preinitiation complex assembly,2026-08-27T00:56:12.558539
GO:0071245,cellular response to carbon monoxide,2026-08-21T21:01:19.760512
GO:0071260,cellular response to mechanical stimulus,2026-03-17T19:43:21.991953
GO:0071276,cellular response to cadmium ion,2026-03-17T19:29:01.453604
GO:0071277,cellular response to calcium ion,2026-08-02T17:12:43.087375
GO:0071340,skeletal muscle acetylcholine-gated channel clustering,2026-06-15T23:59:19.734279
GO:0071345,cellular response to cytokine stimulus,2026-03-17T19:43:51.621428
GO:0071346,cellular response to type II interferon,2026-03-17T19:46:58.172480
GO:0071347,cellular response to interleukin-1,2026-08-25T05:10:18.677579
GO:0071357,cellular response to type I interferon,2026-06-27T01:32:32.653713
GO:0071376,cellular response to corticotropin-releasing hormone stimulus,2026-08-02T10:20:14.420604
GO:0071385,cellular response to glucocorticoid stimulus,2026-03-17T19:43:02.317096
GO:0071391,cellular response to estrogen stimulus,2026-08-02T10:19:54.076292
GO:0071425,hematopoietic stem cell proliferation,2026-05-08T10:52:45.809364
GO:0071456,cellular response to hypoxia,2026-03-17T19:30:45.645612
GO:0071468,cellular response to acidic pH,2026-03-17T19:27:53.102500
GO:0071470,cellular response to osmotic stress,2026-03-17T19:54:52.760814
GO:0071498,cellular response to fluid shear stress,2026-08-18T09:47:44.031137
GO:0071514,genomic imprinting,2026-03-17T19:50:01.612425
GO:0071526,semaphorin-plexin signaling pathway,2026-06-26T05:58:29.031423
GO:0071555,cell wall organization,2026-06-25T00:05:54.510292
GO:0071558,histone H3K27me2/H3K27me3 demethylase activity,2026-08-15T09:04:32.380986
GO:0071559,response to transforming growth factor beta,2026-03-17T19:33:32.270344
GO:0071564,npBAF complex,2026-08-01T10:04:16.634200
GO:0071566,UFM1 activating enzyme activity,2026-08-20T04:07:45.806503
GO:0071569,protein ufmylation,2026-08-20T04:06:49.206993
GO:0071604,transforming growth factor beta production,2026-07-16T20:47:59.757378
GO:0071625,vocalization behavior,2026-08-21T20:14:22.344188
GO:0071679,commissural neuron axon guidance,2026-06-05T14:39:52.352099
GO:0071696,ectodermal placode development,2026-04-24T18:06:02.054337
GO:0071711,basement membrane organization,2026-06-10T20:50:07.426826
GO:0071722,detoxification of arsenic-containing substance,2026-04-30T14:21:43.745831
GO:0071782,endoplasmic reticulum tubular network,2026-06-08T17:48:54.571440
GO:0071786,endoplasmic reticulum tubular network organization,2026-06-08T17:48:54.593409
GO:0071805,potassium ion transmembrane transport,2026-04-13T22:49:10.631200
GO:0071870,cellular response to catecholamine stimulus,2026-08-09T22:28:00.093243
GO:0071875,adrenergic receptor signaling pathway,2026-06-18T19:56:59.331174
GO:0071880,adenylate cyclase-activating adrenergic receptor signaling pathway,2026-07-31T17:09:53.659430
GO:0071888,macrophage apoptotic process,2026-07-16T11:33:59.712673
GO:0071889,14-3-3 protein binding,2026-08-16T19:03:23.215721
GO:0071897,DNA biosynthetic process,2026-06-25T00:04:38.076505
GO:0071933,Arp2/3 complex binding,2026-08-23T22:36:13.530700
GO:0071934,thiamine transmembrane transport,2026-08-27T19:39:00.064338
GO:0071949,FAD binding,2026-05-18T20:34:17.866418
GO:0071985,multivesicular body sorting pathway,2026-07-31T19:30:22.594773
GO:0072006,nephron development,2026-04-12T16:33:56.339882
GO:0072075,metanephric mesenchyme development,2026-06-08T11:55:32.568454
GO:0072105,ureteric peristalsis,2026-08-26T22:07:52.415090
GO:0072112,podocyte differentiation,2026-08-27T15:50:36.551490
GO:0072126,positive regulation of glomerular mesangial cell proliferation,2026-04-14T13:34:57.069355
GO:0072177,mesonephric duct development,2026-08-01T02:42:39.450098
GO:0072331,signal transduction by p53 class mediator,2026-03-17T19:32:52.221628
GO:0072332,intrinsic apoptotic signaling pathway by p53 class mediator,2026-03-17T19:35:21.116022
GO:0072334,UDP-galactose transmembrane transport,2026-06-04T01:11:31.539038
GO:0072377,"blood coagulation, common pathway",2026-08-20T08:14:26.639508
GO:0072378,"blood coagulation, fibrin clot formation",2026-03-17T19:38:11.815944
GO:0072387,flavin adenine dinucleotide metabolic process,2026-07-05T23:35:28.066448
GO:0072488,ammonium transmembrane transport,2026-08-16T21:27:53.801727
GO:0072498,embryonic skeletal joint development,2026-03-17T19:52:39.273010
GO:0072528,pyrimidine-containing compound biosynthetic process,2026-03-17T19:41:43.357803
GO:0072537,fibroblast activation,2026-06-03T04:44:43.982898
GO:0072538,T-helper 17 type immune response,2026-03-17T19:25:44.313765
GO:0072539,T-helper 17 cell differentiation,2026-03-17T19:38:42.233773
GO:0072559,NLRP3 inflammasome complex,2026-03-17T19:28:28.309340
GO:0072564,blood microparticle formation,2026-08-16T02:53:50.909772
GO:0072577,endothelial cell apoptotic process,2026-05-24T15:35:40.527778
GO:0072583,clathrin-dependent endocytosis,2026-06-11T20:49:30.157802
GO:0072593,reactive oxygen species metabolic process,2026-03-17T19:34:39.352232
GO:0072657,protein localization to membrane,2026-04-04T12:29:38.695834
GO:0072659,protein localization to plasma membrane,2026-03-17T19:38:36.797150
GO:0072677,eosinophil migration,2026-03-17T19:31:42.999628
GO:0072678,T cell migration,2026-03-17T19:42:21.114442
GO:0072686,mitotic spindle,2026-08-04T11:19:56.883516
GO:0072719,cellular response to cisplatin,2026-08-18T10:38:24.738015
GO:0075509,endocytosis involved in viral entry into host cell,2026-06-28T19:00:31.641926
GO:0075713,establishment of integrated proviral latency,2026-06-25T02:36:15.405480
GO:0080008,Cul4-RING E3 ubiquitin ligase complex,2026-08-01T19:30:15.135527
GO:0080111,obsolete DNA demethylation,2026-03-17T19:32:14.542702
GO:0080145,intracellular cysteine homeostasis,2026-05-03T07:08:14.832169
GO:0085029,extracellular matrix assembly,2026-07-29T17:01:51.947832
GO:0086001,cardiac muscle cell action potential,2026-03-17T19:26:36.458011
GO:0086002,cardiac muscle cell action potential involved in contraction,2026-05-09T09:04:24.400550
GO:0086003,cardiac muscle cell contraction,2026-08-12T13:33:01.892181
GO:0086004,regulation of cardiac muscle cell contraction,2026-08-02T16:57:53.259216
GO:0086005,ventricular cardiac muscle cell action potential,2026-04-12T15:36:19.952624
GO:0086006,voltage-gated sodium channel activity involved in cardiac muscle cell action potential,2026-07-31T02:31:12.672689
GO:0086009,membrane repolarization,2026-05-13T18:29:46.100038
GO:0086010,membrane depolarization during action potential,2026-06-21T16:17:08.881366
GO:0086012,membrane depolarization during cardiac muscle cell action potential,2026-04-14T05:00:55.085724
GO:0086013,membrane repolarization during cardiac muscle cell action potential,2026-04-13T22:49:10.639919
GO:0086014,atrial cardiac muscle cell action potential,2026-06-25T00:31:45.489030
GO:0086015,SA node cell action potential,2026-05-30T23:13:26.264603
GO:0086017,Purkinje myocyte action potential,2026-08-01T15:29:02.283716
GO:0086046,membrane depolarization during SA node cell action potential,2026-08-01T19:04:53.291154
GO:0086059,voltage-gated calcium channel activity involved SA node cell action potential,2026-08-01T19:04:51.559750
GO:0086064,cell communication by electrical coupling involved in cardiac conduction,2026-06-25T00:31:45.510863
GO:0086091,regulation of heart rate by cardiac conduction,2026-05-09T09:04:24.331389
GO:0086100,endothelin receptor signaling pathway,2026-08-01T18:28:14.016227
GO:0090075,relaxation of muscle,2026-08-16T10:45:33.933667
GO:0090077,foam cell differentiation,2026-07-16T09:18:58.479118
GO:0090090,negative regulation of canonical Wnt signaling pathway,2026-05-02T00:33:50.010419
GO:0090102,cochlea development,2026-07-31T20:06:39.132620
GO:0090114,COPII-coated vesicle budding,2026-08-27T14:16:27.927477
GO:0090155,negative regulation of sphingolipid biosynthetic process,2026-08-19T21:23:38.229105
GO:0090162,establishment of epithelial cell polarity,2026-08-08T16:23:40.010944
GO:0090307,mitotic spindle assembly,2026-08-04T11:19:57.977183
GO:0090382,phagosome maturation,2026-03-17T19:54:16.477600
GO:0090398,cellular senescence,2026-03-17T19:30:24.491083
GO:0090399,replicative senescence,2026-04-22T22:04:32.279923
GO:0090409,malonyl-CoA synthetase activity,2026-07-05T19:29:45.002434
GO:0090487,secondary metabolite catabolic process,2026-03-17T19:35:01.266903
GO:0090497,mesenchymal cell migration,2026-06-15T22:32:45.838459
GO:0090554,phosphatidylcholine floppase activity,2026-08-08T16:23:32.166077
GO:0090557,establishment of endothelial intestinal barrier,2026-03-17T19:54:46.565118
GO:0090615,mitochondrial mRNA processing,2026-06-24T16:37:25.970238
GO:0090646,mitochondrial tRNA processing,2026-06-03T23:16:33.761147
GO:0090660,cerebrospinal fluid circulation,2026-06-16T00:13:38.678507
GO:0090676,calcium ion transmembrane transport via low voltage-gated calcium channel,2026-08-04T23:06:29.385224
GO:0095500,acetylcholine receptor signaling pathway,2026-05-09T01:09:36.921116
GO:0097009,energy homeostasis,2026-03-17T19:46:37.561568
GO:0097029,mature conventional dendritic cell differentiation,2026-08-17T03:52:37.420717
GO:0097037,heme export,2026-07-10T15:19:00.653068
GO:0097049,motor neuron apoptotic process,2026-06-27T00:42:11.978300
GO:0097054,L-glutamate biosynthetic process,2026-07-30T15:23:55.245791
GO:0097066,response to thyroid hormone,2026-05-07T19:48:50.030602
GO:0097107,postsynaptic density assembly,2026-05-24T15:54:58.003581
GO:0097112,gamma-aminobutyric acid receptor clustering,2026-07-31T17:50:35.543250
GO:0097113,AMPA glutamate receptor clustering,2026-08-05T01:02:37.940711
GO:0097114,NMDA glutamate receptor clustering,2026-08-19T09:01:04.676585
GO:0097154,GABAergic neuron differentiation,2026-03-17T19:31:07.006554
GO:0097186,amelogenesis,2026-03-17T19:42:11.658264
GO:0097190,apoptotic signaling pathway,2026-05-30T22:08:54.600081
GO:0097191,extrinsic apoptotic signaling pathway,2026-06-30T21:12:28.529400
GO:0097192,extrinsic apoptotic signaling pathway in absence of ligand,2026-07-01T17:16:50.517512
GO:0097193,intrinsic apoptotic signaling pathway,2026-03-17T19:44:42.944562
GO:0097194,execution phase of apoptosis,2026-04-14T13:34:56.992072
GO:0097205,renal filtration,2026-04-13T08:35:45.333381
GO:0097209,epidermal lamellar body,2026-08-02T01:51:29.853087
GO:0097237,cellular response to toxic substance,2026-05-08T11:33:51.252297
GO:0097242,amyloid-beta clearance,2026-06-03T19:00:18.845834
GO:0097252,oligodendrocyte apoptotic process,2026-08-22T18:24:30.747133
GO:0097278,complement-dependent cytotoxicity,2026-08-13T20:23:15.097987
GO:0097281,immune complex formation,2026-04-28T16:59:55.622852
GO:0097283,keratinocyte apoptotic process,2026-04-03T20:13:58.085182
GO:0097284,hepatocyte apoptotic process,2026-03-17T19:26:07.634367
GO:0097300,programmed necrotic cell death,2026-03-17T19:39:01.507721
GO:0097352,autophagosome maturation,2026-03-17T19:32:20.557368
GO:0097400,interleukin-17-mediated signaling pathway,2026-03-17T19:45:58.318847
GO:0097411,hypoxia-inducible factor-1alpha signaling pathway,2026-03-17T19:50:16.000341
GO:0097421,liver regeneration,2026-05-20T00:05:22.581229
GO:0097450,astrocyte end-foot,2026-07-31T06:53:34.516371
GO:0097485,neuron projection guidance,2026-06-09T20:31:36.308405
GO:0097527,necroptotic signaling pathway,2026-04-26T20:14:08.159949
GO:0097542,ciliary tip,2026-06-13T20:36:30.833483
GO:0097546,ciliary base,2026-03-17T19:43:27.687880
GO:0097681,double-strand break repair via alternative nonhomologous end joining,2026-05-27T07:54:01.014340
GO:0097696,cell surface receptor signaling pathway via STAT,2026-05-30T17:17:42.507834
GO:0097707,ferroptosis,2026-03-17T19:43:54.513366
GO:0097720,calcineurin-mediated signaling,2026-03-17T19:28:52.461857
GO:0097734,extracellular exosome biogenesis,2026-08-11T16:59:26.788421
GO:0097746,blood vessel diameter maintenance,2026-05-04T22:01:55.325807
GO:0097749,membrane tubulation,2026-06-16T17:24:50.094628
GO:0098532,obsolete histone H3-K27 trimethylation,2026-03-17T19:37:21.932255
GO:0098534,centriole assembly,2026-05-09T18:41:32.103604
GO:0098609,cell-cell adhesion,2026-03-17T19:35:57.065368
GO:0098641,cadherin binding involved in cell-cell adhesion,2026-08-01T19:06:47.266613
GO:0098655,monoatomic cation transmembrane transport,2026-07-23T14:29:47.093384
GO:0098700,neurotransmitter loading into synaptic vesicle,2026-07-31T06:38:08.321110
GO:0098703,calcium ion import across plasma membrane,2026-08-01T07:49:37.313519
GO:0098712,L-glutamate import across plasma membrane,2026-04-25T18:24:23.938568
GO:0098719,sodium ion import across plasma membrane,2026-08-22T15:48:45.559012
GO:0098725,symmetric cell division,2026-08-20T12:54:52.325904
GO:0098727,maintenance of cell number,2026-06-09T21:06:54.091916
GO:0098754,detoxification,2026-07-28T12:15:56.900972
GO:0098793,presynapse,2026-08-01T02:16:06.951306
GO:0098808,mRNA cap binding,2026-08-17T03:18:43.758630
GO:0098810,neurotransmitter reuptake,2026-07-31T06:35:05.755897
GO:0098838,folate transmembrane transport,2026-07-25T18:24:12.873766
GO:0098856,intestinal lipid absorption,2026-05-03T22:24:58.259786
GO:0098883,synapse pruning,2026-03-17T19:51:34.582785
GO:0098907,regulation of SA node cell action potential,2026-08-17T09:20:41.729918
GO:0098915,membrane repolarization during ventricular cardiac muscle cell action potential,2026-06-14T17:38:21.527376
GO:0098919,structural constituent of postsynaptic density,2026-08-19T09:01:00.019152
GO:0098930,axonal transport,2026-06-04T08:15:24.156610
GO:0098977,inhibitory chemical synaptic transmission,2026-03-17T19:52:57.260655
GO:0098982,GABA-ergic synapse,2026-08-08T22:26:09.815400
GO:0099072,regulation of postsynaptic membrane neurotransmitter receptor levels,2026-05-24T15:54:57.991425
GO:0099106,ion channel regulator activity,2026-08-17T21:27:56.688797
GO:0099111,microtubule-based transport,2026-08-20T04:30:45.958975
GO:0099116,tRNA 5'-end processing,2026-07-24T00:53:05.038175
GO:0099155,"synaptic transmission, noradrenergic",2026-03-17T19:53:36.832669
GO:0099177,regulation of trans-synaptic signaling,2026-03-17T19:37:39.918532
GO:0099502,calcium-dependent activation of synaptic vesicle fusion,2026-07-06T07:49:51.652391
GO:0099504,synaptic vesicle cycle,2026-03-17T19:25:32.222501
GO:0099536,synaptic signaling,2026-04-30T14:15:32.212439
GO:0099537,trans-synaptic signaling,2026-05-02T02:01:19.059464
GO:0099638,endosome to plasma membrane protein transport,2026-06-05T15:03:17.977815
GO:0101005,deubiquitinase activity,2026-03-19T16:15:37.337418
GO:0106009,(4S)-4-hydroxy-2-oxoglutarate aldolase activity,2026-07-31T06:34:44.758343
GO:0106029,tRNA pseudouridine synthase activity,2026-08-01T07:44:15.148150
GO:0106345,glyoxylate reductase activity,2026-07-05T23:18:24.873678
GO:0110096,cellular response to aldehyde,2026-03-19T16:06:56.051722
GO:0110119,positive regulation of very-low-density lipoprotein particle clearance,2026-06-05T22:27:04.954749
GO:0110135,Norrin signaling pathway,2026-06-17T11:10:58.668311
GO:0120009,intermembrane lipid transfer,2026-06-04T18:58:32.378066
GO:0120013,lipid transfer activity,2026-05-03T22:24:58.226759
GO:0120020,cholesterol transfer activity,2026-04-29T01:44:43.020011
GO:0120031,plasma membrane bounded cell projection assembly,2026-08-22T01:15:13.911671
GO:0120054,intestinal motility,2026-05-08T12:02:59.142103
GO:0120178,steroid hormone biosynthetic process,2026-08-01T03:27:22.720786
GO:0120192,tight junction assembly,2026-04-28T22:03:15.929140
GO:0120193,tight junction organization,2026-03-17T19:27:26.523902
GO:0120197,mucociliary clearance,2026-03-12T04:45:59.478318
GO:0120224,larynx development,2026-03-17T19:41:40.357474
GO:0120275,cerebral blood circulation,2026-03-17T19:25:32.261028
GO:0120276,regulation of cerebral blood circulation,2026-08-01T07:36:34.062127
GO:0120558,lysophospholipase A1 activity,2026-05-18T15:03:54.181054
GO:0140002,histone H3K4me3 reader activity,2026-08-01T00:59:18.194582
GO:0140011,histone H4K12ac reader activity,2026-08-01T19:30:13.636079
GO:0140015,histone H3K14ac reader activity,2026-08-01T19:30:11.823695
GO:0140042,lipid droplet formation,2026-07-07T22:20:57.200136
GO:0140053,mitochondrial gene expression,2026-06-03T23:16:33.783639
GO:0140056,organelle localization by membrane tethering,2026-07-25T15:52:36.125942
GO:0140097,"catalytic activity, acting on DNA",2026-06-25T02:36:15.342984
GO:0140112,extracellular vesicle biogenesis,2026-06-30T06:50:26.180878
GO:0140268,endoplasmic reticulum-plasma membrane contact site,2026-08-20T19:27:12.452359
GO:0140292,ADP-ribosylserine-[protein] hydrolase activity,2026-08-01T19:26:01.753796
GO:0140318,protein transporter activity,2026-05-07T14:04:00.418293
GO:0140331,aminophospholipid translocation,2026-08-08T16:23:27.054226
GO:0140374,antiviral innate immune response,2026-06-28T19:00:37.581543
GO:0140467,integrated stress response signaling,2026-06-05T15:47:07.280913
GO:0140469,GCN2-mediated signaling,2026-08-22T01:32:27.552779
GO:0140493,very long-chain fatty acid beta-oxidation,2026-05-10T16:17:51.056334
GO:0140581,P-type monovalent copper transporter activity,2026-05-20T20:24:35.206308
GO:0140588,chromatin looping,2026-08-01T17:10:06.700443
GO:0140632,canonical inflammasome complex assembly,2026-07-30T22:38:24.555413
GO:0140645,neutrophil extracellular trap formation,2026-03-19T19:21:58.048693
GO:0140658,ATP-dependent chromatin remodeler activity,2026-08-01T09:45:04.296034
GO:0140662,ATP-dependent protein folding chaperone,2026-07-26T02:39:28.190899
GO:0140670,cohesin unloader activity,2026-08-01T17:10:03.302691
GO:0140683,histone H3K9me/H3K9me2 demethylase activity,2026-08-01T00:59:19.588865
GO:0140718,facultative heterochromatin formation,2026-06-04T15:49:06.920870
GO:0140750,nucleosome array spacer activity,2026-08-16T19:03:37.929036
GO:0140896,cGAS/STING signaling pathway,2026-03-19T19:32:06.231038
GO:0140950,histone H2A deubiquitinase activity,2026-07-31T19:15:47.434234
GO:0140951,histone H3K27 trimethyltransferase activity,2026-08-01T01:02:36.645222
GO:0140954,histone H3K36 dimethyltransferase activity,2026-05-02T02:01:17.822637
GO:0141084,inflammasome-mediated signaling pathway,2026-06-22T12:13:36.528652
GO:0141111,positive regulation of cGAS/STING signaling pathway,2026-08-24T01:10:39.867542
GO:0141156,cAMP/PKA signal transduction,2026-03-17T19:37:08.054793
GO:0141158,symbiont-mediated suppression of host phagosome maturation,2026-06-22T12:13:36.512871
GO:0141164,mitochondrial protein quality control,2026-06-08T17:48:54.604114
GO:0141166,chromosomal 5-methylcytosine DNA demethylation pathway,2026-03-19T16:03:29.227831
GO:0141201,pyroptotic cell death,2026-07-30T22:38:24.498821
GO:0150076,neuroinflammatory response,2026-03-17T19:25:32.204868
GO:0150103,reactive gliosis,2026-05-07T19:42:42.158959
GO:0150104,transport across blood-brain barrier,2026-08-01T08:27:20.041445
GO:0150115,cell-substrate junction organization,2026-03-17T19:34:24.870734
GO:0160054,microfibril assembly,2026-08-17T09:32:56.164008
GO:0160083,exhausted T cell differentiation,2026-03-19T19:38:52.608767
GO:0160119,cuproptosis,2026-03-17T19:55:31.524134
GO:0160269,sweat secretion,2026-05-20T19:40:15.198371
GO:0170040,proteinogenic amino acid catabolic process,2026-05-20T18:12:30.677112
GO:0180026,mitochondrial small ribosomal subunit assembly,2026-08-08T15:24:01.754756
GO:0180059,protein O-linked glycosylation via glucose,2026-08-08T11:53:31.350681
GO:1901642,nucleoside transmembrane transport,2026-07-31T00:05:04.758814
GO:1901699,cellular response to nitrogen compound,2026-03-17T19:30:36.673912
GO:1901704,L-glutamine biosynthetic process,2026-03-19T16:00:23.259785
GO:1901797,negative regulation of signal transduction by p53 class mediator,2026-05-13T12:31:37.932565
GO:1902047,polyamine transmembrane transport,2026-08-22T21:09:51.032063
GO:1902224,ketone body metabolic process,2026-03-19T15:54:48.971283
GO:1902275,regulation of chromatin organization,2026-03-17T19:28:58.503231
GO:1902305,regulation of sodium ion transmembrane transport,2026-08-20T04:30:17.102719
GO:1902358,sulfate transmembrane transport,2026-03-17T19:26:24.720009
GO:1902476,chloride transmembrane transport,2026-03-17T19:29:53.407346
GO:1902482,regulatory T cell apoptotic process,2026-04-26T22:59:42.822510
GO:1902488,cholangiocyte apoptotic process,2026-05-07T11:57:42.299698
GO:1902570,protein localization to nucleolus,2026-06-12T06:09:47.075019
GO:1902600,proton transmembrane transport,2026-06-30T10:16:19.545495
GO:1902603,carnitine transmembrane transport,2026-03-19T20:17:30.121899
GO:1902637,obsolete neural crest cell differentiation involved in thymus development,2026-03-17T19:23:53.554997
GO:1902638,obsolete neural crest cell differentiation involved in parathyroid gland development,2026-03-17T19:23:53.649463
GO:1902711,GABA-A receptor complex,2026-08-08T22:26:08.205816
GO:1902774,late endosome to lysosome transport,2026-08-05T21:51:35.114235
GO:1902775,mitochondrial large ribosomal subunit assembly,2026-08-01T17:25:32.933967
GO:1902859,propionyl-CoA catabolic process,2026-06-17T12:31:49.803412
GO:1902988,neurofibrillary tangle assembly,2026-05-24T14:42:19.805616
GO:1903170,negative regulation of calcium ion transmembrane transport,2026-07-31T06:31:28.146221
GO:1903210,podocyte apoptotic process,2026-04-30T14:19:32.470508
GO:1903409,reactive oxygen species biosynthetic process,2026-03-17T19:25:32.245135
GO:1903412,response to bile acid,2026-03-19T20:17:52.434585
GO:1903575,cornified envelope assembly,2026-03-17T19:41:04.557988
GO:1903702,esophagus development,2026-05-07T16:30:00.601499
GO:1903779,regulation of cardiac conduction,2026-06-14T17:38:21.506687
GO:1903929,primary palate development,2026-07-01T19:06:24.513118
GO:1903988,iron ion export across plasma membrane,2026-03-17T19:38:06.655232
GO:1903998,regulation of eating behavior,2026-04-28T10:24:33.331761
GO:1904014,response to serotonin,2026-04-28T11:53:25.465753
GO:1904030,negative regulation of cyclin-dependent protein kinase activity,2026-07-20T14:38:30.089835
GO:1904046,negative regulation of vascular endothelial growth factor production,2026-08-01T19:12:46.192065
GO:1904056,positive regulation of cholangiocyte proliferation,2026-08-07T09:13:48.539868
GO:1904262,negative regulation of TORC1 signaling,2026-04-28T18:52:49.604311
GO:1904480,positive regulation of intestinal absorption,2026-03-17T19:38:06.650827
GO:1904491,protein localization to ciliary transition zone,2026-06-26T23:19:45.133883
GO:1904659,D-glucose transmembrane transport,2026-06-28T06:22:02.335616
GO:1904669,ATP export,2026-06-18T22:25:18.510532
GO:1904862,inhibitory synapse assembly,2026-07-31T02:45:15.490114
GO:1904903,ESCRT III complex disassembly,2026-08-01T09:42:49.030808
GO:1904955,obsolete planar cell polarity pathway involved in midbrain dopaminergic neuron differentiation,2026-03-17T19:49:29.610436
GO:1904996,positive regulation of leukocyte adhesion to vascular endothelial cell,2026-03-17T19:41:01.465582
GO:1905040,otic placode development,2026-08-21T21:03:44.426932
GO:1905071,tight junction disassembly,2026-03-17T19:29:13.037410
GO:1905139,apical ectodermal ridge formation,2026-06-08T12:22:38.553477
GO:1905146,lysosomal protein catabolic process,2026-05-21T05:01:34.095406
GO:1905288,vascular associated smooth muscle cell apoptotic process,2026-03-17T19:28:37.359826
GO:1905344,prostaglandin catabolic process,2026-07-31T06:34:51.585994
GO:1905584,outer hair cell apoptotic process,2026-07-20T16:53:47.802625
GO:1905603,regulation of blood-brain barrier permeability,2026-03-17T19:25:32.256838
GO:1905604,negative regulation of blood-brain barrier permeability,2026-04-25T17:47:01.713993
GO:1990000,amyloid fibril formation,2026-03-17T19:24:14.196449
GO:1990036,calcium ion import into sarcoplasmic reticulum,2026-08-16T10:45:32.632382
GO:1990046,stress-induced mitochondrial fusion,2026-07-24T00:53:07.194611
GO:1990134,epithelial cell apoptotic process involved in palatal shelf morphogenesis,2026-07-01T19:06:24.554619
GO:1990169,stress response to copper ion,2026-06-09T14:52:08.628350
GO:1990182,exosomal secretion,2026-07-25T18:24:13.947979
GO:1990231,STING complex,2026-08-24T01:10:41.758827
GO:1990266,neutrophil migration,2026-04-26T20:18:20.904968
GO:1990399,epithelium regeneration,2026-03-19T19:35:20.686051
GO:1990508,CKM complex,2026-07-31T01:54:38.210438
GO:1990535,neuron projection maintenance,2026-06-08T17:48:54.549629
GO:1990547,mitochondrial phosphate ion transmembrane transport,2026-07-31T18:40:29.862931
GO:1990569,UDP-N-acetylglucosamine transmembrane transport,2026-08-04T22:43:43.537470
GO:1990603,dark adaptation,2026-08-22T18:20:08.395754
GO:1990627,mitochondrial inner membrane fusion,2026-07-31T01:45:48.489683
GO:1990743,protein sialylation,2026-08-15T11:56:25.756906
GO:1990776,response to angiotensin,2026-06-06T18:45:20.833177
GO:1990779,glycoprotein Ib-IX-V complex,2026-08-15T10:55:47.858713
GO:1990928,response to amino acid starvation,2026-07-28T12:18:56.628639
GO:1990963,establishment of blood-retinal barrier,2026-06-17T11:10:58.698177
GO:2000001,regulation of DNA damage checkpoint,2026-03-19T19:32:17.392436
GO:2000045,regulation of G1/S transition of mitotic cell cycle,2026-06-08T12:57:32.031723
GO:2000110,negative regulation of macrophage apoptotic process,2026-04-26T22:59:43.063511
GO:2000134,negative regulation of G1/S transition of mitotic cell cycle,2026-03-19T19:31:27.901477
GO:2000300,regulation of synaptic vesicle exocytosis,2026-04-24T18:09:16.668878
GO:2000311,regulation of AMPA receptor activity,2026-06-04T10:13:37.500824
GO:2000612,regulation of thyroid-stimulating hormone secretion,2026-07-05T23:37:38.585297
GO:2001295,malonyl-CoA biosynthetic process,2026-07-05T19:29:56.021027
