RHEA_ID	DIRECTION	MASTER_ID	ID
10000	UN	10000	GO:0050168
10008	UN	10008	GO:0051920
10012	UN	10012	GO:0018530
10016	UN	10016	GO:0050285
10020	UN	10020	GO:0004755
10024	UN	10024	GO:0042054
10028	UN	10028	GO:0047821
10032	UN	10032	GO:0050170
10036	UN	10036	GO:0018465
10040	UN	10040	GO:0008441
10044	UN	10044	GO:0018460
10048	UN	10048	GO:0003961
10052	UN	10052	GO:0140175
10056	UN	10056	GO:0047459
10060	UN	10060	GO:0047835
10064	UN	10064	GO:0050413
10068	UN	10068	GO:0047266
10072	UN	10072	GO:0052729
10076	UN	10076	GO:0000016
10080	UN	10080	GO:0018510
10084	UN	10084	GO:0018578
10088	UN	10088	GO:0047235
10092	UN	10092	GO:0047846
10096	UN	10096	GO:0061579
10100	UN	10100	GO:0004771
10104	UN	10104	GO:0016707
10108	UN	10108	GO:0047037
10112	UN	10112	GO:0004122
10116	UN	10116	GO:0004616
10120	UN	10120	GO:0003726
10124	UN	10124	GO:0033776
10128	UN	10128	GO:0034020
10132	UN	10132	GO:0018858
10136	UN	10136	GO:0009028
10140	UN	10140	GO:0047017
10144	UN	10144	GO:0008254
10148	UN	10148	GO:0047711
10152	UN	10152	GO:0008804
10156	UN	10156	GO:0047089
10160	UN	10160	GO:0003939
10164	UN	10164	GO:0004634
10168	UN	10168	GO:0050617
10172	UN	10172	GO:0047989
10176	UN	10176	GO:0102443
10180	UN	10180	GO:0016155
10184	UN	10184	GO:0047570
10188	UN	10188	GO:0004421
10192	UN	10192	GO:0015419
10196	UN	10196	GO:0043748
10200	UN	10200	GO:0047540
10204	UN	10204	GO:0047133
10208	UN	10208	GO:0004057
10212	UN	10212	GO:0047589
10216	UN	10216	GO:0008353
10220	UN	10220	GO:0004831
10224	UN	10224	GO:0008478
10232	UN	10232	GO:0047281
10236	UN	10236	GO:0047212
10240	UN	10240	GO:0004318
10244	UN	10244	GO:0004334
10248	UN	10248	GO:0004170
10252	UN	10252	GO:0033847
10256	UN	10256	GO:0051752
10260	UN	10260	GO:0015444
10264	UN	10264	GO:0004034
10268	UN	10268	GO:0008672
10272	UN	10272	GO:0004143
10280	UN	10280	GO:0102741
10284	UN	10284	GO:0050047
10288	UN	10288	GO:0050033
10292	UN	10292	GO:0004343
10296	UN	10296	GO:0047100
10300	UN	10300	GO:0004365
10304	UN	10304	GO:0008779
10312	UN	10312	GO:0018628
10316	UN	10316	GO:0050341
10320	UN	10320	GO:0050346
10332	UN	10332	GO:0047190
10336	UN	10336	GO:0003994
10340	UN	10340	GO:0034003
10344	UN	10344	GO:0047159
10348	UN	10348	GO:0017168
10352	UN	10352	GO:0047416
10356	UN	10356	GO:0047009
10360	UN	10360	GO:0047856
10364	UN	10364	GO:0050458
10368	UN	10368	GO:0019180
10372	UN	10372	GO:0047110
10376	UN	10376	GO:0043682
10380	UN	10380	GO:0004588
10388	UN	10388	GO:0004613
10392	UN	10392	GO:0045551
10396	UN	10396	GO:0050018
10400	UN	10400	GO:0047945
10408	UN	10408	GO:0050632
10412	UN	10412	GO:0047631
10416	UN	10416	GO:0018805
10420	UN	10420	GO:0031299
10424	UN	10424	GO:0047980
10428	UN	10428	GO:0004052
10432	UN	10432	GO:0047411
10436	UN	10436	GO:0033988
10440	UN	10440	GO:0004341
10444	UN	10444	GO:0102917
10448	UN	10448	GO:0033759
10456	UN	10456	GO:0008925
10460	UN	10460	GO:0050219
10464	UN	10464	GO:0004099
10468	UN	10468	GO:0050193
10472	UN	10472	GO:0047529
10484	UN	10484	GO:0050128
10488	UN	10488	GO:0030272
10492	UN	10492	GO:0052731
10500	UN	10500	GO:0050441
10508	UN	10508	GO:0004802
10516	UN	10516	GO:0047010
10520	UN	10520	GO:0046481
10524	UN	10524	GO:0008683
10528	UN	10528	GO:0047088
10532	UN	10532	GO:0004834
10536	UN	10536	GO:0033888
10540	UN	10540	GO:0004150
10548	UN	10548	GO:0047678
10552	UN	10552	GO:0050233
10556	UN	10556	GO:0033848
10560	UN	10560	GO:0047425
10564	UN	10564	GO:0047583
10568	UN	10568	GO:0050064
10572	UN	10572	GO:0050393
10576	UN	10576	GO:0047353
10580	UN	10580	GO:0004326
10584	UN	10584	GO:0033808
10588	UN	10588	GO:0050111
10596	UN	10596	GO:0004713
10600	UN	10600	GO:0004667
10604	UN	10604	GO:0034480
10608	UN	10608	GO:0016710
10612	UN	10612	GO:0050513
10616	UN	10616	GO:0033788
10620	UN	10620	GO:0016621
10628	UN	10628	GO:0009022
10644	UN	10644	GO:0047554
10652	UN	10652	GO:0050061
10656	UN	10656	GO:0030731
10660	UN	10660	GO:0018365
10664	UN	10664	GO:0018457
10668	UN	10668	GO:0050071
10672	UN	10672	GO:0003904
10680	UN	10680	GO:0018112
10684	UN	10684	GO:0004725
10688	UN	10688	GO:0050301
10692	UN	10692	GO:0033732
10696	UN	10696	GO:0008922
10700	UN	10700	GO:0018744
10704	UN	10704	GO:0004832
10708	UN	10708	GO:0047344
10712	UN	10712	GO:0050172
10716	UN	10716	GO:0004512
10720	UN	10720	GO:0004734
10724	UN	10724	GO:0004090
10732	UN	10732	GO:0047077
10736	UN	10736	GO:0004022
10740	UN	10740	GO:0004022
10744	UN	10744	GO:0047120
10748	UN	10748	GO:0004089
10752	UN	10752	GO:0034025
10756	UN	10756	GO:0050242
10760	UN	10760	GO:0008815
10772	UN	10772	GO:0008706
10776	UN	10776	GO:0047995
10780	UN	10780	GO:0047995
10788	UN	10788	GO:0047841
10792	UN	10792	GO:0004638
10796	UN	10796	GO:0047638
10800	UN	10800	GO:0000310
10804	UN	10804	GO:0047653
10812	UN	10812	GO:0043824
10816	UN	10816	GO:0047513
10820	UN	10820	GO:0047755
10824	UN	10824	GO:0046554
10828	UN	10828	GO:0018860
10832	UN	10832	GO:0140336
10840	UN	10840	GO:0004795
10844	UN	10844	GO:0019162
10856	UN	10856	GO:0003851
10860	UN	10860	GO:0047081
10864	UN	10864	GO:0047081
10868	UN	10868	GO:0004144
10872	UN	10872	GO:0019807
10876	UN	10876	GO:0018799
10880	UN	10880	GO:0033960
10884	UN	10884	GO:0047906
10896	UN	10896	GO:0050055
10900	UN	10900	GO:0047313
10912	UN	10912	GO:0004592
10924	UN	10924	GO:0047466
10932	UN	10932	GO:0004055
10936	UN	10936	GO:0043831
10940	UN	10940	GO:0034002
10944	UN	10944	GO:1990738
10948	UN	10948	GO:0047931
10952	UN	10952	GO:0047161
10956	UN	10956	GO:0050344
10960	UN	10960	GO:0050043
10964	UN	10964	GO:0004856
10968	UN	10968	GO:0047612
10972	UN	10972	GO:0047329
10976	UN	10976	GO:0018629
10980	UN	10980	GO:0030378
10984	UN	10984	GO:0050042
10992	UN	10992	GO:0030267
10996	UN	10996	GO:0030763
11000	UN	11000	GO:0047417
11004	UN	11004	GO:0018658
11008	UN	11008	GO:0140818
11012	UN	11012	GO:0050365
11016	UN	11016	GO:0004037
11020	UN	11020	GO:0008440
11024	UN	11024	GO:0047666
11028	UN	11028	GO:0019158
11032	UN	11032	GO:0018850
11036	UN	11036	GO:0015418
11040	UN	11040	GO:0004424
11044	UN	11044	GO:0018785
11048	UN	11048	GO:0047179
11060	UN	11060	GO:0004822
11064	UN	11064	GO:0042132
11068	UN	11068	GO:0047402
11072	UN	11072	GO:0018618
11076	UN	11076	GO:0018618
11080	UN	11080	GO:0002953
11084	UN	11084	GO:0047842
11088	UN	11088	GO:0050351
11092	UN	11092	GO:0141152
11096	UN	11096	GO:0141153
11100	UN	11100	GO:0050217
11104	UN	11104	GO:0052706
11108	UN	11108	GO:0008459
11112	UN	11112	GO:0008908
11116	UN	11116	GO:0004145
11120	UN	11120	GO:0008824
11128	UN	11128	GO:0016210
11132	UN	11132	GO:0016630
11136	UN	11136	GO:0001665
11140	UN	11140	GO:0004615
11148	UN	11148	GO:0004322
11152	UN	11152	GO:0047592
11156	UN	11156	GO:0050391
11160	UN	11160	GO:0045303
11164	UN	11164	GO:0004608
11168	UN	11168	GO:0018464
11172	UN	11172	GO:0008705
11176	UN	11176	GO:0033831
11180	UN	11180	GO:0004816
11184	UN	11184	GO:0003837
11188	UN	11188	GO:0047427
11192	UN	11192	GO:0018784
11196	UN	11196	GO:0008939
11204	UN	11204	GO:0004077
11212	UN	11212	GO:0047719
11216	UN	11216	GO:0047507
11224	UN	11224	GO:0008716
11228	UN	11228	GO:0047890
11232	UN	11232	GO:0050186
11236	UN	11236	GO:0050514
11240	UN	11240	GO:0050331
11248	UN	11248	GO:0050526
11256	UN	11256	GO:0050645
11260	UN	11260	GO:0016174
11264	UN	11264	GO:0016174
11268	UN	11268	GO:0019148
11272	UN	11272	GO:1990464
11276	UN	11276	GO:0052716
11280	UN	11280	GO:0047153
11284	UN	11284	GO:0047993
11292	UN	11292	GO:0050264
11296	UN	11296	GO:0047533
11300	UN	11300	GO:0050280
11304	UN	11304	GO:0050385
11308	UN	11308	GO:0003989
11312	UN	11312	GO:0018788
11316	UN	11316	GO:0034013
11320	UN	11320	GO:0050373
11328	UN	11328	GO:0047863
11332	UN	11332	GO:1990817
11336	UN	11336	GO:0030768
11340	UN	11340	GO:0047435
11344	UN	11344	GO:0008781
11348	UN	11348	GO:0015446
11352	UN	11352	GO:0008776
11356	UN	11356	GO:0003954
11364	UN	11364	GO:0008986
11372	UN	11372	GO:0004071
11376	UN	11376	GO:0047920
11384	UN	11384	GO:0047050
11388	UN	11388	GO:0070524
11392	UN	11392	GO:0052659
11396	UN	11396	GO:0047336
11404	UN	11404	GO:0050378
11408	UN	11408	GO:0050258
11412	UN	11412	GO:0003848
11416	UN	11416	GO:0047201
11420	UN	11420	GO:0033784
11424	UN	11424	GO:0016905
11428	UN	11428	GO:0046562
11432	UN	11432	GO:0033801
11436	UN	11436	GO:0004129
11444	UN	11444	GO:0033887
11448	UN	11448	GO:0047007
11452	UN	11452	GO:0050595
11456	UN	11456	GO:0003827
11460	UN	11460	GO:0043843
11464	UN	11464	GO:0047139
11468	UN	11468	GO:0047301
11472	UN	11472	GO:0050131
11480	UN	11480	GO:0018668
11484	UN	11484	GO:0008121
11488	UN	11488	GO:0050252
11492	UN	11492	GO:0048472
11496	UN	11496	GO:0050471
11500	UN	11500	GO:0019143
11504	UN	11504	GO:0047145
11508	UN	11508	GO:0062101
11512	UN	11512	GO:0050274
11516	UN	11516	GO:0004778
11520	UN	11520	GO:0047219
11524	UN	11524	GO:0047787
11528	UN	11528	GO:0008817
11532	UN	11532	GO:0043799
11540	UN	11540	GO:0050123
11544	UN	11544	GO:0003948
11548	UN	11548	GO:0047373
11552	UN	11552	GO:0047378
11556	UN	11556	GO:0047041
11560	UN	11560	GO:0047116
11568	UN	11568	GO:0050003
11576	UN	11576	GO:0004788
11580	UN	11580	GO:0003881
11584	UN	11584	GO:0050157
11588	UN	11588	GO:0047121
11596	UN	11596	GO:0004590
11600	UN	11600	GO:0036430
11604	UN	11604	GO:0050208
11612	UN	11612	GO:0004354
11620	UN	11620	GO:0047460
11624	UN	11624	GO:0050206
11628	UN	11628	GO:0004737
11632	UN	11632	GO:0009000
11636	UN	11636	GO:0047021
11648	UN	11648	GO:0047505
11652	UN	11652	GO:0047360
11660	UN	11660	GO:0000225
11664	UN	11664	GO:0047289
11668	UN	11668	GO:0050521
11672	UN	11672	GO:0046820
11676	UN	11676	GO:0050259
11680	UN	11680	GO:0003922
11688	UN	11688	GO:0004823
11692	UN	11692	GO:0003957
11696	UN	11696	GO:0030793
11708	UN	11708	GO:0003938
11712	UN	11712	GO:0043807
11716	UN	11716	GO:0050152
11720	UN	11720	GO:0047423
11724	UN	11724	GO:0004604
11728	UN	11728	GO:0055041
11736	UN	11736	GO:0045481
11740	UN	11740	GO:0004362
11744	UN	11744	GO:0050333
11748	UN	11748	GO:0033806
11752	UN	11752	GO:0047610
11756	UN	11756	GO:0004077
11764	UN	11764	GO:0050098
11768	UN	11768	GO:0004048
11772	UN	11772	GO:0047028
11776	UN	11776	GO:0045300
11780	UN	11780	GO:0047220
11784	UN	11784	GO:0033735
11788	UN	11788	GO:0033735
11792	UN	11792	GO:0018645
11796	UN	11796	GO:0047875
11800	UN	11800	GO:0000210
11804	UN	11804	GO:0019108
11808	UN	11808	GO:0030752
11812	UN	11812	GO:0018549
11816	UN	11816	GO:0004347
11820	UN	11820	GO:0047286
11824	UN	11824	GO:0003864
11828	UN	11828	GO:0008664
11832	UN	11832	GO:0018505
11836	UN	11836	GO:0003835
11840	UN	11840	GO:0018479
11844	UN	11844	GO:0008861
11848	UN	11848	GO:0033795
11852	UN	11852	GO:0017061
11856	UN	11856	GO:0000824
11860	UN	11860	GO:0008257
11864	UN	11864	GO:0050470
11868	UN	11868	GO:0033709
11872	UN	11872	GO:0047783
11876	UN	11876	GO:0016404
11880	UN	11880	GO:0018531
11884	UN	11884	GO:0047785
11888	UN	11888	GO:0033721
11892	UN	11892	GO:0030781
11896	UN	11896	GO:0047016
11900	UN	11900	GO:0047046
11904	UN	11904	GO:0050228
11908	UN	11908	GO:0047699
11912	UN	11912	GO:0047522
11916	UN	11916	GO:0047522
11920	UN	11920	GO:0008124
11924	UN	11924	GO:0050512
11936	UN	11936	GO:0050350
11940	UN	11940	GO:0047781
11948	UN	11948	GO:0018739
11952	UN	11952	GO:0008903
11956	UN	11956	GO:0050295
11960	UN	11960	GO:0009016
11964	UN	11964	GO:0033963
11968	UN	11968	GO:0050016
11976	UN	11976	GO:0047670
11980	UN	11980	GO:0047135
11984	UN	11984	GO:0050214
11988	UN	11988	GO:0008825
11992	UN	11992	GO:0050031
11996	UN	11996	GO:0047544
12000	UN	12000	GO:0047899
12004	UN	12004	GO:0050507
12008	UN	12008	GO:0004703
12012	UN	12012	GO:0019165
12016	UN	12016	GO:0052577
12020	UN	12020	GO:0004040
12024	UN	12024	GO:0047202
12028	UN	12028	GO:0047771
12032	UN	12032	GO:0050528
12044	UN	12044	GO:0004806
12048	UN	12048	GO:0047569
12052	UN	12052	GO:0045482
12056	UN	12056	GO:0048001
12068	UN	12068	GO:0008897
12072	UN	12072	GO:0033977
12076	UN	12076	GO:0018456
12080	UN	12080	GO:0033818
12084	UN	12084	GO:0050086
12088	UN	12088	GO:0008120
12092	UN	12092	GO:0047604
12096	UN	12096	GO:0033966
12100	UN	12100	GO:0033991
12104	UN	12104	GO:0004799
12112	UN	12112	GO:0030747
12116	UN	12116	GO:0033748
12120	UN	12120	GO:0008878
12124	UN	12124	GO:0047172
12128	UN	12128	GO:0016041
12132	UN	12132	GO:0008551
12136	UN	12136	GO:0008670
12140	UN	12140	GO:0019136
12144	UN	12144	GO:0047214
12160	UN	12160	GO:0008678
12164	UN	12164	GO:0004062
12168	UN	12168	GO:0047655
12172	UN	12172	GO:0004342
12176	UN	12176	GO:0004603
12180	UN	12180	GO:0030774
12184	UN	12184	GO:0047512
12188	UN	12188	GO:0004591
12196	UN	12196	GO:0047905
12200	UN	12200	GO:0033760
12208	UN	12208	GO:0047374
12212	UN	12212	GO:0004090
12216	UN	12216	GO:0004022
12220	UN	12220	GO:0050049
12228	UN	12228	GO:0004066
12232	UN	12232	GO:0030699
12236	UN	12236	GO:0050138
12240	UN	12240	GO:0050641
12248	UN	12248	GO:0008762
12252	UN	12252	GO:0047782
12256	UN	12256	GO:0047794
12260	UN	12260	GO:0042736
12268	UN	12268	GO:0033094
12272	UN	12272	GO:0036468
12276	UN	12276	GO:0008470
12280	UN	12280	GO:0016309
12284	UN	12284	GO:0047369
12288	UN	12288	GO:0004560
12292	UN	12292	GO:0004828
12296	UN	12296	GO:0050557
12300	UN	12300	GO:0016432
12304	UN	12304	GO:0004043
12308	UN	12308	GO:0004043
12312	UN	12312	GO:0018679
12316	UN	12316	GO:0004438
12320	UN	12320	GO:0050615
12324	UN	12324	GO:0047406
12332	UN	12332	GO:0015408
12336	UN	12336	GO:0047772
12340	UN	12340	GO:0008914
12344	UN	12344	GO:0008883
12348	UN	12348	GO:0016159
12356	UN	12356	GO:0004476
12360	UN	12360	GO:0047203
12364	UN	12364	GO:0001512
12368	UN	12368	GO:0047843
12372	UN	12372	GO:0008806
12376	UN	12376	GO:0008737
12380	UN	12380	GO:0047307
12384	UN	12384	GO:0047857
12388	UN	12388	GO:0047957
12396	UN	12396	GO:0033701
12400	UN	12400	GO:0019159
12404	UN	12404	GO:0004461
12408	UN	12408	GO:0050303
12412	UN	12412	GO:0047572
12416	UN	12416	GO:0047698
12420	UN	12420	GO:0009024
12424	UN	12424	GO:0030848
12428	UN	12428	GO:0050625
12432	UN	12432	GO:0047206
12436	UN	12436	GO:0047174
12440	UN	12440	GO:0004754
12444	UN	12444	GO:0047543
12448	UN	12448	GO:0004593
12452	UN	12452	GO:0047325
12456	UN	12456	GO:0047349
12460	UN	12460	GO:0004333
12464	UN	12464	GO:0047216
12472	UN	12472	GO:0043799
12476	UN	12476	GO:0050129
12480	UN	12480	GO:0047665
12484	UN	12484	GO:0008253
12488	UN	12488	GO:0047930
12492	UN	12492	GO:0018111
12508	UN	12508	GO:0030749
12512	UN	12512	GO:0008445
12516	UN	12516	GO:0034005
12524	UN	12524	GO:0047125
12528	UN	12528	GO:0050501
12532	UN	12532	GO:0050524
12536	UN	12536	GO:0047769
12540	UN	12540	GO:0004813
12544	UN	12544	GO:0043802
12548	UN	12548	GO:0010301
12552	UN	12552	GO:0050198
12556	UN	12556	GO:0017057
12560	UN	12560	GO:0050505
12568	UN	12568	GO:0018601
12576	UN	12576	GO:0033823
12580	UN	12580	GO:0050325
12584	UN	12584	GO:0047455
12588	UN	12588	GO:0003947
12593	UN	12593	GO:0008444
12597	UN	12597	GO:0102971
12601	UN	12601	GO:0047536
12605	UN	12605	GO:0008661
12613	UN	12613	GO:0047141
12617	UN	12617	GO:0033858
12621	UN	12621	GO:0047688
12625	UN	12625	GO:0016754
12629	UN	12629	GO:0047998
12633	UN	12633	GO:0018623
12637	UN	12637	GO:0050211
12641	UN	12641	GO:0004617
12645	UN	12645	GO:0043805
12649	UN	12649	GO:0050034
12653	UN	12653	GO:0004471
12657	UN	12657	GO:0008111
12661	UN	12661	GO:0004095
12665	UN	12665	GO:0046353
12669	UN	12669	GO:0004741
12673	UN	12673	GO:0018822
12677	UN	12677	GO:0047098
12681	UN	12681	GO:0047790
12693	UN	12693	GO:0050461
12697	UN	12697	GO:0050316
12701	UN	12701	GO:0008998
12705	UN	12705	GO:0004719
12709	UN	12709	GO:0016303
12713	UN	12713	GO:0050148
12717	UN	12717	GO:0047326
12721	UN	12721	GO:0004766
12725	UN	12725	GO:0047824
12733	UN	12733	GO:0004514
12737	UN	12737	GO:0050002
12741	UN	12741	GO:0047629
12745	UN	12745	GO:0050490
12749	UN	12749	GO:0018798
12753	UN	12753	GO:0047953
12757	UN	12757	GO:0050472
12761	UN	12761	GO:0030789
12765	UN	12765	GO:0019164
12769	UN	12769	GO:0033717
12777	UN	12777	GO:0050227
12785	UN	12785	GO:0004022
12789	UN	12789	GO:0004032
12793	UN	12793	GO:0000832
12797	UN	12797	GO:0047594
12801	UN	12801	GO:0050321
12805	UN	12805	GO:0030782
12809	UN	12809	GO:0047731
12813	UN	12813	GO:0008881
12817	UN	12817	GO:0047706
12821	UN	12821	GO:0004139
12825	UN	12825	GO:0033794
12829	UN	12829	GO:0050096
12833	UN	12833	GO:0047421
12837	UN	12837	GO:0004103
12841	UN	12841	GO:0047300
12845	UN	12845	GO:0008241
12849	UN	12849	GO:0004722
12853	UN	12853	GO:0047792
12857	UN	12857	GO:0050097
12861	UN	12861	GO:0047974
12865	UN	12865	GO:0047518
12869	UN	12869	GO:0050552
12873	UN	12873	GO:0050578
12877	UN	12877	GO:0033752
12881	UN	12881	GO:0033828
12885	UN	12885	GO:0016438
12889	UN	12889	GO:0050104
12893	UN	12893	GO:0050220
12897	UN	12897	GO:0010295
12901	UN	12901	GO:0047817
12905	UN	12905	GO:0008928
12909	UN	12909	GO:0050140
12917	UN	12917	GO:0050422
12921	UN	12921	GO:0003870
12929	UN	12929	GO:0004410
12933	UN	12933	GO:0008738
12937	UN	12937	GO:0047184
12941	UN	12941	GO:0008455
12945	UN	12945	GO:0018740
12949	UN	12949	GO:0047818
12957	UN	12957	GO:0008126
12961	UN	12961	GO:0047371
12965	UN	12965	GO:0047912
12969	UN	12969	GO:0008889
12973	UN	12973	GO:0004017
12977	UN	12977	GO:0050187
12981	UN	12981	GO:0050313
12985	UN	12985	GO:0008424
12989	UN	12989	GO:0047398
12997	UN	12997	GO:0047169
13001	UN	13001	GO:0050533
13005	UN	13005	GO:0030776
13009	UN	13009	GO:0004061
13013	UN	13013	GO:0047276
13017	UN	13017	GO:0004845
13021	UN	13021	GO:0018489
13029	UN	13029	GO:0050122
13033	UN	13033	GO:0050044
13041	UN	13041	GO:0004167
13049	UN	13049	GO:0008880
13053	UN	13053	GO:0047312
13057	UN	13057	GO:0050124
13065	UN	13065	GO:0016887
13069	UN	13069	GO:0004305
13073	UN	13073	GO:0008894
13077	UN	13077	GO:0047328
13081	UN	13081	GO:0047708
13085	UN	13085	GO:0047200
13089	UN	13089	GO:0042279
13093	UN	13093	GO:0003851
13097	UN	13097	GO:0019171
13101	UN	13101	GO:0016153
13105	UN	13105	GO:0047954
13109	UN	13109	GO:0047137
13113	UN	13113	GO:0047137
13117	UN	13117	GO:0047458
13121	UN	13121	GO:0004765
13125	UN	13125	GO:0047140
13129	UN	13129	GO:0050644
13133	UN	13133	GO:0004168
13137	UN	13137	GO:0030796
13141	UN	13141	GO:0047727
13149	UN	13149	GO:0003959
13161	UN	13161	GO:0008743
13169	UN	13169	GO:0050076
13173	UN	13173	GO:0050609
13177	UN	13177	GO:0047441
13181	UN	13181	GO:0015414
13185	UN	13185	GO:0004418
13189	UN	13189	GO:0047714
13193	UN	13193	GO:0034023
13197	UN	13197	GO:0046507
13201	UN	13201	GO:0015068
13205	UN	13205	GO:0051748
13213	UN	13213	GO:0036243
13217	UN	13217	GO:0004777
13221	UN	13221	GO:0004022
13233	UN	13233	GO:0047975
13237	UN	13237	GO:0004360
13241	UN	13241	GO:0050201
13245	UN	13245	GO:0004451
13249	UN	13249	GO:0050574
13253	UN	13253	GO:0052726
13265	UN	13265	GO:0015069
13269	UN	13269	GO:0004348
13273	UN	13273	GO:0047363
13277	UN	13277	GO:0071160
13281	UN	13281	GO:0047015
13285	UN	13285	GO:0004357
13289	UN	13289	GO:0003975
13301	UN	13301	GO:0047195
13305	UN	13305	GO:0050284
13309	UN	13309	GO:0050608
13313	UN	13313	GO:0008115
13317	UN	13317	GO:0050319
13321	UN	13321	GO:0047867
13325	UN	13325	GO:0047004
13329	UN	13329	GO:0047571
13333	UN	13333	GO:0047386
13337	UN	13337	GO:0050389
13345	UN	13345	GO:0004660
13349	UN	13349	GO:0030795
13353	UN	13353	GO:0047356
13357	UN	13357	GO:0047565
13361	UN	13361	GO:0047348
13369	UN	13369	GO:0034009
13377	UN	13377	GO:0050190
13381	UN	13381	GO:0008775
13385	UN	13385	GO:0050410
13389	UN	13389	GO:0004361
13397	UN	13397	GO:0018483
13401	UN	13401	GO:0047885
13405	UN	13405	GO:0047634
13409	UN	13409	GO:0033739
13413	UN	13413	GO:0047628
13417	UN	13417	GO:0050399
13421	UN	13421	GO:0047444
13425	UN	13425	GO:0047405
13429	UN	13429	GO:0050518
13433	UN	13433	GO:0004126
13437	UN	13437	GO:0050412
13441	UN	13441	GO:0034011
13445	UN	13445	GO:0017159
13453	UN	13453	GO:0047894
13457	UN	13457	GO:0003863
13465	UN	13465	GO:0047189
13469	UN	13469	GO:0052620
13473	UN	13473	GO:0050363
13477	UN	13477	GO:0050363
13481	UN	13481	GO:0004825
13485	UN	13485	GO:0047802
13489	UN	13489	GO:0050328
13497	UN	13497	GO:0047590
13501	UN	13501	GO:0004075
13505	UN	13505	GO:0033713
13509	UN	13509	GO:0003977
13513	UN	13513	GO:0004589
13517	UN	13517	GO:0004798
13521	UN	13521	GO:0004458
13525	UN	13525	GO:0018683
13529	UN	13529	GO:0047510
13537	UN	13537	GO:0050504
13545	UN	13545	GO:0097007
13549	UN	13549	GO:0047341
13553	UN	13553	GO:0004335
13557	UN	13557	GO:0004363
13561	UN	13561	GO:0047850
13565	UN	13565	GO:0047355
13573	UN	13573	GO:0047262
13577	UN	13577	GO:0050398
13581	UN	13581	GO:0003976
13585	UN	13585	GO:0047761
13589	UN	13589	GO:0004485
13597	UN	13597	GO:0047854
13601	UN	13601	GO:0016617
13609	UN	13609	GO:0000285
13613	UN	13613	GO:0047334
13617	UN	13617	GO:0008930
13621	UN	13621	GO:0047470
13625	UN	13625	GO:0019139
13629	UN	13629	GO:0018459
13633	UN	13633	GO:0034024
13637	UN	13637	GO:0015049
13641	UN	13641	GO:0015049
13653	UN	13653	GO:0050053
13657	UN	13657	GO:0047778
13661	UN	13661	GO:0050414
13665	UN	13665	GO:0004383
13669	UN	13669	GO:0047431
13673	UN	13673	GO:0008773
13677	UN	13677	GO:0004750
13681	UN	13681	GO:0003886
13685	UN	13685	GO:0050614
13689	UN	13689	GO:0047331
13693	UN	13693	GO:0047147
13697	UN	13697	GO:0004747
13701	UN	13701	GO:0004414
13705	UN	13705	GO:0047222
13713	UN	13713	GO:0008177
13717	UN	13717	GO:0030604
13721	UN	13721	GO:0050293
13725	UN	13725	GO:0019134
13729	UN	13729	GO:0034012
13737	UN	13737	GO:0035798
13741	UN	13741	GO:0047299
13749	UN	13749	GO:0046899
13753	UN	13753	GO:0016040
13757	UN	13757	GO:0047251
13761	UN	13761	GO:0030732
13765	UN	13765	GO:0047651
13769	UN	13769	GO:0008888
13773	UN	13773	GO:0047052
13777	UN	13777	GO:0050260
13781	UN	13781	GO:0001716
13785	UN	13785	GO:0050011
13793	UN	13793	GO:0047548
13797	UN	13797	GO:0047873
13801	UN	13801	GO:0004783
13805	UN	13805	GO:0003865
13809	UN	13809	GO:0047691
13813	UN	13813	GO:0018619
13821	UN	13821	GO:0106343
13829	UN	13829	GO:0004090
13833	UN	13833	GO:0047635
13837	UN	13837	GO:0018517
13841	UN	13841	GO:0047852
13845	UN	13845	GO:0047858
13849	UN	13849	GO:0008790
13853	UN	13853	GO:0047581
13857	UN	13857	GO:0047397
13861	UN	13861	GO:0047838
13865	UN	13865	GO:0004578
13869	UN	13869	GO:0008977
13873	UN	13873	GO:0050554
13877	UN	13877	GO:0004587
13881	UN	13881	GO:0047113
13885	UN	13885	GO:0050296
13889	UN	13889	GO:0047884
13893	UN	13893	GO:0047710
13897	UN	13897	GO:0004106
13905	UN	13905	GO:0047256
13909	UN	13909	GO:0050384
13913	UN	13913	GO:0018114
13917	UN	13917	GO:0047504
13925	UN	13925	GO:0008780
13929	UN	13929	GO:0008783
13933	UN	13933	GO:0047376
13937	UN	13937	GO:0018621
13941	UN	13941	GO:0050354
13945	UN	13945	GO:0018838
13949	UN	13949	GO:0015046
13953	UN	13953	GO:0051499
13957	UN	13957	GO:0033755
13961	UN	13961	GO:0016851
13965	UN	13965	GO:0047804
13973	UN	13973	GO:0009678
13977	UN	13977	GO:0008721
13985	UN	13985	GO:0004413
13989	UN	13989	GO:0008108
13993	UN	13993	GO:0047298
14001	UN	14001	GO:0047963
14005	UN	14005	GO:0004123
14009	UN	14009	GO:0033849
14013	UN	14013	GO:0047704
14017	UN	14017	GO:0050262
14021	UN	14021	GO:0004501
14025	UN	14025	GO:0050279
14029	UN	14029	GO:0033797
14033	UN	14033	GO:0047394
14037	UN	14037	GO:0047787
14041	UN	14041	GO:0050392
14045	UN	14045	GO:0008807
14049	UN	14049	GO:0050604
14053	UN	14053	GO:0008676
14057	UN	14057	GO:0046027
14061	UN	14061	GO:0050305
14065	UN	14065	GO:0050114
14069	UN	14069	GO:0047903
14073	UN	14073	GO:0047990
14077	UN	14077	GO:0016223
14081	UN	14081	GO:0033984
14089	UN	14089	GO:0047958
14093	UN	14093	GO:0050362
14097	UN	14097	GO:0047319
14101	UN	14101	GO:0019135
14109	UN	14109	GO:0004735
14113	UN	14113	GO:0046403
14117	UN	14117	GO:0047911
14121	UN	14121	GO:0010420
14125	UN	14125	GO:0047234
14129	UN	14129	GO:0047013
14133	UN	14133	GO:0050594
14137	UN	14137	GO:0050226
14141	UN	14141	GO:0033741
14145	UN	14145	GO:0047973
14149	UN	14149	GO:0047246
14153	UN	14153	GO:0047261
14157	UN	14157	GO:0050355
14161	UN	14161	GO:0010308
14165	UN	14165	GO:0017188
14169	UN	14169	GO:0047948
14173	UN	14173	GO:0050364
14177	UN	14177	GO:0047668
14181	UN	14181	GO:0050353
14185	UN	14185	GO:0050177
14189	UN	14189	GO:0033754
14193	UN	14193	GO:0047563
14197	UN	14197	GO:0047478
14201	UN	14201	GO:0047828
14205	UN	14205	GO:0030735
14209	UN	14209	GO:0017103
14213	UN	14213	GO:0008662
14217	UN	14217	GO:0008113
14221	UN	14221	GO:0050106
14225	UN	14225	GO:0018463
14229	UN	14229	GO:0033738
14233	UN	14233	GO:0047144
14237	UN	14237	GO:0033775
14241	UN	14241	GO:0004060
14245	UN	14245	GO:0047693
14253	UN	14253	GO:0008893
14257	UN	14257	GO:0017083
14261	UN	14261	GO:0047171
14265	UN	14265	GO:0042286
14269	UN	14269	GO:0003960
14273	UN	14273	GO:0050289
14277	UN	14277	GO:0008911
14281	UN	14281	GO:0050310
14285	UN	14285	GO:0047221
14289	UN	14289	GO:0047851
14293	UN	14293	GO:0047934
14297	UN	14297	GO:0004336
14301	UN	14301	GO:0047585
14305	UN	14305	GO:0004827
14313	UN	14313	GO:0030737
14325	UN	14325	GO:0047208
14329	UN	14329	GO:0004648
14333	UN	14333	GO:0047396
14337	UN	14337	GO:0047368
14341	UN	14341	GO:0050439
14345	UN	14345	GO:0004837
14349	UN	14349	GO:0004381
14353	UN	14353	GO:0033982
14357	UN	14357	GO:0008531
14365	UN	14365	GO:0050386
14369	UN	14369	GO:0008967
14377	UN	14377	GO:0047562
14381	UN	14381	GO:0047107
14385	UN	14385	GO:0047874
14389	UN	14389	GO:0008532
14397	UN	14397	GO:0018800
14401	UN	14401	GO:0047743
14405	UN	14405	GO:0047935
14409	UN	14409	GO:0047800
14413	UN	14413	GO:0018583
14417	UN	14417	GO:0004468
14421	UN	14421	GO:0047415
14425	UN	14425	GO:0016308
14429	UN	14429	GO:0015421
14433	UN	14433	GO:0004810
14437	UN	14437	GO:0050029
14441	UN	14441	GO:0046353
14445	UN	14445	GO:0004630
14449	UN	14449	GO:0033728
14457	UN	14457	GO:0050442
14461	UN	14461	GO:0047249
14465	UN	14465	GO:0004401
14469	UN	14469	GO:0047102
14473	UN	14473	GO:0102758
14477	UN	14477	GO:0070991
14481	UN	14481	GO:0043716
14489	UN	14489	GO:0004113
14493	UN	14493	GO:0003875
14497	UN	14497	GO:0050238
14501	UN	14501	GO:0047982
14505	UN	14505	GO:0050337
14509	UN	14509	GO:0033761
14513	UN	14513	GO:0050566
14521	UN	14521	GO:0047924
14525	UN	14525	GO:0050448
14529	UN	14529	GO:0047345
14533	UN	14533	GO:0047789
14537	UN	14537	GO:0050239
14541	UN	14541	GO:0033882
14545	UN	14545	GO:0008936
14549	UN	14549	GO:0018775
14553	UN	14553	GO:0047740
14557	UN	14557	GO:0050247
14561	UN	14561	GO:0050199
14565	UN	14565	GO:0004315
14569	UN	14569	GO:0050215
14573	UN	14573	GO:0008872
14581	UN	14581	GO:0016656
14589	UN	14589	GO:0102822
14597	UN	14597	GO:0050520
14601	UN	14601	GO:0050067
14605	UN	14605	GO:0047260
14609	UN	14609	GO:0032115
14613	UN	14613	GO:0015411
14617	UN	14617	GO:0050452
14621	UN	14621	GO:0000250
14625	UN	14625	GO:0050103
14629	UN	14629	GO:0003991
14637	UN	14637	GO:0033870
14653	UN	14653	GO:0004114
14657	UN	14657	GO:0004751
14665	UN	14665	GO:0008892
14669	UN	14669	GO:0008886
14673	UN	14673	GO:0015426
14685	UN	14685	GO:0047645
14689	UN	14689	GO:0018622
14693	UN	14693	GO:0004166
14697	UN	14697	GO:0047886
14705	UN	14705	GO:0050451
14709	UN	14709	GO:0004769
14713	UN	14713	GO:0050288
14717	UN	14717	GO:0003849
14721	UN	14721	GO:0050404
14725	UN	14725	GO:0008817
14729	UN	14729	GO:0004332
14733	UN	14733	GO:0015445
14737	UN	14737	GO:0047805
14741	UN	14741	GO:0047582
14749	UN	14749	GO:0018582
14753	UN	14753	GO:0004508
14761	UN	14761	GO:0004758
14765	UN	14765	GO:0050248
14769	UN	14769	GO:0018535
14773	UN	14773	GO:0050631
14777	UN	14777	GO:0003876
14781	UN	14781	GO:0042410
14785	UN	14785	GO:0050265
14789	UN	14789	GO:0017176
14793	UN	14793	GO:0047550
14797	UN	14797	GO:0008673
14801	UN	14801	GO:0004618
14805	UN	14805	GO:0008787
14809	UN	14809	GO:0030736
14813	UN	14813	GO:0047463
14817	UN	14817	GO:0016034
14821	UN	14821	GO:0008733
14825	UN	14825	GO:0033702
14829	UN	14829	GO:0004124
14833	UN	14833	GO:0140643
14837	UN	14837	GO:0047969
14841	UN	14841	GO:0009905
14849	UN	14849	GO:0047660
14853	UN	14853	GO:0018787
14857	UN	14857	GO:0047721
14861	UN	14861	GO:0050158
14865	UN	14865	GO:0030738
14873	UN	14873	GO:0047018
14877	UN	14877	GO:0004349
14881	UN	14881	GO:0050445
14885	UN	14885	GO:0003875
14889	UN	14889	GO:0034016
14893	UN	14893	GO:0047831
14901	UN	14901	GO:0050449
14905	UN	14905	GO:0004044
14909	UN	14909	GO:0047939
14913	UN	14913	GO:0047667
14917	UN	14917	GO:0008398
14921	UN	14921	GO:0047215
14925	UN	14925	GO:0050088
14929	UN	14929	GO:0047035
14937	UN	14937	GO:0052662
14945	UN	14945	GO:0046509
14949	UN	14949	GO:0047123
14961	UN	14961	GO:0018738
14965	UN	14965	GO:0003998
14969	UN	14969	GO:0030798
14973	UN	14973	GO:0047689
14977	UN	14977	GO:0047768
14981	UN	14981	GO:0047045
14985	UN	14985	GO:0047677
14993	UN	14993	GO:0004312
14997	UN	14997	GO:0047845
15001	UN	15001	GO:0050287
15005	UN	15005	GO:0045543
15009	UN	15009	GO:0004146
15013	UN	15013	GO:0016844
15021	UN	15021	GO:0047205
15029	UN	15029	GO:0046029
15033	UN	15033	GO:0050237
15037	UN	15037	GO:0030750
15041	UN	15041	GO:0047853
15045	UN	15045	GO:0004148
15049	UN	15049	GO:0047917
15053	UN	15053	GO:0004644
15057	UN	15057	GO:0016297
15061	UN	15061	GO:0140618
15065	UN	15065	GO:0047618
15073	UN	15073	GO:0047404
15077	UN	15077	GO:0050167
15081	UN	15081	GO:0043758
15085	UN	15085	GO:0008456
15089	UN	15089	GO:0047809
15093	UN	15093	GO:0004838
15097	UN	15097	GO:0030409
15101	UN	15101	GO:0008836
15105	UN	15105	GO:0033803
15109	UN	15109	GO:0047000
15113	UN	15113	GO:0033963
15117	UN	15117	GO:0046917
15121	UN	15121	GO:0047362
15125	UN	15125	GO:0015019
15129	UN	15129	GO:0018674
15133	UN	15133	GO:0004352
15137	UN	15137	GO:0008868
15141	UN	15141	GO:0018695
15145	UN	15145	GO:0047471
15149	UN	15149	GO:0004733
15153	UN	15153	GO:0047250
15157	UN	15157	GO:0018665
15161	UN	15161	GO:0018665
15165	UN	15165	GO:0043799
15169	UN	15169	GO:0009017
15173	UN	15173	GO:0050137
15177	UN	15177	GO:0004622
15181	UN	15181	GO:0015607
15185	UN	15185	GO:0008791
15189	UN	15189	GO:0047111
15193	UN	15193	GO:0008832
15197	UN	15197	GO:0009007
15201	UN	15201	GO:0030773
15205	UN	15205	GO:0047430
15209	UN	15209	GO:0009027
15213	UN	15213	GO:0004149
15217	UN	15217	GO:0004173
15221	UN	15221	GO:0008715
15225	UN	15225	GO:0008879
15229	UN	15229	GO:0004475
15233	UN	15233	GO:0050421
15237	UN	15237	GO:0015047
15241	UN	15241	GO:0050597
15245	UN	15245	GO:0047372
15249	UN	15249	GO:0047913
15253	UN	15253	GO:0047613
15257	UN	15257	GO:0043876
15261	UN	15261	GO:0008397
15265	UN	15265	GO:0033856
15273	UN	15273	GO:0047309
15277	UN	15277	GO:0019799
15281	UN	15281	GO:0047750
15285	UN	15285	GO:0009824
15289	UN	15289	GO:0047517
15297	UN	15297	GO:0046525
15301	UN	15301	GO:0047674
15305	UN	15305	GO:0008802
15309	UN	15309	GO:0050620
15313	UN	15313	GO:0008851
15317	UN	15317	GO:0047539
15321	UN	15321	GO:0047082
15325	UN	15325	GO:0004366
15337	UN	15337	GO:0033880
15341	UN	15341	GO:0051116
15345	UN	15345	GO:0050367
15349	UN	15349	GO:0004358
15361	UN	15361	GO:0047283
15369	UN	15369	GO:0047072
15373	UN	15373	GO:0030778
15377	UN	15377	GO:0071518
15381	UN	15381	GO:0008127
15385	UN	15385	GO:0047558
15389	UN	15389	GO:0004016
15393	UN	15393	GO:0008837
15397	UN	15397	GO:0018834
15401	UN	15401	GO:0004581
15409	UN	15409	GO:0047177
15413	UN	15413	GO:0008730
15417	UN	15417	GO:0033730
15421	UN	15421	GO:0004467
15425	UN	15425	GO:0051989
15437	UN	15437	GO:0050062
15445	UN	15445	GO:0047766
15449	UN	15449	GO:0004411
15453	UN	15453	GO:0052730
15457	UN	15457	GO:0018504
15461	UN	15461	GO:0008467
15465	UN	15465	GO:0008481
15469	UN	15469	GO:0003949
15473	UN	15473	GO:0033835
15477	UN	15477	GO:0033874
15481	UN	15481	GO:0004372
15485	UN	15485	GO:0004409
15489	UN	15489	GO:0033716
15497	UN	15497	GO:0047311
15501	UN	15501	GO:0004355
15505	UN	15505	GO:0043718
15509	UN	15509	GO:0003830
15513	UN	15513	GO:0050317
15517	UN	15517	GO:0047871
15521	UN	15521	GO:0004379
15529	UN	15529	GO:0047709
15533	UN	15533	GO:0102443
15541	UN	15541	GO:0047254
15545	UN	15545	GO:0047776
15549	UN	15549	GO:0046570
15553	UN	15553	GO:0004441
15557	UN	15557	GO:0015413
15561	UN	15561	GO:0047146
15565	UN	15565	GO:0004046
15573	UN	15573	GO:0017096
15577	UN	15577	GO:0045437
15581	UN	15581	GO:0047164
15589	UN	15589	GO:0047320
15601	UN	15601	GO:0043785
15605	UN	15605	GO:0050283
15609	UN	15609	GO:0004749
15613	UN	15613	GO:0043115
15617	UN	15617	GO:0047726
15621	UN	15621	GO:0016263
15629	UN	15629	GO:0004507
15633	UN	15633	GO:0008687
15641	UN	15641	GO:0008948
15645	UN	15645	GO:0050142
15653	UN	15653	GO:0003873
15657	UN	15657	GO:0018521
15661	UN	15661	GO:0047183
15669	UN	15669	GO:0046404
15673	UN	15673	GO:0047603
15677	UN	15677	GO:0047588
15681	UN	15681	GO:0018480
15689	UN	15689	GO:0033983
15705	UN	15705	GO:0033789
15709	UN	15709	GO:0033834
15713	UN	15713	GO:0008870
15721	UN	15721	GO:0047960
15725	UN	15725	GO:0033992
15729	UN	15729	GO:0008866
15733	UN	15733	GO:0033791
15737	UN	15737	GO:0047799
15741	UN	15741	GO:0018502
15745	UN	15745	GO:0047725
15749	UN	15749	GO:0033720
15753	UN	15753	GO:0004019
15757	UN	15757	GO:0004022
15761	UN	15761	GO:0004412
15765	UN	15765	GO:0043752
15769	UN	15769	GO:0043752
15773	UN	15773	GO:0004371
15777	UN	15777	GO:0047383
15781	UN	15781	GO:0050368
15789	UN	15789	GO:0050037
15793	UN	15793	GO:0106277
15797	UN	15797	GO:0106276
15801	UN	15801	GO:0004623
15805	UN	15805	GO:0004141
15809	UN	15809	GO:0034008
15813	UN	15813	GO:0047716
15817	UN	15817	GO:0004733
15821	UN	15821	GO:0050622
15829	UN	15829	GO:0047524
15833	UN	15833	GO:0047579
15837	UN	15837	GO:0047148
15841	UN	15841	GO:0004345
15845	UN	15845	GO:0047265
15853	UN	15853	GO:0047006
15857	UN	15857	GO:0047006
15861	UN	15861	GO:0047630
15865	UN	15865	GO:0140382
15869	UN	15869	GO:0047810
15873	UN	15873	GO:0033840
15877	UN	15877	GO:0019163
15881	UN	15881	GO:0106310
15885	UN	15885	GO:0050039
15889	UN	15889	GO:0004359
15893	UN	15893	GO:0016852
15897	UN	15897	GO:0047573
15901	UN	15901	GO:0004619
15905	UN	15905	GO:0047564
15909	UN	15909	GO:0000908
15913	UN	15913	GO:0009030
15917	UN	15917	GO:0047640
15921	UN	15921	GO:0046480
15925	UN	15925	GO:0047855
15929	UN	15929	GO:0047424
15933	UN	15933	GO:0052661
15937	UN	15937	GO:0008106
15941	UN	15941	GO:0008777
15949	UN	15949	GO:0047049
15953	UN	15953	GO:0047633
15957	UN	15957	GO:0008789
15961	UN	15961	GO:0047239
15965	UN	15965	GO:0047391
15969	UN	15969	GO:0050610
15973	UN	15973	GO:0004304
15977	UN	15977	GO:0050419
15981	UN	15981	GO:0004014
15985	UN	15985	GO:0008863
15989	UN	15989	GO:0004420
16001	UN	16001	GO:0062154
16005	UN	16005	GO:0008867
16009	UN	16009	GO:0047900
16013	UN	16013	GO:0004820
16021	UN	16021	GO:0050163
16025	UN	16025	GO:0033809
16029	UN	16029	GO:0047972
16037	UN	16037	GO:0009032
16041	UN	16041	GO:0047515
16045	UN	16045	GO:0008499
16049	UN	16049	GO:0051073
16053	UN	16053	GO:0047244
16057	UN	16057	GO:0008454
16061	UN	16061	GO:0047389
16065	UN	16065	GO:0048244
16069	UN	16069	GO:0004126
16073	UN	16073	GO:0047432
16081	UN	16081	GO:0047382
16085	UN	16085	GO:0047480
16089	UN	16089	GO:0052732
16097	UN	16097	GO:0018773
16101	UN	16101	GO:0047756
16105	UN	16105	GO:0018812
16109	UN	16109	GO:0003872
16113	UN	16113	GO:0033787
16117	UN	16117	GO:0030729
16121	UN	16121	GO:0004157
16125	UN	16125	GO:0008865
16129	UN	16129	GO:0050236
16137	UN	16137	GO:0033707
16141	UN	16141	GO:0033707
16145	UN	16145	GO:0030338
16149	UN	16149	GO:0047280
16153	UN	16153	GO:0008131
16157	UN	16157	GO:0015043
16161	UN	16161	GO:0015043
16165	UN	16165	GO:0050361
16169	UN	16169	GO:0004356
16173	UN	16173	GO:0050474
16177	UN	16177	GO:0001758
16181	UN	16181	GO:0030757
16185	UN	16185	GO:0004029
16189	UN	16189	GO:0003868
16197	UN	16197	GO:0008691
16201	UN	16201	GO:0008696
16209	UN	16209	GO:0043778
16213	UN	16213	GO:0050508
16217	UN	16217	GO:0050021
16221	UN	16221	GO:0001888
16225	UN	16225	GO:0019874
16229	UN	16229	GO:0004605
16233	UN	16233	GO:0008677
16237	UN	16237	GO:0003755
16241	UN	16241	GO:0016157
16245	UN	16245	GO:0047166
16249	UN	16249	GO:0047938
16253	UN	16253	GO:0018507
16257	UN	16257	GO:0033832
16265	UN	16265	GO:0047083
16269	UN	16269	GO:0050446
16273	UN	16273	GO:0047493
16277	UN	16277	GO:0050302
16281	UN	16281	GO:0047333
16285	UN	16285	GO:0047830
16289	UN	16289	GO:0047877
16297	UN	16297	GO:0047024
16305	UN	16305	GO:0047994
16309	UN	16309	GO:0047742
16313	UN	16313	GO:0047377
16317	UN	16317	GO:0004022
16321	UN	16321	GO:0004090
16325	UN	16325	GO:0047350
16329	UN	16329	GO:0102672
16333	UN	16333	GO:0050519
16337	UN	16337	GO:0016711
16341	UN	16341	GO:0004631
16349	UN	16349	GO:0047143
16353	UN	16353	GO:0050322
16357	UN	16357	GO:0000104
16361	UN	16361	GO:0047534
16365	UN	16365	GO:0050318
16369	UN	16369	GO:0008720
16373	UN	16373	GO:0004594
16377	UN	16377	GO:0050619
16381	UN	16381	GO:0050019
16393	UN	16393	GO:0004453
16397	UN	16397	GO:0047937
16405	UN	16405	GO:0047027
16409	UN	16409	GO:0050624
16421	UN	16421	GO:0033726
16425	UN	16425	GO:0018467
16429	UN	16429	GO:0008764
16437	UN	16437	GO:0004364
16441	UN	16441	GO:0050568
16445	UN	16445	GO:0033987
16449	UN	16449	GO:0047663
16453	UN	16453	GO:0018803
16465	UN	16465	GO:0047051
16469	UN	16469	GO:0033877
16473	UN	16473	GO:0047796
16481	UN	16481	GO:0030410
16485	UN	16485	GO:0047483
16489	UN	16489	GO:0050224
16493	UN	16493	GO:0047393
16497	UN	16497	GO:0052907
16501	UN	16501	GO:0047395
16505	UN	16505	GO:0008813
16509	UN	16509	GO:0046564
16513	UN	16513	GO:0050040
16517	UN	16517	GO:0019147
16521	UN	16521	GO:0008860
16525	UN	16525	GO:0008671
16529	UN	16529	GO:0004780
16533	UN	16533	GO:0016262
16537	UN	16537	GO:0033885
16545	UN	16545	GO:0033608
16557	UN	16557	GO:0001760
16565	UN	16565	GO:0008110
16569	UN	16569	GO:0008475
16577	UN	16577	GO:0003877
16581	UN	16581	GO:0004130
16585	UN	16585	GO:0016992
16589	UN	16589	GO:0033757
16593	UN	16593	GO:0030761
16601	UN	16601	GO:0008797
16605	UN	16605	GO:0050457
16609	UN	16609	GO:0003999
16613	UN	16613	GO:0004060
16617	UN	16617	GO:0050045
16621	UN	16621	GO:0047132
16625	UN	16625	GO:0047986
16629	UN	16629	GO:0050083
16633	UN	16633	GO:0008479
16637	UN	16637	GO:0004100
16641	UN	16641	GO:0030339
16645	UN	16645	GO:0052816
16649	UN	16649	GO:0050593
16653	UN	16653	GO:0008873
16657	UN	16657	GO:0047724
16661	UN	16661	GO:0033846
16665	UN	16665	GO:0047977
16669	UN	16669	GO:0004854
16673	UN	16673	GO:0033978
16677	UN	16677	GO:0033723
16685	UN	16685	GO:0047872
16689	UN	16689	GO:0004346
16693	UN	16693	GO:0018851
16697	UN	16697	GO:0047122
16701	UN	16701	GO:0047881
16705	UN	16705	GO:0047881
16709	UN	16709	GO:0004510
16713	UN	16713	GO:0050273
16721	UN	16721	GO:0030268
16725	UN	16725	GO:0008962
16729	UN	16729	GO:0047115
16733	UN	16733	GO:0050159
16737	UN	16737	GO:0018624
16741	UN	16741	GO:0003846
16745	UN	16745	GO:0047097
16749	UN	16749	GO:0047400
16757	UN	16757	GO:0015042
16765	UN	16765	GO:0050085
16769	UN	16769	GO:0047933
16773	UN	16773	GO:0047915
16777	UN	16777	GO:0008556
16781	UN	16781	GO:0047617
16789	UN	16789	GO:0003973
16793	UN	16793	GO:0004633
16801	UN	16801	GO:0008476
16805	UN	16805	GO:0045442
16809	UN	16809	GO:0046421
16813	UN	16813	GO:0030429
16817	UN	16817	GO:0004090
16821	UN	16821	GO:0004022
16825	UN	16825	GO:0004849
16829	UN	16829	GO:0004031
16833	UN	16833	GO:0004602
16837	UN	16837	GO:0047586
16841	UN	16841	GO:0030788
16845	UN	16845	GO:0036440
16853	UN	16853	GO:0004018
16857	UN	16857	GO:0015667
16861	UN	16861	GO:0004015
16865	UN	16865	GO:0033814
16869	UN	16869	GO:0050473
16873	UN	16873	GO:0047151
16877	UN	16877	GO:0004782
16881	UN	16881	GO:0004792
16885	UN	16885	GO:0047278
16889	UN	16889	GO:0047317
16893	UN	16893	GO:0030760
16897	UN	16897	GO:0047197
16901	UN	16901	GO:0033816
16909	UN	16909	GO:0047959
16913	UN	16913	GO:0003882
16917	UN	16917	GO:0018663
16921	UN	16921	GO:0030144
16925	UN	16925	GO:0042409
16929	UN	16929	GO:0050156
16933	UN	16933	GO:0008660
16937	UN	16937	GO:0047649
16941	UN	16941	GO:0047608
16945	UN	16945	GO:0004047
16949	UN	16949	GO:0050112
16953	UN	16953	GO:0043825
16957	UN	16957	GO:0047555
16961	UN	16961	GO:0061929
16965	UN	16965	GO:0050551
16969	UN	16969	GO:0008830
16973	UN	16973	GO:0047546
16977	UN	16977	GO:0050628
16989	UN	16989	GO:0016158
16997	UN	16997	GO:0033873
17001	UN	17001	GO:0033972
17005	UN	17005	GO:0047940
17009	UN	17009	GO:0008756
17013	UN	17013	GO:0050188
17017	UN	17017	GO:0004742
17021	UN	17021	GO:0047304
17025	UN	17025	GO:0050038
17029	UN	17029	GO:0004038
17033	UN	17033	GO:0018509
17037	UN	17037	GO:0047019
17041	UN	17041	GO:0047627
17049	UN	17049	GO:0061542
17053	UN	17053	GO:0004801
17057	UN	17057	GO:0047175
17061	UN	17061	GO:0018662
17065	UN	17065	GO:0004496
17073	UN	17073	GO:0047784
17077	UN	17077	GO:0047866
17081	UN	17081	GO:0050630
17085	UN	17085	GO:0047645
17089	UN	17089	GO:0008675
17093	UN	17093	GO:0004436
17097	UN	17097	GO:0050178
17101	UN	17101	GO:0047619
17105	UN	17105	GO:0102130
17113	UN	17113	GO:0047387
17117	UN	17117	GO:0047943
17121	UN	17121	GO:0050068
17125	UN	17125	GO:0050406
17129	UN	17129	GO:0004642
17133	UN	17133	GO:0050369
17137	UN	17137	GO:0004796
17141	UN	17141	GO:0047303
17145	UN	17145	GO:0047525
17149	UN	17149	GO:0016712
17153	UN	17153	GO:0047733
17157	UN	17157	GO:0004111
17161	UN	17161	GO:0018774
17165	UN	17165	GO:0047342
17173	UN	17173	GO:0008884
17177	UN	17177	GO:0008458
17181	UN	17181	GO:0047646
17185	UN	17185	GO:0003920
17193	UN	17193	GO:0016316
17197	UN	17197	GO:0018490
17201	UN	17201	GO:0047449
17205	UN	17205	GO:0047366
17209	UN	17209	GO:0043792
17213	UN	17213	GO:0008761
17221	UN	17221	GO:0008460
17225	UN	17225	GO:0047595
17229	UN	17229	GO:0004026
17233	UN	17233	GO:0008736
17237	UN	17237	GO:0003919
17241	UN	17241	GO:0047658
17245	UN	17245	GO:0047561
17257	UN	17257	GO:0050596
17261	UN	17261	GO:0004065
17265	UN	17265	GO:0047614
17269	UN	17269	GO:0030769
17273	UN	17273	GO:0047106
17277	UN	17277	GO:0004456
17281	UN	17281	GO:0033990
17289	UN	17289	GO:0004331
17293	UN	17293	GO:0043818
17297	UN	17297	GO:0047553
17301	UN	17301	GO:0047323
17305	UN	17305	GO:0016403
17309	UN	17309	GO:0004064
17313	UN	17313	GO:0004821
17317	UN	17317	GO:0046408
17321	UN	17321	GO:0030772
17325	UN	17325	GO:0008666
17329	UN	17329	GO:0047500
17333	UN	17333	GO:0050447
17337	UN	17337	GO:0018577
17341	UN	17341	GO:0000140
17345	UN	17345	GO:0047511
17357	UN	17357	GO:0016972
17361	UN	17361	GO:0033970
17365	UN	17365	GO:0015410
17369	UN	17369	GO:0047967
17373	UN	17373	GO:0052727
17381	UN	17381	GO:0050058
17389	UN	17389	GO:0047038
17393	UN	17393	GO:0050077
17397	UN	17397	GO:0004316
17401	UN	17401	GO:0047584
17405	UN	17405	GO:0030771
17409	UN	17409	GO:0030794
17413	UN	17413	GO:0008109
17417	UN	17417	GO:0045127
17425	UN	17425	GO:0050243
17429	UN	17429	GO:0047030
17433	UN	17433	GO:0008812
17437	UN	17437	GO:0018852
17441	UN	17441	GO:0047801
17445	UN	17445	GO:0008901
17453	UN	17453	GO:0004637
17461	UN	17461	GO:0050278
17465	UN	17465	GO:0030596
17469	UN	17469	GO:0047173
17473	UN	17473	GO:0003934
17477	UN	17477	GO:0046025
17485	UN	17485	GO:0004051
17489	UN	17489	GO:0018620
17493	UN	17493	GO:0047955
17497	UN	17497	GO:0050004
17501	UN	17501	GO:0050529
17505	UN	17505	GO:0047412
17509	UN	17509	GO:0050334
17517	UN	17517	GO:0008421
17521	UN	17521	GO:0050567
17525	UN	17525	GO:0018750
17533	UN	17533	GO:0008793
17537	UN	17537	GO:0047773
17541	UN	17541	GO:0047682
17545	UN	17545	GO:0032542
17549	UN	17549	GO:0004481
17553	UN	17553	GO:0050154
17557	UN	17557	GO:0047673
17561	UN	17561	GO:0003990
17565	UN	17565	GO:0030741
17569	UN	17569	GO:0047128
17573	UN	17573	GO:0030770
17577	UN	17577	GO:0008712
17581	UN	17581	GO:0050538
17589	UN	17589	GO:0047636
17593	UN	17593	GO:0047316
17597	UN	17597	GO:0050087
17601	UN	17601	GO:0019150
17605	UN	17605	GO:0004835
17617	UN	17617	GO:0004464
17621	UN	17621	GO:0047775
17625	UN	17625	GO:0047827
17633	UN	17633	GO:0004566
17637	UN	17637	GO:0051007
17641	UN	17641	GO:0008792
17653	UN	17653	GO:0004311
17657	UN	17657	GO:0016287
17661	UN	17661	GO:0004775
17665	UN	17665	GO:0033819
17669	UN	17669	GO:0050091
17673	UN	17673	GO:0030755
17677	UN	17677	GO:0047414
17681	UN	17681	GO:0008442
17685	UN	17685	GO:0050382
17689	UN	17689	GO:0033876
17697	UN	17697	GO:0050332
17701	UN	17701	GO:0047925
17709	UN	17709	GO:0008412
17713	UN	17713	GO:0047055
17717	UN	17717	GO:0000823
17721	UN	17721	GO:0004466
17725	UN	17725	GO:0047547
17729	UN	17729	GO:0034736
17733	UN	17733	GO:0050476
17737	UN	17737	GO:0004764
17741	UN	17741	GO:0052734
17745	UN	17745	GO:0003945
17749	UN	17749	GO:0018523
17753	UN	17753	GO:0043768
17757	UN	17757	GO:0050095
17761	UN	17761	GO:0047681
17765	UN	17765	GO:0004082
17769	UN	17769	GO:0019133
17773	UN	17773	GO:0004817
17777	UN	17777	GO:0003847
17781	UN	17781	GO:0008463
17785	UN	17785	GO:0004351
17789	UN	17789	GO:0030784
17793	UN	17793	GO:0106105
17797	UN	17797	GO:0016761
17801	UN	17801	GO:0050176
17805	UN	17805	GO:0008782
17809	UN	17809	GO:0046406
17813	UN	17813	GO:0009026
17817	UN	17817	GO:0103118
17821	UN	17821	GO:0050017
17825	UN	17825	GO:0004340
17833	UN	17833	GO:0030767
17837	UN	17837	GO:0047538
17841	UN	17841	GO:0033830
17845	UN	17845	GO:0008703
17849	UN	17849	GO:0120092
17853	UN	17853	GO:0050035
17857	UN	17857	GO:0033780
17861	UN	17861	GO:0004110
17865	UN	17865	GO:0004155
17869	UN	17869	GO:0004155
17873	UN	17873	GO:0015420
17877	UN	17877	GO:0016206
17881	UN	17881	GO:0016250
17885	UN	17885	GO:0018818
17889	UN	17889	GO:0050459
17897	UN	17897	GO:0018693
17905	UN	17905	GO:0008465
17909	UN	17909	GO:0050041
17913	UN	17913	GO:0009703
17917	UN	17917	GO:0016756
17921	UN	17921	GO:0047813
17925	UN	17925	GO:0050022
17929	UN	17929	GO:0001729
17933	UN	17933	GO:0033800
17937	UN	17937	GO:0008929
17941	UN	17941	GO:0047456
17945	UN	17945	GO:0018675
17949	UN	17949	GO:0047078
17953	UN	17953	GO:0000334
17957	UN	17957	GO:0050079
17961	UN	17961	GO:0004051
17969	UN	17969	GO:0047482
17973	UN	17973	GO:0004422
17977	UN	17977	GO:0050060
17985	UN	17985	GO:0047105
17989	UN	17989	GO:0106310
17993	UN	17993	GO:0047983
17997	UN	17997	GO:0043781
18001	UN	18001	GO:0050185
18005	UN	18005	GO:0047880
18009	UN	18009	GO:0106228
18013	UN	18013	GO:0050330
18017	UN	18017	GO:0047434
18029	UN	18029	GO:0004087
18033	UN	18033	GO:0018664
18037	UN	18037	GO:0047632
18041	UN	18041	GO:0048307
18045	UN	18045	GO:0047399
18049	UN	18049	GO:0003992
18053	UN	18053	GO:0004063
18057	UN	18057	GO:0050397
18061	UN	18061	GO:0030270
18065	UN	18065	GO:0015416
18069	UN	18069	GO:0047679
18073	UN	18073	GO:0004152
18077	UN	18077	GO:0030701
18081	UN	18081	GO:0050467
18085	UN	18085	GO:0051912
18089	UN	18089	GO:0004668
18093	UN	18093	GO:0017113
18097	UN	18097	GO:0050329
18101	UN	18101	GO:0018519
18105	UN	18105	GO:0005388
18109	UN	18109	GO:0047295
18117	UN	18117	GO:0004503
18121	UN	18121	GO:0047804
18125	UN	18125	GO:0008718
18129	UN	18129	GO:0047552
18133	UN	18133	GO:0004781
18137	UN	18137	GO:0033704
18141	UN	18141	GO:0047795
18145	UN	18145	GO:0004454
18149	UN	18149	GO:0047419
18153	UN	18153	GO:0047351
18157	UN	18157	GO:0004743
18161	UN	18161	GO:0050633
18165	UN	18165	GO:0018687
18169	UN	18169	GO:0008700
18173	UN	18173	GO:0050202
18177	UN	18177	GO:0050343
18181	UN	18181	GO:0004474
18189	UN	18189	GO:0009011
18197	UN	18197	GO:0050549
18201	UN	18201	GO:0004511
18209	UN	18209	GO:0047926
18213	UN	18213	GO:0047343
18217	UN	18217	GO:0019161
18221	UN	18221	GO:0047647
18229	UN	18229	GO:0047964
18237	UN	18237	GO:0047922
18241	UN	18241	GO:0047826
18245	UN	18245	GO:0004140
18253	UN	18253	GO:0004473
18257	UN	18257	GO:0004109
18261	UN	18261	GO:0043819
18269	UN	18269	GO:0047109
18273	UN	18273	GO:0050232
18277	UN	18277	GO:0018708
18281	UN	18281	GO:0016156
18285	UN	18285	GO:0047422
18289	UN	18289	GO:0047808
18293	UN	18293	GO:0050203
18297	UN	18297	GO:0047418
18301	UN	18301	GO:0003921
18305	UN	18305	GO:0047185
18309	UN	18309	GO:0047420
18313	UN	18313	GO:0046593
18317	UN	18317	GO:0047661
18321	UN	18321	GO:0052654
18325	UN	18325	GO:0034006
18329	UN	18329	GO:0047502
18333	UN	18333	GO:0050073
18337	UN	18337	GO:0004730
18341	UN	18341	GO:0050402
18349	UN	18349	GO:0050560
18353	UN	18353	GO:0005391
18357	UN	18357	GO:0050356
18361	UN	18361	GO:0047284
18365	UN	18365	GO:0046553
18369	UN	18369	GO:0004369
18373	UN	18373	GO:0035005
18377	UN	18377	GO:0050299
18381	UN	18381	GO:0047324
18385	UN	18385	GO:0018710
18389	UN	18389	GO:0047338
18393	UN	18393	GO:0047305
18397	UN	18397	GO:0050561
18401	UN	18401	GO:0050592
18405	UN	18405	GO:0000286
18409	UN	18409	GO:0000253
18413	UN	18413	GO:0047240
18417	UN	18417	GO:0047291
18421	UN	18421	GO:0008811
18425	UN	18425	GO:0052733
18433	UN	18433	GO:0018527
18437	UN	18437	GO:0050515
18441	UN	18441	GO:0033981
18445	UN	18445	GO:0003937
18449	UN	18449	GO:0030611
18453	UN	18453	GO:0015441
18457	UN	18457	GO:0008686
18461	UN	18461	GO:0047192
18465	UN	18465	GO:0050298
18469	UN	18469	GO:0047946
18473	UN	18473	GO:0003879
18477	UN	18477	GO:0045133
18481	UN	18481	GO:0018789
18485	UN	18485	GO:0047593
18493	UN	18493	GO:0047962
18497	UN	18497	GO:0034015
18501	UN	18501	GO:0000246
18505	UN	18505	GO:0050069
18509	UN	18509	GO:0016692
18513	UN	18513	GO:0050581
18521	UN	18521	GO:0030751
18525	UN	18525	GO:0052675
18529	UN	18529	GO:0052676
18533	UN	18533	GO:0036467
18537	UN	18537	GO:0018485
18541	UN	18541	GO:0030779
18545	UN	18545	GO:0047438
18549	UN	18549	GO:0004373
18553	UN	18553	GO:0050092
18557	UN	18557	GO:0047160
18561	UN	18561	GO:0050613
18565	UN	18565	GO:0050637
18569	UN	18569	GO:0018488
18581	UN	18581	GO:0047883
18585	UN	18585	GO:0004807
18589	UN	18589	GO:0008882
18593	UN	18593	GO:0008117
18597	UN	18597	GO:0015044
18601	UN	18601	GO:0047556
18605	UN	18605	GO:0050276
18609	UN	18609	GO:0043857
18613	UN	18613	GO:0018690
18617	UN	18617	GO:0004612
18621	UN	18621	GO:0045486
18625	UN	18625	GO:0047910
18629	UN	18629	GO:0003951
18633	UN	18633	GO:0004088
18637	UN	18637	GO:0050583
18641	UN	18641	GO:0047067
18645	UN	18645	GO:0047296
18649	UN	18649	GO:0008869
18653	UN	18653	GO:0047694
18657	UN	18657	GO:0120509
18661	UN	18661	GO:0047126
18665	UN	18665	GO:0047335
18669	UN	18669	GO:0047622
18673	UN	18673	GO:0004675
18681	UN	18681	GO:0008760
18685	UN	18685	GO:0018677
18689	UN	18689	GO:0008970
18693	UN	18693	GO:0008953
18697	UN	18697	GO:0050546
18701	UN	18701	GO:0050611
18705	UN	18705	GO:0003829
18709	UN	18709	GO:0050323
18717	UN	18717	GO:0030759
18737	UN	18737	GO:0004756
18741	UN	18741	GO:0050642
18745	UN	18745	GO:0050012
18749	UN	18749	GO:0047134
18753	UN	18753	GO:0047134
18761	UN	18761	GO:0120516
18765	UN	18765	GO:0033188
18769	UN	18769	GO:0043715
18773	UN	18773	GO:0043833
18777	UN	18777	GO:0018836
18781	UN	18781	GO:0050080
18793	UN	18793	GO:0008973
18801	UN	18801	GO:0050267
18809	UN	18809	GO:0047308
18813	UN	18813	GO:0008704
18817	UN	18817	GO:0050078
18821	UN	18821	GO:0004102
18825	UN	18825	GO:0047849
18829	UN	18829	GO:0033711
18833	UN	18833	GO:0018482
18837	UN	18837	GO:0050639
18841	UN	18841	GO:0008679
18845	UN	18845	GO:0008679
18849	UN	18849	GO:0033773
18857	UN	18857	GO:0033777
18861	UN	18861	GO:0030752
18865	UN	18865	GO:0043754
18869	UN	18869	GO:0008744
18873	UN	18873	GO:0019149
18877	UN	18877	GO:0030740
18881	UN	18881	GO:0047914
18885	UN	18885	GO:0050577
18889	UN	18889	GO:0003825
18893	UN	18893	GO:0033838
18897	UN	18897	GO:0033798
18901	UN	18901	GO:0047413
18905	UN	18905	GO:0050194
18909	UN	18909	GO:0030790
18913	UN	18913	GO:0008118
18925	UN	18925	GO:0047941
18929	UN	18929	GO:0050603
18933	UN	18933	GO:0033989
18941	UN	18941	GO:0004090
18945	UN	18945	GO:0004656
18949	UN	18949	GO:0050598
18953	UN	18953	GO:0004757
18957	UN	18957	GO:0052741
18965	UN	18965	GO:0004852
18973	UN	18973	GO:0050590
18977	UN	18977	GO:0004368
18981	UN	18981	GO:0036441
18985	UN	18985	GO:0008909
18989	UN	18989	GO:0050390
18993	UN	18993	GO:0050584
18997	UN	18997	GO:0004105
19009	UN	19009	GO:0047621
19013	UN	19013	GO:0050339
19017	UN	19017	GO:0047453
19021	UN	19021	GO:0004380
19025	UN	19025	GO:0001716
19029	UN	19029	GO:0004039
19033	UN	19033	GO:0050121
19037	UN	19037	GO:0004301
19041	UN	19041	GO:0033783
19045	UN	19045	GO:0043714
19049	UN	19049	GO:0047992
19053	UN	19053	GO:0018759
19057	UN	19057	GO:0047066
19061	UN	19061	GO:0050464
19069	UN	19069	GO:0004462
19073	UN	19073	GO:0008384
19081	UN	19081	GO:0018786
19085	UN	19085	GO:0019179
19101	UN	19101	GO:0047535
19105	UN	19105	GO:0019145
19109	UN	19109	GO:0047176
19117	UN	19117	GO:0004500
19121	UN	19121	GO:0015431
19125	UN	19125	GO:0050281
19129	UN	19129	GO:0004797
19133	UN	19133	GO:0033852
19137	UN	19137	GO:0047882
19141	UN	19141	GO:0050251
19145	UN	19145	GO:0047966
19149	UN	19149	GO:0106274
19153	UN	19153	GO:0047892
19157	UN	19157	GO:0050401
19165	UN	19165	GO:0047257
19169	UN	19169	GO:0003941
19173	UN	19173	GO:0018625
19177	UN	19177	GO:0050066
19181	UN	19181	GO:0017099
19185	UN	19185	GO:0019142
19189	UN	19189	GO:0004739
19193	UN	19193	GO:0051786
19197	UN	19197	GO:0047352
19201	UN	19201	GO:0004138
19205	UN	19205	GO:0033973
19209	UN	19209	GO:0047036
19213	UN	19213	GO:0047198
19217	UN	19217	GO:0018833
19221	UN	19221	GO:0047895
19225	UN	19225	GO:0043364
19229	UN	19229	GO:0047683
19233	UN	19233	GO:0008474
19237	UN	19237	GO:0047469
19245	UN	19245	GO:0018824
19249	UN	19249	GO:0047315
19253	UN	19253	GO:0004767
19257	UN	19257	GO:0004090
19261	UN	19261	GO:0015439
19265	UN	19265	GO:0047728
19269	UN	19269	GO:0047541
19273	UN	19273	GO:0050462
19277	UN	19277	GO:0043767
19281	UN	19281	GO:0102876
19285	UN	19285	GO:0047199
19289	UN	19289	GO:0050307
19293	UN	19293	GO:0047620
19297	UN	19297	GO:0047730
19301	UN	19301	GO:0046539
19305	UN	19305	GO:0047181
19309	UN	19309	GO:0050531
19313	UN	19313	GO:0003828
19317	UN	19317	GO:0034028
19321	UN	19321	GO:0047864
19325	UN	19325	GO:0047093
19329	UN	19329	GO:0047248
19333	UN	19333	GO:0008949
19337	UN	19337	GO:0047999
19341	UN	19341	GO:0018685
19345	UN	19345	GO:0047292
19349	UN	19349	GO:0047509
19353	UN	19353	GO:0045302
19361	UN	19361	GO:0004337
19365	UN	19365	GO:0008974
19369	UN	19369	GO:0018064
19373	UN	19373	GO:0047130
19377	UN	19377	GO:0042602
19385	UN	19385	GO:0050506
19389	UN	19389	GO:0050563
19393	UN	19393	GO:0050065
19397	UN	19397	GO:0004632
19401	UN	19401	GO:0050093
19405	UN	19405	GO:0008814
19409	UN	19409	GO:0008709
19413	UN	19413	GO:0004826
19417	UN	19417	GO:0047337
19421	UN	19421	GO:0050555
19425	UN	19425	GO:0047717
19429	UN	19429	GO:0047696
19433	UN	19433	GO:0046316
19437	UN	19437	GO:0050139
19445	UN	19445	GO:0047528
19453	UN	19453	GO:0004021
19457	UN	19457	GO:0047549
19465	UN	19465	GO:0008941
19469	UN	19469	GO:0008941
19473	UN	19473	GO:0106355
19477	UN	19477	GO:0106356
19481	UN	19481	GO:0033812
19485	UN	19485	GO:0047258
19493	UN	19493	GO:0047738
19497	UN	19497	GO:0004068
19501	UN	19501	GO:0047971
19505	UN	19505	GO:0050409
19509	UN	19509	GO:0047040
19513	UN	19513	GO:0004585
19517	UN	19517	GO:0050116
19521	UN	19521	GO:0008959
19525	UN	19525	GO:0047461
19529	UN	19529	GO:0050010
19533	UN	19533	GO:0009015
19537	UN	19537	GO:0050084
19541	UN	19541	GO:0004350
19545	UN	19545	GO:0047390
19549	UN	19549	GO:0050160
19553	UN	19553	GO:0009034
19557	UN	19557	GO:0050292
19565	UN	19565	GO:0050469
19569	UN	19569	GO:0004808
19573	UN	19573	GO:0008976
19577	UN	19577	GO:0047891
19581	UN	19581	GO:0047870
19585	UN	19585	GO:0047043
19597	UN	19597	GO:0016990
19601	UN	19601	GO:0018661
19605	UN	19605	GO:0047746
19609	UN	19609	GO:0052908
19613	UN	19613	GO:0004790
19617	UN	19617	GO:0004483
19621	UN	19621	GO:0008663
19625	UN	19625	GO:0004793
19629	UN	19629	GO:0004450
19633	UN	19633	GO:0047124
19637	UN	19637	GO:0047829
19641	UN	19641	GO:0016207
19645	UN	19645	GO:0047834
19649	UN	19649	GO:0004815
19661	UN	19661	GO:0008926
19665	UN	19665	GO:0018515
19669	UN	19669	GO:0003924
19673	UN	19673	GO:0050240
19681	UN	19681	GO:0047707
19685	UN	19685	GO:0050366
19689	UN	19689	GO:0008994
19693	UN	19693	GO:0019108
19697	UN	19697	GO:0047520
19701	UN	19701	GO:0047285
19705	UN	19705	GO:0047104
19709	UN	19709	GO:0003841
19713	UN	19713	GO:0047676
19717	UN	19717	GO:0050174
19721	UN	19721	GO:0004768
19725	UN	19725	GO:0050374
19729	UN	19729	GO:0047602
19733	UN	19733	GO:0036354
19737	UN	19737	GO:0033969
19741	UN	19741	GO:0016289
19745	UN	19745	GO:0004800
19749	UN	19749	GO:0047657
19753	UN	19753	GO:0017178
19757	UN	19757	GO:0047447
19765	UN	19765	GO:0046405
19769	UN	19769	GO:0047454
19773	UN	19773	GO:0047014
19777	UN	19777	GO:0050030
19781	UN	19781	GO:0047861
19789	UN	19789	GO:0047136
19793	UN	19793	GO:0008480
19797	UN	19797	GO:0052658
19801	UN	19801	GO:0004595
19805	UN	19805	GO:0004731
19809	UN	19809	GO:0004848
19813	UN	19813	GO:0047297
19817	UN	19817	GO:0106313
19821	UN	19821	GO:0106312
19825	UN	19825	GO:0045483
19829	UN	19829	GO:0047639
19833	UN	19833	GO:0008864
19837	UN	19837	GO:0009010
19841	UN	19841	GO:0018493
19845	UN	19845	GO:0050007
19849	UN	19849	GO:0050135
19865	UN	19865	GO:0004853
19869	UN	19869	GO:0047961
19873	UN	19873	GO:0004773
19877	UN	19877	GO:0004430
19885	UN	19885	GO:0050468
19889	UN	19889	GO:0003983
19893	UN	19893	GO:0008972
19897	UN	19897	GO:0004517
19901	UN	19901	GO:0050621
19909	UN	19909	GO:0004460
19913	UN	19913	GO:0047025
19921	UN	19921	GO:0050256
19925	UN	19925	GO:0050256
19929	UN	19929	GO:0016760
19933	UN	19933	GO:0008877
19937	UN	19937	GO:0017174
19941	UN	19941	GO:0030786
19945	UN	19945	GO:0047253
19949	UN	19949	GO:0004156
19953	UN	19953	GO:0047635
19961	UN	19961	GO:0050146
19965	UN	19965	GO:0047869
19969	UN	19969	GO:0047991
19973	UN	19973	GO:0016768
19977	UN	19977	GO:0017067
19981	UN	19981	GO:0106321
19985	UN	19985	GO:0106322
19989	UN	19989	GO:0046523
19993	UN	19993	GO:0033744
19997	UN	19997	GO:0050189
20001	UN	20001	GO:0050569
20005	UN	20005	GO:0046559
20009	UN	20009	GO:0050057
20013	UN	20013	GO:0004070
20017	UN	20017	GO:0047068
20021	UN	20021	GO:0033758
20025	UN	20025	GO:0047928
20029	UN	20029	GO:0050579
20033	UN	20033	GO:0045439
20037	UN	20037	GO:0047641
20041	UN	20041	GO:0033722
20045	UN	20045	GO:0033722
20049	UN	20049	GO:0004635
20053	UN	20053	GO:0050255
20057	UN	20057	GO:0050127
20061	UN	20061	GO:0004137
20065	UN	20065	GO:0033761
20069	UN	20069	GO:0018814
20073	UN	20073	GO:0043876
20077	UN	20077	GO:0141100
20081	UN	20081	GO:0047648
20085	UN	20085	GO:0047165
20089	UN	20089	GO:0050050
20093	UN	20093	GO:0047213
20097	UN	20097	GO:0008927
20101	UN	20101	GO:0047474
20105	UN	20105	GO:0043844
20109	UN	20109	GO:0033863
20113	UN	20113	GO:0008801
20117	UN	20117	GO:0008993
20121	UN	20121	GO:0004819
20125	UN	20125	GO:0004324
20129	UN	20129	GO:0008714
20133	UN	20133	GO:0047722
20137	UN	20137	GO:0050643
20141	UN	20141	GO:0047654
20149	UN	20149	GO:0050591
20153	UN	20153	GO:0009702
20157	UN	20157	GO:0047059
20161	UN	20161	GO:0047274
20165	UN	20165	GO:0047908
20177	UN	20177	GO:0047231
20181	UN	20181	GO:0047358
20185	UN	20185	GO:0047392
20189	UN	20189	GO:0004159
20193	UN	20193	GO:0008106
20197	UN	20197	GO:0047464
20201	UN	20201	GO:0047462
20205	UN	20205	GO:0047236
20209	UN	20209	GO:0050400
20217	UN	20217	GO:0050352
20221	UN	20221	GO:0004329
20225	UN	20225	GO:0047763
20233	UN	20233	GO:0047022
20241	UN	20241	GO:0008938
20245	UN	20245	GO:0009012
20249	UN	20249	GO:0008784
20253	UN	20253	GO:0047868
20257	UN	20257	GO:0047567
20265	UN	20265	GO:0033763
20269	UN	20269	GO:0047487
20273	UN	20273	GO:0004505
20277	UN	20277	GO:0046990
20281	UN	20281	GO:0047364
20285	UN	20285	GO:0050500
20289	UN	20289	GO:0003986
20293	UN	20293	GO:0047860
20297	UN	20297	GO:0047680
20301	UN	20301	GO:0004814
20305	UN	20305	GO:0018484
20309	UN	20309	GO:0004096
20313	UN	20313	GO:0035299
20325	UN	20325	GO:0047188
20333	UN	20333	GO:0047322
20337	UN	20337	GO:0047825
20341	UN	20341	GO:0047279
20345	UN	20345	GO:0004791
20349	UN	20349	GO:0018644
20353	UN	20353	GO:0050629
20357	UN	20357	GO:0008695
20361	UN	20361	GO:0106364
20365	UN	20365	GO:0000234
20373	UN	20373	GO:0050218
20377	UN	20377	GO:0047023
20381	UN	20381	GO:0047023
20393	UN	20393	GO:0047187
20397	UN	20397	GO:0003962
20401	UN	20401	GO:0008800
20405	UN	20405	GO:0050118
20409	UN	20409	GO:0050257
20413	UN	20413	GO:0030775
20417	UN	20417	GO:0033756
20421	UN	20421	GO:0050081
20425	UN	20425	GO:0034029
20429	UN	20429	GO:0030754
20433	UN	20433	GO:0046526
20437	UN	20437	GO:0047832
20441	UN	20441	GO:0017172
20445	UN	20445	GO:0033853
20449	UN	20449	GO:0047744
20453	UN	20453	GO:0050275
20457	UN	20457	GO:0047816
20469	UN	20469	GO:0047723
20473	UN	20473	GO:0017118
20481	UN	20481	GO:0050249
20485	UN	20485	GO:0047053
20489	UN	20489	GO:0047637
20493	UN	20493	GO:0033842
20497	UN	20497	GO:0004059
20505	UN	20505	GO:0003839
20509	UN	20509	GO:0050394
20513	UN	20513	GO:0047436
20517	UN	20517	GO:0003974
20521	UN	20521	GO:0003858
20525	UN	20525	GO:0047942
20529	UN	20529	GO:0010293
20533	UN	20533	GO:0033883
20537	UN	20537	GO:0008770
20545	UN	20545	GO:0004502
20549	UN	20549	GO:0050338
20553	UN	20553	GO:0004493
20557	UN	20557	GO:0009039
20561	UN	20561	GO:0047997
20565	UN	20565	GO:0050437
20569	UN	20569	GO:0004053
20573	UN	20573	GO:0004498
20577	UN	20577	GO:0034022
20581	UN	20581	GO:0050460
20585	UN	20585	GO:0050616
20593	UN	20593	GO:0050119
20597	UN	20597	GO:0050456
20605	UN	20605	GO:0004131
20609	UN	20609	GO:0047440
20613	UN	20613	GO:0001733
20617	UN	20617	GO:0050024
20621	UN	20621	GO:0016463
20625	UN	20625	GO:0047806
20629	UN	20629	GO:0004722
20633	UN	20633	GO:0043810
20637	UN	20637	GO:0047061
20641	UN	20641	GO:0004399
20657	UN	20657	GO:0047428
20661	UN	20661	GO:0160237
20665	UN	20665	GO:0050571
20669	UN	20669	GO:0102175
20673	UN	20673	GO:0000252
20677	UN	20677	GO:0047644
20681	UN	20681	GO:0050502
20685	UN	20685	GO:0047713
20689	UN	20689	GO:0047745
20696	UN	20696	GO:0004784
20700	UN	20700	GO:0009029
20704	UN	20704	GO:0047812
20708	UN	20708	GO:0047878
20712	UN	20712	GO:0008710
20716	UN	20716	GO:0050270
20720	UN	20720	GO:0050640
20724	UN	20724	GO:0004300
20728	UN	20728	GO:0050025
20736	UN	20736	GO:0008890
20740	UN	20740	GO:0050345
20744	UN	20744	GO:0047020
20748	UN	20748	GO:0050599
20752	UN	20752	GO:0030586
20756	UN	20756	GO:0047168
20764	UN	20764	GO:0047154
20768	UN	20768	GO:0033980
20772	UN	20772	GO:0004746
20776	UN	20776	GO:0047268
20780	UN	20780	GO:0004385
20784	UN	20784	GO:0003875
20792	UN	20792	GO:0004824
20796	UN	20796	GO:0050261
20804	UN	20804	GO:0004491
20812	UN	20812	GO:0008816
20816	UN	20816	GO:0047032
20820	UN	20820	GO:0047753
20824	UN	20824	GO:0004001
20828	UN	20828	GO:0004609
20832	UN	20832	GO:0008558
20840	UN	20840	GO:0004398
20844	UN	20844	GO:0004736
20848	UN	20848	GO:0047112
20852	UN	20852	GO:0008553
20856	UN	20856	GO:0017040
20860	UN	20860	GO:0018458
20864	UN	20864	GO:0050503
20876	UN	20876	GO:0033734
20880	UN	20880	GO:0050153
20884	UN	20884	GO:0050282
20888	UN	20888	GO:0003860
20892	UN	20892	GO:0050182
20896	UN	20896	GO:0004847
20900	UN	20900	GO:0050125
20904	UN	20904	GO:0050555
20908	UN	20908	GO:0050509
20912	UN	20912	GO:0050553
20916	UN	20916	GO:0047803
20920	UN	20920	GO:0018666
20924	UN	20924	GO:0004598
20932	UN	20932	GO:0050014
20940	UN	20940	GO:0052725
20944	UN	20944	GO:0102741
20948	UN	20948	GO:0050545
20952	UN	20952	GO:0047245
20956	UN	20956	GO:0047475
20960	UN	20960	GO:0008707
20968	UN	20968	GO:0050020
20972	UN	20972	GO:0047178
20976	UN	20976	GO:0052664
20980	UN	20980	GO:0047705
20984	UN	20984	GO:0050290
20988	UN	20988	GO:0004050
20992	UN	20992	GO:0030766
20996	UN	20996	GO:0050540
21000	UN	21000	GO:0018706
21004	UN	21004	GO:0047060
21008	UN	21008	GO:0047031
21012	UN	21012	GO:0047269
21016	UN	21016	GO:0004067
21020	UN	21020	GO:0004107
21024	UN	21024	GO:0047968
21028	UN	21028	GO:0004596
21032	UN	21032	GO:0015020
21036	UN	21036	GO:0003985
21040	UN	21040	GO:0043885
21044	UN	21044	GO:0030797
21052	UN	21052	GO:0050575
21060	UN	21060	GO:0047163
21064	UN	21064	GO:0019153
21068	UN	21068	GO:0008940
21076	UN	21076	GO:0047080
21080	UN	21080	GO:0004478
21084	UN	21084	GO:0047757
21088	UN	21088	GO:0045431
21092	UN	21092	GO:0030780
21096	UN	21096	GO:0003855
21104	UN	21104	GO:0001567
21108	UN	21108	GO:0047433
21112	UN	21112	GO:0004557
21116	UN	21116	GO:0050082
21124	UN	21124	GO:0016428
21128	UN	21128	GO:0003838
21132	UN	21132	GO:0004855
21136	UN	21136	GO:0004092
21140	UN	21140	GO:0008906
21144	UN	21144	GO:0018537
21148	UN	21148	GO:0047227
21152	UN	21152	GO:0047580
21156	UN	21156	GO:0050192
21160	UN	21160	GO:0003878
21164	UN	21164	GO:0106435
21172	UN	21172	GO:0102198
21176	UN	21176	GO:0050572
21180	UN	21180	GO:0047194
21184	UN	21184	GO:0004582
21188	UN	21188	GO:0008795
21196	UN	21196	GO:0003871
21200	UN	21200	GO:0045484
21204	UN	21204	GO:0004607
21208	UN	21208	GO:0036424
21216	UN	21216	GO:0050195
21220	UN	21220	GO:0050297
21224	UN	21224	GO:0047354
21228	UN	21228	GO:0050558
21232	UN	21232	GO:0004397
21236	UN	21236	GO:0018672
21240	UN	21240	GO:0004661
21248	UN	21248	GO:0034062
21252	UN	21252	GO:0047545
21256	UN	21256	GO:0003866
21260	UN	21260	GO:0033745
21264	UN	21264	GO:0019154
21268	UN	21268	GO:0050623
21272	UN	21272	GO:0008885
21276	UN	21276	GO:0033709
21280	UN	21280	GO:0050423
21284	UN	21284	GO:0004745
21288	UN	21288	GO:0047327
21292	UN	21292	GO:0046934
21296	UN	21296	GO:0019151
21300	UN	21300	GO:0004098
21308	UN	21308	GO:0016871
21312	UN	21312	GO:0047923
21316	UN	21316	GO:0050181
21320	UN	21320	GO:0047833
21324	UN	21324	GO:0050605
21332	UN	21332	GO:0047932
21336	UN	21336	GO:0050235
21340	UN	21340	GO:0050054
21352	UN	21352	GO:0047071
21356	UN	21356	GO:0047002
21360	UN	21360	GO:0000309
21364	UN	21364	GO:0019875
21368	UN	21368	GO:0004846
21372	UN	21372	GO:0050387
21376	UN	21376	GO:0050585
21380	UN	21380	GO:0050197
21384	UN	21384	GO:0045548
21388	UN	21388	GO:0050028
21392	UN	21392	GO:0008957
21404	UN	21404	GO:0050587
21408	UN	21408	GO:0050175
21412	UN	21412	GO:0106357
21416	UN	21416	GO:0106358
21420	UN	21420	GO:0047033
21424	UN	21424	GO:0047521
21428	UN	21428	GO:0034010
21432	UN	21432	GO:0030060
21436	UN	21436	GO:0004686
21440	UN	21440	GO:0071771
21444	UN	21444	GO:0047788
21448	UN	21448	GO:0016163
21452	UN	21452	GO:0004504
21456	UN	21456	GO:0047056
21460	UN	21460	GO:0047695
21464	UN	21464	GO:0018760
21472	UN	21472	GO:0047779
21476	UN	21476	GO:0003843
21480	UN	21480	GO:0047542
21488	UN	21488	GO:0033956
21492	UN	21492	GO:0050150
21496	UN	21496	GO:0050210
21500	UN	21500	GO:0050377
21504	UN	21504	GO:0047156
21508	UN	21508	GO:0050253
21516	UN	21516	GO:0050008
21520	UN	21520	GO:0047898
21524	UN	21524	GO:0003852
21528	UN	21528	GO:0004309
21532	UN	21532	GO:0047479
21536	UN	21536	GO:0004490
21540	UN	21540	GO:0004640
21544	UN	21544	GO:0047887
21548	UN	21548	GO:0033558
21552	UN	21552	GO:0003835
21556	UN	21556	GO:0018025
21560	UN	21560	GO:0047058
21564	UN	21564	GO:0003988
21568	UN	21568	GO:0047403
21572	UN	21572	GO:0050586
21576	UN	21576	GO:0047729
21580	UN	21580	GO:0047605
21584	UN	21584	GO:0050216
21588	UN	21588	GO:0003942
21592	UN	21592	GO:0047129
21596	UN	21596	GO:0031132
21600	UN	21600	GO:0047672
21604	UN	21604	GO:0018846
21608	UN	21608	GO:0033802
21612	UN	21612	GO:0047929
21616	UN	21616	GO:0003836
21620	UN	21620	GO:0052874
21624	UN	21624	GO:0052873
21632	UN	21632	GO:0004097
21636	UN	21636	GO:0047218
21640	UN	21640	GO:0004665
21644	UN	21644	GO:0004370
21648	UN	21648	GO:0004664
21652	UN	21652	GO:0018626
21656	UN	21656	GO:0047732
21660	UN	21660	GO:0018477
21668	UN	21668	GO:0015430
21672	UN	21672	GO:0004671
21676	UN	21676	GO:0033851
21680	UN	21680	GO:0047996
21684	UN	21684	GO:0047697
21688	UN	21688	GO:0050209
21692	UN	21692	GO:0047734
21700	UN	21700	GO:0043874
21704	UN	21704	GO:0050371
21708	UN	21708	GO:0004013
21712	UN	21712	GO:0050179
21716	UN	21716	GO:0050481
21720	UN	21720	GO:0030196
21724	UN	21724	GO:0000257
21728	UN	21728	GO:0047919
21732	UN	21732	GO:0004049
21736	UN	21736	GO:0047826
21740	UN	21740	GO:0016784
21744	UN	21744	GO:0016847
21748	UN	21748	GO:0043892
21752	UN	21752	GO:0052728
21756	UN	21756	GO:0050556
21760	UN	21760	GO:0008692
21764	UN	21764	GO:0004392
21768	UN	21768	GO:0050132
21776	UN	21776	GO:0047476
21780	UN	21780	GO:0047797
21792	UN	21792	GO:0050009
21796	UN	21796	GO:0008831
21804	UN	21804	GO:0019140
21808	UN	21808	GO:0047532
21812	UN	21812	GO:0008123
21816	UN	21816	GO:0003884
21820	UN	21820	GO:0008898
21824	UN	21824	GO:0004069
21828	UN	21828	GO:0047889
21832	UN	21832	GO:0030758
21836	UN	21836	GO:0047675
21844	UN	21844	GO:0047947
21848	UN	21848	GO:0047907
21852	UN	21852	GO:0050151
21856	UN	21856	GO:0018823
21860	UN	21860	GO:0047367
21864	UN	21864	GO:0004416
21868	UN	21868	GO:0008835
21876	UN	21876	GO:0046998
21880	UN	21880	GO:0050162
21884	UN	21884	GO:0047401
21888	UN	21888	GO:0016629
21892	UN	21892	GO:0106271
21896	UN	21896	GO:0043757
21908	UN	21908	GO:0047039
21912	UN	21912	GO:0050244
21916	UN	21916	GO:0030058
21920	UN	21920	GO:0008963
21932	UN	21932	GO:0047625
21936	UN	21936	GO:0050231
21944	UN	21944	GO:0047700
21948	UN	21948	GO:0004328
21952	UN	21952	GO:0047751
21956	UN	21956	GO:0050395
21964	UN	21964	GO:0004104
21968	UN	21968	GO:0003856
21976	UN	21976	GO:0043866
21980	UN	21980	GO:0015016
21984	UN	21984	GO:0047754
21988	UN	21988	GO:0033810
21992	UN	21992	GO:0004402
21996	UN	21996	GO:0047167
22000	UN	22000	GO:0047837
22004	UN	22004	GO:0004687
22008	UN	22008	GO:0008899
22012	UN	22012	GO:0046026
22016	UN	22016	GO:0008794
22020	UN	22020	GO:0015412
22028	UN	22028	GO:0050638
22032	UN	22032	GO:0050204
22036	UN	22036	GO:0047330
22040	UN	22040	GO:0047902
22044	UN	22044	GO:0008900
22048	UN	22048	GO:0003874
22052	UN	22052	GO:0050418
22056	UN	22056	GO:0047978
22060	UN	22060	GO:0004076
22064	UN	22064	GO:0047587
22068	UN	22068	GO:0004455
22072	UN	22072	GO:0008741
22080	UN	22080	GO:0033766
22084	UN	22084	GO:0008838
22088	UN	22088	GO:0008728
22092	UN	22092	GO:0050618
22096	UN	22096	GO:0004654
22100	UN	22100	GO:0018761
22104	UN	22104	GO:0033855
22108	UN	22108	GO:0004794
22116	UN	22116	GO:0047247
22120	UN	22120	GO:0004776
22124	UN	22124	GO:0033879
22128	UN	22128	GO:0047503
22132	UN	22132	GO:0015423
22140	UN	22140	GO:0008253
22148	UN	22148	GO:0009496
22152	UN	22152	GO:0008876
22156	UN	22156	GO:0004382
22160	UN	22160	GO:0033811
22164	UN	22164	GO:0047277
22168	UN	22168	GO:0003978
22172	UN	22172	GO:0046524
22176	UN	22176	GO:0050051
22184	UN	22184	GO:0047062
22188	UN	22188	GO:0033975
22192	UN	22192	GO:0004643
22200	UN	22200	GO:0046547
22204	UN	22204	GO:0047094
22208	UN	22208	GO:0047094
22212	UN	22212	GO:0050320
22216	UN	22216	GO:0047762
22220	UN	22220	GO:0009899
22224	UN	22224	GO:0050635
22236	UN	22236	GO:0003850
22248	UN	22248	GO:0047114
22252	UN	22252	GO:0047273
22256	UN	22256	GO:0018454
22260	UN	22260	GO:0050349
22268	UN	22268	GO:0050300
22272	UN	22272	GO:0102557
22276	UN	22276	GO:0047551
22280	UN	22280	GO:0030739
22284	UN	22284	GO:0050126
22288	UN	22288	GO:0047876
22292	UN	22292	GO:0033815
22300	UN	22300	GO:0047893
22304	UN	22304	GO:0047904
22308	UN	22308	GO:0050582
22312	UN	22312	GO:0046522
22316	UN	22316	GO:0047229
22320	UN	22320	GO:0050420
22324	UN	22324	GO:0004463
22328	UN	22328	GO:0004789
22332	UN	22332	GO:0047508
22336	UN	22336	GO:0047150
22340	UN	22340	GO:0047048
22344	UN	22344	GO:0050266
22348	UN	22348	GO:0047664
22352	UN	22352	GO:0008923
22356	UN	22356	GO:0030585
22360	UN	22360	GO:0047820
22364	UN	22364	GO:0030266
22368	UN	22368	GO:0008742
22372	UN	22372	GO:0047557
22376	UN	22376	GO:0160147
22380	UN	22380	GO:0030599
22384	UN	22384	GO:0052845
22388	UN	22388	GO:0050133
22396	UN	22396	GO:0052750
22400	UN	22400	GO:0047044
22404	UN	22404	GO:0050388
22408	UN	22408	GO:0004161
22416	UN	22416	GO:0050223
22420	UN	22420	GO:0018481
22424	UN	22424	GO:0047804
22428	UN	22428	GO:0016216
22432	UN	22432	GO:0003857
22436	UN	22436	GO:0034004
22440	UN	22440	GO:0047357
22444	UN	22444	GO:0050268
22448	UN	22448	GO:0050225
22452	UN	22452	GO:0000298
22456	UN	22456	GO:0016980
22460	UN	22460	GO:0047616
22468	UN	22468	GO:0043740
22472	UN	22472	GO:0050165
22476	UN	22476	GO:0050465
22480	UN	22480	GO:0050465
22484	UN	22484	GO:0004081
22488	UN	22488	GO:0051907
22492	UN	22492	GO:0050415
22504	UN	22504	GO:0047365
22508	UN	22508	GO:0034061
22512	UN	22512	GO:0016993
22516	UN	22516	GO:0050324
22520	UN	22520	GO:0004031
22528	UN	22528	GO:0047230
22536	UN	22536	GO:0030762
22544	UN	22544	GO:0047408
22548	UN	22548	GO:0033736
22552	UN	22552	GO:0004027
22560	UN	22560	GO:0047526
22564	UN	22564	GO:0141148
22568	UN	22568	GO:0034018
22572	UN	22572	GO:0050099
22576	UN	22576	GO:0102007
22580	UN	22580	GO:0008684
22584	UN	22584	GO:0004325
22592	UN	22592	GO:0046423
22596	UN	22596	GO:0047739
22600	UN	22600	GO:0106330
22604	UN	22604	GO:0050089
22608	UN	22608	GO:0009014
22612	UN	22612	GO:0047777
22616	UN	22616	GO:0047065
22620	UN	22620	GO:0050360
22624	UN	22624	GO:0008701
22628	UN	22628	GO:0004639
22636	UN	22636	GO:0047840
22640	UN	22640	GO:0047560
22644	UN	22644	GO:0047087
22648	UN	22648	GO:0004408
22652	UN	22652	GO:0050530
22656	UN	22656	GO:0047494
22664	UN	22664	GO:0047158
22668	UN	22668	GO:0008915
22680	UN	22680	GO:0008829
22688	UN	22688	GO:0043799
22692	UN	22692	GO:0018669
22696	UN	22696	GO:0047096
22704	UN	22704	GO:0047426
22708	UN	22708	GO:0047951
22712	UN	22712	GO:0008820
22716	UN	22716	GO:0033781
22720	UN	22720	GO:0008256
22724	UN	22724	GO:0016906
22728	UN	22728	GO:0004125
22732	UN	22732	GO:0043722
22736	UN	22736	GO:0030412
22740	UN	22740	GO:0004396
22744	UN	22744	GO:0016422
22748	UN	22748	GO:0047443
22752	UN	22752	GO:0050383
22756	UN	22756	GO:0046577
22760	UN	22760	GO:0047712
22764	UN	22764	GO:0004439
22768	UN	22768	GO:0047566
22772	UN	22772	GO:0050023
22776	UN	22776	GO:0016689
22780	UN	22780	GO:0016165
22784	UN	22784	GO:0043817
22788	UN	22788	GO:0047149
22792	UN	22792	GO:0050143
22796	UN	22796	GO:0047976
22800	UN	22800	GO:0047793
22804	UN	22804	GO:0050396
22808	UN	22808	GO:0043732
22812	UN	22812	GO:0004488
22816	UN	22816	GO:0009045
22820	UN	22820	GO:0140560
22824	UN	22824	GO:0047847
22828	UN	22828	GO:0004636
22832	UN	22832	GO:0050416
22836	UN	22836	GO:0004315
22840	UN	22840	GO:0050001
22844	UN	22844	GO:0033769
22852	UN	22852	GO:0004760
22856	UN	22856	GO:0047180
22860	UN	22860	GO:0004515
22864	UN	22864	GO:0018113
22868	UN	22868	GO:0050272
22872	UN	22872	GO:0019797
22876	UN	22876	GO:0050537
22880	UN	22880	GO:0033854
22884	UN	22884	GO:0050094
22888	UN	22888	GO:0004494
22892	UN	22892	GO:0004487
22896	UN	22896	GO:0004321
22900	UN	22900	GO:0052587
22908	UN	22908	GO:0090612
22912	UN	22912	GO:0009042
22916	UN	22916	GO:0033767
22920	UN	22920	GO:0047310
22924	UN	22924	GO:0004132
22928	UN	22928	GO:0047574
22932	UN	22932	GO:0003831
22936	UN	22936	GO:0008448
22940	UN	22940	GO:0004054
22944	UN	22944	GO:0033703
22948	UN	22948	GO:0009025
22952	UN	22952	GO:0003997
22956	UN	22956	GO:0050207
22960	UN	22960	GO:0048000
22964	UN	22964	GO:0004586
22976	UN	22976	GO:0047747
22980	UN	22980	GO:0004579
22984	UN	22984	GO:0050205
22988	UN	22988	GO:0018478
22992	UN	22992	GO:0018478
22996	UN	22996	GO:0016688
23000	UN	23000	GO:0050166
23008	UN	23008	GO:0008788
23012	UN	23012	GO:0030733
23016	UN	23016	GO:0045552
23024	UN	23024	GO:0050102
23032	UN	23032	GO:0004641
23040	UN	23040	GO:0050438
23052	UN	23052	GO:0004740
23056	UN	23056	GO:0018820
23064	UN	23064	GO:0008726
23068	UN	23068	GO:0047879
23076	UN	23076	GO:0018516
23080	UN	23080	GO:0050032
23084	UN	23084	GO:0047445
23088	UN	23088	GO:0047650
23092	UN	23092	GO:0018763
23096	UN	23096	GO:0008902
23100	UN	23100	GO:0047506
23104	UN	23104	GO:0019146
23108	UN	23108	GO:0047815
23112	UN	23112	GO:0047596
23116	UN	23116	GO:0018859
23124	UN	23124	GO:0016984
23132	UN	23132	GO:0050311
23136	UN	23136	GO:0030748
23140	UN	23140	GO:0019160
23144	UN	23144	GO:0050120
23148	UN	23148	GO:0008980
23152	UN	23152	GO:0120555
23156	UN	23156	GO:0047720
23160	UN	23160	GO:0008740
23164	UN	23164	GO:0033836
23168	UN	23168	GO:0047599
23172	UN	23172	GO:0047322
23176	UN	23176	GO:0003987
23180	UN	23180	GO:0033714
23184	UN	23184	GO:0047292
23188	UN	23188	GO:0047516
23192	UN	23192	GO:0050511
23196	UN	23196	GO:0050564
23200	UN	23200	GO:0050134
23204	UN	23204	GO:0047204
23208	UN	23208	GO:0018730
23212	UN	23212	GO:0050117
23216	UN	23216	GO:0047090
23220	UN	23220	GO:0018861
23224	UN	23224	GO:0050403
23228	UN	23228	GO:0047091
23232	UN	23232	GO:0140287
23236	UN	23236	GO:0008984
23244	UN	23244	GO:0050314
23248	UN	23248	GO:0030787
23252	UN	23252	GO:0004748
23256	UN	23256	GO:0051921
23268	UN	23268	GO:0047970
23272	UN	23272	GO:0047807
23276	UN	23276	GO:0050013
23280	UN	23280	GO:0050336
23284	UN	23284	GO:0004452
23288	UN	23288	GO:0008774
23292	UN	23292	GO:0050059
23296	UN	23296	GO:0008747
23300	UN	23300	GO:0033850
23304	UN	23304	GO:0050357
23308	UN	23308	GO:0047170
23312	UN	23312	GO:0050306
23316	UN	23316	GO:0047079
23320	UN	23320	GO:0047836
23324	UN	23324	GO:0000215
23332	UN	23332	GO:0050191
23336	UN	23336	GO:0004447
23340	UN	23340	GO:0047439
23344	UN	23344	GO:0008477
23348	UN	23348	GO:0047575
23352	UN	23352	GO:0034386
23356	UN	23356	GO:0050254
23360	UN	23360	GO:0008466
23368	UN	23368	GO:0050695
23372	UN	23372	GO:0008763
23376	UN	23376	GO:0050036
23380	UN	23380	GO:0004577
23384	UN	23384	GO:0047736
23388	UN	23388	GO:0008904
23396	UN	23396	GO:0050180
23400	UN	23400	GO:0047069
23404	UN	23404	GO:0047294
23408	UN	23408	GO:0016994
23412	UN	23412	GO:0047609
23416	UN	23416	GO:0050532
23420	UN	23420	GO:0004805
23424	UN	23424	GO:0008966
23432	UN	23432	GO:0018676
23440	UN	23440	GO:0047576
23444	UN	23444	GO:0004459
23448	UN	23448	GO:0008690
23452	UN	23452	GO:0004136
23460	UN	23460	GO:0047741
23464	UN	23464	GO:0047237
23468	UN	23468	GO:0018627
23472	UN	23472	GO:0050348
23476	UN	23476	GO:0004425
23480	UN	23480	GO:0050100
23484	UN	23484	GO:0047735
23488	UN	23488	GO:0018541
23492	UN	23492	GO:0050376
23496	UN	23496	GO:0047591
23500	UN	23500	GO:0106231
23504	UN	23504	GO:0043756
23508	UN	23508	GO:0033968
23512	UN	23512	GO:0047656
23516	UN	23516	GO:0008887
23520	UN	23520	GO:0018729
23524	UN	23524	GO:0047182
23532	UN	23532	GO:0047747
23536	UN	23536	GO:0004614
23540	UN	23540	GO:0004818
23544	UN	23544	GO:0033839
23548	UN	23548	GO:0052913
23552	UN	23552	GO:0004022
23556	UN	23556	GO:0047811
23560	UN	23560	GO:0008818
23564	UN	23564	GO:0050455
23568	UN	23568	GO:0034017
23572	UN	23572	GO:0050634
23576	UN	23576	GO:0047054
23580	UN	23580	GO:0008116
23584	UN	23584	GO:0008841
23588	UN	23588	GO:0050161
23592	UN	23592	GO:0047956
23596	UN	23596	GO:0003979
23600	UN	23600	GO:0047537
23604	UN	23604	GO:0050015
23608	UN	23608	GO:0018764
23620	UN	23620	GO:0034027
23624	UN	23624	GO:0017150
23628	UN	23628	GO:0017060
23632	UN	23632	GO:0004449
23640	UN	23640	GO:0009815
23644	UN	23644	GO:0033780
23648	UN	23648	GO:0047003
23652	UN	23652	GO:0016603
23656	UN	23656	GO:0047472
23660	UN	23660	GO:0050480
23664	UN	23664	GO:0033719
23668	UN	23668	GO:0004077
23672	UN	23672	GO:0047519
23676	UN	23676	GO:0008765
23680	UN	23680	GO:0017111
23684	UN	23684	GO:0047084
23688	UN	23688	GO:0000034
23692	UN	23692	GO:0050075
23696	UN	23696	GO:0050113
23700	UN	23700	GO:0004477
23704	UN	23704	GO:0003935
23708	UN	23708	GO:0008955
23712	UN	23712	GO:0047008
23716	UN	23716	GO:0004165
23720	UN	23720	GO:0004658
23724	UN	23724	GO:0004732
23728	UN	23728	GO:0004666
23732	UN	23732	GO:0004163
23736	UN	23736	GO:0033971
23744	UN	23744	GO:0004400
23752	UN	23752	GO:0036432
23756	UN	23756	GO:0003885
23760	UN	23760	GO:0050454
23764	UN	23764	GO:0047332
23768	UN	23768	GO:0050291
23772	UN	23772	GO:0018511
23776	UN	23776	GO:0004072
23780	UN	23780	GO:0050440
23784	UN	23784	GO:0004657
23788	UN	23788	GO:0008771
23796	UN	23796	GO:0033879
23800	UN	23800	GO:0018826
23804	UN	23804	GO:0004610
23808	UN	23808	GO:0030777
23812	UN	23812	GO:0047501
23816	UN	23816	GO:0019161
23820	UN	23820	GO:0008446
23824	UN	23824	GO:0008667
23828	UN	23828	GO:0050580
23832	UN	23832	GO:0009384
23836	UN	23836	GO:0047306
23840	UN	23840	GO:0047070
23844	UN	23844	GO:0050277
23852	UN	23852	GO:0018576
23856	UN	23856	GO:0016152
23860	UN	23860	GO:0033813
23864	UN	23864	GO:0008685
23868	UN	23868	GO:0047446
23872	UN	23872	GO:0052660
23876	UN	23876	GO:0047452
23880	UN	23880	GO:0008965
23884	UN	23884	GO:0008112
23888	UN	23888	GO:0071161
23892	UN	23892	GO:0047703
23896	UN	23896	GO:0008697
23900	UN	23900	GO:0033961
23908	UN	23908	GO:0030586
23916	UN	23916	GO:0048040
23920	UN	23920	GO:0070626
23928	UN	23928	GO:0047611
23932	UN	23932	GO:0047465
23936	UN	23936	GO:0008874
23940	UN	23940	GO:0008874
23944	UN	23944	GO:0047209
23948	UN	23948	GO:0047577
23952	UN	23952	GO:0050536
23960	UN	23960	GO:0047888
23964	UN	23964	GO:0050269
23968	UN	23968	GO:0050269
23972	UN	23972	GO:0018801
23976	UN	23976	GO:0003963
23980	UN	23980	GO:0047798
23984	UN	23984	GO:0047598
23988	UN	23988	GO:0010285
23992	UN	23992	GO:0047191
23996	UN	23996	GO:0047429
24000	UN	24000	GO:0003908
24004	UN	24004	GO:0016937
24008	UN	24008	GO:0047715
24012	UN	24012	GO:0050342
24016	UN	24016	GO:0050636
24020	UN	24020	GO:0004056
24028	UN	24028	GO:0008336
24032	UN	24032	GO:0050006
24036	UN	24036	GO:0050145
24040	UN	24040	GO:0003958
24044	UN	24044	GO:0018579
24048	UN	24048	GO:0009018
24052	UN	24052	GO:0004174
24056	UN	24056	GO:0052834
24064	UN	24064	GO:0004655
24068	UN	24068	GO:0018667
24076	UN	24076	GO:0003854
24080	UN	24080	GO:0004830
24084	UN	24084	GO:0052662
24092	UN	24092	GO:0047064
24096	UN	24096	GO:0030756
24100	UN	24100	GO:0047862
24108	UN	24108	GO:0050130
24112	UN	24112	GO:0047950
24116	UN	24116	GO:0034007
24120	UN	24120	GO:0050052
24132	UN	24132	GO:0008767
24136	UN	24136	GO:0047685
24140	UN	24140	GO:0062105
24144	UN	24144	GO:0050005
24148	UN	24148	GO:0043797
24152	UN	24152	GO:0004020
24156	UN	24156	GO:0047758
24160	UN	24160	GO:0045480
24164	UN	24164	GO:0033743
24168	UN	24168	GO:0015018
24172	UN	24172	GO:0047568
24176	UN	24176	GO:0140741
24180	UN	24180	GO:0106226
24184	UN	24184	GO:0018796
24188	UN	24188	GO:0018513
24192	UN	24192	GO:0047530
24196	UN	24196	GO:0047530
24200	UN	24200	GO:0047662
24204	UN	24204	GO:0050487
24208	UN	24208	GO:0033712
24212	UN	24212	GO:0004417
24216	UN	24216	GO:0120553
24232	UN	24232	GO:0047001
24236	UN	24236	GO:0050626
24240	UN	24240	GO:0009973
24244	UN	24244	GO:0050358
24248	UN	24248	GO:0008453
24252	UN	24252	GO:0008803
24256	UN	24256	GO:0008910
24260	UN	24260	GO:0047437
24264	UN	24264	GO:0047896
24268	UN	24268	GO:0047118
24276	UN	24276	GO:0047601
24284	UN	24284	GO:0004073
24288	UN	24288	GO:0030408
24292	UN	24292	GO:0004042
24296	UN	24296	GO:0004151
24304	UN	24304	GO:0004375
24308	UN	24308	GO:0033783
24312	UN	24312	GO:0000277
24316	UN	24316	GO:0050559
24324	UN	24324	GO:0047597
24328	UN	24328	GO:0047897
24340	UN	24340	GO:0000721
24352	UN	24352	GO:0047108
24356	UN	24356	GO:0050070
24360	UN	24360	GO:0051266
24364	UN	24364	GO:0160013
24368	UN	24368	GO:0008473
24372	UN	24372	GO:0003944
24376	UN	24376	GO:0004077
24380	UN	24380	GO:0004479
24384	UN	24384	GO:0003952
24388	UN	24388	GO:0004850
24392	UN	24392	GO:0047282
24396	UN	24396	GO:0030411
24400	UN	24400	GO:0033862
24404	UN	24404	GO:0004419
24408	UN	24408	GO:0004000
24412	UN	24412	GO:0018462
24416	UN	24416	GO:0047073
24420	UN	24420	GO:0042586
24424	UN	24424	GO:0045174
24432	UN	24432	GO:0030603
24436	UN	24436	GO:0051911
24440	UN	24440	GO:0015415
24444	UN	24444	GO:0018392
24452	UN	24452	GO:0008983
24456	UN	24456	GO:0043755
24464	UN	24464	GO:0008674
24468	UN	24468	GO:0004499
24476	UN	24476	GO:0050539
24480	UN	24480	GO:0050535
24484	UN	24484	GO:0050491
24488	UN	24488	GO:0051745
24496	UN	24496	GO:0047162
24500	UN	24500	GO:0047624
24504	UN	24504	GO:0010309
24508	UN	24508	GO:0050221
24512	UN	24512	GO:0050234
24516	UN	24516	GO:0047921
24520	UN	24520	GO:0047131
24528	UN	24528	GO:0019170
24536	UN	24536	GO:0004833
24540	UN	24540	GO:0004344
24544	UN	24544	GO:0004720
24548	UN	24548	GO:0050477
24552	UN	24552	GO:0047751
24556	UN	24556	GO:0018518
24560	UN	24560	GO:0009001
24564	UN	24564	GO:0008260
24568	UN	24568	GO:0033920
24572	UN	24572	GO:0047669
24576	UN	24576	GO:0004427
24580	UN	24580	GO:0050286
24588	UN	24588	GO:0047814
24592	UN	24592	GO:0004306
24596	UN	24596	GO:0047981
24600	UN	24600	GO:0008482
24604	UN	24604	GO:0102741
24608	UN	24608	GO:0047448
24612	UN	24612	GO:0004303
24616	UN	24616	GO:0004303
24620	UN	24620	GO:0004552
24624	UN	24624	GO:0004829
24628	UN	24628	GO:0106316
24632	UN	24632	GO:0106314
24636	UN	24636	GO:0047985
24674	UN	24674	GO:0043771
24702	UN	24702	GO:0099618
24706	UN	24706	GO:0099619
24710	UN	24710	GO:0099620
24722	UN	24722	GO:0120501
24752	UN	24752	GO:0051743
24785	UN	24785	GO:0008688
24793	UN	24793	GO:0000107
24801	UN	24801	GO:0052656
24809	UN	24809	GO:0004160
24813	UN	24813	GO:0052655
24825	UN	24825	GO:0051745
24829	UN	24829	GO:0043815
24840	UN	24840	GO:0070284
24848	UN	24848	GO:0046565
24894	UN	24894	GO:0030752
24898	UN	24898	GO:0052621
24902	UN	24902	GO:0071111
24906	UN	24906	GO:0052883
24927	UN	24927	GO:0044540
24931	UN	24931	GO:0080146
24935	UN	24935	GO:0043804
24964	UN	24964	GO:0030342
24968	UN	24968	GO:0008403
25017	UN	25017	GO:0016314
25025	UN	25025	GO:0090614
25033	UN	25033	GO:0052650
25037	UN	25037	GO:0043915
25041	UN	25041	GO:0098621
25062	UN	25062	GO:0018498
25066	UN	25066	GO:0018498
25074	UN	25074	GO:0009978
25075	LR	25074	GO:0009978
25094	UN	25094	GO:0036431
25143	UN	25143	GO:0030429
25152	UN	25152	GO:0080130
25160	UN	25160	GO:0004587
25181	UN	25181	GO:0004145
25185	UN	25185	GO:0018786
25189	UN	25189	GO:0018785
25197	UN	25197	GO:0043726
25201	UN	25201	GO:0043801
25209	UN	25209	GO:0103117
25213	UN	25213	GO:0008758
25217	UN	25217	GO:0004059
25229	UN	25229	GO:0032867
25241	UN	25241	GO:0071522
25245	UN	25245	GO:0004416
25249	UN	25249	GO:0003984
25253	UN	25253	GO:0009384
25257	UN	25257	GO:0047465
25265	UN	25265	GO:0008131
25273	UN	25273	GO:0102195
25277	UN	25277	GO:0004115
25282	UN	25282	GO:0004506
25286	UN	25286	GO:0008398
25290	UN	25290	GO:0120542
25294	UN	25294	GO:0140087
25298	UN	25298	GO:0140088
25302	UN	25302	GO:0019177
25306	UN	25306	GO:0019176
25311	UN	25311	GO:0047639
25321	UN	25321	GO:0000234
25325	UN	25325	GO:0000234
25330	UN	25330	GO:0047728
25347	UN	25347	GO:0051500
25351	UN	25351	GO:0043907
25355	UN	25355	GO:0106376
25359	UN	25359	GO:7770044
25363	UN	25363	GO:0102960
25367	UN	25367	GO:0102960
25375	UN	25375	GO:0106359
25379	UN	25379	GO:0106359
25395	UN	25395	GO:0052878
25399	UN	25399	GO:0052879
25408	UN	25408	GO:0102986
25424	UN	25424	GO:0052657
25432	UN	25432	GO:0062193
25436	UN	25436	GO:0052681
25480	UN	25480	GO:0008260
25484	UN	25484	GO:0102703
25488	UN	25488	GO:0050550
25496	UN	25496	GO:0050550
25508	UN	25508	GO:0080015
25524	UN	25524	GO:0051498
25528	UN	25528	GO:0034485
25532	UN	25532	GO:0034277
25536	UN	25536	GO:0034280
25540	UN	25540	GO:0034282
25544	UN	25544	GO:0052674
25548	UN	25548	GO:0052678
25552	UN	25552	GO:0034278
25556	UN	25556	GO:0034283
25560	UN	25560	GO:0034279
25564	UN	25564	GO:0106331
25568	UN	25568	GO:0061769
25576	UN	25576	GO:0004729
25580	UN	25580	GO:0036373
25584	UN	25584	GO:0062192
25593	UN	25593	GO:0070204
25597	UN	25597	GO:0070205
25601	UN	25601	GO:0010177
25605	UN	25605	GO:0010177
25609	UN	25609	GO:0062193
25617	UN	25617	GO:0052679
25621	UN	25621	GO:0035439
25625	UN	25625	GO:0052598
25629	UN	25629	GO:0033799
25633	UN	25633	GO:0070448
25637	UN	25637	GO:0102984
25641	UN	25641	GO:0052579
25645	UN	25645	GO:0052579
25649	UN	25649	GO:0052581
25658	UN	25658	GO:0052582
25674	UN	25674	GO:0034597
25678	UN	25678	GO:0043816
25686	UN	25686	GO:0043766
25690	UN	25690	GO:0043338
25694	UN	25694	GO:0044687
25759	UN	25759	GO:0034281
25780	UN	25780	GO:0089714
25784	UN	25784	GO:0106099
25788	UN	25788	GO:0043863
25792	UN	25792	GO:0140581
25796	UN	25796	GO:0080099
25800	UN	25800	GO:0052903
25804	UN	25804	GO:0052901
25812	UN	25812	GO:0052903
25816	UN	25816	GO:0052901
25820	UN	25820	GO:0052900
25824	UN	25824	GO:0052900
25836	UN	25836	GO:0102481
25840	UN	25840	GO:0102482
25852	UN	25852	GO:0017105
25856	UN	25856	GO:0102985
25860	UN	25860	GO:0044682
25868	UN	25868	GO:0052903
25876	UN	25876	GO:0008734
25888	UN	25888	GO:0008987
25900	UN	25900	GO:0043800
25908	UN	25908	GO:0050582
25948	UN	25948	GO:0141035
25956	UN	25956	GO:0102042
25960	UN	25960	GO:0004090
25964	UN	25964	GO:0004090
25968	UN	25968	GO:0016616
25972	UN	25972	GO:0052897
25992	UN	25992	GO:0052680
25996	UN	25996	GO:0052900
26023	UN	26023	GO:0050588
26039	UN	26039	GO:0103011
26047	UN	26047	GO:0033769
26051	UN	26051	GO:0033769
26059	UN	26059	GO:0043852
26077	UN	26077	GO:0018648
26081	UN	26081	GO:0052683
26085	UN	26085	GO:0052601
26089	UN	26089	GO:0052601
26093	UN	26093	GO:0052601
26097	UN	26097	GO:0052601
26115	UN	26115	GO:0052682
26119	UN	26119	GO:0046429
26136	UN	26136	GO:0017064
26152	UN	26152	GO:0000906
26160	UN	26160	GO:0051746
26168	UN	26168	GO:0034545
26172	UN	26172	GO:0035447
26176	UN	26176	GO:0035446
26180	UN	26180	GO:0035595
26188	UN	26188	GO:0102710
26193	UN	26193	GO:0050074
26197	UN	26197	GO:0018756
26201	UN	26201	GO:0018756
26209	UN	26209	GO:0008732
26213	UN	26213	GO:0046567
26217	UN	26217	GO:0036189
26221	UN	26221	GO:0036204
26225	UN	26225	GO:0036188
26229	UN	26229	GO:0102067
26273	UN	26273	GO:0043782
26281	UN	26281	GO:0043779
26285	UN	26285	GO:0043780
26289	UN	26289	GO:0042242
26297	UN	26297	GO:1990107
26301	UN	26301	GO:0051997
26309	UN	26309	GO:0061522
26325	UN	26325	GO:0102990
26333	UN	26333	GO:0030366
26337	UN	26337	GO:0061627
26341	UN	26341	GO:0016205
26345	UN	26345	GO:0102098
26349	UN	26349	GO:0010347
26361	UN	26361	GO:0036355
26385	UN	26385	GO:0102162
26389	UN	26389	GO:0102076
26401	UN	26401	GO:0102251
26414	UN	26414	GO:0097621
26426	UN	26426	GO:0003883
26434	UN	26434	GO:0052684
26438	UN	26438	GO:0035527
26454	UN	26454	GO:0043957
26458	UN	26458	GO:0036434
26466	UN	26466	GO:0043770
26470	UN	26470	GO:0102406
26478	UN	26478	GO:0046428
26482	UN	26482	GO:0052381
26486	UN	26486	GO:0044686
26490	UN	26490	GO:0052664
26506	UN	26506	GO:0017064
26518	UN	26518	GO:0043956
26526	UN	26526	GO:0080023
26530	UN	26530	GO:0043721
26534	UN	26534	GO:0043955
26558	UN	26558	GO:0120092
26562	UN	26562	GO:0008935
27270	UN	27270	GO:0050062
27282	UN	27282	GO:0043729
27286	UN	27286	GO:0052588
27294	UN	27294	GO:0052749
27298	UN	27298	GO:0018474
27310	UN	27310	GO:0018554
27321	UN	27321	GO:0102097
27325	UN	27325	GO:0102097
27329	UN	27329	GO:0102099
27333	UN	27333	GO:0043731
27341	UN	27341	GO:0018597
27345	UN	27345	GO:0102919
27349	UN	27349	GO:0102100
27353	UN	27353	GO:0102082
27377	UN	27377	GO:0043798
27381	UN	27381	GO:0034417
27389	UN	27389	GO:0018813
27401	UN	27401	GO:0018845
27405	UN	27405	GO:0052737
27409	UN	27409	GO:0070819
27413	UN	27413	GO:0102805
27421	UN	27421	GO:0052578
27429	UN	27429	GO:0008195
27445	UN	27445	GO:0032866
27449	UN	27449	GO:0000810
27465	UN	27465	GO:0033786
27469	UN	27469	GO:0036311
27473	UN	27473	GO:0033785
27477	UN	27477	GO:0102802
27481	UN	27481	GO:0102995
27485	UN	27485	GO:0047652
27489	UN	27489	GO:0008968
27493	UN	27493	GO:0102146
27510	UN	27510	GO:0043743
27514	UN	27514	GO:0070780
27518	UN	27518	GO:0042392
27522	UN	27522	GO:0047075
27534	UN	27534	GO:0102145
27538	UN	27538	GO:0047645
27542	UN	27542	GO:0047645
27551	UN	27551	GO:0008834
27555	UN	27555	GO:0052922
27559	UN	27559	GO:0036423
27563	UN	27563	GO:0052923
27586	UN	27586	GO:0080097
27594	UN	27594	GO:0052924
27606	UN	27606	GO:0106245
27626	UN	27626	GO:0004802
27638	UN	27638	GO:0004731
27642	UN	27642	GO:0004731
27646	UN	27646	GO:0004731
27654	UN	27654	GO:0003984
27658	UN	27658	GO:0008973
27662	UN	27662	GO:0003973
27666	UN	27666	GO:0004492
27670	UN	27670	GO:0008934
27694	UN	27694	GO:0004160
27698	UN	27698	GO:0080047
27702	UN	27702	GO:0008880
27706	UN	27706	GO:0160222
27710	UN	27710	GO:0106366
27714	UN	27714	GO:0008253
27718	UN	27718	GO:0008253
27722	UN	27722	GO:0099621
27754	UN	27754	GO:0019172
27762	UN	27762	GO:0047429
27770	UN	27770	GO:0102208
27774	UN	27774	GO:0008425
27778	UN	27778	GO:0008694
27782	UN	27782	GO:0008412
27790	UN	27790	GO:0019168
27794	UN	27794	GO:0000010
27798	UN	27798	GO:0106350
27802	UN	27802	GO:0097269
27810	UN	27810	GO:0102059
27822	UN	27822	GO:0051009
27834	UN	27834	GO:0008177
27838	UN	27838	GO:0018564
27842	UN	27842	GO:0018564
27850	UN	27850	GO:0102080
27854	UN	27854	GO:0102930
27858	UN	27858	GO:0008663
27862	UN	27862	GO:0008254
27870	UN	27870	GO:0018768
27874	UN	27874	GO:0043904
27878	UN	27878	GO:0008663
27882	UN	27882	GO:0008663
27886	UN	27886	GO:0008663
27890	UN	27890	GO:0008254
27894	UN	27894	GO:0008254
27898	UN	27898	GO:0008254
27902	UN	27902	GO:0034875
27906	UN	27906	GO:0043880
27914	UN	27914	GO:0002145
27918	UN	27918	GO:0033721
27946	UN	27946	GO:0008131
27958	UN	27958	GO:0050263
27966	UN	27966	GO:0070497
27986	UN	27986	GO:1990002
27990	UN	27990	GO:0103020
27994	UN	27994	GO:0072585
27998	UN	27998	GO:0004787
28002	UN	28002	GO:0097023
28006	UN	28006	GO:0050131
28010	UN	28010	GO:0043821
28014	UN	28014	GO:0102215
28018	UN	28018	GO:0008849
28026	UN	28026	GO:0051062
28030	UN	28030	GO:0004748
28034	UN	28034	GO:0051061
28038	UN	28038	GO:0004748
28050	UN	28050	GO:0019178
28054	UN	28054	GO:0043875
28070	UN	28070	GO:0008495
28074	UN	28074	GO:0102157
28090	UN	28090	GO:0036380
28094	UN	28094	GO:0050380
28102	UN	28102	GO:0008727
28118	UN	28118	GO:0036427
28122	UN	28122	GO:0036433
28126	UN	28126	GO:0089702
28130	UN	28130	GO:0052748
28150	UN	28150	GO:0004145
28170	UN	28170	GO:0052919
28174	UN	28174	GO:0102895
28182	UN	28182	GO:0102943
28190	UN	28190	GO:0046936
28194	UN	28194	GO:0102155
28198	UN	28198	GO:0018449
28206	UN	28206	GO:0019136
28210	UN	28210	GO:0051698
28226	UN	28226	GO:0102170
28230	UN	28230	GO:0102934
28254	UN	28254	GO:0102165
28258	UN	28258	GO:0102160
28270	UN	28270	GO:0004145
28278	UN	28278	GO:0008826
28286	UN	28286	GO:0008425
28294	UN	28294	GO:0080016
28302	UN	28302	GO:0102904
28314	UN	28314	GO:0102159
28318	UN	28318	GO:0102467
28322	UN	28322	GO:0102468
28326	UN	28326	GO:0004566
28330	UN	28330	GO:0103023
28334	UN	28334	GO:0008828
28338	UN	28338	GO:0140427
28342	UN	28342	GO:0035870
28346	UN	28346	GO:0008719
28350	UN	28350	GO:0052691
28362	UN	28362	GO:0036217
28366	UN	28366	GO:0047241
28370	UN	28370	GO:0008964
28374	UN	28374	GO:0008766
28386	UN	28386	GO:0051992
28394	UN	28394	GO:0103031
28398	UN	28398	GO:0061473
28410	UN	28410	GO:0033721
28426	UN	28426	GO:0034700
28430	UN	28430	GO:0008786
28442	UN	28442	GO:0008913
28490	UN	28490	GO:0015387
28494	UN	28494	GO:0009389
28502	UN	28502	GO:0050607
28514	UN	28514	GO:0051109
28518	UN	28518	GO:0034200
28526	UN	28526	GO:0008735
28534	UN	28534	GO:0036218
28538	UN	28538	GO:0008713
28542	UN	28542	GO:0016289
28574	UN	28574	GO:0008512
28602	UN	28602	GO:0102001
28606	UN	28606	GO:0102002
28610	UN	28610	GO:0036222
28635	UN	28635	GO:0102698
28643	UN	28643	GO:0102884
28651	UN	28651	GO:0033715
28659	UN	28659	GO:0000016
28663	UN	28663	GO:0004557
28671	UN	28671	GO:0008817
28675	UN	28675	GO:0004034
28679	UN	28679	GO:0061542
28687	UN	28687	GO:0106430
28691	UN	28691	GO:0106430
28715	UN	28715	GO:0015366
28751	UN	28751	GO:0004368
28755	UN	28755	GO:0004368
28759	UN	28759	GO:0102031
28767	UN	28767	GO:0018580
28779	UN	28779	GO:0103042
28783	UN	28783	GO:0004180
28791	UN	28791	GO:0004159
28795	UN	28795	GO:0052851
28803	UN	28803	GO:0035460
28807	UN	28807	GO:0036374
28835	UN	28835	GO:0015515
28839	UN	28839	GO:0140826
28915	UN	28915	GO:0015495
28927	UN	28927	GO:0036238
28935	UN	28935	GO:0047443
28967	UN	28967	GO:0005298
28987	UN	28987	GO:0015538
29023	UN	29023	GO:0015535
29031	UN	29031	GO:0015501
29035	UN	29035	GO:0102013
29039	UN	29039	GO:0015426
29043	UN	29043	GO:0050797
29063	UN	29063	GO:0036397
29067	UN	29067	GO:0036397
29071	UN	29071	GO:0036397
29079	UN	29079	GO:0102029
29083	UN	29083	GO:0008924
29087	UN	29087	GO:0008924
29091	UN	29091	GO:0008137
29119	UN	29119	GO:0160182
29123	UN	29123	GO:0160182
29127	UN	29127	GO:0160182
29131	UN	29131	GO:0160182
29195	UN	29195	GO:0106430
29199	UN	29199	GO:0106430
29215	UN	29215	GO:0008177
29219	UN	29219	GO:0004368
29223	UN	29223	GO:0004368
29235	UN	29235	GO:0103036
29243	UN	29243	GO:0103036
29251	UN	29251	GO:0015385
29255	UN	29255	GO:0005432
29283	UN	29283	GO:0015655
29303	UN	29303	GO:0097434
29307	UN	29307	GO:0008726
29319	UN	29319	GO:0008889
29323	UN	29323	GO:0005469
29339	UN	29339	GO:0015366
29355	UN	29355	GO:0002953
29359	UN	29359	GO:0008253
29363	UN	29363	GO:0002953
29371	UN	29371	GO:0002953
29375	UN	29375	GO:0008253
29379	UN	29379	GO:0002953
29383	UN	29383	GO:0002953
29387	UN	29387	GO:0043273
29391	UN	29391	GO:0036219
29395	UN	29395	GO:0036221
29399	UN	29399	GO:0036220
29407	UN	29407	GO:0008681
29427	UN	29427	GO:0044667
29467	UN	29467	GO:0015386
29499	UN	29499	GO:0102878
29511	UN	29511	GO:0102905
29515	UN	29515	GO:0004378
29519	UN	29519	GO:0102704
29523	UN	29523	GO:0004377
29527	UN	29527	GO:0052925
29531	UN	29531	GO:0052926
29535	UN	29535	GO:0052917
29539	UN	29539	GO:0052918
29543	UN	29543	GO:0106073
29563	UN	29563	GO:0106418
29587	UN	29587	GO:0050606
29603	UN	29603	GO:0018525
29607	UN	29607	GO:0102199
29611	UN	29611	GO:0102199
29691	UN	29691	GO:0031220
29715	UN	29715	GO:0008726
29727	UN	29727	GO:0008726
29763	UN	29763	GO:0015421
29767	UN	29767	GO:0033232
29783	UN	29783	GO:0033230
29795	UN	29795	GO:0015633
29799	UN	29799	GO:0015615
29811	UN	29811	GO:0048502
29835	UN	29835	GO:0042881
29847	UN	29847	GO:0004165
29863	UN	29863	GO:0046899
29867	UN	29867	GO:0046899
29871	UN	29871	GO:0102025
29875	UN	29875	GO:0008889
29879	UN	29879	GO:0015426
29883	UN	29883	GO:0015426
29887	UN	29887	GO:0015426
29891	UN	29891	GO:0015426
29895	UN	29895	GO:0015599
29899	UN	29899	GO:0015614
29903	UN	29903	GO:0015611
29907	UN	29907	GO:0008889
29923	UN	29923	GO:0071967
29943	UN	29943	GO:0015649
29995	UN	29995	GO:0015594
29999	UN	29999	GO:0015417
30003	UN	30003	GO:0047270
30007	UN	30007	GO:0015612
30011	UN	30011	GO:0102014
30015	UN	30015	GO:0008919
30019	UN	30019	GO:0071968
30027	UN	30027	GO:0004022
30031	UN	30031	GO:0018849
30043	UN	30043	GO:0008734
30051	UN	30051	GO:0018785
30059	UN	30059	GO:1990663
30063	UN	30063	GO:0043770
30075	UN	30075	GO:0047405
30079	UN	30079	GO:0051109
30087	UN	30087	GO:0047545
30091	UN	30091	GO:0008718
30095	UN	30095	GO:0008924
30099	UN	30099	GO:0046428
30115	UN	30115	GO:0016297
30119	UN	30119	GO:0016297
30123	UN	30123	GO:0016297
30131	UN	30131	GO:0016297
30135	UN	30135	GO:0052815
30139	UN	30139	GO:0052816
30143	UN	30143	GO:0052815
30147	UN	30147	GO:0003954
30151	UN	30151	GO:0003959
30187	UN	30187	GO:0106430
30199	UN	30199	GO:0018522
30207	UN	30207	GO:0052876
30211	UN	30211	GO:0016966
30223	UN	30223	GO:0070225
30231	UN	30231	GO:0102149
30235	UN	30235	GO:0003842
30239	UN	30239	GO:0070224
30243	UN	30243	GO:0008447
30247	UN	30247	GO:0010242
30251	UN	30251	GO:0009486
30255	UN	30255	GO:0102721
30271	UN	30271	GO:0016690
30279	UN	30279	GO:0102220
30283	UN	30283	GO:0102209
30291	UN	30291	GO:1990136
30299	UN	30299	GO:0035516
30303	UN	30303	GO:0106223
30331	UN	30331	GO:0010291
30339	UN	30339	GO:0036469
30343	UN	30343	GO:0160308
30351	UN	30351	GO:0034938
30359	UN	30359	GO:0010277
30375	UN	30375	GO:0102879
30379	UN	30379	GO:0102883
30383	UN	30383	GO:0102906
30387	UN	30387	GO:0080048
30399	UN	30399	GO:0072374
30403	UN	30403	GO:0140571
30415	UN	30415	GO:0071771
30463	UN	30463	GO:0102062
30467	UN	30467	GO:0102061
30471	UN	30471	GO:0102060
30475	UN	30475	GO:0004566
30507	UN	30507	GO:0103036
30515	UN	30515	GO:0010487
30523	UN	30523	GO:0052619
30543	UN	30543	GO:0051108
30547	UN	30547	GO:0018812
30555	UN	30555	GO:0052618
30571	UN	30571	GO:0047527
30591	UN	30591	GO:0008131
30595	UN	30595	GO:0052881
30631	UN	30631	GO:0015020
30635	UN	30635	GO:0042281
30639	UN	30639	GO:0102921
30655	UN	30655	GO:0120136
30675	UN	30675	GO:0034073
30679	UN	30679	GO:0080079
30687	UN	30687	GO:0008700
30695	UN	30695	GO:0102244
30735	UN	30735	GO:0052833
30739	UN	30739	GO:0052832
30751	UN	30751	GO:0004467
30763	UN	30763	GO:0043837
30771	UN	30771	GO:0008477
30799	UN	30799	GO:0003857
30803	UN	30803	GO:0033721
30815	UN	30815	GO:0008253
30851	UN	30851	GO:0061609
30867	UN	30867	GO:0004029
30879	UN	30879	GO:0004029
30895	UN	30895	GO:0052597
30903	UN	30903	GO:0043803
30927	UN	30927	GO:0102211
30955	UN	30955	GO:0016719
30967	UN	30967	GO:0090471
30983	UN	30983	GO:0033926
30999	UN	30999	GO:0034076
31007	UN	31007	GO:0042300
31011	UN	31011	GO:0090438
31031	UN	31031	GO:0010294
31035	UN	31035	GO:0034075
31043	UN	31043	GO:0004029
31059	UN	31059	GO:0004029
31075	UN	31075	GO:0018812
31087	UN	31087	GO:0003988
31091	UN	31091	GO:0003988
31103	UN	31103	GO:0033560
31111	UN	31111	GO:0003988
31143	UN	31143	GO:0003857
31151	UN	31151	GO:0098606
31159	UN	31159	GO:0016509
31163	UN	31163	GO:0018812
31167	UN	31167	GO:0016509
31171	UN	31171	GO:0018812
31179	UN	31179	GO:0003857
31183	UN	31183	GO:0003988
31187	UN	31187	GO:0003857
31191	UN	31191	GO:0018812
31195	UN	31195	GO:0003857
31199	UN	31199	GO:0018812
31203	UN	31203	GO:0003988
31211	UN	31211	GO:0098601
31215	UN	31215	GO:0004029
31227	UN	31227	GO:0051991
31231	UN	31231	GO:0004029
31235	UN	31235	GO:0047578
31243	UN	31243	GO:0004029
31251	UN	31251	GO:0141126
31259	UN	31259	GO:0004029
31271	UN	31271	GO:0018637
31275	UN	31275	GO:0008442
31287	UN	31287	GO:0016937
31299	UN	31299	GO:0004029
31303	UN	31303	GO:0036382
31307	UN	31307	GO:0042283
31331	UN	31331	GO:0061598
31335	UN	31335	GO:0061602
31347	UN	31347	GO:0051993
31351	UN	31351	GO:0102245
31355	UN	31355	GO:0018633
31359	UN	31359	GO:0018529
31363	UN	31363	GO:0102261
31371	UN	31371	GO:0102670
31383	UN	31383	GO:0042299
31387	UN	31387	GO:0042561
31391	UN	31391	GO:0102223
31411	UN	31411	GO:0102208
31415	UN	31415	GO:0102201
31451	UN	31451	GO:0008808
31455	UN	31455	GO:0052875
31475	UN	31475	GO:0102793
31479	UN	31479	GO:0106388
31483	UN	31483	GO:0015020
31487	UN	31487	GO:0102240
31491	UN	31491	GO:0102241
31495	UN	31495	GO:0008489
31507	UN	31507	GO:0036381
31511	UN	31511	GO:0016289
31515	UN	31515	GO:0004029
31523	UN	31523	GO:0102276
31539	UN	31539	GO:0102766
31555	UN	31555	GO:0043720
31559	UN	31559	GO:0010349
31563	UN	31563	GO:0002951
31571	UN	31571	GO:0018637
31575	UN	31575	GO:0035539
31583	UN	31583	GO:0106378
31587	UN	31587	GO:0052614
31643	UN	31643	GO:0102302
31647	UN	31647	GO:0102212
31663	UN	31663	GO:0047302
31679	UN	31679	GO:0047639
31687	UN	31687	GO:0102299
31691	UN	31691	GO:0102299
31711	UN	31711	GO:0102289
31723	UN	31723	GO:0033770
31731	UN	31731	GO:0036383
31739	UN	31739	GO:0030746
31743	UN	31743	GO:0102767
31763	UN	31763	GO:0010326
31771	UN	31771	GO:0052885
31775	UN	31775	GO:0052884
31779	UN	31779	GO:0106435
31875	UN	31875	GO:0034074
31891	UN	31891	GO:0004090
31895	UN	31895	GO:0080017
31899	UN	31899	GO:0036190
31907	UN	31907	GO:0030786
31919	UN	31919	GO:0036191
31927	UN	31927	GO:0036192
31939	UN	31939	GO:0036193
31951	UN	31951	GO:0036209
31967	UN	31967	GO:0036202
31971	UN	31971	GO:0036203
31975	UN	31975	GO:0036239
31979	UN	31979	GO:0034899
31987	UN	31987	GO:0080011
31991	UN	31991	GO:0102304
32027	UN	32027	GO:0102885
32031	UN	32031	GO:0102064
32035	UN	32035	GO:0102296
32047	UN	32047	GO:0034431
32059	UN	32059	GO:0102547
32063	UN	32063	GO:0044715
32067	UN	32067	GO:0102127
32075	UN	32075	GO:0102305
32099	UN	32099	GO:0102718
32103	UN	32103	GO:0102303
32115	UN	32115	GO:0102717
32123	UN	32123	GO:0015531
32131	UN	32131	GO:0004492
32135	UN	32135	GO:0018491
32139	UN	32139	GO:0090409
32155	UN	32155	GO:0051075
32159	UN	32159	GO:0052693
32167	UN	32167	GO:0050565
32171	UN	32171	GO:0097266
32175	UN	32175	GO:0008107
32183	UN	32183	GO:0016995
32187	UN	32187	GO:0004769
32199	UN	32199	GO:0036200
32203	UN	32203	GO:0050315
32215	UN	32215	GO:0052856
32219	UN	32219	GO:0045436
32223	UN	32223	GO:0052855
32227	UN	32227	GO:0052856
32231	UN	32231	GO:0047453
32235	UN	32235	GO:0052855
32243	UN	32243	GO:0043917
32247	UN	32247	GO:0004155
32251	UN	32251	GO:0004155
32263	UN	32263	GO:0034387
32267	UN	32267	GO:0034387
32271	UN	32271	GO:0003862
32275	UN	32275	GO:0050570
32287	UN	32287	GO:0003861
32295	UN	32295	GO:0051996
32299	UN	32299	GO:0051996
32307	UN	32307	GO:0004051
32311	UN	32311	GO:0050370
32323	UN	32323	GO:0052615
32327	UN	32327	GO:0102069
32339	UN	32339	GO:0004090
32343	UN	32343	GO:0004022
32363	UN	32363	GO:0050105
32367	UN	32367	GO:0016633
32371	UN	32371	GO:0046422
32423	UN	32423	GO:0018494
32427	UN	32427	GO:0018494
32443	UN	32443	GO:0052662
32459	UN	32459	GO:0004851
32479	UN	32479	GO:0140616
32483	UN	32483	GO:0035560
32491	UN	32491	GO:0102068
32495	UN	32495	GO:0102811
32535	UN	32535	GO:0034856
32543	UN	32543	GO:0102313
32547	UN	32547	GO:0080015
32559	UN	32559	GO:0102903
32575	UN	32575	GO:0050550
32579	UN	32579	GO:0050550
32607	UN	32607	GO:0102967
32611	UN	32611	GO:0102968
32615	UN	32615	GO:0102969
32619	UN	32619	GO:0004090
32627	UN	32627	GO:0004757
32635	UN	32635	GO:0050056
32647	UN	32647	GO:0102307
32651	UN	32651	GO:0102307
32659	UN	32659	GO:0102311
32667	UN	32667	GO:0044683
32675	UN	32675	GO:0004555
32687	UN	32687	GO:0102701
32691	UN	32691	GO:0034768
32699	UN	32699	GO:0102887
32703	UN	32703	GO:0102161
32711	UN	32711	GO:0106386
32719	UN	32719	GO:0120526
32723	UN	32723	GO:0120526
32727	UN	32727	GO:0009922
32731	UN	32731	GO:0120516
32735	UN	32735	GO:0000773
32739	UN	32739	GO:0000773
32755	UN	32755	GO:0033759
32767	UN	32767	GO:0140386
32775	UN	32775	GO:0033225
32779	UN	32779	GO:0032778
32783	UN	32783	GO:0031459
32787	UN	32787	GO:0033286
32803	UN	32803	GO:0033221
32875	UN	32875	GO:0047372
32879	UN	32879	GO:0018452
32887	UN	32887	GO:0003834
32891	UN	32891	GO:0018634
32895	UN	32895	GO:0102320
32903	UN	32903	GO:0030343
32907	UN	32907	GO:0102545
32919	UN	32919	GO:0080030
32927	UN	32927	GO:0034479
32931	UN	32931	GO:0043337
32939	UN	32939	GO:0004142
32943	UN	32943	GO:0004307
32947	UN	32947	GO:0003846
32955	UN	32955	GO:0043813
32959	UN	32959	GO:0050018
32963	UN	32963	GO:0106008
32967	UN	32967	GO:0120559
32979	UN	32979	GO:0120560
32987	UN	32987	GO:0120561
32995	UN	32995	GO:0106262
32999	UN	32999	GO:0062150
33027	UN	33027	GO:0043823
33031	UN	33031	GO:0003939
33051	UN	33051	GO:0008812
33055	UN	33055	GO:0008893
33075	UN	33075	GO:0102573
33079	UN	33079	GO:0102246
33135	UN	33135	GO:0044668
33139	UN	33139	GO:0070906
33147	UN	33147	GO:0008559
33155	UN	33155	GO:0052642
33159	UN	33159	GO:0070290
33179	UN	33179	GO:0004435
33187	UN	33187	GO:0003841
33191	UN	33191	GO:0106263
33199	UN	33199	GO:1990362
33207	UN	33207	GO:0017084
33211	UN	33211	GO:0046428
33219	UN	33219	GO:0051777
33235	UN	33235	GO:0048529
33243	UN	33243	GO:0120526
33255	UN	33255	GO:0043770
33263	UN	33263	GO:0102684
33271	UN	33271	GO:0004806
33275	UN	33275	GO:0120516
33279	UN	33279	GO:0090489
33283	UN	33283	GO:0047095
33291	UN	33291	GO:0120526
33295	UN	33295	GO:0120526
33299	UN	33299	GO:0034038
33315	UN	33315	GO:0003841
33319	UN	33319	GO:0003841
33359	UN	33359	GO:0047184
33387	UN	33387	GO:0043918
33419	UN	33419	GO:0018855
33435	UN	33435	GO:0000247
33439	UN	33439	GO:0004031
33447	UN	33447	GO:0000252
33459	UN	33459	GO:0000253
33467	UN	33467	GO:0000249
33495	UN	33495	GO:0120536
33503	UN	33503	GO:0140394
33543	UN	33543	GO:0004771
33547	UN	33547	GO:0004771
33559	UN	33559	GO:0090447
33563	UN	33563	GO:0008481
33567	UN	33567	GO:0047645
33571	UN	33571	GO:0047645
33599	UN	33599	GO:0102772
33607	UN	33607	GO:0004467
33611	UN	33611	GO:0080031
33615	UN	33615	GO:0004467
33619	UN	33619	GO:0004467
33623	UN	33623	GO:0031956
33627	UN	33627	GO:0102391
33631	UN	33631	GO:0031956
33635	UN	33635	GO:0004467
33639	UN	33639	GO:0031957
33643	UN	33643	GO:0004467
33647	UN	33647	GO:0004467
33651	UN	33651	GO:0004467
33655	UN	33655	GO:0005324
33679	UN	33679	GO:0102772
33687	UN	33687	GO:0102923
33711	UN	33711	GO:0102998
33739	UN	33739	GO:0050061
33743	UN	33743	GO:0106235
33747	UN	33747	GO:0047620
33752	LR	33751	GO:0008962
33763	UN	33763	GO:0019166
33767	UN	33767	GO:0018812
33795	UN	33795	GO:0004575
33803	UN	33803	GO:0004029
33859	UN	33859	GO:0046572
33863	UN	33863	GO:0008177
33875	UN	33875	GO:0004771
33887	UN	33887	GO:0120529
33907	UN	33907	GO:0102317
33931	UN	33931	GO:0106422
33947	UN	33947	GO:0102319
33963	UN	33963	GO:0102043
33967	UN	33967	GO:0102355
33975	UN	33975	GO:0102726
33983	UN	33983	GO:0062205
33991	UN	33991	GO:0102877
34019	UN	34019	GO:0047372
34063	UN	34063	GO:0102318
34087	UN	34087	GO:0004607
34111	UN	34111	GO:0102143
34115	UN	34115	GO:0102143
34135	UN	34135	GO:0102778
34171	UN	34171	GO:0008840
34179	UN	34179	GO:0102390
34183	UN	34183	GO:0047600
34187	UN	34187	GO:0018771
34191	UN	34191	GO:0052823
34195	UN	34195	GO:0033793
34199	UN	34199	GO:0033793
34203	UN	34203	GO:0033793
34215	UN	34215	GO:0033721
34219	UN	34219	GO:0004029
34223	UN	34223	GO:0034909
34243	UN	34243	GO:0061603
34279	UN	34279	GO:0102389
34291	UN	34291	GO:0102890
34295	UN	34295	GO:0102890
34307	UN	34307	GO:0018592
34311	UN	34311	GO:0018592
34327	UN	34327	GO:0018632
34331	UN	34331	GO:0103075
34347	UN	34347	GO:0004022
34351	UN	34351	GO:0034832
34363	UN	34363	GO:0052630
34367	UN	34367	GO:0004040
34371	UN	34371	GO:0043864
34375	UN	34375	GO:0004040
34399	UN	34399	GO:0102395
34403	UN	34403	GO:0102396
34407	UN	34407	GO:0001730
34411	UN	34411	GO:0102779
34415	UN	34415	GO:0018684
34419	UN	34419	GO:0010283
34423	UN	34423	GO:0010284
34427	UN	34427	GO:0010283
34431	UN	34431	GO:0010284
34455	UN	34455	GO:0106365
34467	UN	34467	GO:0102412
34471	UN	34471	GO:0043958
34475	UN	34475	GO:0046905
34487	UN	34487	GO:0102096
34491	UN	34491	GO:0102388
34511	UN	34511	GO:0102335
34515	UN	34515	GO:0102334
34539	UN	34539	GO:0035797
34555	UN	34555	GO:0102443
34591	UN	34591	GO:0043777
34631	UN	34631	GO:0047748
34635	UN	34635	GO:0102285
34679	UN	34679	GO:0061693
34691	UN	34691	GO:0018819
34707	UN	34707	GO:0098848
34715	UN	34715	GO:0008481
34747	UN	34747	GO:0008481
34771	UN	34771	GO:0000252
34775	UN	34775	GO:0102175
34779	UN	34779	GO:0140169
34783	UN	34783	GO:0140169
34787	UN	34787	GO:0000253
34795	UN	34795	GO:0103043
34799	UN	34799	GO:0003988
34803	UN	34803	GO:0102452
34807	UN	34807	GO:0010298
34815	UN	34815	GO:0052849
34823	UN	34823	GO:0102106
34847	UN	34847	GO:0071172
34851	UN	34851	GO:0003857
34927	UN	34927	GO:0098622
34935	UN	34935	GO:0141192
34939	UN	34939	GO:0033797
34991	UN	34991	GO:0043858
34999	UN	34999	GO:0005471
35027	UN	35027	GO:1901238
35047	UN	35047	GO:0061599
35063	UN	35063	GO:0004040
35091	UN	35091	GO:0047671
35095	UN	35095	GO:0120525
35107	UN	35107	GO:0008131
35119	UN	35119	GO:0102103
35139	UN	35139	GO:0102103
35143	UN	35143	GO:0102735
35179	UN	35179	GO:0102973
35207	UN	35207	GO:1990003
35211	UN	35211	GO:0097383
35263	UN	35263	GO:0008970
35279	UN	35279	GO:0003988
35307	UN	35307	GO:0034785
35323	UN	35323	GO:0008839
35331	UN	35331	GO:0008839
35347	UN	35347	GO:0018812
35351	UN	35351	GO:0019166
35355	UN	35355	GO:0018812
35359	UN	35359	GO:0018812
35363	UN	35363	GO:0019166
35367	UN	35367	GO:0019166
35371	UN	35371	GO:0103015
35403	UN	35403	GO:0140860
35407	UN	35407	GO:0140859
35411	UN	35411	GO:0102453
35419	UN	35419	GO:0102455
35423	UN	35423	GO:0102816
35427	UN	35427	GO:0102506
35431	UN	35431	GO:0102457
35443	UN	35443	GO:0102580
35447	UN	35447	GO:0140393
35459	UN	35459	GO:0102294
35463	UN	35463	GO:0004022
35471	UN	35471	GO:0102671
35475	UN	35475	GO:0140396
35487	UN	35487	GO:0033770
35499	UN	35499	GO:0102375
35515	UN	35515	GO:0102801
35523	UN	35523	GO:0008748
35559	UN	35559	GO:0103036
35575	UN	35575	GO:0140395
35583	UN	35583	GO:0061677
35587	UN	35587	GO:0090711
35591	UN	35591	GO:0033796
35595	UN	35595	GO:0047074
35603	UN	35603	GO:0103026
35607	UN	35607	GO:0004090
35615	UN	35615	GO:0004022
35623	UN	35623	GO:0047823
35627	UN	35627	GO:0033837
35631	UN	35631	GO:0102454
35639	UN	35639	GO:0106009
35643	UN	35643	GO:0140175
35647	UN	35647	GO:0140701
35655	UN	35655	GO:0106408
35663	UN	35663	GO:0120516
35667	UN	35667	GO:0004806
35691	UN	35691	GO:0102974
35695	UN	35695	GO:0102975
35699	UN	35699	GO:0102976
35715	UN	35715	GO:0140397
35719	UN	35719	GO:0140397
35723	UN	35723	GO:0004366
35727	UN	35727	GO:0004366
35731	UN	35731	GO:0004366
35735	UN	35735	GO:0050578
35739	UN	35739	GO:0008386
35743	UN	35743	GO:0140398
35755	UN	35755	GO:0102982
35759	UN	35759	GO:0140399
35763	UN	35763	GO:0140399
35799	UN	35799	GO:0044688
35803	UN	35803	GO:0044688
35811	UN	35811	GO:0140859
35815	UN	35815	GO:0043793
35827	UN	35827	GO:0043920
35847	UN	35847	GO:0008481
35903	UN	35903	GO:0003841
35907	UN	35907	GO:0003841
35911	UN	35911	GO:0003841
35915	UN	35915	GO:0003841
35951	UN	35951	GO:0102041
35983	UN	35983	GO:0047184
35987	UN	35987	GO:0047184
35991	UN	35991	GO:0047184
35995	UN	35995	GO:0047184
35999	UN	35999	GO:0047184
36015	UN	36015	GO:0106262
36019	UN	36019	GO:0106262
36023	UN	36023	GO:0106262
36047	UN	36047	GO:0043795
36051	UN	36051	GO:0102478
36055	UN	36055	GO:0050228
36067	UN	36067	GO:0043776
36099	UN	36099	GO:0080150
36107	UN	36107	GO:0102118
36119	UN	36119	GO:0102117
36131	UN	36131	GO:0103007
36135	UN	36135	GO:0050061
36139	UN	36139	GO:0004467
36143	UN	36143	GO:0019166
36147	UN	36147	GO:0102720
36151	UN	36151	GO:0102720
36163	UN	36163	GO:0004516
36167	UN	36167	GO:0002953
36171	UN	36171	GO:0008609
36175	UN	36175	GO:0000140
36227	UN	36227	GO:0047359
36251	UN	36251	GO:0050563
36255	UN	36255	GO:0050479
36299	UN	36299	GO:0106286
36307	UN	36307	GO:0050547
36311	UN	36311	GO:0019108
36315	UN	36315	GO:0102965
36319	UN	36319	GO:0102965
36327	UN	36327	GO:0052622
36331	UN	36331	GO:0052622
36347	UN	36347	GO:0102521
36355	UN	36355	GO:0102522
36359	UN	36359	GO:0010242
36371	UN	36371	GO:0102443
36379	UN	36379	GO:0000253
36403	UN	36403	GO:0004771
36407	UN	36407	GO:0061710
36415	UN	36415	GO:0004164
36487	UN	36487	GO:0043919
36495	UN	36495	GO:0004340
36515	UN	36515	GO:0009922
36519	UN	36519	GO:0009922
36531	UN	36531	GO:0009922
36583	UN	36583	GO:0050573
36587	UN	36587	GO:0004090
36591	UN	36591	GO:0102523
36595	UN	36595	GO:0043914
36599	UN	36599	GO:0043914
36607	UN	36607	GO:0102525
36651	UN	36651	GO:0102526
36683	UN	36683	GO:0019706
36687	UN	36687	GO:0050291
36691	UN	36691	GO:0050291
36699	UN	36699	GO:0102527
36731	UN	36731	GO:0032440
36763	UN	36763	GO:0016263
36779	UN	36779	GO:0102933
36783	UN	36783	GO:0090560
36795	UN	36795	GO:0004050
36799	UN	36799	GO:0017110
36803	UN	36803	GO:0033987
36807	UN	36807	GO:0009922
36819	UN	36819	GO:0009922
36843	UN	36843	GO:0009922
36847	UN	36847	GO:7770036
36851	UN	36851	GO:0009922
36855	UN	36855	GO:0004046
36859	UN	36859	GO:0009922
36871	UN	36871	GO:0009922
36875	UN	36875	GO:0009922
36899	UN	36899	GO:0052906
36907	UN	36907	GO:0009922
36911	UN	36911	GO:0009922
36915	UN	36915	GO:0009922
36919	UN	36919	GO:0009922
36923	UN	36923	GO:0009922
36927	UN	36927	GO:0009922
36931	UN	36931	GO:0032896
36943	UN	36943	GO:0009922
36947	UN	36947	GO:0009922
36963	UN	36963	GO:0009922
36967	UN	36967	GO:0009922
36979	UN	36979	GO:0009922
36983	UN	36983	GO:0009922
36995	UN	36995	GO:0009922
37035	UN	37035	GO:0050018
37047	UN	37047	GO:0015333
37059	UN	37059	GO:0061711
37067	UN	37067	GO:0035597
37075	UN	37075	GO:0035598
37087	UN	37087	GO:0103039
37095	UN	37095	GO:0009922
37099	UN	37099	GO:0140932
37103	UN	37103	GO:0140932
37111	UN	37111	GO:0050291
37115	UN	37115	GO:0050291
37123	UN	37123	GO:0050291
37131	UN	37131	GO:0003841
37135	UN	37135	GO:0003841
37139	UN	37139	GO:0003841
37143	UN	37143	GO:0003841
37147	UN	37147	GO:0003841
37151	UN	37151	GO:0003841
37155	UN	37155	GO:0003841
37159	UN	37159	GO:0003841
37163	UN	37163	GO:0003841
37167	UN	37167	GO:0004022
37171	UN	37171	GO:0003841
37175	UN	37175	GO:0003841
37179	UN	37179	GO:0003841
37183	UN	37183	GO:0003841
37187	UN	37187	GO:0003841
37191	UN	37191	GO:0004113
37195	UN	37195	GO:0004366
37199	UN	37199	GO:0004366
37203	UN	37203	GO:0004366
37211	UN	37211	GO:0004113
37219	UN	37219	GO:0008718
37223	UN	37223	GO:0003841
37239	UN	37239	GO:0004113
37243	UN	37243	GO:0009922
37255	UN	37255	GO:0008718
37259	UN	37259	GO:0050018
37347	UN	37347	GO:0160220
37371	UN	37371	GO:0140933
37375	UN	37375	GO:0106263
37379	UN	37379	GO:0106263
37383	UN	37383	GO:0047184
37387	UN	37387	GO:0047184
37391	UN	37391	GO:0047184
37395	UN	37395	GO:0047184
37399	UN	37399	GO:0106263
37403	UN	37403	GO:0106263
37407	UN	37407	GO:0106263
37415	UN	37415	GO:0106263
37419	UN	37419	GO:0106262
37427	UN	37427	GO:0003841
37435	UN	37435	GO:0003841
37439	UN	37439	GO:0003841
37443	UN	37443	GO:0003841
37451	UN	37451	GO:0003841
37455	UN	37455	GO:0003841
37459	UN	37459	GO:0052723
37463	UN	37463	GO:0004366
37475	UN	37475	GO:0047184
37479	UN	37479	GO:0047184
37483	UN	37483	GO:0047184
37487	UN	37487	GO:0047184
37495	UN	37495	GO:0106262
37499	UN	37499	GO:0106262
37503	UN	37503	GO:0106262
37511	UN	37511	GO:0047184
37515	UN	37515	GO:0047184
37519	UN	37519	GO:0047184
37523	UN	37523	GO:0106262
37527	UN	37527	GO:0047184
37531	UN	37531	GO:0106263
37535	UN	37535	GO:0106263
37539	UN	37539	GO:0106263
37547	UN	37547	GO:0103074
37559	UN	37559	GO:0047184
37563	UN	37563	GO:0047184
37567	UN	37567	GO:0106263
37571	UN	37571	GO:0106263
37575	UN	37575	GO:0106262
37579	UN	37579	GO:0106262
37583	UN	37583	GO:0003884
37587	UN	37587	GO:0043911
37595	UN	37595	GO:0003841
37603	UN	37603	GO:0003841
37607	UN	37607	GO:0003841
37627	UN	37627	GO:0047159
37631	UN	37631	GO:0047166
37635	UN	37635	GO:0047166
37655	UN	37655	GO:0047184
37699	UN	37699	GO:0047192
37703	UN	37703	GO:0047184
37707	UN	37707	GO:0047184
37711	UN	37711	GO:0047159
37715	UN	37715	GO:0047191
37719	UN	37719	GO:0047192
37727	UN	37727	GO:0106262
37731	UN	37731	GO:0106262
37735	UN	37735	GO:0106263
37739	UN	37739	GO:0106263
37743	UN	37743	GO:0106141
37747	UN	37747	GO:0047191
37755	UN	37755	GO:0047166
37759	UN	37759	GO:0047166
37763	UN	37763	GO:0047166
37767	UN	37767	GO:0106262
37771	UN	37771	GO:0106262
37775	UN	37775	GO:0106262
37783	UN	37783	GO:0047191
37787	UN	37787	GO:0047191
37803	UN	37803	GO:0047184
37811	UN	37811	GO:0047191
37819	UN	37819	GO:0047159
37839	UN	37839	GO:0047191
37843	UN	37843	GO:0047184
37855	UN	37855	GO:0047184
37859	UN	37859	GO:0047184
37863	UN	37863	GO:0047184
37867	UN	37867	GO:0047184
37871	UN	37871	GO:0102164
37883	UN	37883	GO:0036412
37887	UN	37887	GO:0090486
37891	UN	37891	GO:0102530
37899	UN	37899	GO:0102524
37911	UN	37911	GO:0003846
37927	UN	37927	GO:0106256
37931	UN	37931	GO:0106255
37935	UN	37935	GO:0106256
37939	UN	37939	GO:0106255
37943	UN	37943	GO:0106256
37947	UN	37947	GO:0106256
37951	UN	37951	GO:0106255
37955	UN	37955	GO:0106255
37959	UN	37959	GO:0106255
37975	UN	37975	GO:0010176
37979	UN	37979	GO:0051741
37983	UN	37983	GO:0009976
37987	UN	37987	GO:0009976
37991	UN	37991	GO:0050342
37995	UN	37995	GO:0010357
37999	UN	37999	GO:0051742
38003	UN	38003	GO:0010356
38007	UN	38007	GO:0102550
38011	UN	38011	GO:0047746
38015	UN	38015	GO:0009976
38023	UN	38023	GO:0009976
38039	UN	38039	GO:0102431
38051	UN	38051	GO:0003846
38055	UN	38055	GO:0010276
38059	UN	38059	GO:0003846
38063	UN	38063	GO:0003846
38067	UN	38067	GO:0003846
38071	UN	38071	GO:0003846
38075	UN	38075	GO:0003846
38079	UN	38079	GO:0003846
38083	UN	38083	GO:0003846
38087	UN	38087	GO:0003846
38091	UN	38091	GO:0050342
38095	UN	38095	GO:0050342
38099	UN	38099	GO:0102763
38111	UN	38111	GO:0008106
38155	UN	38155	GO:0080013
38163	UN	38163	GO:0004144
38167	UN	38167	GO:0047196
38171	UN	38171	GO:0047196
38175	UN	38175	GO:0050252
38191	UN	38191	GO:0070330
38195	UN	38195	GO:0070330
38215	UN	38215	GO:0004022
38219	UN	38219	GO:0004144
38227	UN	38227	GO:0047196
38231	UN	38231	GO:0047196
38235	UN	38235	GO:0047196
38239	UN	38239	GO:0047196
38243	UN	38243	GO:0047196
38247	UN	38247	GO:0047196
38251	UN	38251	GO:0047196
38259	UN	38259	GO:0043959
38275	UN	38275	GO:0044101
38279	UN	38279	GO:0043961
38287	UN	38287	GO:0047370
38291	UN	38291	GO:0016289
38295	UN	38295	GO:0051990
38299	UN	38299	GO:0004144
38307	UN	38307	GO:0004144
38351	UN	38351	GO:0097256
38363	UN	38363	GO:0047372
38379	UN	38379	GO:0004806
38383	UN	38383	GO:0120516
38387	UN	38387	GO:0004806
38391	UN	38391	GO:0004806
38395	UN	38395	GO:0004806
38399	UN	38399	GO:0004806
38403	UN	38403	GO:0004806
38407	UN	38407	GO:0004806
38411	UN	38411	GO:0004806
38415	UN	38415	GO:0004806
38419	UN	38419	GO:0004806
38423	UN	38423	GO:0004806
38427	UN	38427	GO:0004806
38431	UN	38431	GO:0004806
38443	UN	38443	GO:0047196
38455	UN	38455	GO:0120516
38467	UN	38467	GO:0003846
38471	UN	38471	GO:0052706
38475	UN	38475	GO:0052706
38479	UN	38479	GO:0052706
38483	UN	38483	GO:0120516
38487	UN	38487	GO:0047372
38491	UN	38491	GO:0047372
38495	UN	38495	GO:0004806
38499	UN	38499	GO:0004806
38507	UN	38507	GO:0120516
38511	UN	38511	GO:0120516
38515	UN	38515	GO:0120516
38519	UN	38519	GO:0120516
38523	UN	38523	GO:0120516
38551	UN	38551	GO:0120520
38555	UN	38555	GO:0106435
38559	UN	38559	GO:0120520
38563	UN	38563	GO:0047378
38567	UN	38567	GO:0090556
38575	UN	38575	GO:0004806
38579	UN	38579	GO:0102556
38583	UN	38583	GO:0090554
38595	UN	38595	GO:0120516
38611	UN	38611	GO:0061809
38615	UN	38615	GO:0061809
38651	UN	38651	GO:0120516
38659	UN	38659	GO:0120516
38675	UN	38675	GO:0036403
38779	UN	38779	GO:0004623
38783	UN	38783	GO:0008970
38787	UN	38787	GO:0008970
38847	UN	38847	GO:0004623
38855	UN	38855	GO:0120520
38867	UN	38867	GO:0160136
38871	UN	38871	GO:0160137
38875	UN	38875	GO:0160138
38883	UN	38883	GO:0120515
38891	UN	38891	GO:0017040
38907	UN	38907	GO:0102917
38947	UN	38947	GO:0140981
38959	UN	38959	GO:0003997
38963	UN	38963	GO:0015431
38971	UN	38971	GO:0120524
38987	UN	38987	GO:0120523
39015	UN	39015	GO:0050061
39019	UN	39019	GO:0052629
39023	UN	39023	GO:0120250
39039	UN	39039	GO:0004029
39063	UN	39063	GO:0102497
39071	UN	39071	GO:0003997
39087	UN	39087	GO:0003997
39111	UN	39111	GO:0102978
39119	UN	39119	GO:0044535
39123	UN	39123	GO:0018812
39131	UN	39131	GO:0003988
39135	UN	39135	GO:0044535
39139	UN	39139	GO:0018812
39147	UN	39147	GO:0003988
39151	UN	39151	GO:0018454
39155	UN	39155	GO:0080023
39159	UN	39159	GO:0080023
39163	UN	39163	GO:0018454
39171	UN	39171	GO:0018454
39175	UN	39175	GO:0080023
39179	UN	39179	GO:0019166
39183	UN	39183	GO:0018454
39187	UN	39187	GO:0080023
39191	UN	39191	GO:0019166
39195	UN	39195	GO:0018454
39199	UN	39199	GO:0102158
39203	UN	39203	GO:0019166
39207	UN	39207	GO:0018454
39211	UN	39211	GO:0102158
39215	UN	39215	GO:0019166
39219	UN	39219	GO:0018454
39223	UN	39223	GO:0102158
39227	UN	39227	GO:0019166
39231	UN	39231	GO:0018454
39235	UN	39235	GO:0102158
39239	UN	39239	GO:0019166
39243	UN	39243	GO:0018454
39247	UN	39247	GO:0080023
39251	UN	39251	GO:0019166
39255	UN	39255	GO:0018454
39259	UN	39259	GO:0080023
39263	UN	39263	GO:0019166
39267	UN	39267	GO:0141040
39271	UN	39271	GO:0102158
39275	UN	39275	GO:0019166
39283	UN	39283	GO:0005324
39287	UN	39287	GO:0043834
39291	UN	39291	GO:0009922
39299	UN	39299	GO:0018454
39303	UN	39303	GO:0080023
39307	UN	39307	GO:0019166
39311	UN	39311	GO:0018454
39315	UN	39315	GO:0080023
39319	UN	39319	GO:0019166
39323	UN	39323	GO:0018454
39327	UN	39327	GO:0080023
39331	UN	39331	GO:0019166
39335	UN	39335	GO:0018454
39339	UN	39339	GO:0018454
39343	UN	39343	GO:0080023
39347	UN	39347	GO:0019166
39351	UN	39351	GO:0080023
39355	UN	39355	GO:0019166
39359	UN	39359	GO:0018454
39363	UN	39363	GO:0080023
39367	UN	39367	GO:0019166
39371	UN	39371	GO:0018454
39375	UN	39375	GO:0080023
39379	UN	39379	GO:0019166
39383	UN	39383	GO:0018454
39387	UN	39387	GO:0080023
39391	UN	39391	GO:0019166
39395	UN	39395	GO:0018454
39399	UN	39399	GO:0080023
39403	UN	39403	GO:0019166
39407	UN	39407	GO:0018454
39411	UN	39411	GO:0080023
39415	UN	39415	GO:0019166
39419	UN	39419	GO:0018454
39423	UN	39423	GO:0080023
39427	UN	39427	GO:0019166
39435	UN	39435	GO:0018454
39439	UN	39439	GO:0080023
39443	UN	39443	GO:0019166
39447	UN	39447	GO:0018454
39451	UN	39451	GO:0080023
39455	UN	39455	GO:0019166
39459	UN	39459	GO:0018454
39463	UN	39463	GO:0080023
39467	UN	39467	GO:0019166
39471	UN	39471	GO:0018454
39475	UN	39475	GO:0080023
39479	UN	39479	GO:0019166
39483	UN	39483	GO:0018454
39487	UN	39487	GO:0080023
39491	UN	39491	GO:0019166
39495	UN	39495	GO:0018454
39499	UN	39499	GO:0080023
39503	UN	39503	GO:0019166
39507	UN	39507	GO:0018454
39511	UN	39511	GO:0080023
39515	UN	39515	GO:0019166
39519	UN	39519	GO:0018454
39523	UN	39523	GO:0080023
39527	UN	39527	GO:0019166
39531	UN	39531	GO:0018454
39535	UN	39535	GO:0080023
39539	UN	39539	GO:0019166
39543	UN	39543	GO:0018454
39547	UN	39547	GO:0080023
39551	UN	39551	GO:0019166
39555	UN	39555	GO:0018454
39559	UN	39559	GO:0080023
39563	UN	39563	GO:0019166
39575	UN	39575	GO:0018454
39579	UN	39579	GO:0080023
39587	UN	39587	GO:0018454
39591	UN	39591	GO:0080023
39599	UN	39599	GO:0018454
39603	UN	39603	GO:0080023
39611	UN	39611	GO:0018454
39615	UN	39615	GO:0080023
39623	UN	39623	GO:0018454
39627	UN	39627	GO:0080023
39635	UN	39635	GO:0018454
39639	UN	39639	GO:0080023
39651	UN	39651	GO:0018807
39663	UN	39663	GO:0052755
39687	UN	39687	GO:0080023
39699	UN	39699	GO:0080023
39711	UN	39711	GO:0052765
39719	UN	39719	GO:0140692
39751	UN	39751	GO:0120502
39755	UN	39755	GO:0052869
39759	UN	39759	GO:0120502
39803	UN	39803	GO:0050061
39807	UN	39807	GO:0005324
39835	UN	39835	GO:0052642
39847	UN	39847	GO:0047620
39895	UN	39895	GO:0102970
39931	UN	39931	GO:0004806
39935	UN	39935	GO:0120516
39939	UN	39939	GO:0120516
39951	UN	39951	GO:0003846
39959	UN	39959	GO:0047372
39975	UN	39975	GO:0120242
40027	UN	40027	GO:0062204
40047	UN	40047	GO:0004806
40055	UN	40055	GO:0004806
40059	UN	40059	GO:0052815
40079	UN	40079	GO:0120250
40083	UN	40083	GO:0140692
40095	UN	40095	GO:0050061
40103	UN	40103	GO:0141126
40111	UN	40111	GO:0141126
40115	UN	40115	GO:0052815
40119	UN	40119	GO:0052816
40131	UN	40131	GO:0052816
40135	UN	40135	GO:0052816
40139	UN	40139	GO:0052816
40143	UN	40143	GO:0052816
40147	UN	40147	GO:0052816
40151	UN	40151	GO:0052816
40163	UN	40163	GO:0043796
40167	UN	40167	GO:0120524
40171	UN	40171	GO:0120523
40175	UN	40175	GO:0120523
40179	UN	40179	GO:0120523
40183	UN	40183	GO:0120524
40187	UN	40187	GO:0018812
40191	UN	40191	GO:0106386
40199	UN	40199	GO:0102033
40203	UN	40203	GO:0102033
40207	UN	40207	GO:0018812
40211	UN	40211	GO:0003857
40219	UN	40219	GO:0016289
40223	UN	40223	GO:0052815
40239	UN	40239	GO:0047851
40243	UN	40243	GO:0106386
40271	UN	40271	GO:0003997
40275	UN	40275	GO:0003997
40287	UN	40287	GO:0047851
40291	UN	40291	GO:0047851
40295	UN	40295	GO:0047851
40311	UN	40311	GO:0120523
40315	UN	40315	GO:0003997
40319	UN	40319	GO:0044535
40323	UN	40323	GO:0004143
40327	UN	40327	GO:0004143
40335	UN	40335	GO:0004143
40359	UN	40359	GO:0004143
40363	UN	40363	GO:0016308
40367	UN	40367	GO:0016308
40415	UN	40415	GO:0052816
40419	UN	40419	GO:0052816
40427	UN	40427	GO:0004623
40439	UN	40439	GO:0061593
40443	UN	40443	GO:0061594
40459	UN	40459	GO:0016402
40471	UN	40471	GO:0003997
40475	UN	40475	GO:0004806
40479	UN	40479	GO:0003847
40487	UN	40487	GO:0008970
40511	UN	40511	GO:0061596
40519	UN	40519	GO:0004623
40523	UN	40523	GO:0008177
40551	UN	40551	GO:0052624
40575	UN	40575	GO:0016289
40583	UN	40583	GO:0016289
40587	UN	40587	GO:0016289
40591	UN	40591	GO:0016289
40595	UN	40595	GO:0016289
40607	UN	40607	GO:0047372
40627	UN	40627	GO:0004806
40643	UN	40643	GO:0004623
40651	UN	40651	GO:0004623
40659	UN	40659	GO:0008609
40671	UN	40671	GO:0120243
40715	UN	40715	GO:0016287
40723	UN	40723	GO:0052816
40775	UN	40775	GO:0000257
40783	UN	40783	GO:0052816
40787	UN	40787	GO:0052817
40791	UN	40791	GO:0052817
40799	UN	40799	GO:0141126
40811	UN	40811	GO:0004623
40939	UN	40939	GO:0000140
40955	UN	40955	GO:0090710
40963	UN	40963	GO:0050149
40967	UN	40967	GO:0120516
41079	UN	41079	GO:0047620
41147	UN	41147	GO:0102091
41167	UN	41167	GO:0008970
41171	UN	41171	GO:0008970
41175	UN	41175	GO:0043791
41183	UN	41183	GO:0003847
41207	UN	41207	GO:0008970
41219	UN	41219	GO:0120516
41223	UN	41223	GO:0004623
41227	UN	41227	GO:0003973
41251	UN	41251	GO:0106255
41255	UN	41255	GO:0008195
41267	UN	41267	GO:0017040
41275	UN	41275	GO:0017040
41279	UN	41279	GO:0017040
41283	UN	41283	GO:0017040
41287	UN	41287	GO:0017040
41291	UN	41291	GO:0017040
41295	UN	41295	GO:0017040
41299	UN	41299	GO:0017040
41336	UN	41336	GO:0106237
41368	UN	41368	GO:0003847
41372	UN	41372	GO:0003847
41376	UN	41376	GO:0003847
41380	UN	41380	GO:0018638
41396	UN	41396	GO:0047179
41412	UN	41412	GO:0004630
41416	UN	41416	GO:0004630
41436	UN	41436	GO:0034736
41448	UN	41448	GO:0102394
41464	UN	41464	GO:0102596
41468	UN	41468	GO:0102597
41472	UN	41472	GO:0102598
41508	UN	41508	GO:0031172
41556	UN	41556	GO:0106157
41592	UN	41592	GO:0036185
41612	UN	41612	GO:0102561
41616	UN	41616	GO:0102561
41672	UN	41672	GO:0047649
41680	UN	41680	GO:0008694
41724	UN	41724	GO:0120502
41728	UN	41728	GO:0102033
41732	UN	41732	GO:0004645
41740	UN	41740	GO:0043827
41744	UN	41744	GO:0001733
41760	UN	41760	GO:0003828
41768	UN	41768	GO:0003828
41772	UN	41772	GO:0003828
41788	UN	41788	GO:0004313
41800	UN	41800	GO:0004315
41808	UN	41808	GO:0019171
41812	UN	41812	GO:0141148
41820	UN	41820	GO:0004315
41828	UN	41828	GO:0019171
41836	UN	41836	GO:0004315
41844	UN	41844	GO:0019171
41852	UN	41852	GO:0004315
41860	UN	41860	GO:0019171
41868	UN	41868	GO:0004315
41876	UN	41876	GO:0019171
41884	UN	41884	GO:0004315
41892	UN	41892	GO:0019171
41900	UN	41900	GO:0004315
41908	UN	41908	GO:0019171
41916	UN	41916	GO:0004315
41924	UN	41924	GO:0019171
41932	UN	41932	GO:0016297
41944	UN	41944	GO:0043744
41948	UN	41948	GO:0043870
41956	UN	41956	GO:0004113
41964	UN	41964	GO:0120522
41968	UN	41968	GO:0047290
41984	UN	41984	GO:0004022
41992	UN	41992	GO:0044594
42004	UN	42004	GO:0047044
42012	UN	42012	GO:0004022
42016	UN	42016	GO:0004022
42020	UN	42020	GO:0004022
42024	UN	42024	GO:0106282
42028	UN	42028	GO:0106283
42032	UN	42032	GO:0140680
42036	UN	42036	GO:0106281
42052	UN	42052	GO:0004022
42056	UN	42056	GO:0004022
42060	UN	42060	GO:0004022
42064	UN	42064	GO:0061501
42072	UN	42072	GO:0018817
42080	UN	42080	GO:0001758
42084	UN	42084	GO:0001758
42116	UN	42116	GO:0140169
42120	UN	42120	GO:0072582
42124	UN	42124	GO:0044594
42132	UN	42132	GO:0050143
42156	UN	42156	GO:0072582
42184	UN	42184	GO:0004022
42188	UN	42188	GO:0004022
42200	UN	42200	GO:0070524
42204	UN	42204	GO:0070523
42212	UN	42212	GO:0008970
42248	UN	42248	GO:0004315
42252	UN	42252	GO:0004315
42260	UN	42260	GO:0004315
42264	UN	42264	GO:0061990
42268	UN	42268	GO:0004315
42272	UN	42272	GO:0004315
42276	UN	42276	GO:0004315
42292	UN	42292	GO:0043811
42305	LR	42304	GO:0008962
42308	UN	42308	GO:0102091
42320	UN	42320	GO:0102091
42328	UN	42328	GO:0004438
42332	UN	42332	GO:0043774
42336	UN	42336	GO:0103012
42340	UN	42340	GO:0004029
42344	UN	42344	GO:0018570
42348	UN	42348	GO:0000285
42384	UN	42384	GO:0004029
42392	UN	42392	GO:0047640
42404	UN	42404	GO:0033920
42424	UN	42424	GO:0047508
42448	UN	42448	GO:0043717
42460	UN	42460	GO:0018610
42488	UN	42488	GO:0102922
42500	UN	42500	GO:0004090
42520	UN	42520	GO:0160139
42524	UN	42524	GO:0160140
42528	UN	42528	GO:0160141
42532	UN	42532	GO:0160148
42536	UN	42536	GO:0160149
42540	UN	42540	GO:0160150
42544	UN	42544	GO:0160151
42548	UN	42548	GO:0160142
42552	UN	42552	GO:0160152
42556	UN	42556	GO:0160143
42560	UN	42560	GO:0160153
42564	UN	42564	GO:0160154
42568	UN	42568	GO:0018571
42580	UN	42580	GO:0004828
42584	UN	42584	GO:0102091
42588	UN	42588	GO:0003841
42604	UN	42604	GO:0120516
42636	UN	42636	GO:0008265
42640	UN	42640	GO:0043770
42652	UN	42652	GO:0141133
42656	UN	42656	GO:0061685
42672	UN	42672	GO:0044875
42688	UN	42688	GO:1990411
42700	UN	42700	GO:0090499
42704	UN	42704	GO:0061686
42708	UN	42708	GO:0008176
42712	UN	42712	GO:0030697
42716	UN	42716	GO:0043828
42720	UN	42720	GO:0008650
42724	UN	42724	GO:0062105
42728	UN	42728	GO:0008650
42736	UN	42736	GO:0052914
42740	UN	42740	GO:0052915
42744	UN	42744	GO:0052916
42760	UN	42760	GO:0043878
42764	UN	42764	GO:0043794
42768	UN	42768	GO:0004090
42780	UN	42780	GO:0052909
42784	UN	42784	GO:0052910
42788	UN	42788	GO:0062105
42792	UN	42792	GO:0034736
42796	UN	42796	GO:0034736
42800	UN	42800	GO:0102223
42804	UN	42804	GO:0044684
42808	UN	42808	GO:0052806
42812	UN	42812	GO:0034736
42816	UN	42816	GO:0034736
42856	UN	42856	GO:0000810
42860	UN	42860	GO:0008195
42892	UN	42892	GO:0090613
42896	UN	42896	GO:0102559
42900	UN	42900	GO:0052911
42904	UN	42904	GO:0052912
42916	UN	42916	GO:0070040
42924	UN	42924	GO:0062105
42928	UN	42928	GO:0071424
42932	UN	42932	GO:0106339
42936	UN	42936	GO:0160206
42940	UN	42940	GO:0016428
42944	UN	42944	GO:0016428
42948	UN	42948	GO:0016428
42952	UN	42952	GO:0016428
42956	UN	42956	GO:0016428
42964	UN	42964	GO:0106029
42968	UN	42968	GO:0106059
43068	UN	43068	GO:0102373
43084	UN	43084	GO:0141098
43088	UN	43088	GO:0141102
43092	UN	43092	GO:0008650
43100	UN	43100	GO:0141101
43108	UN	43108	GO:0050304
43112	UN	43112	GO:0097620
43116	UN	43116	GO:0102772
43120	UN	43120	GO:0097641
43124	UN	43124	GO:0160101
43128	UN	43128	GO:0160102
43136	UN	43136	GO:0160103
43140	UN	43140	GO:0160104
43144	UN	43144	GO:0160105
43148	UN	43148	GO:0160106
43152	UN	43152	GO:0160107
43156	UN	43156	GO:0052905
43160	UN	43160	GO:7770054
43168	UN	43168	GO:0052717
43192	UN	43192	GO:0140386
43196	UN	43196	GO:0140386
43200	UN	43200	GO:0062105
43204	UN	43204	GO:0062105
43208	UN	43208	GO:0106335
43212	UN	43212	GO:0030743
43220	UN	43220	GO:0036308
43228	UN	43228	GO:1990259
43236	UN	43236	GO:0008195
43252	UN	43252	GO:0008195
43256	UN	43256	GO:0008195
43260	UN	43260	GO:0008195
43280	UN	43280	GO:0008195
43284	UN	43284	GO:0008195
43296	UN	43296	GO:0008195
43304	UN	43304	GO:0001733
43308	UN	43308	GO:0047620
43312	UN	43312	GO:0001729
43316	UN	43316	GO:0047620
43320	UN	43320	GO:0033188
43328	UN	43328	GO:0047620
43332	UN	43332	GO:0002935
43380	UN	43380	GO:0098627
43384	UN	43384	GO:1990424
43388	UN	43388	GO:0052828
43392	UN	43392	GO:0017161
43396	UN	43396	GO:0046934
43400	UN	43400	GO:0003851
43416	UN	43416	GO:0004143
43424	UN	43424	GO:0004143
43428	UN	43428	GO:0004143
43432	UN	43432	GO:0052934
43448	UN	43448	GO:0004466
43456	UN	43456	GO:0016937
43464	UN	43464	GO:0070991
43484	UN	43484	GO:0120548
43504	UN	43504	GO:0047639
43532	UN	43532	GO:0097657
43540	UN	43540	GO:0008772
43548	UN	43548	GO:0034485
43552	UN	43552	GO:0016314
43556	UN	43556	GO:0034485
43560	UN	43560	GO:0016314
43572	UN	43572	GO:0008718
43576	UN	43576	GO:0004439
43604	UN	43604	GO:0141197
43616	UN	43616	GO:0061605
43636	UN	43636	GO:0034979
43700	UN	43700	GO:0019010
43716	UN	43716	GO:0047388
43720	UN	43720	GO:0019010
43724	UN	43724	GO:0120512
43728	UN	43728	GO:0120511
43732	UN	43732	GO:0004806
43736	UN	43736	GO:0036307
43740	UN	43740	GO:0031956
43744	UN	43744	GO:0032267
43748	UN	43748	GO:0031957
43752	UN	43752	GO:0008999
43756	UN	43756	GO:0008999
43760	UN	43760	GO:1990189
43764	UN	43764	GO:0047747
43780	UN	43780	GO:0003853
43788	UN	43788	GO:0051392
43792	UN	43792	GO:0106142
43836	UN	43836	GO:0031073
43848	UN	43848	GO:0030612
43892	UN	43892	GO:0031071
43924	UN	43924	GO:0004022
43928	UN	43928	GO:0004769
43932	UN	43932	GO:0003854
43936	UN	43936	GO:0004769
43968	UN	43968	GO:0008970
44004	UN	44004	GO:0120515
44008	UN	44008	GO:0102673
44012	UN	44012	GO:0008951
44016	UN	44016	GO:0102673
44020	UN	44020	GO:0050061
44024	UN	44024	GO:0080023
44028	UN	44028	GO:1990594
44032	UN	44032	GO:0004301
44036	UN	44036	GO:0004301
44040	UN	44040	GO:0004301
44044	UN	44044	GO:0004301
44048	UN	44048	GO:0004301
44076	UN	44076	GO:0004467
44080	UN	44080	GO:0031956
44084	UN	44084	GO:0004467
44088	UN	44088	GO:0031956
44092	UN	44092	GO:0004467
44100	UN	44100	GO:0052814
44104	UN	44104	GO:0052814
44108	UN	44108	GO:0052814
44140	UN	44140	GO:0043873
44144	UN	44144	GO:0103045
44152	UN	44152	GO:0052834
44156	UN	44156	GO:0052834
44160	UN	44160	GO:0052834
44168	UN	44168	GO:0052814
44172	UN	44172	GO:0050061
44176	UN	44176	GO:0120516
44180	UN	44180	GO:0003853
44192	UN	44192	GO:0004467
44196	UN	44196	GO:0120515
44200	UN	44200	GO:0004467
44204	UN	44204	GO:0004467
44208	UN	44208	GO:0004467
44212	UN	44212	GO:0004467
44216	UN	44216	GO:0004467
44220	UN	44220	GO:0004467
44224	UN	44224	GO:0004467
44228	UN	44228	GO:0031956
44312	UN	44312	GO:0047372
44316	UN	44316	GO:0047372
44320	UN	44320	GO:0047372
44332	UN	44332	GO:0034026
44360	UN	44360	GO:0002952
44380	UN	44380	GO:0061542
44400	UN	44400	GO:0061542
44404	UN	44404	GO:0061542
44408	UN	44408	GO:0008970
44412	UN	44412	GO:0061542
44444	UN	44444	GO:0120516
44452	UN	44452	GO:0010420
44480	UN	44480	GO:0010420
44484	UN	44484	GO:0010420
44488	UN	44488	GO:0010420
44492	UN	44492	GO:0010420
44504	UN	44504	GO:0008412
44548	UN	44548	GO:0120502
44556	UN	44556	GO:0008412
44560	UN	44560	GO:0008412
44564	UN	44564	GO:0008412
44568	UN	44568	GO:0008694
44572	UN	44572	GO:0008694
44576	UN	44576	GO:0008694
44580	UN	44580	GO:0008694
44588	UN	44588	GO:0120561
44592	UN	44592	GO:0102208
44596	UN	44596	GO:0016297
44608	UN	44608	GO:0102208
44612	UN	44612	GO:0102208
44644	UN	44644	GO:0047429
44648	UN	44648	GO:0008970
44680	UN	44680	GO:0052810
44688	UN	44688	GO:0047372
44704	UN	44704	GO:0003995
44712	UN	44712	GO:0120516
44728	UN	44728	GO:0047372
44752	UN	44752	GO:0008425
44756	UN	44756	GO:0008425
44760	UN	44760	GO:0008425
44764	UN	44764	GO:0008425
44768	UN	44768	GO:0120539
44776	UN	44776	GO:0043770
44780	UN	44780	GO:0043770
44784	UN	44784	GO:0043770
44788	UN	44788	GO:0043770
44792	UN	44792	GO:0043770
44796	UN	44796	GO:0043770
44800	UN	44800	GO:0046428
44804	UN	44804	GO:0046428
44808	UN	44808	GO:0046428
44812	UN	44812	GO:0046428
44816	UN	44816	GO:0046428
44820	UN	44820	GO:0046428
44864	UN	44864	GO:0004806
44876	UN	44876	GO:0120516
44884	UN	44884	GO:0035755
44896	UN	44896	GO:0003851
44900	UN	44900	GO:0050490
44904	UN	44904	GO:0004346
44932	UN	44932	GO:0004467
44936	UN	44936	GO:0004467
45020	UN	45020	GO:0036009
45024	UN	45024	GO:0170056
45032	UN	45032	GO:0140305
45036	UN	45036	GO:0033740
45048	UN	45048	GO:0004040
45060	UN	45060	GO:0047412
45064	UN	45064	GO:0047412
45084	UN	45084	GO:0052722
45088	UN	45088	GO:0106258
45092	UN	45092	GO:0017040
45096	UN	45096	GO:0102985
45108	UN	45108	GO:0052871
45116	UN	45116	GO:0004090
45120	UN	45120	GO:0004022
45140	UN	45140	GO:0008488
45156	UN	45156	GO:0141126
45200	UN	45200	GO:0102036
45204	UN	45204	GO:0047152
45208	UN	45208	GO:1990088
45212	UN	45212	GO:0043884
45216	UN	45216	GO:0043833
45220	UN	45220	GO:0043833
45224	UN	45224	GO:0051750
45228	UN	45228	GO:0004165
45232	UN	45232	GO:0008670
45240	UN	45240	GO:0051750
45244	UN	45244	GO:0051750
45252	UN	45252	GO:0005324
45256	UN	45256	GO:0005324
45264	UN	45264	GO:0005324
45284	UN	45284	GO:0050291
45304	UN	45304	GO:0034480
45312	UN	45312	GO:0036130
45316	UN	45316	GO:0036131
45324	UN	45324	GO:0004767
45336	UN	45336	GO:1990698
45340	UN	45340	GO:1990699
45348	UN	45348	GO:0017040
45352	UN	45352	GO:0004301
45356	UN	45356	GO:0017040
45452	UN	45452	GO:0047412
45484	UN	45484	GO:0004737
45528	UN	45528	GO:0070290
45532	UN	45532	GO:0070290
45536	UN	45536	GO:0070290
45540	UN	45540	GO:0070290
45552	UN	45552	GO:0070290
45556	UN	45556	GO:0070290
45560	UN	45560	GO:0047661
45584	UN	45584	GO:0120092
45588	UN	45588	GO:0008922
45596	UN	45596	GO:0070290
45608	UN	45608	GO:0070290
45612	UN	45612	GO:0070290
45616	UN	45616	GO:0070290
45620	UN	45620	GO:0070290
45632	UN	45632	GO:0052629
45636	UN	45636	GO:0052629
45652	UN	45652	GO:0004605
45664	UN	45664	GO:0004605
45668	UN	45668	GO:0004605
45704	UN	45704	GO:0045551
45716	UN	45716	GO:0016289
45724	UN	45724	GO:0045551
45736	UN	45736	GO:0004165
45748	UN	45748	GO:0004165
45752	UN	45752	GO:0004165
45764	UN	45764	GO:0004029
45776	UN	45776	GO:0080061
45784	UN	45784	GO:0000257
45796	UN	45796	GO:0018454
45812	UN	45812	GO:0102158
45824	UN	45824	GO:0102705
45832	UN	45832	GO:0106386
45836	UN	45836	GO:0043812
45844	UN	45844	GO:0018454
45848	UN	45848	GO:0018454
45892	UN	45892	GO:0002950
45896	UN	45896	GO:0002950
45900	UN	45900	GO:0004165
45948	UN	45948	GO:0061733
45960	UN	45960	GO:0008398
45992	UN	45992	GO:0018812
45996	UN	45996	GO:0008718
46012	UN	46012	GO:0008924
46036	UN	46036	GO:0004137
46040	UN	46040	GO:0004137
46044	UN	46044	GO:0004165
46052	UN	46052	GO:1990838
46068	UN	46068	GO:0004165
46072	UN	46072	GO:0050343
46076	UN	46076	GO:0050343
46080	UN	46080	GO:0050343
46084	UN	46084	GO:0000121
46100	UN	46100	GO:0004507
46104	UN	46104	GO:0004507
46112	UN	46112	GO:0000773
46124	UN	46124	GO:0033782
46132	UN	46132	GO:0001567
46148	UN	46148	GO:0106375
46160	UN	46160	GO:0050136
46164	UN	46164	GO:0008753
46168	UN	46168	GO:0031955
46172	UN	46172	GO:0031955
46176	UN	46176	GO:0031955
46180	UN	46180	GO:0043759
46184	UN	46184	GO:0031955
46188	UN	46188	GO:0018762
46208	UN	46208	GO:0004467
46216	UN	46216	GO:0000253
46220	UN	46220	GO:0044594
46224	UN	46224	GO:0016289
46232	UN	46232	GO:0102988
46236	UN	46236	GO:0102431
46260	UN	46260	GO:0102866
46264	UN	46264	GO:0102866
46268	UN	46268	GO:0052631
46272	UN	46272	GO:0052631
46276	UN	46276	GO:0043883
46296	UN	46296	GO:0050649
46304	UN	46304	GO:0062184
46308	UN	46308	GO:0004508
46312	UN	46312	GO:0003988
46316	UN	46316	GO:0102224
46332	UN	46332	GO:0050184
46340	UN	46340	GO:0001729
46348	UN	46348	GO:0018812
46352	UN	46352	GO:0018812
46356	UN	46356	GO:0102033
46360	UN	46360	GO:0050183
46364	UN	46364	GO:0102772
46376	UN	46376	GO:0102850
46396	UN	46396	GO:0050600
46404	UN	46404	GO:0102859
46408	UN	46408	GO:0102993
46412	UN	46412	GO:0102993
46420	UN	46420	GO:0062076
46424	UN	46424	GO:0062076
46512	UN	46512	GO:0102771
46520	UN	46520	GO:0120521
46536	UN	46536	GO:0102865
46544	UN	46544	GO:0042284
46552	UN	46552	GO:0016720
46556	UN	46556	GO:0050046
46560	UN	46560	GO:0050046
46576	UN	46576	GO:0000249
46600	UN	46600	GO:0106310
46612	UN	46612	GO:0034736
46616	UN	46616	GO:0062180
46620	UN	46620	GO:0034736
46624	UN	46624	GO:0036348
46628	UN	46628	GO:0072582
46632	UN	46632	GO:0047787
46636	UN	46636	GO:0047787
46640	UN	46640	GO:0047787
46644	UN	46644	GO:0047787
46652	UN	46652	GO:0047787
46656	UN	46656	GO:0047787
46660	UN	46660	GO:0047787
46664	UN	46664	GO:0047787
46668	UN	46668	GO:0047787
46672	UN	46672	GO:0047787
46680	UN	46680	GO:0090524
46720	UN	46720	GO:0080023
46724	UN	46724	GO:0008111
46752	UN	46752	GO:0008397
46756	UN	46756	GO:0102843
46764	UN	46764	GO:0102654
46792	UN	46792	GO:0102003
46796	UN	46796	GO:0102003
46832	UN	46832	GO:0000253
46852	UN	46852	GO:0000253
46876	UN	46876	GO:0047643
46880	UN	46880	GO:0047224
46884	UN	46884	GO:0047224
47004	UN	47004	GO:0004722
47032	UN	47032	GO:0103016
47036	UN	47036	GO:0120159
47040	UN	47040	GO:0061708
47072	UN	47072	GO:0047372
47080	UN	47080	GO:0047787
47084	UN	47084	GO:0010326
47124	UN	47124	GO:0004046
47128	UN	47128	GO:0047747
47132	UN	47132	GO:0001758
47136	UN	47136	GO:0047747
47140	UN	47140	GO:0016213
47144	UN	47144	GO:0016213
47148	UN	47148	GO:0034875
47152	UN	47152	GO:0044104
47196	UN	47196	GO:0016937
47204	UN	47204	GO:0101020
47208	UN	47208	GO:0101021
47212	UN	47212	GO:0101021
47228	UN	47228	GO:0004466
47232	UN	47232	GO:0017099
47236	UN	47236	GO:0004466
47240	UN	47240	GO:0004466
47248	UN	47248	GO:0080049
47264	UN	47264	GO:0070251
47296	UN	47296	GO:0070991
47300	UN	47300	GO:0004466
47304	UN	47304	GO:0004466
47316	UN	47316	GO:0004466
47332	UN	47332	GO:0101020
47348	UN	47348	GO:0106435
47352	UN	47352	GO:0106435
47356	UN	47356	GO:0106435
47360	UN	47360	GO:0106435
47364	UN	47364	GO:0106435
47368	UN	47368	GO:0043750
47372	UN	47372	GO:0140762
47388	UN	47388	GO:0106435
47392	UN	47392	GO:0106435
47400	UN	47400	GO:0003988
47416	UN	47416	GO:0102986
47424	UN	47424	GO:0018812
47428	UN	47428	GO:0016509
47432	UN	47432	GO:0004466
47436	UN	47436	GO:0018812
47440	UN	47440	GO:0016509
47444	UN	47444	GO:0003988
47448	UN	47448	GO:0004466
47452	UN	47452	GO:0018812
47456	UN	47456	GO:0016509
47460	UN	47460	GO:0003988
47464	UN	47464	GO:0004165
47468	UN	47468	GO:0051750
47476	UN	47476	GO:0004165
47524	UN	47524	GO:0003954
47540	UN	47540	GO:0004090
47612	UN	47612	GO:0047228
47632	UN	47632	GO:0050018
47648	UN	47648	GO:0110130
47656	UN	47656	GO:0140085
47660	UN	47660	GO:0140085
47664	UN	47664	GO:0061697
47668	UN	47668	GO:0036055
47672	UN	47672	GO:0036054
47716	UN	47716	GO:0102635
47720	UN	47720	GO:0035888
47724	UN	47724	GO:0061928
47756	UN	47756	GO:0062105
47760	UN	47760	GO:0008650
47764	UN	47764	GO:0008650
47768	UN	47768	GO:0062105
47772	UN	47772	GO:0062105
47776	UN	47776	GO:0062105
47796	UN	47796	GO:0030059
47800	UN	47800	GO:0010326
47824	UN	47824	GO:0004315
47864	UN	47864	GO:0004806
47868	UN	47868	GO:0120516
47904	UN	47904	GO:0001729
47928	UN	47928	GO:0033721
47932	UN	47932	GO:0004029
47936	UN	47936	GO:0047427
47948	UN	47948	GO:0042131
47952	UN	47952	GO:0050170
47956	UN	47956	GO:0102054
47960	UN	47960	GO:0101006
47964	UN	47964	GO:0101006
47992	UN	47992	GO:0008750
48024	UN	48024	GO:0004806
48028	UN	48028	GO:0004806
48052	UN	48052	GO:0001537
48076	UN	48076	GO:0047645
48096	UN	48096	GO:0035242
48100	UN	48100	GO:0035241
48108	UN	48108	GO:0035243
48116	UN	48116	GO:0019702
48128	UN	48128	GO:0120557
48140	UN	48140	GO:0032441
48176	UN	48176	GO:0070991
48180	UN	48180	GO:0070991
48188	UN	48188	GO:0004466
48208	UN	48208	GO:0070991
48216	UN	48216	GO:0017099
48220	UN	48220	GO:0017099
48256	UN	48256	GO:0003853
48288	UN	48288	GO:0003828
48316	UN	48316	GO:0047290
48328	UN	48328	GO:0017060
48340	UN	48340	GO:0031956
48348	UN	48348	GO:0009982
48396	UN	48396	GO:0106268
48400	UN	48400	GO:0160082
48432	UN	48432	GO:0102193
48480	UN	48480	GO:0046509
48488	UN	48488	GO:0004745
48492	UN	48492	GO:0046509
48496	UN	48496	GO:0046509
48520	UN	48520	GO:0010296
48544	UN	48544	GO:0018423
48548	UN	48548	GO:0051723
48556	UN	48556	GO:0043793
48560	UN	48560	GO:0102682
48592	UN	48592	GO:0036397
48596	UN	48596	GO:0120516
48612	UN	48612	GO:0061604
48620	UN	48620	GO:0047066
48628	UN	48628	GO:0062105
48632	UN	48632	GO:0106256
48636	UN	48636	GO:0106256
48644	UN	48644	GO:0036134
48656	UN	48656	GO:0097265
48664	UN	48664	GO:0102033
48668	UN	48668	GO:0097258
48672	UN	48672	GO:0097259
48680	UN	48680	GO:0141040
48688	UN	48688	GO:0106415
48728	UN	48728	GO:0004022
48748	UN	48748	GO:0004022
48756	UN	48756	GO:0004022
48760	UN	48760	GO:0004022
48792	UN	48792	GO:0008107
48824	UN	48824	GO:0017060
48868	UN	48868	GO:0035529
48872	UN	48872	GO:0034071
48876	UN	48876	GO:0102571
48880	UN	48880	GO:0008805
48884	UN	48884	GO:0033728
48888	UN	48888	GO:0047066
48892	UN	48892	GO:0102571
48904	UN	48904	GO:0097363
48908	UN	48908	GO:0097363
48912	UN	48912	GO:0003828
48924	UN	48924	GO:0003828
48928	UN	48928	GO:0003828
48932	UN	48932	GO:0003828
48936	UN	48936	GO:0031545
48956	UN	48956	GO:0004447
48960	UN	48960	GO:0004447
48964	UN	48964	GO:0004447
48968	UN	48968	GO:0004447
48976	UN	48976	GO:0102169
48984	UN	48984	GO:0018602
48992	UN	48992	GO:0102613
49064	UN	49064	GO:0062185
49076	UN	49076	GO:0018640
49112	UN	49112	GO:0102168
49192	UN	49192	GO:0062181
49232	UN	49232	GO:0022870
49236	UN	49236	GO:0022878
49240	UN	49240	GO:0022880
49276	UN	49276	GO:0102763
49288	UN	49288	GO:0016979
49292	UN	49292	GO:0022874
49296	UN	49296	GO:0022871
49436	UN	49436	GO:0033881
49440	UN	49440	GO:0043712
49444	UN	49444	GO:0016289
49452	UN	49452	GO:1990929
49468	UN	49468	GO:0046510
49472	UN	49472	GO:1990585
49516	UN	49516	GO:1990930
49520	UN	49520	GO:1990931
49524	UN	49524	GO:0141131
49548	UN	49548	GO:0036524
49552	UN	49552	GO:0036524
49556	UN	49556	GO:0036524
49576	UN	49576	GO:0061798
49580	UN	49580	GO:0061799
49600	UN	49600	GO:0047851
49612	UN	49612	GO:0120568
49636	UN	49636	GO:0004031
49676	UN	49676	GO:0120501
49772	UN	49772	GO:0047961
49780	UN	49780	GO:0047961
49788	UN	49788	GO:0047961
49792	UN	49792	GO:0047961
49796	UN	49796	GO:0004046
49816	UN	49816	GO:0140304
49832	UN	49832	GO:0102673
49852	UN	49852	GO:0004165
49856	UN	49856	GO:0008404
49860	UN	49860	GO:0008404
49876	UN	49876	GO:0008405
49880	UN	49880	GO:0008405
49884	UN	49884	GO:0106302
49928	UN	49928	GO:0106302
49932	UN	49932	GO:0004165
49936	UN	49936	GO:0106301
49976	UN	49976	GO:0010945
49980	UN	49980	GO:0010945
50016	UN	50016	GO:0010945
50020	UN	50020	GO:0010945
50024	UN	50024	GO:0010945
50028	UN	50028	GO:0010945
50032	UN	50032	GO:0010945
50036	UN	50036	GO:0010945
50040	UN	50040	GO:0010945
50044	UN	50044	GO:0010945
50048	UN	50048	GO:0015432
50132	UN	50132	GO:0030339
50136	UN	50136	GO:0106435
50144	UN	50144	GO:0106435
50148	UN	50148	GO:0106435
50152	UN	50152	GO:0106256
50192	UN	50192	GO:0030158
50208	UN	50208	GO:0070523
50216	UN	50216	GO:0106255
50224	UN	50224	GO:0102208
50236	UN	50236	GO:0004508
50240	UN	50240	GO:0030340
50244	UN	50244	GO:0004508
50292	UN	50292	GO:0061896
50304	UN	50304	GO:0106309
50308	UN	50308	GO:0103069
50312	UN	50312	GO:0004737
50316	UN	50316	GO:0030339
50348	UN	50348	GO:0004579
50364	UN	50364	GO:0102632
50416	UN	50416	GO:0008914
50480	UN	50480	GO:0120518
50484	UN	50484	GO:0120518
50488	UN	50488	GO:0120518
50492	UN	50492	GO:0120518
50500	UN	50500	GO:0008999
50504	UN	50504	GO:1990189
50508	UN	50508	GO:0004596
50512	UN	50512	GO:0004596
50516	UN	50516	GO:0004596
50520	UN	50520	GO:0120518
50524	UN	50524	GO:0120518
50528	UN	50528	GO:0120518
50532	UN	50532	GO:0120518
50560	UN	50560	GO:0120518
50564	UN	50564	GO:0120518
50568	UN	50568	GO:0120518
50572	UN	50572	GO:0120518
50576	UN	50576	GO:0120518
50580	UN	50580	GO:0120518
50596	UN	50596	GO:1990189
50600	UN	50600	GO:1990189
50604	UN	50604	GO:0120518
50608	UN	50608	GO:0097257
50624	UN	50624	GO:0010177
50632	UN	50632	GO:0120528
50636	UN	50636	GO:0120528
50648	UN	50648	GO:0120528
50652	UN	50652	GO:0120528
50656	UN	50656	GO:0120528
50660	UN	50660	GO:0120528
50664	UN	50664	GO:0008107
50672	UN	50672	GO:0035885
50676	UN	50676	GO:0008418
50680	UN	50680	GO:0070773
50684	UN	50684	GO:0102572
50704	UN	50704	GO:0004022
50708	UN	50708	GO:0047066
50732	UN	50732	GO:0047085
50772	UN	50772	GO:0052664
50816	UN	50816	GO:0047751
50820	UN	50820	GO:0047751
50888	UN	50888	GO:0106235
50904	UN	50904	GO:0036009
50908	UN	50908	GO:0008682
50944	UN	50944	GO:0043786
50956	UN	50956	GO:0052735
50960	UN	50960	GO:0052735
50968	UN	50968	GO:0043829
50996	UN	50996	GO:0030785
51000	UN	51000	GO:0016279
51004	UN	51004	GO:0052933
51008	UN	51008	GO:0052933
51020	UN	51020	GO:0052934
51024	UN	51024	GO:0018652
51048	UN	51048	GO:0003865
51052	UN	51052	GO:0047571
51060	UN	51060	GO:0003865
51072	UN	51072	GO:0047686
51116	UN	51116	GO:0160117
51124	UN	51124	GO:0106032
51128	UN	51128	GO:0030058
51148	UN	51148	GO:0047645
51152	UN	51152	GO:0120147
51160	UN	51160	GO:0016428
51164	UN	51164	GO:0016428
51168	UN	51168	GO:0097621
51172	UN	51172	GO:0016428
51176	UN	51176	GO:0016428
51180	UN	51180	GO:0016428
51184	UN	51184	GO:0120560
51192	UN	51192	GO:0051990
51196	UN	51196	GO:0005335
51220	UN	51220	GO:0004364
51268	UN	51268	GO:0016206
51272	UN	51272	GO:0047961
51300	UN	51300	GO:0004046
51308	UN	51308	GO:0120501
51312	UN	51312	GO:0004046
51316	UN	51316	GO:0004046
51352	UN	51352	GO:0004046
51356	UN	51356	GO:0004046
51360	UN	51360	GO:0004046
51364	UN	51364	GO:0047961
51368	UN	51368	GO:0047961
51372	UN	51372	GO:0047961
51388	UN	51388	GO:0004059
51404	UN	51404	GO:0001716
51424	UN	51424	GO:1990883
51444	UN	51444	GO:0004046
51456	UN	51456	GO:0004046
51460	UN	51460	GO:0004046
51468	UN	51468	GO:0102029
51472	UN	51472	GO:0008404
51480	UN	51480	GO:0008405
51492	UN	51492	GO:0062182
51496	UN	51496	GO:0008481
51504	UN	51504	GO:0120514
51524	UN	51524	GO:0102964
51540	UN	51540	GO:0102963
51564	UN	51564	GO:0036199
51604	UN	51604	GO:0018694
51608	UN	51608	GO:0099615
51612	UN	51612	GO:0051990
51636	UN	51636	GO:0033797
51644	UN	51644	GO:0170056
51736	UN	51736	GO:0016279
51848	UN	51848	GO:0000104
51884	UN	51884	GO:0047661
51972	UN	51972	GO:0120526
51984	UN	51984	GO:0016712
52004	UN	52004	GO:0047551
52008	UN	52008	GO:0004467
52012	UN	52012	GO:0004467
52016	UN	52016	GO:0004467
52048	UN	52048	GO:0120573
52052	UN	52052	GO:0120573
52056	UN	52056	GO:0120573
52060	UN	52060	GO:0120573
52064	UN	52064	GO:0120573
52068	UN	52068	GO:0120573
52072	UN	52072	GO:0120573
52076	UN	52076	GO:0120573
52080	UN	52080	GO:0120573
52084	UN	52084	GO:0120573
52088	UN	52088	GO:0004467
52092	UN	52092	GO:0120573
52096	UN	52096	GO:0120573
52104	UN	52104	GO:0003835
52108	UN	52108	GO:0004467
52112	UN	52112	GO:0004467
52116	UN	52116	GO:0004467
52128	UN	52128	GO:0033699
52132	UN	52132	GO:0033699
52140	UN	52140	GO:0120108
52216	UN	52216	GO:0004649
52264	UN	52264	GO:0102913
52312	UN	52312	GO:0036133
52316	UN	52316	GO:0008118
52368	UN	52368	GO:0051922
52372	UN	52372	GO:0050294
52380	UN	52380	GO:0047288
52432	UN	52432	GO:0008838
52448	UN	52448	GO:0015020
52452	UN	52452	GO:0015020
52456	UN	52456	GO:0015020
52460	UN	52460	GO:0015020
52464	UN	52464	GO:0015020
52468	UN	52468	GO:0015020
52472	UN	52472	GO:0015020
52476	UN	52476	GO:0015020
52528	UN	52528	GO:0047297
52584	UN	52584	GO:0033792
52588	UN	52588	GO:0033792
52592	UN	52592	GO:0033792
52596	UN	52596	GO:0033792
52620	UN	52620	GO:0034784
52628	UN	52628	GO:0004046
52636	UN	52636	GO:0070579
52644	UN	52644	GO:0050490
52648	UN	52648	GO:0050490
52656	UN	52656	GO:0016509
52664	UN	52664	GO:0018812
52680	UN	52680	GO:0140085
52692	UN	52692	GO:0047029
52704	UN	52704	GO:0047405
52716	UN	52716	GO:0102965
52724	UN	52724	GO:0120527
52728	UN	52728	GO:0080131
52732	UN	52732	GO:0080131
52736	UN	52736	GO:0047364
52808	UN	52808	GO:0120048
52820	UN	52820	GO:0160210
52856	UN	52856	GO:0047865
52860	UN	52860	GO:0031955
52880	UN	52880	GO:0015020
52884	UN	52884	GO:0018546
52916	UN	52916	GO:0015020
52920	UN	52920	GO:0015020
52924	UN	52924	GO:0015020
52940	UN	52940	GO:0015020
52944	UN	52944	GO:0015020
52948	UN	52948	GO:0015020
52952	UN	52952	GO:0015020
52956	UN	52956	GO:0015020
52960	UN	52960	GO:0015020
52964	UN	52964	GO:0015020
52968	UN	52968	GO:0015020
53000	UN	53000	GO:0015020
53004	UN	53004	GO:0015020
53008	UN	53008	GO:0045547
53028	UN	53028	GO:0015020
53032	UN	53032	GO:0015020
53036	UN	53036	GO:0015020
53040	UN	53040	GO:0015020
53044	UN	53044	GO:0120550
53048	UN	53048	GO:0015020
53052	UN	53052	GO:0015020
53060	UN	53060	GO:0015020
53064	UN	53064	GO:0015020
53068	UN	53068	GO:0015020
53072	UN	53072	GO:0015020
53076	UN	53076	GO:0016428
53080	UN	53080	GO:0015020
53116	UN	53116	GO:0070523
53140	UN	53140	GO:0062187
53144	UN	53144	GO:0062188
53148	UN	53148	GO:0062189
53196	UN	53196	GO:0008390
53208	UN	53208	GO:0033773
53296	UN	53296	GO:0008670
53336	UN	53336	GO:0017150
53340	UN	53340	GO:0017150
53344	UN	53344	GO:0102266
53348	UN	53348	GO:0102266
53352	UN	53352	GO:0102267
53356	UN	53356	GO:0102267
53360	UN	53360	GO:0017150
53364	UN	53364	GO:0017150
53368	UN	53368	GO:0102263
53372	UN	53372	GO:0102263
53376	UN	53376	GO:0102262
53380	UN	53380	GO:0102262
53388	UN	53388	GO:0015020
53392	UN	53392	GO:0018631
53400	UN	53400	GO:0106255
53404	UN	53404	GO:0106255
53432	UN	53432	GO:0008499
53448	UN	53448	GO:0004607
53452	UN	53452	GO:0004607
53456	UN	53456	GO:0004607
53460	UN	53460	GO:0004607
53464	UN	53464	GO:0004607
53468	UN	53468	GO:0004607
53472	UN	53472	GO:0004607
53476	UN	53476	GO:0004607
53480	UN	53480	GO:0072582
53484	UN	53484	GO:0072582
53488	UN	53488	GO:0072582
53492	UN	53492	GO:0030269
53496	UN	53496	GO:0008970
53500	UN	53500	GO:0004623
53516	UN	53516	GO:0004607
53520	UN	53520	GO:0004607
53544	UN	53544	GO:0090415
53592	UN	53592	GO:0052642
53596	UN	53596	GO:0052642
53600	UN	53600	GO:0052642
53604	UN	53604	GO:0052642
53628	UN	53628	GO:0061923
53632	UN	53632	GO:0120086
53708	UN	53708	GO:0008670
53736	UN	53736	GO:0018626
53744	UN	53744	GO:0106026
53816	UN	53816	GO:0141223
53820	UN	53820	GO:0004090
53828	UN	53828	GO:0070579
53832	UN	53832	GO:0070579
53836	UN	53836	GO:0103118
53868	UN	53868	GO:0102169
53876	UN	53876	GO:0051392
53892	UN	53892	GO:0001735
53896	UN	53896	GO:0047290
53904	UN	53904	GO:0050321
53908	UN	53908	GO:0140064
53912	UN	53912	GO:0140065
53916	UN	53916	GO:0140186
53924	UN	53924	GO:0030748
53928	UN	53928	GO:0030748
53968	UN	53968	GO:0008897
53972	UN	53972	GO:0004301
53976	UN	53976	GO:0004301
53980	UN	53980	GO:0004301
53984	UN	53984	GO:0004301
53988	UN	53988	GO:0004722
53992	UN	53992	GO:0004301
53996	UN	53996	GO:0004301
54000	UN	54000	GO:0004301
54004	UN	54004	GO:0004301
54008	UN	54008	GO:0004301
54012	UN	54012	GO:0004301
54016	UN	54016	GO:0004301
54020	UN	54020	GO:0061920
54024	UN	54024	GO:0036139
54028	UN	54028	GO:0008398
54080	UN	54080	GO:0097697
54084	UN	54084	GO:0002948
54136	UN	54136	GO:0016428
54140	UN	54140	GO:0016428
54144	UN	54144	GO:0160290
54152	UN	54152	GO:0008650
54172	UN	54172	GO:0141218
54184	UN	54184	GO:0004046
54188	UN	54188	GO:0004046
54192	UN	54192	GO:0016279
54232	UN	54232	GO:0004142
54236	UN	54236	GO:0004142
54240	UN	54240	GO:0004142
54244	UN	54244	GO:0004142
54248	UN	54248	GO:0004307
54252	UN	54252	GO:0004307
54256	UN	54256	GO:0036139
54260	UN	54260	GO:0036140
54264	UN	54264	GO:0036139
54268	UN	54268	GO:0036140
54272	UN	54272	GO:0036140
54276	UN	54276	GO:0062101
54280	UN	54280	GO:0062101
54284	UN	54284	GO:0004767
54288	UN	54288	GO:0070733
54292	UN	54292	GO:0070733
54300	UN	54300	GO:0050659
54304	UN	54304	GO:0050659
54320	UN	54320	GO:0050046
54332	UN	54332	GO:0004142
54336	UN	54336	GO:0004142
54340	UN	54340	GO:0004307
54344	UN	54344	GO:0004142
54356	UN	54356	GO:0004737
54360	UN	54360	GO:0004737
54384	UN	54384	GO:0047751
54412	UN	54412	GO:0047787
54416	UN	54416	GO:0047751
54420	UN	54420	GO:0106409
54424	UN	54424	GO:0140806
54444	UN	54444	GO:0045552
54448	UN	54448	GO:0004045
54452	UN	54452	GO:0017150
54512	UN	54512	GO:0106239
54516	UN	54516	GO:0062206
54532	UN	54532	GO:0110050
54536	UN	54536	GO:0031957
54540	UN	54540	GO:0033926
54564	UN	54564	GO:0008193
54568	UN	54568	GO:0120159
54572	UN	54572	GO:0106029
54580	UN	54580	GO:0051736
54592	UN	54592	GO:0004484
54652	UN	54652	GO:0106238
54660	UN	54660	GO:0052892
54676	UN	54676	GO:0106242
54688	UN	54688	GO:0047654
54752	UN	54752	GO:0043738
54808	UN	54808	GO:0052694
54812	UN	54812	GO:0080123
54816	UN	54816	GO:0003810
54820	UN	54820	GO:0008109
54824	UN	54824	GO:0004569
54912	UN	54912	GO:0102354
54916	UN	54916	GO:0008106
54920	UN	54920	GO:0008106
54924	UN	54924	GO:0004315
54940	UN	54940	GO:0004315
54952	UN	54952	GO:0031956
54976	UN	54976	GO:0052816
55040	UN	55040	GO:0004315
55044	UN	55044	GO:0052816
55048	UN	55048	GO:0052815
55052	UN	55052	GO:0141126
55064	UN	55064	GO:0141126
55072	UN	55072	GO:0004737
55080	UN	55080	GO:0016157
55084	UN	55084	GO:0141126
55092	UN	55092	GO:0016157
55096	UN	55096	GO:0141126
55132	UN	55132	GO:0047473
55156	UN	55156	GO:0106436
55200	UN	55200	GO:0141093
55204	UN	55204	GO:0044689
55220	UN	55220	GO:0000254
55264	UN	55264	GO:0106341
55268	UN	55268	GO:0110068
55284	UN	55284	GO:0050252
55288	UN	55288	GO:0047196
55304	UN	55304	GO:0003841
55320	UN	55320	GO:0047173
55332	UN	55332	GO:0102822
55372	UN	55372	GO:0080032
55380	UN	55380	GO:0033792
55416	UN	55416	GO:0050004
55424	UN	55424	GO:0102171
55440	UN	55440	GO:0102601
55444	UN	55444	GO:0102601
55448	UN	55448	GO:0033772
55476	UN	55476	GO:0102772
55524	UN	55524	GO:0106425
55532	UN	55532	GO:1990055
55544	UN	55544	GO:0016279
55556	UN	55556	GO:0106256
55560	UN	55560	GO:0106255
55564	UN	55564	GO:0140383
55568	UN	55568	GO:0140381
55584	UN	55584	GO:0001734
55632	UN	55632	GO:0046934
55652	UN	55652	GO:0043812
55668	UN	55668	GO:0106429
55688	UN	55688	GO:0052712
55708	UN	55708	GO:0160205
55768	UN	55768	GO:0015020
55772	UN	55772	GO:0080123
55776	UN	55776	GO:0015020
55780	UN	55780	GO:0015020
55784	UN	55784	GO:0015020
55808	UN	55808	GO:0102772
55836	UN	55836	GO:0015020
55840	UN	55840	GO:0015020
55844	UN	55844	GO:0015020
55856	UN	55856	GO:0062183
55868	UN	55868	GO:0120572
55892	UN	55892	GO:0019168
55936	UN	55936	GO:0004022
55944	UN	55944	GO:0052934
55948	UN	55948	GO:0008718
55956	UN	55956	GO:0102517
55960	UN	55960	GO:0051109
55972	UN	55972	GO:0004026
55988	UN	55988	GO:0004573
55992	UN	55992	GO:0016309
55996	UN	55996	GO:0106407
56000	UN	56000	GO:0106407
56008	UN	56008	GO:0004571
56028	UN	56028	GO:0004571
56048	UN	56048	GO:0050004
56052	UN	56052	GO:0004572
56056	UN	56056	GO:0050004
56064	UN	56064	GO:0140563
56088	UN	56088	GO:0047290
56108	UN	56108	GO:0033773
56112	UN	56112	GO:0019168
56116	UN	56116	GO:0019168
56120	UN	56120	GO:0019168
56136	UN	56136	GO:0140825
56144	UN	56144	GO:0160182
56160	UN	56160	GO:0015020
56188	UN	56188	GO:0047225
56192	UN	56192	GO:0047225
56196	UN	56196	GO:0016263
56200	UN	56200	GO:0016263
56204	UN	56204	GO:0003836
56208	UN	56208	GO:0003836
56212	UN	56212	GO:0003829
56216	UN	56216	GO:0003829
56232	UN	56232	GO:0033917
56244	UN	56244	GO:0047173
56248	UN	56248	GO:0047173
56260	UN	56260	GO:0003831
56264	UN	56264	GO:0008118
56268	UN	56268	GO:0003835
56284	UN	56284	GO:0140860
56312	UN	56312	GO:0052848
56316	UN	56316	GO:0004060
56336	UN	56336	GO:0036201
56344	UN	56344	GO:0050004
56428	UN	56428	GO:0004623
56448	UN	56448	GO:0008970
56508	UN	56508	GO:0015020
56536	UN	56536	GO:0004144
56544	UN	56544	GO:0070290
56548	UN	56548	GO:0070290
56560	UN	56560	GO:0008466
56584	UN	56584	GO:0004301
56588	UN	56588	GO:0052891
56592	UN	56592	GO:0052891
56604	UN	56604	GO:0017095
56612	UN	56612	GO:0140803
56644	UN	56644	GO:0009982
56712	UN	56712	GO:0008961
56736	UN	56736	GO:0004031
56744	UN	56744	GO:0106157
56748	UN	56748	GO:0102033
56776	UN	56776	GO:0102915
56780	UN	56780	GO:0102915
56784	UN	56784	GO:0034722
56816	UN	56816	GO:0050263
56832	UN	56832	GO:0052690
56868	UN	56868	GO:0016414
56880	UN	56880	GO:0000253
56884	UN	56884	GO:0062105
56916	UN	56916	GO:0000253
56932	UN	56932	GO:0003854
56936	UN	56936	GO:0004769
56972	UN	56972	GO:0008442
57036	UN	57036	GO:0047849
57060	UN	57060	GO:0061463
57104	UN	57104	GO:0047489
57128	UN	57128	GO:0030059
57132	UN	57132	GO:0004836
57152	UN	57152	GO:0106155
57156	UN	57156	GO:0106156
57160	UN	57160	GO:0106157
57164	UN	57164	GO:0106157
57168	UN	57168	GO:0051990
57172	UN	57172	GO:0047545
57188	UN	57188	GO:0036524
57192	UN	57192	GO:0036524
57196	UN	57196	GO:0036524
57320	UN	57320	GO:0004596
57324	UN	57324	GO:0004596
57328	UN	57328	GO:0004596
57352	UN	57352	GO:0072374
57408	UN	57408	GO:0140175
57416	UN	57416	GO:0160260
57444	UN	57444	GO:0106423
57452	UN	57452	GO:0036009
57528	UN	57528	GO:0097748
57576	UN	57576	GO:0140989
57584	UN	57584	GO:0033771
57588	UN	57588	GO:0102469
57592	UN	57592	GO:0033771
57596	UN	57596	GO:0033771
57704	UN	57704	GO:0050578
57721	LR	57720	GO:0046961
57722	RL	57720	GO:0046933
57744	UN	57744	GO:0047057
57832	UN	57832	GO:0102810
57836	UN	57836	GO:1990534
57840	UN	57840	GO:0016312
57844	UN	57844	GO:0106144
57848	UN	57848	GO:0106145
57864	UN	57864	GO:0106149
57868	UN	57868	GO:0102312
57876	UN	57876	GO:0106029
57928	UN	57928	GO:0140282
57936	UN	57936	GO:0019108
57956	UN	57956	GO:0103001
57960	UN	57960	GO:0103001
57964	UN	57964	GO:0102614
57972	UN	57972	GO:0106244
58040	UN	58040	GO:0047372
58076	UN	58076	GO:0047372
58080	UN	58080	GO:0047372
58084	UN	58084	GO:0047372
58088	UN	58088	GO:0047372
58092	UN	58092	GO:0047372
58096	UN	58096	GO:0047372
58100	UN	58100	GO:0047372
58108	UN	58108	GO:0033558
58116	UN	58116	GO:0140561
58120	UN	58120	GO:0070733
58148	UN	58148	GO:0008126
58157	LR	58156	GO:0046962
58158	RL	58156	GO:0046932
58172	UN	58172	GO:0106100
58196	UN	58196	GO:0141221
58200	UN	58200	GO:0018719
58220	UN	58220	GO:0140804
58224	UN	58224	GO:0140807
58232	UN	58232	GO:0140805
58236	UN	58236	GO:0140808
58248	UN	58248	GO:0140293
58256	UN	58256	GO:0140292
58268	UN	58268	GO:0140802
58328	UN	58328	GO:0008106
58332	UN	58332	GO:0008106
58336	UN	58336	GO:0008106
58360	UN	58360	GO:0070815
58364	UN	58364	GO:0008106
58368	UN	58368	GO:0008106
58372	UN	58372	GO:0008106
58376	UN	58376	GO:0008106
58380	UN	58380	GO:0008106
58384	UN	58384	GO:0008106
58400	UN	58400	GO:0008106
58404	UN	58404	GO:0008106
58408	UN	58408	GO:0008106
58416	UN	58416	GO:0008106
58420	UN	58420	GO:0008106
58424	UN	58424	GO:0008106
58428	UN	58428	GO:0008106
58432	UN	58432	GO:0008106
58436	UN	58436	GO:0008106
58456	UN	58456	GO:0102546
58476	UN	58476	GO:0106158
58480	UN	58480	GO:0106162
58484	UN	58484	GO:0017040
58492	UN	58492	GO:0015624
58536	UN	58536	GO:0047961
58664	UN	58664	GO:0140696
58668	UN	58668	GO:0008106
58724	UN	58724	GO:0008988
58728	UN	58728	GO:0008988
58732	UN	58732	GO:0047429
58736	UN	58736	GO:0047429
58740	UN	58740	GO:0047429
58744	UN	58744	GO:0047429
58776	UN	58776	GO:0047681
58808	UN	58808	GO:0106177
58848	UN	58848	GO:0004022
58860	UN	58860	GO:0102172
58868	UN	58868	GO:0102177
58956	UN	58956	GO:0062105
58960	UN	58960	GO:0018488
58964	UN	58964	GO:0004031
58968	UN	58968	GO:0018488
58972	UN	58972	GO:0018488
58976	UN	58976	GO:0004031
58980	UN	58980	GO:0004031
58984	UN	58984	GO:0004031
58988	UN	58988	GO:0004031
58992	UN	58992	GO:0018488
58996	UN	58996	GO:0018488
59000	UN	59000	GO:0004031
59004	UN	59004	GO:0004031
59008	UN	59008	GO:0018488
59016	UN	59016	GO:0102175
59020	UN	59020	GO:0004806
59024	UN	59024	GO:0004806
59036	UN	59036	GO:0102180
59116	UN	59116	GO:0016971
59164	UN	59164	GO:0008922
59188	UN	59188	GO:0047661
59220	UN	59220	GO:0018765
59244	UN	59244	GO:0061463
59272	UN	59272	GO:0047661
59276	UN	59276	GO:0047661
59280	UN	59280	GO:0047661
59284	UN	59284	GO:0004348
59300	UN	59300	GO:0004027
59304	UN	59304	GO:0004027
59316	UN	59316	GO:0047735
59388	UN	59388	GO:0106435
59396	UN	59396	GO:0047661
59400	UN	59400	GO:0047661
59404	UN	59404	GO:0047661
59408	UN	59408	GO:0019807
59412	UN	59412	GO:0050152
59416	UN	59416	GO:0008131
59420	UN	59420	GO:0008131
59424	UN	59424	GO:0008131
59428	UN	59428	GO:0033721
59432	UN	59432	GO:0004029
59448	UN	59448	GO:0008106
59452	UN	59452	GO:0008106
59456	UN	59456	GO:0008106
59460	UN	59460	GO:0008106
59464	UN	59464	GO:0008106
59500	UN	59500	GO:0106211
59504	UN	59504	GO:0140853
59540	UN	59540	GO:0004492
59568	UN	59568	GO:0047730
59584	UN	59584	GO:0047730
59588	UN	59588	GO:0047730
59592	UN	59592	GO:0047730
59596	UN	59596	GO:0008131
59600	UN	59600	GO:0008131
59604	UN	59604	GO:0008131
59736	UN	59736	GO:0019705
59740	UN	59740	GO:0140439
59744	UN	59744	GO:0140440
59748	UN	59748	GO:0140441
59752	UN	59752	GO:0140770
59764	UN	59764	GO:0140186
59768	UN	59768	GO:0140772
59796	UN	59796	GO:0140186
59800	UN	59800	GO:0140186
59804	UN	59804	GO:0047661
59808	UN	59808	GO:0047661
59816	UN	59816	GO:0004772
59832	UN	59832	GO:0102194
59884	UN	59884	GO:0062147
59888	UN	59888	GO:0062146
59892	UN	59892	GO:0062144
59896	UN	59896	GO:0062145
59900	UN	59900	GO:0062148
59904	UN	59904	GO:0033721
59908	UN	59908	GO:0033721
59912	UN	59912	GO:0033721
59916	UN	59916	GO:0033721
59920	UN	59920	GO:0052814
59924	UN	59924	GO:0004032
59928	UN	59928	GO:0008106
59936	UN	59936	GO:0016289
59940	UN	59940	GO:0052816
59948	UN	59948	GO:0052816
59952	UN	59952	GO:0052815
59964	UN	59964	GO:0016412
59972	UN	59972	GO:0016412
60008	UN	60008	GO:0052927
60012	UN	60012	GO:0052929
60032	UN	60032	GO:0008413
60084	UN	60084	GO:0102175
60088	UN	60088	GO:0000252
60092	UN	60092	GO:0102175
60096	UN	60096	GO:0000252
60100	UN	60100	GO:0047213
60132	UN	60132	GO:0120204
60136	UN	60136	GO:0120204
60144	UN	60144	GO:0106437
60148	UN	60148	GO:0106438
60188	UN	60188	GO:0140683
60200	UN	60200	GO:0140684
60208	UN	60208	GO:0034647
60224	UN	60224	GO:0071558
60236	UN	60236	GO:0140681
60244	UN	60244	GO:0140682
60260	UN	60260	GO:0140999
60264	UN	60264	GO:0140945
60276	UN	60276	GO:0140949
60280	UN	60280	GO:0140948
60288	UN	60288	GO:0140947
60292	UN	60292	GO:0140951
60296	UN	60296	GO:0140953
60308	UN	60308	GO:0140954
60312	UN	60312	GO:0042054
60324	UN	60324	GO:0140955
60328	UN	60328	GO:0140956
60332	UN	60332	GO:0120505
60344	UN	60344	GO:0140944
60348	UN	60348	GO:0140941
60364	UN	60364	GO:0005366
60448	UN	60448	GO:0102274
60496	UN	60496	GO:0032216
60500	UN	60500	GO:0180041
60508	UN	60508	GO:0160090
60516	UN	60516	GO:0047661
60556	UN	60556	GO:0106029
60628	UN	60628	GO:0062131
60632	UN	60632	GO:0004022
60660	UN	60660	GO:0050136
60664	UN	60664	GO:0102757
60668	UN	60668	GO:0004022
60672	UN	60672	GO:0004022
60676	UN	60676	GO:0004022
60680	UN	60680	GO:0033721
60684	UN	60684	GO:0033721
60688	UN	60688	GO:0004029
60692	UN	60692	GO:0033721
60708	UN	60708	GO:0004029
60712	UN	60712	GO:0004022
60716	UN	60716	GO:0033721
60720	UN	60720	GO:0033721
60724	UN	60724	GO:0033721
60728	UN	60728	GO:0033721
60732	UN	60732	GO:0033721
60736	UN	60736	GO:0033721
60740	UN	60740	GO:0033721
60768	UN	60768	GO:0045544
60772	UN	60772	GO:0045544
60776	UN	60776	GO:0045544
60780	UN	60780	GO:0045544
60796	UN	60796	GO:0045544
60800	UN	60800	GO:0045544
60820	UN	60820	GO:0010943
60828	UN	60828	GO:0140818
60832	UN	60832	GO:0140818
60836	UN	60836	GO:0004484
60844	UN	60844	GO:0004484
60860	UN	60860	GO:0004483
60864	UN	60864	GO:0004483
60868	UN	60868	GO:0140933
60872	UN	60872	GO:0140933
60876	UN	60876	GO:0110153
60880	UN	60880	GO:0110152
60908	UN	60908	GO:0052735
60912	UN	60912	GO:0052735
60928	UN	60928	GO:0120319
60932	UN	60932	GO:0120319
60936	UN	60936	GO:0120319
60940	UN	60940	GO:0102033
60944	UN	60944	GO:0102822
60948	UN	60948	GO:0102761
60972	UN	60972	GO:0004022
60976	UN	60976	GO:0004022
60980	UN	60980	GO:0004022
60984	UN	60984	GO:0004022
60988	UN	60988	GO:0004022
60996	UN	60996	GO:0001716
61020	UN	61020	GO:0106261
61084	UN	61084	GO:0045486
61088	UN	61088	GO:0045486
61092	UN	61092	GO:0043909
61096	UN	61096	GO:0016711
61104	UN	61104	GO:0033772
61108	UN	61108	GO:0033772
61112	UN	61112	GO:0016711
61116	UN	61116	GO:0102405
61120	UN	61120	GO:0033772
61124	UN	61124	GO:0016711
61132	UN	61132	GO:0045431
61136	UN	61136	GO:0045431
61140	UN	61140	GO:0045431
61180	UN	61180	GO:0047893
61224	UN	61224	GO:0001716
61228	UN	61228	GO:0001716
61232	UN	61232	GO:0001716
61236	UN	61236	GO:0001716
61240	UN	61240	GO:0106329
61244	UN	61244	GO:0001716
61248	UN	61248	GO:0001716
61252	UN	61252	GO:0001716
61256	UN	61256	GO:0001716
61260	UN	61260	GO:0001716
61264	UN	61264	GO:0001716
61268	UN	61268	GO:0001716
61272	UN	61272	GO:0001716
61276	UN	61276	GO:0001716
61284	UN	61284	GO:0001716
61304	UN	61304	GO:0003980
61320	UN	61320	GO:0102626
61328	UN	61328	GO:0102627
61340	UN	61340	GO:0004492
61344	UN	61344	GO:0001716
61436	UN	61436	GO:0043262
61464	UN	61464	GO:0062152
61468	UN	61468	GO:0016428
61488	UN	61488	GO:0016428
61500	UN	61500	GO:0047213
61504	UN	61504	GO:0047213
61508	UN	61508	GO:0047213
61512	UN	61512	GO:0047213
61528	UN	61528	GO:0106341
61584	UN	61584	GO:0016428
61624	UN	61624	GO:0019161
61632	UN	61632	GO:0004029
61652	UN	61652	GO:0008668
61716	UN	61716	GO:0103116
61732	UN	61732	GO:0102377
61736	UN	61736	GO:0102378
61744	UN	61744	GO:0102379
61752	UN	61752	GO:0102380
61756	UN	61756	GO:0102381
61760	UN	61760	GO:0102382
61812	UN	61812	GO:0016906
61816	UN	61816	GO:0016906
61820	UN	61820	GO:0016906
61824	UN	61824	GO:0016906
61828	UN	61828	GO:0016906
61832	UN	61832	GO:0016906
61836	UN	61836	GO:0016906
61840	UN	61840	GO:0016906
61844	UN	61844	GO:0016906
61848	UN	61848	GO:0016906
61852	UN	61852	GO:0016906
61888	UN	61888	GO:0016906
61940	UN	61940	GO:0016906
61944	UN	61944	GO:0016906
61956	UN	61956	GO:0050207
61960	UN	61960	GO:0050207
61964	UN	61964	GO:0050207
61968	UN	61968	GO:0050207
61972	UN	61972	GO:0050207
61976	UN	61976	GO:0043364
61980	UN	61980	GO:0008753
61984	UN	61984	GO:0050136
61988	UN	61988	GO:0016428
61996	UN	61996	GO:0120300
62000	UN	62000	GO:0070818
62016	UN	62016	GO:0140562
62032	UN	62032	GO:0008970
62036	UN	62036	GO:0004623
62040	UN	62040	GO:0106235
62044	UN	62044	GO:0008970
62064	UN	62064	GO:0004022
62068	UN	62068	GO:0004090
62072	UN	62072	GO:0004090
62076	UN	62076	GO:0047640
62080	UN	62080	GO:0004090
62092	UN	62092	GO:0000810
62120	UN	62120	GO:0047507
62124	UN	62124	GO:0106369
62128	UN	62128	GO:0106367
62132	UN	62132	GO:0106368
62136	UN	62136	GO:0106369
62140	UN	62140	GO:0106369
62144	UN	62144	GO:0106367
62148	UN	62148	GO:0106367
62152	UN	62152	GO:0106368
62164	UN	62164	GO:0102277
62168	UN	62168	GO:0052773
62180	UN	62180	GO:0062203
62184	UN	62184	GO:0062202
62188	UN	62188	GO:0106243
62192	UN	62192	GO:0106240
62200	UN	62200	GO:0052934
62204	UN	62204	GO:0052934
62216	UN	62216	GO:0004090
62248	UN	62248	GO:0033721
62268	UN	62268	GO:0004090
62312	UN	62312	GO:0052640
62316	UN	62316	GO:0052639
62356	UN	62356	GO:0044716
62372	UN	62372	GO:0047151
62392	UN	62392	GO:0004022
62412	UN	62412	GO:0050547
62416	UN	62416	GO:0050547
62432	UN	62432	GO:0016432
62436	UN	62436	GO:0140356
62464	UN	62464	GO:0008970
62480	UN	62480	GO:0008970
62484	UN	62484	GO:0008970
62488	UN	62488	GO:0008970
62520	UN	62520	GO:0071424
62524	UN	62524	GO:0071424
62608	UN	62608	GO:0106436
62612	UN	62612	GO:0008988
62620	UN	62620	GO:0140824
62624	UN	62624	GO:0051920
62628	UN	62628	GO:0102039
62636	UN	62636	GO:0160319
62640	UN	62640	GO:0051920
62672	UN	62672	GO:0106347
62708	UN	62708	GO:0052638
62772	UN	62772	GO:0047661
62828	UN	62828	GO:0017083
62844	UN	62844	GO:0017060
62848	UN	62848	GO:0017060
62932	UN	62932	GO:0106251
62968	UN	62968	GO:0047809
63052	UN	63052	GO:0106435
63060	UN	63060	GO:0016760
63088	UN	63088	GO:0180021
63116	UN	63116	GO:0062213
63124	UN	63124	GO:0047412
63128	UN	63128	GO:0047412
63172	UN	63172	GO:0008111
63176	UN	63176	GO:0008111
63180	UN	63180	GO:0106292
63184	UN	63184	GO:0106291
63204	UN	63204	GO:0016297
63232	UN	63232	GO:0050343
63260	UN	63260	GO:0004022
63292	UN	63292	GO:0106388
63296	UN	63296	GO:0106388
63300	UN	63300	GO:0106388
63324	UN	63324	GO:0004143
63328	UN	63328	GO:0047620
63332	UN	63332	GO:0004034
63336	UN	63336	GO:0004034
63372	UN	63372	GO:0019707
63388	UN	63388	GO:0120547
63424	UN	63424	GO:0043814
63432	UN	63432	GO:0004806
63436	UN	63436	GO:0004806
63476	UN	63476	GO:0004090
63480	UN	63480	GO:0004090
63484	UN	63484	GO:0031545
63492	UN	63492	GO:0008753
63496	UN	63496	GO:0008106
63500	UN	63500	GO:0160163
63504	UN	63504	GO:0004090
63508	UN	63508	GO:0102672
63512	UN	63512	GO:0047544
63516	UN	63516	GO:0102325
63520	UN	63520	GO:0102323
63524	UN	63524	GO:0102322
63528	UN	63528	GO:0008379
63560	UN	63560	GO:0008241
63576	UN	63576	GO:0102531
63580	UN	63580	GO:0102531
63584	UN	63584	GO:0102531
63588	UN	63588	GO:0015020
63612	UN	63612	GO:0015020
63616	UN	63616	GO:0015020
63628	UN	63628	GO:0008922
63640	UN	63640	GO:0106419
63688	UN	63688	GO:0052811
63692	UN	63692	GO:0015020
63696	UN	63696	GO:0015020
63700	UN	63700	GO:0015020
63704	UN	63704	GO:0015020
63716	UN	63716	GO:0015020
63720	UN	63720	GO:0015020
63724	UN	63724	GO:0015020
63728	UN	63728	GO:0015020
63732	UN	63732	GO:0015020
63736	UN	63736	GO:0102386
63740	UN	63740	GO:0004022
63744	UN	63744	GO:0015020
63748	UN	63748	GO:0015020
63800	UN	63800	GO:0047918
63804	UN	63804	GO:0047918
63836	UN	63836	GO:0102672
63840	UN	63840	GO:0140824
63844	UN	63844	GO:0140824
63852	UN	63852	GO:0102672
63856	UN	63856	GO:0102672
63860	UN	63860	GO:0102672
63864	UN	63864	GO:0102672
63868	UN	63868	GO:0102672
63936	UN	63936	GO:0070819
63956	UN	63956	GO:0008481
64020	UN	64020	GO:0106264
64044	UN	64044	GO:0050291
64060	UN	64060	GO:0004022
64068	UN	64068	GO:0004022
64104	UN	64104	GO:0141090
64108	UN	64108	GO:0004046
64112	UN	64112	GO:0004046
64116	UN	64116	GO:0004046
64120	UN	64120	GO:0004046
64124	UN	64124	GO:0004046
64128	UN	64128	GO:0004046
64132	UN	64132	GO:0004046
64136	UN	64136	GO:0004046
64140	UN	64140	GO:0004046
64144	UN	64144	GO:0004046
64156	UN	64156	GO:0004046
64176	UN	64176	GO:0004046
64180	UN	64180	GO:0004046
64184	UN	64184	GO:0004046
64188	UN	64188	GO:0004046
64192	UN	64192	GO:0004046
64196	UN	64196	GO:0004046
64200	UN	64200	GO:0004046
64204	UN	64204	GO:0106262
64208	UN	64208	GO:0004046
64212	UN	64212	GO:0004046
64228	UN	64228	GO:0106262
64240	UN	64240	GO:0047961
64244	UN	64244	GO:0047961
64248	UN	64248	GO:0047961
64252	UN	64252	GO:0047961
64256	UN	64256	GO:0047961
64260	UN	64260	GO:0047961
64320	UN	64320	GO:0034736
64324	UN	64324	GO:0034736
64328	UN	64328	GO:0034736
64352	UN	64352	GO:0106265
64356	UN	64356	GO:0106266
64360	UN	64360	GO:0106267
64416	UN	64416	GO:0004090
64444	UN	64444	GO:0140942
64448	UN	64448	GO:0140946
64452	UN	64452	GO:0140952
64456	UN	64456	GO:0140943
64468	UN	64468	GO:0050578
64516	UN	64516	GO:0004022
64532	UN	64532	GO:0120521
64560	UN	64560	GO:0004022
64576	UN	64576	GO:0090523
64596	UN	64596	GO:0103064
64612	UN	64612	GO:0050561
64624	UN	64624	GO:0004026
64628	UN	64628	GO:0004026
64632	UN	64632	GO:0004026
64676	UN	64676	GO:0004026
64692	UN	64692	GO:0004022
64696	UN	64696	GO:0018456
64700	UN	64700	GO:0004022
64704	UN	64704	GO:0004022
64708	UN	64708	GO:0008106
64712	UN	64712	GO:0008106
64716	UN	64716	GO:0102232
64740	UN	64740	GO:0047804
64744	UN	64744	GO:0047804
64748	UN	64748	GO:0047804
64752	UN	64752	GO:0047804
64756	UN	64756	GO:0047804
64760	UN	64760	GO:0047804
64788	UN	64788	GO:0106290
64792	UN	64792	GO:0050303
64800	UN	64800	GO:0050303
64820	UN	64820	GO:0004040
64824	UN	64824	GO:0004040
64876	UN	64876	GO:0045134
64880	UN	64880	GO:0036384
64888	UN	64888	GO:0008922
64896	UN	64896	GO:0004050
64900	UN	64900	GO:0017111
64904	UN	64904	GO:0004050
64908	UN	64908	GO:0004050
64984	UN	64984	GO:0106302
64988	UN	64988	GO:0010945
64992	UN	64992	GO:0010945
65032	UN	65032	GO:0070819
65044	UN	65044	GO:0018456
65048	UN	65048	GO:0018456
65052	UN	65052	GO:0018456
65056	UN	65056	GO:0004090
65060	UN	65060	GO:0004090
65172	UN	65172	GO:0052815
65196	UN	65196	GO:0050018
65204	UN	65204	GO:0141126
65208	UN	65208	GO:0141126
65212	UN	65212	GO:0052815
65216	UN	65216	GO:0052815
65232	UN	65232	GO:0052815
65236	UN	65236	GO:0004026
65240	UN	65240	GO:0052816
65280	UN	65280	GO:0047290
65284	UN	65284	GO:0047290
65288	UN	65288	GO:0047290
65308	UN	65308	GO:0004315
65312	UN	65312	GO:0004315
65356	UN	65356	GO:0016308
65380	UN	65380	GO:0062105
65384	UN	65384	GO:0140932
65388	UN	65388	GO:0140932
65432	UN	65432	GO:0008118
65456	UN	65456	GO:0004026
65460	UN	65460	GO:0004026
65468	UN	65468	GO:0004026
65496	UN	65496	GO:0004090
65540	UN	65540	GO:0047876
65544	UN	65544	GO:0047876
65548	UN	65548	GO:0047876
65552	UN	65552	GO:0047876
65556	UN	65556	GO:0047876
65560	UN	65560	GO:0016212
65564	UN	65564	GO:0010945
65568	UN	65568	GO:0010945
65580	UN	65580	GO:0017111
65612	UN	65612	GO:0004509
65648	UN	65648	GO:0106341
65652	UN	65652	GO:0106341
65668	UN	65668	GO:0106341
65672	UN	65672	GO:0106341
65676	UN	65676	GO:0106341
65680	UN	65680	GO:0106341
65684	UN	65684	GO:0106341
65688	UN	65688	GO:0106341
65692	UN	65692	GO:0106341
65696	UN	65696	GO:0106341
65700	UN	65700	GO:0008397
65708	UN	65708	GO:0010471
65712	UN	65712	GO:0010472
65756	UN	65756	GO:0106344
65760	UN	65760	GO:0004508
65764	UN	65764	GO:0106334
65812	UN	65812	GO:0045301
65840	UN	65840	GO:0140987
65844	UN	65844	GO:0140988
65884	UN	65884	GO:0016212
65912	UN	65912	GO:0047635
65920	UN	65920	GO:0047635
65972	UN	65972	GO:0015433
66028	UN	66028	GO:0035244
66136	UN	66136	GO:0004059
66140	UN	66140	GO:0004059
66144	UN	66144	GO:0004059
66148	UN	66148	GO:0004059
66152	UN	66152	GO:0004059
66168	UN	66168	GO:0140567
66188	UN	66188	GO:1905948
66196	UN	66196	GO:0004059
66200	UN	66200	GO:0120522
66204	UN	66204	GO:0120523
66208	UN	66208	GO:0003997
66212	UN	66212	GO:0003997
66216	UN	66216	GO:0003997
66220	UN	66220	GO:0003997
66224	UN	66224	GO:0003997
66228	UN	66228	GO:0003997
66232	UN	66232	GO:0003997
66236	UN	66236	GO:0003997
66276	UN	66276	GO:0016906
66280	UN	66280	GO:0016906
66284	UN	66284	GO:0016906
66372	UN	66372	GO:0043136
66448	UN	66448	GO:0008106
66452	UN	66452	GO:0000140
66456	UN	66456	GO:0050184
66504	UN	66504	GO:0102859
66508	UN	66508	GO:0102859
66512	UN	66512	GO:0102993
66516	UN	66516	GO:0102993
66520	UN	66520	GO:0102993
66524	UN	66524	GO:0140575
66544	UN	66544	GO:0106363
66548	UN	66548	GO:0004062
66552	UN	66552	GO:0120294
66556	UN	66556	GO:0120296
66560	UN	66560	GO:0120298
66564	UN	66564	GO:0120299
66572	UN	66572	GO:0004062
66576	UN	66576	GO:0004062
66580	UN	66580	GO:0004062
66592	UN	66592	GO:0140078
66632	UN	66632	GO:0106362
66684	UN	66684	GO:0035605
66692	UN	66692	GO:0106361
66704	UN	66704	GO:0016289
66708	UN	66708	GO:0008970
66820	UN	66820	GO:0140613
66848	UN	66848	GO:0008823
66980	UN	66980	GO:0141126
66984	UN	66984	GO:0141126
66988	UN	66988	GO:0031955
66992	UN	66992	GO:0031955
66996	UN	66996	GO:0031955
67004	UN	67004	GO:0140818
67020	UN	67020	GO:0004483
67024	UN	67024	GO:0120550
67072	UN	67072	GO:0052817
67076	UN	67076	GO:0106370
67108	UN	67108	GO:0016279
67112	UN	67112	GO:0042054
67144	UN	67144	GO:0120091
67152	UN	67152	GO:0035605
67172	UN	67172	GO:0106371
67176	UN	67176	GO:0106372
67180	UN	67180	GO:0070735
67188	UN	67188	GO:0140347
67192	UN	67192	GO:0140347
67196	UN	67196	GO:0047416
67200	UN	67200	GO:0047416
67204	UN	67204	GO:0047416
67208	UN	67208	GO:0047416
67212	UN	67212	GO:0003997
67216	UN	67216	GO:0080023
67220	UN	67220	GO:0106386
67224	UN	67224	GO:0003988
67228	UN	67228	GO:0080023
67232	UN	67232	GO:0106386
67244	UN	67244	GO:0106373
67248	UN	67248	GO:0052814
67252	UN	67252	GO:0004029
67256	UN	67256	GO:0004029
67260	UN	67260	GO:0052814
67276	UN	67276	GO:0052814
67332	UN	67332	GO:0001758
67336	UN	67336	GO:0047165
67340	UN	67340	GO:0047165
67368	UN	67368	GO:0004046
67392	UN	67392	GO:0106377
67424	UN	67424	GO:0008970
67428	UN	67428	GO:0008970
67440	UN	67440	GO:0004046
67444	UN	67444	GO:0106359
67448	UN	67448	GO:0106359
67452	UN	67452	GO:0052797
67464	UN	67464	GO:0010945
67468	UN	67468	GO:0010945
67472	UN	67472	GO:0010945
67484	UN	67484	GO:0140933
67524	UN	67524	GO:0010945
67528	UN	67528	GO:0010945
67532	UN	67532	GO:0010945
67536	UN	67536	GO:0010945
67540	UN	67540	GO:0010945
67544	UN	67544	GO:0010945
67600	UN	67600	GO:0106433
67604	UN	67604	GO:0106431
67608	UN	67608	GO:0106431
67648	UN	67648	GO:0106375
67680	UN	67680	GO:0052816
67696	UN	67696	GO:0052816
67700	UN	67700	GO:0052816
67712	UN	67712	GO:0052816
67716	UN	67716	GO:0160246
67728	UN	67728	GO:0034061
67772	UN	67772	GO:0004651
67776	UN	67776	GO:0004651
67804	UN	67804	GO:0035575
67808	UN	67808	GO:0042054
67812	UN	67812	GO:0008780
67816	UN	67816	GO:0103117
67828	UN	67828	GO:0008915
67840	UN	67840	GO:0009029
67848	UN	67848	GO:0004467
67876	UN	67876	GO:0004062
67888	UN	67888	GO:0004062
67892	UN	67892	GO:0004062
67908	UN	67908	GO:0018741
67916	UN	67916	GO:0043530
67952	UN	67952	GO:0140692
67972	UN	67972	GO:0106389
67992	UN	67992	GO:0050697
68004	UN	68004	GO:0018698
68012	UN	68012	GO:0070675
68052	UN	68052	GO:0033897
68076	UN	68076	GO:0170057
68080	UN	68080	GO:0170057
68100	UN	68100	GO:0044105
68108	UN	68108	GO:0004022
68112	UN	68112	GO:0004040
68136	UN	68136	GO:0004090
68140	UN	68140	GO:0004090
68144	UN	68144	GO:0004090
68148	UN	68148	GO:0004090
68160	UN	68160	GO:0016712
68180	UN	68180	GO:0141126
68184	UN	68184	GO:0052815
68228	UN	68228	GO:0015375
68272	UN	68272	GO:0016412
68276	UN	68276	GO:0016412
68280	UN	68280	GO:0016412
68284	UN	68284	GO:0016412
68288	UN	68288	GO:0016412
68292	UN	68292	GO:0016412
68296	UN	68296	GO:0016412
68300	UN	68300	GO:0016412
68344	UN	68344	GO:0140700
68372	UN	68372	GO:0047635
68376	UN	68376	GO:0047297
68380	UN	68380	GO:0047297
68412	UN	68412	GO:0033721
68460	UN	68460	GO:0050294
68520	UN	68520	GO:0102882
68552	UN	68552	GO:0102538
68556	UN	68556	GO:0102538
68616	UN	68616	GO:0102196
68636	UN	68636	GO:0080015
68656	UN	68656	GO:0047022
68740	UN	68740	GO:0008396
68860	UN	68860	GO:0047022
68864	UN	68864	GO:0004574
68868	UN	68868	GO:0047683
68872	UN	68872	GO:0047683
68876	UN	68876	GO:0047683
68880	UN	68880	GO:0047683
68884	UN	68884	GO:0047683
68888	UN	68888	GO:0047683
68892	UN	68892	GO:0047683
68896	UN	68896	GO:0047683
68900	UN	68900	GO:0047683
68904	UN	68904	GO:0047683
68908	UN	68908	GO:0047683
68960	UN	68960	GO:0102358
68964	UN	68964	GO:0033714
68968	UN	68968	GO:0033714
68976	UN	68976	GO:0047022
68980	UN	68980	GO:0047022
68984	UN	68984	GO:0120328
69012	UN	69012	GO:0000253
69016	UN	69016	GO:0140169
69028	UN	69028	GO:0140169
69036	UN	69036	GO:0000253
69072	UN	69072	GO:0008131
69076	UN	69076	GO:0008131
69080	UN	69080	GO:0004029
69084	UN	69084	GO:0004029
69088	UN	69088	GO:0004029
69092	UN	69092	GO:0102673
69116	UN	69116	GO:0047313
69120	UN	69120	GO:0047313
69124	UN	69124	GO:0047313
69132	UN	69132	GO:0008131
69136	UN	69136	GO:0008131
69144	UN	69144	GO:0008131
69148	UN	69148	GO:0008131
69164	UN	69164	GO:0004029
69168	UN	69168	GO:0004029
69172	UN	69172	GO:0160008
69176	UN	69176	GO:0160010
69192	UN	69192	GO:0106437
69196	UN	69196	GO:0106437
69208	UN	69208	GO:0106438
69212	UN	69212	GO:0106438
69284	UN	69284	GO:0072582
69332	UN	69332	GO:0160011
69348	UN	69348	GO:0047654
69368	UN	69368	GO:0070523
69396	UN	69396	GO:0008913
69408	UN	69408	GO:0070523
69416	UN	69416	GO:0036393
69432	UN	69432	GO:0030791
69436	UN	69436	GO:0047022
69452	UN	69452	GO:0047022
69456	UN	69456	GO:0047022
69460	UN	69460	GO:0030791
69464	UN	69464	GO:0030791
69476	UN	69476	GO:0090595
69484	UN	69484	GO:0046577
69488	UN	69488	GO:0046577
69492	UN	69492	GO:0047639
69496	UN	69496	GO:0047639
69500	UN	69500	GO:0140740
69572	UN	69572	GO:0050146
69576	UN	69576	GO:0160166
69580	UN	69580	GO:0050146
69607	UN	69607	GO:0120519
69639	UN	69639	GO:0140749
69643	UN	69643	GO:0120524
69647	UN	69647	GO:0008422
69655	UN	69655	GO:0008422
69695	UN	69695	GO:0050136
69759	UN	69759	GO:0052814
69763	UN	69763	GO:0052814
69767	UN	69767	GO:0052814
69771	UN	69771	GO:0102673
69791	UN	69791	GO:0051499
69795	UN	69795	GO:0051499
69799	UN	69799	GO:0051499
69819	UN	69819	GO:0047822
69831	UN	69831	GO:0160191
69835	UN	69835	GO:0160191
69839	UN	69839	GO:0160191
69843	UN	69843	GO:0106413
69847	UN	69847	GO:0106413
69851	UN	69851	GO:0106414
69855	UN	69855	GO:0106414
69871	UN	69871	GO:0160191
69883	UN	69883	GO:0008520
69923	UN	69923	GO:0102734
69967	UN	69967	GO:0008273
69987	UN	69987	GO:0047751
69991	UN	69991	GO:0047751
70003	UN	70003	GO:0160191
70015	UN	70015	GO:0102734
70019	UN	70019	GO:0102734
70027	UN	70027	GO:0089715
70059	UN	70059	GO:0160191
70063	UN	70063	GO:0160191
70067	UN	70067	GO:0160191
70071	UN	70071	GO:0160191
70199	UN	70199	GO:0106417
70215	UN	70215	GO:0004090
70219	UN	70219	GO:0004090
70223	UN	70223	GO:0120554
70231	UN	70231	GO:0004022
70267	UN	70267	GO:0008510
70275	UN	70275	GO:0052692
70283	UN	70283	GO:0008131
70287	UN	70287	GO:0052835
70327	UN	70327	GO:0140175
70331	UN	70331	GO:0016289
70363	UN	70363	GO:0018753
70407	UN	70407	GO:0001735
70411	UN	70411	GO:0016289
70415	UN	70415	GO:0016289
70419	UN	70419	GO:0016289
70423	UN	70423	GO:0016289
70427	UN	70427	GO:0016289
70435	UN	70435	GO:0035516
70439	UN	70439	GO:0035516
70443	UN	70443	GO:0035516
70447	UN	70447	GO:0035516
70479	UN	70479	GO:0106420
70495	UN	70495	GO:0005412
70511	UN	70511	GO:0033829
70523	UN	70523	GO:0102765
70531	UN	70531	GO:0033829
70543	UN	70543	GO:0160265
70547	UN	70547	GO:0160265
70563	UN	70563	GO:0140774
70567	UN	70567	GO:0140773
70571	UN	70571	GO:0005412
70575	UN	70575	GO:0004114
70587	UN	70587	GO:0102140
70611	UN	70611	GO:0140769
70615	UN	70615	GO:0140771
70619	UN	70619	GO:0004608
70623	UN	70623	GO:0000773
70627	UN	70627	GO:0141218
70631	UN	70631	GO:0141218
70635	UN	70635	GO:0141218
70639	UN	70639	GO:0141218
70671	UN	70671	GO:0140770
70687	UN	70687	GO:0005332
70731	UN	70731	GO:0005332
70739	UN	70739	GO:0004608
70743	UN	70743	GO:0000773
70747	UN	70747	GO:0000773
70751	UN	70751	GO:0004608
70755	UN	70755	GO:0000773
70759	UN	70759	GO:0000773
70763	UN	70763	GO:0004608
70767	UN	70767	GO:0000773
70771	UN	70771	GO:0000773
70783	UN	70783	GO:0000515
70827	UN	70827	GO:0106439
70919	UN	70919	GO:0005330
70931	UN	70931	GO:0005330
70951	UN	70951	GO:0003884
70959	UN	70959	GO:0003884
70963	UN	70963	GO:0003884
70967	UN	70967	GO:0000514
70971	UN	70971	GO:0003884
71015	UN	71015	GO:0008131
71059	UN	71059	GO:0180009
71067	UN	71067	GO:0180009
71071	UN	71071	GO:0180009
71075	UN	71075	GO:0180009
71127	UN	71127	GO:0140830
71131	UN	71131	GO:0140831
71135	UN	71135	GO:0140832
71175	UN	71175	GO:0140814
71255	UN	71255	GO:0005436
71259	UN	71259	GO:0005436
71383	UN	71383	GO:0140901
71395	UN	71395	GO:0005324
71399	UN	71399	GO:0102365
71403	UN	71403	GO:0036239
71407	UN	71407	GO:0102365
71535	UN	71535	GO:0061513
71587	UN	71587	GO:0015367
71647	UN	71647	GO:0018812
71767	UN	71767	GO:7770068
71799	UN	71799	GO:0015369
72071	UN	72071	GO:0140815
72187	UN	72187	GO:0008506
72203	UN	72203	GO:0140900
72243	UN	72243	GO:0016206
72247	UN	72247	GO:0016206
72251	UN	72251	GO:0016206
72255	UN	72255	GO:0016206
72259	UN	72259	GO:0016206
72295	UN	72295	GO:0043882
72395	UN	72395	GO:0008511
72427	UN	72427	GO:0015379
72535	UN	72535	GO:0033721
72539	UN	72539	GO:0033721
72575	UN	72575	GO:0080023
72579	UN	72579	GO:0018812
72627	UN	72627	GO:0140826
72675	UN	72675	GO:0004114
72783	UN	72783	GO:0050538
72787	UN	72787	GO:0050538
72823	UN	72823	GO:0050538
72827	UN	72827	GO:0050538
72871	UN	72871	GO:0102585
73059	UN	73059	GO:0140983
73071	UN	73071	GO:0102529
73115	UN	73115	GO:0102432
73239	UN	73239	GO:0102624
73243	UN	73243	GO:0102623
73247	UN	73247	GO:0102535
73251	UN	73251	GO:0102625
73263	UN	73263	GO:0102533
73271	UN	73271	GO:0102447
73351	UN	73351	GO:0003833
73359	UN	73359	GO:0003833
73427	UN	73427	GO:0102532
73431	UN	73431	GO:0102536
73435	UN	73435	GO:0102534
73463	UN	73463	GO:0031964
73467	UN	73467	GO:0003832
73719	UN	73719	GO:0016206
73759	UN	73759	GO:0062105
73967	UN	73967	GO:0008970
73971	UN	73971	GO:0008970
73975	UN	73975	GO:0008970
73983	UN	73983	GO:0102881
74015	UN	74015	GO:0018862
74071	UN	74071	GO:0008713
74075	UN	74075	GO:0050136
74079	UN	74079	GO:0050136
74083	UN	74083	GO:0120566
74103	UN	74103	GO:0008970
74139	UN	74139	GO:0047213
74151	UN	74151	GO:0061733
74159	UN	74159	GO:0008970
74163	UN	74163	GO:0008970
74247	UN	74247	GO:0008970
74251	UN	74251	GO:0008970
74563	UN	74563	GO:0015020
74707	UN	74707	GO:0004090
74715	UN	74715	GO:0102445
74719	UN	74719	GO:0102435
74723	UN	74723	GO:0102767
74731	UN	74731	GO:0102448
74735	UN	74735	GO:0102441
74739	UN	74739	GO:0102439
74743	UN	74743	GO:0102449
74755	UN	74755	GO:0102451
74759	UN	74759	GO:0102444
74763	UN	74763	GO:0102446
74767	UN	74767	GO:0102442
74771	UN	74771	GO:0102440
74775	UN	74775	GO:0102450
74799	UN	74799	GO:0047190
74803	UN	74803	GO:0047190
74807	UN	74807	GO:0047190
74811	UN	74811	GO:0047190
74823	UN	74823	GO:0047190
75047	UN	75047	GO:7770027
75099	UN	75099	GO:0015020
75115	UN	75115	GO:0004022
75119	UN	75119	GO:0004029
75239	UN	75239	GO:0120518
75243	UN	75243	GO:0004596
75247	UN	75247	GO:0004596
75279	UN	75279	GO:0140981
75283	UN	75283	GO:0140981
75355	UN	75355	GO:0050101
75387	UN	75387	GO:0106432
75419	UN	75419	GO:0004022
75423	UN	75423	GO:0004022
75439	UN	75439	GO:0008398
75479	UN	75479	GO:0180003
75511	UN	75511	GO:0047198
75515	UN	75515	GO:0004046
75523	UN	75523	GO:0047198
75711	UN	75711	GO:0008177
75835	UN	75835	GO:0047066
75847	UN	75847	GO:0016712
75863	UN	75863	GO:0016712
75883	UN	75883	GO:0140740
75887	UN	75887	GO:0140740
75935	UN	75935	GO:0160047
75955	UN	75955	GO:0102805
75975	UN	75975	GO:0030782
76047	UN	76047	GO:0030782
76051	UN	76051	GO:0030782
76067	UN	76067	GO:0030782
76111	UN	76111	GO:0004566
76235	UN	76235	GO:0160016
76247	UN	76247	GO:0015418
76255	UN	76255	GO:0051575
76407	UN	76407	GO:0102009
76419	UN	76419	GO:0016712
76443	UN	76443	GO:0005307
76451	UN	76451	GO:0047645
76455	UN	76455	GO:0047645
76459	UN	76459	GO:0047645
76463	UN	76463	GO:0047645
76475	UN	76475	GO:0046577
76479	UN	76479	GO:0046577
76519	UN	76519	GO:0061690
76611	UN	76611	GO:0008106
76615	UN	76615	GO:0004491
76623	UN	76623	GO:0004491
76627	UN	76627	GO:0004491
76647	UN	76647	GO:0018812
76651	UN	76651	GO:0033721
76655	UN	76655	GO:0004029
76659	UN	76659	GO:0033721
76663	UN	76663	GO:0033721
76667	UN	76667	GO:0004029
76671	UN	76671	GO:0033721
76687	UN	76687	GO:0047066
76691	UN	76691	GO:0047066
76695	UN	76695	GO:0047066
76699	UN	76699	GO:0047066
76703	UN	76703	GO:0047066
76707	UN	76707	GO:0047066
76711	UN	76711	GO:0047066
76715	UN	76715	GO:0047066
76967	UN	76967	GO:0033721
76971	UN	76971	GO:0008970
76975	UN	76975	GO:0008970
76979	UN	76979	GO:0008970
76983	UN	76983	GO:0008970
77099	UN	77099	GO:0070694
77143	UN	77143	GO:0030351
77147	UN	77147	GO:0030352
77155	UN	77155	GO:0051717
77195	UN	77195	GO:0004165
77247	UN	77247	GO:0047385
77271	UN	77271	GO:0003846
77275	UN	77275	GO:0003846
77279	UN	77279	GO:0003846
77283	UN	77283	GO:0003846
77287	UN	77287	GO:0003846
77291	UN	77291	GO:0003846
77303	UN	77303	GO:0047635
77307	UN	77307	GO:0047635
77319	UN	77319	GO:0047635
77327	UN	77327	GO:0047635
77347	UN	77347	GO:0047635
77355	UN	77355	GO:0047635
77387	UN	77387	GO:0003828
77395	UN	77395	GO:0052891
77399	UN	77399	GO:0052891
77403	UN	77403	GO:0052891
77407	UN	77407	GO:0052891
77411	UN	77411	GO:0052891
77415	UN	77415	GO:0052891
77419	UN	77419	GO:0052891
77423	UN	77423	GO:0052891
77427	UN	77427	GO:0052892
77447	UN	77447	GO:0052892
77451	UN	77451	GO:0052892
77455	UN	77455	GO:0052892
77459	UN	77459	GO:0052892
77463	UN	77463	GO:0052892
77471	UN	77471	GO:0052891
77479	UN	77479	GO:0052891
77483	UN	77483	GO:0052891
77487	UN	77487	GO:0052891
77491	UN	77491	GO:0052891
77499	UN	77499	GO:0052892
77503	UN	77503	GO:0052892
77507	UN	77507	GO:0052892
77511	UN	77511	GO:0052892
77515	UN	77515	GO:0052892
77519	UN	77519	GO:0052892
77523	UN	77523	GO:0052891
77527	UN	77527	GO:0052891
77531	UN	77531	GO:0052891
77539	UN	77539	GO:0003846
77543	UN	77543	GO:0003846
77547	UN	77547	GO:0003846
77599	UN	77599	GO:0160121
77603	UN	77603	GO:0160121
77607	UN	77607	GO:0160121
77611	UN	77611	GO:0160121
77619	UN	77619	GO:0160121
77675	UN	77675	GO:0047876
77679	UN	77679	GO:0047290
77735	UN	77735	GO:0004050
78007	UN	78007	GO:0106341
78011	UN	78011	GO:0106341
78019	UN	78019	GO:0120516
78091	UN	78091	GO:0141118
78115	UN	78115	GO:0106341
78119	UN	78119	GO:0106341
78147	UN	78147	GO:0120516
78151	UN	78151	GO:0047372
78195	UN	78195	GO:0047197
78199	UN	78199	GO:0047197
78203	UN	78203	GO:0003884
78207	UN	78207	GO:0003884
78211	UN	78211	GO:0003884
78215	UN	78215	GO:0003884
78219	UN	78219	GO:0003884
78223	UN	78223	GO:0003884
78227	UN	78227	GO:0003884
78231	UN	78231	GO:0141125
78235	UN	78235	GO:0003884
78239	UN	78239	GO:0003884
78243	UN	78243	GO:0003884
78247	UN	78247	GO:0003884
78251	UN	78251	GO:0003884
78255	UN	78255	GO:0003884
78267	UN	78267	GO:0016289
78299	UN	78299	GO:0008479
78303	UN	78303	GO:0008479
78367	UN	78367	GO:0008131
78371	UN	78371	GO:0080007
78471	UN	78471	GO:0071164
78475	UN	78475	GO:0071164
78479	UN	78479	GO:0071164
78507	UN	78507	GO:0071164
78559	UN	78559	GO:0018812
78563	UN	78563	GO:0106386
78567	UN	78567	GO:0003988
78571	UN	78571	GO:0120524
78575	UN	78575	GO:0018812
78579	UN	78579	GO:0106386
78583	UN	78583	GO:0003988
78587	UN	78587	GO:0120524
78591	UN	78591	GO:0018812
78595	UN	78595	GO:0106386
78599	UN	78599	GO:0003988
78603	UN	78603	GO:0018812
78607	UN	78607	GO:0106386
78611	UN	78611	GO:0102033
78631	UN	78631	GO:0044535
78635	UN	78635	GO:0106386
78639	UN	78639	GO:0003988
78643	UN	78643	GO:0080023
78667	UN	78667	GO:0106386
78671	UN	78671	GO:0106386
78687	UN	78687	GO:0061599
78727	UN	78727	GO:0016509
78731	UN	78731	GO:0016509
78739	UN	78739	GO:0016509
78791	UN	78791	GO:0003884
78847	UN	78847	GO:0044535
78851	UN	78851	GO:0120524
78855	UN	78855	GO:0120523
78859	UN	78859	GO:0120522
78863	UN	78863	GO:0080023
78867	UN	78867	GO:0080023
78871	UN	78871	GO:0106386
78875	UN	78875	GO:0106386
78879	UN	78879	GO:0106386
78891	UN	78891	GO:0102413
78895	UN	78895	GO:0003988
78899	UN	78899	GO:0003988
78903	UN	78903	GO:0003988
78907	UN	78907	GO:0003988
78911	UN	78911	GO:0018812
78915	UN	78915	GO:0018812
78919	UN	78919	GO:0003857
78923	UN	78923	GO:0003857
78927	UN	78927	GO:0035380
78931	UN	78931	GO:0080023
78935	UN	78935	GO:0106386
78939	UN	78939	GO:0034480
78943	UN	78943	GO:0018551
78947	UN	78947	GO:0034480
79031	UN	79031	GO:0061599
79035	UN	79035	GO:0061599
79067	UN	79067	GO:0015020
79071	UN	79071	GO:0015020
79075	UN	79075	GO:0015020
79087	UN	79087	GO:7770003
79099	UN	79099	GO:7770008
79111	UN	79111	GO:7770007
79123	UN	79123	GO:7770006
79131	UN	79131	GO:7770005
79139	UN	79139	GO:7770004
79187	UN	79187	GO:0102158
79191	UN	79191	GO:0106386
79263	UN	79263	GO:0047686
79267	UN	79267	GO:0047686
79319	UN	79319	GO:0052934
79323	UN	79323	GO:0052934
79331	UN	79331	GO:0052934
79335	UN	79335	GO:0052934
79359	UN	79359	GO:0052934
79419	UN	79419	GO:0004022
79423	UN	79423	GO:0141200
79547	UN	79547	GO:0004145
79551	UN	79551	GO:0004145
79695	UN	79695	GO:0120567
79895	UN	79895	GO:0016711
80079	UN	80079	GO:0106375
80083	UN	80083	GO:0106375
80151	UN	80151	GO:0047797
80247	UN	80247	GO:0004307
80271	UN	80271	GO:0141207
80275	UN	80275	GO:0141207
80287	UN	80287	GO:0141208
80363	UN	80363	GO:0019108
80367	UN	80367	GO:0019108
80371	UN	80371	GO:0019108
80375	UN	80375	GO:0019108
80379	UN	80379	GO:0047682
80383	UN	80383	GO:0047682
80431	UN	80431	GO:0047682
80435	UN	80435	GO:0047682
80439	UN	80439	GO:0047682
80443	UN	80443	GO:0047682
80447	UN	80447	GO:0047682
80451	UN	80451	GO:0047682
80455	UN	80455	GO:0047682
80459	UN	80459	GO:0047682
80463	UN	80463	GO:0047682
80467	UN	80467	GO:0047682
80591	UN	80591	GO:0004301
80603	UN	80603	GO:0033797
80719	UN	80719	GO:0160196
80723	UN	80723	GO:0008106
80727	UN	80727	GO:0160198
80731	UN	80731	GO:0160197
80735	UN	80735	GO:0004022
80751	UN	80751	GO:0008118
80755	UN	80755	GO:0008118
80767	UN	80767	GO:0051269
80779	UN	80779	GO:0004301
80783	UN	80783	GO:0004301
80787	UN	80787	GO:0004301
80791	UN	80791	GO:0004301
80795	UN	80795	GO:0004301
80799	UN	80799	GO:0004301
80815	UN	80815	GO:0033721
80819	UN	80819	GO:0033721
80823	UN	80823	GO:0033721
80835	UN	80835	GO:0047444
80839	UN	80839	GO:0050124
80843	UN	80843	GO:0008781
81091	UN	81091	GO:0160241
81095	UN	81095	GO:0160241
81099	UN	81099	GO:0160242
81107	UN	81107	GO:0141215
81115	UN	81115	GO:0004046
81119	UN	81119	GO:0004046
81123	UN	81123	GO:0004046
81179	UN	81179	GO:0120539
81183	UN	81183	GO:0120538
81191	UN	81191	GO:0004029
81195	UN	81195	GO:0106364
81211	UN	81211	GO:0160224
81215	UN	81215	GO:0120537
81247	UN	81247	GO:0106364
81251	UN	81251	GO:0106364
81255	UN	81255	GO:0106364
81259	UN	81259	GO:0106364
81263	UN	81263	GO:0120539
81267	UN	81267	GO:0120539
81271	UN	81271	GO:0120539
81275	UN	81275	GO:0120539
81279	UN	81279	GO:0120538
81283	UN	81283	GO:0120538
81287	UN	81287	GO:0120538
81291	UN	81291	GO:0120538
81295	UN	81295	GO:0120538
81371	UN	81371	GO:0050108
81387	UN	81387	GO:0160216
81419	UN	81419	GO:0004029
81423	UN	81423	GO:0033721
81475	UN	81475	GO:0102772
81515	UN	81515	GO:0047834
81519	UN	81519	GO:0047834
81523	UN	81523	GO:0047834
81555	UN	81555	GO:0050323
81575	UN	81575	GO:0004090
81583	UN	81583	GO:0004090
81599	UN	81599	GO:0044594
81603	UN	81603	GO:0004022
81611	UN	81611	GO:0015431
81635	UN	81635	GO:0047635
81651	UN	81651	GO:0001665
81655	UN	81655	GO:0001665
81663	UN	81663	GO:0015431
81667	UN	81667	GO:0160270
81719	UN	81719	GO:0004090
81727	UN	81727	GO:0102965
81731	UN	81731	GO:0102965
81735	UN	81735	GO:0080019
81739	UN	81739	GO:0080019
81751	UN	81751	GO:0080019
81763	UN	81763	GO:0102965
81767	UN	81767	GO:0102965
81771	UN	81771	GO:0102965
81775	UN	81775	GO:0080019
81779	UN	81779	GO:0080019
81783	UN	81783	GO:0047196
81803	UN	81803	GO:0047196
81807	UN	81807	GO:0047196
81811	UN	81811	GO:0047196
81827	UN	81827	GO:0047186
81855	UN	81855	GO:0004301
81947	UN	81947	GO:0047233
81955	UN	81955	GO:0047233
81971	UN	81971	GO:0047233
81979	UN	81979	GO:0004045
82011	UN	82011	GO:0047233
82055	UN	82055	GO:0042767
82127	UN	82127	GO:0003831
82143	UN	82143	GO:0017083
82231	UN	82231	GO:0004090
82347	UN	82347	GO:0035302
82351	UN	82351	GO:0042768
82415	UN	82415	GO:0047635
82479	UN	82479	GO:0140170
82483	UN	82483	GO:0140174
82487	UN	82487	GO:0140174
82491	UN	82491	GO:0140174
82495	UN	82495	GO:0140174
82499	UN	82499	GO:0140174
82503	UN	82503	GO:0140174
82507	UN	82507	GO:0140174
82511	UN	82511	GO:0140174
82851	UN	82851	GO:0160224
82855	UN	82855	GO:0160224
82859	UN	82859	GO:0160224
82903	UN	82903	GO:0003835
82923	UN	82923	GO:0018812
82931	UN	82931	GO:0016509
82935	UN	82935	GO:0003988
82939	UN	82939	GO:0004466
82943	UN	82943	GO:0003988
82947	UN	82947	GO:0003835
82951	UN	82951	GO:0070991
82955	UN	82955	GO:0008532
82959	UN	82959	GO:0018812
82967	UN	82967	GO:0003831
82971	UN	82971	GO:0008532
82983	UN	82983	GO:0003835
82995	UN	82995	GO:0018812
82999	UN	82999	GO:0016509
83003	UN	83003	GO:0003857
83007	UN	83007	GO:0003988
83019	UN	83019	GO:0004467
83023	UN	83023	GO:0004466
83027	UN	83027	GO:0018812
83031	UN	83031	GO:0016509
83035	UN	83035	GO:0004467
83043	UN	83043	GO:0050578
83047	UN	83047	GO:0044535
83051	UN	83051	GO:0017099
83055	UN	83055	GO:0004466
83059	UN	83059	GO:0120524
83063	UN	83063	GO:0018812
83067	UN	83067	GO:0018812
83071	UN	83071	GO:0052816
83079	UN	83079	GO:0016509
83083	UN	83083	GO:0003988
83095	UN	83095	GO:0003988
83099	UN	83099	GO:0003988
83111	UN	83111	GO:0031957
83119	UN	83119	GO:0102158
83131	UN	83131	GO:0008388
83135	UN	83135	GO:0003988
83139	UN	83139	GO:0016509
83147	UN	83147	GO:0018812
83155	UN	83155	GO:0004466
83159	UN	83159	GO:0004466
83163	UN	83163	GO:0008388
83167	UN	83167	GO:0008388
83179	UN	83179	GO:0008388
83199	UN	83199	GO:0004467
83203	UN	83203	GO:0004467
83207	UN	83207	GO:0004466
83211	UN	83211	GO:0018812
83215	UN	83215	GO:0016509
83219	UN	83219	GO:0003988
83223	UN	83223	GO:0004466
83231	UN	83231	GO:0004165
83235	UN	83235	GO:0050136
83239	UN	83239	GO:0008753
83243	UN	83243	GO:0050136
83247	UN	83247	GO:0008753
83251	UN	83251	GO:0003988
83255	UN	83255	GO:0042768
83279	UN	83279	GO:0160236
83291	UN	83291	GO:0017099
83295	UN	83295	GO:0042767
83299	UN	83299	GO:0042767
83303	UN	83303	GO:0050124
83323	UN	83323	GO:0018812
83331	UN	83331	GO:0003988
83335	UN	83335	GO:0004466
83343	UN	83343	GO:0004062
83347	UN	83347	GO:0004467
83351	UN	83351	GO:0004062
83355	UN	83355	GO:0052816
83359	UN	83359	GO:0018812
83363	UN	83363	GO:0016509
83367	UN	83367	GO:0003988
83371	UN	83371	GO:0004466
83375	UN	83375	GO:0018812
83379	UN	83379	GO:0016509
83383	UN	83383	GO:0003988
83387	UN	83387	GO:0004466
83391	UN	83391	GO:0018812
83395	UN	83395	GO:0016509
83399	UN	83399	GO:0003988
83403	UN	83403	GO:0031957
83423	UN	83423	GO:0160230
83435	UN	83435	GO:0052868
83531	UN	83531	GO:0140186
83559	UN	83559	GO:0160238
83563	UN	83563	GO:0160238
83575	UN	83575	GO:0004062
83759	UN	83759	GO:0032216
83859	UN	83859	GO:0103041
83863	UN	83863	GO:0140085
83895	UN	83895	GO:0160248
83911	UN	83911	GO:0050538
83915	UN	83915	GO:0050538
83951	UN	83951	GO:0036348
83991	UN	83991	GO:0036348
84011	UN	84011	GO:0050538
84015	UN	84015	GO:0050538
84019	UN	84019	GO:0050538
84023	UN	84023	GO:0050538
84055	UN	84055	GO:0008106
84059	UN	84059	GO:0008106
84063	UN	84063	GO:0008106
84067	UN	84067	GO:0004507
84071	UN	84071	GO:0004507
84079	UN	84079	GO:0070524
84083	UN	84083	GO:0070523
84155	UN	84155	GO:0140169
84179	UN	84179	GO:0160291
84191	UN	84191	GO:0047751
84195	UN	84195	GO:0047751
84199	UN	84199	GO:0140169
84223	UN	84223	GO:0004090
84227	UN	84227	GO:0036348
84231	UN	84231	GO:0036348
84243	UN	84243	GO:0004508
84375	UN	84375	GO:0032018
84395	UN	84395	GO:0018812
84399	UN	84399	GO:0018812
84403	UN	84403	GO:0018812
84407	UN	84407	GO:0018812
84411	UN	84411	GO:0016509
84415	UN	84415	GO:0016509
84419	UN	84419	GO:0003857
84427	UN	84427	GO:0016509
84447	UN	84447	GO:0003988
84451	UN	84451	GO:0003988
84455	UN	84455	GO:0003988
84459	UN	84459	GO:0003988
84463	UN	84463	GO:0004466
84467	UN	84467	GO:0004466
84471	UN	84471	GO:0070991
84475	UN	84475	GO:0070991
84487	UN	84487	GO:0004165
84491	UN	84491	GO:0004165
84499	UN	84499	GO:0004380
84507	UN	84507	GO:0004380
84511	UN	84511	GO:0004380
84515	UN	84515	GO:0051750
84519	UN	84519	GO:0004381
84523	UN	84523	GO:0004381
84527	UN	84527	GO:0004381
84535	UN	84535	GO:0004380
84539	UN	84539	GO:0004380
84543	UN	84543	GO:0051750
84547	UN	84547	GO:0004165
84555	UN	84555	GO:0004165
84559	UN	84559	GO:0004165
84563	UN	84563	GO:0004165
84595	UN	84595	GO:0004466
84599	UN	84599	GO:0004466
84603	UN	84603	GO:0004466
84607	UN	84607	GO:0070991
84611	UN	84611	GO:0070991
84615	UN	84615	GO:0070991
84619	UN	84619	GO:0004466
84623	UN	84623	GO:0004466
84627	UN	84627	GO:0018812
84631	UN	84631	GO:0018812
84639	UN	84639	GO:0003863
84643	UN	84643	GO:0003863
84647	UN	84647	GO:0043754
84651	UN	84651	GO:0043754
84659	UN	84659	GO:0018812
84663	UN	84663	GO:0018812
84667	UN	84667	GO:0018812
84671	UN	84671	GO:0016509
84675	UN	84675	GO:0016509
84679	UN	84679	GO:0016509
84683	UN	84683	GO:0003857
84687	UN	84687	GO:0003857
84691	UN	84691	GO:0016509
84695	UN	84695	GO:0003988
84699	UN	84699	GO:0003988
84703	UN	84703	GO:0003988
84707	UN	84707	GO:0003988
84711	UN	84711	GO:0003988
84715	UN	84715	GO:0003988
84739	UN	84739	GO:0004381
84743	UN	84743	GO:0004381
84839	UN	84839	GO:0003988
84843	UN	84843	GO:0004165
84887	UN	84887	GO:0046559
84891	UN	84891	GO:0046559
84895	UN	84895	GO:0046559
84899	UN	84899	GO:0046559
84927	UN	84927	GO:0140174
84999	UN	84999	GO:0003831
85011	UN	85011	GO:0160272
85047	UN	85047	GO:0004090
85103	UN	85103	GO:0004090
85107	UN	85107	GO:0004466
85123	UN	85123	GO:0004466
85127	UN	85127	GO:0018812
85131	UN	85131	GO:0016509
85159	UN	85159	GO:0141218
85171	UN	85171	GO:0106340
85191	UN	85191	GO:0160273
85279	UN	85279	GO:0140186
85307	UN	85307	GO:0004467
85423	UN	85423	GO:7770009
85451	UN	85451	GO:0102357
85479	UN	85479	GO:0160298
85483	UN	85483	GO:0160302
85487	UN	85487	GO:0160301
85511	UN	85511	GO:7770002
85519	UN	85519	GO:0140759
85531	UN	85531	GO:0072582
85543	UN	85543	GO:0072582
85551	UN	85551	GO:0140169
85555	UN	85555	GO:0000253
85559	UN	85559	GO:0140169
85563	UN	85563	GO:0000253
85603	UN	85603	GO:0018822
85607	UN	85607	GO:0018822
85611	UN	85611	GO:0018822
85643	UN	85643	GO:0018822
85647	UN	85647	GO:0018822
85651	UN	85651	GO:0018822
85655	UN	85655	GO:0018822
85671	UN	85671	GO:0018822
85679	UN	85679	GO:0160283
85683	UN	85683	GO:0160286
85691	UN	85691	GO:0018822
85695	UN	85695	GO:0018822
85827	UN	85827	GO:0009922
85831	UN	85831	GO:0141040
85835	UN	85835	GO:0102758
85851	UN	85851	GO:0080002
85907	UN	85907	GO:0035575
85911	UN	85911	GO:0035575
85927	UN	85927	GO:0140760
85931	UN	85931	GO:0140760
86055	UN	86055	GO:0050212
86067	UN	86067	GO:0140175
86071	UN	86071	GO:0140175
86075	UN	86075	GO:0160304
86103	UN	86103	GO:0004022
86111	UN	86111	GO:0004022
86115	UN	86115	GO:0004022
86119	UN	86119	GO:0004022
86247	UN	86247	GO:0033842
86251	UN	86251	GO:0035248
86255	UN	86255	GO:0035248
86259	UN	86259	GO:0140335
86263	UN	86263	GO:0004621
86319	UN	86319	GO:0034061
86371	UN	86371	GO:0140324
86375	UN	86375	GO:0140324
86379	UN	86379	GO:0140324
86383	UN	86383	GO:0140324
