accession,dataset,organism,tissue,source_metadata,in_DepressionMood_PAC,in_ADprogression_PAC,assigned_group,included,exclusion_reason
M10001,Supp6_PAC,Homo sapiens,DLPFC,PsychAD snRNA-seq (syn60084804); labels not provided in Supp Data 6,0,1,unlabeled,0,not present in both Depression and AD-progression PAC sheets
M10031,Supp6_PAC,Homo sapiens,DLPFC,PsychAD snRNA-seq (syn60084804); labels not provided in Supp Data 6,0,1,unlabeled,0,not present in both Depression and AD-progression PAC sheets
M10233,Supp6_PAC,Homo sapiens,DLPFC,PsychAD snRNA-seq (syn60084804); labels not provided in Supp Data 6,0,1,unlabeled,0,not present in both Depression and AD-progression PAC sheets
M10282,Supp6_PAC,Homo sapiens,DLPFC,PsychAD snRNA-seq (syn60084804); labels not provided in Supp Data 6,1,1,used_in_depression_vs_ADprogression_correlation,1,
M10632,Supp6_PAC,Homo sapiens,DLPFC,PsychAD snRNA-seq (syn60084804); labels not provided in Supp Data 6,0,1,unlabeled,0,not present in both Depression and AD-progression PAC sheets
M10730,Supp6_PAC,Homo sapiens,DLPFC,PsychAD snRNA-seq (syn60084804); labels not provided in Supp Data 6,1,1,used_in_depression_vs_ADprogression_correlation,1,
M10795,Supp6_PAC,Homo sapiens,DLPFC,PsychAD snRNA-seq (syn60084804); labels not provided in Supp Data 6,0,1,unlabeled,0,not present in both Depression and AD-progression PAC sheets
M107983,Supp6_PAC,Homo sapiens,DLPFC,PsychAD snRNA-seq (syn60084804); labels not provided in Supp Data 6,0,1,unlabeled,0,not present in both Depression and AD-progression PAC sheets
M11243,Supp6_PAC,Homo sapiens,DLPFC,PsychAD snRNA-seq (syn60084804); labels not provided in Supp Data 6,0,1,unlabeled,0,not present in both Depression and AD-progression PAC sheets
M11371,Supp6_PAC,Homo sapiens,DLPFC,PsychAD snRNA-seq (syn60084804); labels not provided in Supp Data 6,0,1,unlabeled,0,not present in both Depression and AD-progression PAC sheets
M1140,Supp6_PAC,Homo sapiens,DLPFC,PsychAD snRNA-seq (syn60084804); labels not provided in Supp Data 6,0,1,unlabeled,0,not present in both Depression and AD-progression PAC sheets
M11526,Supp6_PAC,Homo sapiens,DLPFC,PsychAD snRNA-seq (syn60084804); labels not provided in Supp Data 6,0,1,unlabeled,0,not present in both Depression and AD-progression PAC sheets
M11588,Supp6_PAC,Homo sapiens,DLPFC,PsychAD snRNA-seq (syn60084804); labels not provided in Supp Data 6,1,1,used_in_depression_vs_ADprogression_correlation,1,
M11589,Supp6_PAC,Homo sapiens,DLPFC,PsychAD snRNA-seq (syn60084804); labels not provided in Supp Data 6,0,1,unlabeled,0,not present in both Depression and AD-progression PAC sheets
M11716,Supp6_PAC,Homo sapiens,DLPFC,PsychAD snRNA-seq (syn60084804); labels not provided in Supp Data 6,1,1,used_in_depression_vs_ADprogression_correlation,1,
M1176,Supp6_PAC,Homo sapiens,DLPFC,PsychAD snRNA-seq (syn60084804); labels not provided in Supp Data 6,0,1,unlabeled,0,not present in both Depression and AD-progression PAC sheets
M118449,Supp6_PAC,Homo sapiens,DLPFC,PsychAD snRNA-seq (syn60084804); labels not provided in Supp Data 6,1,1,used_in_depression_vs_ADprogression_correlation,1,
M11938,Supp6_PAC,Homo sapiens,DLPFC,PsychAD snRNA-seq (syn60084804); labels not provided in Supp Data 6,1,1,used_in_depression_vs_ADprogression_correlation,1,
M1198,Supp6_PAC,Homo sapiens,DLPFC,PsychAD snRNA-seq (syn60084804); labels not provided in Supp Data 6,1,1,used_in_depression_vs_ADprogression_correlation,1,
M12047,Supp6_PAC,Homo sapiens,DLPFC,PsychAD snRNA-seq (syn60084804); labels not provided in Supp Data 6,1,1,used_in_depression_vs_ADprogression_correlation,1,
M12052,Supp6_PAC,Homo sapiens,DLPFC,PsychAD snRNA-seq (syn60084804); labels not provided in Supp Data 6,0,1,unlabeled,0,not present in both Depression and AD-progression PAC sheets
M12314,Supp6_PAC,Homo sapiens,DLPFC,PsychAD snRNA-seq (syn60084804); labels not provided in Supp Data 6,0,1,unlabeled,0,not present in both Depression and AD-progression PAC sheets
M12326,Supp6_PAC,Homo sapiens,DLPFC,PsychAD snRNA-seq (syn60084804); labels not provided in Supp Data 6,1,1,used_in_depression_vs_ADprogression_correlation,1,
M12479,Supp6_PAC,Homo sapiens,DLPFC,PsychAD snRNA-seq (syn60084804); labels not provided in Supp Data 6,1,1,used_in_depression_vs_ADprogression_correlation,1,
M12614,Supp6_PAC,Homo sapiens,DLPFC,PsychAD snRNA-seq (syn60084804); labels not provided in Supp Data 6,0,1,unlabeled,0,not present in both Depression and AD-progression PAC sheets
M12792,Supp6_PAC,Homo sapiens,DLPFC,PsychAD snRNA-seq (syn60084804); labels not provided in Supp Data 6,1,1,used_in_depression_vs_ADprogression_correlation,1,
M12876,Supp6_PAC,Homo sapiens,DLPFC,PsychAD snRNA-seq (syn60084804); labels not provided in Supp Data 6,0,1,unlabeled,0,not present in both Depression and AD-progression PAC sheets
M13078,Supp6_PAC,Homo sapiens,DLPFC,PsychAD snRNA-seq (syn60084804); labels not provided in Supp Data 6,0,1,unlabeled,0,not present in both Depression and AD-progression PAC sheets
M13090,Supp6_PAC,Homo sapiens,DLPFC,PsychAD snRNA-seq (syn60084804); labels not provided in Supp Data 6,0,1,unlabeled,0,not present in both Depression and AD-progression PAC sheets
M13326,Supp6_PAC,Homo sapiens,DLPFC,PsychAD snRNA-seq (syn60084804); labels not provided in Supp Data 6,1,1,used_in_depression_vs_ADprogression_correlation,1,
M13640,Supp6_PAC,Homo sapiens,DLPFC,PsychAD snRNA-seq (syn60084804); labels not provided in Supp Data 6,1,1,used_in_depression_vs_ADprogression_correlation,1,
M13872,Supp6_PAC,Homo sapiens,DLPFC,PsychAD snRNA-seq (syn60084804); labels not provided in Supp Data 6,0,1,unlabeled,0,not present in both Depression and AD-progression PAC sheets
M14385,Supp6_PAC,Homo sapiens,DLPFC,PsychAD snRNA-seq (syn60084804); labels not provided in Supp Data 6,0,1,unlabeled,0,not present in both Depression and AD-progression PAC sheets
M14434,Supp6_PAC,Homo sapiens,DLPFC,PsychAD snRNA-seq (syn60084804); labels not provided in Supp Data 6,0,1,unlabeled,0,not present in both Depression and AD-progression PAC sheets
M14597,Supp6_PAC,Homo sapiens,DLPFC,PsychAD snRNA-seq (syn60084804); labels not provided in Supp Data 6,0,1,unlabeled,0,not present in both Depression and AD-progression PAC sheets
M14666,Supp6_PAC,Homo sapiens,DLPFC,PsychAD snRNA-seq (syn60084804); labels not provided in Supp Data 6,0,1,unlabeled,0,not present in both Depression and AD-progression PAC sheets
M14812,Supp6_PAC,Homo sapiens,DLPFC,PsychAD snRNA-seq (syn60084804); labels not provided in Supp Data 6,0,1,unlabeled,0,not present in both Depression and AD-progression PAC sheets
M14897,Supp6_PAC,Homo sapiens,DLPFC,PsychAD snRNA-seq (syn60084804); labels not provided in Supp Data 6,0,1,unlabeled,0,not present in both Depression and AD-progression PAC sheets
M14947,Supp6_PAC,Homo sapiens,DLPFC,PsychAD snRNA-seq (syn60084804); labels not provided in Supp Data 6,0,1,unlabeled,0,not present in both Depression and AD-progression PAC sheets
M15272,Supp6_PAC,Homo sapiens,DLPFC,PsychAD snRNA-seq (syn60084804); labels not provided in Supp Data 6,0,1,unlabeled,0,not present in both Depression and AD-progression PAC sheets
M153,Supp6_PAC,Homo sapiens,DLPFC,PsychAD snRNA-seq (syn60084804); labels not provided in Supp Data 6,1,1,used_in_depression_vs_ADprogression_correlation,1,
M15395,Supp6_PAC,Homo sapiens,DLPFC,PsychAD snRNA-seq (syn60084804); labels not provided in Supp Data 6,1,1,used_in_depression_vs_ADprogression_correlation,1,
M15410,Supp6_PAC,Homo sapiens,DLPFC,PsychAD snRNA-seq (syn60084804); labels not provided in Supp Data 6,0,1,unlabeled,0,not present in both Depression and AD-progression PAC sheets
M15627,Supp6_PAC,Homo sapiens,DLPFC,PsychAD snRNA-seq (syn60084804); labels not provided in Supp Data 6,0,1,unlabeled,0,not present in both Depression and AD-progression PAC sheets
M16204,Supp6_PAC,Homo sapiens,DLPFC,PsychAD snRNA-seq (syn60084804); labels not provided in Supp Data 6,1,1,used_in_depression_vs_ADprogression_correlation,1,
M16436,Supp6_PAC,Homo sapiens,DLPFC,PsychAD snRNA-seq (syn60084804); labels not provided in Supp Data 6,0,1,unlabeled,0,not present in both Depression and AD-progression PAC sheets
M16485,Supp6_PAC,Homo sapiens,DLPFC,PsychAD snRNA-seq (syn60084804); labels not provided in Supp Data 6,0,1,unlabeled,0,not present in both Depression and AD-progression PAC sheets
M16717,Supp6_PAC,Homo sapiens,DLPFC,PsychAD snRNA-seq (syn60084804); labels not provided in Supp Data 6,0,1,unlabeled,0,not present in both Depression and AD-progression PAC sheets
M16998,Supp6_PAC,Homo sapiens,DLPFC,PsychAD snRNA-seq (syn60084804); labels not provided in Supp Data 6,0,1,unlabeled,0,not present in both Depression and AD-progression PAC sheets
M1712,Supp6_PAC,Homo sapiens,DLPFC,PsychAD snRNA-seq (syn60084804); labels not provided in Supp Data 6,1,1,used_in_depression_vs_ADprogression_correlation,1,
M1746,Supp6_PAC,Homo sapiens,DLPFC,PsychAD snRNA-seq (syn60084804); labels not provided in Supp Data 6,1,1,used_in_depression_vs_ADprogression_correlation,1,
M17693,Supp6_PAC,Homo sapiens,DLPFC,PsychAD snRNA-seq (syn60084804); labels not provided in Supp Data 6,1,1,used_in_depression_vs_ADprogression_correlation,1,
M17728,Supp6_PAC,Homo sapiens,DLPFC,PsychAD snRNA-seq (syn60084804); labels not provided in Supp Data 6,1,1,used_in_depression_vs_ADprogression_correlation,1,
M18153,Supp6_PAC,Homo sapiens,DLPFC,PsychAD snRNA-seq (syn60084804); labels not provided in Supp Data 6,0,1,unlabeled,0,not present in both Depression and AD-progression PAC sheets
M18243,Supp6_PAC,Homo sapiens,DLPFC,PsychAD snRNA-seq (syn60084804); labels not provided in Supp Data 6,0,1,unlabeled,0,not present in both Depression and AD-progression PAC sheets
M18305,Supp6_PAC,Homo sapiens,DLPFC,PsychAD snRNA-seq (syn60084804); labels not provided in Supp Data 6,1,1,used_in_depression_vs_ADprogression_correlation,1,
M184,Supp6_PAC,Homo sapiens,DLPFC,PsychAD snRNA-seq (syn60084804); labels not provided in Supp Data 6,0,1,unlabeled,0,not present in both Depression and AD-progression PAC sheets
M18763,Supp6_PAC,Homo sapiens,DLPFC,PsychAD snRNA-seq (syn60084804); labels not provided in Supp Data 6,1,1,used_in_depression_vs_ADprogression_correlation,1,
M18768,Supp6_PAC,Homo sapiens,DLPFC,PsychAD snRNA-seq (syn60084804); labels not provided in Supp Data 6,1,1,used_in_depression_vs_ADprogression_correlation,1,
M19050,Supp6_PAC,Homo sapiens,DLPFC,PsychAD snRNA-seq (syn60084804); labels not provided in Supp Data 6,1,1,used_in_depression_vs_ADprogression_correlation,1,
M19193,Supp6_PAC,Homo sapiens,DLPFC,PsychAD snRNA-seq (syn60084804); labels not provided in Supp Data 6,1,1,used_in_depression_vs_ADprogression_correlation,1,
M19281,Supp6_PAC,Homo sapiens,DLPFC,PsychAD snRNA-seq (syn60084804); labels not provided in Supp Data 6,0,1,unlabeled,0,not present in both Depression and AD-progression PAC sheets
M19331,Supp6_PAC,Homo sapiens,DLPFC,PsychAD snRNA-seq (syn60084804); labels not provided in Supp Data 6,0,1,unlabeled,0,not present in both Depression and AD-progression PAC sheets
M1943,Supp6_PAC,Homo sapiens,DLPFC,PsychAD snRNA-seq (syn60084804); labels not provided in Supp Data 6,1,1,used_in_depression_vs_ADprogression_correlation,1,
M19543,Supp6_PAC,Homo sapiens,DLPFC,PsychAD snRNA-seq (syn60084804); labels not provided in Supp Data 6,1,1,used_in_depression_vs_ADprogression_correlation,1,
M19551,Supp6_PAC,Homo sapiens,DLPFC,PsychAD snRNA-seq (syn60084804); labels not provided in Supp Data 6,0,1,unlabeled,0,not present in both Depression and AD-progression PAC sheets
M19562,Supp6_PAC,Homo sapiens,DLPFC,PsychAD snRNA-seq (syn60084804); labels not provided in Supp Data 6,0,1,unlabeled,0,not present in both Depression and AD-progression PAC sheets
M19844,Supp6_PAC,Homo sapiens,DLPFC,PsychAD snRNA-seq (syn60084804); labels not provided in Supp Data 6,1,1,used_in_depression_vs_ADprogression_correlation,1,
M19997,Supp6_PAC,Homo sapiens,DLPFC,PsychAD snRNA-seq (syn60084804); labels not provided in Supp Data 6,0,1,unlabeled,0,not present in both Depression and AD-progression PAC sheets
M201539,Supp6_PAC,Homo sapiens,DLPFC,PsychAD snRNA-seq (syn60084804); labels not provided in Supp Data 6,0,1,unlabeled,0,not present in both Depression and AD-progression PAC sheets
M20337,Supp6_PAC,Homo sapiens,DLPFC,PsychAD snRNA-seq (syn60084804); labels not provided in Supp Data 6,1,1,used_in_depression_vs_ADprogression_correlation,1,
M20356,Supp6_PAC,Homo sapiens,DLPFC,PsychAD snRNA-seq (syn60084804); labels not provided in Supp Data 6,0,1,unlabeled,0,not present in both Depression and AD-progression PAC sheets
M20485,Supp6_PAC,Homo sapiens,DLPFC,PsychAD snRNA-seq (syn60084804); labels not provided in Supp Data 6,0,1,unlabeled,0,not present in both Depression and AD-progression PAC sheets
M20588,Supp6_PAC,Homo sapiens,DLPFC,PsychAD snRNA-seq (syn60084804); labels not provided in Supp Data 6,0,1,unlabeled,0,not present in both Depression and AD-progression PAC sheets
M207,Supp6_PAC,Homo sapiens,DLPFC,PsychAD snRNA-seq (syn60084804); labels not provided in Supp Data 6,0,1,unlabeled,0,not present in both Depression and AD-progression PAC sheets
M20701,Supp6_PAC,Homo sapiens,DLPFC,PsychAD snRNA-seq (syn60084804); labels not provided in Supp Data 6,0,1,unlabeled,0,not present in both Depression and AD-progression PAC sheets
M20855,Supp6_PAC,Homo sapiens,DLPFC,PsychAD snRNA-seq (syn60084804); labels not provided in Supp Data 6,0,1,unlabeled,0,not present in both Depression and AD-progression PAC sheets
M20869,Supp6_PAC,Homo sapiens,DLPFC,PsychAD snRNA-seq (syn60084804); labels not provided in Supp Data 6,1,1,used_in_depression_vs_ADprogression_correlation,1,
M21046,Supp6_PAC,Homo sapiens,DLPFC,PsychAD snRNA-seq (syn60084804); labels not provided in Supp Data 6,1,1,used_in_depression_vs_ADprogression_correlation,1,
M21278,Supp6_PAC,Homo sapiens,DLPFC,PsychAD snRNA-seq (syn60084804); labels not provided in Supp Data 6,1,1,used_in_depression_vs_ADprogression_correlation,1,
M21530,Supp6_PAC,Homo sapiens,DLPFC,PsychAD snRNA-seq (syn60084804); labels not provided in Supp Data 6,1,1,used_in_depression_vs_ADprogression_correlation,1,
M21614,Supp6_PAC,Homo sapiens,DLPFC,PsychAD snRNA-seq (syn60084804); labels not provided in Supp Data 6,0,1,unlabeled,0,not present in both Depression and AD-progression PAC sheets
M22127,Supp6_PAC,Homo sapiens,DLPFC,PsychAD snRNA-seq (syn60084804); labels not provided in Supp Data 6,0,1,unlabeled,0,not present in both Depression and AD-progression PAC sheets
M22640,Supp6_PAC,Homo sapiens,DLPFC,PsychAD snRNA-seq (syn60084804); labels not provided in Supp Data 6,0,1,unlabeled,0,not present in both Depression and AD-progression PAC sheets
M22767,Supp6_PAC,Homo sapiens,DLPFC,PsychAD snRNA-seq (syn60084804); labels not provided in Supp Data 6,0,1,unlabeled,0,not present in both Depression and AD-progression PAC sheets
M22921,Supp6_PAC,Homo sapiens,DLPFC,PsychAD snRNA-seq (syn60084804); labels not provided in Supp Data 6,1,1,used_in_depression_vs_ADprogression_correlation,1,
M23065,Supp6_PAC,Homo sapiens,DLPFC,PsychAD snRNA-seq (syn60084804); labels not provided in Supp Data 6,1,1,used_in_depression_vs_ADprogression_correlation,1,
M23152,Supp6_PAC,Homo sapiens,DLPFC,PsychAD snRNA-seq (syn60084804); labels not provided in Supp Data 6,0,1,unlabeled,0,not present in both Depression and AD-progression PAC sheets
M23714,Supp6_PAC,Homo sapiens,DLPFC,PsychAD snRNA-seq (syn60084804); labels not provided in Supp Data 6,0,1,unlabeled,0,not present in both Depression and AD-progression PAC sheets
M23983,Supp6_PAC,Homo sapiens,DLPFC,PsychAD snRNA-seq (syn60084804); labels not provided in Supp Data 6,0,1,unlabeled,0,not present in both Depression and AD-progression PAC sheets
M24227,Supp6_PAC,Homo sapiens,DLPFC,PsychAD snRNA-seq (syn60084804); labels not provided in Supp Data 6,1,1,used_in_depression_vs_ADprogression_correlation,1,
M24257,Supp6_PAC,Homo sapiens,DLPFC,PsychAD snRNA-seq (syn60084804); labels not provided in Supp Data 6,0,1,unlabeled,0,not present in both Depression and AD-progression PAC sheets
M24410,Supp6_PAC,Homo sapiens,DLPFC,PsychAD snRNA-seq (syn60084804); labels not provided in Supp Data 6,1,1,used_in_depression_vs_ADprogression_correlation,1,
M24420,Supp6_PAC,Homo sapiens,DLPFC,PsychAD snRNA-seq (syn60084804); labels not provided in Supp Data 6,0,1,unlabeled,0,not present in both Depression and AD-progression PAC sheets
M24443,Supp6_PAC,Homo sapiens,DLPFC,PsychAD snRNA-seq (syn60084804); labels not provided in Supp Data 6,0,1,unlabeled,0,not present in both Depression and AD-progression PAC sheets
M24508,Supp6_PAC,Homo sapiens,DLPFC,PsychAD snRNA-seq (syn60084804); labels not provided in Supp Data 6,0,1,unlabeled,0,not present in both Depression and AD-progression PAC sheets
M24905,Supp6_PAC,Homo sapiens,DLPFC,PsychAD snRNA-seq (syn60084804); labels not provided in Supp Data 6,0,1,unlabeled,0,not present in both Depression and AD-progression PAC sheets
M2491,Supp6_PAC,Homo sapiens,DLPFC,PsychAD snRNA-seq (syn60084804); labels not provided in Supp Data 6,0,1,unlabeled,0,not present in both Depression and AD-progression PAC sheets
M25144,Supp6_PAC,Homo sapiens,DLPFC,PsychAD snRNA-seq (syn60084804); labels not provided in Supp Data 6,0,1,unlabeled,0,not present in both Depression and AD-progression PAC sheets
M252323,Supp6_PAC,Homo sapiens,DLPFC,PsychAD snRNA-seq (syn60084804); labels not provided in Supp Data 6,0,1,unlabeled,0,not present in both Depression and AD-progression PAC sheets
M25234,Supp6_PAC,Homo sapiens,DLPFC,PsychAD snRNA-seq (syn60084804); labels not provided in Supp Data 6,1,1,used_in_depression_vs_ADprogression_correlation,1,
M25557,Supp6_PAC,Homo sapiens,DLPFC,PsychAD snRNA-seq (syn60084804); labels not provided in Supp Data 6,0,1,unlabeled,0,not present in both Depression and AD-progression PAC sheets
M26229,Supp6_PAC,Homo sapiens,DLPFC,PsychAD snRNA-seq (syn60084804); labels not provided in Supp Data 6,1,1,used_in_depression_vs_ADprogression_correlation,1,
M2646,Supp6_PAC,Homo sapiens,DLPFC,PsychAD snRNA-seq (syn60084804); labels not provided in Supp Data 6,0,1,unlabeled,0,not present in both Depression and AD-progression PAC sheets
M26792,Supp6_PAC,Homo sapiens,DLPFC,PsychAD snRNA-seq (syn60084804); labels not provided in Supp Data 6,0,1,unlabeled,0,not present in both Depression and AD-progression PAC sheets
M26968,Supp6_PAC,Homo sapiens,DLPFC,PsychAD snRNA-seq (syn60084804); labels not provided in Supp Data 6,0,1,unlabeled,0,not present in both Depression and AD-progression PAC sheets
M26976,Supp6_PAC,Homo sapiens,DLPFC,PsychAD snRNA-seq (syn60084804); labels not provided in Supp Data 6,0,1,unlabeled,0,not present in both Depression and AD-progression PAC sheets
M26992,Supp6_PAC,Homo sapiens,DLPFC,PsychAD snRNA-seq (syn60084804); labels not provided in Supp Data 6,0,1,unlabeled,0,not present in both Depression and AD-progression PAC sheets
M271140,Supp6_PAC,Homo sapiens,DLPFC,PsychAD snRNA-seq (syn60084804); labels not provided in Supp Data 6,0,1,unlabeled,0,not present in both Depression and AD-progression PAC sheets
M271150,Supp6_PAC,Homo sapiens,DLPFC,PsychAD snRNA-seq (syn60084804); labels not provided in Supp Data 6,0,1,unlabeled,0,not present in both Depression and AD-progression PAC sheets
M27285,Supp6_PAC,Homo sapiens,DLPFC,PsychAD snRNA-seq (syn60084804); labels not provided in Supp Data 6,0,1,unlabeled,0,not present in both Depression and AD-progression PAC sheets
M27409,Supp6_PAC,Homo sapiens,DLPFC,PsychAD snRNA-seq (syn60084804); labels not provided in Supp Data 6,0,1,unlabeled,0,not present in both Depression and AD-progression PAC sheets
M27521,Supp6_PAC,Homo sapiens,DLPFC,PsychAD snRNA-seq (syn60084804); labels not provided in Supp Data 6,0,1,unlabeled,0,not present in both Depression and AD-progression PAC sheets
M2772,Supp6_PAC,Homo sapiens,DLPFC,PsychAD snRNA-seq (syn60084804); labels not provided in Supp Data 6,1,1,used_in_depression_vs_ADprogression_correlation,1,
M27813,Supp6_PAC,Homo sapiens,DLPFC,PsychAD snRNA-seq (syn60084804); labels not provided in Supp Data 6,1,1,used_in_depression_vs_ADprogression_correlation,1,
M27965,Supp6_PAC,Homo sapiens,DLPFC,PsychAD snRNA-seq (syn60084804); labels not provided in Supp Data 6,0,1,unlabeled,0,not present in both Depression and AD-progression PAC sheets
M28034,Supp6_PAC,Homo sapiens,DLPFC,PsychAD snRNA-seq (syn60084804); labels not provided in Supp Data 6,1,1,used_in_depression_vs_ADprogression_correlation,1,
M28083,Supp6_PAC,Homo sapiens,DLPFC,PsychAD snRNA-seq (syn60084804); labels not provided in Supp Data 6,1,1,used_in_depression_vs_ADprogression_correlation,1,
M28098,Supp6_PAC,Homo sapiens,DLPFC,PsychAD snRNA-seq (syn60084804); labels not provided in Supp Data 6,0,1,unlabeled,0,not present in both Depression and AD-progression PAC sheets
M28167,Supp6_PAC,Homo sapiens,DLPFC,PsychAD snRNA-seq (syn60084804); labels not provided in Supp Data 6,1,1,used_in_depression_vs_ADprogression_correlation,1,
M282520,Supp6_PAC,Homo sapiens,DLPFC,PsychAD snRNA-seq (syn60084804); labels not provided in Supp Data 6,0,1,unlabeled,0,not present in both Depression and AD-progression PAC sheets
M28379,Supp6_PAC,Homo sapiens,DLPFC,PsychAD snRNA-seq (syn60084804); labels not provided in Supp Data 6,1,1,used_in_depression_vs_ADprogression_correlation,1,
M28437,Supp6_PAC,Homo sapiens,DLPFC,PsychAD snRNA-seq (syn60084804); labels not provided in Supp Data 6,1,1,used_in_depression_vs_ADprogression_correlation,1,
M28592,Supp6_PAC,Homo sapiens,DLPFC,PsychAD snRNA-seq (syn60084804); labels not provided in Supp Data 6,1,1,used_in_depression_vs_ADprogression_correlation,1,
M28843,Supp6_PAC,Homo sapiens,DLPFC,PsychAD snRNA-seq (syn60084804); labels not provided in Supp Data 6,0,1,unlabeled,0,not present in both Depression and AD-progression PAC sheets
M28892,Supp6_PAC,Homo sapiens,DLPFC,PsychAD snRNA-seq (syn60084804); labels not provided in Supp Data 6,0,1,unlabeled,0,not present in both Depression and AD-progression PAC sheets
M2899,Supp6_PAC,Homo sapiens,DLPFC,PsychAD snRNA-seq (syn60084804); labels not provided in Supp Data 6,0,1,unlabeled,0,not present in both Depression and AD-progression PAC sheets
M29124,Supp6_PAC,Homo sapiens,DLPFC,PsychAD snRNA-seq (syn60084804); labels not provided in Supp Data 6,0,1,unlabeled,0,not present in both Depression and AD-progression PAC sheets
M29188,Supp6_PAC,Homo sapiens,DLPFC,PsychAD snRNA-seq (syn60084804); labels not provided in Supp Data 6,0,1,unlabeled,0,not present in both Depression and AD-progression PAC sheets
M29466,Supp6_PAC,Homo sapiens,DLPFC,PsychAD snRNA-seq (syn60084804); labels not provided in Supp Data 6,0,1,unlabeled,0,not present in both Depression and AD-progression PAC sheets
M29582,Supp6_PAC,Homo sapiens,DLPFC,PsychAD snRNA-seq (syn60084804); labels not provided in Supp Data 6,1,1,used_in_depression_vs_ADprogression_correlation,1,
M29637,Supp6_PAC,Homo sapiens,DLPFC,PsychAD snRNA-seq (syn60084804); labels not provided in Supp Data 6,0,1,unlabeled,0,not present in both Depression and AD-progression PAC sheets
M29668,Supp6_PAC,Homo sapiens,DLPFC,PsychAD snRNA-seq (syn60084804); labels not provided in Supp Data 6,0,1,unlabeled,0,not present in both Depression and AD-progression PAC sheets
M29716,Supp6_PAC,Homo sapiens,DLPFC,PsychAD snRNA-seq (syn60084804); labels not provided in Supp Data 6,0,1,unlabeled,0,not present in both Depression and AD-progression PAC sheets
M29736,Supp6_PAC,Homo sapiens,DLPFC,PsychAD snRNA-seq (syn60084804); labels not provided in Supp Data 6,0,1,unlabeled,0,not present in both Depression and AD-progression PAC sheets
M298992,Supp6_PAC,Homo sapiens,DLPFC,PsychAD snRNA-seq (syn60084804); labels not provided in Supp Data 6,0,1,unlabeled,0,not present in both Depression and AD-progression PAC sheets
M3003,Supp6_PAC,Homo sapiens,DLPFC,PsychAD snRNA-seq (syn60084804); labels not provided in Supp Data 6,0,1,unlabeled,0,not present in both Depression and AD-progression PAC sheets
M30150,Supp6_PAC,Homo sapiens,DLPFC,PsychAD snRNA-seq (syn60084804); labels not provided in Supp Data 6,0,1,unlabeled,0,not present in both Depression and AD-progression PAC sheets
M30199,Supp6_PAC,Homo sapiens,DLPFC,PsychAD snRNA-seq (syn60084804); labels not provided in Supp Data 6,0,1,unlabeled,0,not present in both Depression and AD-progression PAC sheets
M3038,Supp6_PAC,Homo sapiens,DLPFC,PsychAD snRNA-seq (syn60084804); labels not provided in Supp Data 6,1,1,used_in_depression_vs_ADprogression_correlation,1,
M304882,Supp6_PAC,Homo sapiens,DLPFC,PsychAD snRNA-seq (syn60084804); labels not provided in Supp Data 6,1,1,used_in_depression_vs_ADprogression_correlation,1,
M30663,Supp6_PAC,Homo sapiens,DLPFC,PsychAD snRNA-seq (syn60084804); labels not provided in Supp Data 6,0,1,unlabeled,0,not present in both Depression and AD-progression PAC sheets
M307567,Supp6_PAC,Homo sapiens,DLPFC,PsychAD snRNA-seq (syn60084804); labels not provided in Supp Data 6,0,1,unlabeled,0,not present in both Depression and AD-progression PAC sheets
M31225,Supp6_PAC,Homo sapiens,DLPFC,PsychAD snRNA-seq (syn60084804); labels not provided in Supp Data 6,1,1,used_in_depression_vs_ADprogression_correlation,1,
M31555,Supp6_PAC,Homo sapiens,DLPFC,PsychAD snRNA-seq (syn60084804); labels not provided in Supp Data 6,0,1,unlabeled,0,not present in both Depression and AD-progression PAC sheets
M31556,Supp6_PAC,Homo sapiens,DLPFC,PsychAD snRNA-seq (syn60084804); labels not provided in Supp Data 6,0,1,unlabeled,0,not present in both Depression and AD-progression PAC sheets
M31634,Supp6_PAC,Homo sapiens,DLPFC,PsychAD snRNA-seq (syn60084804); labels not provided in Supp Data 6,0,1,unlabeled,0,not present in both Depression and AD-progression PAC sheets
M31737,Supp6_PAC,Homo sapiens,DLPFC,PsychAD snRNA-seq (syn60084804); labels not provided in Supp Data 6,0,1,unlabeled,0,not present in both Depression and AD-progression PAC sheets
M31762,Supp6_PAC,Homo sapiens,DLPFC,PsychAD snRNA-seq (syn60084804); labels not provided in Supp Data 6,0,1,unlabeled,0,not present in both Depression and AD-progression PAC sheets
M31969,Supp6_PAC,Homo sapiens,DLPFC,PsychAD snRNA-seq (syn60084804); labels not provided in Supp Data 6,1,1,used_in_depression_vs_ADprogression_correlation,1,
M31998,Supp6_PAC,Homo sapiens,DLPFC,PsychAD snRNA-seq (syn60084804); labels not provided in Supp Data 6,1,1,used_in_depression_vs_ADprogression_correlation,1,
M32068,Supp6_PAC,Homo sapiens,DLPFC,PsychAD snRNA-seq (syn60084804); labels not provided in Supp Data 6,1,1,used_in_depression_vs_ADprogression_correlation,1,
M323252,Supp6_PAC,Homo sapiens,DLPFC,PsychAD snRNA-seq (syn60084804); labels not provided in Supp Data 6,0,1,unlabeled,0,not present in both Depression and AD-progression PAC sheets
M32482,Supp6_PAC,Homo sapiens,DLPFC,PsychAD snRNA-seq (syn60084804); labels not provided in Supp Data 6,0,1,unlabeled,0,not present in both Depression and AD-progression PAC sheets
M32561,Supp6_PAC,Homo sapiens,DLPFC,PsychAD snRNA-seq (syn60084804); labels not provided in Supp Data 6,0,1,unlabeled,0,not present in both Depression and AD-progression PAC sheets
M32714,Supp6_PAC,Homo sapiens,DLPFC,PsychAD snRNA-seq (syn60084804); labels not provided in Supp Data 6,0,1,unlabeled,0,not present in both Depression and AD-progression PAC sheets
M32931,Supp6_PAC,Homo sapiens,DLPFC,PsychAD snRNA-seq (syn60084804); labels not provided in Supp Data 6,0,1,unlabeled,0,not present in both Depression and AD-progression PAC sheets
M32995,Supp6_PAC,Homo sapiens,DLPFC,PsychAD snRNA-seq (syn60084804); labels not provided in Supp Data 6,1,1,used_in_depression_vs_ADprogression_correlation,1,
M3319,Supp6_PAC,Homo sapiens,DLPFC,PsychAD snRNA-seq (syn60084804); labels not provided in Supp Data 6,1,1,used_in_depression_vs_ADprogression_correlation,1,
M33390,Supp6_PAC,Homo sapiens,DLPFC,PsychAD snRNA-seq (syn60084804); labels not provided in Supp Data 6,0,1,unlabeled,0,not present in both Depression and AD-progression PAC sheets
M33508,Supp6_PAC,Homo sapiens,DLPFC,PsychAD snRNA-seq (syn60084804); labels not provided in Supp Data 6,0,1,unlabeled,0,not present in both Depression and AD-progression PAC sheets
M336074,Supp6_PAC,Homo sapiens,DLPFC,PsychAD snRNA-seq (syn60084804); labels not provided in Supp Data 6,0,1,unlabeled,0,not present in both Depression and AD-progression PAC sheets
M33688,Supp6_PAC,Homo sapiens,DLPFC,PsychAD snRNA-seq (syn60084804); labels not provided in Supp Data 6,0,1,unlabeled,0,not present in both Depression and AD-progression PAC sheets
M33690,Supp6_PAC,Homo sapiens,DLPFC,PsychAD snRNA-seq (syn60084804); labels not provided in Supp Data 6,1,1,used_in_depression_vs_ADprogression_correlation,1,
M33789,Supp6_PAC,Homo sapiens,DLPFC,PsychAD snRNA-seq (syn60084804); labels not provided in Supp Data 6,1,1,used_in_depression_vs_ADprogression_correlation,1,
M33868,Supp6_PAC,Homo sapiens,DLPFC,PsychAD snRNA-seq (syn60084804); labels not provided in Supp Data 6,0,1,unlabeled,0,not present in both Depression and AD-progression PAC sheets
M33987,Supp6_PAC,Homo sapiens,DLPFC,PsychAD snRNA-seq (syn60084804); labels not provided in Supp Data 6,0,1,unlabeled,0,not present in both Depression and AD-progression PAC sheets
M34015,Supp6_PAC,Homo sapiens,DLPFC,PsychAD snRNA-seq (syn60084804); labels not provided in Supp Data 6,1,1,used_in_depression_vs_ADprogression_correlation,1,
M34070,Supp6_PAC,Homo sapiens,DLPFC,PsychAD snRNA-seq (syn60084804); labels not provided in Supp Data 6,0,1,unlabeled,0,not present in both Depression and AD-progression PAC sheets
M34238,Supp6_PAC,Homo sapiens,DLPFC,PsychAD snRNA-seq (syn60084804); labels not provided in Supp Data 6,0,1,unlabeled,0,not present in both Depression and AD-progression PAC sheets
M34302,Supp6_PAC,Homo sapiens,DLPFC,PsychAD snRNA-seq (syn60084804); labels not provided in Supp Data 6,1,1,used_in_depression_vs_ADprogression_correlation,1,
M34371,Supp6_PAC,Homo sapiens,DLPFC,PsychAD snRNA-seq (syn60084804); labels not provided in Supp Data 6,1,1,used_in_depression_vs_ADprogression_correlation,1,
M34583,Supp6_PAC,Homo sapiens,DLPFC,PsychAD snRNA-seq (syn60084804); labels not provided in Supp Data 6,0,1,unlabeled,0,not present in both Depression and AD-progression PAC sheets
M34682,Supp6_PAC,Homo sapiens,DLPFC,PsychAD snRNA-seq (syn60084804); labels not provided in Supp Data 6,0,1,unlabeled,0,not present in both Depression and AD-progression PAC sheets
M34701,Supp6_PAC,Homo sapiens,DLPFC,PsychAD snRNA-seq (syn60084804); labels not provided in Supp Data 6,0,1,unlabeled,0,not present in both Depression and AD-progression PAC sheets
M34815,Supp6_PAC,Homo sapiens,DLPFC,PsychAD snRNA-seq (syn60084804); labels not provided in Supp Data 6,1,1,used_in_depression_vs_ADprogression_correlation,1,
M35096,Supp6_PAC,Homo sapiens,DLPFC,PsychAD snRNA-seq (syn60084804); labels not provided in Supp Data 6,0,1,unlabeled,0,not present in both Depression and AD-progression PAC sheets
M35115,Supp6_PAC,Homo sapiens,DLPFC,PsychAD snRNA-seq (syn60084804); labels not provided in Supp Data 6,1,1,used_in_depression_vs_ADprogression_correlation,1,
M35312,Supp6_PAC,Homo sapiens,DLPFC,PsychAD snRNA-seq (syn60084804); labels not provided in Supp Data 6,0,1,unlabeled,0,not present in both Depression and AD-progression PAC sheets
M35594,Supp6_PAC,Homo sapiens,DLPFC,PsychAD snRNA-seq (syn60084804); labels not provided in Supp Data 6,1,1,used_in_depression_vs_ADprogression_correlation,1,
M35609,Supp6_PAC,Homo sapiens,DLPFC,PsychAD snRNA-seq (syn60084804); labels not provided in Supp Data 6,1,1,used_in_depression_vs_ADprogression_correlation,1,
M3566,Supp6_PAC,Homo sapiens,DLPFC,PsychAD snRNA-seq (syn60084804); labels not provided in Supp Data 6,1,1,used_in_depression_vs_ADprogression_correlation,1,
M35758,Supp6_PAC,Homo sapiens,DLPFC,PsychAD snRNA-seq (syn60084804); labels not provided in Supp Data 6,1,1,used_in_depression_vs_ADprogression_correlation,1,
M35840,Supp6_PAC,Homo sapiens,DLPFC,PsychAD snRNA-seq (syn60084804); labels not provided in Supp Data 6,0,1,unlabeled,0,not present in both Depression and AD-progression PAC sheets
M36047,Supp6_PAC,Homo sapiens,DLPFC,PsychAD snRNA-seq (syn60084804); labels not provided in Supp Data 6,0,1,unlabeled,0,not present in both Depression and AD-progression PAC sheets
M36067,Supp6_PAC,Homo sapiens,DLPFC,PsychAD snRNA-seq (syn60084804); labels not provided in Supp Data 6,1,1,used_in_depression_vs_ADprogression_correlation,1,
M36121,Supp6_PAC,Homo sapiens,DLPFC,PsychAD snRNA-seq (syn60084804); labels not provided in Supp Data 6,0,1,unlabeled,0,not present in both Depression and AD-progression PAC sheets
M36203,Supp6_PAC,Homo sapiens,DLPFC,PsychAD snRNA-seq (syn60084804); labels not provided in Supp Data 6,0,1,unlabeled,0,not present in both Depression and AD-progression PAC sheets
M36388,Supp6_PAC,Homo sapiens,DLPFC,PsychAD snRNA-seq (syn60084804); labels not provided in Supp Data 6,1,1,used_in_depression_vs_ADprogression_correlation,1,
M36615,Supp6_PAC,Homo sapiens,DLPFC,PsychAD snRNA-seq (syn60084804); labels not provided in Supp Data 6,1,1,used_in_depression_vs_ADprogression_correlation,1,
M36634,Supp6_PAC,Homo sapiens,DLPFC,PsychAD snRNA-seq (syn60084804); labels not provided in Supp Data 6,1,1,used_in_depression_vs_ADprogression_correlation,1,
M37107,Supp6_PAC,Homo sapiens,DLPFC,PsychAD snRNA-seq (syn60084804); labels not provided in Supp Data 6,0,1,unlabeled,0,not present in both Depression and AD-progression PAC sheets
M37256,Supp6_PAC,Homo sapiens,DLPFC,PsychAD snRNA-seq (syn60084804); labels not provided in Supp Data 6,0,1,unlabeled,0,not present in both Depression and AD-progression PAC sheets
M37330,Supp6_PAC,Homo sapiens,DLPFC,PsychAD snRNA-seq (syn60084804); labels not provided in Supp Data 6,1,1,used_in_depression_vs_ADprogression_correlation,1,
M3760,Supp6_PAC,Homo sapiens,DLPFC,PsychAD snRNA-seq (syn60084804); labels not provided in Supp Data 6,0,1,unlabeled,0,not present in both Depression and AD-progression PAC sheets
M37684,Supp6_PAC,Homo sapiens,DLPFC,PsychAD snRNA-seq (syn60084804); labels not provided in Supp Data 6,1,1,used_in_depression_vs_ADprogression_correlation,1,
M37941,Supp6_PAC,Homo sapiens,DLPFC,PsychAD snRNA-seq (syn60084804); labels not provided in Supp Data 6,0,1,unlabeled,0,not present in both Depression and AD-progression PAC sheets
M37960,Supp6_PAC,Homo sapiens,DLPFC,PsychAD snRNA-seq (syn60084804); labels not provided in Supp Data 6,1,1,used_in_depression_vs_ADprogression_correlation,1,
M3797,Supp6_PAC,Homo sapiens,DLPFC,PsychAD snRNA-seq (syn60084804); labels not provided in Supp Data 6,0,1,unlabeled,0,not present in both Depression and AD-progression PAC sheets
M38069,Supp6_PAC,Homo sapiens,DLPFC,PsychAD snRNA-seq (syn60084804); labels not provided in Supp Data 6,1,1,used_in_depression_vs_ADprogression_correlation,1,
M38405,Supp6_PAC,Homo sapiens,DLPFC,PsychAD snRNA-seq (syn60084804); labels not provided in Supp Data 6,0,1,unlabeled,0,not present in both Depression and AD-progression PAC sheets
M384383,Supp6_PAC,Homo sapiens,DLPFC,PsychAD snRNA-seq (syn60084804); labels not provided in Supp Data 6,0,1,unlabeled,0,not present in both Depression and AD-progression PAC sheets
M38454,Supp6_PAC,Homo sapiens,DLPFC,PsychAD snRNA-seq (syn60084804); labels not provided in Supp Data 6,0,1,unlabeled,0,not present in both Depression and AD-progression PAC sheets
M38519,Supp6_PAC,Homo sapiens,DLPFC,PsychAD snRNA-seq (syn60084804); labels not provided in Supp Data 6,0,1,unlabeled,0,not present in both Depression and AD-progression PAC sheets
M38686,Supp6_PAC,Homo sapiens,DLPFC,PsychAD snRNA-seq (syn60084804); labels not provided in Supp Data 6,1,1,used_in_depression_vs_ADprogression_correlation,1,
M39198,Supp6_PAC,Homo sapiens,DLPFC,PsychAD snRNA-seq (syn60084804); labels not provided in Supp Data 6,0,1,unlabeled,0,not present in both Depression and AD-progression PAC sheets
M39233,Supp6_PAC,Homo sapiens,DLPFC,PsychAD snRNA-seq (syn60084804); labels not provided in Supp Data 6,1,1,used_in_depression_vs_ADprogression_correlation,1,
M39413,Supp6_PAC,Homo sapiens,DLPFC,PsychAD snRNA-seq (syn60084804); labels not provided in Supp Data 6,1,1,used_in_depression_vs_ADprogression_correlation,1,
M39480,Supp6_PAC,Homo sapiens,DLPFC,PsychAD snRNA-seq (syn60084804); labels not provided in Supp Data 6,1,1,used_in_depression_vs_ADprogression_correlation,1,
M395695,Supp6_PAC,Homo sapiens,DLPFC,PsychAD snRNA-seq (syn60084804); labels not provided in Supp Data 6,0,1,unlabeled,0,not present in both Depression and AD-progression PAC sheets
M39711,Supp6_PAC,Homo sapiens,DLPFC,PsychAD snRNA-seq (syn60084804); labels not provided in Supp Data 6,0,1,unlabeled,0,not present in both Depression and AD-progression PAC sheets
M4009,Supp6_PAC,Homo sapiens,DLPFC,PsychAD snRNA-seq (syn60084804); labels not provided in Supp Data 6,1,1,used_in_depression_vs_ADprogression_correlation,1,
M40103,Supp6_PAC,Homo sapiens,DLPFC,PsychAD snRNA-seq (syn60084804); labels not provided in Supp Data 6,1,1,used_in_depression_vs_ADprogression_correlation,1,
M40274,Supp6_PAC,Homo sapiens,DLPFC,PsychAD snRNA-seq (syn60084804); labels not provided in Supp Data 6,0,1,unlabeled,0,not present in both Depression and AD-progression PAC sheets
M4030,Supp6_PAC,Homo sapiens,DLPFC,PsychAD snRNA-seq (syn60084804); labels not provided in Supp Data 6,1,1,used_in_depression_vs_ADprogression_correlation,1,
M40437,Supp6_PAC,Homo sapiens,DLPFC,PsychAD snRNA-seq (syn60084804); labels not provided in Supp Data 6,0,1,unlabeled,0,not present in both Depression and AD-progression PAC sheets
M40565,Supp6_PAC,Homo sapiens,DLPFC,PsychAD snRNA-seq (syn60084804); labels not provided in Supp Data 6,0,1,unlabeled,0,not present in both Depression and AD-progression PAC sheets
M40584,Supp6_PAC,Homo sapiens,DLPFC,PsychAD snRNA-seq (syn60084804); labels not provided in Supp Data 6,0,1,unlabeled,0,not present in both Depression and AD-progression PAC sheets
M4078,Supp6_PAC,Homo sapiens,DLPFC,PsychAD snRNA-seq (syn60084804); labels not provided in Supp Data 6,0,1,unlabeled,0,not present in both Depression and AD-progression PAC sheets
M40816,Supp6_PAC,Homo sapiens,DLPFC,PsychAD snRNA-seq (syn60084804); labels not provided in Supp Data 6,0,1,unlabeled,0,not present in both Depression and AD-progression PAC sheets
M40820,Supp6_PAC,Homo sapiens,DLPFC,PsychAD snRNA-seq (syn60084804); labels not provided in Supp Data 6,0,1,unlabeled,0,not present in both Depression and AD-progression PAC sheets
M41136,Supp6_PAC,Homo sapiens,DLPFC,PsychAD snRNA-seq (syn60084804); labels not provided in Supp Data 6,1,1,used_in_depression_vs_ADprogression_correlation,1,
M41250,Supp6_PAC,Homo sapiens,DLPFC,PsychAD snRNA-seq (syn60084804); labels not provided in Supp Data 6,0,1,unlabeled,0,not present in both Depression and AD-progression PAC sheets
M41299,Supp6_PAC,Homo sapiens,DLPFC,PsychAD snRNA-seq (syn60084804); labels not provided in Supp Data 6,1,1,used_in_depression_vs_ADprogression_correlation,1,
M41496,Supp6_PAC,Homo sapiens,DLPFC,PsychAD snRNA-seq (syn60084804); labels not provided in Supp Data 6,1,1,used_in_depression_vs_ADprogression_correlation,1,
M41763,Supp6_PAC,Homo sapiens,DLPFC,PsychAD snRNA-seq (syn60084804); labels not provided in Supp Data 6,0,1,unlabeled,0,not present in both Depression and AD-progression PAC sheets
M41832,Supp6_PAC,Homo sapiens,DLPFC,PsychAD snRNA-seq (syn60084804); labels not provided in Supp Data 6,0,1,unlabeled,0,not present in both Depression and AD-progression PAC sheets
M42055,Supp6_PAC,Homo sapiens,DLPFC,PsychAD snRNA-seq (syn60084804); labels not provided in Supp Data 6,0,1,unlabeled,0,not present in both Depression and AD-progression PAC sheets
M42537,Supp6_PAC,Homo sapiens,DLPFC,PsychAD snRNA-seq (syn60084804); labels not provided in Supp Data 6,0,1,unlabeled,0,not present in both Depression and AD-progression PAC sheets
M42557,Supp6_PAC,Homo sapiens,DLPFC,PsychAD snRNA-seq (syn60084804); labels not provided in Supp Data 6,0,1,unlabeled,0,not present in both Depression and AD-progression PAC sheets
M42725,Supp6_PAC,Homo sapiens,DLPFC,PsychAD snRNA-seq (syn60084804); labels not provided in Supp Data 6,0,1,unlabeled,0,not present in both Depression and AD-progression PAC sheets
M42769,Supp6_PAC,Homo sapiens,DLPFC,PsychAD snRNA-seq (syn60084804); labels not provided in Supp Data 6,1,1,used_in_depression_vs_ADprogression_correlation,1,
M42795,Supp6_PAC,Homo sapiens,DLPFC,PsychAD snRNA-seq (syn60084804); labels not provided in Supp Data 6,0,1,unlabeled,0,not present in both Depression and AD-progression PAC sheets
M43069,Supp6_PAC,Homo sapiens,DLPFC,PsychAD snRNA-seq (syn60084804); labels not provided in Supp Data 6,0,1,unlabeled,0,not present in both Depression and AD-progression PAC sheets
M4310,Supp6_PAC,Homo sapiens,DLPFC,PsychAD snRNA-seq (syn60084804); labels not provided in Supp Data 6,0,1,unlabeled,0,not present in both Depression and AD-progression PAC sheets
M43351,Supp6_PAC,Homo sapiens,DLPFC,PsychAD snRNA-seq (syn60084804); labels not provided in Supp Data 6,1,1,used_in_depression_vs_ADprogression_correlation,1,
M43479,Supp6_PAC,Homo sapiens,DLPFC,PsychAD snRNA-seq (syn60084804); labels not provided in Supp Data 6,0,1,unlabeled,0,not present in both Depression and AD-progression PAC sheets
M43632,Supp6_PAC,Homo sapiens,DLPFC,PsychAD snRNA-seq (syn60084804); labels not provided in Supp Data 6,0,1,unlabeled,0,not present in both Depression and AD-progression PAC sheets
M437907,Supp6_PAC,Homo sapiens,DLPFC,PsychAD snRNA-seq (syn60084804); labels not provided in Supp Data 6,1,1,used_in_depression_vs_ADprogression_correlation,1,
M439,Supp6_PAC,Homo sapiens,DLPFC,PsychAD snRNA-seq (syn60084804); labels not provided in Supp Data 6,1,1,used_in_depression_vs_ADprogression_correlation,1,
M43942,Supp6_PAC,Homo sapiens,DLPFC,PsychAD snRNA-seq (syn60084804); labels not provided in Supp Data 6,0,1,unlabeled,0,not present in both Depression and AD-progression PAC sheets
M44145,Supp6_PAC,Homo sapiens,DLPFC,PsychAD snRNA-seq (syn60084804); labels not provided in Supp Data 6,0,1,unlabeled,0,not present in both Depression and AD-progression PAC sheets
M44223,Supp6_PAC,Homo sapiens,DLPFC,PsychAD snRNA-seq (syn60084804); labels not provided in Supp Data 6,1,1,used_in_depression_vs_ADprogression_correlation,1,
M44456,Supp6_PAC,Homo sapiens,DLPFC,PsychAD snRNA-seq (syn60084804); labels not provided in Supp Data 6,0,1,unlabeled,0,not present in both Depression and AD-progression PAC sheets
M44475,Supp6_PAC,Homo sapiens,DLPFC,PsychAD snRNA-seq (syn60084804); labels not provided in Supp Data 6,1,1,used_in_depression_vs_ADprogression_correlation,1,
M44532,Supp6_PAC,Homo sapiens,DLPFC,PsychAD snRNA-seq (syn60084804); labels not provided in Supp Data 6,1,1,used_in_depression_vs_ADprogression_correlation,1,
M44657,Supp6_PAC,Homo sapiens,DLPFC,PsychAD snRNA-seq (syn60084804); labels not provided in Supp Data 6,1,1,used_in_depression_vs_ADprogression_correlation,1,
M44785,Supp6_PAC,Homo sapiens,DLPFC,PsychAD snRNA-seq (syn60084804); labels not provided in Supp Data 6,1,1,used_in_depression_vs_ADprogression_correlation,1,
M44790,Supp6_PAC,Homo sapiens,DLPFC,PsychAD snRNA-seq (syn60084804); labels not provided in Supp Data 6,0,1,unlabeled,0,not present in both Depression and AD-progression PAC sheets
M44889,Supp6_PAC,Homo sapiens,DLPFC,PsychAD snRNA-seq (syn60084804); labels not provided in Supp Data 6,1,1,used_in_depression_vs_ADprogression_correlation,1,
M44958,Supp6_PAC,Homo sapiens,DLPFC,PsychAD snRNA-seq (syn60084804); labels not provided in Supp Data 6,0,1,unlabeled,0,not present in both Depression and AD-progression PAC sheets
M45001,Supp6_PAC,Homo sapiens,DLPFC,PsychAD snRNA-seq (syn60084804); labels not provided in Supp Data 6,0,1,unlabeled,0,not present in both Depression and AD-progression PAC sheets
M45135,Supp6_PAC,Homo sapiens,DLPFC,PsychAD snRNA-seq (syn60084804); labels not provided in Supp Data 6,0,1,unlabeled,0,not present in both Depression and AD-progression PAC sheets
M4516,Supp6_PAC,Homo sapiens,DLPFC,PsychAD snRNA-seq (syn60084804); labels not provided in Supp Data 6,0,1,unlabeled,0,not present in both Depression and AD-progression PAC sheets
M45801,Supp6_PAC,Homo sapiens,DLPFC,PsychAD snRNA-seq (syn60084804); labels not provided in Supp Data 6,1,1,used_in_depression_vs_ADprogression_correlation,1,
M45871,Supp6_PAC,Homo sapiens,DLPFC,PsychAD snRNA-seq (syn60084804); labels not provided in Supp Data 6,0,1,unlabeled,0,not present in both Depression and AD-progression PAC sheets
M45915,Supp6_PAC,Homo sapiens,DLPFC,PsychAD snRNA-seq (syn60084804); labels not provided in Supp Data 6,0,1,unlabeled,0,not present in both Depression and AD-progression PAC sheets
M46112,Supp6_PAC,Homo sapiens,DLPFC,PsychAD snRNA-seq (syn60084804); labels not provided in Supp Data 6,1,1,used_in_depression_vs_ADprogression_correlation,1,
M46146,Supp6_PAC,Homo sapiens,DLPFC,PsychAD snRNA-seq (syn60084804); labels not provided in Supp Data 6,0,1,unlabeled,0,not present in both Depression and AD-progression PAC sheets
M46196,Supp6_PAC,Homo sapiens,DLPFC,PsychAD snRNA-seq (syn60084804); labels not provided in Supp Data 6,1,1,used_in_depression_vs_ADprogression_correlation,1,
M46265,Supp6_PAC,Homo sapiens,DLPFC,PsychAD snRNA-seq (syn60084804); labels not provided in Supp Data 6,1,1,used_in_depression_vs_ADprogression_correlation,1,
M46292,Supp6_PAC,Homo sapiens,DLPFC,PsychAD snRNA-seq (syn60084804); labels not provided in Supp Data 6,0,1,unlabeled,0,not present in both Depression and AD-progression PAC sheets
M46694,Supp6_PAC,Homo sapiens,DLPFC,PsychAD snRNA-seq (syn60084804); labels not provided in Supp Data 6,0,1,unlabeled,0,not present in both Depression and AD-progression PAC sheets
M47108,Supp6_PAC,Homo sapiens,DLPFC,PsychAD snRNA-seq (syn60084804); labels not provided in Supp Data 6,1,1,used_in_depression_vs_ADprogression_correlation,1,
M47207,Supp6_PAC,Homo sapiens,DLPFC,PsychAD snRNA-seq (syn60084804); labels not provided in Supp Data 6,0,1,unlabeled,0,not present in both Depression and AD-progression PAC sheets
M47503,Supp6_PAC,Homo sapiens,DLPFC,PsychAD snRNA-seq (syn60084804); labels not provided in Supp Data 6,0,1,unlabeled,0,not present in both Depression and AD-progression PAC sheets
M47734,Supp6_PAC,Homo sapiens,DLPFC,PsychAD snRNA-seq (syn60084804); labels not provided in Supp Data 6,0,1,unlabeled,0,not present in both Depression and AD-progression PAC sheets
M47819,Supp6_PAC,Homo sapiens,DLPFC,PsychAD snRNA-seq (syn60084804); labels not provided in Supp Data 6,0,1,unlabeled,0,not present in both Depression and AD-progression PAC sheets
M47966,Supp6_PAC,Homo sapiens,DLPFC,PsychAD snRNA-seq (syn60084804); labels not provided in Supp Data 6,0,1,unlabeled,0,not present in both Depression and AD-progression PAC sheets
M48016,Supp6_PAC,Homo sapiens,DLPFC,PsychAD snRNA-seq (syn60084804); labels not provided in Supp Data 6,1,1,used_in_depression_vs_ADprogression_correlation,1,
M48247,Supp6_PAC,Homo sapiens,DLPFC,PsychAD snRNA-seq (syn60084804); labels not provided in Supp Data 6,1,1,used_in_depression_vs_ADprogression_correlation,1,
M48528,Supp6_PAC,Homo sapiens,DLPFC,PsychAD snRNA-seq (syn60084804); labels not provided in Supp Data 6,0,1,unlabeled,0,not present in both Depression and AD-progression PAC sheets
M48992,Supp6_PAC,Homo sapiens,DLPFC,PsychAD snRNA-seq (syn60084804); labels not provided in Supp Data 6,0,1,unlabeled,0,not present in both Depression and AD-progression PAC sheets
M49006,Supp6_PAC,Homo sapiens,DLPFC,PsychAD snRNA-seq (syn60084804); labels not provided in Supp Data 6,0,1,unlabeled,0,not present in both Depression and AD-progression PAC sheets
M49254,Supp6_PAC,Homo sapiens,DLPFC,PsychAD snRNA-seq (syn60084804); labels not provided in Supp Data 6,1,1,used_in_depression_vs_ADprogression_correlation,1,
M49401,Supp6_PAC,Homo sapiens,DLPFC,PsychAD snRNA-seq (syn60084804); labels not provided in Supp Data 6,1,1,used_in_depression_vs_ADprogression_correlation,1,
M49781,Supp6_PAC,Homo sapiens,DLPFC,PsychAD snRNA-seq (syn60084804); labels not provided in Supp Data 6,1,1,used_in_depression_vs_ADprogression_correlation,1,
M49884,Supp6_PAC,Homo sapiens,DLPFC,PsychAD snRNA-seq (syn60084804); labels not provided in Supp Data 6,0,1,unlabeled,0,not present in both Depression and AD-progression PAC sheets
M50086,Supp6_PAC,Homo sapiens,DLPFC,PsychAD snRNA-seq (syn60084804); labels not provided in Supp Data 6,1,1,used_in_depression_vs_ADprogression_correlation,1,
M50146,Supp6_PAC,Homo sapiens,DLPFC,PsychAD snRNA-seq (syn60084804); labels not provided in Supp Data 6,0,1,unlabeled,0,not present in both Depression and AD-progression PAC sheets
M503571,Supp6_PAC,Homo sapiens,DLPFC,PsychAD snRNA-seq (syn60084804); labels not provided in Supp Data 6,0,1,unlabeled,0,not present in both Depression and AD-progression PAC sheets
M50580,Supp6_PAC,Homo sapiens,DLPFC,PsychAD snRNA-seq (syn60084804); labels not provided in Supp Data 6,0,1,unlabeled,0,not present in both Depression and AD-progression PAC sheets
M50743,Supp6_PAC,Homo sapiens,DLPFC,PsychAD snRNA-seq (syn60084804); labels not provided in Supp Data 6,1,1,used_in_depression_vs_ADprogression_correlation,1,
M50883,Supp6_PAC,Homo sapiens,DLPFC,PsychAD snRNA-seq (syn60084804); labels not provided in Supp Data 6,0,1,unlabeled,0,not present in both Depression and AD-progression PAC sheets
M51093,Supp6_PAC,Homo sapiens,DLPFC,PsychAD snRNA-seq (syn60084804); labels not provided in Supp Data 6,1,1,used_in_depression_vs_ADprogression_correlation,1,
M51374,Supp6_PAC,Homo sapiens,DLPFC,PsychAD snRNA-seq (syn60084804); labels not provided in Supp Data 6,0,1,unlabeled,0,not present in both Depression and AD-progression PAC sheets
M514468,Supp6_PAC,Homo sapiens,DLPFC,PsychAD snRNA-seq (syn60084804); labels not provided in Supp Data 6,1,0,unlabeled,0,not present in both Depression and AD-progression PAC sheets
M52631,Supp6_PAC,Homo sapiens,DLPFC,PsychAD snRNA-seq (syn60084804); labels not provided in Supp Data 6,0,1,unlabeled,0,not present in both Depression and AD-progression PAC sheets
M52730,Supp6_PAC,Homo sapiens,DLPFC,PsychAD snRNA-seq (syn60084804); labels not provided in Supp Data 6,1,1,used_in_depression_vs_ADprogression_correlation,1,
M52897,Supp6_PAC,Homo sapiens,DLPFC,PsychAD snRNA-seq (syn60084804); labels not provided in Supp Data 6,1,1,used_in_depression_vs_ADprogression_correlation,1,
M5301,Supp6_PAC,Homo sapiens,DLPFC,PsychAD snRNA-seq (syn60084804); labels not provided in Supp Data 6,1,1,used_in_depression_vs_ADprogression_correlation,1,
M53095,Supp6_PAC,Homo sapiens,DLPFC,PsychAD snRNA-seq (syn60084804); labels not provided in Supp Data 6,0,1,unlabeled,0,not present in both Depression and AD-progression PAC sheets
M5323,Supp6_PAC,Homo sapiens,DLPFC,PsychAD snRNA-seq (syn60084804); labels not provided in Supp Data 6,1,1,used_in_depression_vs_ADprogression_correlation,1,
M53257,Supp6_PAC,Homo sapiens,DLPFC,PsychAD snRNA-seq (syn60084804); labels not provided in Supp Data 6,0,1,unlabeled,0,not present in both Depression and AD-progression PAC sheets
M53390,Supp6_PAC,Homo sapiens,DLPFC,PsychAD snRNA-seq (syn60084804); labels not provided in Supp Data 6,1,1,used_in_depression_vs_ADprogression_correlation,1,
M5358,Supp6_PAC,Homo sapiens,DLPFC,PsychAD snRNA-seq (syn60084804); labels not provided in Supp Data 6,0,1,unlabeled,0,not present in both Depression and AD-progression PAC sheets
M53661,Supp6_PAC,Homo sapiens,DLPFC,PsychAD snRNA-seq (syn60084804); labels not provided in Supp Data 6,1,1,used_in_depression_vs_ADprogression_correlation,1,
M53706,Supp6_PAC,Homo sapiens,DLPFC,PsychAD snRNA-seq (syn60084804); labels not provided in Supp Data 6,0,1,unlabeled,0,not present in both Depression and AD-progression PAC sheets
M53938,Supp6_PAC,Homo sapiens,DLPFC,PsychAD snRNA-seq (syn60084804); labels not provided in Supp Data 6,0,1,unlabeled,0,not present in both Depression and AD-progression PAC sheets
M54150,Supp6_PAC,Homo sapiens,DLPFC,PsychAD snRNA-seq (syn60084804); labels not provided in Supp Data 6,0,1,unlabeled,0,not present in both Depression and AD-progression PAC sheets
M54396,Supp6_PAC,Homo sapiens,DLPFC,PsychAD snRNA-seq (syn60084804); labels not provided in Supp Data 6,0,1,unlabeled,0,not present in both Depression and AD-progression PAC sheets
M54451,Supp6_PAC,Homo sapiens,DLPFC,PsychAD snRNA-seq (syn60084804); labels not provided in Supp Data 6,0,1,unlabeled,0,not present in both Depression and AD-progression PAC sheets
M54682,Supp6_PAC,Homo sapiens,DLPFC,PsychAD snRNA-seq (syn60084804); labels not provided in Supp Data 6,0,1,unlabeled,0,not present in both Depression and AD-progression PAC sheets
M550058,Supp6_PAC,Homo sapiens,DLPFC,PsychAD snRNA-seq (syn60084804); labels not provided in Supp Data 6,0,1,unlabeled,0,not present in both Depression and AD-progression PAC sheets
M55015,Supp6_PAC,Homo sapiens,DLPFC,PsychAD snRNA-seq (syn60084804); labels not provided in Supp Data 6,0,1,unlabeled,0,not present in both Depression and AD-progression PAC sheets
M55245,Supp6_PAC,Homo sapiens,DLPFC,PsychAD snRNA-seq (syn60084804); labels not provided in Supp Data 6,0,1,unlabeled,0,not present in both Depression and AD-progression PAC sheets
M55476,Supp6_PAC,Homo sapiens,DLPFC,PsychAD snRNA-seq (syn60084804); labels not provided in Supp Data 6,0,1,unlabeled,0,not present in both Depression and AD-progression PAC sheets
M56009,Supp6_PAC,Homo sapiens,DLPFC,PsychAD snRNA-seq (syn60084804); labels not provided in Supp Data 6,1,1,used_in_depression_vs_ADprogression_correlation,1,
M56019,Supp6_PAC,Homo sapiens,DLPFC,PsychAD snRNA-seq (syn60084804); labels not provided in Supp Data 6,1,1,used_in_depression_vs_ADprogression_correlation,1,
M56024,Supp6_PAC,Homo sapiens,DLPFC,PsychAD snRNA-seq (syn60084804); labels not provided in Supp Data 6,1,1,used_in_depression_vs_ADprogression_correlation,1,
M56039,Supp6_PAC,Homo sapiens,DLPFC,PsychAD snRNA-seq (syn60084804); labels not provided in Supp Data 6,1,1,used_in_depression_vs_ADprogression_correlation,1,
M56061,Supp6_PAC,Homo sapiens,DLPFC,PsychAD snRNA-seq (syn60084804); labels not provided in Supp Data 6,0,1,unlabeled,0,not present in both Depression and AD-progression PAC sheets
M56216,Supp6_PAC,Homo sapiens,DLPFC,PsychAD snRNA-seq (syn60084804); labels not provided in Supp Data 6,1,1,used_in_depression_vs_ADprogression_correlation,1,
M56356,Supp6_PAC,Homo sapiens,DLPFC,PsychAD snRNA-seq (syn60084804); labels not provided in Supp Data 6,0,1,unlabeled,0,not present in both Depression and AD-progression PAC sheets
M56398,Supp6_PAC,Homo sapiens,DLPFC,PsychAD snRNA-seq (syn60084804); labels not provided in Supp Data 6,1,1,used_in_depression_vs_ADprogression_correlation,1,
M56537,Supp6_PAC,Homo sapiens,DLPFC,PsychAD snRNA-seq (syn60084804); labels not provided in Supp Data 6,1,1,used_in_depression_vs_ADprogression_correlation,1,
M56783,Supp6_PAC,Homo sapiens,DLPFC,PsychAD snRNA-seq (syn60084804); labels not provided in Supp Data 6,1,1,used_in_depression_vs_ADprogression_correlation,1,
M57046,Supp6_PAC,Homo sapiens,DLPFC,PsychAD snRNA-seq (syn60084804); labels not provided in Supp Data 6,0,1,unlabeled,0,not present in both Depression and AD-progression PAC sheets
M57064,Supp6_PAC,Homo sapiens,DLPFC,PsychAD snRNA-seq (syn60084804); labels not provided in Supp Data 6,1,1,used_in_depression_vs_ADprogression_correlation,1,
M571120,Supp6_PAC,Homo sapiens,DLPFC,PsychAD snRNA-seq (syn60084804); labels not provided in Supp Data 6,0,1,unlabeled,0,not present in both Depression and AD-progression PAC sheets
M57242,Supp6_PAC,Homo sapiens,DLPFC,PsychAD snRNA-seq (syn60084804); labels not provided in Supp Data 6,0,1,unlabeled,0,not present in both Depression and AD-progression PAC sheets
M57490,Supp6_PAC,Homo sapiens,DLPFC,PsychAD snRNA-seq (syn60084804); labels not provided in Supp Data 6,0,1,unlabeled,0,not present in both Depression and AD-progression PAC sheets
M57528,Supp6_PAC,Homo sapiens,DLPFC,PsychAD snRNA-seq (syn60084804); labels not provided in Supp Data 6,0,1,unlabeled,0,not present in both Depression and AD-progression PAC sheets
M576228,Supp6_PAC,Homo sapiens,DLPFC,PsychAD snRNA-seq (syn60084804); labels not provided in Supp Data 6,0,1,unlabeled,0,not present in both Depression and AD-progression PAC sheets
M58071,Supp6_PAC,Homo sapiens,DLPFC,PsychAD snRNA-seq (syn60084804); labels not provided in Supp Data 6,1,1,used_in_depression_vs_ADprogression_correlation,1,
M580893,Supp6_PAC,Homo sapiens,DLPFC,PsychAD snRNA-seq (syn60084804); labels not provided in Supp Data 6,0,1,unlabeled,0,not present in both Depression and AD-progression PAC sheets
M5812,Supp6_PAC,Homo sapiens,DLPFC,PsychAD snRNA-seq (syn60084804); labels not provided in Supp Data 6,0,1,unlabeled,0,not present in both Depression and AD-progression PAC sheets
M58301,Supp6_PAC,Homo sapiens,DLPFC,PsychAD snRNA-seq (syn60084804); labels not provided in Supp Data 6,0,1,unlabeled,0,not present in both Depression and AD-progression PAC sheets
M587421,Supp6_PAC,Homo sapiens,DLPFC,PsychAD snRNA-seq (syn60084804); labels not provided in Supp Data 6,1,1,used_in_depression_vs_ADprogression_correlation,1,
M5883,Supp6_PAC,Homo sapiens,DLPFC,PsychAD snRNA-seq (syn60084804); labels not provided in Supp Data 6,1,1,used_in_depression_vs_ADprogression_correlation,1,
M59029,Supp6_PAC,Homo sapiens,DLPFC,PsychAD snRNA-seq (syn60084804); labels not provided in Supp Data 6,1,1,used_in_depression_vs_ADprogression_correlation,1,
M59593,Supp6_PAC,Homo sapiens,DLPFC,PsychAD snRNA-seq (syn60084804); labels not provided in Supp Data 6,1,1,used_in_depression_vs_ADprogression_correlation,1,
M59628,Supp6_PAC,Homo sapiens,DLPFC,PsychAD snRNA-seq (syn60084804); labels not provided in Supp Data 6,0,1,unlabeled,0,not present in both Depression and AD-progression PAC sheets
M59697,Supp6_PAC,Homo sapiens,DLPFC,PsychAD snRNA-seq (syn60084804); labels not provided in Supp Data 6,1,1,used_in_depression_vs_ADprogression_correlation,1,
M59796,Supp6_PAC,Homo sapiens,DLPFC,PsychAD snRNA-seq (syn60084804); labels not provided in Supp Data 6,1,1,used_in_depression_vs_ADprogression_correlation,1,
M59860,Supp6_PAC,Homo sapiens,DLPFC,PsychAD snRNA-seq (syn60084804); labels not provided in Supp Data 6,0,1,unlabeled,0,not present in both Depression and AD-progression PAC sheets
M59910,Supp6_PAC,Homo sapiens,DLPFC,PsychAD snRNA-seq (syn60084804); labels not provided in Supp Data 6,0,1,unlabeled,0,not present in both Depression and AD-progression PAC sheets
M60126,Supp6_PAC,Homo sapiens,DLPFC,PsychAD snRNA-seq (syn60084804); labels not provided in Supp Data 6,0,1,unlabeled,0,not present in both Depression and AD-progression PAC sheets
M60407,Supp6_PAC,Homo sapiens,DLPFC,PsychAD snRNA-seq (syn60084804); labels not provided in Supp Data 6,1,1,used_in_depression_vs_ADprogression_correlation,1,
M604571,Supp6_PAC,Homo sapiens,DLPFC,PsychAD snRNA-seq (syn60084804); labels not provided in Supp Data 6,0,1,unlabeled,0,not present in both Depression and AD-progression PAC sheets
M60654,Supp6_PAC,Homo sapiens,DLPFC,PsychAD snRNA-seq (syn60084804); labels not provided in Supp Data 6,1,1,used_in_depression_vs_ADprogression_correlation,1,
M60935,Supp6_PAC,Homo sapiens,DLPFC,PsychAD snRNA-seq (syn60084804); labels not provided in Supp Data 6,0,1,unlabeled,0,not present in both Depression and AD-progression PAC sheets
M61106,Supp6_PAC,Homo sapiens,DLPFC,PsychAD snRNA-seq (syn60084804); labels not provided in Supp Data 6,0,1,unlabeled,0,not present in both Depression and AD-progression PAC sheets
M61517,Supp6_PAC,Homo sapiens,DLPFC,PsychAD snRNA-seq (syn60084804); labels not provided in Supp Data 6,1,1,used_in_depression_vs_ADprogression_correlation,1,
M61563,Supp6_PAC,Homo sapiens,DLPFC,PsychAD snRNA-seq (syn60084804); labels not provided in Supp Data 6,1,1,used_in_depression_vs_ADprogression_correlation,1,
M6160,Supp6_PAC,Homo sapiens,DLPFC,PsychAD snRNA-seq (syn60084804); labels not provided in Supp Data 6,1,1,used_in_depression_vs_ADprogression_correlation,1,
M6161,Supp6_PAC,Homo sapiens,DLPFC,PsychAD snRNA-seq (syn60084804); labels not provided in Supp Data 6,0,1,unlabeled,0,not present in both Depression and AD-progression PAC sheets
M61631,Supp6_PAC,Homo sapiens,DLPFC,PsychAD snRNA-seq (syn60084804); labels not provided in Supp Data 6,1,1,used_in_depression_vs_ADprogression_correlation,1,
M61680,Supp6_PAC,Homo sapiens,DLPFC,PsychAD snRNA-seq (syn60084804); labels not provided in Supp Data 6,0,1,unlabeled,0,not present in both Depression and AD-progression PAC sheets
M61862,Supp6_PAC,Homo sapiens,DLPFC,PsychAD snRNA-seq (syn60084804); labels not provided in Supp Data 6,1,1,used_in_depression_vs_ADprogression_correlation,1,
M61911,Supp6_PAC,Homo sapiens,DLPFC,PsychAD snRNA-seq (syn60084804); labels not provided in Supp Data 6,0,1,unlabeled,0,not present in both Depression and AD-progression PAC sheets
M61946,Supp6_PAC,Homo sapiens,DLPFC,PsychAD snRNA-seq (syn60084804); labels not provided in Supp Data 6,0,1,unlabeled,0,not present in both Depression and AD-progression PAC sheets
M628275,Supp6_PAC,Homo sapiens,DLPFC,PsychAD snRNA-seq (syn60084804); labels not provided in Supp Data 6,0,1,unlabeled,0,not present in both Depression and AD-progression PAC sheets
M63213,Supp6_PAC,Homo sapiens,DLPFC,PsychAD snRNA-seq (syn60084804); labels not provided in Supp Data 6,1,1,used_in_depression_vs_ADprogression_correlation,1,
M6344,Supp6_PAC,Homo sapiens,DLPFC,PsychAD snRNA-seq (syn60084804); labels not provided in Supp Data 6,0,1,unlabeled,0,not present in both Depression and AD-progression PAC sheets
M6362,Supp6_PAC,Homo sapiens,DLPFC,PsychAD snRNA-seq (syn60084804); labels not provided in Supp Data 6,0,1,unlabeled,0,not present in both Depression and AD-progression PAC sheets
M63628,Supp6_PAC,Homo sapiens,DLPFC,PsychAD snRNA-seq (syn60084804); labels not provided in Supp Data 6,0,1,unlabeled,0,not present in both Depression and AD-progression PAC sheets
M63731,Supp6_PAC,Homo sapiens,DLPFC,PsychAD snRNA-seq (syn60084804); labels not provided in Supp Data 6,0,1,unlabeled,0,not present in both Depression and AD-progression PAC sheets
M638682,Supp6_PAC,Homo sapiens,DLPFC,PsychAD snRNA-seq (syn60084804); labels not provided in Supp Data 6,0,1,unlabeled,0,not present in both Depression and AD-progression PAC sheets
M639636,Supp6_PAC,Homo sapiens,DLPFC,PsychAD snRNA-seq (syn60084804); labels not provided in Supp Data 6,0,1,unlabeled,0,not present in both Depression and AD-progression PAC sheets
M64012,Supp6_PAC,Homo sapiens,DLPFC,PsychAD snRNA-seq (syn60084804); labels not provided in Supp Data 6,1,1,used_in_depression_vs_ADprogression_correlation,1,
M64293,Supp6_PAC,Homo sapiens,DLPFC,PsychAD snRNA-seq (syn60084804); labels not provided in Supp Data 6,0,1,unlabeled,0,not present in both Depression and AD-progression PAC sheets
M64456,Supp6_PAC,Homo sapiens,DLPFC,PsychAD snRNA-seq (syn60084804); labels not provided in Supp Data 6,1,1,used_in_depression_vs_ADprogression_correlation,1,
M64468,Supp6_PAC,Homo sapiens,DLPFC,PsychAD snRNA-seq (syn60084804); labels not provided in Supp Data 6,0,1,unlabeled,0,not present in both Depression and AD-progression PAC sheets
M64525,Supp6_PAC,Homo sapiens,DLPFC,PsychAD snRNA-seq (syn60084804); labels not provided in Supp Data 6,0,1,unlabeled,0,not present in both Depression and AD-progression PAC sheets
M64693,Supp6_PAC,Homo sapiens,DLPFC,PsychAD snRNA-seq (syn60084804); labels not provided in Supp Data 6,1,1,used_in_depression_vs_ADprogression_correlation,1,
M64757,Supp6_PAC,Homo sapiens,DLPFC,PsychAD snRNA-seq (syn60084804); labels not provided in Supp Data 6,0,1,unlabeled,0,not present in both Depression and AD-progression PAC sheets
M64886,Supp6_PAC,Homo sapiens,DLPFC,PsychAD snRNA-seq (syn60084804); labels not provided in Supp Data 6,0,1,unlabeled,0,not present in both Depression and AD-progression PAC sheets
M64891,Supp6_PAC,Homo sapiens,DLPFC,PsychAD snRNA-seq (syn60084804); labels not provided in Supp Data 6,1,1,used_in_depression_vs_ADprogression_correlation,1,
M652464,Supp6_PAC,Homo sapiens,DLPFC,PsychAD snRNA-seq (syn60084804); labels not provided in Supp Data 6,0,1,unlabeled,0,not present in both Depression and AD-progression PAC sheets
M65319,Supp6_PAC,Homo sapiens,DLPFC,PsychAD snRNA-seq (syn60084804); labels not provided in Supp Data 6,0,1,unlabeled,0,not present in both Depression and AD-progression PAC sheets
M65551,Supp6_PAC,Homo sapiens,DLPFC,PsychAD snRNA-seq (syn60084804); labels not provided in Supp Data 6,0,1,unlabeled,0,not present in both Depression and AD-progression PAC sheets
M6559,Supp6_PAC,Homo sapiens,DLPFC,PsychAD snRNA-seq (syn60084804); labels not provided in Supp Data 6,1,1,used_in_depression_vs_ADprogression_correlation,1,
M65630,Supp6_PAC,Homo sapiens,DLPFC,PsychAD snRNA-seq (syn60084804); labels not provided in Supp Data 6,0,1,unlabeled,0,not present in both Depression and AD-progression PAC sheets
M65797,Supp6_PAC,Homo sapiens,DLPFC,PsychAD snRNA-seq (syn60084804); labels not provided in Supp Data 6,0,1,unlabeled,0,not present in both Depression and AD-progression PAC sheets
M65832,Supp6_PAC,Homo sapiens,DLPFC,PsychAD snRNA-seq (syn60084804); labels not provided in Supp Data 6,1,1,used_in_depression_vs_ADprogression_correlation,1,
M660286,Supp6_PAC,Homo sapiens,DLPFC,PsychAD snRNA-seq (syn60084804); labels not provided in Supp Data 6,0,1,unlabeled,0,not present in both Depression and AD-progression PAC sheets
M66132,Supp6_PAC,Homo sapiens,DLPFC,PsychAD snRNA-seq (syn60084804); labels not provided in Supp Data 6,0,1,unlabeled,0,not present in both Depression and AD-progression PAC sheets
M6643,Supp6_PAC,Homo sapiens,DLPFC,PsychAD snRNA-seq (syn60084804); labels not provided in Supp Data 6,1,1,used_in_depression_vs_ADprogression_correlation,1,
M66586,Supp6_PAC,Homo sapiens,DLPFC,PsychAD snRNA-seq (syn60084804); labels not provided in Supp Data 6,0,1,unlabeled,0,not present in both Depression and AD-progression PAC sheets
M66789,Supp6_PAC,Homo sapiens,DLPFC,PsychAD snRNA-seq (syn60084804); labels not provided in Supp Data 6,0,1,unlabeled,0,not present in both Depression and AD-progression PAC sheets
M66831,Supp6_PAC,Homo sapiens,DLPFC,PsychAD snRNA-seq (syn60084804); labels not provided in Supp Data 6,0,1,unlabeled,0,not present in both Depression and AD-progression PAC sheets
M66858,Supp6_PAC,Homo sapiens,DLPFC,PsychAD snRNA-seq (syn60084804); labels not provided in Supp Data 6,1,1,used_in_depression_vs_ADprogression_correlation,1,
M66936,Supp6_PAC,Homo sapiens,DLPFC,PsychAD snRNA-seq (syn60084804); labels not provided in Supp Data 6,0,1,unlabeled,0,not present in both Depression and AD-progression PAC sheets
M67003,Supp6_PAC,Homo sapiens,DLPFC,PsychAD snRNA-seq (syn60084804); labels not provided in Supp Data 6,0,1,unlabeled,0,not present in both Depression and AD-progression PAC sheets
M67089,Supp6_PAC,Homo sapiens,DLPFC,PsychAD snRNA-seq (syn60084804); labels not provided in Supp Data 6,0,1,unlabeled,0,not present in both Depression and AD-progression PAC sheets
M67351,Supp6_PAC,Homo sapiens,DLPFC,PsychAD snRNA-seq (syn60084804); labels not provided in Supp Data 6,0,1,unlabeled,0,not present in both Depression and AD-progression PAC sheets
M67602,Supp6_PAC,Homo sapiens,DLPFC,PsychAD snRNA-seq (syn60084804); labels not provided in Supp Data 6,0,1,unlabeled,0,not present in both Depression and AD-progression PAC sheets
M67720,Supp6_PAC,Homo sapiens,DLPFC,PsychAD snRNA-seq (syn60084804); labels not provided in Supp Data 6,0,1,unlabeled,0,not present in both Depression and AD-progression PAC sheets
M67782,Supp6_PAC,Homo sapiens,DLPFC,PsychAD snRNA-seq (syn60084804); labels not provided in Supp Data 6,1,1,used_in_depression_vs_ADprogression_correlation,1,
M67819,Supp6_PAC,Homo sapiens,DLPFC,PsychAD snRNA-seq (syn60084804); labels not provided in Supp Data 6,1,1,used_in_depression_vs_ADprogression_correlation,1,
M67883,Supp6_PAC,Homo sapiens,DLPFC,PsychAD snRNA-seq (syn60084804); labels not provided in Supp Data 6,1,1,used_in_depression_vs_ADprogression_correlation,1,
M67937,Supp6_PAC,Homo sapiens,DLPFC,PsychAD snRNA-seq (syn60084804); labels not provided in Supp Data 6,1,1,used_in_depression_vs_ADprogression_correlation,1,
M68017,Supp6_PAC,Homo sapiens,DLPFC,PsychAD snRNA-seq (syn60084804); labels not provided in Supp Data 6,0,1,unlabeled,0,not present in both Depression and AD-progression PAC sheets
M68396,Supp6_PAC,Homo sapiens,DLPFC,PsychAD snRNA-seq (syn60084804); labels not provided in Supp Data 6,0,1,unlabeled,0,not present in both Depression and AD-progression PAC sheets
M6874,Supp6_PAC,Homo sapiens,DLPFC,PsychAD snRNA-seq (syn60084804); labels not provided in Supp Data 6,0,1,unlabeled,0,not present in both Depression and AD-progression PAC sheets
M68806,Supp6_PAC,Homo sapiens,DLPFC,PsychAD snRNA-seq (syn60084804); labels not provided in Supp Data 6,0,1,unlabeled,0,not present in both Depression and AD-progression PAC sheets
M69155,Supp6_PAC,Homo sapiens,DLPFC,PsychAD snRNA-seq (syn60084804); labels not provided in Supp Data 6,1,1,used_in_depression_vs_ADprogression_correlation,1,
M69422,Supp6_PAC,Homo sapiens,DLPFC,PsychAD snRNA-seq (syn60084804); labels not provided in Supp Data 6,0,1,unlabeled,0,not present in both Depression and AD-progression PAC sheets
M69471,Supp6_PAC,Homo sapiens,DLPFC,PsychAD snRNA-seq (syn60084804); labels not provided in Supp Data 6,0,1,unlabeled,0,not present in both Depression and AD-progression PAC sheets
M69779,Supp6_PAC,Homo sapiens,DLPFC,PsychAD snRNA-seq (syn60084804); labels not provided in Supp Data 6,0,1,unlabeled,0,not present in both Depression and AD-progression PAC sheets
M69984,Supp6_PAC,Homo sapiens,DLPFC,PsychAD snRNA-seq (syn60084804); labels not provided in Supp Data 6,0,1,unlabeled,0,not present in both Depression and AD-progression PAC sheets
M70195,Supp6_PAC,Homo sapiens,DLPFC,PsychAD snRNA-seq (syn60084804); labels not provided in Supp Data 6,1,0,unlabeled,0,not present in both Depression and AD-progression PAC sheets
M70207,Supp6_PAC,Homo sapiens,DLPFC,PsychAD snRNA-seq (syn60084804); labels not provided in Supp Data 6,0,1,unlabeled,0,not present in both Depression and AD-progression PAC sheets
M70235,Supp6_PAC,Homo sapiens,DLPFC,PsychAD snRNA-seq (syn60084804); labels not provided in Supp Data 6,1,1,used_in_depression_vs_ADprogression_correlation,1,
M70362,Supp6_PAC,Homo sapiens,DLPFC,PsychAD snRNA-seq (syn60084804); labels not provided in Supp Data 6,1,1,used_in_depression_vs_ADprogression_correlation,1,
M70658,Supp6_PAC,Homo sapiens,DLPFC,PsychAD snRNA-seq (syn60084804); labels not provided in Supp Data 6,0,1,unlabeled,0,not present in both Depression and AD-progression PAC sheets
M70729,Supp6_PAC,Homo sapiens,DLPFC,PsychAD snRNA-seq (syn60084804); labels not provided in Supp Data 6,0,1,unlabeled,0,not present in both Depression and AD-progression PAC sheets
M7107,Supp6_PAC,Homo sapiens,DLPFC,PsychAD snRNA-seq (syn60084804); labels not provided in Supp Data 6,0,1,unlabeled,0,not present in both Depression and AD-progression PAC sheets
M71238,Supp6_PAC,Homo sapiens,DLPFC,PsychAD snRNA-seq (syn60084804); labels not provided in Supp Data 6,0,1,unlabeled,0,not present in both Depression and AD-progression PAC sheets
M71241,Supp6_PAC,Homo sapiens,DLPFC,PsychAD snRNA-seq (syn60084804); labels not provided in Supp Data 6,0,1,unlabeled,0,not present in both Depression and AD-progression PAC sheets
M71503,Supp6_PAC,Homo sapiens,DLPFC,PsychAD snRNA-seq (syn60084804); labels not provided in Supp Data 6,0,1,unlabeled,0,not present in both Depression and AD-progression PAC sheets
M7155,Supp6_PAC,Homo sapiens,DLPFC,PsychAD snRNA-seq (syn60084804); labels not provided in Supp Data 6,0,1,unlabeled,0,not present in both Depression and AD-progression PAC sheets
M71602,Supp6_PAC,Homo sapiens,DLPFC,PsychAD snRNA-seq (syn60084804); labels not provided in Supp Data 6,0,1,unlabeled,0,not present in both Depression and AD-progression PAC sheets
M71719,Supp6_PAC,Homo sapiens,DLPFC,PsychAD snRNA-seq (syn60084804); labels not provided in Supp Data 6,1,1,used_in_depression_vs_ADprogression_correlation,1,
M71789,Supp6_PAC,Homo sapiens,DLPFC,PsychAD snRNA-seq (syn60084804); labels not provided in Supp Data 6,0,1,unlabeled,0,not present in both Depression and AD-progression PAC sheets
M72035,Supp6_PAC,Homo sapiens,DLPFC,PsychAD snRNA-seq (syn60084804); labels not provided in Supp Data 6,0,1,unlabeled,0,not present in both Depression and AD-progression PAC sheets
M72079,Supp6_PAC,Homo sapiens,DLPFC,PsychAD snRNA-seq (syn60084804); labels not provided in Supp Data 6,1,1,used_in_depression_vs_ADprogression_correlation,1,
M72114,Supp6_PAC,Homo sapiens,DLPFC,PsychAD snRNA-seq (syn60084804); labels not provided in Supp Data 6,0,1,unlabeled,0,not present in both Depression and AD-progression PAC sheets
M72548,Supp6_PAC,Homo sapiens,DLPFC,PsychAD snRNA-seq (syn60084804); labels not provided in Supp Data 6,1,1,used_in_depression_vs_ADprogression_correlation,1,
M72578,Supp6_PAC,Homo sapiens,DLPFC,PsychAD snRNA-seq (syn60084804); labels not provided in Supp Data 6,1,1,used_in_depression_vs_ADprogression_correlation,1,
M7283,Supp6_PAC,Homo sapiens,DLPFC,PsychAD snRNA-seq (syn60084804); labels not provided in Supp Data 6,1,1,used_in_depression_vs_ADprogression_correlation,1,
M73007,Supp6_PAC,Homo sapiens,DLPFC,PsychAD snRNA-seq (syn60084804); labels not provided in Supp Data 6,0,1,unlabeled,0,not present in both Depression and AD-progression PAC sheets
M73140,Supp6_PAC,Homo sapiens,DLPFC,PsychAD snRNA-seq (syn60084804); labels not provided in Supp Data 6,0,1,unlabeled,0,not present in both Depression and AD-progression PAC sheets
M732693,Supp6_PAC,Homo sapiens,DLPFC,PsychAD snRNA-seq (syn60084804); labels not provided in Supp Data 6,0,1,unlabeled,0,not present in both Depression and AD-progression PAC sheets
M73293,Supp6_PAC,Homo sapiens,DLPFC,PsychAD snRNA-seq (syn60084804); labels not provided in Supp Data 6,1,1,used_in_depression_vs_ADprogression_correlation,1,
M73342,Supp6_PAC,Homo sapiens,DLPFC,PsychAD snRNA-seq (syn60084804); labels not provided in Supp Data 6,0,1,unlabeled,0,not present in both Depression and AD-progression PAC sheets
M7353,Supp6_PAC,Homo sapiens,DLPFC,PsychAD snRNA-seq (syn60084804); labels not provided in Supp Data 6,1,1,used_in_depression_vs_ADprogression_correlation,1,
M73574,Supp6_PAC,Homo sapiens,DLPFC,PsychAD snRNA-seq (syn60084804); labels not provided in Supp Data 6,1,1,used_in_depression_vs_ADprogression_correlation,1,
M73787,Supp6_PAC,Homo sapiens,DLPFC,PsychAD snRNA-seq (syn60084804); labels not provided in Supp Data 6,0,1,unlabeled,0,not present in both Depression and AD-progression PAC sheets
M74087,Supp6_PAC,Homo sapiens,DLPFC,PsychAD snRNA-seq (syn60084804); labels not provided in Supp Data 6,0,1,unlabeled,0,not present in both Depression and AD-progression PAC sheets
M74600,Supp6_PAC,Homo sapiens,DLPFC,PsychAD snRNA-seq (syn60084804); labels not provided in Supp Data 6,0,1,unlabeled,0,not present in both Depression and AD-progression PAC sheets
M74881,Supp6_PAC,Homo sapiens,DLPFC,PsychAD snRNA-seq (syn60084804); labels not provided in Supp Data 6,1,1,used_in_depression_vs_ADprogression_correlation,1,
M74931,Supp6_PAC,Homo sapiens,DLPFC,PsychAD snRNA-seq (syn60084804); labels not provided in Supp Data 6,0,1,unlabeled,0,not present in both Depression and AD-progression PAC sheets
M75093,Supp6_PAC,Homo sapiens,DLPFC,PsychAD snRNA-seq (syn60084804); labels not provided in Supp Data 6,0,1,unlabeled,0,not present in both Depression and AD-progression PAC sheets
M75112,Supp6_PAC,Homo sapiens,DLPFC,PsychAD snRNA-seq (syn60084804); labels not provided in Supp Data 6,0,1,unlabeled,0,not present in both Depression and AD-progression PAC sheets
M755,Supp6_PAC,Homo sapiens,DLPFC,PsychAD snRNA-seq (syn60084804); labels not provided in Supp Data 6,0,1,unlabeled,0,not present in both Depression and AD-progression PAC sheets
M75505,Supp6_PAC,Homo sapiens,DLPFC,PsychAD snRNA-seq (syn60084804); labels not provided in Supp Data 6,0,1,unlabeled,0,not present in both Depression and AD-progression PAC sheets
M75705,Supp6_PAC,Homo sapiens,DLPFC,PsychAD snRNA-seq (syn60084804); labels not provided in Supp Data 6,0,1,unlabeled,0,not present in both Depression and AD-progression PAC sheets
M75757,Supp6_PAC,Homo sapiens,DLPFC,PsychAD snRNA-seq (syn60084804); labels not provided in Supp Data 6,0,1,unlabeled,0,not present in both Depression and AD-progression PAC sheets
M75954,Supp6_PAC,Homo sapiens,DLPFC,PsychAD snRNA-seq (syn60084804); labels not provided in Supp Data 6,1,1,used_in_depression_vs_ADprogression_correlation,1,
M76188,Supp6_PAC,Homo sapiens,DLPFC,PsychAD snRNA-seq (syn60084804); labels not provided in Supp Data 6,1,1,used_in_depression_vs_ADprogression_correlation,1,
M76268,Supp6_PAC,Homo sapiens,DLPFC,PsychAD snRNA-seq (syn60084804); labels not provided in Supp Data 6,0,1,unlabeled,0,not present in both Depression and AD-progression PAC sheets
M76286,Supp6_PAC,Homo sapiens,DLPFC,PsychAD snRNA-seq (syn60084804); labels not provided in Supp Data 6,1,1,used_in_depression_vs_ADprogression_correlation,1,
M76365,Supp6_PAC,Homo sapiens,DLPFC,PsychAD snRNA-seq (syn60084804); labels not provided in Supp Data 6,1,1,used_in_depression_vs_ADprogression_correlation,1,
M7649,Supp6_PAC,Homo sapiens,DLPFC,PsychAD snRNA-seq (syn60084804); labels not provided in Supp Data 6,1,1,used_in_depression_vs_ADprogression_correlation,1,
M76564,Supp6_PAC,Homo sapiens,DLPFC,PsychAD snRNA-seq (syn60084804); labels not provided in Supp Data 6,0,1,unlabeled,0,not present in both Depression and AD-progression PAC sheets
M76651,Supp6_PAC,Homo sapiens,DLPFC,PsychAD snRNA-seq (syn60084804); labels not provided in Supp Data 6,0,1,unlabeled,0,not present in both Depression and AD-progression PAC sheets
M76678,Supp6_PAC,Homo sapiens,DLPFC,PsychAD snRNA-seq (syn60084804); labels not provided in Supp Data 6,1,1,used_in_depression_vs_ADprogression_correlation,1,
M76897,Supp6_PAC,Homo sapiens,DLPFC,PsychAD snRNA-seq (syn60084804); labels not provided in Supp Data 6,1,1,used_in_depression_vs_ADprogression_correlation,1,
M7698,Supp6_PAC,Homo sapiens,DLPFC,PsychAD snRNA-seq (syn60084804); labels not provided in Supp Data 6,0,1,unlabeled,0,not present in both Depression and AD-progression PAC sheets
M77061,Supp6_PAC,Homo sapiens,DLPFC,PsychAD snRNA-seq (syn60084804); labels not provided in Supp Data 6,1,1,used_in_depression_vs_ADprogression_correlation,1,
M77164,Supp6_PAC,Homo sapiens,DLPFC,PsychAD snRNA-seq (syn60084804); labels not provided in Supp Data 6,0,1,unlabeled,0,not present in both Depression and AD-progression PAC sheets
M77223,Supp6_PAC,Homo sapiens,DLPFC,PsychAD snRNA-seq (syn60084804); labels not provided in Supp Data 6,0,1,unlabeled,0,not present in both Depression and AD-progression PAC sheets
M77445,Supp6_PAC,Homo sapiens,DLPFC,PsychAD snRNA-seq (syn60084804); labels not provided in Supp Data 6,1,1,used_in_depression_vs_ADprogression_correlation,1,
M77549,Supp6_PAC,Homo sapiens,DLPFC,PsychAD snRNA-seq (syn60084804); labels not provided in Supp Data 6,0,1,unlabeled,0,not present in both Depression and AD-progression PAC sheets
M77591,Supp6_PAC,Homo sapiens,DLPFC,PsychAD snRNA-seq (syn60084804); labels not provided in Supp Data 6,0,1,unlabeled,0,not present in both Depression and AD-progression PAC sheets
M77677,Supp6_PAC,Homo sapiens,DLPFC,PsychAD snRNA-seq (syn60084804); labels not provided in Supp Data 6,0,1,unlabeled,0,not present in both Depression and AD-progression PAC sheets
M77920,Supp6_PAC,Homo sapiens,DLPFC,PsychAD snRNA-seq (syn60084804); labels not provided in Supp Data 6,0,1,unlabeled,0,not present in both Depression and AD-progression PAC sheets
M77958,Supp6_PAC,Homo sapiens,DLPFC,PsychAD snRNA-seq (syn60084804); labels not provided in Supp Data 6,0,1,unlabeled,0,not present in both Depression and AD-progression PAC sheets
M77983,Supp6_PAC,Homo sapiens,DLPFC,PsychAD snRNA-seq (syn60084804); labels not provided in Supp Data 6,0,1,unlabeled,0,not present in both Depression and AD-progression PAC sheets
M78451,Supp6_PAC,Homo sapiens,DLPFC,PsychAD snRNA-seq (syn60084804); labels not provided in Supp Data 6,0,1,unlabeled,0,not present in both Depression and AD-progression PAC sheets
M78471,Supp6_PAC,Homo sapiens,DLPFC,PsychAD snRNA-seq (syn60084804); labels not provided in Supp Data 6,0,1,unlabeled,0,not present in both Depression and AD-progression PAC sheets
M78832,Supp6_PAC,Homo sapiens,DLPFC,PsychAD snRNA-seq (syn60084804); labels not provided in Supp Data 6,0,1,unlabeled,0,not present in both Depression and AD-progression PAC sheets
M79245,Supp6_PAC,Homo sapiens,DLPFC,PsychAD snRNA-seq (syn60084804); labels not provided in Supp Data 6,0,1,unlabeled,0,not present in both Depression and AD-progression PAC sheets
M79265,Supp6_PAC,Homo sapiens,DLPFC,PsychAD snRNA-seq (syn60084804); labels not provided in Supp Data 6,0,1,unlabeled,0,not present in both Depression and AD-progression PAC sheets
M793497,Supp6_PAC,Homo sapiens,DLPFC,PsychAD snRNA-seq (syn60084804); labels not provided in Supp Data 6,0,1,unlabeled,0,not present in both Depression and AD-progression PAC sheets
M7949,Supp6_PAC,Homo sapiens,DLPFC,PsychAD snRNA-seq (syn60084804); labels not provided in Supp Data 6,0,1,unlabeled,0,not present in both Depression and AD-progression PAC sheets
M79496,Supp6_PAC,Homo sapiens,DLPFC,PsychAD snRNA-seq (syn60084804); labels not provided in Supp Data 6,0,1,unlabeled,0,not present in both Depression and AD-progression PAC sheets
M79856,Supp6_PAC,Homo sapiens,DLPFC,PsychAD snRNA-seq (syn60084804); labels not provided in Supp Data 6,0,1,unlabeled,0,not present in both Depression and AD-progression PAC sheets
M79925,Supp6_PAC,Homo sapiens,DLPFC,PsychAD snRNA-seq (syn60084804); labels not provided in Supp Data 6,0,1,unlabeled,0,not present in both Depression and AD-progression PAC sheets
M79926,Supp6_PAC,Homo sapiens,DLPFC,PsychAD snRNA-seq (syn60084804); labels not provided in Supp Data 6,1,1,used_in_depression_vs_ADprogression_correlation,1,
M79989,Supp6_PAC,Homo sapiens,DLPFC,PsychAD snRNA-seq (syn60084804); labels not provided in Supp Data 6,1,1,used_in_depression_vs_ADprogression_correlation,1,
M80009,Supp6_PAC,Homo sapiens,DLPFC,PsychAD snRNA-seq (syn60084804); labels not provided in Supp Data 6,0,1,unlabeled,0,not present in both Depression and AD-progression PAC sheets
M80026,Supp6_PAC,Homo sapiens,DLPFC,PsychAD snRNA-seq (syn60084804); labels not provided in Supp Data 6,0,1,unlabeled,0,not present in both Depression and AD-progression PAC sheets
M80255,Supp6_PAC,Homo sapiens,DLPFC,PsychAD snRNA-seq (syn60084804); labels not provided in Supp Data 6,0,1,unlabeled,0,not present in both Depression and AD-progression PAC sheets
M80453,Supp6_PAC,Homo sapiens,DLPFC,PsychAD snRNA-seq (syn60084804); labels not provided in Supp Data 6,0,1,unlabeled,0,not present in both Depression and AD-progression PAC sheets
M80488,Supp6_PAC,Homo sapiens,DLPFC,PsychAD snRNA-seq (syn60084804); labels not provided in Supp Data 6,0,1,unlabeled,0,not present in both Depression and AD-progression PAC sheets
M80522,Supp6_PAC,Homo sapiens,DLPFC,PsychAD snRNA-seq (syn60084804); labels not provided in Supp Data 6,0,1,unlabeled,0,not present in both Depression and AD-progression PAC sheets
M80571,Supp6_PAC,Homo sapiens,DLPFC,PsychAD snRNA-seq (syn60084804); labels not provided in Supp Data 6,0,1,unlabeled,0,not present in both Depression and AD-progression PAC sheets
M80700,Supp6_PAC,Homo sapiens,DLPFC,PsychAD snRNA-seq (syn60084804); labels not provided in Supp Data 6,0,1,unlabeled,0,not present in both Depression and AD-progression PAC sheets
M80803,Supp6_PAC,Homo sapiens,DLPFC,PsychAD snRNA-seq (syn60084804); labels not provided in Supp Data 6,1,1,used_in_depression_vs_ADprogression_correlation,1,
M808460,Supp6_PAC,Homo sapiens,DLPFC,PsychAD snRNA-seq (syn60084804); labels not provided in Supp Data 6,0,1,unlabeled,0,not present in both Depression and AD-progression PAC sheets
M80875,Supp6_PAC,Homo sapiens,DLPFC,PsychAD snRNA-seq (syn60084804); labels not provided in Supp Data 6,0,1,unlabeled,0,not present in both Depression and AD-progression PAC sheets
M81015,Supp6_PAC,Homo sapiens,DLPFC,PsychAD snRNA-seq (syn60084804); labels not provided in Supp Data 6,1,1,used_in_depression_vs_ADprogression_correlation,1,
M81035,Supp6_PAC,Homo sapiens,DLPFC,PsychAD snRNA-seq (syn60084804); labels not provided in Supp Data 6,0,1,unlabeled,0,not present in both Depression and AD-progression PAC sheets
M81316,Supp6_PAC,Homo sapiens,DLPFC,PsychAD snRNA-seq (syn60084804); labels not provided in Supp Data 6,0,1,unlabeled,0,not present in both Depression and AD-progression PAC sheets
M81548,Supp6_PAC,Homo sapiens,DLPFC,PsychAD snRNA-seq (syn60084804); labels not provided in Supp Data 6,0,1,unlabeled,0,not present in both Depression and AD-progression PAC sheets
M81616,Supp6_PAC,Homo sapiens,DLPFC,PsychAD snRNA-seq (syn60084804); labels not provided in Supp Data 6,0,1,unlabeled,0,not present in both Depression and AD-progression PAC sheets
M8176,Supp6_PAC,Homo sapiens,DLPFC,PsychAD snRNA-seq (syn60084804); labels not provided in Supp Data 6,1,1,used_in_depression_vs_ADprogression_correlation,1,
M818338,Supp6_PAC,Homo sapiens,DLPFC,PsychAD snRNA-seq (syn60084804); labels not provided in Supp Data 6,0,1,unlabeled,0,not present in both Depression and AD-progression PAC sheets
M81898,Supp6_PAC,Homo sapiens,DLPFC,PsychAD snRNA-seq (syn60084804); labels not provided in Supp Data 6,1,1,used_in_depression_vs_ADprogression_correlation,1,
M82158,Supp6_PAC,Homo sapiens,DLPFC,PsychAD snRNA-seq (syn60084804); labels not provided in Supp Data 6,1,1,used_in_depression_vs_ADprogression_correlation,1,
M82228,Supp6_PAC,Homo sapiens,DLPFC,PsychAD snRNA-seq (syn60084804); labels not provided in Supp Data 6,1,1,used_in_depression_vs_ADprogression_correlation,1,
M82391,Supp6_PAC,Homo sapiens,DLPFC,PsychAD snRNA-seq (syn60084804); labels not provided in Supp Data 6,0,1,unlabeled,0,not present in both Depression and AD-progression PAC sheets
M82984,Supp6_PAC,Homo sapiens,DLPFC,PsychAD snRNA-seq (syn60084804); labels not provided in Supp Data 6,1,1,used_in_depression_vs_ADprogression_correlation,1,
M8299,Supp6_PAC,Homo sapiens,DLPFC,PsychAD snRNA-seq (syn60084804); labels not provided in Supp Data 6,0,1,unlabeled,0,not present in both Depression and AD-progression PAC sheets
M83136,Supp6_PAC,Homo sapiens,DLPFC,PsychAD snRNA-seq (syn60084804); labels not provided in Supp Data 6,1,1,used_in_depression_vs_ADprogression_correlation,1,
M83214,Supp6_PAC,Homo sapiens,DLPFC,PsychAD snRNA-seq (syn60084804); labels not provided in Supp Data 6,0,1,unlabeled,0,not present in both Depression and AD-progression PAC sheets
M83234,Supp6_PAC,Homo sapiens,DLPFC,PsychAD snRNA-seq (syn60084804); labels not provided in Supp Data 6,0,1,unlabeled,0,not present in both Depression and AD-progression PAC sheets
M83367,Supp6_PAC,Homo sapiens,DLPFC,PsychAD snRNA-seq (syn60084804); labels not provided in Supp Data 6,0,1,unlabeled,0,not present in both Depression and AD-progression PAC sheets
M837246,Supp6_PAC,Homo sapiens,DLPFC,PsychAD snRNA-seq (syn60084804); labels not provided in Supp Data 6,1,1,used_in_depression_vs_ADprogression_correlation,1,
M83910,Supp6_PAC,Homo sapiens,DLPFC,PsychAD snRNA-seq (syn60084804); labels not provided in Supp Data 6,1,1,used_in_depression_vs_ADprogression_correlation,1,
M84161,Supp6_PAC,Homo sapiens,DLPFC,PsychAD snRNA-seq (syn60084804); labels not provided in Supp Data 6,1,1,used_in_depression_vs_ADprogression_correlation,1,
M84393,Supp6_PAC,Homo sapiens,DLPFC,PsychAD snRNA-seq (syn60084804); labels not provided in Supp Data 6,0,1,unlabeled,0,not present in both Depression and AD-progression PAC sheets
M84423,Supp6_PAC,Homo sapiens,DLPFC,PsychAD snRNA-seq (syn60084804); labels not provided in Supp Data 6,0,1,unlabeled,0,not present in both Depression and AD-progression PAC sheets
M84425,Supp6_PAC,Homo sapiens,DLPFC,PsychAD snRNA-seq (syn60084804); labels not provided in Supp Data 6,0,1,unlabeled,0,not present in both Depression and AD-progression PAC sheets
M84511,Supp6_PAC,Homo sapiens,DLPFC,PsychAD snRNA-seq (syn60084804); labels not provided in Supp Data 6,0,1,unlabeled,0,not present in both Depression and AD-progression PAC sheets
M84521,Supp6_PAC,Homo sapiens,DLPFC,PsychAD snRNA-seq (syn60084804); labels not provided in Supp Data 6,1,1,used_in_depression_vs_ADprogression_correlation,1,
M84538,Supp6_PAC,Homo sapiens,DLPFC,PsychAD snRNA-seq (syn60084804); labels not provided in Supp Data 6,0,1,unlabeled,0,not present in both Depression and AD-progression PAC sheets
M84803,Supp6_PAC,Homo sapiens,DLPFC,PsychAD snRNA-seq (syn60084804); labels not provided in Supp Data 6,0,1,unlabeled,0,not present in both Depression and AD-progression PAC sheets
M84955,Supp6_PAC,Homo sapiens,DLPFC,PsychAD snRNA-seq (syn60084804); labels not provided in Supp Data 6,1,1,used_in_depression_vs_ADprogression_correlation,1,
M85168,Supp6_PAC,Homo sapiens,DLPFC,PsychAD snRNA-seq (syn60084804); labels not provided in Supp Data 6,1,1,used_in_depression_vs_ADprogression_correlation,1,
M85730,Supp6_PAC,Homo sapiens,DLPFC,PsychAD snRNA-seq (syn60084804); labels not provided in Supp Data 6,1,1,used_in_depression_vs_ADprogression_correlation,1,
M85824,Supp6_PAC,Homo sapiens,DLPFC,PsychAD snRNA-seq (syn60084804); labels not provided in Supp Data 6,1,1,used_in_depression_vs_ADprogression_correlation,1,
M85981,Supp6_PAC,Homo sapiens,DLPFC,PsychAD snRNA-seq (syn60084804); labels not provided in Supp Data 6,0,1,unlabeled,0,not present in both Depression and AD-progression PAC sheets
M86050,Supp6_PAC,Homo sapiens,DLPFC,PsychAD snRNA-seq (syn60084804); labels not provided in Supp Data 6,0,1,unlabeled,0,not present in both Depression and AD-progression PAC sheets
M86087,Supp6_PAC,Homo sapiens,DLPFC,PsychAD snRNA-seq (syn60084804); labels not provided in Supp Data 6,0,1,unlabeled,0,not present in both Depression and AD-progression PAC sheets
M86213,Supp6_PAC,Homo sapiens,DLPFC,PsychAD snRNA-seq (syn60084804); labels not provided in Supp Data 6,0,1,unlabeled,0,not present in both Depression and AD-progression PAC sheets
M86262,Supp6_PAC,Homo sapiens,DLPFC,PsychAD snRNA-seq (syn60084804); labels not provided in Supp Data 6,1,1,used_in_depression_vs_ADprogression_correlation,1,
M864250,Supp6_PAC,Homo sapiens,DLPFC,PsychAD snRNA-seq (syn60084804); labels not provided in Supp Data 6,1,1,used_in_depression_vs_ADprogression_correlation,1,
M87037,Supp6_PAC,Homo sapiens,DLPFC,PsychAD snRNA-seq (syn60084804); labels not provided in Supp Data 6,0,1,unlabeled,0,not present in both Depression and AD-progression PAC sheets
M87426,Supp6_PAC,Homo sapiens,DLPFC,PsychAD snRNA-seq (syn60084804); labels not provided in Supp Data 6,0,1,unlabeled,0,not present in both Depression and AD-progression PAC sheets
M8743,Supp6_PAC,Homo sapiens,DLPFC,PsychAD snRNA-seq (syn60084804); labels not provided in Supp Data 6,1,1,used_in_depression_vs_ADprogression_correlation,1,
M87485,Supp6_PAC,Homo sapiens,DLPFC,PsychAD snRNA-seq (syn60084804); labels not provided in Supp Data 6,0,1,unlabeled,0,not present in both Depression and AD-progression PAC sheets
M87519,Supp6_PAC,Homo sapiens,DLPFC,PsychAD snRNA-seq (syn60084804); labels not provided in Supp Data 6,0,1,unlabeled,0,not present in both Depression and AD-progression PAC sheets
M88010,Supp6_PAC,Homo sapiens,DLPFC,PsychAD snRNA-seq (syn60084804); labels not provided in Supp Data 6,0,1,unlabeled,0,not present in both Depression and AD-progression PAC sheets
M88112,Supp6_PAC,Homo sapiens,DLPFC,PsychAD snRNA-seq (syn60084804); labels not provided in Supp Data 6,1,1,used_in_depression_vs_ADprogression_correlation,1,
M88131,Supp6_PAC,Homo sapiens,DLPFC,PsychAD snRNA-seq (syn60084804); labels not provided in Supp Data 6,0,1,unlabeled,0,not present in both Depression and AD-progression PAC sheets
M88811,Supp6_PAC,Homo sapiens,DLPFC,PsychAD snRNA-seq (syn60084804); labels not provided in Supp Data 6,1,1,used_in_depression_vs_ADprogression_correlation,1,
M8926,Supp6_PAC,Homo sapiens,DLPFC,PsychAD snRNA-seq (syn60084804); labels not provided in Supp Data 6,0,1,unlabeled,0,not present in both Depression and AD-progression PAC sheets
M89571,Supp6_PAC,Homo sapiens,DLPFC,PsychAD snRNA-seq (syn60084804); labels not provided in Supp Data 6,0,1,unlabeled,0,not present in both Depression and AD-progression PAC sheets
M89620,Supp6_PAC,Homo sapiens,DLPFC,PsychAD snRNA-seq (syn60084804); labels not provided in Supp Data 6,1,1,used_in_depression_vs_ADprogression_correlation,1,
M8975,Supp6_PAC,Homo sapiens,DLPFC,PsychAD snRNA-seq (syn60084804); labels not provided in Supp Data 6,1,1,used_in_depression_vs_ADprogression_correlation,1,
M90084,Supp6_PAC,Homo sapiens,DLPFC,PsychAD snRNA-seq (syn60084804); labels not provided in Supp Data 6,0,1,unlabeled,0,not present in both Depression and AD-progression PAC sheets
M90262,Supp6_PAC,Homo sapiens,DLPFC,PsychAD snRNA-seq (syn60084804); labels not provided in Supp Data 6,1,1,used_in_depression_vs_ADprogression_correlation,1,
M90395,Supp6_PAC,Homo sapiens,DLPFC,PsychAD snRNA-seq (syn60084804); labels not provided in Supp Data 6,1,1,used_in_depression_vs_ADprogression_correlation,1,
M90581,Supp6_PAC,Homo sapiens,DLPFC,PsychAD snRNA-seq (syn60084804); labels not provided in Supp Data 6,0,1,unlabeled,0,not present in both Depression and AD-progression PAC sheets
M90596,Supp6_PAC,Homo sapiens,DLPFC,PsychAD snRNA-seq (syn60084804); labels not provided in Supp Data 6,0,1,unlabeled,0,not present in both Depression and AD-progression PAC sheets
M90828,Supp6_PAC,Homo sapiens,DLPFC,PsychAD snRNA-seq (syn60084804); labels not provided in Supp Data 6,0,1,unlabeled,0,not present in both Depression and AD-progression PAC sheets
M90897,Supp6_PAC,Homo sapiens,DLPFC,PsychAD snRNA-seq (syn60084804); labels not provided in Supp Data 6,1,1,used_in_depression_vs_ADprogression_correlation,1,
M90996,Supp6_PAC,Homo sapiens,DLPFC,PsychAD snRNA-seq (syn60084804); labels not provided in Supp Data 6,0,1,unlabeled,0,not present in both Depression and AD-progression PAC sheets
M91139,Supp6_PAC,Homo sapiens,DLPFC,PsychAD snRNA-seq (syn60084804); labels not provided in Supp Data 6,0,1,unlabeled,0,not present in both Depression and AD-progression PAC sheets
M912489,Supp6_PAC,Homo sapiens,DLPFC,PsychAD snRNA-seq (syn60084804); labels not provided in Supp Data 6,0,1,unlabeled,0,not present in both Depression and AD-progression PAC sheets
M91390,Supp6_PAC,Homo sapiens,DLPFC,PsychAD snRNA-seq (syn60084804); labels not provided in Supp Data 6,0,1,unlabeled,0,not present in both Depression and AD-progression PAC sheets
M91854,Supp6_PAC,Homo sapiens,DLPFC,PsychAD snRNA-seq (syn60084804); labels not provided in Supp Data 6,0,1,unlabeled,0,not present in both Depression and AD-progression PAC sheets
M9207,Supp6_PAC,Homo sapiens,DLPFC,PsychAD snRNA-seq (syn60084804); labels not provided in Supp Data 6,0,1,unlabeled,0,not present in both Depression and AD-progression PAC sheets
M927140,Supp6_PAC,Homo sapiens,DLPFC,PsychAD snRNA-seq (syn60084804); labels not provided in Supp Data 6,0,1,unlabeled,0,not present in both Depression and AD-progression PAC sheets
M93210,Supp6_PAC,Homo sapiens,DLPFC,PsychAD snRNA-seq (syn60084804); labels not provided in Supp Data 6,1,1,used_in_depression_vs_ADprogression_correlation,1,
M93392,Supp6_PAC,Homo sapiens,DLPFC,PsychAD snRNA-seq (syn60084804); labels not provided in Supp Data 6,0,1,unlabeled,0,not present in both Depression and AD-progression PAC sheets
M93603,Supp6_PAC,Homo sapiens,DLPFC,PsychAD snRNA-seq (syn60084804); labels not provided in Supp Data 6,0,1,unlabeled,0,not present in both Depression and AD-progression PAC sheets
M93995,Supp6_PAC,Homo sapiens,DLPFC,PsychAD snRNA-seq (syn60084804); labels not provided in Supp Data 6,0,1,unlabeled,0,not present in both Depression and AD-progression PAC sheets
M94213,Supp6_PAC,Homo sapiens,DLPFC,PsychAD snRNA-seq (syn60084804); labels not provided in Supp Data 6,0,1,unlabeled,0,not present in both Depression and AD-progression PAC sheets
M9439,Supp6_PAC,Homo sapiens,DLPFC,PsychAD snRNA-seq (syn60084804); labels not provided in Supp Data 6,1,1,used_in_depression_vs_ADprogression_correlation,1,
M94517,Supp6_PAC,Homo sapiens,DLPFC,PsychAD snRNA-seq (syn60084804); labels not provided in Supp Data 6,1,1,used_in_depression_vs_ADprogression_correlation,1,
M94804,Supp6_PAC,Homo sapiens,DLPFC,PsychAD snRNA-seq (syn60084804); labels not provided in Supp Data 6,0,1,unlabeled,0,not present in both Depression and AD-progression PAC sheets
M94828,Supp6_PAC,Homo sapiens,DLPFC,PsychAD snRNA-seq (syn60084804); labels not provided in Supp Data 6,0,1,unlabeled,0,not present in both Depression and AD-progression PAC sheets
M95015,Supp6_PAC,Homo sapiens,DLPFC,PsychAD snRNA-seq (syn60084804); labels not provided in Supp Data 6,0,1,unlabeled,0,not present in both Depression and AD-progression PAC sheets
M95439,Supp6_PAC,Homo sapiens,DLPFC,PsychAD snRNA-seq (syn60084804); labels not provided in Supp Data 6,0,1,unlabeled,0,not present in both Depression and AD-progression PAC sheets
M95506,Supp6_PAC,Homo sapiens,DLPFC,PsychAD snRNA-seq (syn60084804); labels not provided in Supp Data 6,0,1,unlabeled,0,not present in both Depression and AD-progression PAC sheets
M95774,Supp6_PAC,Homo sapiens,DLPFC,PsychAD snRNA-seq (syn60084804); labels not provided in Supp Data 6,0,1,unlabeled,0,not present in both Depression and AD-progression PAC sheets
M96055,Supp6_PAC,Homo sapiens,DLPFC,PsychAD snRNA-seq (syn60084804); labels not provided in Supp Data 6,1,1,used_in_depression_vs_ADprogression_correlation,1,
M96251,Supp6_PAC,Homo sapiens,DLPFC,PsychAD snRNA-seq (syn60084804); labels not provided in Supp Data 6,0,1,unlabeled,0,not present in both Depression and AD-progression PAC sheets
M96800,Supp6_PAC,Homo sapiens,DLPFC,PsychAD snRNA-seq (syn60084804); labels not provided in Supp Data 6,0,1,unlabeled,0,not present in both Depression and AD-progression PAC sheets
M96977,Supp6_PAC,Homo sapiens,DLPFC,PsychAD snRNA-seq (syn60084804); labels not provided in Supp Data 6,0,1,unlabeled,0,not present in both Depression and AD-progression PAC sheets
M97134,Supp6_PAC,Homo sapiens,DLPFC,PsychAD snRNA-seq (syn60084804); labels not provided in Supp Data 6,0,1,unlabeled,0,not present in both Depression and AD-progression PAC sheets
M97560,Supp6_PAC,Homo sapiens,DLPFC,PsychAD snRNA-seq (syn60084804); labels not provided in Supp Data 6,1,1,used_in_depression_vs_ADprogression_correlation,1,
M97579,Supp6_PAC,Homo sapiens,DLPFC,PsychAD snRNA-seq (syn60084804); labels not provided in Supp Data 6,0,1,unlabeled,0,not present in both Depression and AD-progression PAC sheets
M97594,Supp6_PAC,Homo sapiens,DLPFC,PsychAD snRNA-seq (syn60084804); labels not provided in Supp Data 6,0,1,unlabeled,0,not present in both Depression and AD-progression PAC sheets
M97728,Supp6_PAC,Homo sapiens,DLPFC,PsychAD snRNA-seq (syn60084804); labels not provided in Supp Data 6,0,1,unlabeled,0,not present in both Depression and AD-progression PAC sheets
M97977,Supp6_PAC,Homo sapiens,DLPFC,PsychAD snRNA-seq (syn60084804); labels not provided in Supp Data 6,1,1,used_in_depression_vs_ADprogression_correlation,1,
M980386,Supp6_PAC,Homo sapiens,DLPFC,PsychAD snRNA-seq (syn60084804); labels not provided in Supp Data 6,0,1,unlabeled,0,not present in both Depression and AD-progression PAC sheets
M98107,Supp6_PAC,Homo sapiens,DLPFC,PsychAD snRNA-seq (syn60084804); labels not provided in Supp Data 6,0,1,unlabeled,0,not present in both Depression and AD-progression PAC sheets
M98979,Supp6_PAC,Homo sapiens,DLPFC,PsychAD snRNA-seq (syn60084804); labels not provided in Supp Data 6,0,1,unlabeled,0,not present in both Depression and AD-progression PAC sheets
M99118,Supp6_PAC,Homo sapiens,DLPFC,PsychAD snRNA-seq (syn60084804); labels not provided in Supp Data 6,1,1,used_in_depression_vs_ADprogression_correlation,1,
M99310,Supp6_PAC,Homo sapiens,DLPFC,PsychAD snRNA-seq (syn60084804); labels not provided in Supp Data 6,1,1,used_in_depression_vs_ADprogression_correlation,1,
M99345,Supp6_PAC,Homo sapiens,DLPFC,PsychAD snRNA-seq (syn60084804); labels not provided in Supp Data 6,0,1,unlabeled,0,not present in both Depression and AD-progression PAC sheets
M99364,Supp6_PAC,Homo sapiens,DLPFC,PsychAD snRNA-seq (syn60084804); labels not provided in Supp Data 6,0,1,unlabeled,0,not present in both Depression and AD-progression PAC sheets
M99394,Supp6_PAC,Homo sapiens,DLPFC,PsychAD snRNA-seq (syn60084804); labels not provided in Supp Data 6,0,1,unlabeled,0,not present in both Depression and AD-progression PAC sheets
M9946,Supp6_PAC,Homo sapiens,DLPFC,PsychAD snRNA-seq (syn60084804); labels not provided in Supp Data 6,1,1,used_in_depression_vs_ADprogression_correlation,1,
M99645,Supp6_PAC,Homo sapiens,DLPFC,PsychAD snRNA-seq (syn60084804); labels not provided in Supp Data 6,0,1,unlabeled,0,not present in both Depression and AD-progression PAC sheets
M99877,Supp6_PAC,Homo sapiens,DLPFC,PsychAD snRNA-seq (syn60084804); labels not provided in Supp Data 6,0,1,unlabeled,0,not present in both Depression and AD-progression PAC sheets
M99891,Supp6_PAC,Homo sapiens,DLPFC,PsychAD snRNA-seq (syn60084804); labels not provided in Supp Data 6,0,1,unlabeled,0,not present in both Depression and AD-progression PAC sheets
