slug	status	input_sha256	n_pfacts	n_retracted	candidate_retractions	elapsed_seconds	solution_written	error
2-Methylbutyryl-CoA_Dehydrogenase_Deficiency	ALL_MAPPINGS_CONSISTENT	ee922ec03b91094ffc2a591646580c6c199d04ea01e8fba5c3f5c71a00c0d544	8	0	0	0.887	True	NA
3-Hydroxy-3-Methylglutaryl-CoA_Synthase_Deficiency	ALL_MAPPINGS_CONSISTENT	0107962067eddb3dc18f33be54db9c348e1f162d02b649fb5ad38af38589d3d6	8	0	0	0.882	True	NA
3-Hydroxyisobutyryl-CoA_Hydrolase_Deficiency	ALL_MAPPINGS_CONSISTENT	2ca2cde294150106279437e0be3ca1f7ec14209f2314b752a19cd205bd8b519f	8	0	0	0.87	True	NA
3-Methylcrotonyl-CoA_Carboxylase_Deficiency	ALL_MAPPINGS_CONSISTENT	47123283c483442a9f0b7fc80628f7ef2474d85c647b8a26d2896a0f1acf6cb3	7	0	0	0.525	True	NA
3-methylglutaconic_Aciduria_With_Deafness_Encephalopathy_And_Leigh-like_Syndrome	ALL_MAPPINGS_CONSISTENT	9b3eb58eee1eb7a9c8c76110fc6b64e6e326b1f61994ba958d3d330253c8ecd3	7	0	0	0.517	True	NA
46_XY_DSD_Due_to_5_Alpha_Reductase_2_Deficiency	ALL_MAPPINGS_CONSISTENT	8955456244f19365093513e7a9edd37bfe20c185d6573e4c6f2ff446c4b8175a	9	0	0	5.403	True	NA
46_XY_Partial_Gonadal_Dysgenesis	ALL_MAPPINGS_CONSISTENT	3b2ecafe9ec00759d798060d034b28095b53ec7beee08e83b6a7793cfd5fe2be	5	0	0	0.364	True	NA
46_XY_Sex_Reversal_5	ALL_MAPPINGS_CONSISTENT	7d8ea495965fac07f9c95137a40e684d4c3bc0231a85066fd2218e9a6f2c8f15	6	0	0	0.361	True	NA
46_XY_complete_gonadal_dysgenesis	ALL_MAPPINGS_CONSISTENT	f178a3e9c69dbf1b1d48f1cd8fb0fac5958cad11da2c3a9079ffad7e5022422e	8	0	0	0.881	True	NA
5-Oxoprolinase_Deficiency	ALL_MAPPINGS_CONSISTENT	52e04e9f3510381fef847dd86f7e1aae9f33da8d4fcada91573f5062a665f19a	7	0	0	0.564	True	NA
ABCC9-Related_Intellectual_Disability_and_Myopathy_Syndrome	ALL_MAPPINGS_CONSISTENT	0b0ccc3eb141c713855265bc3546e03867c3164f0ecaa1adc38f7f4355f906ed	5	0	0	0.372	True	NA
ACAD9_Deficiency	ALL_MAPPINGS_CONSISTENT	548ecef437c71c75b19d6097f4e07a258715a5ccae0f67bdacffc47b187cdeda	8	0	0	0.881	True	NA
ACTH-independent_Macronodular_Adrenal_Hyperplasia_3	ALL_MAPPINGS_CONSISTENT	a4c5e421c06fc5ada7bfa6ab7679d4ee7a93df75da6596cc65ada97d4d44309d	4	0	0	0.34	True	NA
ACys_Amyloidosis	ALL_MAPPINGS_CONSISTENT	b946c20f54808f16a38cce912454e0b5b3ee13386a65bb7f79fe7ce0867b0521	7	0	0	0.495	True	NA
ADCA-DN	ALL_MAPPINGS_CONSISTENT	92956a6320cf68bffc1840a1779fc49861ce5348d166fee56149a97c3215c0c0	7	0	0	0.643	True	NA
ADNP-Related_Syndrome	ALL_MAPPINGS_CONSISTENT	9f147440489620c3252a0919b7b34add2ced1f3542f44b95ac8c98a2e945fcab	7	0	0	0.517	True	NA
ADPRS-Related_Stress-Induced_Neurodegeneration	ALL_MAPPINGS_CONSISTENT	c6c703606720d0793f514ec6987c3366d6d8a4dabf755cec0aac34e022ee76ae	6	0	0	0.35	True	NA
ADan_amyloidosis	RETRACTED	3c9af8a68e18bb5ed2b3cb572e33fb977336fcfa846f414c77c849a842f17bab	9	1	1	4.032	True	NA
AFG2A-Related_Encephalopathy	ALL_MAPPINGS_CONSISTENT	2ab21a388a7a047b6f2768186c5cae0bb53e4f2fbd3d6e48a08dfbe495064fbe	6	0	0	0.34	True	NA
AGAT_Deficiency	ALL_MAPPINGS_CONSISTENT	9e05f0996f6156a7b001812e70166ae2a52b84bef7d7c31727bc91db89c264c2	8	0	0	0.898	True	NA
AHCY_Deficiency	ALL_MAPPINGS_CONSISTENT	30172870e3fa7c764230e61767db207c20b7d07e03a9b05281c4d9fc39cf2eaf	7	0	0	0.621	True	NA
AIP-related_pituitary_adenoma_predisposition	ALL_MAPPINGS_CONSISTENT	ba5d3ea702ca7c53036ab4144ba0f80acbcdf384859005a51be52360d2037b01	3	0	0	0.417	True	NA
AIPL1-Related_Retinopathy	ALL_MAPPINGS_CONSISTENT	9d9644d894bc3be6d3be20235b7107142f341f3a75c0fe96f36fc8ce22916237	3	0	0	0.413	True	NA
ALDH18A1_Cutis_Laxa	ALL_MAPPINGS_CONSISTENT	1b818669adfd13c8eb390b0d90bb32f059b456282d9ca5d2590bcfb7f8498bc1	5	0	0	0.325	True	NA
ALG1-Congenital_Disorder_of_Glycosylation	ALL_MAPPINGS_CONSISTENT	f12ed52e317c83ec3cfb72ffdd5463993c83ffd3cf425f0c1b76a1ed6ddf1b71	8	0	0	0.92	True	NA
ALG11-Congenital_Disorder_of_Glycosylation	ALL_MAPPINGS_CONSISTENT	7e212db7336af766c0b04c00d6074c6a25fb71a05680f5631ed96459d7f19e3f	7	0	0	0.601	True	NA
ALG12_Congenital_Disorder_of_Glycosylation	ALL_MAPPINGS_CONSISTENT	904a2996321bfd60348898d5d2831e5d5400a92fb677808007da78f6e9b4932b	9	0	0	5.33	True	NA
ALG3-Congenital_Disorder_of_Glycosylation	ALL_MAPPINGS_CONSISTENT	25ac7dc0f980c34de770bf41edfd165043dcc64965912817303f4e78ee39e662	9	0	0	5.21	True	NA
ALG6-Congenital_Disorder_of_Glycosylation	ALL_MAPPINGS_CONSISTENT	71d89661f03fcc26d24304d301516be71506ffc791a76e17319b84edac889e57	9	0	0	5.075	True	NA
ALG9-congenital_disorder_of_glycosylation	ALL_MAPPINGS_CONSISTENT	ce1b172fc29b9165f0a482e877c1da300a7180988336f7f7ad3e0400c4f048a3	8	0	0	0.924	True	NA
ARPC1B_Deficiency	ALL_MAPPINGS_CONSISTENT	c2f94c770b1d3b5df478f7acc4f2cbcda233b9631a14906f5db056a0b1a8a385	5	0	0	0.323	True	NA
ARX-Related_Lissencephaly_and_Interneuronopathy	ALL_MAPPINGS_CONSISTENT	aed7c09d9db61a035399320e212792673aee6d6f1dccaf61343553ed47e20913	8	0	0	0.906	True	NA
AR_Cerebellar_Ataxia-Saccadic_Intrusion_Syndrome	ALL_MAPPINGS_CONSISTENT	bee4e8b4e342f0badb05a38910248154b503422ae1fc64aa1c1d82d7e886195a	8	0	0	0.949	True	NA
ATTR_Amyloidosis	ALL_MAPPINGS_CONSISTENT	1d9227f6266a08a3ab55a8391a62c92f2bba53c451fb2291a377740496012181	9	0	0	5.319	True	NA
Acatalasia	ALL_MAPPINGS_CONSISTENT	eaf506ae0f6add7c906458a39d5659cc1c6901dc19eae68cd77ec0cce5866c0f	9	0	0	4.632	True	NA
Achondrogenesis_Type_II	ALL_MAPPINGS_CONSISTENT	9216a60c59bfcb985655bd9fef1a9b70bc29f78edd43b507278291d5e33717e5	8	0	0	0.954	True	NA
Achromatopsia	ALL_MAPPINGS_CONSISTENT	3c1797efb9f7cf3323fae75f9ff586526c09e19b0758c8bc889b7b4cf7a13743	8	0	0	0.91	True	NA
Acrofacial_Dysostosis_Cincinnati_Type	ALL_MAPPINGS_CONSISTENT	3cb22054b156627b94ab4644f50c86ce680dd93fc61f1936179be91f7bdf9f97	5	0	0	0.325	True	NA
Acromesomelic_Dysplasia_Demirhan_Type	ALL_MAPPINGS_CONSISTENT	7045b0d28d1e58ef73309bd3c38cb5afcefce6dd8d68886a8e0f61246def0aab	6	0	0	0.351	True	NA
Acromesomelic_Dysplasia_Maroteaux_Type	ALL_MAPPINGS_CONSISTENT	cdf1cc39505589f4c7fe012c58d7b25b9e2fc9375e622eab11a70cbcb42960c1	8	0	0	0.944	True	NA
Acromesomelic_Dysplasia_PRKG2_Type	ALL_MAPPINGS_CONSISTENT	b74a8bc2ead7c0db679781fa8ff038ac435fe77a1007389f7db9fc5f9923aab6	5	0	0	0.369	True	NA
Adenosine_Kinase_Deficiency	ALL_MAPPINGS_CONSISTENT	74ace4f9d975ee263c09167b451b7b787138486e73b742aeeb174cf8f1df4f0a	8	0	0	0.956	True	NA
Adenylosuccinate_Lyase_Deficiency	ALL_MAPPINGS_CONSISTENT	2a14f77aa2420598d3ed7a6e7a00f23019f48b808f60977b701c1266ae44c80c	9	0	0	5.139	True	NA
Adult-Onset_Ataxia_and_Polyneuropathy	ALL_MAPPINGS_CONSISTENT	ae407b137b0e7eec6c40a200985e818ae82324cbf59ba0536287b938cb00a18b	6	0	0	0.355	True	NA
Adult-Onset_Proximal_Spinal_Muscular_Atrophy_Autosomal_Dominant	ALL_MAPPINGS_CONSISTENT	71db4e80debd946c8c898cb22ec2b94ce4f1d29b30cca98f969ad4a0dd5730d0	7	0	0	0.603	True	NA
Adult_Neuronal_Ceroid_Lipofuscinosis	ALL_MAPPINGS_CONSISTENT	e796f50340f1f96839e484baf3870f8e6fb6b29038ad1e81bf19b60816042b27	4	0	0	0.334	True	NA
Adult_Polyglucosan_Body_Disease	ALL_MAPPINGS_CONSISTENT	5302d98a38f3960ca0ffee95538d6f8b8e8acfa9fe6011867633406b6d72915a	7	0	0	0.642	True	NA
Advanced_Sleep_Phase_Syndrome	ALL_MAPPINGS_CONSISTENT	0a2b2e74099365b08a7d41b02e339fcdfd3eb1e8281d977ff863b437b1dc287d	6	0	0	0.332	True	NA
Agenesis_of_the_Corpus_Callosum_with_Peripheral_Neuropathy	ALL_MAPPINGS_CONSISTENT	7a9fb035d45f7f153ca92e243b09f0efd6f6535def0754f4dd6a56c62bc9dd75	9	0	0	5.172	True	NA
Agnathia-Otocephaly_Complex	ALL_MAPPINGS_CONSISTENT	5adbe4e3e262df7b42a5c7e29e6d112d476e00c89a0421f233fe96539e7ac768	8	0	0	0.929	True	NA
Aland_Island_Eye_Disease	ALL_MAPPINGS_CONSISTENT	772e4bb79d3db9c3a4961fecf29e9e6f2dcfb562fe2893913f389b47a9f4b51b	8	0	0	0.832	True	NA
Alopecia-Intellectual_Disability_Syndrome_1	ALL_MAPPINGS_CONSISTENT	a37d8fb1f8f56c713ae2d27f4e3d1467332087b68ab6e84e9fd0461ad2464f3e	5	0	0	0.346	True	NA
Alopecia-Intellectual_Disability_Syndrome_4	ALL_MAPPINGS_CONSISTENT	520e1a7c8620a11f50ed97c753d3dc05090917fa04dead8112bdd64ca41daff9	5	0	0	0.351	True	NA
Alsahan-Harris_Syndrome	ALL_MAPPINGS_CONSISTENT	48eedeee8b2dca0bc68eda8bba2504fc1496881a78695734d122c772d7d570a0	4	0	0	0.322	True	NA
Alternating_Hemiplegia_of_Childhood	ALL_MAPPINGS_CONSISTENT	a515fbddf2de9238be3670f922cde3fbd44e2aac6bc35e4a5b4ce1cd1b1babed	9	0	0	5.408	True	NA
Alveolar_Capillary_Dysplasia_with_Misalignment_of_Pulmonary_Veins	ALL_MAPPINGS_CONSISTENT	aa64a5b2363f76016980522ad787d2970c24a6bf182d26d0b7a50f7b302610aa	9	0	0	5.298	True	NA
Amelogenesis_Imperfecta	ALL_MAPPINGS_CONSISTENT	cdca9c014d06460d54ea9fc313a1b20ef82017bb19f7de2dc282af89bb467d67	8	0	0	0.901	True	NA
Aminoacylase_1_Deficiency	ALL_MAPPINGS_CONSISTENT	51b8a9eb3d5cea96accbe9854ed4a1b58a9fa5488f5cc31b41bc216a42f7d5e8	7	0	0	0.603	True	NA
Aminoglycoside-Induced_Hearing_Loss	ALL_MAPPINGS_CONSISTENT	3576585522bd5c0bb69dcbedae9988df415fcfad66edbef5b58c7809bcb6b4da	6	0	0	0.322	True	NA
Amyotrophic_Lateral_Sclerosis_27_Juvenile	ALL_MAPPINGS_CONSISTENT	0e76714f21d7669b69d093f496cf2b9e6b2db559c3b272d1eb1670ce05bf0984	5	0	0	0.416	True	NA
Aneurysm-Osteoarthritis_Syndrome	ALL_MAPPINGS_CONSISTENT	57879e955d12b5a91d68f4ab6a5f347b077896946abdd4be4cb4e3971ddb4735	7	0	0	0.53	True	NA
Antley-Bixler_Syndrome_FGFR2-Related	ALL_MAPPINGS_CONSISTENT	82b31489ef7dd81e0f268224b44f9a937ef4d212f4b792a1e9c2786d80bcae32	7	0	0	0.513	True	NA
Aortic_Valve_Disease_2	ALL_MAPPINGS_CONSISTENT	6f7830b023a53197cf9b5c13bbeeb9f2ef8db1668b3fe6fc8d045ec0f23fef43	5	0	0	0.388	True	NA
Apert_Syndrome	ALL_MAPPINGS_CONSISTENT	382de592e9eeb2619c17cde823a789ab9025d357ebc23d470f911484e1e9403f	9	0	0	5.152	True	NA
Arboleda-Tham_Syndrome	ALL_MAPPINGS_CONSISTENT	ce8c53d5b5caf5042a460187251b643f29e372c26282f956876bc6c8f0999f9a	7	0	0	0.476	True	NA
Aromatase_Deficiency	ALL_MAPPINGS_CONSISTENT	7cf9a15a874f9723c326ee4e5e21c1da8889862e9a26968383dd257bbb6b136e	9	0	0	5.4	True	NA
Aromatase_Excess_Syndrome	ALL_MAPPINGS_CONSISTENT	bfa86c0854e4364f4866b419a5190535e066f7986594723bed76f36fbab5f0ea	9	0	0	5.187	True	NA
Arrhythmogenic_Right_Ventricular_Cardiomyopathy	ALL_MAPPINGS_CONSISTENT	989c8c36d15f028dc792458eb1511992832fa3612cf618f21a556b844add1b0b	8	0	0	0.92	True	NA
Arterial_Dissection_Lentiginosis_Syndrome	ALL_MAPPINGS_CONSISTENT	4aff17935c219aa2a401448a0d886d593a41663f4d8ac3232d252ce68af91a9d	7	0	0	0.464	True	NA
Arts_syndrome	ALL_MAPPINGS_CONSISTENT	f584e0f57a455b2e36824b06cb4e4f72c763101cbb15cc5d0203267d3c01a945	8	0	0	0.928	True	NA
Asparagine_Synthetase_Deficiency	ALL_MAPPINGS_CONSISTENT	49bfbc2c68200a4c864643ca6f69ef52a898e68302ce5ada92a16865854b4999	6	0	0	0.333	True	NA
Ataxia_Telangiectasia	ALL_MAPPINGS_CONSISTENT	4ce0b8977b0290f1eb603aa5e460524f91948ddf457c958d81cbac8edd826116	9	0	0	5.22	True	NA
Ataxia_With_Oculomotor_Apraxia_Type_1	ALL_MAPPINGS_CONSISTENT	c2be50e4728433e0586f459670f463bc1bebf3fa11c509346f47effda00d7c15	8	0	0	0.903	True	NA
Atelosteogenesis_Type_I	ALL_MAPPINGS_CONSISTENT	e36e53c4b99f0c15111d005961ea9bb932568272d16fc607d48456a32cf0c9ce	8	0	0	0.928	True	NA
Atelosteogenesis_Type_II	ALL_MAPPINGS_CONSISTENT	3b806c8aa2b9882479921f093e23b429e7eebf6f6ff913fca13e1ff765f26fee	7	0	0	0.585	True	NA
Atelosteogenesis_Type_III	ALL_MAPPINGS_CONSISTENT	b63c988b79eb5542cdbf9b391aafaaf2c0011bd6eda3653f7e24f499df08a511	8	0	0	0.969	True	NA
Atransferrinemia	ALL_MAPPINGS_CONSISTENT	8828744172a606fac8933865e9466dc18d3f45e8d2c85e92366393f25d2ab517	9	0	0	5.312	True	NA
Atypical_Hemolytic_Uremic_Syndrome	ALL_MAPPINGS_CONSISTENT	b2dc7e05848c3145f4fb24655f544b9228c7cb9083e78dfd29ce712b0872ba8a	8	0	0	0.917	True	NA
Auriculocondylar_Syndrome	ALL_MAPPINGS_CONSISTENT	176e66d3ebb20de35d9d828a418b1246b34d626ed7f5c81ce50824bca2c51169	7	0	0	0.622	True	NA
Autism_Spectrum_Disorder-Epilepsy-Arthrogryposis_Syndrome	ALL_MAPPINGS_CONSISTENT	d76dcc2b0a10966fe2ad9a40c1645ca5f2da5a46fd1cc4ea3ddd00b776adbbd4	6	0	0	0.326	True	NA
Autoimmune_Polyendocrine_Syndrome_Type_1	ALL_MAPPINGS_CONSISTENT	88a6feceb632e1a5c3514a1db4657e1a29c7d23b10cd37f89b1a2654cc928e38	8	0	0	0.929	True	NA
Autoinflammation_Immune_Dysregulation_and_Eosinophilia	ALL_MAPPINGS_CONSISTENT	30e3c8042dd2e973e8925628278c70a32db8ef912193f7479d12a0d5bf100693	4	0	0	0.31	True	NA
Autosomal_Dominant_Aplasia_And_Myelodysplasia	ALL_MAPPINGS_CONSISTENT	a9e2ac5b0c02ca9deeeb04df52a7268a0ecef27293649fe75130c9330ca53dd1	6	0	0	0.358	True	NA
Autosomal_Dominant_Cerebellar_Ataxia	ALL_MAPPINGS_CONSISTENT	a9bf1d079c560fbdb47ac00c9247f30509b284e82d229e4d6efddea5ab82b721	5	0	0	0.36	True	NA
Autosomal_Dominant_Cerebellar_Ataxia_Type_I	ALL_MAPPINGS_CONSISTENT	2eb70e3630a0d7932b693eb56379bf369a37e90b4a55285b60f31a639016681b	4	0	0	0.313	True	NA
Autosomal_Dominant_Cerebellar_Ataxia_Type_III	ALL_MAPPINGS_CONSISTENT	47c29c6e732a1fd89aceb0acb2f04e10a21ba8b5b558771f15bfe61d6b2b35c6	4	0	0	0.343	True	NA
Autosomal_Dominant_Charcot-Marie-Tooth_Disease_Type_2W	ALL_MAPPINGS_CONSISTENT	1c13781145b72f4226b248c384ddc135f30e0b9466e069fa1ea1ab3b183228d8	7	0	0	0.618	True	NA
Autosomal_Dominant_Epilepsy_with_Auditory_Features	ALL_MAPPINGS_CONSISTENT	6854bcf4c55143c64a4f0541931c124c51673a1a7d2d0419d98bcaa79fbc8adf	7	0	0	0.619	True	NA
Autosomal_Dominant_Hyper-IgE_Syndrome	RETRACTED	d8f707ea568804eda0e408c1a7401982eac6c9a05e2eb8a8a7a73929db8c9925	10	1	1	55.243	True	NA
Autosomal_Dominant_Hypercholesterolemia_3	ALL_MAPPINGS_CONSISTENT	154357b0449cb9b08aaa187295be09501a521542906fdf2b9c34294aaf369471	5	0	0	0.391	True	NA
Autosomal_Dominant_Hypocalcemia_1	ALL_MAPPINGS_CONSISTENT	794f2d642545e5e3fa7a5329c7769da1f3509651607f865812b23897e4f25f25	5	0	0	0.399	True	NA
Autosomal_Dominant_Nonsyndromic_Hearing_Loss_11	ALL_MAPPINGS_CONSISTENT	a544fe7cee3a95d022fd5a5a5cb324cfdf0eff9769bb46d579c914b07f181842	6	0	0	0.341	True	NA
Autosomal_Dominant_Nonsyndromic_Hearing_Loss_12	ALL_MAPPINGS_CONSISTENT	4d0827bb342c5560a6fb14926861ba6d88503ae4aa836fddcfb671ff7e9fb116	6	0	0	0.344	True	NA
Autosomal_Dominant_Nonsyndromic_Hearing_Loss_2B	ALL_MAPPINGS_CONSISTENT	43e2f19ff8c9efb8159a6d0c64bdca76eedea7cf6bff294021f8cc8ea531a431	6	0	0	0.333	True	NA
Autosomal_Dominant_Nonsyndromic_Hearing_Loss_37	ALL_MAPPINGS_CONSISTENT	9d47447c1ff8db15c92e81f1b6395edb8b2c5a24062491e218044b3233e70fb6	5	0	0	0.374	True	NA
Autosomal_Dominant_Nonsyndromic_Hearing_Loss_3A	ALL_MAPPINGS_CONSISTENT	f760ea1931d896dd73f3a038d75ee7850b212f379af5e6ca5eb52574c4a3a0c6	6	0	0	0.357	True	NA
Autosomal_Dominant_Nonsyndromic_Hearing_Loss_41	ALL_MAPPINGS_CONSISTENT	5866a38c3fa1c0c03061ff419b4d73d0d5786c6803841e2c2a26ea847a668c56	6	0	0	0.359	True	NA
Autosomal_Dominant_Nonsyndromic_Hearing_Loss_50	ALL_MAPPINGS_CONSISTENT	823245d6e7815b43d106a0d33c986841759b5f038d76bb3cadd138df791dbb95	5	0	0	0.336	True	NA
Autosomal_Dominant_Nonsyndromic_Hearing_Loss_7	ALL_MAPPINGS_CONSISTENT	b17961e9ec0d54c5610292b12d87734643e228c13af8f007d43aff9634b09ddf	6	0	0	0.375	True	NA
Autosomal_Dominant_Optic_Atrophy_Plus	ALL_MAPPINGS_CONSISTENT	942375305ca468d7ddf99b5e312c60c0790275536765afc0d85f79883e13408b	7	0	0	0.647	True	NA
Autosomal_Dominant_Osteopetrosis_Type_I	ALL_MAPPINGS_CONSISTENT	1632f7031aed0a9bc52c6703356108007b7a3eaff48cd61fc90e2b4cf467400c	8	0	0	0.95	True	NA
Autosomal_Dominant_Osteopetrosis_Type_II	ALL_MAPPINGS_CONSISTENT	07b28ca20e69dd39026a9909690091b81d60330053566d07c949c2a6fa4c2116	7	0	0	0.649	True	NA
Autosomal_Dominant_Polycystic_Kidney_Disease	ALL_MAPPINGS_CONSISTENT	7aed3ef7788d9c33b49f2ab02cb02c70682b1dcda4a5384ed61a5ca909e146df	9	0	0	4.543	True	NA
Autosomal_Dominant_Robinow_Syndrome_1	ALL_MAPPINGS_CONSISTENT	7c491047f5bd054974ac2a3b0fd717d4b50ba15facf7413167a16a6bb83cec18	5	0	0	0.366	True	NA
Autosomal_Dominant_Robinow_Syndrome_2	ALL_MAPPINGS_CONSISTENT	2405ec96814e10de0413cda829d96deb0c270c1b171b99606d240334eed6558d	5	0	0	0.318	True	NA
Autosomal_Dominant_Robinow_Syndrome_3	ALL_MAPPINGS_CONSISTENT	bfa3fab167e4fdeba83b68e92043766df4dd8b4ecb47d1d71a29b6c11cc24b18	5	0	0	0.325	True	NA
Autosomal_Dominant_Sensory_Ataxia_1	ALL_MAPPINGS_CONSISTENT	23dccd4855df2d141d034c799a29e280741615268833d0e34a21a3bea5d543b5	5	0	0	0.327	True	NA
Autosomal_Dominant_Striatal_Neurodegeneration	ALL_MAPPINGS_CONSISTENT	57ac057b80e05e361b7b54f53820c0e8420b7b34ec96d1addee33ba535f33bd4	6	0	0	0.371	True	NA
Autosomal_Recessive_Ataxia_Beauce_Type	ALL_MAPPINGS_CONSISTENT	c175a33d57aed12cc2e566a67719c2febbea3c2e9f802dfb6c8123abb33e987d	7	0	0	0.603	True	NA
Autosomal_Recessive_Ataxia_Due_to_Ubiquinone_Deficiency	ALL_MAPPINGS_CONSISTENT	611aba63d5864d3c1dcad4d3dbdde6fecce73e2601e973f1f7715568d6e6b9b3	8	0	0	0.976	True	NA
Autosomal_Recessive_Cerebellar_Ataxia_With_Late_Onset_Spasticity	ALL_MAPPINGS_CONSISTENT	5d46867c0d36f1f5011bd6eb3a5f4eac248ac2b1a07babd7dcb0842323dd8ad6	5	0	0	0.354	True	NA
Autosomal_Recessive_Cutis_Laxa_Type_2A	ALL_MAPPINGS_CONSISTENT	14e8c2ce2e0739001acdea01973fd25c31d0f78168d352d59ce6c777ba4db1b6	7	0	0	0.623	True	NA
Autosomal_Recessive_Hypercholesterolemia	ALL_MAPPINGS_CONSISTENT	ea7d129e3528d7029a1ddba936ee641a5d95f6c31983d0ac8eb5d2379f5aa4e4	7	0	0	0.5	True	NA
Autosomal_Recessive_Limb-Girdle_Muscular_Dystrophy	ALL_MAPPINGS_CONSISTENT	d2af75a971e58d2d10b2fb0fdd01d174b387be7456606561077bf95e50da22f8	7	0	0	0.466	True	NA
Autosomal_Recessive_Multiple_Pterygium_Syndrome	ALL_MAPPINGS_CONSISTENT	4fa7e9459c714593f0a3a6df53012c792177dd72916cf8e151137d172c1aaaf3	8	0	0	0.912	True	NA
Autosomal_Recessive_Nonsyndromic_Hearing_Loss_103	ALL_MAPPINGS_CONSISTENT	ab2c818fc63cdc2fd64dc4435fa58b100594b20aa8f5f79ac28146fd9199da8e	5	0	0	0.358	True	NA
Autosomal_Recessive_Nonsyndromic_Hearing_Loss_104	ALL_MAPPINGS_CONSISTENT	febbc74d2c800f850db879f008e45d06d821e3701fe3260185923494d66a3994	5	0	0	0.335	True	NA
Autosomal_Recessive_Nonsyndromic_Hearing_Loss_26	ALL_MAPPINGS_CONSISTENT	94fae14da8184bd223a06964d3ca98b9c70e5e87cd3b1f42f92544d752227d45	6	0	0	0.354	True	NA
Autosomal_Recessive_Nonsyndromic_Hearing_Loss_30	ALL_MAPPINGS_CONSISTENT	a8f864f0ab6cfb35cd5a9078e08bba979c79eaf8b5d01771a656526d368c2ab7	6	0	0	0.353	True	NA
Autosomal_Recessive_Nonsyndromic_Hearing_Loss_48	ALL_MAPPINGS_CONSISTENT	98cb5eb5c35d860c24247901cb1320aff171326d991a27ad4c11a4ce42991e29	6	0	0	0.342	True	NA
Autosomal_Recessive_Nonsyndromic_Hearing_Loss_77	ALL_MAPPINGS_CONSISTENT	2d74c39751fba218f9416399e486069a5803e1d8c73ee5cb9c55a9ec5cdb081b	6	0	0	0.375	True	NA
Autosomal_Recessive_Nonsyndromic_Hearing_Loss_93	ALL_MAPPINGS_CONSISTENT	e9e9b2172da3ef638e8875986fcd071bb8cd4186dc0c859115db0591c71804ee	5	0	0	0.371	True	NA
Autosomal_Recessive_Nonsyndromic_Hearing_Loss_97	ALL_MAPPINGS_CONSISTENT	6188f0a3a111a9bf91bef07a70bafd03ac42d75f8c8a95cda05f95af894c312e	5	0	0	0.329	True	NA
Autosomal_Recessive_Nonsyndromic_Hearing_Loss_98	ALL_MAPPINGS_CONSISTENT	33010c34bf6b0df8d3e540d39963965a166d6fa17c11875dce2598548b213dd1	5	0	0	0.367	True	NA
Autosomal_Recessive_Osteopetrosis	ALL_MAPPINGS_CONSISTENT	567b8d1ad09a7e36b0c33fb3ae61b32186b1b2324a21633e2161c95967d5e959	6	0	0	0.356	True	NA
Autosomal_Recessive_Progressive_External_Ophthalmoplegia_1	ALL_MAPPINGS_CONSISTENT	2601aa3ea9c0056d3820c80a98d651b654ff056c28f3f153a6400c9f1b00e5af	5	0	0	0.327	True	NA
Autosomal_Recessive_Robinow_Syndrome	ALL_MAPPINGS_CONSISTENT	b21a812a6e1363208b09b168da001390cc2d356ce7e37db13a56acdd697dee3e	9	0	0	5.027	True	NA
Autosomal_Recessive_Spastic_Ataxia_9	ALL_MAPPINGS_CONSISTENT	0621b4d9bb430c2cc394d5b6e5f1c0380b3f9538f97f8876d5e043f9a7297216	4	0	0	0.287	True	NA
Autosomal_Recessive_Spinocerebellar_Ataxia_15	ALL_MAPPINGS_CONSISTENT	b31c5db944908c82784756db052efc496af187f36d88e2da312f13c73aaa872d	7	0	0	0.481	True	NA
Autosomal_Recessive_Spinocerebellar_Ataxia_20	ALL_MAPPINGS_CONSISTENT	7f339f2a3a50fd126c5b03f6026aa8d5abde0c5b8a7449dc34c1958dc5fa45d5	7	0	0	0.447	True	NA
Autosomal_Recessive_Spondylometaphyseal_Dysplasia_Megarbane_Type	ALL_MAPPINGS_CONSISTENT	2053c521ff383fa589d9095728f8e17b45c7c5ccefbb046715b62d9dc55b862e	8	0	0	0.979	True	NA
Avascular_Necrosis_Of_Femoral_Head_Primary_2	ALL_MAPPINGS_CONSISTENT	bc632a23860bf53658ee2a4bee9ce1aa027233b7fbc516840a3e64fc35fa80bc	4	0	0	0.296	True	NA
Ayme-Gripp_Syndrome	ALL_MAPPINGS_CONSISTENT	8cda1afdfb64061422016c1648004326540643734f12130a4673476a6f5a7def	6	0	0	0.373	True	NA
BBSome-Related_Retinitis_Pigmentosa	ALL_MAPPINGS_CONSISTENT	4e6531f4295f58d79a8580760c1b711359ec6a9af7f09fdfeae80fe8f3ac732f	9	0	0	5.105	True	NA
BCKDK_Deficiency	ALL_MAPPINGS_CONSISTENT	20d158f66e736fc3c4f9676f1ce9597367a500a7044b1ef52f64fadb0b94ffa5	7	0	0	0.461	True	NA
BEST1-Related_Dominant_Retinopathy	ALL_MAPPINGS_CONSISTENT	867449e2b77707d2e963f1d45bf57fedc3a6b7bb206f7c41acda4f29c3e0c606	3	0	0	0.415	True	NA
BLOC1S1-related_Complex_Neurodevelopmental_Disorder_with_Leukodystrophy	ALL_MAPPINGS_CONSISTENT	96b034d0acb3e324458bd71b682ca2ddcea6897013ba59ed1fb71c84960c53d8	5	0	0	0.319	True	NA
BMP2-Related_Short_Stature-Facial_Dysmorphism-Skeletal_Anomalies_Syndrome	ALL_MAPPINGS_CONSISTENT	d9fa3682a3ad2a3e6abebc880a62313cc1b19bd88ce6ff167fd05622c77c67b6	5	0	0	0.302	True	NA
BPTF-Related_Neurodevelopmental_Disorder	ALL_MAPPINGS_CONSISTENT	eb0a8cb4c311e4494170b5343f70a36a95fcee38767b56f8f45798fa5b566b59	6	0	0	0.361	True	NA
BRPF1-Related_Intellectual_Disability	ALL_MAPPINGS_CONSISTENT	931a66c44c038816f734723afad08df557ce0710f4e9dd55b0a212741a5ec533	5	0	0	0.381	True	NA
Bachmann-Bupp_Syndrome	ALL_MAPPINGS_CONSISTENT	022b56327a43d710abfca6e2b5c359b220681a50d5a5a85c756b15fe97f9a54b	6	0	0	0.332	True	NA
Bailey-Bloch_Congenital_Myopathy	ALL_MAPPINGS_CONSISTENT	8cbc2c668b52fc3caac71e3fb04d02aa12907076d0d443f09b8aa6e57ec2efbf	8	0	0	1.042	True	NA
Bainbridge-Ropers_Syndrome	ALL_MAPPINGS_CONSISTENT	c376b8b47f7a3e9ea3b547aba36e80c5a09ac8afd4a28b750df28dacc10db6b9	7	0	0	0.423	True	NA
Bannayan-Riley-Ruvalcaba_Syndrome	ALL_MAPPINGS_CONSISTENT	dee137391f42a788411932732c2ad1c0480df9bcbe378adbcae7a8ee9f681a7d	9	0	0	4.993	True	NA
Bardet-Biedl_Syndrome	ALL_MAPPINGS_CONSISTENT	136d4db907214d85ae4e98f1609dfb0e189e7d4284235622a74d548d2495ec1f	9	0	0	5.128	True	NA
Basel-Vanagaite-Smirin-Yosef_Syndrome	ALL_MAPPINGS_CONSISTENT	4ceabbabbd23dff7e6295305b2d2641357d6b0bfb141e28f9ce7f7bc69e66335	6	0	0	0.355	True	NA
Bazex_Dupre_Christol_Syndrome	RETRACTED	a2ec924d622c8bc1e2de19d7e5def756df35f608188e303312d8456e308bdfba	8	1	1	0.956	True	NA
Behr_Syndrome	ALL_MAPPINGS_CONSISTENT	82c374c226861a6c34c371a994ecdef26892430be1218b0b95409b9145f48087	9	0	0	5.078	True	NA
Berardinelli_Seip_Congenital_Lipodystrophy	RETRACTED	35cc95d67fae5621e44f79ba35d13be96355f5a3759e82f66ef92ad0908a7d07	8	1	1	1.065	True	NA
Beta-Ketothiolase_Deficiency	ALL_MAPPINGS_CONSISTENT	ef4ad499571e675b747a3236a5082de50bd6b4bd1b827b0af1edf5b01ab21f6c	9	0	0	5.034	True	NA
Beta_Thalassemia	TIMED_OUT	1ecbd63922fcb9aefddf55f832edebdc1524f3af4b9dfff138c60760bb647bd2	10	NA	0	60.424	True	NA
Bietti_Crystalline_Dystrophy	ALL_MAPPINGS_CONSISTENT	6b181caec9e5ba124c63148ae1ce6ec5d8ecbc2eab4701e1859a81687e278152	9	0	0	5.007	True	NA
Bilateral_Microtia-Deafness-Cleft_Palate_Syndrome	ALL_MAPPINGS_CONSISTENT	0b99ccf4e80da910f94120de960b82b538681a97e43060a060697132250e66bf	7	0	0	0.433	True	NA
Bilateral_Striopallidodentate_Calcinosis	ALL_MAPPINGS_CONSISTENT	6374aed18c135c3c7116d1fadba5714fb88e3e816d14839f97ee82e9b009b050	8	0	0	1.034	True	NA
Birt-Hogg-Dube_Syndrome	ALL_MAPPINGS_CONSISTENT	f6a5570ccdd8165c1a60ec35cea7c1f38efae74f8be1b54f6cad706a0e2aed09	3	0	0	0.419	True	NA
Bjornstad_Syndrome	ALL_MAPPINGS_CONSISTENT	e6b908c56060914941e4f84b6072c2fd8569d93a7cc3bcb33b208335d57a0a0a	8	0	0	1.069	True	NA
Bleeding_Disorder_Platelet-type_21	ALL_MAPPINGS_CONSISTENT	6d68712fac907215b6e80679606b8772a3ea03f65077a8647620af905b64a52b	4	0	0	0.302	True	NA
Blepharophimosis-Impaired_Intellectual_Development_Syndrome	ALL_MAPPINGS_CONSISTENT	7f5b82a4f503e9d001d17178c6fdc6d67a4c15afc5dfe8b0014191207269c2d4	7	0	0	0.421	True	NA
Blepharophimosis_Intellectual_Disability_Syndrome_MKB_Type	ALL_MAPPINGS_CONSISTENT	1a6ea67e3db54158f2005810c2a0d2e888e7c074038f50c138152da462f7c265	6	0	0	0.369	True	NA
Blepharophimosis_Ptosis_and_Epicanthus_Inversus_Syndrome	ALL_MAPPINGS_CONSISTENT	be87b7cd5065a51c032b940540f437463b9350cbb4e1bfee97172d0cd02ccc06	8	0	0	1.075	True	NA
Bloom_Syndrome	TIMED_OUT	aeec2fc54894716d7c9fea6ed5526e8378904efbbce689b4d8e5ba6e869c2e79	10	NA	0	60.404	True	NA
Blue_Cone_Monochromacy	ALL_MAPPINGS_CONSISTENT	11a777be571a553fc266e945366cfce6d23edb93c3b7e5ae337f687f84b4a689	8	0	0	1.105	True	NA
Bohring-Opitz_syndrome	ALL_MAPPINGS_CONSISTENT	e9961cb135feaab1d0512d54d1f7f8a12304ff43913bec85a5c2512a1cfd0b7d	8	0	0	1.076	True	NA
Bone_Marrow_Failure_Syndrome_6	ALL_MAPPINGS_CONSISTENT	aa7635145e3fd96cb4ee61e75c7fcf4e83e69a3eee007b4872e83a60ae9fbf14	4	0	0	0.299	True	NA
Borjeson-Forssman-Lehmann_syndrome	ALL_MAPPINGS_CONSISTENT	0e8400f3f1df59202ce73715d62e541c2e99b22e2bc688712172102858865902	8	0	0	0.953	True	NA
Bosch-Boonstra-Schaaf_Optic_Atrophy_Syndrome	ALL_MAPPINGS_CONSISTENT	9af71ba346f3ca14c86dcda9ed53225dca7a6b49c5d6a0cbba78027e739a0e6b	7	0	0	0.473	True	NA
Bosma_Arhinia_Microphthalmia_Syndrome	ALL_MAPPINGS_CONSISTENT	ab20363f9bf77a056ebb3d1e3197a4512e379eba96989c9b4778d9e7ecda7762	7	0	0	0.455	True	NA
Boucher-Neuhauser_Syndrome	ALL_MAPPINGS_CONSISTENT	1d9bf2ecfaf375e2d1efce2fd4c8fc653a351447485f99f59f2941b6d7dc0d98	8	0	0	1.007	True	NA
Brachydactyly_Type_A1	ALL_MAPPINGS_CONSISTENT	4dd4705590e797c22e836f5adaa2618f82668254c033a5eb2a5aa8a77c8ed063	9	0	0	4.972	True	NA
Brachydactyly_Type_A2	ALL_MAPPINGS_CONSISTENT	0874f30e4d6845bf4b8037fa34c37410c12b18b1dfcacfb0e8f7468cbc758e6c	9	0	0	5.219	True	NA
Brachydactyly_Type_B1	ALL_MAPPINGS_CONSISTENT	aef3426e8d54854b4fe603477b546496a80aac66fe704ab7c6c5c33f30f6a5c0	8	0	0	0.992	True	NA
Brachydactyly_Type_B2	ALL_MAPPINGS_CONSISTENT	3d7e2e4eba17ecb87471872b3e690b99a692e69c6e4df30f60dae438e60499ed	8	0	0	0.935	True	NA
Brachydactyly_Type_C	ALL_MAPPINGS_CONSISTENT	565d4d3032596ac1f14ca8b5416190c6eb42e55c3879dcc022fec0a5258b0580	9	0	0	5.364	True	NA
Brachydactyly_Type_D	ALL_MAPPINGS_CONSISTENT	533cc72f20fe3c5024396be822b6ccf5de3b37254ae4bf78def8218dd989c76b	7	0	0	0.443	True	NA
Brachydactyly_Type_E1	ALL_MAPPINGS_CONSISTENT	35e36257754f691bf082bcc4301b94ce26ab2c8e2db592e3240dd51dedd13f7b	6	0	0	0.356	True	NA
Brachyolmia-Amelogenesis_Imperfecta_Syndrome	ALL_MAPPINGS_CONSISTENT	4feb2a5a925894cff6780b00390200e646a8596eedc96b89b809d6a3b6781a4c	7	0	0	0.514	True	NA
Brachyphalangy_Polydactyly_Tibial_Aplasia_Syndrome	ALL_MAPPINGS_CONSISTENT	b3386213f7849b1d0d18641346e83554c028407cbc08164c0243f061223bfecc	3	0	0	0.415	True	NA
Brain_Abnormalities_Neurodegeneration_and_Dysosteosclerosis	ALL_MAPPINGS_CONSISTENT	95a58b55d0c7386841cc99fd26e46e24718ca48ebb641837325243f275a1db85	4	0	0	0.31	True	NA
Brain_Small_Vessel_Disease_1_With_Or_Without_Ocular_Anomalies	RETRACTED	6668f4335e980bf2afbec078e4cbb48f83b3c8fa4c898b39eb3526e655b96ef2	9	1	1	4.175	True	NA
Brody_Myopathy	ALL_MAPPINGS_CONSISTENT	0fee602ec253d6f0560c8c27b99f4c8ce6c58ca3ae66f043a95e1dd21200c784	8	0	0	1.086	True	NA
Bronchiectasis_And_Nasal_Polyposis	ALL_MAPPINGS_CONSISTENT	eee7a40a1fe29d87fa5b1ea75b38cbb3ce7af3df3a9c7ea1f5124aad632602a2	4	0	0	0.308	True	NA
Bryant-Li-Bhoj_Neurodevelopmental_Syndrome_1	ALL_MAPPINGS_CONSISTENT	cab822193a72de8eeef405bff59b3b95b9665bed335267c823ecb8666e739a96	5	0	0	0.353	True	NA
Bryant-Li-Bhoj_Neurodevelopmental_Syndrome_2	ALL_MAPPINGS_CONSISTENT	7be65927ee7aa1c11e574a7ce6c621afae0c2afe8c4e5c895594bed4429a13a4	5	0	0	0.33	True	NA
Burn-McKeown_Syndrome	ALL_MAPPINGS_CONSISTENT	21447d936059faeb2d3fba9bc3ad8e74f4192efc32f116f3e15f2f2d05631131	8	0	0	1.166	True	NA
CACNA1A_Related_Disorder	ALL_MAPPINGS_CONSISTENT	620958f99bc0f07938521f691f39f918cf2854d482fcc3f2ce80320833472e9e	3	0	0	0.414	True	NA
CACNA1E-Related_Developmental_and_Epileptic_Encephalopathy	ALL_MAPPINGS_CONSISTENT	a5a291081af0b4ea61a2c404153ac794d60a474b7658b4740a13ae25dfdd8560	5	0	0	0.336	True	NA
CAGSSS_Syndrome	ALL_MAPPINGS_CONSISTENT	04364bbae93f9b106f1e5ca13fe536a5a6f9187aaa316b3b9c70c71f50a96440	6	0	0	0.385	True	NA
CALFAN_Syndrome	ALL_MAPPINGS_CONSISTENT	2146c19705f1ee3923cfe4295373e77dd8cf35e4d9772be66baa2635d4de4117	7	0	0	0.494	True	NA
CANVAS	RETRACTED	188a8aa23a60167cabda3e0f961c6c8ead33282fd06d87f9bf85525c9118a725	10	1	1	55.702	True	NA
CAPN5-Related_Vitreoretinopathy	ALL_MAPPINGS_CONSISTENT	2439ee4e5ace7a8ca92de085477933dbbd70fe185a6568f2f237a10303786e25	7	0	0	0.447	True	NA
CAPOS_Syndrome	ALL_MAPPINGS_CONSISTENT	50f1ca1ec9d47b3fb9271f4e398166e59bed768e3b2587901b9a2a4d129629f1	7	0	0	0.452	True	NA
CAPRIN1_Related_Neurodevelopmental_Disorder	ALL_MAPPINGS_CONSISTENT	c88e409d246b156e3b51ed8760de3e125308b995a87b77512108de9fbfb83bf9	4	0	0	0.325	True	NA
CATSHL_Syndrome	ALL_MAPPINGS_CONSISTENT	f77a7ff36e265b24ce1270fe68aa76bb60701450b509b899251fb55cb40dad71	8	0	0	1.148	True	NA
CBL-related_Disorder	ALL_MAPPINGS_CONSISTENT	c9253a63a8c412099781e4e3955f1b1ed56e839d9b6123ceb3b857de68b0d1bd	6	0	0	0.362	True	NA
CCDC115-CDG	ALL_MAPPINGS_CONSISTENT	29425608511d5a3c87a47dec2f07db18406570892a765fc18ffa23b2ac3704d7	7	0	0	0.455	True	NA
CD16_Deficiency	ALL_MAPPINGS_CONSISTENT	5495ef44ad64dc5e99c4ece911b6cdd7fde2a11d07e80dcca7e8393a5fd23ad2	7	0	0	0.453	True	NA
CD27-related_lymphoproliferative_and_immune_disorder	ALL_MAPPINGS_CONSISTENT	cade3546fb2f026b9b592558855a06a51dfbabf99356647cf36486dbfa6239d8	7	0	0	0.434	True	NA
CDH1-Related_Hereditary_Diffuse_Gastric_Cancer	ALL_MAPPINGS_CONSISTENT	e6b29c91c7bee0878780744c43959b932779a2cb322f063f5772fe001ea9bda9	4	0	0	0.332	True	NA
CDH2-Related_ACOG_Syndrome	ALL_MAPPINGS_CONSISTENT	6a95184a52d6b59184e959b401cc9831874a32c834f40fd70fe0c47207a4ab44	5	0	0	0.32	True	NA
CDK19-Related_Disorder	ALL_MAPPINGS_CONSISTENT	4bad5abfacb86567fe7a5a6cb820af793a2762321db033c6427cd8d375215585	5	0	0	0.392	True	NA
CDK8-Related_Disorder	ALL_MAPPINGS_CONSISTENT	e33616bccda04ffd19ddac76fee522562e58374217eb2cca515db33115adda27	4	0	0	0.308	True	NA
CDKL5_Deficiency_Disorder	ALL_MAPPINGS_CONSISTENT	7bb1f3dfaf91efc6cb33586eb76acfff66898ce8837a1ed96a35575383fde635	3	0	0	0.411	True	NA
CERKL-Related_Retinopathy	ALL_MAPPINGS_CONSISTENT	96917d77292f7af43b32d24a7ab0a0a247fc34beff4f76c9764c5ed3672019cc	3	0	0	0.41	True	NA
CFAP418-related_Retinal_Ciliopathy	ALL_MAPPINGS_CONSISTENT	68c4eb2f8da0689bd373e99d65dc78c5d3ead8b4c26a38141a29188b42e4dce8	3	0	0	0.331	True	NA
CHARGE_Syndrome	ALL_MAPPINGS_CONSISTENT	ea084a67f5093d84c43bf9f6725b0002b75ddf9be02f821074caccc95652e4fc	9	0	0	5.098	True	NA
CHD2-Related_Developmental_and_Epileptic_Encephalopathy	ALL_MAPPINGS_CONSISTENT	1921a52ea95de61c8cebe2b2d26fc6c5f5e1dd2dad41bcee71348844820511d5	5	0	0	0.346	True	NA
CHD8-Related_Neurodevelopmental_Disorder_with_Overgrowth	ALL_MAPPINGS_CONSISTENT	1fa933443a5b07122652f765706022b08175efcb696e7ace13cc947fb77a53fd	6	0	0	0.353	True	NA
CHEK2-related_Cancer_Predisposition	ALL_MAPPINGS_CONSISTENT	025c2bcec2fbc3acdac232a5bcc140bec399a60ca63981cbe7e10cbc52c2e46c	3	0	0	0.319	True	NA
CHILD_Syndrome	ALL_MAPPINGS_CONSISTENT	d93a9c65b6155404940e72da9e4c0d4bbd3baa7b14b61f9742f6d373da3a81c0	8	0	0	1.086	True	NA
CHOPS_Syndrome	ALL_MAPPINGS_CONSISTENT	9aa8fb050b0cfbd65a190a0cdc0863ebd95cec56e8a11410b06baff87c9bf5d5	6	0	0	0.365	True	NA
CHRNA1-associated_Fetal_Hypo-akinesia_Disorder_of_Prenatal_Onset	ALL_MAPPINGS_CONSISTENT	0fbc265903c13b909c52c191d7c9a33b322bc05a4ef23c4de9613438f5b6b766	7	0	0	0.454	True	NA
CHST3-Related_Skeletal_Dysplasia	ALL_MAPPINGS_CONSISTENT	6717836b99c5862d579245455fa71ba40aaf5bdb45d90a31f6e36c31ef332aef	8	0	0	1.158	True	NA
CINCA_Syndrome	ALL_MAPPINGS_CONSISTENT	b5dc3e2fb58bd70fbd755d0bfad854deb1f848ccaadcd98847fed3d360b4f9d8	8	0	0	1.149	True	NA
CLCN2-Related_Leukoencephalopathy	ALL_MAPPINGS_CONSISTENT	ce6b639bc46a56cbcca5fffedbd19df8d2fe70692824ffec9bccce224dc9563b	7	0	0	0.456	True	NA
CN_Related_DEE	ALL_MAPPINGS_CONSISTENT	4aa9569c1ccb684c102a6b2148d6ec8c8a22e2078f677a7bb5e3b8cc77093126	5	0	0	0.334	True	NA
COA3-Related_COX_Deficiency	ALL_MAPPINGS_CONSISTENT	01834fcf9b479f79c64517dfa9799f8bc431facadf993930f0d83b77d743a093	5	0	0	0.342	True	NA
COA8-Related_COX_Deficiency	ALL_MAPPINGS_CONSISTENT	aba4c6a4ec26699ea6a8f7d93cd16cd13836e39b838ea7cbd241dfd2c2b4bf97	5	0	0	0.362	True	NA
COG1-congenital_disorder_of_glycosylation	ALL_MAPPINGS_CONSISTENT	36cef665fe75a493a1c96754cb944a67b2acfdf6543b6bb8529efc3ab0725ec6	8	0	0	1.117	True	NA
COG4-Congenital_Disorder_of_Glycosylation	ALL_MAPPINGS_CONSISTENT	d9dd9e5ed605888e60361524c7de3fd0ac01bf33b2366c199a4755ce85f415b8	7	0	0	0.461	True	NA
COG7-Congenital_Disorder_of_Glycosylation	ALL_MAPPINGS_CONSISTENT	43795dd61ad0d2082395b225f875502d07cb2f08234e26a59b6eb12a23067530	8	0	0	1.172	True	NA
COL11A2_Skeletal_Spectrum	RETRACTED	01a393136eb2b4df2b5800a5a5cdd669a74d75367b75bc5e23df981fab89fbfa	10	2	2	42.665	True	NA
COPA_Syndrome	ALL_MAPPINGS_CONSISTENT	c1b8b68600548f64f6e8a52585c620cc8e3ff22f84f6d3bd9129f1928c215808	6	0	0	0.369	True	NA
COQ4-Related_Neonatal_Encephalomyopathy	ALL_MAPPINGS_CONSISTENT	e9b9a18279299da15170af488d34aab0a8fffb0e36692f05ecfc17b5976c9a09	7	0	0	0.435	True	NA
COX10-Related_COX_Deficiency	ALL_MAPPINGS_CONSISTENT	f65b789ec24e9d9997b4e4c9386aa2e00ca0a2740562ccc1900698cf6354af6c	5	0	0	0.486	True	NA
COX11-Related_COX_Deficiency	ALL_MAPPINGS_CONSISTENT	f49162a89fdfb824b65f5f6bd63a349208f0f614390aff9829a05af4b7e43f6a	5	0	0	0.33	True	NA
COX14-Related_COX_Deficiency	ALL_MAPPINGS_CONSISTENT	c4a73f671f7adbb5f881b7152c43420e609797fa0ee7be31308d9edf087652b8	5	0	0	0.413	True	NA
COX15-Related_COX_Deficiency	ALL_MAPPINGS_CONSISTENT	ff15d6a2d77fcc8e2618514f8659c14711a204c57a675013bfb340cdcfa541c0	5	0	0	0.553	True	NA
COX16-Related_COX_Deficiency	ALL_MAPPINGS_CONSISTENT	8334cfa47bb282e8a2c319ebc2c8e366728ffdb35f26e92ccd41385b83ef5da7	5	0	0	0.528	True	NA
COX18-Related_COX_Deficiency	ALL_MAPPINGS_CONSISTENT	7bacbf2f63fe8035754c4c796c12ffa7c0c7b71b939fff0e9162407e163e942b	4	0	0	0.34	True	NA
COX20-Related_COX_Deficiency	ALL_MAPPINGS_CONSISTENT	c0cb5a8c858aff9e9c2c8947ad354c2e2ae15d503d414eae317a8139f1defb91	5	0	0	0.538	True	NA
COX4I1-Related_COX_Deficiency	ALL_MAPPINGS_CONSISTENT	a0afcee4e9dfc101c8686d474d26c5e2434c279ae4a7808b7c28f07f3492489f	5	0	0	0.495	True	NA
COX4I2-Related_Pancreatic_Insufficiency-Anemia-Hyperostosis_Syndrome	ALL_MAPPINGS_CONSISTENT	1c06b662eb35e00e9819cd61c23d2f251e7dfd68c0097173fab157a98e19a129	7	0	0	0.459	True	NA
COX5A-Related_COX_Deficiency	ALL_MAPPINGS_CONSISTENT	70ee7c2fbfbc3ce2b6b6d5028744f425178bdcd90346cdaec496dd2832cc1340	5	0	0	0.493	True	NA
COX6A2-Related_COX_Deficiency	ALL_MAPPINGS_CONSISTENT	5c4dc875fe44b6df49c37df72f02a14f9823d3ab0f02cde44b4d1e80ce8bbfbc	5	0	0	0.442	True	NA
COX6B1-Related_COX_Deficiency	ALL_MAPPINGS_CONSISTENT	2422397a7bc52e13f1c60ffe1b77d869737ebb409388739575092bca4118e878	5	0	0	0.471	True	NA
COX8A-Related_COX_Deficiency	ALL_MAPPINGS_CONSISTENT	b3af5e48bf1288a2a1870b08a2a619e587f64dbdae0949840463ee5882fc176b	5	0	0	0.464	True	NA
COXFA4-Related_COX_Deficiency	ALL_MAPPINGS_CONSISTENT	1bbedd4b1edfd4d18e269ef80f6074ddbd99e2b1f22d007c829a11fe696940f2	5	0	0	0.449	True	NA
CPLX1-Related_DEE	ALL_MAPPINGS_CONSISTENT	4010b812653631e81e0139ac9702fc2dbab04644c02d20006062c17affe0bbd0	5	0	0	0.467	True	NA
CPT1C-Related_Hereditary_Spastic_Paraplegia	ALL_MAPPINGS_CONSISTENT	b5380c41db488c4fec4c103da931c38b2adde6a6d752920beb6687ead10e6a2a	7	0	0	0.438	True	NA
CRADD-Related_Thin_Lissencephaly	ALL_MAPPINGS_CONSISTENT	5e009076e901145b9e46a9a48b5bf94ef39906df829852edc1deadfd0e188e74	6	0	0	0.337	True	NA
CRX_Related_Retinopathy	ALL_MAPPINGS_CONSISTENT	4fc280e5c489b8ff7a738c2fb2e9e37e771ad00fcba6c19cd01b64fb94bacb3a	3	0	0	0.306	True	NA
CTCF-related_Neurodevelopmental_Disorder	ALL_MAPPINGS_CONSISTENT	ee594b3cf7dd2ae1487442d4f6ae2b550d64e190ff169c8867ef2dd6e2a597db	7	0	0	0.449	True	NA
CTLA4_Haploinsufficiency	ALL_MAPPINGS_CONSISTENT	9cd24773adc16e5d3323627a90a302553ccb6a180b665fcc5b27b8acc6af6359	7	0	0	0.471	True	NA
CTNNB1_Neurodevelopmental_Disorder	ALL_MAPPINGS_CONSISTENT	f7b09c598cdef07241c8a817821e7096e34bd0e20e09c1373913ec6d2a360eeb	8	0	0	0.917	True	NA
CYCS-Related_Thrombocytopenia	ALL_MAPPINGS_CONSISTENT	b31a7bddfbed4b9093618c0f261acf7c8ecaa80202f55c75619f931129d99c1f	5	0	0	0.511	True	NA
CYFIP2-Related_Developmental_and_Epileptic_Encephalopathy	ALL_MAPPINGS_CONSISTENT	49f311ad944afa021217a92781564994dc76358c3ba37a78eb8d1ee2f907e764	5	0	0	0.504	True	NA
Calvarial_Doughnut_Lesions-bone_Fragility_Syndrome	ALL_MAPPINGS_CONSISTENT	4f1d92bf7698dd94ee46c4e6c23d7a9af6a0fc20487e4133ddb107989c68088e	8	0	0	0.909	True	NA
Camurati-Engelmann_Disease	ALL_MAPPINGS_CONSISTENT	dc309d25190f746f0e11caa8fa2a40f3e6734a537e423f2da85a299c8cabd3b7	8	0	0	0.879	True	NA
Canavan_Disease	TIMED_OUT	94040efa4bb1dfb7618505adeaf648b7fce071869e1acf98973bf8c634f30b9d	10	NA	0	60.413	True	NA
Carbonic_Anhydrase_VA_Deficiency	ALL_MAPPINGS_CONSISTENT	bc534e3d0f81a0743b144f5a7cf200aa4df3f0487f646b5d3fa0ad6c75470d76	6	0	0	0.332	True	NA
Cardiac_Facial_And_Digital_Anomalies_With_Developmental_Delay	ALL_MAPPINGS_CONSISTENT	2fa722c6107668a0a9f20f2c564deac7c6f8e9ce7da49e56337f3d5d2a035693	7	0	0	0.43	True	NA
Cardiac_Valvular_Ehlers-Danlos_Syndrome	ALL_MAPPINGS_CONSISTENT	6dd615d440e241cfb04f02f799e7e8868ef1bc989ab3b36e3a29fb9fe039ad0b	9	0	0	5.291	True	NA
Cardiofaciocutaneous_Syndrome	ALL_MAPPINGS_CONSISTENT	142d767790ace137facc4f6123392e82fbcf5c480ab9726fc810e3fab8d04aa1	8	0	0	0.918	True	NA
Cardiofacioneurodevelopmental_Syndrome	ALL_MAPPINGS_CONSISTENT	b287f7a804f0d5cfc99cdc64e938990dc9f9b2c74628ca3398676964d2860b35	4	0	0	0.34	True	NA
Cardiomyopathy-Hypotonia-Lactic_Acidosis_Syndrome	ALL_MAPPINGS_CONSISTENT	a56bd1ac8363f6458d7b70642b09751dfaa779a42ecfc5093ecd80b373bed359	7	0	0	0.49	True	NA
Cardiomyopathy_Dilated_2H	ALL_MAPPINGS_CONSISTENT	54bd63c760ca95350f4c2bd16597a4dd30cd655696084f4351e76a2922d5b56f	4	0	0	0.329	True	NA
Cardiospondylocarpofacial_Syndrome	ALL_MAPPINGS_CONSISTENT	1b513119ff881554aefd8cc6276aca15c48755d47c03105d33d898864e0b37e9	8	0	0	0.864	True	NA
Carney_Complex	ALL_MAPPINGS_CONSISTENT	f89b3af3508b01bf41b5461cef05e6f486453b7f05a63db57164ff3c54e098c5	9	0	0	5.11	True	NA
Carnitine_Palmitoyltransferase_1A_Deficiency	ALL_MAPPINGS_CONSISTENT	39e363536f5d19be18e808d22357840cd162dc813f2459ec19264a51b6ed7a8c	9	0	0	5.268	True	NA
Central_Congenital_Hypothyroidism	ALL_MAPPINGS_CONSISTENT	f982a2f3e3c169484be082fc1bd9920a01ecdd3b34d40187f6ff21bdfdb0c307	6	0	0	0.347	True	NA
Cerebellar_Ataxia-Hypogonadism_Syndrome	ALL_MAPPINGS_CONSISTENT	913cdd2cc190ae6a33f0a13266aa8d4a4f73cd4739885a36188f355f2cc30c09	8	0	0	0.946	True	NA
Cerebrocostomandibular_Syndrome	ALL_MAPPINGS_CONSISTENT	b06c4cc27cde9ea9ae23e4097a04b1e80c328343d84577ecb8a229fc2e8339ea	9	0	0	5.095	True	NA
Cerebrotendinous_Xanthomatosis	TIMED_OUT	4a16dc453a6790f9b4aa19a08173789210f09d23c0434b307d94e58f6909c9f6	10	NA	0	60.44	True	NA
Cernunnos-XLF_deficiency	ALL_MAPPINGS_CONSISTENT	a5bf20812697c09a007aa929f504e67228a91bea85e348b4149e5dedc196af00	8	0	0	0.871	True	NA
Charcot-Marie-Tooth_Disease	ALL_MAPPINGS_CONSISTENT	04e7d6d51a0392c6885507e679620741bee64df310bb1b9f9abcd04e131923a6	7	0	0	0.434	True	NA
Charcot-Marie-Tooth_Disease_Axonal_Type_2C	ALL_MAPPINGS_CONSISTENT	183491a1085c8ef62e4a9f82c1a1d363dad6cded2a496ff89fc6a58df0060a7f	7	0	0	0.462	True	NA
Charcot-Marie-Tooth_Disease_Axonal_Type_2JJ	ALL_MAPPINGS_CONSISTENT	c5309e3a9e8f5d21079a2f312368befbaa511574d11253676444586ab8d30642	5	0	0	0.442	True	NA
Charcot-Marie-Tooth_Disease_Axonal_Type_2P	ALL_MAPPINGS_CONSISTENT	72421b022cdc9f21efe552debf71d211a9dcfd1cf2d7ab4723b0e2f84dfd9b30	7	0	0	0.424	True	NA
Charcot-Marie-Tooth_Disease_Axonal_Type_2T	ALL_MAPPINGS_CONSISTENT	3d07b9cecbb5f0e9ef7ba74622021130a50eda68d02e41b0e913fb512dcfcd25	5	0	0	0.458	True	NA
Charcot-Marie-Tooth_Disease_Dominant_Intermediate_B	ALL_MAPPINGS_CONSISTENT	a67a9bca39be17c804ed68c83b998357a248c41c34d43c713b98afd04aa65a39	7	0	0	0.438	True	NA
Charcot-Marie-Tooth_Disease_Dominant_Intermediate_E	ALL_MAPPINGS_CONSISTENT	17d8daf0c5889b824c903afe3b281655c75fcf6db9ecb900e6875674003ee486	7	0	0	0.463	True	NA
Charcot-Marie-Tooth_Disease_Dominant_Intermediate_G	ALL_MAPPINGS_CONSISTENT	fe97bd19b359d4cf04e5daf5c5b0db62aa689aec77a958d2ae74f69042d4a693	5	0	0	0.502	True	NA
Charcot-Marie-Tooth_Disease_Recessive_Intermediate_D	ALL_MAPPINGS_CONSISTENT	3d41bb7e2c8949a9a355e0eed9a335fb968bfb4da0d07f357404dc06ad5d5144	7	0	0	0.452	True	NA
Charcot-Marie-Tooth_Disease_Type_1	ALL_MAPPINGS_CONSISTENT	f977e44f88fa655fdba7c2e99699107daa1ba402f1af670a7e9b38267fd0a896	5	0	0	0.487	True	NA
Charcot-Marie-Tooth_Disease_Type_4	ALL_MAPPINGS_CONSISTENT	9227b279cbea413743b6a45a3ea7517d19c5d9cfeeb48133f8585a0cf6de3734	5	0	0	0.377	True	NA
Charcot-Marie-Tooth_Disease_Type_4B3	ALL_MAPPINGS_CONSISTENT	2b47b73dad77f184e490108360d9337385e6aea0762874ac9298d3b3c7f792ac	7	0	0	0.45	True	NA
Charcot-Marie-Tooth_Disease_Type_4D	ALL_MAPPINGS_CONSISTENT	1ce7513c49aeba08e3e32424baa8837aa19ba43ad877bef460e27e68bd7e903b	9	0	0	5.143	True	NA
Charcot-Marie-Tooth_Disease_Type_4K	ALL_MAPPINGS_CONSISTENT	f3b9a8fade3a5950f344dc049475fbd3dfc38621d7002f4c2eabbf1ec8b91095	7	0	0	0.43	True	NA
Charlevoix-Saguenay_spastic_ataxia	ALL_MAPPINGS_CONSISTENT	2100a845d48721e198421f1344ce43da5a1a6fc44d2777ec881b4a3ee5580a4f	8	0	0	0.853	True	NA
Cholesteryl_Ester_Storage_Disease	ALL_MAPPINGS_CONSISTENT	2ead0ebf8e39f35f146ed362671da28296e094d8ccf8a4a581587952191b9bff	8	0	0	0.924	True	NA
Chondrodysplasia_Blomstrand_Type	ALL_MAPPINGS_CONSISTENT	609dcdb89357663120262958d71f6acb9e759cdd0c95c956e7b027807161aa47	9	0	0	5.7	True	NA
Chondrodysplasia_Punctata_Tibial-metacarpal_Type	ALL_MAPPINGS_CONSISTENT	1b0a44c2d98119e533f39a95c8a6eb9825c41c99413767e66a2cbfd94689205e	8	0	0	0.936	True	NA
Chondrodysplasia_With_Joint_Dislocations_gPAPP_Type	ALL_MAPPINGS_CONSISTENT	263244486f0d41633ba14fc9d2e19cca2159c3cf1dd4f346de101d0d02e94ea2	7	0	0	0.409	True	NA
Chorea-acanthocytosis	ALL_MAPPINGS_CONSISTENT	80b73ba872e8b694e34476ed64eebdb0ee8a4aa08b8e1418dfd909bf6c71304e	7	0	0	0.475	True	NA
Chromosome_17q12_Deletion_Syndrome	ALL_MAPPINGS_CONSISTENT	ece8f8d07c75f07644b9c8d6ab0db42a573b10f371f7e0fb8214a3a78bc37727	7	0	0	0.456	True	NA
Chromosome_2q32-q33_Deletion_Syndrome	RETRACTED	1a71de007ccfbf8eaeb0a332981552b61894fb27084eda8a4a496f9179d5a7cf	10	1	1	59.918	True	NA
Chronic_Neurovisceral_Acid_Sphingomyelinase_Deficiency	ALL_MAPPINGS_CONSISTENT	8ab565e6e5b9a8852d11ad8377c6935d59f719a84c40595b4babf6276e07f748	6	0	0	0.324	True	NA
Chung-Jansen_Syndrome	ALL_MAPPINGS_CONSISTENT	97c4c34355ef01014f0fcecefb1defb848bfba0a18a837ed24a39c16e833a6a6	6	0	0	0.372	True	NA
Chuvash_Polycythemia	ALL_MAPPINGS_CONSISTENT	3b6c0985069184d057f70b9b6529fa8090a817f48810ae566618b5285f73b22e	8	0	0	0.897	True	NA
Classic_Familial_Adenomatous_Polyposis	ALL_MAPPINGS_CONSISTENT	374074110b38528128a11665ecb36520a8808e1d6232dbec5a0275a374fc3e3f	7	0	0	0.443	True	NA
Cleidocranial_Dysplasia	ALL_MAPPINGS_CONSISTENT	d623cb85f561aa6b4ad9a15f4f21955da26c6d3b0c03bdd36ef4a74d0e697ca2	9	0	0	5.504	True	NA
Clouston_Syndrome	ALL_MAPPINGS_CONSISTENT	42181c65c119746f8070dc5f99d788b5f92c95f952cfc1aa7e3a1e0e1e2ef003	7	0	0	0.432	True	NA
Colobomatous_Microphthalmia-Rhizomelic_Dysplasia_Syndrome	ALL_MAPPINGS_CONSISTENT	892705c54550b8aa9f1aff9ff097b3d14dfc756128714ff2dd07d9c4eefc0387	7	0	0	0.449	True	NA
Combined_Immunodeficiency_Due_To_CD3gamma_Deficiency	RETRACTED	85fd8997484687ae0497481ae93fcf41d2f2bd0d49d4e12dd5fbeff08f1cdb05	8	1	1	0.824	True	NA
Combined_Immunodeficiency_Due_To_CTPS1_Deficiency	ALL_MAPPINGS_CONSISTENT	1ad5bb5ae231c7096f1cc6c6e6b871b8756e049a35ede95d56ded89626c27992	7	0	0	0.481	True	NA
Combined_Immunodeficiency_Due_To_GINS1_Deficiency	ALL_MAPPINGS_CONSISTENT	4f00f6aa999354cbfd8853d722935d552ad9d13aaa9b1cad17c179575ae3dc09	7	0	0	0.494	True	NA
Combined_Malonic_and_Methylmalonic_Aciduria	ALL_MAPPINGS_CONSISTENT	2127afa3b01fada675535b8528f394b0de38e731fb5384f77a86f3896e3eba76	8	0	0	0.919	True	NA
Combined_Oxidative_Phosphorylation_Defect_Type_13	ALL_MAPPINGS_CONSISTENT	86b2a05847cfe3b1658d6fe47bb7dc7a56065cc17b5cc62d3d67f6c47a249b5f	7	0	0	0.469	True	NA
Combined_Oxidative_Phosphorylation_Defect_Type_21	ALL_MAPPINGS_CONSISTENT	37a247837fb8563a26133513305cd4bcb173009f75c660f5ee2310e94d8543f0	7	0	0	0.499	True	NA
Combined_Oxidative_Phosphorylation_Defect_Type_26	ALL_MAPPINGS_CONSISTENT	19602fc6409e0a85488e4a49287ff5b3ebe7ca94f23f0168c05b1a70f84a072b	7	0	0	0.478	True	NA
Combined_Oxidative_Phosphorylation_Defect_Type_30	ALL_MAPPINGS_CONSISTENT	6dbb93ce290307762545354cb0d1481b3d013cec7c314cfd95b040a6d7192809	7	0	0	0.446	True	NA
Combined_Oxidative_Phosphorylation_Defect_Type_4	ALL_MAPPINGS_CONSISTENT	4ddb90f38a3946109902fd7a0f267f4f99a47675629b5b7e43cee06e4aebf188	8	0	0	0.904	True	NA
Combined_Oxidative_Phosphorylation_Defect_Type_7	ALL_MAPPINGS_CONSISTENT	cc17df135539f5c8c7a01a2eab2d325d6e8ed5a1d5a6643146d07e1b4364147e	7	0	0	0.467	True	NA
Combined_Oxidative_Phosphorylation_Deficiency_42	ALL_MAPPINGS_CONSISTENT	07fbdf639a7e4ad06aa628dc9aa0147d919f3db8298c695de4c79611306a0f48	5	0	0	0.379	True	NA
Combined_Oxidative_Phosphorylation_Deficiency_51	ALL_MAPPINGS_CONSISTENT	47429e84806f5bbed910d159d0ccf398bc9bd2c9d28fa8bc4b282a24f98c059d	5	0	0	0.381	True	NA
Combined_Pituitary_Hormone_Deficiencies_Genetic_Form	ALL_MAPPINGS_CONSISTENT	94ce140cc65447e67ae0f28480e1dfed505619d0c84b47820b50cb238c9ef4a6	4	0	0	0.332	True	NA
Combined_Saposin_Deficiency	ALL_MAPPINGS_CONSISTENT	1ce77e678b29a92ad36ee7725f5bc95817c901f9eeac0b8bac41e1ee5232a59a	8	0	0	0.862	True	NA
Complement_Component_2_Deficiency	ALL_MAPPINGS_CONSISTENT	57f283c0b9f8c3c157191220f9b1e778420fb201e43409abe0bc554ccaca1a9a	6	0	0	0.354	True	NA
Complex_Hereditary_Spastic_Paraplegia	ALL_MAPPINGS_CONSISTENT	77e8204535ba543becd7c32276665281a8bcefd805c4f6590b30a3554c172bb1	4	0	0	0.344	True	NA
Cone-rod_Dystrophy_And_Hearing_Loss_2	ALL_MAPPINGS_CONSISTENT	ce94c43b01058a8628abed46fee3ad0aeb417554ddd37867a3fea1cccd6c73ce	4	0	0	0.334	True	NA
Congenital_Chloride_Diarrhea	ALL_MAPPINGS_CONSISTENT	94c58de20fac84402871e1feffe78a6ecb537849740858ef6be14d0ba485a1b4	8	0	0	0.872	True	NA
Congenital_Disorder_Of_Glycosylation_Type_ICC	ALL_MAPPINGS_CONSISTENT	892e0d40eb595ab8f7a37e56a7567eb074e3d98ca36c922d7276c79ef678a0da	5	0	0	0.377	True	NA
Congenital_Disorder_of_Glycosylation_Type_IIw	ALL_MAPPINGS_CONSISTENT	78f64df70ca6c29a23a3600b2e8ac7b8c3a74b8d7fd75c689ec13949ec55f064	5	0	0	0.356	True	NA
Congenital_Heart_Defects_Multiple_Types_2	ALL_MAPPINGS_CONSISTENT	bb457fe411cedd602c9c3b93fb556d28101c73623106e1ab7caf8177653b4492	4	0	0	0.316	True	NA
Congenital_Heart_Defects_and_Skeletal_Malformations_Syndrome	ALL_MAPPINGS_CONSISTENT	eb9bb076c405245fc312cf8a6835410146b96a4d46bcd24fd4f725b375709ff3	6	0	0	0.339	True	NA
Congenital_Myasthenic_Syndrome	ALL_MAPPINGS_CONSISTENT	eac0b532a12d2892528675e57cedab39944168d6820b04fe22dc5ce0583e4ec5	9	0	0	5.163	True	NA
Congenital_Myasthenic_Syndrome_15	ALL_MAPPINGS_CONSISTENT	8e2a4fc5690957858d8eaa48712206e8be5b3deb0242644e42318c05bdec41a2	5	0	0	0.331	True	NA
Congenital_Myasthenic_Syndrome_6	ALL_MAPPINGS_CONSISTENT	280b28aff9aa566de9d7ed8902dc61bc0f4a765ac41393f07a9a3c37e553ac7f	7	0	0	0.445	True	NA
Congenital_Sialidosis_Type_2	ALL_MAPPINGS_CONSISTENT	15c974739b4371e7ba5ddbbd4bab0189ec4d7a8e9eb64d8bf3b162e105c20a44	6	0	0	0.341	True	NA
Congenital_Sodium_Diarrhea	ALL_MAPPINGS_CONSISTENT	286681e00166376ca045d8005b3c8e1c7c85b86701ab29d3c9628833cb7301fe	5	0	0	0.284	True	NA
Congenital_Thrombotic_Thrombocytopenic_Purpura	ALL_MAPPINGS_CONSISTENT	acddda4a290a5b8df57880d5d64b272ad7ecfa4f49cc5917b24fa68250fe950b	7	0	0	0.449	True	NA
Congenital_Tufting_Enteropathy	ALL_MAPPINGS_CONSISTENT	599b1591020da6de4d05c8356617831b929f0bf56cc511052c80ea007593b137	9	0	0	5.507	True	NA
Cooks_Syndrome	ALL_MAPPINGS_CONSISTENT	401ba15300a9a134bff18670d11418a8f536f8ea6faf1f96d88a60dc15a67c69	7	0	0	0.435	True	NA
Cornelia_de_Lange_Syndrome_4	ALL_MAPPINGS_CONSISTENT	6240a418e5a7eeec7ac49165535d06fa1c5e26ffa19db2678c2378882f932ec7	5	0	0	0.334	True	NA
Cornelia_de_Lange_Syndrome_5	ALL_MAPPINGS_CONSISTENT	da0246e639c9ec7f705f7fe055145d8f17099a25449780fe7cfee5ede23e2980	5	0	0	0.344	True	NA
Corpus_Callosum_Agenesis-Intellectual_Disability-Coloboma-Micrognathia_Syndrome	ALL_MAPPINGS_CONSISTENT	d1844872d6b755b8c8e2a7d5631060aa9b6364dfaa43a9e5dd369f831523b307	8	0	0	0.98	True	NA
Cortisone_Reductase_Deficiency	ALL_MAPPINGS_CONSISTENT	69c0d769dd3e4461ad207c6c095c25d380713cac37b2e6bac5032d9f1f935989	7	0	0	0.448	True	NA
Cowden_Syndrome	ALL_MAPPINGS_CONSISTENT	9346b0055489d8651a590671b04686a3796fa3491bf976f7116d23a845428efa	8	0	0	1.012	True	NA
Cranioectodermal_Dysplasia	ALL_MAPPINGS_CONSISTENT	b8a821f0e00c6d9a72000c59ac2da8d76302616a8a48f32e64122683562d423c	8	0	0	1.017	True	NA
Craniofacial-Deafness-Hand_Syndrome	ALL_MAPPINGS_CONSISTENT	208de56fc2cfdde8209370db88ffa3c6c3be0042ddac96f0a4f33e51ada9e92b	9	0	0	5.411	True	NA
Creatine_Transporter_Deficiency	ALL_MAPPINGS_CONSISTENT	e1aa968a95b1f221546b570645cc5f354ea1f779585d80d2bfa707d95ad0d01b	9	0	0	5.545	True	NA
Crouzon_Syndrome_with_Acanthosis_Nigricans	ALL_MAPPINGS_CONSISTENT	d3449694f94c22906c0d6f71c187285b6efaf1e879a9d77d7536d8a882415ae7	9	0	0	5.263	True	NA
Cyanosis_Transient_Neonatal	ALL_MAPPINGS_CONSISTENT	8beea1bcb91b9ef10b08d5cc7aea1c5cb6579eacb092fa8b7234e6831b31c4c0	9	0	0	2.628	True	NA
Czech_Dysplasia	ALL_MAPPINGS_CONSISTENT	7d97461b624c7a6b773734a8ab163908d413a5d3b376ec145b7a0bf76adbdf05	7	0	0	0.43	True	NA
DECR_Deficiency	ALL_MAPPINGS_CONSISTENT	0ee4a1ee253b3b56de1ed19c97439b518895f591ec3a81700cf78f6bc07f4a0c	7	0	0	0.422	True	NA
DEF6_Deficiency	ALL_MAPPINGS_CONSISTENT	9e27a607712cabc7cd07722b3d41da456771bddf6830d904ea7b80482b833575	5	0	0	0.315	True	NA
DENND5A-Related_Developmental_and_Epileptic_Encephalopathy	ALL_MAPPINGS_CONSISTENT	70780db7edc323d3280cdf88e935267b67c817dcc17e0761252e86e4eab62a3a	5	0	0	0.325	True	NA
DEPDC5-Related_Epilepsy	ALL_MAPPINGS_CONSISTENT	ba5516568af891122f77e0c65fbf97a772a11a771704a4f7deb399df9d7ced49	6	0	0	0.328	True	NA
DGAT1_Deficiency	ALL_MAPPINGS_CONSISTENT	a377a0518cd9f21dbfb6513d9a961ec519c26ea551237a0a87ee8cefa628feb2	7	0	0	0.441	True	NA
DHRSX-Congenital_Disorder_of_Glycosylation	ALL_MAPPINGS_CONSISTENT	9198974d30c7d85e96976be993b57618e54ebb50a980d3a71deea5a6025d8237	4	0	0	0.324	True	NA
DICER1_Tumor_Predisposition_Syndrome	ALL_MAPPINGS_CONSISTENT	dd4c3cea8e6a14ba17ec874a4b61886aa3ff4f1f86f8c82521a81d1f0f934027	7	0	0	0.465	True	NA
DK1-congenital_disorder_of_glycosylation	ALL_MAPPINGS_CONSISTENT	fea4e9940c1069ff71676c32417ca6bb70727a9fa2a201e77491a80d918ffd67	8	0	0	1.081	True	NA
DLG4-Related_Synaptopathy	ALL_MAPPINGS_CONSISTENT	58771a2b1bb2f65e856d0058e1ecf80a1d6a15a7c047c997bc1b1d55430f5cfc	6	0	0	0.331	True	NA
DNM1_Encephalopathy	ALL_MAPPINGS_CONSISTENT	a38da031caeedbac7f7b4e728df59b97dd39bf2bf57b1676583e937bf2d096cd	5	0	0	0.325	True	NA
DOORS_Syndrome	ALL_MAPPINGS_CONSISTENT	e480ed5b9fe07af1953e7a9ccd7f0a79fe1ec971500ce78e08c2b25a3e3f7afe	8	0	0	0.955	True	NA
DPM2-congenital_disorder_of_glycosylation	ALL_MAPPINGS_CONSISTENT	f9ae07ba6260a2bbb3b6f9445a2cec9a2e65d7295fa8246dd6e187d59bcaab0e	7	0	0	0.474	True	NA
DTYMK-Related_Neurodegeneration	ALL_MAPPINGS_CONSISTENT	4011702a40675ae63736f189e79fee3f6d5c415bec14716b7204dee43d95490b	4	0	0	0.321	True	NA
DYRK1A_Syndrome	ALL_MAPPINGS_CONSISTENT	d3ea96241c0746a9573128aa3a27df3417242a0ce78b243cbfe9d3e577de08fa	7	0	0	0.446	True	NA
Dacryocystitis-Osteopoikilosis_Syndrome	ALL_MAPPINGS_CONSISTENT	05794967d4c4499eb9edf024ec2adce5fdc021863dd1be6e0a86e8a58a594a53	5	0	0	0.315	True	NA
Deafness-Lymphedema-Leukemia_Syndrome	ALL_MAPPINGS_CONSISTENT	957ab89f7851445d493e3347125293a75c60c0b73141ab76b6c757b7af080fd5	5	0	0	0.314	True	NA
Deafness_Congenital_Heart_Defects_And_Posterior_Embryotoxon	ALL_MAPPINGS_CONSISTENT	53a184c4bac44d4cad4d44094eef7eca33b5b78f6d9d22562ae69736b6d2e59a	5	0	0	0.296	True	NA
Deeah_Syndrome	ALL_MAPPINGS_CONSISTENT	969c37b5e6a8c2c3df736a67c6cff93909d4e140ee26c0f2edcb38697cce9097	5	0	0	0.306	True	NA
Deficiency_of_Adenosine_Deaminase_2	ALL_MAPPINGS_CONSISTENT	191fdfe6ac224e4e2adafd1fcad9c9c637f92a583f21813270abfacca99edff5	6	0	0	0.336	True	NA
Delpire-McNeill_Syndrome	ALL_MAPPINGS_CONSISTENT	82e86590698e46289cc52e10c515c44ca617d54c6a241a0e49478b1832bdd88e	6	0	0	0.32	True	NA
Dentatorubral-Pallidoluysian_Atrophy	ALL_MAPPINGS_CONSISTENT	03c46c3708f86fba4cef2dd2f3edb46c3a728e0778d095e57e416da23d988478	8	0	0	0.938	True	NA
Dentici-Novelli_neurodevelopmental_syndrome	ALL_MAPPINGS_CONSISTENT	ea5df75b68475cb7ba6317a9d53734b395d11367c1bf8a8044cabfbfcc39ef3a	4	0	0	0.31	True	NA
Denys-Drash_Syndrome	ALL_MAPPINGS_CONSISTENT	b476c788aa15e2e80d5ef0a97c6b5d27c161fbf9ec6f3bcbbc43742d097298c3	9	0	0	4.638	True	NA
Dermatosparaxis_Ehlers-Danlos_Syndrome	ALL_MAPPINGS_CONSISTENT	42ae42eb5581a41d00253357faacf6dd74445a654222c613631f7613c3ef0b6e	9	0	0	5.189	True	NA
Developmental_And_Epileptic_Encephalopathy_116	ALL_MAPPINGS_CONSISTENT	5f9acf06c50a4a274b995ac2ebbf2c3a23db2517c2fa5fbfe7c98375b121b5d6	5	0	0	0.314	True	NA
Developmental_And_Epileptic_Encephalopathy_14	ALL_MAPPINGS_CONSISTENT	acf3181b28a5b6b21500340ae74b1e6daee69a58d0f698df13057210b651c067	10	0	0	22.753	True	NA
Developmental_And_Epileptic_Encephalopathy_19	ALL_MAPPINGS_CONSISTENT	bd47a30c9c49cf4ce320cc76bb00205105d20eb5e2587d92f89b97f667334855	6	0	0	0.33	True	NA
Developmental_And_Epileptic_Encephalopathy_38	ALL_MAPPINGS_CONSISTENT	fbf86c37995ef08537a4b5865d78a6446993fb9b7c9b4bfa3c5d32665640cd22	5	0	0	0.315	True	NA
Developmental_And_Epileptic_Encephalopathy_46	ALL_MAPPINGS_CONSISTENT	b165571d5366cc6a858600b4f9569be0590e3adf7ed5cc2f7c60bde7eb54cdbc	5	0	0	0.342	True	NA
Developmental_And_Epileptic_Encephalopathy_50	ALL_MAPPINGS_CONSISTENT	1c6892bd3f37dcaf8392a8b8703d969cf73fa4f6cebba807ea3befec83ee9fff	7	0	0	0.461	True	NA
Developmental_And_Epileptic_Encephalopathy_80	ALL_MAPPINGS_CONSISTENT	b5a16341b88f5e5687fa515ffd542ccc3acee3f4483c514e1bf95efc316337de	5	0	0	0.304	True	NA
Developmental_And_Epileptic_Encephalopathy_81	ALL_MAPPINGS_CONSISTENT	2475cc3898c8ffa734b899ab7742cd40b8c4a15abf507ec2190ac83951f31bc8	5	0	0	0.293	True	NA
Developmental_And_Epileptic_Encephalopathy_89	ALL_MAPPINGS_CONSISTENT	8b6d816cabc71500220f8ade81fa48d9be03c97cd0f4a9c694cc79d0a2f4b4c7	5	0	0	0.336	True	NA
Developmental_Delay_Hypotonia_Musculoskeletal_Defects_And_Behavioral_Abnormalities	ALL_MAPPINGS_CONSISTENT	353bb8c2e1c0c76ade4a51a89b4c54dc2bbef6e591075f270f678581a650f947	4	0	0	0.315	True	NA
Developmental_and_Epileptic_Encephalopathy_55	ALL_MAPPINGS_CONSISTENT	65c1b9f8baf7c47e84cd95839161139d3c61a263776a46a3547e2ed76db3d308	5	0	0	0.3	True	NA
Diabetes_Deafness_Developmental_Delay_and_Short_Stature_Syndrome	ALL_MAPPINGS_CONSISTENT	80a2ead82facff284acc200b224f72374ffa63a95972bf5c2aedc750ea1eec37	4	0	0	0.33	True	NA
Diamond-Blackfan_Anemia	ALL_MAPPINGS_CONSISTENT	f9e3104166c9fd5afbf4c02505f38ab0475c935522439d3b93993a81fc37b8c4	8	0	0	1.003	True	NA
Diaphyseal_Medullary_Stenosis_With_Malignant_Fibrous_Histiocytoma	ALL_MAPPINGS_CONSISTENT	870667a5451d2f080ddd8a0863af6c349da582c5457e0246e7f986b75037d6ee	8	0	0	0.95	True	NA
Diffuse_Nonepidermolytic_Palmoplantar_Keratoderma	RETRACTED	717321d2583abf20a80a78f59ec23641b2b15914d024bc7894a04258d6e70a13	8	1	1	0.876	True	NA
Dilated_Cardiomyopathy_1EE	ALL_MAPPINGS_CONSISTENT	e49282e219e5688cba7b4f0188d25fea57df9e8a517376ff526266ec278423bd	6	0	0	0.342	True	NA
Dilated_Cardiomyopathy_1GG	ALL_MAPPINGS_CONSISTENT	c7b1c48fb9f877147e3edc87a1e83c92b2d0438364098f081218cb0b4a8dc238	5	0	0	0.33	True	NA
Dilated_Cardiomyopathy_1JJ	ALL_MAPPINGS_CONSISTENT	785ba8303e64264220609d91f0cb4b6f452eb55261d60d34ec17127f88134c7b	5	0	0	0.304	True	NA
Dilated_Cardiomyopathy_1O	ALL_MAPPINGS_CONSISTENT	ae05c3c408c5dc0e8f6b466a30f3258d0e10ec4576796d22b81f6a9c5b7f127a	6	0	0	0.321	True	NA
Dilated_Cardiomyopathy_1R	ALL_MAPPINGS_CONSISTENT	b2849a332d07913e7b97625ecbfc05f9fbe2dd82ca3ef31b24e6afe1d32035d9	5	0	0	0.311	True	NA
Dilated_Cardiomyopathy_1U	ALL_MAPPINGS_CONSISTENT	51fcf72c78c96b7710e25ae006738061eefecf3dfb7258f8883dc19c8533c6fd	6	0	0	0.33	True	NA
Dilated_Cardiomyopathy_1X	ALL_MAPPINGS_CONSISTENT	850fb19fc59441e0134b99703a643d6b8f6d6dd4eca712d1e34c2ba8697575fa	6	0	0	0.342	True	NA
Dilated_Cardiomyopathy_1Y	ALL_MAPPINGS_CONSISTENT	cd50fb981e0b6f11f308b265c9fc6910f5197a58cf7ef22691b551f1809d2abe	6	0	0	0.358	True	NA
Dimethylglycine_Dehydrogenase_Deficiency	ALL_MAPPINGS_CONSISTENT	e70b6ff90040bedae8b8d5f94142dcb1fc002e531335242ab714a11755a5c0b6	8	0	0	1.113	True	NA
Distal_Hereditary_Motor_Neuronopathy_Type_2A	ALL_MAPPINGS_CONSISTENT	c7d4a9c617b8faf3b028409c555ca51a1e1c64c04afd89e7b35f380209bd8613	5	0	0	0.304	True	NA
Distal_Hereditary_Motor_Neuronopathy_Type_5B	ALL_MAPPINGS_CONSISTENT	d49310fcee8231df024a6cec1d5f96653c35ae50cf639a2f5b6aefc60f605e63	5	0	0	0.314	True	NA
Distal_Myopathy_6_Adult-Onset_Autosomal_Dominant	ALL_MAPPINGS_CONSISTENT	c49bbd0ddf2c421946f11af716c729c18aca87615426e2b96c7f66979e46529d	4	0	0	0.332	True	NA
Dominant_Deafness-Onychodystrophy_Syndrome	ALL_MAPPINGS_CONSISTENT	be20f0921d07f45734832b52d4a467a97a785569a7da9ddfbbe4caea10658aa9	7	0	0	0.497	True	NA
Donnai-Barrow_syndrome	ALL_MAPPINGS_CONSISTENT	a27fb6ce4c4b9c32bcbcbcb85514589dddba7235ce5505b6aa1e4c795804bd32	8	0	0	1.084	True	NA
Dorfman_Chanarin_Disease	ALL_MAPPINGS_CONSISTENT	55100ba917b34be7a3f865f9224979694588a8b31cd54d4be7169b49e0796064	7	0	0	0.483	True	NA
Du_Pan_Syndrome	ALL_MAPPINGS_CONSISTENT	fc3a41e0efe798176759753681e62cdbdfd024e7c0c15fff2d5d8f57651b1c45	8	0	0	1.117	True	NA
Duane_Radial_Ray_Syndrome	RETRACTED	1aca30fc01794bdd27cfd27a53d38426be56e92059e518e095d4d85e0c9ea8a8	9	1	1	4.306	True	NA
Duane_Retraction_Syndrome	ALL_MAPPINGS_CONSISTENT	38174bd6a13a8c2534df2c0a0e499f46487b4ddee3f2bba4c713c12d47fa98c4	9	0	0	5.047	True	NA
Duane_Retraction_Syndrome_3_With_Or_Without_Deafness	ALL_MAPPINGS_CONSISTENT	217a9ea56d3066c6ff7cb3e5f045438b4477c2d2bae1e91db6cc08275c87f087	5	0	0	0.295	True	NA
Dysostosis_Multiplex_Ain-Naz_Type	ALL_MAPPINGS_CONSISTENT	b71ceca68be152c377eae8c31f23813177e157b7babc9c78fef74e6831602059	4	0	0	0.315	True	NA
ECHS1_Deficiency	ALL_MAPPINGS_CONSISTENT	950992e29a604be069f8e596863dd600eaad22a1444d8e4e37590857786a2e62	7	0	0	0.433	True	NA
EFL1-related_Shwachman-Diamond_syndrome	ALL_MAPPINGS_CONSISTENT	3eb790c1cd117d076b6326205bec94dc669b1b717bab2755d6e71d19295c77ba	4	0	0	0.281	True	NA
EML1_Ribbon_Heterotopia	ALL_MAPPINGS_CONSISTENT	f3538315caf142bc4994ab12590be1e9078fdb63dfde74685260db73feab3c97	8	0	0	1.085	True	NA
EVEN-PLUS_Syndrome	ALL_MAPPINGS_CONSISTENT	d146386692b01483e40909d65c0ce795b15783a5975970d438750a67661886d4	6	0	0	0.359	True	NA
EYS_Related_Retinitis_Pigmentosa	ALL_MAPPINGS_CONSISTENT	23eb256a54e97f9192eb8ccf7709cb6ac797920d095fee122031780f1dc8d61c	6	0	0	0.397	True	NA
Ectodermal_Dysplasia_and_Immunodeficiency_2	ALL_MAPPINGS_CONSISTENT	302b29677dd82c93bc629488abef1ab1607bb960975b213159c0cc5ae0dee782	7	0	0	0.47	True	NA
Elsahy-Waters_Syndrome	RETRACTED	f21a9e5ca02b81e5a59b5784916716cb29c79509e9d8e9eda78305a6f9762a07	9	1	1	4.096	True	NA
Enhanced_S-Cone_Syndrome	ALL_MAPPINGS_CONSISTENT	b577f2c2bb3c881f9a7aabb0f70b94ed0dc9cdb2fa110e04b1f990d3a227a74f	5	0	0	0.303	True	NA
Epidermolysis_Bullosa	ALL_MAPPINGS_CONSISTENT	dda7d5ea497fcf246cfa86ff3aa753d736794859d05b8c369e0ede5ae8550d83	7	0	0	0.457	True	NA
Erythropoietic_Protoporphyria	ALL_MAPPINGS_CONSISTENT	f4cd2a3f898985c6b7af512662dd931d8c1b6e88d90b19ca2886b7283d9a4231	7	0	0	0.484	True	NA
Ethylmalonic_Encephalopathy	ALL_MAPPINGS_CONSISTENT	a770c2e9f6134f28e595a88dacd35fec29589130f7bc5f3734f5f34dcfb9ff3b	9	0	0	5.001	True	NA
FADD-related_Immunodeficiency	ALL_MAPPINGS_CONSISTENT	19b39b3b04996bcbb39d36fca87d6ff634ebeb53b5cad7df03745cd2b25e9f23	8	0	0	1.113	True	NA
FAS-related_Autoimmune_Lymphoproliferative_Syndrome	ALL_MAPPINGS_CONSISTENT	c51be4bfd4dd37348ec0db444a642faba7377bf3635459659376358dd8e38b4b	3	0	0	0.305	True	NA
FASTKD5-Related_COX_Deficiency	ALL_MAPPINGS_CONSISTENT	c6e311c72e103bc27ac44a471f820407ea9b93120f6c04b8ed47e4efd058e947	4	0	0	0.306	True	NA
FGF12-Related_Developmental_and_Epileptic_Encephalopathy	ALL_MAPPINGS_CONSISTENT	94fcc346bad048ebbb4e4ba48b1f808aa3213db4cb4ce3d95d43fab9457ef368	5	0	0	0.306	True	NA
FGFR1_Hypogonadotropic_Hypogonadism	ALL_MAPPINGS_CONSISTENT	118b69c3192445f9aef5cfbf7f7074077df9c95f6264eb5a5e169242333a6bd3	5	0	0	0.306	True	NA
FGFR2-Related_Bent_Bone_Dysplasia	ALL_MAPPINGS_CONSISTENT	1e5ddd75654cc3b4232687faa63ad1ec7e0b64b952677296b361f4965dd755fe	7	0	0	0.451	True	NA
FG_Syndrome_1	ALL_MAPPINGS_CONSISTENT	d2af2751b9c3c4ceb2fb480bb50de17d09a7ba145e72b4ccb1f5d5cb3a92a05e	6	0	0	0.344	True	NA
FG_Syndrome_4	ALL_MAPPINGS_CONSISTENT	467ac148f34a7a52904543180efd92475f4d04303e837b9f5eacc642b38b7f79	4	0	0	0.332	True	NA
FILS_Syndrome	ALL_MAPPINGS_CONSISTENT	bf3a4c241232dabca7353955108d52d4a9a973e11c4c1e2205fab37c76f2416f	6	0	0	0.361	True	NA
FOLR1-Related_Cerebral_Folate_Transport_Deficiency	ALL_MAPPINGS_CONSISTENT	81e5beef49dd1cd2e2ee38a790bd0a66a93b6bd94bf4fbb18881ed22c4ecb8ed	9	0	0	5.131	True	NA
FOXE3_Anterior_Segment_Dysgenesis	RETRACTED	f701d83511d37b2fc769a9d2c090fc59e25faf1e3d8b7a9be686599e8015f154	7	1	1	0.466	True	NA
FOXP1_Syndrome	ALL_MAPPINGS_CONSISTENT	5d2037e56ea256a5e65c0a4eb7efc1e870f949864348490c4ae6d8483bb9c9e1	7	0	0	0.472	True	NA
Familial_Chylomicronemia_Syndrome	ALL_MAPPINGS_CONSISTENT	a8eed09024e24534927fd94a76042bd238b763dda862b371665a57eddb6e0431	6	0	0	0.323	True	NA
Familial_Congenital_Mirror_Movements	ALL_MAPPINGS_CONSISTENT	7f9beb33b425290df615cb403b99d24d40c7142c41d7d63a50e3efe8d3450cad	7	0	0	0.475	True	NA
Familial_Defective_Apolipoprotein_B-100	ALL_MAPPINGS_CONSISTENT	bf7a476b6324ffa0bc1c59d0f55508a340f7522b2dec2f12afc061ca059feb62	4	0	0	0.332	True	NA
Familial_Episodic_Pain_Syndrome_With_Predominantly_Lower_Limb_Involvement	ALL_MAPPINGS_CONSISTENT	3a273eb31d75df6e07fc5a985bc03bdff63527e28a5be8bc48b2cff0405b0dda	8	0	0	1.127	True	NA
Familial_Exudative_Vitreoretinopathy	ALL_MAPPINGS_CONSISTENT	1d7e2ff4f497926e91ddc8c21e904fdfbc7941d66d774395837fd11f85d0c65d	7	0	0	0.48	True	NA
Familial_Focal_Epilepsy_With_Variable_Foci	ALL_MAPPINGS_CONSISTENT	584af212deb22a71955931f41331000788e09667c870376826386d21c33f06cc	8	0	0	1.064	True	NA
Familial_Hyperaldosteronism_Type_I	ALL_MAPPINGS_CONSISTENT	f9e93105015ae1d78376ff1b8f84eb5bcf20b9ecae5f289256eda4a4d7eb35a6	9	0	0	4.898	True	NA
Familial_Hypocalciuric_Hypercalcemia_1	ALL_MAPPINGS_CONSISTENT	f61720d41de1aeb7f4bc592a901f81aefbe986464cce2f35c9c289d98b4e988f	8	0	0	1.181	True	NA
Familial_Isolated_Vitamin_E_Deficiency	ALL_MAPPINGS_CONSISTENT	8885123e69d34c761632d57217863ec9b89d423f422f124c9694d4fddcdf6075	8	0	0	1.041	True	NA
Familial_Mediterranean_Fever	ALL_MAPPINGS_CONSISTENT	8055468db86c6c4f78345caa356490065014abe2c1bbb00170ce30c13177f68a	9	0	0	5.083	True	NA
Familial_Progressive_Hyperpigmentation_With_Or_Without_Hypopigmentation	ALL_MAPPINGS_CONSISTENT	34b5d271db0f4a12be7f3f94cd91b36bca30f64d6c52ed44b9452ccd1bda7aac	5	0	0	0.327	True	NA
Familial_Visceral_Neuropathy_2	ALL_MAPPINGS_CONSISTENT	35fe3aa90563ab63450088ef3b39dc059e7b8b090900faa5be13008c83ed3f16	4	0	0	0.345	True	NA
Fanconi-Bickel_Syndrome	ALL_MAPPINGS_CONSISTENT	8910bf62372b3859251b76872aa4a76bcc3473594a07d5707761f56d3c07c678	8	0	0	0.984	True	NA
Fanconi_Renotubular_Syndrome	ALL_MAPPINGS_CONSISTENT	9f0f367ba4af329a7d8456ffe771c8aa2d4fd4b5a11977b1734a9ebfaf7faec6	7	0	0	0.485	True	NA
Farber_Disease	ALL_MAPPINGS_CONSISTENT	f836e1d486762876383967a09f9b6be68b1097fee7d6dd005bdd1ba645f9c8a3	9	0	0	5.036	True	NA
Ferguson-Bonni_Neurodevelopmental_Syndrome	ALL_MAPPINGS_CONSISTENT	5dcac5bbb4940c65e55c5d896f56fbd1834a33b51fd93710bc18dc95dbe590ec	5	0	0	0.316	True	NA
Fibrochondrogenesis	ALL_MAPPINGS_CONSISTENT	9c8946deba724f727a090b2503fe6e39ef56e065e760919e95a7dd443219089e	8	0	0	0.927	True	NA
Filippi_Syndrome	ALL_MAPPINGS_CONSISTENT	66c55157f83d787ad808202dc9e43eb8887e85f37739bf1be9dcf5c31ab8d29c	9	0	0	4.94	True	NA
Finnish_Type_Amyloidosis	ALL_MAPPINGS_CONSISTENT	2ac609f4de9f86cca8666fe1956e9590306448d25fd4534ede4707d0406b02cd	8	0	0	1.002	True	NA
Fountain_Syndrome	ALL_MAPPINGS_CONSISTENT	1e48a33576224fa9d37afc57b93cdc833891f857747df2db98b44a1bdfbf804a	7	0	0	0.483	True	NA
Fragile_X-Associated_Primary_Ovarian_Insufficiency	ALL_MAPPINGS_CONSISTENT	05c5d8c0226f36a0c9492fecdd335b6622f9b1daaf748384c244361a79ec4280	7	0	0	0.501	True	NA
Fragile_X-Associated_Tremor_Ataxia_Syndrome	ALL_MAPPINGS_CONSISTENT	e3bbc81148f35348a6f7f32476fb03b502824c1ccb03536a207178aeb26899ec	9	0	0	5.238	True	NA
Frasier_Syndrome	ALL_MAPPINGS_CONSISTENT	5a762fc66e1526b31444cb39503d8e925b622841c4397e88ce999ab2f1bb69a1	9	0	0	4.897	True	NA
Frias_Syndrome	ALL_MAPPINGS_CONSISTENT	46e5f50c226ba8e7c2529509a77592b59023039fbd6c81ba7095b6b8b15552b7	7	0	0	0.456	True	NA
Frontotemporal_Dementia_And_Or_Amyotrophic_Lateral_Sclerosis_2	ALL_MAPPINGS_CONSISTENT	c8e8cb353817febc3d86dd0e0a3c192ff0c90649f7c7e930ed5f1247cd333307	5	0	0	0.332	True	NA
Fuhrmann_Syndrome	ALL_MAPPINGS_CONSISTENT	cdcb7440fe3961f1884cea85f6cd9161138f92de632b9a6c13842eebfcc1c479	8	0	0	0.991	True	NA
G6PC3_Deficiency	ALL_MAPPINGS_CONSISTENT	d9386d4d2874d3f694a54fdbfcaf00f153508c5baf0e0c732d9c2fc684ea4a1c	7	0	0	0.454	True	NA
GABRB3-Related_Developmental_and_Epileptic_Encephalopathy	ALL_MAPPINGS_CONSISTENT	171466cdbe2be0ca8fb8787c25af19571c0c319ae1b26ffacef5dc97a29cb051	5	0	0	0.354	True	NA
GATA2_Deficiency	ALL_MAPPINGS_CONSISTENT	f1f0c38c3aab3192208923336198583501a7c2c29a043fa38f1698123d3448a5	4	0	0	0.325	True	NA
GFI1B-related_Platelet-type_Bleeding_Disorder	ALL_MAPPINGS_CONSISTENT	61314bd16a85750763bebe6decb97f154fd142296ab9172d499f4792f552b55c	7	0	0	0.474	True	NA
GJB2-GJB6_Digenic_Nonsyndromic_Hearing_Loss	ALL_MAPPINGS_CONSISTENT	6b689306c16c738793fc4eeecec6484a916f0929f5a1aa4b39889e45211ed553	7	0	0	0.462	True	NA
GLUT1_Deficiency_Syndrome	ALL_MAPPINGS_CONSISTENT	a2d3ec19aeffde03adda405963782c9c528ab445682a3568b1e52152a72823b4	9	0	0	5.206	True	NA
GM1_Gangliosidosis_Type_1	ALL_MAPPINGS_CONSISTENT	d7800026f719cf1840f45f660ba9089b75b5ec6cbbc524c5f1fdc33954459eaa	8	0	0	0.991	True	NA
GM1_Gangliosidosis_Type_2	ALL_MAPPINGS_CONSISTENT	5d52e1f3b7ad0caa5f0217079a844f503ab996da450dd5a129f53de8818647fe	8	0	0	1.058	True	NA
GM1_Gangliosidosis_Type_3	ALL_MAPPINGS_CONSISTENT	3c741e846e45e0202accc5054f4a8f96dec7a740a19db38e4bf7e51526a5beb9	8	0	0	0.996	True	NA
GM3_Synthase_Deficiency	ALL_MAPPINGS_CONSISTENT	25331a84ef0f264f9ead2dcdfbbf6de94b58a760c9b681c4192a68bdfb631be0	7	0	0	0.443	True	NA
GNE_Myopathy	ALL_MAPPINGS_CONSISTENT	683e373631ee8ae1b9c5dc155950add234d10b0255751cb1a286d24d7d884901	7	0	0	0.453	True	NA
GNPTG-Mucolipidosis	ALL_MAPPINGS_CONSISTENT	a1608610faa1fac2798aa5d8c86363620112ba690b2724713c42a8470f66c2dc	9	0	0	4.865	True	NA
GRIN1-Related_Neurodevelopmental_Disorder	ALL_MAPPINGS_CONSISTENT	9c28e610c2ea4d7f601ba8bd1e0a5c790890211bccedba5c8f6a05a7cd125e20	3	0	0	0.328	True	NA
GRIN2A-Related_Epileptic_Encephalopathy_and_Intellectual_Disability	ALL_MAPPINGS_CONSISTENT	65b536d540167f827e435208e62691897cea28431d337ac5c1fa5c0ef9527387	7	0	0	0.459	True	NA
GRIN2B-Related_Developmental_and_Epileptic_Encephalopathy	ALL_MAPPINGS_CONSISTENT	da2602ed827bacf3d388c74e754bea7104ebdec5461cb6a12e1424bd3fce41fe	5	0	0	0.325	True	NA
Gaucher_Disease_Due_To_Saposin_C_Deficiency	ALL_MAPPINGS_CONSISTENT	2079b4078259e3d6c307957d796a97806120c38a815201a1cd82ae7b0f2c8f1d	8	0	0	0.991	True	NA
Generalized_Epilepsy_with_Febrile_Seizures_Plus	ALL_MAPPINGS_CONSISTENT	84b367fda4e2357ad94a6db8922daa80db144b63d3e8501dcb50dad819255da6	8	0	0	0.951	True	NA
Generalized_Resistance_to_Thyroid_Hormone	ALL_MAPPINGS_CONSISTENT	0f04b5d596353ec529ef2d15fd1628814215e48b5e0546cbde0d9fa43b41523d	3	0	0	0.305	True	NA
Genitopatellar_Syndrome	ALL_MAPPINGS_CONSISTENT	28d82988ee29d3b848379f44f6445da7473245d6737e8afc1887ad2a7797d98c	7	0	0	0.433	True	NA
Giant_Axonal_Neuropathy_1	ALL_MAPPINGS_CONSISTENT	dddadbff0897de4e3cc28fe30fe3e00326eedbaf41889204463485ec388421e1	7	0	0	0.442	True	NA
Gilberts_Syndrome	ALL_MAPPINGS_CONSISTENT	c087f542d986093a04012d7287c22d6503f69f3cd11fbf619fff11fa3a274f82	9	0	0	4.934	True	NA
Gitelman_Syndrome	ALL_MAPPINGS_CONSISTENT	b1107149f4e2a863eb4b0926ba02e51d249840655b3f7470794dc7c9530386e0	9	0	0	5.529	True	NA
Global_Developmental_Delay_Progressive_Ataxia_and_Elevated_Glutamine	ALL_MAPPINGS_CONSISTENT	ce8ad798b3cc4464898b95b779fb019944238854fde5e927abd396349a623b28	4	0	0	0.303	True	NA
Glucose-Galactose_Malabsorption	ALL_MAPPINGS_CONSISTENT	c36e451e75867110395cd09592cd67c8c2ea0bd74baeeed3922ccbd46504a804	9	0	0	5.722	True	NA
Glutaryl-CoA_Dehydrogenase_Deficiency	ALL_MAPPINGS_CONSISTENT	48b17fc69e026221dda35b849e847eb5716126ccdc59013e1ade6e45b327a793	9	0	0	5.71	True	NA
Glycogen_Storage_Disease_Due_To_Aldolase_A_Deficiency	ALL_MAPPINGS_CONSISTENT	49562ecef2077cbd773e322d1435047b5ab1e36cfb58d224ee554b9ad26f73ad	8	0	0	0.989	True	NA
Glycogen_Storage_Disease_Due_To_Lactate_Dehydrogenase_M-subunit_Deficiency	ALL_MAPPINGS_CONSISTENT	d45480886fd5250f2675a3482e4652020ec930c043355f522b01f75faa1b8501	7	0	0	0.47	True	NA
Glycogen_Storage_Disease_Due_to_Muscle_Beta-Enolase_Deficiency	ALL_MAPPINGS_CONSISTENT	ad3aae5e1c9d3d9b54b2af5179c4ec1457967c2126c1f86256f135da5b9f4780	8	0	0	0.944	True	NA
Glycogen_Storage_Disease_Type_0b	ALL_MAPPINGS_CONSISTENT	752155abf7d169be084665f072c7564b93ecbc056ac92c876e4193aad1384698	7	0	0	0.489	True	NA
Glycogen_Storage_Disease_Type_I	ALL_MAPPINGS_CONSISTENT	36fa6c7e58358cb2ab5a8e4b7144fabca98dfecc7543aeed5babd35f189247df	9	0	0	5.887	True	NA
Glycogen_Storage_Disease_Type_VI	ALL_MAPPINGS_CONSISTENT	5d2f10119c0d327b7d182d993771c17e76d47c242760a0e4139f51434b3f7d91	9	0	0	5.832	True	NA
Glycogen_Storage_Disease_Type_VII	ALL_MAPPINGS_CONSISTENT	0fb41fc68411168bdd51cce242a07cccc4eb47b664f664a3fec51dcd05528289	9	0	0	5.771	True	NA
Glycogen_Storage_Disease_XV	ALL_MAPPINGS_CONSISTENT	7829877f97480060bc58210941b2bae61d68fc60c33319833fb4b22ac4d3d069	7	0	0	0.517	True	NA
Glycoprotein_Storage_Disease	ALL_MAPPINGS_CONSISTENT	2528537abd33defcc8b95f135a9ca480929bfafa0678820214e0856015d31cb1	5	0	0	0.311	True	NA
Gnathodiaphyseal_Dysplasia	ALL_MAPPINGS_CONSISTENT	1ff0d314ebc6c156f283195d893c26608a98bbcb8308d3e0dc8df051c7b88b29	9	0	0	5.789	True	NA
Gorlin_Syndrome	RETRACTED	eec7b6c67f3424924847dd2443a102b137a00e9493815fe1d13a9c112ca3b530	10	1	1	56.981	True	NA
Greenberg_Dysplasia	ALL_MAPPINGS_CONSISTENT	f42cf516dc6dc53e8648bb797d4c8cd8558842464fda3e29df8dfefaa1883979	9	0	0	5.534	True	NA
Growth_Restriction_Hypoplastic_Kidneys_Alopecia_And_Distinctive_Facies	ALL_MAPPINGS_CONSISTENT	9ab8c15093a4e0c391866b1330256930f4b9059821e1c1bd0dd0bd351929138d	4	0	0	0.392	True	NA
Guanidinoacetate_Methyltransferase_Deficiency	ALL_MAPPINGS_CONSISTENT	d812204d6f4e0daa7e18ff8afd36bba0154612d119977d5ea1af24af29b35e07	9	0	0	6.013	True	NA
Guillouet-Gordon_Syndrome	ALL_MAPPINGS_CONSISTENT	ae70a3dce0d7f31457ee2da90fcec30b6e43c6c8948a454bb7027c4b503f29d4	4	0	0	0.3	True	NA
HCN1-Related_Developmental_and_Epileptic_Encephalopathy	ALL_MAPPINGS_CONSISTENT	cfca949df204f03a558d7cfe76f796a54e5d51e722bd8f437c4cd20c8915652f	5	0	0	0.314	True	NA
HFM1-related_gametogenic_failure	ALL_MAPPINGS_CONSISTENT	005f762a6f86a0fb8ba1dbe4c99792bc8658ee4eda6910e4fb703b1b91682df1	5	0	0	0.609	True	NA
HHAT-Related_Chondrodysplasia_with_46XY_Disorder_of_Sex_Development	ALL_MAPPINGS_CONSISTENT	6c10d8ca3a3ba5216aae777ef66d7508ebf93578d064c42ca5e2c71147474e0a	8	0	0	1.014	True	NA
HNRNPU-Related_Developmental_and_Epileptic_Encephalopathy	ALL_MAPPINGS_CONSISTENT	82d3f6d30ccd4fd8befebec1e021b348c7ee32858bfd7b208ac893d1ef664846	5	0	0	0.614	True	NA
HROB-related_gametogenic_failure	ALL_MAPPINGS_CONSISTENT	d5881084b3b05451276adcd51242f7e8ace7cc8f3738be5230133d392d650a3f	4	0	0	0.334	True	NA
HSD10_Mitochondrial_Disease	RETRACTED	63f618753dff99d36a468413fe3f1467cedeec723822a40a61e5b5d08724368d	9	1	1	4.788	True	NA
Hallermann-Streiff_Syndrome	ALL_MAPPINGS_CONSISTENT	c02e4176988c15486bac636237abc00f86734b3467c6d5bd8127ae01a0a033f7	9	0	0	5.868	True	NA
Hand-Foot-Genital_Syndrome	ALL_MAPPINGS_CONSISTENT	a89d4f730f8566fdc183e423f1644c6686b69f7324df482c7ff1263288c4ad12	8	0	0	1.019	True	NA
Hao-Fountain_syndrome	ALL_MAPPINGS_CONSISTENT	d215766503a43c43da85ba21a9541b204d086ff9f792150cddbacbf26464a27a	5	0	0	0.654	True	NA
Harderoporphyria	ALL_MAPPINGS_CONSISTENT	ac792cfc7abc62de038de37dceb8092a2726673d726c419af0dae4d90bb5e2f3	8	0	0	1.0	True	NA
Hartnup_Disease	ALL_MAPPINGS_CONSISTENT	b7e8a60bd6fc78cea76df3e049eeb7d28f1dd7adba1f2d5e327de31767744849	9	0	0	5.775	True	NA
Hartsfield_Syndrome	ALL_MAPPINGS_CONSISTENT	af9170374301ac5fcee2b7e23bdf7af69068c101c7f87d6838d20777f8c32227	7	0	0	0.452	True	NA
Hearing_Loss_Autosomal_Dominant_75	ALL_MAPPINGS_CONSISTENT	4c8a511256962abe62da23fa5be65720577642b8b764f39253294598141441dd	5	0	0	0.604	True	NA
Hearing_Loss_Autosomal_Dominant_76	ALL_MAPPINGS_CONSISTENT	e666fc3ff6a77f26ae3869c3b1233c7c422a2d13b92c14d0c9442b9ddcc32cfb	5	0	0	0.614	True	NA
Hearing_Loss_Autosomal_Dominant_78	ALL_MAPPINGS_CONSISTENT	cf2ccbbd16f39ea568faeb33a62949b3043b2335bad8367f6a717c8a905ae12c	5	0	0	0.588	True	NA
Hearing_Loss_Autosomal_Dominant_82	ALL_MAPPINGS_CONSISTENT	e649c929b4d6c5e0395ab2a1996198fc2ea926e67764dc8bc7f6de7bf3664307	5	0	0	0.62	True	NA
Hearing_Loss_Autosomal_Dominant_83	ALL_MAPPINGS_CONSISTENT	e2134b066f0351b1cc194d8ee1ae549a3a74600492c183069c93a5c48fa7c876	5	0	0	0.587	True	NA
Hearing_Loss_Autosomal_Recessive_106	ALL_MAPPINGS_CONSISTENT	18d1ff77e3d0517793a1ee917e970a490a055ae683df42e1f5591f83cd02157c	5	0	0	0.568	True	NA
Hearing_Loss_Autosomal_Recessive_120	ALL_MAPPINGS_CONSISTENT	9a7ca39844982d1e164aa836c55121c420fb555e95a5ba3dd5082f93f4c2d931	5	0	0	0.527	True	NA
Heart_Defect_Tongue_Hamartoma_Polysyndactyly_Syndrome	ALL_MAPPINGS_CONSISTENT	29160800a8c0c299cf42063e2ffa254c29720b6763d6b242e44412af62c9653a	8	0	0	0.935	True	NA
Heme_Oxygenase_1_Deficiency	ALL_MAPPINGS_CONSISTENT	7cd52ea9f8e5b6a408fb2b92425ffa0ee1b4ceb3dbb4321c0e27462027f4d8e6	7	0	0	0.476	True	NA
Hemophagocytic_Lymphohistiocytosis	ALL_MAPPINGS_CONSISTENT	3e554d446a77084911786cc0a1362f3b0044e7fa550a34dff4d047dfb016cf5c	5	0	0	0.507	True	NA
Hennekam_Lymphangiectasia-Lymphedema_Syndrome_1	ALL_MAPPINGS_CONSISTENT	6dbb3dddc81336c1b1f70c004fd6fcb7249b2c485b3d086e5ecad8fee588c30e	4	0	0	0.284	True	NA
Hennekam_Lymphangiectasia-Lymphedema_Syndrome_2	ALL_MAPPINGS_CONSISTENT	ea5e161677b3c899036cdf598865ef98af651d3fcba021e469f217e6b82e736c	4	0	0	0.345	True	NA
Hepatic_Veno-occlusive_Disease-Immunodeficiency_Syndrome	ALL_MAPPINGS_CONSISTENT	a47f268fe7ed06cdeefab63c4a3409201e23897d58c4301e9cc2a7a75570a3ac	9	0	0	5.857	True	NA
Hereditary_Arterial_and_Articular_Multiple_Calcification_Syndrome	ALL_MAPPINGS_CONSISTENT	c5a9c304f14910f420bd3d34eeada963664a50bd9eeff7ac81aae9d0f7003c73	8	0	0	1.038	True	NA
Hereditary_Congenital_Facial_Paresis_3	ALL_MAPPINGS_CONSISTENT	785b713b57e1f908eec890bfadec01c7d9b0992c154d6da8b90ee98719e48873	4	0	0	0.311	True	NA
Hereditary_Diffuse_Leukoencephalopathy_with_Spheroids	ALL_MAPPINGS_CONSISTENT	8c4a684bfc2e01dc4a979ce669867a2c51fffffca90684cc49f88a92d16ab2a7	9	0	0	5.751	True	NA
Hereditary_Gingival_Fibromatosis	ALL_MAPPINGS_CONSISTENT	f172efc05020b000814b9e326f987e389cc1089c13c670b9373df450ab1ba2d6	7	0	0	0.451	True	NA
Hereditary_Hemorrhagic_Telangiectasia_4	ALL_MAPPINGS_CONSISTENT	a5762a18ec08d7f0e69eccbd403472b26bf2a2b2391731f546d4ec4a55e9159f	5	0	0	0.529	True	NA
Hereditary_Hemorrhagic_Telangiectasia_5	ALL_MAPPINGS_CONSISTENT	b20665f3364b76be3b3c35cefb37d2f382bd41ed33dc782290ada741f86e4143	4	0	0	0.337	True	NA
Hereditary_Hemorrhagic_Telangiectasia_Type_1	ALL_MAPPINGS_CONSISTENT	a6cc1ec6f9490afc2b40a5e74cc9e1d60e1605e28f14534d0fc34bc836e84715	4	0	0	0.326	True	NA
Hereditary_Hyperekplexia	ALL_MAPPINGS_CONSISTENT	653592f1bf3887e967f8e43f4577787d83726ee489588a4a556e249b3f270406	7	0	0	0.49	True	NA
Hereditary_Intrinsic_Factor_Deficiency	ALL_MAPPINGS_CONSISTENT	e8ec3d6c67713c66c803caa07dad9cbfb20b0d260c9088bc5dd0038f67cfa2c2	8	0	0	0.953	True	NA
Hereditary_Leiomyomatosis_and_Renal_Cell_Cancer	ALL_MAPPINGS_CONSISTENT	f034d9de61fde691775e21820b4be01fa9165c0b86ee93a07d2c697fbdd83a59	9	0	0	6.019	True	NA
Hereditary_Methemoglobinemia	ALL_MAPPINGS_CONSISTENT	63c0611e54cbeb0d8455d81b337ec1eb9801faf1921e23000d0031a6fa422d57	9	0	0	5.583	True	NA
Hereditary_Neuropathy_with_Liability_to_Pressure_Palsies	ALL_MAPPINGS_CONSISTENT	04dc6f102d026734b852388cd17d22211450e7dbb5a04db0b1abe86955d33312	9	0	0	5.409	True	NA
Hereditary_Orotic_Aciduria	ALL_MAPPINGS_CONSISTENT	18434778d863907e1e437e398f17670a47a358e7b82d4318896ca92f563eee9a	9	0	0	5.079	True	NA
Hereditary_Pancreatitis	ALL_MAPPINGS_CONSISTENT	4d156de969156156fc2e4301be0a3596a1bb7c440ac157b1ab08579d012c480b	9	0	0	5.276	True	NA
Hereditary_Pheochromocytoma-Paraganglioma_Syndrome	ALL_MAPPINGS_CONSISTENT	dd8206594f5ce5c5a18afde37a8a3b0f30d085170416f8749a6775fb11d316a2	8	0	0	1.127	True	NA
Hereditary_Sensory_Neuropathy_Type_1D	ALL_MAPPINGS_CONSISTENT	6cd96c5f23771dde3ae031acefe8a485ae8f1723888da5a03995d32d62e732d8	5	0	0	0.509	True	NA
Hereditary_Sensory_and_Autonomic_Neuropathy	ALL_MAPPINGS_CONSISTENT	ba9d3c153ae517aef79dd8f197ed5455e0db11a5a3bbcefaab03b8bb666d9ad8	8	0	0	0.943	True	NA
Hereditary_Sensory_and_Autonomic_Neuropathy_Type_6	ALL_MAPPINGS_CONSISTENT	a1c4eb95238677b183b627e7ece6da056ae9e2ccf616ee6116bc3d0e3eb68598	7	0	0	0.479	True	NA
Hereditary_Spastic_Paraplegia_11	ALL_MAPPINGS_CONSISTENT	67b359b1d43554a070f73d4beb0e69a667fbf7753f018e2a4882a053a968d6f6	8	0	0	0.957	True	NA
Hereditary_Spastic_Paraplegia_44	ALL_MAPPINGS_CONSISTENT	cc47a501e86f1a1ccb396eda34bbce8e635c9de01835a9adbbfe18ce6dcf48d3	8	0	0	0.983	True	NA
Hereditary_Spastic_Paraplegia_46	ALL_MAPPINGS_CONSISTENT	3f3020003d871e9d16d23ffb8e5d384b6c90f010cf2a1f98956c87d5f7f2be02	7	0	0	0.433	True	NA
Hereditary_Spastic_Paraplegia_48	ALL_MAPPINGS_CONSISTENT	da7e30abd13610226698ab5ea72d60936ad3d1fc742e9b641947fe00bef3f703	7	0	0	0.448	True	NA
Hereditary_Spastic_Paraplegia_49	ALL_MAPPINGS_CONSISTENT	21740ce8286ac18a5c60003c6dc223912e68bece03e6f4d9d94525e17c3b90d3	7	0	0	0.442	True	NA
Hereditary_Spastic_Paraplegia_7	ALL_MAPPINGS_CONSISTENT	f43eb18c90b35b65da430efbad70e243f521ebe624df6b20128e4f555aed540e	8	0	0	1.013	True	NA
Heyn-Sproul-Jackson_syndrome	ALL_MAPPINGS_CONSISTENT	d998c2cbdcf4f4ee0c07289201246a1d1e5000f48b8fddc5c436d374c9bd5f4f	6	0	0	0.346	True	NA
Holocarboxylase_Synthetase_Deficiency	ALL_MAPPINGS_CONSISTENT	4068ec3152e0f74b2f451f0bed36b89fbea7c09aff6654679c6bb33580c62392	9	0	0	5.184	True	NA
Holoprosencephaly_12_With_or_Without_Pancreatic_Agenesis	ALL_MAPPINGS_CONSISTENT	a590c2f0c788ab7c2e6f8346a460c0a4122c985aca9a408e06a18eb32812e1e1	5	0	0	0.491	True	NA
Homocystinuria	ALL_MAPPINGS_CONSISTENT	f9228273515f189d84cbe78a03a36a33f9f895bc23b1d2fc72843566da6c04e4	7	0	0	0.441	True	NA
Humeroradial_Synostosis	ALL_MAPPINGS_CONSISTENT	3a69cb939f832de6865006df18c28ae13e05daeb521ccaf9182ff24ac5c27b3e	8	0	0	1.042	True	NA
Huppke-Brendel_syndrome	ALL_MAPPINGS_CONSISTENT	138a911fce24e6babbefd6ed88c84791089adba4b91f79a945bcab19a3b8b3c8	6	0	0	0.349	True	NA
Hurler_syndrome	ALL_MAPPINGS_CONSISTENT	c44047fe570981b0264152b3dd89b8f4b5c89066c537574704c40a381d8a77ba	8	0	0	0.984	True	NA
Hutchinson-Gilford_Progeria_Syndrome	ALL_MAPPINGS_CONSISTENT	40c2dea786b84045db844896ef566f5ef5bde0d2140573a09c48ed08b20704e1	8	0	0	1.116	True	NA
Hydrolethalus_Syndrome_2	ALL_MAPPINGS_CONSISTENT	5884cf549b4b4ee708f4e6cbb55927526c39ec635b65ad2a06952cf69517d792	5	0	0	0.489	True	NA
Hypercatabolic_Hypoproteinemia	ALL_MAPPINGS_CONSISTENT	2b682cbf9f6d302d96030567a3092be9cafb352063e46b6f7b2f8f2b9f838f6e	6	0	0	0.368	True	NA
Hyperornithinemia_Hyperammonemia_Homocitrullinuria_Syndrome	ALL_MAPPINGS_CONSISTENT	cd25065d4c854ed2b47c23566e71c69b6fa164d24182d475ecc28c8c4f97e0af	9	0	0	5.11	True	NA
Hyperostosis_Cranialis_Interna	ALL_MAPPINGS_CONSISTENT	4868702bf6f5fb7e2d9e2f6a5a9931e3518fec0839a90f353b7be0b4ac196b11	7	0	0	0.435	True	NA
Hypertrophic_Cardiomyopathy_17	ALL_MAPPINGS_CONSISTENT	b9b470a9f31c345713e188eedd68508ec3e56d3b67c06662b213443b39bc8c92	5	0	0	0.475	True	NA
Hypertrophic_Cardiomyopathy_20	ALL_MAPPINGS_CONSISTENT	b79d25a838e64730d21be93b5f320a9361ccfcdbd41af7b657a51ab7319a2716	5	0	0	0.353	True	NA
Hypertrophic_Cardiomyopathy_21	ALL_MAPPINGS_CONSISTENT	f54b1c72df01f5e5cf2bbd6f8e1b0ee042250c137a5e8c9ec10f1f3ad8900bd4	5	0	0	0.34	True	NA
Hypertrophic_Cardiomyopathy_30_Atrial	ALL_MAPPINGS_CONSISTENT	d12d1ae0fca8eeb4ec413649e85d9ba084bc63ee944433e824efd262948cbe70	4	0	0	0.362	True	NA
Hypertrophic_Cardiomyopathy_8	ALL_MAPPINGS_CONSISTENT	800f7124f66a6721ffc55d6a28f2a886b1ef399f2cc626a555dcac4eba9d845b	6	0	0	0.342	True	NA
Hypochondrogenesis	ALL_MAPPINGS_CONSISTENT	4f7cc2cb42f1777fe3d5a5230a410e75081044018af57aa4daf649f4a3c72b8a	8	0	0	1.06	True	NA
Hypomyelinating_Leukodystrophy_10	ALL_MAPPINGS_CONSISTENT	b66a7b3dbf33873504421ffd3715f375d5b7c6730028894eac0a49c15f9c0111	7	0	0	0.471	True	NA
Hypomyelinating_Leukodystrophy_15	ALL_MAPPINGS_CONSISTENT	83c6d22de4180ba42bb3a10aa41f92e2359a77b720858f7ec3b693e7e598b168	5	0	0	0.353	True	NA
Hypomyelinating_Leukodystrophy_7	ALL_MAPPINGS_CONSISTENT	8d2b698992b0c2576eb57a356ecc3b83754b46d0e5cd6aab3f32cda96307ff6a	5	0	0	0.341	True	NA
Hypophosphatasia	ALL_MAPPINGS_CONSISTENT	8b8e08d56c2d72f26ae48f8392c42bb65dbac0acfb971410367094df585c1c8c	9	0	0	5.221	True	NA
Hypopigmentation_Organomegaly_And_Delayed_Myelination_And_Development	ALL_MAPPINGS_CONSISTENT	49ee52808a7a80fda7f9e9c31ff449462414c361ccf8a9a9d218f215d2988558	4	0	0	0.309	True	NA
Hypoplasminogenemia	ALL_MAPPINGS_CONSISTENT	40cb2a98fe434c88c910900eaa8249d5712d3543df106739bd2848f2ea546cf7	9	0	0	5.11	True	NA
Hypotonia_Infantile_with_Psychomotor_Retardation_and_Characteristic_Facies_3	ALL_MAPPINGS_CONSISTENT	ec896ccdba4df0062ad5bf5be0984472442c77b18e2c0096f3e1d07064f3862e	7	0	0	0.453	True	NA
Hypotrichosis_4	ALL_MAPPINGS_CONSISTENT	856f2428beb987dfb97c01633efdea24661282d381a208972748d000eaad818c	6	0	0	0.355	True	NA
IFAP_Syndrome_1	ALL_MAPPINGS_CONSISTENT	9d9e3cbe09b848e80d6aff154e7fe954869576fc085e0088538155549663f3e9	6	0	0	0.36	True	NA
IFAP_Syndrome_2	ALL_MAPPINGS_CONSISTENT	ef96aa07da6f6e06bd574000ed2f4c62e8904e44fa664038d6cc93071aa82e80	4	0	0	0.3	True	NA
IFNAR2_Deficiency	ALL_MAPPINGS_CONSISTENT	198607aecd3b652af4401569b42167d257a93c1d4b98672d27b975a8f06727d5	5	0	0	0.328	True	NA
IGF1_Deficiency	ALL_MAPPINGS_CONSISTENT	3ef646084178051402e6904d2d92d54e458abc0cc2ca595b5a7282308d4b9dec	7	0	0	0.411	True	NA
IKBKG_Ectodermal_Dysplasia_with_Immunodeficiency	ALL_MAPPINGS_CONSISTENT	747ac1e5428d0b6cf92fceb1da7ab9edb4412e4fbdf5f0133bc62f42c1af07cd	3	0	0	0.32	True	NA
IKK2_Deficiency	ALL_MAPPINGS_CONSISTENT	5e28e944993d7e82a52069d073b88518fe06f29e2ce91ebcc99d3d3d2327b68c	7	0	0	0.458	True	NA
IL21R_Deficiency	ALL_MAPPINGS_CONSISTENT	7bdeb96c172c391070a7dfd8a6572a3584a676f39ca0a6c9e00324c74d30e192	7	0	0	0.458	True	NA
IL6ST-Related_Stuve-Wiedemann_Syndrome	ALL_MAPPINGS_CONSISTENT	7e1d59df2d3014fc3524400053377140dfb984ffbbaaf4a0faf2a2f8116aa06a	4	0	0	0.304	True	NA
IMAGe_Syndrome	ALL_MAPPINGS_CONSISTENT	9357409053f5695aa1e9295560030d2b2922f9de28582deb0a27c2458f70189f	9	0	0	5.019	True	NA
IREB2-Related_Neurodegeneration	ALL_MAPPINGS_CONSISTENT	2a1d0480426794bd33ff0ae645fab5e867267229a88d12ee01dddbed242744f6	4	0	0	0.307	True	NA
IRF1_Deficiency	ALL_MAPPINGS_CONSISTENT	b1c8c4c88df021481021a4ea26928e0235e282276cd5a7dac9f1c0446435810c	7	0	0	0.429	True	NA
IRF2BPL-Related_Neurodevelopmental_Disorder_with_Regression	ALL_MAPPINGS_CONSISTENT	2c0cdd146908352615e22cc291cbc436299f5cc9c8cad35e7456fdd985432603	7	0	0	0.419	True	NA
IRIDA_Syndrome	ALL_MAPPINGS_CONSISTENT	e0040f59af45dc4f2b396f1eafa3c1b46489572fc9d4b36b2879898df3ba08b4	7	0	0	0.481	True	NA
IRX5-related_Craniofacial_Dysostosis_with_Osteopenia_Intellectual_Disability_and_Dental_Anomalies	ALL_MAPPINGS_CONSISTENT	c5c562458698b070c54f884a507307461fd86550f1d372baef05681256e72d71	7	0	0	0.459	True	NA
Immunodeficiency_101_Varicella_Zoster_Virus-specific	ALL_MAPPINGS_CONSISTENT	bc41b49ebe92ad97e6c43df07c7b816b1fab2b0be2fd1c4927f76c348e18fd0c	5	0	0	0.323	True	NA
Immunodeficiency_123_With_HPV-related_Verrucosis	ALL_MAPPINGS_CONSISTENT	5b2747d2a64d95ed246928bf5d6901a2e940d784bafa6cc654cc80bc49ba830a	5	0	0	0.569	True	NA
Immunodeficiency_127	ALL_MAPPINGS_CONSISTENT	e0b4f7ab79f8e90767b0ea72d6c700f4549d4753f30c2c9de0823ba805c93cd4	5	0	0	1.158	True	NA
Immunodeficiency_131	ALL_MAPPINGS_CONSISTENT	8843fefae36b216122520349223ab4144fbfa57f20e977ce8fb78f15f6ea28f9	5	0	0	1.128	True	NA
Immunodeficiency_14B_Autosomal_Recessive	ALL_MAPPINGS_CONSISTENT	f8871d4922f6d1591fe968a26d52d54ad42e3ff5c361c01d9416bbf731688c60	4	0	0	0.32	True	NA
Immunodeficiency_15A	ALL_MAPPINGS_CONSISTENT	5f4c1d12f09102880489a3c0e0ac4ae7692673e6eff46017e6e2f9ef5e156a7a	6	0	0	0.35	True	NA
Immunodeficiency_25	RETRACTED	a2c9a078bdbc8c369126c759836b8a66838064d068e67c83132f24be3398f4ce	7	1	1	0.507	True	NA
Immunodeficiency_32B	ALL_MAPPINGS_CONSISTENT	10f3ea2fc5b913993cf0e0f3037cd26397f713c958f70e7b94851f3b5ed60a15	7	0	0	0.413	True	NA
Immunodeficiency_37	ALL_MAPPINGS_CONSISTENT	7ba1079485c2477a4c80e22699f4efdd703491cb459d2a88975db46e089c331e	5	0	0	1.114	True	NA
Immunodeficiency_60	ALL_MAPPINGS_CONSISTENT	303acb8666d458dbd4b7aee6c7ef7c06022cdbd5b71243bd68c8c19ab2d50f7c	5	0	0	1.1	True	NA
Immunodeficiency_61	ALL_MAPPINGS_CONSISTENT	79c23fb17d01633ad0864ce59f46e9f2373f832bc9b4e5daffb9e2c8f4f41b96	7	0	0	0.47	True	NA
Immunodeficiency_63_with_Lymphoproliferation_and_Autoimmunity	ALL_MAPPINGS_CONSISTENT	423c71fee81c89aeeae33e89312edd146ac6e3e406aea98996ff75b362b99305	5	0	0	1.111	True	NA
Immunodeficiency_64	ALL_MAPPINGS_CONSISTENT	ec728436db9195788172ca6c415a1186c9919d21bebc142759e5641d2d951f06	7	0	0	0.448	True	NA
Immunodeficiency_65_IRF9_Deficiency	ALL_MAPPINGS_CONSISTENT	68949aeb9d2f0ff868cac0437e18b1d367a80ae8e694dc667f94e9d4d1df9c03	5	0	0	1.128	True	NA
Immunodeficiency_69	ALL_MAPPINGS_CONSISTENT	c7179c5bd2ce055b16572653867b1663ec519824d6aa8c2863b1493d679b52f5	7	0	0	0.433	True	NA
Immunodeficiency_73B	ALL_MAPPINGS_CONSISTENT	5a269d8bb9e1bf175d6747e162e24510fe80aa241195d93d6283c073e5e7f96a	5	0	0	1.134	True	NA
Immunodeficiency_79	ALL_MAPPINGS_CONSISTENT	5a4a57743a3fd87a648a21d48ce4683a5a3248685cc273bd6e357b9904fcb4db	5	0	0	0.894	True	NA
Immunodeficiency_80_with_or_without_Congenital_Cardiomyopathy	ALL_MAPPINGS_CONSISTENT	d6be4c03d00cd4756101be09037c1d9e2018df3faddc3069593ba263f0fcb233	5	0	0	0.367	True	NA
Immunodeficiency_81	ALL_MAPPINGS_CONSISTENT	5b3e5e26bbfdd544947352593ec44a15853c1361f9d9eb408ad352ce9ff68317	5	0	0	0.331	True	NA
Immunodeficiency_86	ALL_MAPPINGS_CONSISTENT	1b936d3251cdd488a95c1899e6e9897af748660e79f5c293dad394e13bd766a9	5	0	0	0.31	True	NA
Immunodeficiency_88	ALL_MAPPINGS_CONSISTENT	dca3a6015ee27a7ff6ba8c8bfb0b9b7fafe9b029cee187fc3eb2a04d260b95ba	5	0	0	0.329	True	NA
Immunodeficiency_89_And_Autoimmunity	ALL_MAPPINGS_CONSISTENT	58859ffba7704bca40b120ea60e628e06f17f1c0da82d75472f32e3bbe05168b	5	0	0	0.306	True	NA
Immunodeficiency_91_And_Hyperinflammation	ALL_MAPPINGS_CONSISTENT	8918869f5f954b37c5a32b89dc1b2699fa1021ae5c242f1f59d95ed1466fcb98	5	0	0	0.303	True	NA
Immunodeficiency_92	ALL_MAPPINGS_CONSISTENT	efd04b9d16fe24890f8f4136a0653d322d00e4b7d97733fd1c6806f2d965cdf2	7	0	0	0.443	True	NA
Immunodeficiency_93_and_Hypertrophic_Cardiomyopathy	ALL_MAPPINGS_CONSISTENT	7d183e184e5882d97eef214803d572d5984256e6a7752d8d16c327d3bc1c4915	6	0	0	0.355	True	NA
Immunodeficiency_96	ALL_MAPPINGS_CONSISTENT	1efbb9c18fa609b7cb3458ae5fc22b76422d18095aea1f52af888863f4659cd4	5	0	0	0.356	True	NA
Immunoskeletal_Dysplasia_with_Neurodevelopmental_Abnormalities	ALL_MAPPINGS_CONSISTENT	20b073469c1f1b67b1b70ceed8f85b504b614731fbd90ddbfad9e1ea54b176a4	4	0	0	0.325	True	NA
Inborn_Disorder_of_Cobalamin_Metabolism_and_Transport	ALL_MAPPINGS_CONSISTENT	1716674f16aa0d188d27ebc9bf65ccce5adf868c94498e6b56dccf41f524963a	6	0	0	0.35	True	NA
Inclusion_Body_Myopathy_with_Paget_Disease_of_Bone_and_Frontotemporal_Dementia	ALL_MAPPINGS_CONSISTENT	eb977f76e39577be8de686a12addbc4a9e863d4835aa0b21135c38bbcc64ffb3	7	0	0	0.422	True	NA
Infantile-Onset_Pompe_Disease	ALL_MAPPINGS_CONSISTENT	38db8102749499e6235a7e01fc5800872e9bc28f504bab6eaa70653ae65f1690	7	0	0	0.437	True	NA
Infantile_Cataract_Skin_Abnormalities_Glutamate_Excess_and_Impaired_Intellectual_Development	ALL_MAPPINGS_CONSISTENT	c33bec0946f2ba9baeb43c3ae46d78ce8ce2770fc7d8c5c9b7f971ecb2a37e43	5	0	0	0.338	True	NA
Infantile_Hypercalcemia	ALL_MAPPINGS_CONSISTENT	bc1d5ba280896fdd275ba780ed3e879a0837bde1fe22a2684252e443056fbd42	7	0	0	0.435	True	NA
Infantile_Liver_Failure_Syndrome_1	ALL_MAPPINGS_CONSISTENT	2ccfc125f11368546475124be4449b2eb5fabbfa1ad62fafd40cd426110bc20c	7	0	0	0.46	True	NA
Infantile_Parkinsonism-Dystonia	ALL_MAPPINGS_CONSISTENT	1943f0b1eaee5a8b419eae0c4a56a37ca915e40402b75cfd08b8ececc434cbf7	6	0	0	0.363	True	NA
Inherited_Threoninemia	ALL_MAPPINGS_CONSISTENT	7c790f7ed62fadfc450cf45c8be5e676e5c912962a0d9135ed0b7eaaf32bf7c4	4	0	0	0.325	True	NA
Intellectual_Developmental_Disorder_Autosomal_Dominant_72	ALL_MAPPINGS_CONSISTENT	3e2d0b3598882fd38bb6c1e57acf319277a711a17f189058ef6ea5638106879b	7	0	0	0.441	True	NA
Intellectual_Developmental_Disorder_Autosomal_Recessive_67	ALL_MAPPINGS_CONSISTENT	4cbf7b0c87ec19f82216e46c841be87a07fe24ce4876a20a1a96fec1fc45338c	5	0	0	0.321	True	NA
Intellectual_Disability_Anterior_Maxillary_Protrusion_and_Strabismus	ALL_MAPPINGS_CONSISTENT	173b9b463bfe0a42fb5887e69ba75e7de504c5315c486251f0fc96bf9bd15437	5	0	0	0.321	True	NA
Intellectual_Disability_Autosomal_Dominant_30	RETRACTED	1dd68d9a34223761d1a4d76378b84ff344491cdc545abaeaa76e813fdfd8ead2	7	1	1	0.474	True	NA
Intellectual_Disability_Autosomal_Dominant_34	ALL_MAPPINGS_CONSISTENT	63cf92fb0616658419396a6f5c7e362ff60614155e51141ed39d0cdf9e992fc9	5	0	0	0.316	True	NA
Intellectual_Disability_Autosomal_Dominant_52	ALL_MAPPINGS_CONSISTENT	598e07b828b50c335210cc24123a23c751423972fc3a42d3a3f58ea3ea0ecce0	5	0	0	0.318	True	NA
Intellectual_Disability_Autosomal_Dominant_6	ALL_MAPPINGS_CONSISTENT	2437f61c5a48d58c17d5ce3aa36a794de2692038e594748f5c2e280d1e29c7a2	7	0	0	0.444	True	NA
Intermediate_Charcot-Marie-Tooth_Disease	ALL_MAPPINGS_CONSISTENT	3658a320f0b9b3f1c81970947d4c55754a9e36cd88e2ac9b8513fa9ae25bdc59	6	0	0	0.35	True	NA
Isobutyryl-CoA_Dehydrogenase_Deficiency	ALL_MAPPINGS_CONSISTENT	e7bdf599f3d4f5ef3c0b5dc3d9159c41bf6458551a3fe4e7f5d1f9948909cc30	8	0	0	0.986	True	NA
Isolated_Sedoheptulokinase_Deficiency	ALL_MAPPINGS_CONSISTENT	a840a47ff347f6c70d0687a01e9ce5c07b892ee609a5eaa24f9d51e0315cd602	6	0	0	0.351	True	NA
Isolated_Sulfite_Oxidase_Deficiency	ALL_MAPPINGS_CONSISTENT	f21728bbe0ea72d4dc9815840e8803633698b7a6a2f23dafb9b28944fc2eb268	9	0	0	4.84	True	NA
Jackson-Weiss_Syndrome	ALL_MAPPINGS_CONSISTENT	c6086404eb0215f410d49c64eef237d368078543e30dbe7ef5b839822d311ddf	9	0	0	5.032	True	NA
Jervell_and_Lange-Nielsen_Syndrome_1	ALL_MAPPINGS_CONSISTENT	4f24a982ad6bf7314e1206a3833683be762625756d0229e3a106aa27b5c9b491	4	0	0	0.294	True	NA
Jervell_and_Lange-Nielsen_Syndrome_2	ALL_MAPPINGS_CONSISTENT	63841c2715c05b6f099f507fefcd8efb34133a6ccf44200a1d154d8213f89666	5	0	0	0.301	True	NA
Jeune_Asphyxiating_Thoracic_Dystrophy	ALL_MAPPINGS_CONSISTENT	0e60cafe2fb24fe5073e3c5e107df96ee95a379590ed41fe95da3e73aabecdc2	9	0	0	4.948	True	NA
Joint_Laxity_Short_Stature_and_Myopia	ALL_MAPPINGS_CONSISTENT	1b9d1bac73ee54fd1a834e9b9c8b928886c360fa70bd9471554d6dbd7503b6ce	6	0	0	0.384	True	NA
Junctional_Epidermolysis_Bullosa	ALL_MAPPINGS_CONSISTENT	669f32d5a620cccdebf2047b8693e87ba6e8b21024ada6c24328c908cf004a1a	8	0	0	0.964	True	NA
Juvenile-Onset_Diabetes_Mellitus_with_Central_and_Peripheral_Neurodegeneration	ALL_MAPPINGS_CONSISTENT	993bcd539bb0c6a555d7b5e9ad3d1859cc1ca868e218627a10d58c1ed1eee868	6	0	0	0.394	True	NA
Juvenile_Neuronal_Ceroid_Lipofuscinosis	ALL_MAPPINGS_CONSISTENT	6a2393ce99c17d9e556bc40129c4a17665bf188a301db9d771134b2c40afe47c	4	0	0	0.32	True	NA
Juvenile_Open_Angle_Glaucoma	ALL_MAPPINGS_CONSISTENT	7dd3d4960fce960de87ca54b929026eb909dcf85f6d479c133ae7dd7acbb7ff1	6	0	0	0.441	True	NA
Juvenile_Polyposis_Syndrome	ALL_MAPPINGS_CONSISTENT	01e5f1c0322b891d1e641cd5d51fea3310670d2ef1bab614a186d8fb76c9553e	8	0	0	0.979	True	NA
Juvenile_Sialidosis_Type_2	ALL_MAPPINGS_CONSISTENT	c0341b4fcc818007fee1e51de94d4c43fb310268305f4342924ee513f28f8319	6	0	0	0.403	True	NA
KBG_Syndrome	ALL_MAPPINGS_CONSISTENT	273c3a5fbe2b7f1eebd41d060c445fd5d841e30abcb2d8c6813d2ed5e02c3ea2	9	0	0	4.903	True	NA
KCNA2-Related_Developmental_and_Epileptic_Encephalopathy	ALL_MAPPINGS_CONSISTENT	7ce3eac8dd7aaad78a4992bb21c54e60ed0c042bce2b31e743db32111b1ae565	5	0	0	0.311	True	NA
KCNB1-Related_Developmental_and_Epileptic_Encephalopathy	ALL_MAPPINGS_CONSISTENT	73bf260df0690e158e2a5734ddbc680e64ca460ab08f37e5426d48d77497c2b1	5	0	0	0.311	True	NA
KCNQ2_Developmental_and_Epileptic_Encephalopathy	ALL_MAPPINGS_CONSISTENT	139293e9672b38e98e3eae7a979fed060bd9e2cd3b16e0b7f2ba04e826087d86	7	0	0	0.465	True	NA
KCNV2_Related_Retinopathy	ALL_MAPPINGS_CONSISTENT	ffef5931468deb96cb7b4c653c3c550b305a1c4e467bdd142461fa0c907ed3bc	3	0	0	0.319	True	NA
KDM1A-Related_Neurodevelopmental_Disorder	ALL_MAPPINGS_CONSISTENT	b0335b104114596f6eed7f3f0074fb61d437e0ae23f09fb56efacce292d1f7e4	6	0	0	0.408	True	NA
KDM6B-Related_Neurodevelopmental_Disorder	ALL_MAPPINGS_CONSISTENT	4fa0ebc002de2393808668dd96ff7cbe35bae46e5f36c2878588505a2800e9af	5	0	0	0.315	True	NA
KINSSHIP_Syndrome	ALL_MAPPINGS_CONSISTENT	4a47e9aa266a0a959d43748e44e3705140850ed6b03ea0ee53016c001683bb5d	5	0	0	0.311	True	NA
KLC4-Related_Early-Childhood-Onset_Neurodegeneration	ALL_MAPPINGS_CONSISTENT	693b3a6547eb7c4d40963a44145503172040136adf6bc598cfdc7fe13c97c6ac	4	0	0	0.332	True	NA
KLHL24-Related_Hypertrophic_Cardiomyopathy	ALL_MAPPINGS_CONSISTENT	b7ca135c477ff46d68c13972b755ef835168712a5e74d9b82851259266534464	4	0	0	0.309	True	NA
KMT2B-Related_Dystonia	ALL_MAPPINGS_CONSISTENT	62922131348448608a53dace33979a6376fefe5d415a2712920d073f7f1e2f18	7	0	0	0.462	True	NA
KRT1_Keratinopathies	ALL_MAPPINGS_CONSISTENT	2cbd10dd292554ed20b1703dcf7fb7cec322ee69eb4a622f05baba5d443f84d3	6	0	0	0.408	True	NA
Kanzaki_Disease	ALL_MAPPINGS_CONSISTENT	ab36e46af57c5e095717bd7cc5e1284c2fbf5e3b1dfe4debdf0a7e2a3adf79fb	8	0	0	0.952	True	NA
Karyomegalic_Interstitial_Nephritis	ALL_MAPPINGS_CONSISTENT	08798b4558812bd023d5ebe61f83ba6cc91756324e31b49b323dc6acc0470653	8	0	0	1.04	True	NA
Keipert_syndrome	ALL_MAPPINGS_CONSISTENT	5e96d411d2bf9fcea6b6037655922c1ff388193556ad4c6892ec90b332b6a6e0	9	0	0	4.801	True	NA
Kennedy_Disease	ALL_MAPPINGS_CONSISTENT	2f46d17843348da65c013afb193933f75f94c547e916831cb033819f366ebdad	9	0	0	4.893	True	NA
Keratitis-Ichthyosis-Deafness_Syndrome	ALL_MAPPINGS_CONSISTENT	a87a4f6156ece230edc2c02b275f26ba676d45e32b16992fcc72478db322f1cc	5	0	0	0.33	True	NA
Keratoderma_Hereditarium_Mutilans	ALL_MAPPINGS_CONSISTENT	b01c2e9bba179a3c57f3f194c5a96386ed17f37c35fb91a76481b6350865522a	8	0	0	1.0	True	NA
Keratosis_Follicularis_Spinulosa_Decalvans	ALL_MAPPINGS_CONSISTENT	5b29bf12f0fbd2660c8bf8db8467dafbdee95802bdc045a3bdf8a6379732861d	7	0	0	0.47	True	NA
Keutel_Syndrome	ALL_MAPPINGS_CONSISTENT	f557e23e737eb7900ebf28a9f40a73459b64d7698056c962d067083c893f53fc	8	0	0	1.076	True	NA
Kilquist_Syndrome	ALL_MAPPINGS_CONSISTENT	9eac13742f06a62b7f588b7c1a64a932a315cfdd61044f438520aa2804012982	6	0	0	0.404	True	NA
Kindler_Epidermolysis_Bullosa	ALL_MAPPINGS_CONSISTENT	104af951a43ac5a6fa68f47db7e935172a21891ef8f0f993f7b948c2834e2f07	9	0	0	4.727	True	NA
Koolen_de_Vries_syndrome	ALL_MAPPINGS_CONSISTENT	8b6a4a2a6abcd3404c25846f5399da4f273014419f45c74be918e878ef5836b1	6	0	0	0.39	True	NA
Krabbe_Disease_Due_To_Saposin_A_Deficiency	ALL_MAPPINGS_CONSISTENT	0261ab8076d8b3aa36697748d1f7337777527513a64da2d77c0477c6c8ac21c2	5	0	0	0.326	True	NA
Kufor-Rakeb_syndrome	ALL_MAPPINGS_CONSISTENT	73df641cd3fbdb221fabe4e72dec2e865bc3b5da0a1f7c0d2ce88f53e194a33b	8	0	0	0.945	True	NA
L-2-Hydroxyglutaric_Aciduria	ALL_MAPPINGS_CONSISTENT	a595514bde4cd33d76468c5e8bca18bbced71e9922b6e239b5e3541f3e9ce6c0	8	0	0	0.969	True	NA
L1_Syndrome	ALL_MAPPINGS_CONSISTENT	e52a0028d70e25c6ccbdc5be26f1266def5b0c7301d4676b1fe2c62604f36eb0	6	0	0	0.364	True	NA
LAMA5-Related_Bent_Bone_Dysplasia	ALL_MAPPINGS_CONSISTENT	96b6dd411ee77019e34e065ec3fa26c12916aca2b19988ab9963a192c6cc9495	5	0	0	0.312	True	NA
LAMB1-Related_Cobblestone_Lissencephaly	ALL_MAPPINGS_CONSISTENT	0a813070578d3f3df4e7ae8ee71e8e68885153827c36209c34aa095a64c2270e	7	0	0	0.54	True	NA
LCA5-Related_Retinopathy	ALL_MAPPINGS_CONSISTENT	a2495c4ba2b75bd65c46273087ca46c31429db9780edf1f5f0713eed68914afc	3	0	0	0.311	True	NA
LDLR-Related_Familial_Hypercholesterolemia	ALL_MAPPINGS_CONSISTENT	25fb47a9d847f440c1ffadc40fc7c87600556391cc2a7ad58b046661aa0a14ee	4	0	0	0.315	True	NA
LIFR-Related_Stuve-Wiedemann_Syndrome	ALL_MAPPINGS_CONSISTENT	dddea1e12ea063720c1f265045882b8f6d7e02c90e8af69555712c11a6776dbe	7	0	0	0.435	True	NA
LRBA_Deficiency	ALL_MAPPINGS_CONSISTENT	a13ca540ff1cdaa177591f1319e29b04c1d08170c8153cb2466682900322d215	8	0	0	0.941	True	NA
LRRK2-Related_Parkinson_Disease	ALL_MAPPINGS_CONSISTENT	b845871c75f195f499f97a296f99c34402a4a8c436352a38c5ea8e76ac0592da	5	0	0	0.309	True	NA
Landau-Kleffner_Syndrome	ALL_MAPPINGS_CONSISTENT	36b13b7db82488a95f73272378b729083c8a5d80888b88d00a132059b0540f7c	9	0	0	4.41	True	NA
Langer_Mesomelic_Dysplasia	ALL_MAPPINGS_CONSISTENT	aece81868a9823a21b9bc0fc13845c7391d68b095d5d4cf6770306041643f158	8	0	0	0.921	True	NA
Larsen-like_Syndrome_B3GAT3_Type	ALL_MAPPINGS_CONSISTENT	394abec43978258f9a87f6537a076621d91e2063bc6a7045ab413d615601de5b	8	0	0	0.968	True	NA
Larsen_Syndrome	ALL_MAPPINGS_CONSISTENT	5251c814fae5b449b7c8146f92e7d25358ce7fb9a40373f3dbad4c07b40e0796	9	0	0	5.402	True	NA
Late-Onset_Pompe_Disease	ALL_MAPPINGS_CONSISTENT	1873eec50ed37462605bea1c245fb6619ac3bcebb55e5aabcb372ae32d2bea1d	6	0	0	0.339	True	NA
Leber-like_Hereditary_Optic_Neuropathy_Autosomal_Recessive_1	ALL_MAPPINGS_CONSISTENT	4cfa6a551e7338045f0ca91325072c8d204bc021ec3da1881b938a9a04105fdc	4	0	0	0.314	True	NA
Leber_Congenital_Amaurosis_10	ALL_MAPPINGS_CONSISTENT	abda806930ee103166de9d5120c18c39db0707af4795c9b74e098ac4459e58b7	6	0	0	0.353	True	NA
Leber_Congenital_Amaurosis_with_Early-Onset_Deafness	ALL_MAPPINGS_CONSISTENT	547e8a6ca354ef3c5a0b44cdd222a1ea70b12317390c8af1b78815cb09991d7a	5	0	0	0.324	True	NA
Leber_Optic_Atrophy_and_Dystonia	ALL_MAPPINGS_CONSISTENT	5eb36cb7304543f8bd463c683807e74855c39831659d4b7d26252d6075815816	6	0	0	0.355	True	NA
Lenz-Majewski_hyperostotic_dwarfism	ALL_MAPPINGS_CONSISTENT	1fb72051987b7aa0f2f9c8052a5f699098607957548e484537015d69fca4fee4	9	0	0	5.482	True	NA
Leri-Weill_Dyschondrosteosis	ALL_MAPPINGS_CONSISTENT	7011c1b70ba73cc67cfaafe3553787f0c71c3dad57aab128fc4af0f62aa790fd	8	0	0	0.949	True	NA
Lethal_Polymalformative_Syndrome_Boissel_Type	ALL_MAPPINGS_CONSISTENT	f40f2e76faf3a02a2e0b8a08e8dee3b6ce61e732d1abd71a66dfb31563de647f	7	0	0	0.507	True	NA
Leukocyte_Adhesion_Deficiency_Type_II	RETRACTED	5e3b03ead2ba3f8963fe551c26d82da83c9f9b3df0e0e9568c3b1aa3b79e55f5	10	1	1	58.155	True	NA
Li-Ghorbani-Weisz-Hubshman_Syndrome	ALL_MAPPINGS_CONSISTENT	c9ce0af63a3231b9d545debd816cfc3a978b1d656013641b95cbdcb9ccd2035c	4	0	0	0.331	True	NA
Liberfarb_syndrome	ALL_MAPPINGS_CONSISTENT	b71d2386d497be8e695236cfbf3eebd4195498378ce9768ef7bfe883b5a57349	6	0	0	0.391	True	NA
Lichtenstein-Knorr_Syndrome	ALL_MAPPINGS_CONSISTENT	c6e2b37bdf173368a5acf46e5952309bce12e0d65f28609e778794a094141f6c	7	0	0	0.491	True	NA
Liddle_Syndrome	ALL_MAPPINGS_CONSISTENT	90b1c4911c3d34d9f911faad6b50c3fa32107c77bc211c46649268e351b850d4	8	0	0	0.893	True	NA
Linear_Skin_Defects_with_Multiple_Congenital_Anomalies_1	ALL_MAPPINGS_CONSISTENT	b93069c8b49103b323090639d64b0d7d8d1d0bb89ffcc1c315455f411ea1bc76	5	0	0	0.343	True	NA
Lipoic_Acid_Synthetase_Deficiency	ALL_MAPPINGS_CONSISTENT	ebe7ec9576268cd140fe447424bf67ac2f492814d9d0d84a1c649c97b9b6ca16	6	0	0	0.37	True	NA
Lipoyl_Transferase_1_Deficiency	ALL_MAPPINGS_CONSISTENT	3f0a3909b57a73d55faa7d00af07668e5f260d28e569a660ee93cb2dfe8c3cce	6	0	0	0.346	True	NA
Loeys-Dietz_Syndrome_4	ALL_MAPPINGS_CONSISTENT	3601d5fb62808a9a85a6f96e8b5190e44b746c352a6b2c4b86c3123282f756ca	5	0	0	0.316	True	NA
Loeys-Dietz_Syndrome_6	ALL_MAPPINGS_CONSISTENT	25630ac03ded48ba4147c213792942b72edb1d3ffbc22ee58b51cf4762f87029	5	0	0	0.293	True	NA
Long-Chain_3-Hydroxyacyl-CoA_Dehydrogenase_Deficiency	ALL_MAPPINGS_CONSISTENT	c0a7f5291535e6ab3a9ca4c609c1c89132fc3646cb41250654cc3589775e5529	9	0	0	5.643	True	NA
Lymphatic_Malformation_6	ALL_MAPPINGS_CONSISTENT	0de27f10073b44367c12d41a3281ee2d63703af9d0dd9e6e8eb70340bd7a791c	6	0	0	0.354	True	NA
Lysosomal_Acid_Phosphatase_Deficiency	ALL_MAPPINGS_CONSISTENT	427f53bc5c1b08aca80c64952ed896ea900ef8a56c41a1eab272d15122d565c2	7	0	0	0.525	True	NA
MAN2C1-congenital_disorder_of_deglycosylation_2	ALL_MAPPINGS_CONSISTENT	312582540ee75fe5233a63846ce184b0f89da1603e38e5c9373a459dc81494d0	5	0	0	0.313	True	NA
MBD5_Haploinsufficiency_Syndrome	ALL_MAPPINGS_CONSISTENT	eb0c0f376a960855914169f5a1eb49cfc9b740b45bd8c25f76fe0de6d64ed371	7	0	0	0.5	True	NA
MCM3AP-Related_Peripheral_Neuropathy	ALL_MAPPINGS_CONSISTENT	7d74b63367dd582b5b36ed84d40c5e9fa24717e8fe503b491f7d08a34162f70b	4	0	0	0.316	True	NA
MCM8-related_gametogenic_failure	ALL_MAPPINGS_CONSISTENT	4e65c5b73ebf918dbac1b4dc8096bf266128ff22d7174586b8b7dbc2c8059371	5	0	0	0.29	True	NA
MED11-Related_Disorder	ALL_MAPPINGS_CONSISTENT	1d57c2f122ad4014facbd277dd57c71ce97051a9d54163d32f208e8c296af59c	4	0	0	0.326	True	NA
MED13L_Syndrome	ALL_MAPPINGS_CONSISTENT	3fc1c32322af406f6efd078537e0141c9afb8d08394e2d2b23518aa0cc1a9fb4	6	0	0	0.351	True	NA
MED13_Syndrome	ALL_MAPPINGS_CONSISTENT	666bb46b592f510f669c4e666e94f9aa972bbd37e4a2103d40ed6500c3dd7ab0	5	0	0	0.315	True	NA
MED17-Related_Disorder	ALL_MAPPINGS_CONSISTENT	dcff867a8860a09e08182dc724626393fc331cd8fba9832558c951f09d84e6d8	7	0	0	0.457	True	NA
MED27-Related_Disorder	ALL_MAPPINGS_CONSISTENT	d4a964261580fbd2b115d5ec7b230086a15e8aed153c9296f22168fa5926a987	4	0	0	0.296	True	NA
MEDNIK_syndrome	ALL_MAPPINGS_CONSISTENT	a1ecb4d7642ddbb7e6e56a7e91d62d6b93063446ad10ce3afa44d7a66e0397e1	8	0	0	0.891	True	NA
MEGF8-Related_Carpenter_Syndrome	ALL_MAPPINGS_CONSISTENT	6f5667724d24fe8a75b9c10557ebd6095dcac0b9a652b697c2d3bdc8e84dc4a5	5	0	0	0.308	True	NA
MEND_Syndrome	ALL_MAPPINGS_CONSISTENT	818490f800b7fc687ae9357d5297ab939616c372e9f7637f4541092e92c3d5a3	7	0	0	0.496	True	NA
MEPAN_Syndrome	ALL_MAPPINGS_CONSISTENT	f6024475833b282f4715e96983dd53c53451c535266b045cfd70d8ae0ba042ca	7	0	0	0.489	True	NA
MERTK-Related_Retinopathy	ALL_MAPPINGS_CONSISTENT	d34b3ee3553c00fdc373b311742ff76661a8e28ce438f2803c74ce3d70bd96a7	3	0	0	0.282	True	NA
MGAT2-congenital_disorder_of_glycosylation	ALL_MAPPINGS_CONSISTENT	1c80ab42eef40c2cc9d1ef7c4b4cdaacc1b5ddf448976571edea315861dd1dad	8	0	0	0.9	True	NA
MICPCH_Syndrome	ALL_MAPPINGS_CONSISTENT	89f8e682b1ee6e97ce60982fba6ff213f55ff2a231f2dda7f7963ad4a40912a5	8	0	0	0.915	True	NA
MMACHC-related_Methylmalonic_Aciduria_and_Homocystinuria_cblC_Type	ALL_MAPPINGS_CONSISTENT	6a45d048e45e1f16fb0fdad508e8887c2e8a459081981b210ad59859995c9eaa	8	0	0	0.964	True	NA
MMADHC-related_Disorder_of_Cobalamin_Metabolism_cblD_Type	ALL_MAPPINGS_CONSISTENT	4614ae66d610def540a03198b14b8eff3642e0b02fb03527cce08641feb8504b	4	0	0	0.303	True	NA
MPDU1-congenital_disorder_of_glycosylation	ALL_MAPPINGS_CONSISTENT	bf3f94b7664abddc1035db41cc930271651f232a5fab72ba118e4e1838fc1edf	9	0	0	5.718	True	NA
MPI-Congenital_Disorder_of_Glycosylation	ALL_MAPPINGS_CONSISTENT	426f6c63c7fe2f8b2f6de940e6ad2fb18c1b1ca42c0d1f865abc34d1a1577f10	9	0	0	5.727	True	NA
MSMO1_Deficiency	ALL_MAPPINGS_CONSISTENT	5234457d44b8809c39b7d9a4024d8759fda787736e8360481667725a6b8a5312	6	0	0	0.404	True	NA
MSTO1-Related_Mitochondrial_Myopathy	ALL_MAPPINGS_CONSISTENT	5ab5323457bf76a32a295f29565d8748e7a147d035b8f7fdecb6b9ebb5a21235	6	0	0	0.381	True	NA
MT-ATP6_MT-ATP8-Related_Infantile_Hypertrophic_Cardiomyopathy	ALL_MAPPINGS_CONSISTENT	dee710142eae45da58922f0205fbbdc797eb7cccd1a0d4e6599d6f43da9059bc	5	0	0	0.299	True	NA
MTHFD1_Deficiency	ALL_MAPPINGS_CONSISTENT	bff28ec81c51fc80864ad60905fbd584a3bb573fa8c3a4c1deaf3879f57639ab	6	0	0	0.384	True	NA
MTO1_Deficiency	ALL_MAPPINGS_CONSISTENT	0f004d133db2d415a8c878d468a0859f2d4e6cd2d4b6713d6d33662a245f260c	7	0	0	0.469	True	NA
MUTYH-Associated_Polyposis	ALL_MAPPINGS_CONSISTENT	2925e6a5789f9acac42f02b356a729500b0862a66982aed6ae6e9ab2619828d4	9	0	0	5.767	True	NA
MYO6_Hearing_Loss	ALL_MAPPINGS_CONSISTENT	6cbddb8567343de361e463fedbf692052bae40656020e35356cfb90898197026	8	0	0	0.871	True	NA
Malan_Syndrome	ALL_MAPPINGS_CONSISTENT	ae2f96b87fa1914c22d84f44f841300f654a33a66f39d2c478a61a929b0fdd86	7	0	0	0.447	True	NA
Mandibulofacial_Dysostosis_With_Alopecia	ALL_MAPPINGS_CONSISTENT	39c608da6038b4d9eb986f6547fa55b08cacf34b54f352f0d9b617677b5cc0d6	7	0	0	0.462	True	NA
Mandibulofacial_Dysostosis_with_Microcephaly	ALL_MAPPINGS_CONSISTENT	a7227ed5d661c1ba4235d7e95934864f25277a7a7cce3777883b4072a99f4a35	8	0	0	0.874	True	NA
Marden-Walker_Syndrome	ALL_MAPPINGS_CONSISTENT	915fa4d0b641102beb79cfd1054f4c2bc73eab49466f8eadde699a3122266d18	8	0	0	0.897	True	NA
Marfanoid_Progeroid_Lipodystrophy_Syndrome	ALL_MAPPINGS_CONSISTENT	c6cad0b7853cfe8aab65f19118dc8c53616e8127ca770243884adcd32fb2cce8	6	0	0	0.389	True	NA
Marinesco-Sjogren_Syndrome	ALL_MAPPINGS_CONSISTENT	4383b774141fd5a0e6dd79fb38d6bc78d9066b21a229b3217199f5a587923854	7	0	0	0.466	True	NA
Marshall-Smith_Syndrome	ALL_MAPPINGS_CONSISTENT	f3c565bd7207399a33084f9ffba3d967edd040e0cd9f9831ca920ca2dc73410e	9	0	0	5.841	True	NA
McKusick-Kaufman_Syndrome	ALL_MAPPINGS_CONSISTENT	d70638d680fefe9e16d459630ac772c3bb88d9f7f48ca32a918ee90b32cf1e85	8	0	0	0.955	True	NA
McLeod_Neuroacanthocytosis_Syndrome	ALL_MAPPINGS_CONSISTENT	ecdd0e3cd37faa9b840951068fb999f5712d1fab6cc49fce3130994a756ded3c	9	0	0	6.278	True	NA
Meacham_syndrome	ALL_MAPPINGS_CONSISTENT	df36b5b471827a22e677bd4189c3e4ca00b10773f23d06be8111c040debdff4e	8	0	0	0.953	True	NA
Meester-Loeys_Syndrome	ALL_MAPPINGS_CONSISTENT	26875c990184283385e3cea5b430ec51b7acc22b1decad6e5fe0fa32a469e7a2	6	0	0	0.367	True	NA
Mendelian_Susceptibility_To_Mycobacterial_Diseases_Due_To_Complete_IL12B_Deficiency	ALL_MAPPINGS_CONSISTENT	fe6e9c2afd7a29f23b1db38db526684b61a493fcfd2d1bd14ed4615a28b3e284	7	0	0	0.459	True	NA
Mendelian_Susceptibility_To_Mycobacterial_Diseases_Due_To_Partial_IRF8_Deficiency	ALL_MAPPINGS_CONSISTENT	48686f45671b54748f791a721b3e369012bf8daaab38549d51a7815006bde64c	7	0	0	0.468	True	NA
Mesomelia-Synostoses_Syndrome	ALL_MAPPINGS_CONSISTENT	107498cbe0a6d630edeed8c39ccd832508bdee61cbf505b662e9aecd8ee56be0	7	0	0	0.478	True	NA
Mesomelic_Dysplasia_Kantaputra_Type	ALL_MAPPINGS_CONSISTENT	6a5d1e9ba36eba6b36414f93edf3641e45e349392bb1e01f2800ef85bab44ee5	7	0	0	0.492	True	NA
Mesomelic_Dysplasia_Savarirayan_Type	ALL_MAPPINGS_CONSISTENT	259a5e79d8f02bada186e9cf98bdb7a562fb83c61c6f7e05da66426551fa262b	8	0	0	1.004	True	NA
Metaphyseal_Chondrodysplasia_Schmid_Type	ALL_MAPPINGS_CONSISTENT	adb7f6d3fe1ad7ccb66c3a0808349faa9b559a77a34cec7df35b61edfa6ed163	8	0	0	1.067	True	NA
Metaphyseal_Dysplasia_Spahr_Type	ALL_MAPPINGS_CONSISTENT	1eb4fb7392314a9eb033ee0680586dc8c0708d348c969f68161d70e934532548	8	0	0	1.067	True	NA
Metaphyseal_Dysplasia_with_Maxillary_Hypoplasia_and_Brachydactyly	ALL_MAPPINGS_CONSISTENT	b4b52a2ea8e3eb4ca15acffb7ba305ca24ca0870d160614fb5c4a0dab7a76e85	7	0	0	0.444	True	NA
Metatropic_Dysplasia	ALL_MAPPINGS_CONSISTENT	80385d33e133e22897a5835be27ed884789c5b69b24da389cc645e1e951f72d3	9	0	0	5.84	True	NA
Methylcobalamin_Deficiency_Type_cblE	RETRACTED	d9c80558495c3e925e16054cb4145dfc1d76cda66a7050bfe49bcdfe5bab9260	10	1	1	57.647	True	NA
Methylcobalamin_Deficiency_Type_cblG	RETRACTED	b6c9d012c51cb0c5ab12a2a0e6f837540f06bd57eaf1f9b50bd9c1db38edc76b	8	1	1	0.932	True	NA
Methylmalonate_Semialdehyde_Dehydrogenase_Deficiency	ALL_MAPPINGS_CONSISTENT	1fcf2e753462c60671b73f6afa93dd2ba0fca935860414bf12c7d9e16296320c	8	0	0	0.976	True	NA
Methylmalonic_Acidemia	ALL_MAPPINGS_CONSISTENT	cd1b8f56b323724d5e38e2b7e26623880e46cfa959de208ce864666b7cd1aef1	7	0	0	0.477	True	NA
Methylmalonic_Acidemia_With_Homocystinuria_Type_cblJ	ALL_MAPPINGS_CONSISTENT	654c17203d99d56666b10109337f72244113de63a67fa839766c2e5acc7fec53	6	0	0	0.353	True	NA
Methylmalonic_Aciduria_and_Homocystinuria_cblL_Type	ALL_MAPPINGS_CONSISTENT	04b9b2e8593c3affc28507bf021c0f0a9d2a786f9a844862ac0c50989867c70b	4	0	0	0.318	True	NA
Methylmalonic_Aciduria_cblA_Type	ALL_MAPPINGS_CONSISTENT	c5efde0029e8b68d76a39fe649cf5ffe518f80a9c24f16121c8f02da708a1877	8	0	0	0.974	True	NA
Mevalonate_Kinase_Deficiency	ALL_MAPPINGS_CONSISTENT	30f7110cfb3b1c791a15205c80593f64e06c83654f98a6468e418bbb08fdab82	7	0	0	0.477	True	NA
Microcephalic_Osteodysplastic_Primordial_Dwarfism_Type_II	ALL_MAPPINGS_CONSISTENT	2a8d8ca4ee072388b2b6db801a9e560e9ed2c3c025dbdc5f5fb8d3354edb7ce5	8	0	0	0.902	True	NA
Microcephaly-Capillary_Malformation_Syndrome	ALL_MAPPINGS_CONSISTENT	c120905de5fbe77f0318339507088d204c8afe79fc93c4bf11fbeb7c78031549	6	0	0	0.358	True	NA
Microcephaly_Short_Stature_and_Impaired_Glucose_Metabolism_1	ALL_MAPPINGS_CONSISTENT	bb9a0ed7fe9b7824f1cb9cc01be38f34011bbbb1e2c1e82e75f3e3175f9b994a	4	0	0	0.302	True	NA
Microcephaly_Short_Stature_and_Impaired_Glucose_Metabolism_2	ALL_MAPPINGS_CONSISTENT	fa949b1f145b38d93123cf5e5fff133e9f092e2fe7327b1472bf04693b7a08a1	4	0	0	0.319	True	NA
Microcytic_Anemia_With_Liver_Iron_Overload	ALL_MAPPINGS_CONSISTENT	b072ced7d4c3db527989fd631e1aa6c9112d161fefeabbae4a74bbce44191fbc	6	0	0	0.358	True	NA
Microphthalmia_with_Coloboma	ALL_MAPPINGS_CONSISTENT	250891c219322e83b802ceb635644510bae4be9eb0d8ed09160fa244290a6455	7	0	0	0.484	True	NA
Microvillus_Inclusion_Disease	ALL_MAPPINGS_CONSISTENT	d002ec1d322b5ce67ab647fda5e4d9a5138a85fc3be9110ee15db180d36e40c8	8	0	0	0.865	True	NA
Miller-Dieker_Lissencephaly_Syndrome	ALL_MAPPINGS_CONSISTENT	51c138e1e231d37c1fc399818c8dd4a75858d11223ad2937377c6b6fa5dce73b	8	0	0	0.904	True	NA
Mitochondrial_Complex_II_Deficiency_Nuclear_Type_1	ALL_MAPPINGS_CONSISTENT	ca6c02c1ba3a2ade13c918a8980652d66a085241977a8174baec7225cfa66436	8	0	0	0.887	True	NA
Mitochondrial_Complex_I_Deficiency_Nuclear_Type_1	ALL_MAPPINGS_CONSISTENT	cc7dfe6dd5f9e5622b9d9a660ad70355e7119c8bea5b8e35418b264aa4da1993	5	0	0	0.314	True	NA
Mitochondrial_Complex_I_Deficiency_Nuclear_Type_12	ALL_MAPPINGS_CONSISTENT	526e4ce4c28e8cb6c60e83f1354cda6584c26a96c006ee72608cf1341ff04091	5	0	0	0.329	True	NA
Mitochondrial_Complex_I_Deficiency_Nuclear_Type_14	ALL_MAPPINGS_CONSISTENT	31468391964d5263448a67741d26bfac7a47ceec0b2c4e57c173d9596b25fe0d	5	0	0	0.304	True	NA
Mitochondrial_Complex_I_Deficiency_Nuclear_Type_2	ALL_MAPPINGS_CONSISTENT	ea0900f4bd80f8e8f6083c860aae8bd18b62998c1e9ac850be989ca0224e4992	5	0	0	0.298	True	NA
Mitochondrial_Complex_I_Deficiency_Nuclear_Type_21	ALL_MAPPINGS_CONSISTENT	97ff1d4a35d25ec69f43712b0e80aa8a7117fbcdcba5073041852c5d1ff4d2ea	5	0	0	0.299	True	NA
Mitochondrial_Complex_I_Deficiency_Nuclear_Type_23	ALL_MAPPINGS_CONSISTENT	325c09b054e9c7f4c6c5ad5dc19fc8d8715bcf8214ccd793a30cd02d2b049e76	5	0	0	0.304	True	NA
Mitochondrial_Complex_I_Deficiency_Nuclear_Type_24	ALL_MAPPINGS_CONSISTENT	bbae370f3de0861e810ac1502a57718fb9923b016c007fbb1b74ea1e0e859870	5	0	0	0.342	True	NA
Mitochondrial_Complex_I_Deficiency_Nuclear_Type_3	ALL_MAPPINGS_CONSISTENT	292883c924a0aeebabdba9cc9030bd317accb909e90429597a45797a45a65efc	5	0	0	0.3	True	NA
Mitochondrial_Complex_I_Deficiency_Nuclear_Type_31	ALL_MAPPINGS_CONSISTENT	9d91fc58a33400041dd8725b2db823bbd548f054394c99eced87549c525820bb	5	0	0	0.314	True	NA
Mitochondrial_Complex_I_Deficiency_Nuclear_Type_34	ALL_MAPPINGS_CONSISTENT	5af26b88de732c237d55979955b975af77b28d36ba7c41ef5c7472e3b7d976d7	5	0	0	0.326	True	NA
Mitochondrial_Complex_I_Deficiency_Nuclear_Type_36	ALL_MAPPINGS_CONSISTENT	ae5c8465c369b67db4bc66630f1dddc93d8b22cea8ee8fbe02acc7edddf8bbb6	4	0	0	0.288	True	NA
Mitochondrial_Complex_I_Deficiency_Nuclear_Type_39	ALL_MAPPINGS_CONSISTENT	691425312b738fe56b3cd2f0c21c93fdb7da798e4aa471418decf73b3f955306	4	0	0	0.32	True	NA
Mitochondrial_Complex_I_Deficiency_Nuclear_Type_6	ALL_MAPPINGS_CONSISTENT	a0bfaf3f88a76eca5043745d009a1bc1e2c8dca195cc50722777adaa817e9a45	5	0	0	0.345	True	NA
Mitochondrial_Complex_V_ATP_Synthase_Deficiency_Nuclear_Type_3	ALL_MAPPINGS_CONSISTENT	c6b0c2653bea2e3b65fd8ed18c53702adf44e3ec4561b90d9ed5a285ae99b178	5	0	0	0.363	True	NA
Mitochondrial_DNA_Depletion_Syndrome_14B	ALL_MAPPINGS_CONSISTENT	baff4c643f91c31c5cbd6256ee58526924806d2d1b0fe1a9cf384b2005978119	5	0	0	0.314	True	NA
Mitochondrial_DNA_Depletion_Syndrome_7	ALL_MAPPINGS_CONSISTENT	2195ba6dcc6eb0a66fbf2c4ee61c81c2871cfd6450dc4a34ed1ceeabfde1fcf5	8	0	0	0.935	True	NA
Mitochondrial_Neurogastrointestinal_Encephalomyopathy	ALL_MAPPINGS_CONSISTENT	50a586a6f322da2397513d109f1dc03e8cc114f503cb651a3071a5a075c61f69	7	0	0	0.497	True	NA
Mitochondrial_Trifunctional_Protein_Deficiency	ALL_MAPPINGS_CONSISTENT	05f1463a590ec020d3f2fa54f8e48894de15c0fc564d9feb9c266393e1fa9329	9	0	0	5.724	True	NA
Molybdenum_Cofactor_Deficiency_Type_A	ALL_MAPPINGS_CONSISTENT	a92313ddaa756c1147d865e59153f0a9ba6dba335c97d74683ffc4469a06e922	8	0	0	0.915	True	NA
Mosaic_Variegated_Aneuploidy_Syndrome	ALL_MAPPINGS_CONSISTENT	8d0b9760a6781cff30cc047983ab70b7749350b08ebdff204de346cd069cc646	8	0	0	0.898	True	NA
Muckle-Wells_Syndrome	ALL_MAPPINGS_CONSISTENT	47b41b5ea40e98a58abe82ef80c7edb101e54b55350858c9ddcbcfdcdcbd5a4c	9	0	0	5.609	True	NA
Mucolipidosis_Type_II	ALL_MAPPINGS_CONSISTENT	0ee08bd55c9fe4ce3c3e955a2c10b7d100a23869d5ce28e8c33d5b2e2567b6b6	9	0	0	5.457	True	NA
Mucolipidosis_Type_III_Alpha_Beta	RETRACTED	5a990910169a36312bc843914b5817a4d33561822b584cadf59ac1cd501ed4bd	9	1	1	4.901	True	NA
Mucolipidosis_Type_IV	ALL_MAPPINGS_CONSISTENT	a61676e9d682f47c85fa24948316d72dbcd8593eff7b87a15cbfce4b3cdc26cd	9	0	0	5.285	True	NA
Mucopolysaccharidosis	ALL_MAPPINGS_CONSISTENT	d2df51b85c9af08ea520165824ab1212c9b0deae6fb88009c9639f020899a8ef	8	0	0	0.906	True	NA
Mucopolysaccharidosis-Plus_Syndrome	ALL_MAPPINGS_CONSISTENT	e351f712fc18e7482f24cd790032e4c0e3565554b77f11a607c5b3b56ad5b420	6	0	0	0.349	True	NA
Mucopolysaccharidosis_type_X	ALL_MAPPINGS_CONSISTENT	6cd2673aff646fdc984e607b62c84c7e192047c76a1853f24c041dfc3d765e32	7	0	0	0.473	True	NA
Muggenthaler-Chowdhury-Chioza_Syndrome	ALL_MAPPINGS_CONSISTENT	99cb075f328b07d353260bbf0e339fa6075cd077fff47392de0879dc7a5aaf77	6	0	0	0.332	True	NA
Mullegama-Klein-Martinez_Syndrome	ALL_MAPPINGS_CONSISTENT	fe6cfa13749a0be066e589279f693b9b060ccb8dd75b3b9fa84dc5b7888d214d	5	0	0	0.299	True	NA
Multiminicore_Disease	ALL_MAPPINGS_CONSISTENT	8e1d61ebf4c444b685817c6aead150aed31cc289762cb0136e6efa507ee9cd00	6	0	0	0.338	True	NA
Multiple_Epiphyseal_Dysplasia_Al-Gazali_Type	ALL_MAPPINGS_CONSISTENT	f36a7f33448d139c5f747babb469947057093937c7682e83fe56d448c8e8a065	8	0	0	0.875	True	NA
Multiple_Epiphyseal_Dysplasia_Beighton_Type	ALL_MAPPINGS_CONSISTENT	22e94d6ed237820844d3cbc0516da955bb4fa4258a5a7ea3c9ef0b0ef6377e36	7	0	0	0.482	True	NA
Multiple_Synostoses_Syndrome	ALL_MAPPINGS_CONSISTENT	6f02a708ee7fdb914a3ee03e4584756183f5e958fc90c4f0c5349f2371c40033	7	0	0	0.471	True	NA
Multisystemic_Smooth_Muscle_Dysfunction_Syndrome	ALL_MAPPINGS_CONSISTENT	5d692c1bea486820b78ae7f3c325da40fe28e0c5f6cb548e0950f22942312aec	6	0	0	0.344	True	NA
Muscular_Dystrophy_Limb-girdle_Autosomal_Recessive_28	ALL_MAPPINGS_CONSISTENT	8ee5dc0cfeb867227749d269f05b7122570dc3884814779c6c6ff63adddfac0f	7	0	0	0.475	True	NA
Myhre_Syndrome	ALL_MAPPINGS_CONSISTENT	b0304732596ed47a0065c3e37d36ddba8258c340dcdfac0cff72de8287f75ed2	8	0	0	0.883	True	NA
Myotonic_Dystrophy_Type_1	ALL_MAPPINGS_CONSISTENT	b5d829f227d2e747710642f77715b4ed6a6c03de11d002c6146605e5617c45d0	9	0	0	5.35	True	NA
N-Acetylglutamate_Synthase_Deficiency	ALL_MAPPINGS_CONSISTENT	9c092a2d1c9eee6361742bcc842f18e6a633861c179d750ba186053dd5328b6f	9	0	0	5.27	True	NA
NAD_P_HX_Dehydratase_Deficiency	ALL_MAPPINGS_CONSISTENT	2dfe02ad497551b0963235bc0e0070549eeaa475cfe990e12eccf0f85efbf6f1	6	0	0	0.349	True	NA
NAGA_Deficiency_Type_3	ALL_MAPPINGS_CONSISTENT	17a1f91062a80fce5952491f461e7b4a5b996a7bb5f6989b5650d15c03822b6e	7	0	0	0.492	True	NA
NARP_syndrome	ALL_MAPPINGS_CONSISTENT	9c853cbf7cd7381a044cc5e3bf0c98ad353febbe1b7b29b82bc047605b1a1552	9	0	0	4.78	True	NA
NELABA	ALL_MAPPINGS_CONSISTENT	028a4ed86ffc01f043672aa54de86495d2c8c9601179fe7c3a5f661bfd3300db	6	0	0	0.337	True	NA
NEUROD2-Related_Developmental_and_Epileptic_Encephalopathy	ALL_MAPPINGS_CONSISTENT	9bd88686df9a5416b72048381c28df0ba5c0f399302b64e3305a05ea50673eb5	5	0	0	0.344	True	NA
NGLY1-congenital_disorder_of_deglycosylation	ALL_MAPPINGS_CONSISTENT	d80cd43cd5e611a83a719f10fb8d02225fc2c5a9a40ba161697133ac72e72893	8	0	0	0.891	True	NA
NR5A1_Related_Sex_Development_Disorder	ALL_MAPPINGS_CONSISTENT	9814efe89cb566c5f2af2bde599c99b9ab5f2f06723643a1ee6d26bb8e990166	8	0	0	0.694	True	NA
NUP62-Related_Infantile_Bilateral_Striatal_Necrosis	ALL_MAPPINGS_CONSISTENT	b33da49800ec5cf15cb089d2f53464164edbe09879a170c5a71ca0f6c1f76cf1	5	0	0	0.302	True	NA
Naxos_disease	ALL_MAPPINGS_CONSISTENT	0430abdcd351c4f4f0281d72227e28ff6c10d0d1b7ea4810aad71996857ab5ea	9	0	0	4.702	True	NA
Neonatal_Epileptic_Encephalopathy_Due_to_Glutaminase_Deficiency	ALL_MAPPINGS_CONSISTENT	1c485c619eed3b4d700cd318854c201c65692ae4d9a8434dd82c0ca695268fc8	7	0	0	0.465	True	NA
Nestor-Guillermo_progeria_syndrome	ALL_MAPPINGS_CONSISTENT	92345253016a756f18140256cde2d662688ae5b4398cd111e4daa90ff3595125	7	0	0	0.492	True	NA
Neurodegeneration_Childhood-onset_With_Cerebellar_Atrophy	ALL_MAPPINGS_CONSISTENT	03d5b860fd4bffce9d76abac1374bea88489c5932f10d9a1e1c3f12bb756bbee	4	0	0	0.307	True	NA
Neurodevelopmental_Disorder_With_Absent_Speech_And_Movement_And_Behavioral_Abnormalities	ALL_MAPPINGS_CONSISTENT	3e8d64bee8db18b05304e0a35bc83e51dd87558640c2c3e3400c70c9e1aa25b7	4	0	0	0.324	True	NA
Neurodevelopmental_Disorder_With_Dysmorphic_Facies_Sleep_Disturbance_And_Brain_Abnormalities	ALL_MAPPINGS_CONSISTENT	3fd9cea13a3f6e405b2254b8609f0fc1f3f9c90a1e158cd326f0632818914b9b	4	0	0	0.323	True	NA
Neurodevelopmental_Disorder_With_or_Without_Autism_or_Seizures	ALL_MAPPINGS_CONSISTENT	151c0b7c9a30c61008f09bffe4ec5c96a8fec1ce2fa145233bb88075bc5fe670	5	0	0	0.326	True	NA
Neurodevelopmental_Disorder_with_Central_Hypotonia_and_Dysmorphic_Facies	ALL_MAPPINGS_CONSISTENT	89cfe8e23cb7d014da11af6be0f3483f89b01c29e345b3bb1d92fe395f3e04c2	4	0	0	0.302	True	NA
Neurodevelopmental_Disorder_with_Dysmorphic_Facies_and_Distal_Skeletal_Anomalies	ALL_MAPPINGS_CONSISTENT	4e7ba331a9b6785c14cd8cd680c90c1f20584827936f918601eb52ed7032b7fb	4	0	0	0.326	True	NA
Neurodevelopmental_Disorder_with_Early-Onset_Parkinsonism_and_Behavioral_Abnormalities	ALL_MAPPINGS_CONSISTENT	85c3c5568ea92bc28e6f6981e94604ad9b53623d14214e91d5418c405b4718b9	4	0	0	0.322	True	NA
Neurodevelopmental_Disorder_with_Epilepsy_Spasticity_and_Brain_Atrophy	ALL_MAPPINGS_CONSISTENT	ccaea5c48c917b698c62d635ae542f7108bb0e02e670897b82fabeef9a2bf107	4	0	0	0.31	True	NA
Neurodevelopmental_Disorder_with_Hearing_Loss_and_Spasticity	ALL_MAPPINGS_CONSISTENT	d16c50419f8a01c943b1535b6eff9e29418c8799b0991ae9d99cfe0a867c4cad	6	0	0	0.336	True	NA
Neurodevelopmental_Disorder_with_Hypotonia_Feeding_Difficulties_Facial_Dysmorphism_and_Brain_Abnormalities	ALL_MAPPINGS_CONSISTENT	457a7dc3177db3856369e5a0e2ced2a8409ec241e52c178586b2dfe9e7f1b78d	4	0	0	0.296	True	NA
Neurodevelopmental_Disorder_with_Hypotonia_and_Speech_Delay	ALL_MAPPINGS_CONSISTENT	f4d655a6c9ba503a1fac4589c81a8508dba35558ca276cf72b72715a9b563dea	5	0	0	0.315	True	NA
Neurodevelopmental_Disorder_with_Microcephaly_Hypotonia_and_Absent_Language	ALL_MAPPINGS_CONSISTENT	59b892bb18e423e765e5c290f6079b966d48914a885ac82ad161667473756a5d	4	0	0	0.318	True	NA
Neurodevelopmental_Disorder_with_Microcephaly_Impaired_Language_and_Gait_Abnormalities	ALL_MAPPINGS_CONSISTENT	cc4f83386571dc593f00f7e2085594a10e790389afbd7bbca789d31bd92add36	4	0	0	0.34	True	NA
Neurodevelopmental_Disorder_with_Microcephaly_Movement_Abnormalities_and_Seizures	ALL_MAPPINGS_CONSISTENT	9b3c236b661329e0d67be59e97f9ab6adf7e006a8bf4ce87c92da8c0447cbb79	4	0	0	0.314	True	NA
Neurodevelopmental_Disorder_with_Microcephaly_Seizures_and_Cortical_Atrophy	ALL_MAPPINGS_CONSISTENT	b30bf0a89496b52152f19987798b86de32f19fe4a63a0fb9a8b5d2627f4b003a	4	0	0	0.292	True	NA
Neurodevelopmental_Disorder_with_Neuromuscular_and_Skeletal_Abnormalities	ALL_MAPPINGS_CONSISTENT	f4226aba38fdd913d8d9064fff513b666ed6282d4cbbe4b98bee6abfd56d6344	4	0	0	0.299	True	NA
Neurodevelopmental_Disorder_with_Severe_Motor_Impairment_and_Absent_Language	ALL_MAPPINGS_CONSISTENT	c4aecb69ea9b237a65ce461b3317d6f6f7c846794c032fd6d5ed681fcca0feea	6	0	0	0.336	True	NA
Neurodevelopmental_Disorder_with_or_without_Anomalies_of_the_Brain_Eye_or_Heart	ALL_MAPPINGS_CONSISTENT	4de2bc9969e22c1ac8fd84a149df36132eaa646e05bd2d03a5c26f35538290d6	6	0	0	0.333	True	NA
Neuronal_Ceroid_Lipofuscinosis_1	ALL_MAPPINGS_CONSISTENT	ee9336050db6ad71db06b66b1bdfae19678b404ba6113492f7a71d8789d3f810	7	0	0	0.524	True	NA
Neuronal_Ceroid_Lipofuscinosis_2	ALL_MAPPINGS_CONSISTENT	9fff4ee67247ea75dc9f5538c3e560e0921dbdc6055d2e3feeb20afb16773160	7	0	0	0.542	True	NA
Neuronal_Ceroid_Lipofuscinosis_3	ALL_MAPPINGS_CONSISTENT	9415bb7bd85b2f78bed49d5f4bc3fecb2e09914b39d6ea163aaa74119690a2f9	7	0	0	0.476	True	NA
Neuronal_Ceroid_Lipofuscinosis_7	ALL_MAPPINGS_CONSISTENT	30732b87d0c9c0a7fa122ff66164c1790316f8612ef6b969c0287b56b4c05b79	7	0	0	0.447	True	NA
Neurooculorenal_Syndrome	ALL_MAPPINGS_CONSISTENT	101654c1909b3d52aeab29c68e3fa5659b9f4e3eaec569e8cab54a70f74c03eb	4	0	0	0.306	True	NA
Neuropathy_Hereditary_Motor_And_Sensory_Type_VIc_With_Optic_Atrophy	ALL_MAPPINGS_CONSISTENT	1b313ed4dd55c6217dafb5ca04f3df2836144e753ce62aaf4cd853d07c61b441	4	0	0	0.308	True	NA
Neutral_Lipid_Storage_Myopathy	ALL_MAPPINGS_CONSISTENT	3d9fb1685e56aceadbcf2114e6fc9abb7c7a1a1eb54be578ae620d9291db9ec5	7	0	0	0.455	True	NA
Neutrophil_Immunodeficiency_Syndrome	ALL_MAPPINGS_CONSISTENT	e152b1861ee82d10f8777f8c2c94c022bc6bc3a5f8fa4f6e39253f07bfc8d36e	9	0	0	4.756	True	NA
Nicolaides-Baraitser_Syndrome	ALL_MAPPINGS_CONSISTENT	83cd22cd0e981be6b492c5b5a479c39abc2ccf6a5c354b188aa6ab7f555705fd	8	0	0	0.94	True	NA
Niemann-Pick_Disease_Type_E	ALL_MAPPINGS_CONSISTENT	60fb88e86ca4eb21b61d5d3ef144fc4dac225c8f63355ee78a06b4ed4d8d7357	3	0	0	0.322	True	NA
Nijmegen_Breakage_Syndrome-like_Disorder	ALL_MAPPINGS_CONSISTENT	e38d8c2d537cd0f7ecb2e3793abdf448c87a311c0938102634da527d6c5b11bf	9	0	0	4.702	True	NA
Nizon-Isidor_Syndrome	ALL_MAPPINGS_CONSISTENT	a005301bcee0089e30230398fd123ac8bd4863a719cbc962fd428640a588145e	4	0	0	0.355	True	NA
Nonketotic_Hyperglycinemia	ALL_MAPPINGS_CONSISTENT	6995546f6d0052dea4e06609bf0ebddcfa62b8a6f045ea0103ac366ce39db98b	8	0	0	0.874	True	NA
Noonan_Syndrome_6	ALL_MAPPINGS_CONSISTENT	601bbfecf0826c6080295867a5d9b6c81f64861b3cb51d4a2a65ea43a455134f	7	0	0	0.473	True	NA
North_Carolina_Macular_Dystrophy	ALL_MAPPINGS_CONSISTENT	d3a539485ecdb63bea13bcdb2477bdc57bb9307ff2da96ad49e9dab52e24718e	9	0	0	4.855	True	NA
Northern_Epilepsy	RETRACTED	a52c6b0b16a3ed5aacfea1cb1e93921353339ef2e190b35b240d91340ce84afd	9	1	1	4.019	True	NA
OPTN-related_Open_Angle_Glaucoma	ALL_MAPPINGS_CONSISTENT	8367f0f3e8b5327edb9933dcfd8ed77d0bb1624f3170d74cd789be5f418f73d8	4	0	0	0.377	True	NA
ORAI1_Deficiency	ALL_MAPPINGS_CONSISTENT	b9a3f0b02c63be36ebbd7c1d311d06731603932b38341d27fb8d3ed08abe3da0	9	0	0	4.739	True	NA
OTUD6B-Related_Neurodevelopmental_Disorder	ALL_MAPPINGS_CONSISTENT	068f19ac3c4b8a3d6d476a6bebb4e734529f0dbc9f3d56fcebfad2c3538ca43f	6	0	0	0.359	True	NA
Ochoa_Syndrome	ALL_MAPPINGS_CONSISTENT	b7a70983c0737702b3a6cb9efd20b1722317e7a69c9c1c32179391a43dbd4819	8	0	0	0.919	True	NA
Oculocerebrodental_Syndrome	ALL_MAPPINGS_CONSISTENT	5500385dd83b3b7cdfe6040fa6122d497852b14be002a4a5adb86a4354fe2bed	6	0	0	0.347	True	NA
Oculodentodigital_Dysplasia	ALL_MAPPINGS_CONSISTENT	bd9a727f5dcd818d8b4b4620fb9da65ca33ad14567bb6af468e9d9709b6b6b77	8	0	0	0.921	True	NA
Oculofaciocardiodental_Syndrome	ALL_MAPPINGS_CONSISTENT	5f68fc0a7dd2bfe32b7b4b3b65bb46bd1beb6de3f585a337d74bca4b08a9e109	7	0	0	0.46	True	NA
Oculogastrointestinal-Neurodevelopmental_Syndrome	ALL_MAPPINGS_CONSISTENT	fd8f4d89a9b02fa4f9c899c1d66d1687e3f4173a3fa9aaa6d75cdb7eee75b8c7	6	0	0	0.365	True	NA
Oculopharyngodistal_Myopathy	ALL_MAPPINGS_CONSISTENT	65e075f57e9376e4bdb7dc66bafe3a085e7aa661ec878e62ec74732669e82205	8	0	0	0.906	True	NA
Odontochondrodysplasia	ALL_MAPPINGS_CONSISTENT	47e6173275d32a47e534ee8b8db8a724722ec77b8f23f8d3e072f2182e462036	6	0	0	0.355	True	NA
Ogden_syndrome	ALL_MAPPINGS_CONSISTENT	c8464a645508d2ccc4bf6f4ceae05985d7826761e81d098c60010548c1cc1399	9	0	0	4.899	True	NA
Okur_Chung_neurodevelopmental_syndrome	ALL_MAPPINGS_CONSISTENT	125c619b4414e890a618d2616d6b52dcc1d134f2da8d0637bef6a23fc0540ca7	5	0	0	0.323	True	NA
Opitz_GBBB_Syndrome	ALL_MAPPINGS_CONSISTENT	cc122b4558b61f49f765c392cc06336c25c4538342a690489e218c874ec6f37a	7	0	0	0.504	True	NA
Opsismodysplasia	ALL_MAPPINGS_CONSISTENT	4f02667408799092fc25b7812c5e6b6c017952c1046b6117595dab0806c5bcf7	8	0	0	0.936	True	NA
Optic_Atrophy_13_With_Retinal_And_Foveal_Abnormalities	ALL_MAPPINGS_CONSISTENT	05845a0b6bcd6ddd18e8d85cc1dccda6d5f2bc6349360aca919b86f342ab0c77	5	0	0	0.352	True	NA
Optic_Atrophy_14	ALL_MAPPINGS_CONSISTENT	9c3ade5af044d15a3ac5506b7fba1edfc89a7bd05443f17a944dec71461ef27e	4	0	0	0.39	True	NA
Optic_Atrophy_3	ALL_MAPPINGS_CONSISTENT	b8cef88021d2ad2a42c112c2b3214482200d32400639a31269aa1c6bea4e78db	8	0	0	0.972	True	NA
Orofaciodigital_Syndrome_17	ALL_MAPPINGS_CONSISTENT	cc817efbdd2f75873ef6d931ab094274ab7eecf9be69e89ba219c90f343a7d6d	5	0	0	0.319	True	NA
Orofaciodigital_Syndrome_Type_I	ALL_MAPPINGS_CONSISTENT	44d6465e62a7e1d11c14a815917bc03028ed08bfcbb1f932fb089d7ab91c5409	9	0	0	4.929	True	NA
Osteogenesis_Imperfecta_Type_I	ALL_MAPPINGS_CONSISTENT	1a37e7fc453e199cfeee0669e2decc6598ccaa4a183e476adb7e795a2a5cd902	9	0	0	5.041	True	NA
Osteogenesis_Imperfecta_Type_IX	ALL_MAPPINGS_CONSISTENT	a5519a3e5bd72768105061f9eb38d96bd3f2fb3f65d6c3e7603edcdcdb5a5cbd	6	0	0	0.34	True	NA
Osteogenesis_Imperfecta_Type_V	ALL_MAPPINGS_CONSISTENT	4233fafd8ddc17701ac75445e829006113ecbee59152b84ec0601c3ee16fcae6	9	0	0	5.046	True	NA
Osteogenesis_Imperfecta_Type_VI	ALL_MAPPINGS_CONSISTENT	674de25465381e5cbf6d28e4ca4b4ab9d9558a9d201385dea2c0590579e5f34c	6	0	0	0.345	True	NA
Osteogenesis_Imperfecta_Type_VII	ALL_MAPPINGS_CONSISTENT	363ac1d793ed176826fc7df99279644ef08355d121c9095b7f0bfe23a0f18cbb	5	0	0	0.325	True	NA
Osteogenesis_Imperfecta_Type_VIII	ALL_MAPPINGS_CONSISTENT	267e3e2ab36743942a559eb207152d2339cd08bc7612f064e3457fc8bc2720b2	6	0	0	0.383	True	NA
Osteogenesis_Imperfecta_Type_X	ALL_MAPPINGS_CONSISTENT	ec53ee6ca28b6acb973cbe9eefef2faf9ba3c3f6d3f7b9e9ca4fb370a289b1b0	5	0	0	0.304	True	NA
Osteogenesis_Imperfecta_Type_XI	ALL_MAPPINGS_CONSISTENT	48c48b04ae6695c45968193ef23d046acc16a983baa887ff5841df513cf9ffad	5	0	0	0.343	True	NA
Osteogenesis_Imperfecta_Type_XII	ALL_MAPPINGS_CONSISTENT	e0ed0474245c04cee5e98c759c9b98cc298a5586f870f5b2523e6cfa4c6ee849	5	0	0	0.311	True	NA
Osteogenesis_Imperfecta_Type_XIII	ALL_MAPPINGS_CONSISTENT	d80e9d588326e38eff6ffbb27d9dc11bec81f5f8ffe52808e4d5656cbc3b5420	5	0	0	0.357	True	NA
Osteogenesis_Imperfecta_Type_XIV	ALL_MAPPINGS_CONSISTENT	062151adbdc2b987732195ab75d46df55409273be6aa2932183daff605fb72ef	5	0	0	0.347	True	NA
Osteogenesis_Imperfecta_Type_XIX	ALL_MAPPINGS_CONSISTENT	7b3c63d7d6309462fd945adc960eafbe6755dae0334de22004ad5de13980803b	5	0	0	0.335	True	NA
Osteogenesis_Imperfecta_Type_XV	ALL_MAPPINGS_CONSISTENT	5a789d945428030a8db2cfa1ec393c6fa919e7a17521c38ad2c269be19a49b4d	5	0	0	0.312	True	NA
Osteogenesis_Imperfecta_Type_XVI	ALL_MAPPINGS_CONSISTENT	adfc50184fcba088ffec683c52dcc8238400595ea8bc2f61960b775bd6866e08	5	0	0	0.307	True	NA
Osteogenesis_Imperfecta_Type_XVII	ALL_MAPPINGS_CONSISTENT	8bd8981b205b21786e851e4e85ee161bca577f8298e74f2c4e571cc695f2fb91	5	0	0	0.31	True	NA
Osteogenesis_Imperfecta_Type_XVIII	ALL_MAPPINGS_CONSISTENT	b27ca160d24ee9ac98ea8dd948ae948649bfee71435c74751daa907a47f48791	5	0	0	0.299	True	NA
Osteogenesis_Imperfecta_Type_XX	ALL_MAPPINGS_CONSISTENT	a740641a3b105c1135272d0e096405978df0c984984a15870117344828963ba9	5	0	0	0.32	True	NA
Osteogenesis_Imperfecta_Type_XXI	ALL_MAPPINGS_CONSISTENT	db38c6c8fa7edcad05e5ba53ba33a466b3842c6cd34832c44d5e6323c215d561	5	0	0	0.323	True	NA
Osteogenesis_Imperfecta_Type_XXII	ALL_MAPPINGS_CONSISTENT	ee81056962c1da41534d8e55c2110ece01a3564dd70388da1abc6be8186ddea5	4	0	0	0.404	True	NA
Osteogenesis_Imperfecta_Type_XXIII	ALL_MAPPINGS_CONSISTENT	152279fb54a9e9fd402ff727d8b0fa015923a4682cefcabc15f4a7c14f8156e2	4	0	0	0.37	True	NA
Osteoglophonic_Dysplasia	ALL_MAPPINGS_CONSISTENT	3fb497bf5e3cc514ea28704991dfda790c1c4c06dedac56e473fa2244070050d	9	0	0	5.057	True	NA
Osteopetrosis	TIMED_OUT	58bd4e46acc90054f0d5b6b6e504595d6b25524f9d5fff4e369fb05a9e44141b	10	NA	0	60.365	True	NA
Otofacial_Neurodevelopmental_Syndrome	ALL_MAPPINGS_CONSISTENT	9a63dd7bb59662379e746e2708e6f880bd1ec61388d4925286f7fa9b6de4fbbf	4	0	0	0.38	True	NA
PACS2-Related_Developmental_and_Epileptic_Encephalopathy	ALL_MAPPINGS_CONSISTENT	5d6bdeaf02651dd124fa060ae55e03102f53d396c95d88f369b66d0e10adc18d	5	0	0	0.338	True	NA
PAICS_Deficiency	ALL_MAPPINGS_CONSISTENT	cc833a3ef2b2299c95a2562af19e8937ce36ab2e15b12dc8cbc821695787fc41	5	0	0	0.337	True	NA
PARK7-Related_Early-Onset_Parkinson_Disease	ALL_MAPPINGS_CONSISTENT	9cd59911833b84490449935c184c844321545db2e7b62126cd951c1cdb6c9709	6	0	0	0.376	True	NA
PAX1-Related_Otofaciocervical_Syndrome	ALL_MAPPINGS_CONSISTENT	a8e84e05e84738c36968603a7f3320acd4c3c5c034495864441d14d5e52d6743	4	0	0	0.356	True	NA
PCDH19_Clustering_Epilepsy	ALL_MAPPINGS_CONSISTENT	ea2361f28d3d20024b68d3a47557d98df8c6836c5487b8df2bc5844314d4c60f	8	0	0	0.906	True	NA
PCWH_syndrome	ALL_MAPPINGS_CONSISTENT	2840e0d4e617d71e9ba631cf6cc8e55b2c4966fdd69a587848439b1fe61e5e03	8	0	0	0.941	True	NA
PDE6A-Related_Retinopathy	ALL_MAPPINGS_CONSISTENT	e661257b13290e44851cb6c3c8259ac1a8958d55b8e366cf6b6c152571222909	3	0	0	0.319	True	NA
PET100-Related_COX_Deficiency	ALL_MAPPINGS_CONSISTENT	333e0c5c16a40ff0b09637f208180e7736ea492c12275897997e879e9a3d4a45	5	0	0	0.32	True	NA
PET117-Related_COX_Deficiency	ALL_MAPPINGS_CONSISTENT	0466cdc6e14aaafc85ac4c74427b6289421a901ca77ec8380f4846f9ff90b170	5	0	0	0.29	True	NA
PGM1-Congenital_Disorder_of_Glycosylation	ALL_MAPPINGS_CONSISTENT	270f1dc8ff2c78894f3af8cc9156d17663df1a40c5c55fde8f0aa80351ea1af0	9	0	0	5.077	True	NA
PGM2L1_Deficiency	ALL_MAPPINGS_CONSISTENT	b4e8ffd59ca110341de933b351cda4545c5f8223239231a35e199d3672e2656d	5	0	0	0.305	True	NA
PHARC_syndrome	ALL_MAPPINGS_CONSISTENT	4aef7d93947da5dd5554caafe59bac41b449a7c2e4b75deb522ffb89d2c35590	8	0	0	0.962	True	NA
PHF21A_Related_Neurodevelopmental_Disorder	ALL_MAPPINGS_CONSISTENT	816a9b0e7af8c58cd61e66cec3b16e5fe7d633a50faf657c2a619592bd00b17d	4	0	0	0.361	True	NA
PNPO_Deficiency	RETRACTED	fd46ea3739c6ceaba75eb788fc29f58486697e56a2b0666f0c80424dcfd81c08	10	1	1	56.257	True	NA
POT1_Tumor_Predisposition_Syndrome	ALL_MAPPINGS_CONSISTENT	15a999913777bf420220fa187e755fe0b54694bf55a88488e4902005d2e1a0ea	4	0	0	0.32	True	NA
PPP2R3C-Related_Gonadal_Dysgenesis_Syndrome	ALL_MAPPINGS_CONSISTENT	d24d4a10aea18996a8d897adc92e7e5c36857557ac6029e0e96ab1a90e72f21e	4	0	0	0.319	True	NA
PRKN-Related_Juvenile_Parkinson_Disease	ALL_MAPPINGS_CONSISTENT	13a22b68710b61255aca6dc2923fdf6682c7b0c21f2f9e69db0ce1c7630aac66	5	0	0	0.308	True	NA
PRMT7-Related_Short_Stature-Brachydactyly_Syndrome	ALL_MAPPINGS_CONSISTENT	e7d518f8539bdde13b7c729f2bd8377d4ef94cbc2a669fa238dc091dbbb55ad7	6	0	0	0.373	True	NA
PRPF31-Related_Retinopathy	ALL_MAPPINGS_CONSISTENT	17d5b7c2656bf4d9bfc3e60e4d5a69d1168b033e44289f3538ea2f1dda0a93c9	3	0	0	0.308	True	NA
PRR12-Related_Neuroocular_Syndrome	ALL_MAPPINGS_CONSISTENT	fb011e18585177d497a34ac4cd0375afbd83ac1c3ac11bdcdfe1c21e87a536b9	6	0	0	0.378	True	NA
PTCH1-related_Nevoid_Basal_Cell_Carcinoma_Syndrome	ALL_MAPPINGS_CONSISTENT	483ad2ffdf97aa6eb459f6989cbd9cd57fef8c5bda7a46779da8e37c7fcba720	4	0	0	0.306	True	NA
PUS3-Related_Neurodevelopmental_Disorder	ALL_MAPPINGS_CONSISTENT	10a0c3a90808c213d43afa159fb54731b0025c5bf4457fdc6387849f9125c474	6	0	0	0.402	True	NA
PUS7-Related_Neurodevelopmental_Disorder	ALL_MAPPINGS_CONSISTENT	192d5539e3358e85c760948d9c8e893fb2068b91d247cfe22bc3ee1e3a8a6202	5	0	0	0.339	True	NA
Pancreatic_Agenesis	ALL_MAPPINGS_CONSISTENT	0892dc9a7abefb4043f932ccb70a954238c6a4b57df40097249c04689e671645	8	0	0	0.867	True	NA
Pancytopenia-Developmental_Delay_Syndrome	ALL_MAPPINGS_CONSISTENT	2de300ec5208699be655643245b22adba4eeb101e4f39e46c0df123565055bb6	6	0	0	0.361	True	NA
Pantothenate_Kinase-Associated_Neurodegeneration	ALL_MAPPINGS_CONSISTENT	3c821b56e8a1ecbb05decb84509acae854aa0700596413595701c159a6ceca60	9	0	0	4.592	True	NA
Parenti-Mignot_Neurodevelopmental_Syndrome	ALL_MAPPINGS_CONSISTENT	b9cecfde1728f044c7cb0fa094453cdfc9f852ec9bae9edb91ee1e4891b9259e	4	0	0	0.314	True	NA
Parkinson_Disease_Mitochondrial	ALL_MAPPINGS_CONSISTENT	088afe60c9fd745033121bcfcf7c7bccff6633d6c625fc0da1e39e043be2a8a2	5	0	0	0.321	True	NA
Patent_Ductus_Arteriosus_3	ALL_MAPPINGS_CONSISTENT	5f09cfd14c9fbaaba21821bd22b6d6363c0f4840d98e7264394467227132d504	4	0	0	0.336	True	NA
Pearson_Syndrome	ALL_MAPPINGS_CONSISTENT	7d821491644e1a577c905ed52741a117c74d8be944a7cc46236935289a0d1eca	9	0	0	4.67	True	NA
Peeling_Skin_Syndrome	ALL_MAPPINGS_CONSISTENT	bd2b5b60e5dcd27eca5678d08e008fdd33adc4cdb62dff289582729cecee65b0	6	0	0	0.347	True	NA
Pentanucleotide_Repeat_Familial_Adult_Myoclonus_Epilepsy	ALL_MAPPINGS_CONSISTENT	728d388c278485c6f3e3cbd772e5263acd7711595d9c3769e2525a5255d98b73	6	0	0	0.361	True	NA
Periodic_Fever_Immunodeficiency_and_Thrombocytopenia_Syndrome	ALL_MAPPINGS_CONSISTENT	e88b47c2a1c57e7ca5d796c7a2d43378738e1207b43248eb33e86e797a05e9e9	7	0	0	0.522	True	NA
Peroxisome_Biogenesis_Disorder_11A_Zellweger	ALL_MAPPINGS_CONSISTENT	9248003d86135c0e116f809306916919dbf035249b01138be9701243bc04ebfa	5	0	0	0.317	True	NA
Peroxisome_Biogenesis_Disorder_11B	ALL_MAPPINGS_CONSISTENT	f2006212780fda7b4c0ce4eae9077d3d4d0516129689783249c7916e6dca4729	5	0	0	0.321	True	NA
Peroxisome_Biogenesis_Disorder_1B	ALL_MAPPINGS_CONSISTENT	f02b3064b2c8a72ccd5dc706db9a1734ec90f04e00c2a553fdaf83f46fe48a1d	6	0	0	0.356	True	NA
Peroxisome_Biogenesis_Disorder_2B	ALL_MAPPINGS_CONSISTENT	5e8b7fa78c610414ac9db2cbf424eb81ff4669c73ea6354a17314ad263bd8cc4	6	0	0	0.353	True	NA
Peroxisome_Biogenesis_Disorder_3A_Zellweger	ALL_MAPPINGS_CONSISTENT	604053f01b39b397590d6bbf39ea0ce84bb67109b321a89c68c76ca74aa724d9	7	0	0	0.482	True	NA
Peroxisome_Biogenesis_Disorder_4A_Zellweger	ALL_MAPPINGS_CONSISTENT	5c7a280bd4341e75d1205b38f8a20131697905c7a4193c2d46c6539e2bad4fdc	7	0	0	0.456	True	NA
Peroxisome_Biogenesis_Disorder_4B	ALL_MAPPINGS_CONSISTENT	41473d30af4399171bed5ae847565110ebfd74d9e6f5e0436bdbfcf611efce80	9	0	0	4.985	True	NA
Perrault_Syndrome	ALL_MAPPINGS_CONSISTENT	d25f1b824fe1e29b3c1e43b1948f33f057e53906aeef542e82453172c4bf0dd0	7	0	0	0.47	True	NA
Peters_Plus_Syndrome	ALL_MAPPINGS_CONSISTENT	06191e66966565ea9b88384c4bb471ee0af04d25bfed3fbb7739751a278a4039	9	0	0	5.329	True	NA
Pfeiffer_Syndrome	ALL_MAPPINGS_CONSISTENT	e995246ca66c03db9e54add80de20f10192ba5b3b92cddf3ff62f6c28aa2653a	9	0	0	8.287	True	NA
Phelan-McDermid_Syndrome	ALL_MAPPINGS_CONSISTENT	67be3b3613713de99a55fa6fdef928d92f28fb435d2dde6f507ecbd1e6b111bc	9	0	0	8.439	True	NA
Pilarowski-Bjornsson_syndrome	ALL_MAPPINGS_CONSISTENT	561ad3c1e90b35f992b4013bfcdb559dd0e0a34872164e5465f1c55c9a9e8210	6	0	0	0.345	True	NA
Platelet-type_Bleeding_Disorder_12	ALL_MAPPINGS_CONSISTENT	dec36194a0a3fafdc264acf015003956f41dc16bcda9153d64f55e7af845d3d6	6	0	0	0.346	True	NA
Platelet-type_Bleeding_Disorder_15	ALL_MAPPINGS_CONSISTENT	9627df81faa3cfc57fd45c5fdbc6f62056a33a53fe0125f0dd6884511c98b327	5	0	0	0.346	True	NA
Platelet-type_Bleeding_Disorder_18	ALL_MAPPINGS_CONSISTENT	3b0699472bc1d821cadf4ff736d3e9042047c30631755e73a8226c03f694bf84	7	0	0	0.505	True	NA
Platelet-type_Bleeding_Disorder_19	ALL_MAPPINGS_CONSISTENT	8fbbb6ab836a8f890bf88006c8e0d5e1cf4cac2103e16f4832de3f810a1e4d15	7	0	0	0.442	True	NA
Platelet-type_Bleeding_Disorder_20	ALL_MAPPINGS_CONSISTENT	ee95f1e5d37c40a3cdc915e02016965e313679a2256bb68f5f7ece65c0442c0a	7	0	0	0.456	True	NA
Platelet-type_Bleeding_Disorder_8	ALL_MAPPINGS_CONSISTENT	2ec3d49ecec8eb55e1609807812f1b0169dfac6e3a6f098ce35c5462c081a938	8	0	0	0.86	True	NA
Polycystic_Kidney_Disease_2	ALL_MAPPINGS_CONSISTENT	8392b19b423ba1e5c6a1aefa24b4f87592831a47fb71e101a23485569c4f323f	6	0	0	0.355	True	NA
Polycystic_Kidney_Disease_3	ALL_MAPPINGS_CONSISTENT	3a5382e7a6579fafd4fbf9d76619ab641afd5022a75c092e6fc23511d85de5c0	5	0	0	0.328	True	NA
Polymicrogyria_Perisylvian_With_Cerebellar_Hypoplasia_And_Arthrogryposis	ALL_MAPPINGS_CONSISTENT	3e00aa29fb0fd225d0fec13b3060f781beff54322373241ce95e85afc7c0219f	4	0	0	0.294	True	NA
Porphyria-Related_Leukoencephalopathy	ALL_MAPPINGS_CONSISTENT	d6f17dc81767973d950a20a2ead9b9c8c4a69d341d7e4433c177b36e743fb221	4	0	0	0.327	True	NA
Porphyria_due_to_ALA_Dehydratase_Deficiency	ALL_MAPPINGS_CONSISTENT	4a10196edb2ad9110d1e901fcf036900407bcdd9ebf5f2b65a0ce6f0ccb6def9	8	0	0	0.844	True	NA
Portal_Hypertension_Noncirrhotic_2	ALL_MAPPINGS_CONSISTENT	0aed7e02f09f497229e143d91264006f44ce1070d8ff50df399a71b152d15ab5	4	0	0	0.335	True	NA
Posterior_Polymorphous_Corneal_Dystrophy	ALL_MAPPINGS_CONSISTENT	3a79d0139648342771854427bd9635fd41c74fc40999d648689e366591705bb9	7	0	0	0.444	True	NA
Primary_Bile_Acid_Malabsorption	ALL_MAPPINGS_CONSISTENT	98077f7258129a0f03825e02d1fe7d499099d8d2400ea3ed820444e6236557c0	5	0	0	0.325	True	NA
Primary_Erythermalgia	ALL_MAPPINGS_CONSISTENT	8615ffc67aca6b23f2a8767b5e8900b320db6eecab70eb608e8b644df77cb7d7	8	0	0	0.913	True	NA
Primary_Pigmented_Nodular_Adrenocortical_Disease	ALL_MAPPINGS_CONSISTENT	d112dcc1e76a60e6b59ef8b93a43a0e192b9a54e67cba2035b5de3eae35e6360	6	0	0	0.387	True	NA
Primary_Triglyceride_Deposit_Cardiomyovasculopathy	ALL_MAPPINGS_CONSISTENT	8b4b0e2eefbf8d2b7d89e1776a951b0cf5434f60016b89bf1011eba34cca6a83	5	0	0	0.336	True	NA
Primrose_Syndrome	ALL_MAPPINGS_CONSISTENT	d778c2bc0c3ac3d8d7f6f99301555c870070bafb49d5f199b5be3ce53edec6b4	7	0	0	0.468	True	NA
Progressive_Myoclonic_Epilepsy_Type_8	ALL_MAPPINGS_CONSISTENT	eab6d129e5eb7e8154e33c55f4b0e57895ed8f7fe07a89e57c66e495fa4d1d68	7	0	0	0.497	True	NA
Progressive_Pseudorheumatoid_Arthropathy_Of_Childhood	ALL_MAPPINGS_CONSISTENT	b2886fb56e94d2cc09b7adf7489785670669a5118d4c9a6bae3497759f850ab6	9	0	0	8.122	True	NA
Proteasome_Associated_Autoinflammatory_Syndrome	RETRACTED	401e164b9ab53c15b4b463e372d82644f9e30e2950af071326b5634e2299ae1b	8	1	1	0.895	True	NA
Protein_S_Deficiency	ALL_MAPPINGS_CONSISTENT	6b060a9a53ad0fcff593f10c11ad1c70c9c844d37f37ee9704eb3d8ed08c69a3	8	0	0	0.891	True	NA
Proximal_Tubulopathy-Diabetes_Mellitus-Cerebellar_Ataxia_Syndrome	ALL_MAPPINGS_CONSISTENT	8f800ac70e9e35e8a5dae0487e9a4cf06cda3147b43b2cb37da698ca236aade3	5	0	0	0.326	True	NA
Pseudoxanthoma_Elasticum	ALL_MAPPINGS_CONSISTENT	5ac85d2c8dcea6ed5bc4fb08c4c7bca8fcd2a1f08a3437efd37b8c020d8cba8e	3	0	0	0.306	True	NA
Pyridoxine-Dependent_Epilepsy	ALL_MAPPINGS_CONSISTENT	fa4a79d29abdb23eb7e74946650c00de89f17601dadf2993377edd95883df9cc	5	0	0	0.299	True	NA
Pyruvate_Kinase_Deficiency	ALL_MAPPINGS_CONSISTENT	9cb279c7a5399c4b301c60dddc701611f49aba755d4d27e841f6eb8e9e7f4473	9	0	0	8.353	True	NA
RAB23-Related_Carpenter_Syndrome	ALL_MAPPINGS_CONSISTENT	66f0b83bf545b1d63a5a6c4f0e84fe094b53c5544a41fe7da7641350ee99ea15	5	0	0	0.325	True	NA
RAB33B-Related_Smith-McCort_Dysplasia_2	ALL_MAPPINGS_CONSISTENT	8b256fee43c748f6bb3a1db645fcd1342787df67bb1976e949b79701a7aa2021	5	0	0	0.313	True	NA
RARB-related_syndromic_microphthalmia	ALL_MAPPINGS_CONSISTENT	10952dda551589f8b2510ed76852eec5f20a1dc329e644b860823e44a3d94412	6	0	0	0.346	True	NA
RCBTB1-Related_Retinopathy	ALL_MAPPINGS_CONSISTENT	c0d4c9a3c9983d7b01b298b78a6a3e17a735680f21db93af05591ae46c73c987	4	0	0	0.312	True	NA
RDH5-Related_Retinopathy	ALL_MAPPINGS_CONSISTENT	65a702f99f0560f20fec37ca951eee85a3e975fa3cec2a1daea600a9734ecee4	3	0	0	0.316	True	NA
RFT1-congenital_disorder_of_glycosylation	ALL_MAPPINGS_CONSISTENT	03a43acd7d6b73c679647ccdc8fc68c78bc3e24003821d5a63d8d7b17ce9267f	8	0	0	0.871	True	NA
RHOBTB2-Related_Developmental_and_Epileptic_Encephalopathy	ALL_MAPPINGS_CONSISTENT	16faf30c069ded9f888f413109ec4b1270f464a013fc69dd32e6a480a1543f16	5	0	0	0.308	True	NA
RHYNS_Syndrome	ALL_MAPPINGS_CONSISTENT	dd74938c3b7891a6db2fe177a23385c8082f3b668d68c4ce4ee19cc5f2e489ad	7	0	0	0.466	True	NA
RLBP1-Related_Retinopathy	ALL_MAPPINGS_CONSISTENT	acf3640626a49fd035391da35a1a8a2f3522cb12a05806cf9e818da74ff04e0a	4	0	0	0.365	True	NA
RP2-Related_Retinopathy	ALL_MAPPINGS_CONSISTENT	a6b39725dfd86a5f77fcb9e3e546a5769ff0c8925c9c30e3651284173ea5d60c	3	0	0	0.342	True	NA
RTN4IP1-Related_Optic_Atrophy	ALL_MAPPINGS_CONSISTENT	f5b779494f376043e81330daa977157783ca85adfb21ba5cae42a4e31f2802ff	5	0	0	0.366	True	NA
RUNX1_Familial_Platelet_Disorder	ALL_MAPPINGS_CONSISTENT	98cfbf9078291d1c6f7a4309e4e15eb6a6f4d4fd7d82532ed1e56082162427f6	5	0	0	0.341	True	NA
RYR1-Related_Myopathy	ALL_MAPPINGS_CONSISTENT	a8d74083ec7e8e6441244937af8eafd2fdbfcfde002aadbc6cc5afeb3f562ac9	4	0	0	0.341	True	NA
Raine_Syndrome	RETRACTED	b9d83aae246a6e99e0a0bf06f69bc789cf4de5ec9cd0408a731976614e3e7b0d	9	1	1	7.158	True	NA
Rajab_Interstitial_Lung_Disease_With_Brain_Calcifications_1	ALL_MAPPINGS_CONSISTENT	8fe7d7f7dcf4b0d2e39e19390edf43bf494b73e7a690d3144d342c498160361e	6	0	0	0.363	True	NA
ReNU_Syndrome	ALL_MAPPINGS_CONSISTENT	444522186056a67da8e3a67370d2f0068b800ecf77ce5980c8977c7addf3ae04	6	0	0	0.361	True	NA
Reelin_Pathway_Lissencephaly	ALL_MAPPINGS_CONSISTENT	9102678c88e79e891269da612af82194c66d0e3d08c2a3d07dd56c5c739a7ba4	5	0	0	0.347	True	NA
Renal_Tubular_Acidosis_Distal_2_With_Progressive_Sensorineural_Hearing_Loss	ALL_MAPPINGS_CONSISTENT	47622410822137e83ebf3ec0b2c20e82ae67aa135cece8d51a9b28f44ac0b246	5	0	0	0.336	True	NA
Renal_Tubular_Acidosis_Distal_3_With_Or_Without_Sensorineural_Hearing_Loss	ALL_MAPPINGS_CONSISTENT	5554675d75f72246132c1b53a571c978546f5b8ce3c9d3e5dea7bf14b2d6e707	5	0	0	0.333	True	NA
Renal_Tubular_Acidosis_Distal_4_with_Hemolytic_Anemia	ALL_MAPPINGS_CONSISTENT	e2648931f36380f425602b70ced486af75746d9848f134a085e95dca735dfeb8	6	0	0	0.361	True	NA
Retinal_Arterial_Tortuosity	ALL_MAPPINGS_CONSISTENT	18835fffd747723a1c7389e93a394b364288793d407fbe358e5fe7c9686869ca	7	0	0	0.482	True	NA
Retinitis_Pigmentosa_With_or_Without_Situs_Inversus	ALL_MAPPINGS_CONSISTENT	e891ccc0163cedafcdef3ec31f33f6167dc9eb73cfc4dca47b1440fb638e3da7	5	0	0	0.317	True	NA
Reversible_Infantile_Cytochrome_c_Oxidase_Deficiency	ALL_MAPPINGS_CONSISTENT	d7ee17e7cdbe1de4995cf3279e791e36f17189e9c2ac142a0ad69108bdb6c295	4	0	0	0.347	True	NA
Revesz_Syndrome	ALL_MAPPINGS_CONSISTENT	e13a1e4fcc9a0ac4f40adba801cd51224464efd2ae1c8c93f2e503bb04ea2e11	9	0	0	8.73	True	NA
Rh_Deficiency_Syndrome	ALL_MAPPINGS_CONSISTENT	5c87d17250c91243e64e767e52b220ebe357cdf54282bf0afc62310cfa4450dd	9	0	0	8.704	True	NA
Rhabdoid_Tumor_Predisposition_Syndrome_1	ALL_MAPPINGS_CONSISTENT	e91653e185ac0248b490dccff8f23ba495144bb20f0f5f75d1b89bbbf366cd78	7	0	0	0.465	True	NA
Rhabdoid_Tumor_Predisposition_Syndrome_2	ALL_MAPPINGS_CONSISTENT	c8c8cc9e9c93a270e1f21aabf6b1824ddf9fd8501fbf0435e49768f3ff259d3d	7	0	0	0.476	True	NA
Rhizomelic_Chondrodysplasia_Punctata_Type_1	ALL_MAPPINGS_CONSISTENT	d4247de8a09a467acb739e91d7e17dea4a3705404264e3ef63f9e39f57c26842	8	0	0	0.885	True	NA
Rhizomelic_Chondrodysplasia_Punctata_Type_5	ALL_MAPPINGS_CONSISTENT	cdfd18a4a7f166732050f2a55f7f5ac2e35c1dbeac7ef3357a1d6acf6ae36d10	7	0	0	0.501	True	NA
Rienhoff_Syndrome	ALL_MAPPINGS_CONSISTENT	5741421cc926d7d273c7df116bf86f7bd26a171e8c863c4183bf544cb8338e83	5	0	0	0.35	True	NA
Ritscher-Schinzel_Syndrome_1	ALL_MAPPINGS_CONSISTENT	252ec0712fd35b3dbe9fe341d0f1757870d8eeee91994099b965bdf6bb0a201f	5	0	0	0.338	True	NA
Robinow_Syndrome_Autosomal_Recessive_2	ALL_MAPPINGS_CONSISTENT	21808596accc35d0f7af1d0cec15bb394ad9cfc6e977edb1442faf7797fa3982	5	0	0	0.329	True	NA
Rothmund-Thomson_Syndrome	ALL_MAPPINGS_CONSISTENT	28d2a9b47d8f5a019051cb6cc33cca9b62876511366ab701058613c76ec8f8b8	9	0	0	8.658	True	NA
Rotor_Syndrome	ALL_MAPPINGS_CONSISTENT	f909f95583d53bde9f55ad4e66b43163a577def7774874cb42f51cbf89bb2bdb	7	0	0	0.44	True	NA
SADDAN	ALL_MAPPINGS_CONSISTENT	27fd55b9cc6cfe2769486c003580cf1cef8e103367a3f6f13a044dfb9b18ddf1	7	0	0	0.462	True	NA
SARS1-Related_Neurodevelopmental_Disorder	ALL_MAPPINGS_CONSISTENT	3db4310afe14be75a3e89d092f9b480c73f85b63c1b1798f2a6094fede7523f8	4	0	0	0.345	True	NA
SCN1B-Related_Developmental_and_Epileptic_Encephalopathy	ALL_MAPPINGS_CONSISTENT	d38cf338bcef5c2f393127009cdecdcfdc8337e6f45e8c2db693afcc114aa416	5	0	0	0.315	True	NA
SCO1-Related_COX_Deficiency	ALL_MAPPINGS_CONSISTENT	a95f82fed3cbd28686765f52decc6c957b5ca87ac3be34cf8a34f14acd1816a5	5	0	0	0.345	True	NA
SCO2-Related_Fatal_Infantile_Cardioencephalomyopathy	ALL_MAPPINGS_CONSISTENT	9a8190fbae8c7010e2604295170dbef143f2790c1259ab02237ae842438a96aa	5	0	0	0.338	True	NA
SCUBE3-Related_Short_Stature_Syndrome	ALL_MAPPINGS_CONSISTENT	6db6469c86ec15182f9dd0b33e789461b059c99402fdd6f338c62fbadb902db2	5	0	0	0.317	True	NA
SDHA-Related_Neurodegeneration_With_Ataxia_And_Optic_Atrophy	ALL_MAPPINGS_CONSISTENT	e8b5598ddc17149b44d5623ef4fb189dfb0510028311a339b2fc46cd723c2064	4	0	0	0.372	True	NA
SETBP1_Disorder	ALL_MAPPINGS_CONSISTENT	757ec76415904d03581d0cbe2b4cc66e7fabe93b356db7766712dedccccf3986	5	0	0	0.317	True	NA
SETD1A-Related_Early-Onset_Epilepsy	ALL_MAPPINGS_CONSISTENT	0ebf62a63ee56be75dea774dc0e377ed7fac26357412c9a136efcf00d65bdd5d	5	0	0	0.373	True	NA
SETD1B-Related_Neurodevelopmental_Disorder	ALL_MAPPINGS_CONSISTENT	b0c4a3cb599057488f4f40eece8b06824927f3be5ae77d6ed7ec3990694ae1e0	4	0	0	0.37	True	NA
SETD5_Haploinsufficiency_Syndrome	ALL_MAPPINGS_CONSISTENT	f4d51574570f920ae071f1a11d6ff747d01cc7c1271d06cfabe6c3bd5fcce2fb	5	0	0	0.395	True	NA
SHORT_Syndrome	ALL_MAPPINGS_CONSISTENT	f21040c0525cf4d4140d6d6e7cf000b6d5411699cc448079b336bf2fdb698522	9	0	0	6.691	True	NA
SLC12A5-Related_Developmental_and_Epileptic_Encephalopathy	ALL_MAPPINGS_CONSISTENT	e4cbc105ffdf8a02627c47eb60ba5400beefaaf47fa94c4204e43bcebc16b43c	5	0	0	0.409	True	NA
SLC13A5_Citrate_Transporter_Disorder	ALL_MAPPINGS_CONSISTENT	d99001b5d182218ed8f14e60e9684030efdf5d14cc3d13a7e0569c3d85aeb520	5	0	0	0.391	True	NA
SLC25A12-Related_Developmental_and_Epileptic_Encephalopathy	ALL_MAPPINGS_CONSISTENT	830651719ee7f86b5f8c1d8f69ec5085e2fe94b3843fa9f7cae452ce4cab24c8	8	0	0	0.887	True	NA
SLC35A2-CDG	ALL_MAPPINGS_CONSISTENT	ff937dee7858be503d29080622ceca7c661dd6103a3335ea0a652c7d32d5f638	7	0	0	0.454	True	NA
SLC44A1-Related_Childhood-Onset_Neurodegeneration	ALL_MAPPINGS_CONSISTENT	892528680a13e12eb2ca7eafec1253dab63a643c29e417f11a65792f477c7e28	4	0	0	0.404	True	NA
SLC45A1-Related_Neuronal_Glucose_Transporter_Deficiency	ALL_MAPPINGS_CONSISTENT	5daafb9cf551de74b3d134056c3b4126703d02873a59e2ffd97fed1bee39dc63	4	0	0	0.588	True	NA
SLC6A1-Related_Disorder	ALL_MAPPINGS_CONSISTENT	66b9127bd2f872cd174a2924998c9971edd73a88192c2ebaeb0bb21f6ce29dcf	8	0	0	0.934	True	NA
SMAD6-related_Craniosynostosis	ALL_MAPPINGS_CONSISTENT	f0c72f28f56679fdf6c8abb61c82c3926ed355c9eed49ebb8923428f12f6a8f9	5	0	0	0.359	True	NA
SNAP25_Encephalopathy	ALL_MAPPINGS_CONSISTENT	36ae8845952bfa51b57c04cc2600e7c959d5972d27451b70d10a2d63255de6c9	5	0	0	0.344	True	NA
SNF8-Related_Neurodevelopmental_Disorder	ALL_MAPPINGS_CONSISTENT	11bdfa1a45f0dcbb743307fafe90ecd80439a677077ad727910b6357b2513e19	4	0	0	0.806	True	NA
SNIP1-Related_Neurodevelopmental_Disorder	ALL_MAPPINGS_CONSISTENT	46a8d6efa2dc0ce0872c2e711799596b87ba351eec1d2e3170f02d925e5ea0a9	4	0	0	0.78	True	NA
SOCS1_Haploinsufficiency	ALL_MAPPINGS_CONSISTENT	1747ad31dad419550e51232bb562009f233bdea8cfb04d8276d90da554f23aa8	4	0	0	0.823	True	NA
SOX11-Related_Neurodevelopmental_Disorder	ALL_MAPPINGS_CONSISTENT	93ddaad0276a05065332dace8ab58fbf25ee9a789dffdd8f5202f7cbf01cc39a	5	0	0	0.372	True	NA
SPTAN1-Related_Developmental_and_Epileptic_Encephalopathy	ALL_MAPPINGS_CONSISTENT	281274a79de179fec9df8ec06eb93b7fcdbca5dfd0ee8e89eb5cf756a476d391	5	0	0	0.38	True	NA
SPTBN4-Related_Neurodevelopmental_Disorder	ALL_MAPPINGS_CONSISTENT	a84bb157a168510e013a61b4f0c50535c07d12c87e2643387badfc82cd7fb4ad	4	0	0	0.828	True	NA
SRD5A3-Congenital_Disorder_of_Glycosylation	ALL_MAPPINGS_CONSISTENT	ac0dfceadea769247b1bcd9e553fc8fd9fbea9a0ccfbf9c0af706db9743d6f72	7	0	0	0.469	True	NA
STAG3-related_gametogenic_failure	ALL_MAPPINGS_CONSISTENT	a3710de079a6fa4b9ec0bf8dcbbdf3d6dbed936dd26f4f2be9538a91d9d2ce42	5	0	0	0.343	True	NA
STAT2_Deficiency	ALL_MAPPINGS_CONSISTENT	7246c503be919794dcf6659ffbb528e51efc73c8d411185fa857ead9577f31cf	7	0	0	0.439	True	NA
STAT6_Gain_of_Function_Disease	ALL_MAPPINGS_CONSISTENT	3552576b7b5fe5e0019e7a95265f6e4ca57b1b4263abf2546e0bb8c464469caa	4	0	0	0.821	True	NA
STING_Associated_Vasculopathy_with_Onset_in_Infancy	ALL_MAPPINGS_CONSISTENT	90e1dccff8c906c0f91b486b160c106d2b3f20788a4124f6b2e432b65aa62ec0	7	0	0	0.445	True	NA
STK4_Deficiency	ALL_MAPPINGS_CONSISTENT	13f5291057c539833ac705e79b4e1e0bcdc033733b87888a31266e9731d89742	6	0	0	0.349	True	NA
STRA6-related_syndromic_microphthalmia	ALL_MAPPINGS_CONSISTENT	1723bf45eb5c16b950235bcfb4389fa1d3b76683668302c5d75671655c51d1d3	8	0	0	0.985	True	NA
STX1B-Related_Epilepsy	ALL_MAPPINGS_CONSISTENT	f3e47eb1c467d6a48a522d3633347320555f924d3e26ba67286fd75e54370c35	5	0	0	0.304	True	NA
STXBP1_Encephalopathy	ALL_MAPPINGS_CONSISTENT	7b787a959330ab7bc82be68506b51e57fcf195ed9dc02d9cf17fbf7d688e7530	9	0	0	6.515	True	NA
SUFU-related_Nevoid_Basal_Cell_Carcinoma_Syndrome	ALL_MAPPINGS_CONSISTENT	38ba1dfc69bc787f3d16ed68afcb7b79a483972df550d9ec1e0a8486ac68ccdb	5	0	0	0.307	True	NA
SURF1-Related_Leigh_Syndrome	ALL_MAPPINGS_CONSISTENT	e8fceac2dc00ead8e9c52005b3119c4d9698a78277453afa4df0f5f65a9f97bf	5	0	0	0.3	True	NA
SYCE1_Related_Gametogenic_Failure	ALL_MAPPINGS_CONSISTENT	6385ee6cf3d25da9bc6b3bbbf43653504b9e9f30bfee6286b6348cd86cc890cb	3	0	0	0.332	True	NA
SYCP2-related_spermatogenic_failure	ALL_MAPPINGS_CONSISTENT	0521e7449fb36f5f994d038d947f3736b921c17774bc3424e384e5d510d91a5e	6	0	0	0.374	True	NA
SYCP3-related_spermatogenic_failure	ALL_MAPPINGS_CONSISTENT	e5ec5243c80d397ec3bd14a572b0b79c00395e7c2255ddd17f8845fdd368678f	6	0	0	0.346	True	NA
SYN1-Related_Disorder	ALL_MAPPINGS_CONSISTENT	52866afabf0775babfc7bb01e89d890b00f4bd338710977c688ec792262177a2	8	0	0	0.93	True	NA
SYNGAP1-Related_Developmental_and_Epileptic_Encephalopathy	ALL_MAPPINGS_CONSISTENT	cfdff5e76b61b06451f13e93c9dc8193510bb9df263e3446cc18a9de016450b5	8	0	0	0.871	True	NA
SYT1_Baker-Gordon_Syndrome	ALL_MAPPINGS_CONSISTENT	322d7b59104ac285ec30fe3a4dc661c0fb65ccab4a7456cd0e3a4c5667ef610a	6	0	0	0.378	True	NA
SZT2-Related_Developmental_and_Epileptic_Encephalopathy	ALL_MAPPINGS_CONSISTENT	3a4c3dd502d8e860726fa253e44c09d0b711d27096431e28e41e096b1de3e2e1	5	0	0	0.339	True	NA
Saethre-Chotzen_Syndrome	ALL_MAPPINGS_CONSISTENT	b297b93044387b6374e106c6fd2caefa8145ed8c01a63edb5ed0e1d285b327c4	9	0	0	6.476	True	NA
Salla_Disease	ALL_MAPPINGS_CONSISTENT	f480b538ed05028b1a9536ccfd873720d251c8610d6662a8f2c9192285653695	7	0	0	0.466	True	NA
Sanjad-Sakati_Syndrome	ALL_MAPPINGS_CONSISTENT	6f151ad8e262ec8c91b0f513e8f4ea060e21149646d3b49a108b309f09d8cf32	9	0	0	6.904	True	NA
Saul-Wilson_Syndrome	ALL_MAPPINGS_CONSISTENT	00e19a450c7c3f01aeac9de30d25b59bf065de86a77acf42dbbd32d89393e642	8	0	0	0.859	True	NA
Say-Barber-Biesecker-Young-Simpson_Syndrome	ALL_MAPPINGS_CONSISTENT	fc174f1f673ddd312862dad2d44f47fbc21bad64b7891ad1c50b2edeeace0ed5	8	0	0	0.921	True	NA
Scapuloperoneal_Spinal_Muscular_Atrophy	ALL_MAPPINGS_CONSISTENT	7ed5e3dd1960c1a697cc9213ba5aa853a92dba00644801c563ded97312821aa0	7	0	0	0.45	True	NA
Schaaf-Yang_Syndrome	ALL_MAPPINGS_CONSISTENT	8f06d792f56ec9a3ba353b56b133a477ea667960ba1fbd387ceb7c2c88d212c1	8	0	0	0.913	True	NA
Schindler_Disease	ALL_MAPPINGS_CONSISTENT	42c8d66b7a2a95b348254b48b5b83ac32a314583e378f5e9bac51b7d64f81190	8	0	0	0.912	True	NA
Schneckenbecken_Dysplasia	ALL_MAPPINGS_CONSISTENT	cb2466fc7df01ba33ea1335868d0db10f8381fd0d0578b32378a6700ef770c43	9	0	0	6.94	True	NA
Schnyder_Corneal_Dystrophy	ALL_MAPPINGS_CONSISTENT	113a7d469ceea18c25793482e709bd2df4d62a0394a1b92c343b2e217cd4ab46	8	0	0	0.93	True	NA
Schwartz-Jampel_Syndrome	ALL_MAPPINGS_CONSISTENT	793c6ed4042322469fdb244f68d0ab916d160a234959b0b2c6540fdce351712f	9	0	0	7.613	True	NA
Scott_Syndrome	ALL_MAPPINGS_CONSISTENT	657ceb3988e3aee25d178506e099b5b8fbfc0eefdb2fbac3f4616c4765f301cf	9	0	0	7.254	True	NA
Sea-Blue_Histiocyte_Syndrome	ALL_MAPPINGS_CONSISTENT	d16d8ed429ec57c05f8371e3f7cf2267e159f61dfd5a62d2a7d9b8e4f62256ea	7	0	0	0.452	True	NA
Seckel_Syndrome	ALL_MAPPINGS_CONSISTENT	ce42bab43d5402b3c4c8c1e50c3b532f8c6a4f712e43ac9f195409a7ad262a3d	8	0	0	1.013	True	NA
Seizures-scoliosis-macrocephaly_Syndrome	ALL_MAPPINGS_CONSISTENT	c4fbbc16a65fc9b2ae69d9abdd201affcc78bbe126f686beb75ef909a03b992a	6	0	0	0.333	True	NA
Sengers_syndrome	ALL_MAPPINGS_CONSISTENT	1911c10171486897ab8f8e7d4750f4cb17f3584abafc26a276f9baecc11c8439	9	0	0	7.175	True	NA
Sensory_Ataxic_Neuropathy_Dysarthria_Ophthalmoparesis	RETRACTED	6d52ee29e507b17fd4eea0533b3f162d817d03be3366870ac20f43afb359f636	9	1	1	6.276	True	NA
Severe_Combined_Immunodeficiency_Due_To_CARD11_Deficiency	ALL_MAPPINGS_CONSISTENT	1fdb64b879f82d0144d79e798b0a8c630d334ee4465d56954b934ab9e742a5a4	7	0	0	0.459	True	NA
Shashi-Pena_Syndrome	ALL_MAPPINGS_CONSISTENT	cfcf04618a6b155d231d61474b43700e680649c9ea2ec3adb411b475179ae6d6	5	0	0	0.33	True	NA
Shashi_X-Linked_Intellectual_Disability_Syndrome	ALL_MAPPINGS_CONSISTENT	783b6634c2dea04fd4bc838a9c7c56140bdec6b6fe1cf6862066ddee5197a47e	8	0	0	0.968	True	NA
Short-Rib_Thoracic_Dysplasia_6_With_Or_Without_Polydactyly	ALL_MAPPINGS_CONSISTENT	483f64324226b9fe2265ee3b76261e886dffa1b0b852977eee4f152eabac1bbd	6	0	0	0.349	True	NA
Short-rib_Thoracic_Dysplasia_21_Without_Polydactyly	ALL_MAPPINGS_CONSISTENT	68e986a6309d3ac716b92b3958bd08c0d3d60c98d73225ac49f3c35eaa1cdb4a	4	0	0	0.839	True	NA
Short_Stature_Amelogenesis_Imperfecta_And_Skeletal_Dysplasia_With_Scoliosis	ALL_MAPPINGS_CONSISTENT	87bd4367be83076d3e18511e45acfbd12a3152c5b69eaeddf0985960b1ef75af	4	0	0	0.785	True	NA
Short_Stature_Dauber-Argente_Type	ALL_MAPPINGS_CONSISTENT	b7853d15c68dc772ec395d2003e5da7a82bd61f80b884e645ac830064746ffcc	4	0	0	0.555	True	NA
Short_Stature_Microcephaly_and_Endocrine_Dysfunction	ALL_MAPPINGS_CONSISTENT	11cb459f9b0d84c5b0e7d88fa47f868dabb21b3b678cbec4ba30c9decce8b30c	4	0	0	0.417	True	NA
Shprintzen-Goldberg_Syndrome	ALL_MAPPINGS_CONSISTENT	a9b0f7db670d9d4f8eecffd514d06dee263d6c1cadaad82b08bc4b5846313d52	7	0	0	0.444	True	NA
Sialidosis_Type_1	ALL_MAPPINGS_CONSISTENT	ad8327a8ecbcf2ee69851b308561251de16752f749d095e842bf90d2675b410e	6	0	0	0.348	True	NA
Sialuria	ALL_MAPPINGS_CONSISTENT	29fbb05212ac059569ec737f08628a289059d151a993a9e24c39f4670eaa9497	8	0	0	0.97	True	NA
Sick_Sinus_Syndrome_2_Autosomal_Dominant	ALL_MAPPINGS_CONSISTENT	4c2ea2c6ebf0cf36fd07fa75ff054cb5d70cee784cae674d4847ca24216b2235	5	0	0	0.35	True	NA
Siddiqi_Syndrome	ALL_MAPPINGS_CONSISTENT	5775d5711c025840ad1d9a1f2c2a93780900ea441c10dfe3873f68b47bb0c777	5	0	0	0.344	True	NA
Sideroblastic_Anemia_3	ALL_MAPPINGS_CONSISTENT	8199fa832be4279f18bace7126d6965d0863b0e951299f6212a6efa683b95fd3	7	0	0	0.426	True	NA
Sifrim-Hitz-Weiss_Syndrome	ALL_MAPPINGS_CONSISTENT	b40793b64964bc636373eaf514b556357621a4464a6ce855ead55853a9adb5fd	7	0	0	0.441	True	NA
Silver_Russell_Syndrome	ALL_MAPPINGS_CONSISTENT	ccf188b97bac834e69a8084f0eb17f279656af1dd94640c8728896e311687811	9	0	0	7.35	True	NA
Simpson-Golabi-Behmel_Syndrome_Type_1	ALL_MAPPINGS_CONSISTENT	722b5902b1689827c4fba536d46e67ae74c8b9b49237b654036fdf389e740266	5	0	0	0.305	True	NA
Sinoatrial_Node_Dysfunction_and_Deafness	ALL_MAPPINGS_CONSISTENT	537cafa6567b845d57e53e0992b5b9ac263a41182c3f2eaf61e440f040f86ed7	6	0	0	0.386	True	NA
Sitosterolemia	ALL_MAPPINGS_CONSISTENT	05b69d9f7af9d7fb7689035dca3d3b2ac6f68ee23823a3c6775dc5f5603d370c	8	0	0	0.967	True	NA
Skraban-Deardorff_Syndrome	ALL_MAPPINGS_CONSISTENT	24c7d9c0c22e3b911c96a246327af0a0513949aa78fd4eef58169521d8ca103d	6	0	0	0.353	True	NA
Snijders_Blok-Campeau_Syndrome	ALL_MAPPINGS_CONSISTENT	4647e5ae137fc9cf4640f31d742a155dea029767cb1944379a981e1d01d76605	7	0	0	0.427	True	NA
Snyder-Robinson_Syndrome	ALL_MAPPINGS_CONSISTENT	941ad9fd81a98fcd880fba9b84e20ab67445b82a41ea63dc8d7c94b9851fe23a	8	0	0	0.966	True	NA
Spastic_Paraparesis-cataracts-speech_Delay_Syndrome	ALL_MAPPINGS_CONSISTENT	58be52bf48abb680a037c96eb850e93265c0f1463c40f0adf7238be7584649ef	6	0	0	0.375	True	NA
Spastic_Paraplegia_81	ALL_MAPPINGS_CONSISTENT	afe83c908a322971b8f842143a0b6d664e2610906fbd8c62792febbc52b085d4	4	0	0	0.409	True	NA
Spastic_Paraplegia_89_Autosomal_Recessive	ALL_MAPPINGS_CONSISTENT	778df27c744fb42ba3441afc5c03a62a8e233cc954d99ff29269cc5730f190dc	5	0	0	0.331	True	NA
Spastic_Paraplegia_90A_Autosomal_Dominant	ALL_MAPPINGS_CONSISTENT	f788a6964c3041f1bc6abe7d1a303748c84bd31692ecbbff1d0f4564a5db7fee	5	0	0	0.32	True	NA
Spermatogenic_Failure_18	ALL_MAPPINGS_CONSISTENT	db638af604c50f9fb535937c5f9ea068ec65b901a3b06026a5f26129a6ad19ff	5	0	0	0.357	True	NA
Spermatogenic_Failure_43	ALL_MAPPINGS_CONSISTENT	6ff192e74a7fde919ff39ef6e98568b60f389d54b7d0817e60b37f9b2fe7ead8	5	0	0	0.35	True	NA
Spermatogenic_Failure_98	ALL_MAPPINGS_CONSISTENT	2826706f7b4af1a1e24fc25eb2e2a8fae8ea986ba7543cd175f03b312cf4d2dc	4	0	0	0.411	True	NA
Spinal_Muscular_Atrophy_Progressive_Myoclonic_Epilepsy	ALL_MAPPINGS_CONSISTENT	6bad5e7c23e1e1b2e306ad4578e86a4351a885c977d28ba7bafca3e84069d967	8	0	0	0.945	True	NA
Spinal_Muscular_Atrophy_with_Respiratory_Distress_Type_1	ALL_MAPPINGS_CONSISTENT	e69ee8a289c75762b27292d476ff599ce9c96e54382285c331374386ad754bb6	8	0	0	0.86	True	NA
Spinocerebellar_Ataxia_27B	ALL_MAPPINGS_CONSISTENT	70764025e65d72ed178a7a734018f9ed7c7fb210bec8b16441ae1206e0c99acb	6	0	0	0.396	True	NA
Spinocerebellar_Ataxia_43	ALL_MAPPINGS_CONSISTENT	89cca5acc18f60501094aa69d54850b0e3408979750287f85bd4b11039e73733	7	0	0	0.435	True	NA
Spinocerebellar_Ataxia_48	ALL_MAPPINGS_CONSISTENT	9aeb41c4f42ab36043bab328a4faf4d2930517659bbff3748064cd6b73cb90aa	7	0	0	0.433	True	NA
Spinocerebellar_Ataxia_Autosomal_Recessive_31	ALL_MAPPINGS_CONSISTENT	1cc70ba4c49aafc05a68b938cf21131e01a69bfbce98cc9933c3786a14fd5baf	5	0	0	0.333	True	NA
Spinocerebellar_Ataxia_Autosomal_Recessive_32	ALL_MAPPINGS_CONSISTENT	4a6a6c4e09d7ad8b483b022e6547d9fc55528da44d32533c69693f3340014212	5	0	0	0.328	True	NA
Spinocerebellar_Ataxia_Type_1	ALL_MAPPINGS_CONSISTENT	3adab6e2380ed892bd1b20a83552a2c8e998868b32f43083c0d728cdb28baf4d	9	0	0	7.42	True	NA
Spinocerebellar_Ataxia_Type_15_16	ALL_MAPPINGS_CONSISTENT	b1f8316e0843b01e0fc090545447704a8c8a853ef1440793bd5d112d538e1e32	9	0	0	7.053	True	NA
Spinocerebellar_Ataxia_Type_2	RETRACTED	b6e53511956bd19a42da9fdbb9c87b62a45937ff772d158f07ed8e12e291e915	10	1	1	56.934	True	NA
Spinocerebellar_Ataxia_Type_23	ALL_MAPPINGS_CONSISTENT	6ebdb4c85c02c112fca3799dfcaccb1bcc872152a0707ec7ec281a4db82320ce	9	0	0	7.017	True	NA
Spinocerebellar_Ataxia_Type_36	ALL_MAPPINGS_CONSISTENT	4c22b5c973f060bcf595156da904291bd12a8e880d488310c375209783b9e194	9	0	0	6.592	True	NA
Spinocerebellar_Ataxia_Type_8	ALL_MAPPINGS_CONSISTENT	43ccb8faacb5009a3c4329e0db59f6be9f01693209cdab13d2eb0ae2786891b8	8	0	0	1.016	True	NA
Spondylo-megaepiphyseal-metaphyseal_Dysplasia	ALL_MAPPINGS_CONSISTENT	89b5cf0f56b81b7c7ffe4d465f3d730c419a24b04d8d4259a6c717776ca34510	7	0	0	0.436	True	NA
Spondylocarpotarsal_Synostosis_Syndrome	ALL_MAPPINGS_CONSISTENT	575e87a9b2284c40ebb2b7da28d6ac3345cab936ed19ececd4c4a25e42c3802b	8	0	0	1.051	True	NA
Spondyloenchondrodysplasia	ALL_MAPPINGS_CONSISTENT	29a6a68ba1b6719a5dc9ed2890da16c1dee34ca237383ed14c529edd1f0fb954	7	0	0	0.454	True	NA
Spondyloepimetaphyseal_Dysplasia_Aggrecan_Type	ALL_MAPPINGS_CONSISTENT	1ad05129dcaf3f06bb6213d40a117db87b47baad8132096e110f01a61601b520	8	0	0	1.03	True	NA
Spondyloepimetaphyseal_Dysplasia_Bieganski_Type	RETRACTED	1a7cda7c5e62bb6aa4ee890608253febe5a1cc519621a40cdf920af1156214ec	9	1	1	5.167	True	NA
Spondyloepimetaphyseal_Dysplasia_Faden-Alkuraya_Type	ALL_MAPPINGS_CONSISTENT	75648b60bd61f8004817885b7215fa8ac059281a2aa366864d4feeae2a4ab238	6	0	0	0.399	True	NA
Spondyloepimetaphyseal_Dysplasia_Guo-Campeau_Type	ALL_MAPPINGS_CONSISTENT	64892a30abade12aadeff4b5ab879acb22a8955224995f1fd83205daf0c5b2c3	4	0	0	0.374	True	NA
Spondyloepimetaphyseal_Dysplasia_Maroteaux_Type	ALL_MAPPINGS_CONSISTENT	1d80e96c334b1ed8838755eaeb7c7651bc704651769c0699c380318f9681b273	7	0	0	0.488	True	NA
Spondyloepimetaphyseal_Dysplasia_Short_Limb_Abnormal_Calcification_Syndrome	ALL_MAPPINGS_CONSISTENT	96c391e9ead2ac213ab07471561559173729afb01b9af5ca0a6cf236cccdbfbe	8	0	0	1.052	True	NA
Spondyloepimetaphyseal_Dysplasia_Strudwick_Type	ALL_MAPPINGS_CONSISTENT	9708b183961ad21fb2b7888711f7918213b9b4fbc71a6b8e7c8024dbadb3b953	7	0	0	0.502	True	NA
Spondyloepiphyseal_Dysplasia_Congenita	ALL_MAPPINGS_CONSISTENT	d0743126077f7831ebcc180dc2e5c62f44fa75c146697efc3c57b10f16413bb4	8	0	0	0.99	True	NA
Spondyloepiphyseal_Dysplasia_Nishimura_Type	ALL_MAPPINGS_CONSISTENT	2bced512916572d58e5b8ea4179ec9b4341617f2ecbcb9c651dbae9a4a66ee34	6	0	0	0.359	True	NA
Spondylometaphyseal_Dysplasia_Corner_Fracture_Type	ALL_MAPPINGS_CONSISTENT	d0513c5f86f73df71c6bee0174f850e5ba1deb3e58df7ebad0f618fa168e0532	9	0	0	5.99	True	NA
Spondylometaphyseal_Dysplasia_Kozlowski_Type	ALL_MAPPINGS_CONSISTENT	3ee2c312f69f5e617ef60a14c4dba600f24ec81c6d26f29b4b498ba718fdd82d	9	0	0	6.251	True	NA
Spondylometaphyseal_Dysplasia_with_Cone-Rod_Dystrophy	ALL_MAPPINGS_CONSISTENT	671d80acb36ad2d3170bc5ddbbd056ba33fb815daece13073b9f2519fda501c7	8	0	0	0.999	True	NA
Spondylometaphyseal_Dysplasia_with_Corneal_Dystrophy	ALL_MAPPINGS_CONSISTENT	cc721f4a3873c6dfc84566000ed7d8f3dc97b61a843a3b3e72466aced00f2b17	7	0	0	0.465	True	NA
Stankiewicz_Isidor_syndrome	ALL_MAPPINGS_CONSISTENT	7be8908915ffcafb79d064c13214c3d0e270b30934e6cfef33a3ba861de03229	4	0	0	0.426	True	NA
Stromme_Syndrome	RETRACTED	145643f6c392188e35f2364ef312ca22adda662f55fd3b4917623d20a577c7be	10	1	1	60.007	True	NA
Succinic_Semialdehyde_Dehydrogenase_Deficiency	ALL_MAPPINGS_CONSISTENT	24dafb1cd9cf3a3ed263a02a75a7e6ee4614e97a6315f604f221e6d701a3cf48	8	0	0	1.005	True	NA
Sweeney-Cox_Syndrome	ALL_MAPPINGS_CONSISTENT	f01d87f822dca044b69083609fb4d834b13d75597195745b4447a6620e980a0f	5	0	0	0.323	True	NA
Syndromic_X-linked_Intellectual_Disability_94	ALL_MAPPINGS_CONSISTENT	c344b9bdb4de174e81fcfa49426ae0c9302b039d25775e14635f69f8aa3dd463	8	0	0	1.067	True	NA
TACO1-Related_COX_Deficiency	ALL_MAPPINGS_CONSISTENT	e2b023ad12107bbb898f70bc2e0ce9220b5edf396778ee32594092827d91df1e	5	0	0	0.306	True	NA
TANGO2_Deficiency_Disorder	ALL_MAPPINGS_CONSISTENT	97a26a621cebdce326452ac6aa41aa63f8cf6861f2439aed0cb8e90b3b513b78	7	0	0	0.482	True	NA
TARP_syndrome	ALL_MAPPINGS_CONSISTENT	8896e379f9727933e281764cd36dfe949f87650230c3226eb54c514e5bc33a5d	8	0	0	0.958	True	NA
TBX6-Associated_Congenital_Scoliosis	ALL_MAPPINGS_CONSISTENT	1a47617e13f10a21fba7f2291551d7c0c74c51daafb14e832a667411b25a4190	5	0	0	0.313	True	NA
TCF20-Associated_Neurodevelopmental_Disorder	ALL_MAPPINGS_CONSISTENT	568e46864ef933092e5eb6a73af64bb741e27952442d4dd46f49ca30ce33f9b2	4	0	0	0.351	True	NA
TEX11-related_spermatogenic_failure	ALL_MAPPINGS_CONSISTENT	2fd0c0c5e83bb4e00f2214be57ba3806b2c5597df142ea17733f5918b027dcfd	5	0	0	0.348	True	NA
TFRC-Related_Combined_Immunodeficiency	ALL_MAPPINGS_CONSISTENT	14b68fb5989a3c278d2e45a05a9fbcc45723222e348a5c83f7cdf062f9b2ad9f	7	0	0	0.53	True	NA
THG1L-Related_Disorder	ALL_MAPPINGS_CONSISTENT	eae5bdbb37e1020f696dccfe2324f7974e3ab87a95bc19e2d1b0a423449a6bff	5	0	0	0.294	True	NA
THOC2-Related_Intellectual_Disability	ALL_MAPPINGS_CONSISTENT	d75f4fbf62822646ef24c9b1a629fa6bea535fc53db676543092319a9d2bf7bf	7	0	0	0.516	True	NA
THOC6-Related_Developmental_Delay-Microcephaly-Facial_Dysmorphism_Syndrome	ALL_MAPPINGS_CONSISTENT	8235489fa5503a68cf32c3678b96fe742f3b6417fc6c43349f42af7670728074	6	0	0	0.365	True	NA
THUMPD1-Related_Neurodevelopmental_Disorder	ALL_MAPPINGS_CONSISTENT	785a85a0ef44eb986e9b25216abb111f7c8c9b7df83b96e156a77c9dd4a0c8cd	4	0	0	0.421	True	NA
TLR3_Deficiency	ALL_MAPPINGS_CONSISTENT	a5d7823dc5467d93964aa9f332d537b5a1c333535d594bcd88b06c0704d71f9e	4	0	0	0.412	True	NA
TMEM199-CDG	ALL_MAPPINGS_CONSISTENT	e69bcbfd521e009de4f63b3f7572692335c680a18cfb7a6b0b927294c7c14e2c	7	0	0	0.482	True	NA
TRAF3_Haploinsufficiency	ALL_MAPPINGS_CONSISTENT	0d4d8b49ef2caa97300016e851fe0457d65089c9f941e50e0a721ec102c0b783	3	0	0	0.299	True	NA
TRAPPC12-Related_Encephalopathy	ALL_MAPPINGS_CONSISTENT	87ea8eb5b6a8813c01579089cc7e8bf8f139c4398061c5349edeff1e9e93a3f3	6	0	0	0.365	True	NA
TRMU-Related_Acute_Infantile_Liver_Failure	ALL_MAPPINGS_CONSISTENT	240af0339918ce19959af073d69f45a2f5378d1080869ca67c76a90d81780f54	7	0	0	0.473	True	NA
TTC19-related_Mitochondrial_Complex_III_Deficiency	ALL_MAPPINGS_CONSISTENT	ae98457ce2ce3413c3ee1a53f83cd985dafd8b796f6cf39173981e5a04e52faf	5	0	0	0.334	True	NA
TTN_Related_Myopathy_Dominant_Negative_TTNsv	ALL_MAPPINGS_CONSISTENT	e975a5881aa07c17b6abf185eb59d814f5b5aee848144226373993133eacdb36	3	0	0	0.314	True	NA
TUBA1A-related_Tubulinopathy	ALL_MAPPINGS_CONSISTENT	b9f6af4c62c3a2ab4fd969e1ac9b82c76a348ed83239126b3816e958326c322f	8	0	0	1.036	True	NA
TUBA4A-related_Disorder	ALL_MAPPINGS_CONSISTENT	310b7e0a3a0771c7673663b0f624b928daac8ec824c1890ef2ddf66c1ecb94b2	5	0	0	0.305	True	NA
TUBA8-related_Polymicrogyria_with_Optic_Nerve_Hypoplasia	ALL_MAPPINGS_CONSISTENT	b5e21a74ffa4dade242e8ebb67728738f2049118e32e61aae54e77c644ad21ad	6	0	0	0.36	True	NA
TUBB1-related_Macrothrombocytopenia	ALL_MAPPINGS_CONSISTENT	8f485a9d0ddc0354dc64b0bbde6f9922b09b671d6fe35360282ee1fcf85e2617	6	0	0	0.369	True	NA
TUBB3-related_Tubulinopathy	ALL_MAPPINGS_CONSISTENT	707b981bbfb87b444514c82a637df90a483b25f8279d0a429885dcb3099b8ee6	3	0	0	0.331	True	NA
TUBB8-related_Oocyte_Maturation_Defect	ALL_MAPPINGS_CONSISTENT	f0a6e71babddaf1f06c19acfe31e35c67796cd0fcae8e2b5327a344dba330e7a	4	0	0	0.343	True	NA
TUBB_TUBB5-related_Microcephaly	ALL_MAPPINGS_CONSISTENT	8b95a48bd92cadb690c0d657e3f282654443ada6151d0eb372a3f4fa4d7e7121	5	0	0	0.322	True	NA
TUBG1-related_Tubulinopathy	ALL_MAPPINGS_CONSISTENT	ea3f0e601382e33a581d62c331f0579962f1388f99037eeb924d45eebc6aa8e4	5	0	0	0.319	True	NA
TUBGCP2-related_Lissencephaly_Spectrum_Disorder	ALL_MAPPINGS_CONSISTENT	ed1df81e1e159459aa16a73bf82719aaaf8a132afe19212fc10782eff902259f	5	0	0	0.345	True	NA
TUBGCP4-related_Microcephaly_and_Chorioretinopathy	ALL_MAPPINGS_CONSISTENT	48e76e53f5dae76ed1a3504710031922bf4f5325b865937e95556b1a2caeb8e6	5	0	0	0.328	True	NA
TUBGCP6-related_Microcephaly_and_Chorioretinopathy	ALL_MAPPINGS_CONSISTENT	2700031a844563cf6e9e2589b575896bc0a58f18aedfe681053b1304115e92f1	8	0	0	0.943	True	NA
Tangier_Disease	ALL_MAPPINGS_CONSISTENT	ca82cbf3f197727e75f1ef019483812b5bc33385c6ca6adcea633a8d73d14ff9	9	0	0	6.133	True	NA
Tatton-Brown-Rahman_overgrowth_syndrome	ALL_MAPPINGS_CONSISTENT	8bb413b0d09b354842d748860a46eb3b044b44c348f02b8aeb638b9ae86ec0a5	7	0	0	0.461	True	NA
Taurine_Transporter_Deficiency	ALL_MAPPINGS_CONSISTENT	2f973a22376287d9c2d588c1f8fcb69833c1bf97b67f3c4e3e3668af96f1201b	5	0	0	0.352	True	NA
Taurodontism	ALL_MAPPINGS_CONSISTENT	89f086681c852a580cde59da05b13c3cda71cce0750f68549c9f028a4b8c8e69	6	0	0	0.367	True	NA
Tay-Sachs_Disease_AB_Variant	ALL_MAPPINGS_CONSISTENT	6a488f22e8f3788b2868c4b249f39ccdbeb9974d42b531b86a1d71a5570f1473	9	0	0	5.679	True	NA
Temple-Baraitser_Syndrome	ALL_MAPPINGS_CONSISTENT	7204054c41a5337572a5425ac14212638cc617ccb8d85d305000acc926d2ea84	7	0	0	0.426	True	NA
Temtamy_Preaxial_Brachydactyly_Syndrome	ALL_MAPPINGS_CONSISTENT	23244ed33ce72bb3f08583bb0857fa8de0d7720577104b2b9cd4f11366d780a0	8	0	0	1.01	True	NA
Temtamy_Syndrome	ALL_MAPPINGS_CONSISTENT	698f7d11f57c74011bdf83f94f53524ff7600dc280f22605a51ef54eb0b831ce	9	0	0	5.608	True	NA
Thanatophoric_Dysplasia_Type_1	ALL_MAPPINGS_CONSISTENT	fda31674e3133ea2be0cb95315c53eedfbae7e2cb2656fe60a757893131f6a62	7	0	0	0.451	True	NA
Thanatophoric_Dysplasia_Type_2	ALL_MAPPINGS_CONSISTENT	90aca2ee6ba81abffde18c5dfd50b7aa679f865578c8f27d7b2d4c034841223f	8	0	0	0.963	True	NA
Thiopurine_S-methyltransferase_Deficiency	RETRACTED	62718576bd7c43920ca9e4cdddd1fe05c813b02b75b30f296dc1031f34581213	9	1	1	4.677	True	NA
Thyroid_Dyshormonogenesis_5	ALL_MAPPINGS_CONSISTENT	e26c3a8cda26f4cb8486c4e74729452cd00c07bfdf0b5e48962b7d70105f374e	6	0	0	0.342	True	NA
Timothy_Syndrome	ALL_MAPPINGS_CONSISTENT	7ddf4d9e5c6159d49c7bf89bc81fb05145eb56a143897eb5cdb0984c9718af03	9	0	0	5.837	True	NA
Transaldolase_Deficiency	ALL_MAPPINGS_CONSISTENT	bc380138ee6c85a02301b17aa43669e6673a483ef11c0cde85f5aefff43ac3c8	8	0	0	1.06	True	NA
Transketolase_Deficiency	ALL_MAPPINGS_CONSISTENT	4f58a5b514379042ab2923e551e22a6a52b471da72f6d77a87ea643d557f4489	6	0	0	0.347	True	NA
Trehalase_Deficiency	ALL_MAPPINGS_CONSISTENT	365e18120c0cf6a21f7ee611e36f8dbb4e880689acdba019c617542ca2f7c142	8	0	0	0.949	True	NA
Triglyceride_Storage_Disease_Type_1	ALL_MAPPINGS_CONSISTENT	babf0c7eae8a987547f91e7c15e7c7b2444f7ac1ca3ae2fb2be95008d3dd387a	5	0	0	0.317	True	NA
Triglyceride_Storage_Disease_Type_2	ALL_MAPPINGS_CONSISTENT	a5c1d39be9799655c04bf214c900ec0935f45df2937975ad2e1adb7611c2ee81	5	0	0	0.32	True	NA
Trimethylaminuria	ALL_MAPPINGS_CONSISTENT	275b4a5ea4c5fb2f65eda4d84fea56ce098415aaeb9d44ce19d0400a86d90bfe	8	0	0	0.953	True	NA
Triosephosphate_Isomerase_Deficiency	ALL_MAPPINGS_CONSISTENT	a503198836d0c260670657c4502ab952c38c0b56ce473d559a77ec3c75fb243b	9	0	0	5.93	True	NA
Tyrosinemia_Type_I	ALL_MAPPINGS_CONSISTENT	7a45c5a3e4171b446bf43dbc689f9acc31d6e2baf0047a2fe2149fef4b79c442	9	0	0	5.831	True	NA
Tyrosinemia_Type_II	ALL_MAPPINGS_CONSISTENT	015122bddb0c22de057933dee9d4045b480593f4881c2bd106e82b9521aace4a	9	0	0	5.622	True	NA
Tyrosinemia_Type_III	ALL_MAPPINGS_CONSISTENT	b7da9510b462225ea45e5260eef4fca111b536391304d106798d78121c1b961a	7	0	0	0.473	True	NA
UBA5-Related_Developmental_and_Epileptic_Encephalopathy	ALL_MAPPINGS_CONSISTENT	4f53db761a8268c0f2fe185acddd970a941909c19ee62e3987fffdf1aa9349f0	5	0	0	0.325	True	NA
UCHL1-Related_Neurodegeneration_with_Optic_Atrophy_and_Spastic_Paraplegia	ALL_MAPPINGS_CONSISTENT	3bf5c904e17ad09df9f6f56a2d60107e072e2ea869470da36be064055c51ba6c	7	0	0	0.451	True	NA
UGDH-Related_Developmental_and_Epileptic_Encephalopathy_84	ALL_MAPPINGS_CONSISTENT	ba32f6c9dd28acfc43ecc5f3e655ab516b9a258e12e8fac4dd3b430fcfcd9499	5	0	0	0.337	True	NA
UGGT1-congenital_disorder_of_glycosylation	ALL_MAPPINGS_CONSISTENT	42c3cb382b607da11ae41d109692469760fca8bcd3ad6a35a94c486a4af1a147	4	0	0	0.311	True	NA
UGP2-Related_Developmental_and_Epileptic_Encephalopathy_83	ALL_MAPPINGS_CONSISTENT	265035f0d6ff4789998883991215b362d80f6b83625d4ae6ee5863ec582cfebd	5	0	0	0.371	True	NA
UNC13A_Congenital_NDD_with_Epilepsy	ALL_MAPPINGS_CONSISTENT	00254a5d982b434a8e15433fe5afe4008db5acbd958dea7be103f4009045e24a	5	0	0	0.363	True	NA
UNC13A_NDD_with_Seizures_and_Movement_Disorder	ALL_MAPPINGS_CONSISTENT	abf569874ad55696a5a74700f6676ef57a7c7818ec670cc8eaa9f6f0b386c11c	5	0	0	0.356	True	NA
Ulnar-Mammary_Syndrome	ALL_MAPPINGS_CONSISTENT	15449609158a9dc8c0ca68090950b34aa0578fb7912c2ee6a527476adaedc1a5	9	0	0	6.447	True	NA
Uner_Tan_Syndrome	ALL_MAPPINGS_CONSISTENT	46ca3fb1a6efbbf1c11dda84f5f83569ed2e94fb50840d54cc62a07124ce14ed	3	0	0	0.326	True	NA
Unverricht-Lundborg_Disease	RETRACTED	dd5577e69721bb64cf15e047d2542212e21636388c84a3234d0bf268fb758c3b	9	1	1	5.701	True	NA
Urea_Cycle_Disorder	ALL_MAPPINGS_CONSISTENT	795924fcee8a6c4bb08957d6daab9b014d680b377da913bcf05db6eaa14b2810	8	0	0	1.183	True	NA
Usher_Syndrome_Type_4	ALL_MAPPINGS_CONSISTENT	1be52a71b8e8870b6bc125c704521541bf68c7c200a30c65a59e6c0ff36e49f0	4	0	0	0.41	True	NA
Uveal_Coloboma-Cleft_Lip_and_Palate-Intellectual_Disability_Syndrome	ALL_MAPPINGS_CONSISTENT	4e64d1cd4b0aec6eaf3442c3e864d3d7e4b7a3697e6d40804e4b5316a473aaf3	8	0	0	1.136	True	NA
VAMP2-Related_Disorder	ALL_MAPPINGS_CONSISTENT	69fe6c74d9cd94f14aeaf170b9ca893aea0227e15c17dec331d6b8028011f0f4	4	0	0	0.333	True	NA
VCP-associated_Multisystem_Proteinopathy	ALL_MAPPINGS_CONSISTENT	ba6db869b4e44954c264339b44f06087f70042becd23df641d9f279a3502a7cd	7	0	0	0.44	True	NA
VPS4A-Related_Neurodevelopmental_Syndrome	ALL_MAPPINGS_CONSISTENT	1c66c949a0041cf38713701b8bb1051a4800462b35795ebeae2ccbfaa2c709cf	6	0	0	0.358	True	NA
VPS51-Related_Pontocerebellar_Hypoplasia-CDG	ALL_MAPPINGS_CONSISTENT	ca2d55f3875e8a78d9b4734320ce6c6d3d5262c3715437c8a6e3c4a245e1c729	7	0	0	0.442	True	NA
VPS53-Related_Pontocerebellar_Hypoplasia_Type_2E	ALL_MAPPINGS_CONSISTENT	a9aa28e5c85e0891fed5dfa850e9b64d4ea25aaf7e6ed5e3dc9ca7a22d4121a2	5	0	0	0.328	True	NA
Van_Buchem_Disease	ALL_MAPPINGS_CONSISTENT	aa75b1629f1a807bc8badfc34a01358a42108c417def318e8798b6818d0e7717	9	0	0	6.532	True	NA
Vascular_Ehlers-Danlos_Syndrome	ALL_MAPPINGS_CONSISTENT	9743568f4a89acf452dfaca6b00a4ea3d6c5acd50e382ff271b6b6ba314d4db6	7	0	0	0.423	True	NA
Vici_Syndrome	ALL_MAPPINGS_CONSISTENT	99c807ae87741d018819eea2195851ffcf9a2fd679ca03eee18f75c946e733ec	9	0	0	6.399	True	NA
Visceral_Heterotaxy_9	ALL_MAPPINGS_CONSISTENT	3f6b06500a50e96c784fe851da95d58be2daec3f3f5df5f14cc4b92ec791a9ea	5	0	0	0.332	True	NA
Vitamin_D-Dependent_Rickets_Type_1A	ALL_MAPPINGS_CONSISTENT	2024bed9802dbd2b39e8c429afadc3d8b825d054f3e2b51b5346d9e7c6cf061f	5	0	0	0.348	True	NA
Vitamin_D-Dependent_Rickets_Type_1B	ALL_MAPPINGS_CONSISTENT	2dfe6a5d78d089371878b12151b876d9096951df1ddc4c76767708738f1576e0	7	0	0	0.423	True	NA
Vitamin_D-Dependent_Rickets_Type_2A	ALL_MAPPINGS_CONSISTENT	775f9d1124dcd79bda1b8b231ec5374f4b0571873ca01704397b52da7b62c85e	7	0	0	0.43	True	NA
Vitamin_D-Dependent_Rickets_Type_3	ALL_MAPPINGS_CONSISTENT	306d605f014579ff479fbbbc913117b29a736a6cb52b4d17449614a8e09ce101	4	0	0	0.33	True	NA
WWOX-Related_Developmental_and_Epileptic_Encephalopathy	ALL_MAPPINGS_CONSISTENT	5b8cea7673a7a55b53c5f2065fddaf69e42e46c7fb2a8157a40aa3a03dcade99	5	0	0	0.329	True	NA
Warburg_Cinotti_Syndrome	ALL_MAPPINGS_CONSISTENT	f38e726438591b826e6a3527dc80fb40072da7ffb4db51a83cce46f270b6e5db	4	0	0	0.352	True	NA
Warsaw_breakage_syndrome	ALL_MAPPINGS_CONSISTENT	99654f751fc325a5cf947f572e2c1117d38b4b9c7b88ffb7e44b1c4cab0b927a	9	0	0	6.465	True	NA
Weiss-Kruszka_Syndrome	ALL_MAPPINGS_CONSISTENT	dbf0676e1d582e38854f1eb90ac3e1a94f5e0509f487681e1f30b8aa913e4da7	6	0	0	0.312	True	NA
White-Sutton_Syndrome	ALL_MAPPINGS_CONSISTENT	c111f5e448087ef982c5f17b0a4d440ad9a33174f22ed8fa9dd470a7f75bf7ac	7	0	0	0.485	True	NA
Wiedemann-Rautenstrauch_Syndrome	ALL_MAPPINGS_CONSISTENT	e667f90a9b40878bc1ebf962990a6f77a5fe4e04507531d5fb26ada45d282e09	9	0	0	6.354	True	NA
Wiedemann-Steiner_Syndrome	ALL_MAPPINGS_CONSISTENT	829d898f9d5b8b709bcefb6d75a736b83c7d2116ac35cb55e9a637aaf7cbe275	7	0	0	0.453	True	NA
Wolman_Disease	RETRACTED	0e734d82147dac45b5f5c3d05c62a063a73684e8bfaef41abfb4c5866e12d56c	10	1	1	54.397	True	NA
Woodhouse-Sakati_Syndrome	ALL_MAPPINGS_CONSISTENT	d3a02bdb2332b7bdc147bbaf7f2d1ac20fbdc19543689834061fe008d8e9e028	9	0	0	6.539	True	NA
X-Linked_Hypophosphatemia	ALL_MAPPINGS_CONSISTENT	130ae5fcc01515694cbe6e80e4881f232436ce34ee3cf0be49b8d65fca8de170	8	0	0	1.127	True	NA
X-Linked_Infantile_Spinal_Muscular_Atrophy	ALL_MAPPINGS_CONSISTENT	48c37fb0119b948aa4b534386a7e0ca8ecb4ac9c1f0c42eabb11b90c09ac07d1	8	0	0	1.182	True	NA
X-Linked_Spondyloepiphyseal_Dysplasia_Tarda	ALL_MAPPINGS_CONSISTENT	242e045797c13d374b16b1cebf59f5ac27370be09f06e9f7ec55f189c7bed143	6	0	0	0.326	True	NA
X-linked_Agammaglobulinemia	ALL_MAPPINGS_CONSISTENT	3091c5803c99ff1f494b632a030297e4c459d9751cc1a05da90d7ea56cc5a12e	9	0	0	6.469	True	NA
X-linked_Chondrodysplasia_Punctata_1	ALL_MAPPINGS_CONSISTENT	e739abb48da68db9ffdb7d0f3b5838b9e8b75e41d18190ae1beb143d777c4d45	6	0	0	0.361	True	NA
X-linked_Chondrodysplasia_Punctata_2	ALL_MAPPINGS_CONSISTENT	f92b654d8044ad92111350507bbb512d49e70591c55c78c60188cd0ca6f315ac	7	0	0	0.471	True	NA
X-linked_Dilated_Cardiomyopathy	ALL_MAPPINGS_CONSISTENT	0c84d10483776c3eba0ab4b9e19f8f5cc07481662d3c43afdf08ea0ffa62a343	6	0	0	0.355	True	NA
X-linked_Dystonia-Parkinsonism	ALL_MAPPINGS_CONSISTENT	6fdbd490ac6dee381cc6f6f8f4c607826d4cf8afc7d3224121ecca985eac729b	9	0	0	6.057	True	NA
X-linked_Mendelian_Susceptibility_to_Mycobacterial_Diseases_due_to_CYBB_Deficiency	ALL_MAPPINGS_CONSISTENT	96b197d08c18e3c7e067833904488c414c7ebaacbed730bb62fe9956f1866178	6	0	0	0.345	True	NA
X-linked_Retinoschisis	ALL_MAPPINGS_CONSISTENT	5f049672b478d20a4fe1b0d912a3c25b398aa78737f61bec65ab478e0ad45284	9	0	0	6.231	True	NA
XFE_Progeroid_Syndrome	ALL_MAPPINGS_CONSISTENT	df26b8958e0ded44e1192e4f112a75b52511fbb3b91de0d20e1466255faac582	7	0	0	0.451	True	NA
YWHAG_Syndrome	ALL_MAPPINGS_CONSISTENT	a628e08bfac1bd932fffa23c574c8d0be4d429b8be13df65b4d09c84814c02d4	5	0	0	0.355	True	NA
You-Hoover-Fong_Syndrome	ALL_MAPPINGS_CONSISTENT	958ef19ad77079c15b30ab3364d1cad721d8261ddbcf162f7d680bbcd8e8e860	6	0	0	0.379	True	NA
ZNF407-Related_Neurodevelopmental_Disorder	ALL_MAPPINGS_CONSISTENT	0141562ff7c6adb4f8a44efc0f5cc60db72273e9e03d58be8aef3207a70b9dc5	4	0	0	0.346	True	NA
ZTTK_syndrome	ALL_MAPPINGS_CONSISTENT	c3f0be0f78f9bde119bf81bd70e2b29f39bcefdbba35a712ba7bac3894ee0fc9	7	0	0	0.466	True	NA
Zlotogora-Ogur_Syndrome	ALL_MAPPINGS_CONSISTENT	1ede0582ed80ed17fb20a2dbe30aab2fad5e5fe01a68c98682d88c55acc51a37	8	0	0	1.215	True	NA
aceruloplasminemia	ALL_MAPPINGS_CONSISTENT	a1a9cc4220f3c686a81f688582e0161c1259f908055b641870290f6ad85c8211	7	0	0	0.431	True	NA
alpha-Methylacyl-CoA_Racemase_Deficiency	ALL_MAPPINGS_CONSISTENT	4af98ac46917d598f60921e72f7a7b878dadaf03bf5cd4eac875030dd11b0b54	7	0	0	0.42	True	NA
neuroferritinopathy	ALL_MAPPINGS_CONSISTENT	b106972b3c495a81f538cfa02589edd746fa202ee9365b194f7513ce1c990b6c	8	0	0	1.228	True	NA
ornithine_aminotransferase_deficiency	ALL_MAPPINGS_CONSISTENT	770b9e54ec96eb86121a89eba285ec079263190e62da006da712da81bb6e5855	9	0	0	6.058	True	NA
