slug	status	previous_status	previous_confidence	confidence	previous_posterior	posterior	previous_satisfiable_count	distinct_solutions	assignment_changed
2-Methylbutyryl-CoA_Dehydrogenase_Deficiency	ALL_MAPPINGS_CONSISTENT	ALL_MAPPINGS_CONSISTENT	0.5	0.9	0.177293101549	0.652817360676	288	128	False
3-Hydroxy-3-Methylglutaryl-CoA_Synthase_Deficiency	ALL_MAPPINGS_CONSISTENT	ALL_MAPPINGS_CONSISTENT	0.5	0.9	0.177293101549	0.652817360676	288	128	False
3-Hydroxyisobutyryl-CoA_Hydrolase_Deficiency	ALL_MAPPINGS_CONSISTENT	ALL_MAPPINGS_CONSISTENT	0.5	0.9	0.180386286176	0.692724592119	288	128	False
3-Methylcrotonyl-CoA_Carboxylase_Deficiency	ALL_MAPPINGS_CONSISTENT	ALL_MAPPINGS_CONSISTENT	0.5	0.9	0.186624317419	0.687176169133	144	64	False
3-methylglutaconic_Aciduria_With_Deafness_Encephalopathy_And_Leigh-like_Syndrome	ALL_MAPPINGS_CONSISTENT	ALL_MAPPINGS_CONSISTENT	0.5	0.9	0.186624317419	0.687176169133	144	64	False
46_XY_DSD_Due_to_5_Alpha_Reductase_2_Deficiency	ALL_MAPPINGS_CONSISTENT	ALL_MAPPINGS_CONSISTENT	0.5	0.9	0.171366971868	0.658088362513	576	256	False
46_XY_Partial_Gonadal_Dysgenesis	ALL_MAPPINGS_CONSISTENT	ALL_MAPPINGS_CONSISTENT	0.5	0.9	0.210393685583	0.807959868341	36	16	False
46_XY_Sex_Reversal_5	ALL_MAPPINGS_CONSISTENT	ALL_MAPPINGS_CONSISTENT	0.5	0.9	0.207360352688	0.763529076814	72	32	False
46_XY_complete_gonadal_dysgenesis	ALL_MAPPINGS_CONSISTENT	ALL_MAPPINGS_CONSISTENT	0.5	0.9	0.180386286176	0.692724592119	288	128	False
5-Oxoprolinase_Deficiency	ALL_MAPPINGS_CONSISTENT	ALL_MAPPINGS_CONSISTENT	0.5	0.9	0.186624317419	0.687176169133	144	64	False
ABCC9-Related_Intellectual_Disability_and_Myopathy_Syndrome	ALL_MAPPINGS_CONSISTENT	ALL_MAPPINGS_CONSISTENT	0.5	0.9	0.218274055461	0.803714817699	36	16	False
ACAD9_Deficiency	ALL_MAPPINGS_CONSISTENT	ALL_MAPPINGS_CONSISTENT	0.5	0.9	0.177293101549	0.652817360676	288	128	False
ACTH-independent_Macronodular_Adrenal_Hyperplasia_3	ALL_MAPPINGS_CONSISTENT	ALL_MAPPINGS_CONSISTENT	0.5	0.9	0.229762163644	0.846015597578	18	8	False
ACys_Amyloidosis	ALL_MAPPINGS_CONSISTENT	ALL_MAPPINGS_CONSISTENT	0.5	0.9	0.196992335054	0.725352622974	144	64	False
ADCA-DN	ALL_MAPPINGS_CONSISTENT	ALL_MAPPINGS_CONSISTENT	0.5	0.9	0.186624317419	0.687176169133	144	64	False
ADNP-Related_Syndrome	ALL_MAPPINGS_CONSISTENT	ALL_MAPPINGS_CONSISTENT	0.5	0.9	0.186624317419	0.687176169133	144	64	False
ADPRS-Related_Stress-Induced_Neurodegeneration	ALL_MAPPINGS_CONSISTENT	ALL_MAPPINGS_CONSISTENT	0.5	0.9	0.207360352688	0.763529076814	72	32	False
ADan_amyloidosis	RETRACTED	RETRACTED	0.5	0.5	0.09597062477	0.353376918885	432	192	False
AFG2A-Related_Encephalopathy	ALL_MAPPINGS_CONSISTENT	ALL_MAPPINGS_CONSISTENT	0.5	0.9	0.196446649915	0.723343335929	72	32	False
AGAT_Deficiency	ALL_MAPPINGS_CONSISTENT	ALL_MAPPINGS_CONSISTENT	0.5	0.9	0.177293101549	0.652817360676	288	128	False
AHCY_Deficiency	ALL_MAPPINGS_CONSISTENT	ALL_MAPPINGS_CONSISTENT	0.5	0.9	0.189880301238	0.729183781178	144	64	False
AIP-related_pituitary_adenoma_predisposition	ALL_MAPPINGS_CONSISTENT	ALL_MAPPINGS_CONSISTENT	0.5	0.9	0.241854909098	0.890542734293	9	4	False
AIPL1-Related_Retinopathy	ALL_MAPPINGS_CONSISTENT	ALL_MAPPINGS_CONSISTENT	0.5	0.9	0.241854909098	0.890542734293	9	4	False
ALDH18A1_Cutis_Laxa	ALL_MAPPINGS_CONSISTENT	ALL_MAPPINGS_CONSISTENT	0.5	0.9	0.218274055461	0.803714817699	36	16	False
ALG1-Congenital_Disorder_of_Glycosylation	ALL_MAPPINGS_CONSISTENT	ALL_MAPPINGS_CONSISTENT	0.5	0.9	0.177293101549	0.652817360676	288	128	False
ALG11-Congenital_Disorder_of_Glycosylation	ALL_MAPPINGS_CONSISTENT	ALL_MAPPINGS_CONSISTENT	0.5	0.9	0.186624317419	0.687176169133	144	64	False
ALG12_Congenital_Disorder_of_Glycosylation	ALL_MAPPINGS_CONSISTENT	ALL_MAPPINGS_CONSISTENT	0.5	0.9	0.168428446471	0.620176492642	576	256	False
ALG3-Congenital_Disorder_of_Glycosylation	ALL_MAPPINGS_CONSISTENT	ALL_MAPPINGS_CONSISTENT	0.5	0.9	0.168428446471	0.620176492642	576	256	False
ALG6-Congenital_Disorder_of_Glycosylation	ALL_MAPPINGS_CONSISTENT	ALL_MAPPINGS_CONSISTENT	0.5	0.9	0.171366971868	0.658088362513	576	256	False
ALG9-congenital_disorder_of_glycosylation	ALL_MAPPINGS_CONSISTENT	ALL_MAPPINGS_CONSISTENT	0.5	0.9	0.177293101549	0.652817360676	288	128	False
ARPC1B_Deficiency	ALL_MAPPINGS_CONSISTENT	ALL_MAPPINGS_CONSISTENT	0.5	0.9	0.218274055461	0.803714817699	36	16	False
ARX-Related_Lissencephaly_and_Interneuronopathy	ALL_MAPPINGS_CONSISTENT	ALL_MAPPINGS_CONSISTENT	0.5	0.9	0.177293101549	0.652817360676	288	128	False
AR_Cerebellar_Ataxia-Saccadic_Intrusion_Syndrome	ALL_MAPPINGS_CONSISTENT	ALL_MAPPINGS_CONSISTENT	0.5	0.9	0.180386286176	0.692724592119	288	128	False
ATTR_Amyloidosis	ALL_MAPPINGS_CONSISTENT	ALL_MAPPINGS_CONSISTENT	0.5	0.9	0.168428446471	0.620176492642	576	256	False
Acatalasia	ALL_MAPPINGS_CONSISTENT	ALL_MAPPINGS_CONSISTENT	0.5	0.95	0.180887359194	0.694648827097	576	256	False
Achondrogenesis_Type_II	ALL_MAPPINGS_CONSISTENT	ALL_MAPPINGS_CONSISTENT	0.5	0.9	0.177293101549	0.652817360676	288	128	False
Achromatopsia	ALL_MAPPINGS_CONSISTENT	ALL_MAPPINGS_CONSISTENT	0.5	0.9	0.177293101549	0.652817360676	288	128	False
Acrofacial_Dysostosis_Cincinnati_Type	ALL_MAPPINGS_CONSISTENT	ALL_MAPPINGS_CONSISTENT	0.5	0.95	0.222082223671	0.852846527694	36	16	False
Acromesomelic_Dysplasia_Demirhan_Type	ALL_MAPPINGS_CONSISTENT	ALL_MAPPINGS_CONSISTENT	0.5	0.9	0.207360352688	0.763529076814	72	32	False
Acromesomelic_Dysplasia_Maroteaux_Type	ALL_MAPPINGS_CONSISTENT	ALL_MAPPINGS_CONSISTENT	0.5	0.9	0.177293101549	0.652817360676	288	128	False
Acromesomelic_Dysplasia_PRKG2_Type	ALL_MAPPINGS_CONSISTENT	ALL_MAPPINGS_CONSISTENT	0.5	0.9	0.218274055461	0.803714817699	36	16	False
Adenosine_Kinase_Deficiency	ALL_MAPPINGS_CONSISTENT	ALL_MAPPINGS_CONSISTENT	0.5	0.9	0.177293101549	0.652817360676	288	128	False
Adenylosuccinate_Lyase_Deficiency	ALL_MAPPINGS_CONSISTENT	ALL_MAPPINGS_CONSISTENT	0.5	0.9	0.168428446471	0.620176492642	576	256	False
Adult-Onset_Ataxia_and_Polyneuropathy	ALL_MAPPINGS_CONSISTENT	ALL_MAPPINGS_CONSISTENT	0.5	0.9	0.207360352688	0.763529076814	72	32	False
Adult-Onset_Proximal_Spinal_Muscular_Atrophy_Autosomal_Dominant	ALL_MAPPINGS_CONSISTENT	ALL_MAPPINGS_CONSISTENT	0.5	0.9	0.186624317419	0.687176169133	144	64	False
Adult_Neuronal_Ceroid_Lipofuscinosis	ALL_MAPPINGS_CONSISTENT	ALL_MAPPINGS_CONSISTENT	0.5	0.9	0.229762163644	0.846015597578	18	8	False
Adult_Polyglucosan_Body_Disease	ALL_MAPPINGS_CONSISTENT	ALL_MAPPINGS_CONSISTENT	0.5	0.9	0.186624317419	0.687176169133	144	64	False
Advanced_Sleep_Phase_Syndrome	ALL_MAPPINGS_CONSISTENT	ALL_MAPPINGS_CONSISTENT	0.5	0.9	0.196446649915	0.723343335929	72	32	False
Agenesis_of_the_Corpus_Callosum_with_Peripheral_Neuropathy	ALL_MAPPINGS_CONSISTENT	ALL_MAPPINGS_CONSISTENT	0.5	0.9	0.171366971868	0.658088362513	576	256	False
Agnathia-Otocephaly_Complex	ALL_MAPPINGS_CONSISTENT	ALL_MAPPINGS_CONSISTENT	0.5	0.9	0.177293101549	0.652817360676	288	128	False
Aland_Island_Eye_Disease	ALL_MAPPINGS_CONSISTENT	ALL_MAPPINGS_CONSISTENT	0.5	0.9	0.177293101549	0.652817360676	288	128	False
Alopecia-Intellectual_Disability_Syndrome_1	ALL_MAPPINGS_CONSISTENT	ALL_MAPPINGS_CONSISTENT	0.5	0.9	0.218274055461	0.803714817699	36	16	False
Alopecia-Intellectual_Disability_Syndrome_4	ALL_MAPPINGS_CONSISTENT	ALL_MAPPINGS_CONSISTENT	0.5	0.9	0.218274055461	0.803714817699	36	16	False
Alsahan-Harris_Syndrome	ALL_MAPPINGS_CONSISTENT	ALL_MAPPINGS_CONSISTENT	0.5	0.95	0.233770761759	0.897733187046	18	8	False
Alternating_Hemiplegia_of_Childhood	ALL_MAPPINGS_CONSISTENT	ALL_MAPPINGS_CONSISTENT	0.5	0.9	0.168428446471	0.620176492642	576	256	False
Alveolar_Capillary_Dysplasia_with_Misalignment_of_Pulmonary_Veins	ALL_MAPPINGS_CONSISTENT	ALL_MAPPINGS_CONSISTENT	0.5	0.9	0.168428446471	0.620176492642	576	256	False
Amelogenesis_Imperfecta	ALL_MAPPINGS_CONSISTENT	ALL_MAPPINGS_CONSISTENT	0.5	0.9	0.177293101549	0.652817360676	288	128	False
Aminoacylase_1_Deficiency	ALL_MAPPINGS_CONSISTENT	ALL_MAPPINGS_CONSISTENT	0.5	0.9	0.186624317419	0.687176169133	144	64	False
Aminoglycoside-Induced_Hearing_Loss	ALL_MAPPINGS_CONSISTENT	ALL_MAPPINGS_CONSISTENT	0.5	0.9	0.207360352688	0.763529076814	72	32	False
Amyotrophic_Lateral_Sclerosis_27_Juvenile	ALL_MAPPINGS_CONSISTENT	ALL_MAPPINGS_CONSISTENT	0.5	0.9	0.218274055461	0.803714817699	36	16	False
Aneurysm-Osteoarthritis_Syndrome	ALL_MAPPINGS_CONSISTENT	ALL_MAPPINGS_CONSISTENT	0.5	0.9	0.189880301238	0.729183781178	144	64	False
Antley-Bixler_Syndrome_FGFR2-Related	ALL_MAPPINGS_CONSISTENT	ALL_MAPPINGS_CONSISTENT	0.5	0.9	0.186624317419	0.687176169133	144	64	False
Aortic_Valve_Disease_2	ALL_MAPPINGS_CONSISTENT	ALL_MAPPINGS_CONSISTENT	0.5	0.95	0.222082223671	0.852846527694	36	16	False
Apert_Syndrome	ALL_MAPPINGS_CONSISTENT	ALL_MAPPINGS_CONSISTENT	0.5	0.9	0.171366971868	0.658088362513	576	256	False
Arboleda-Tham_Syndrome	ALL_MAPPINGS_CONSISTENT	ALL_MAPPINGS_CONSISTENT	0.5	0.9	0.186624317419	0.687176169133	144	64	False
Aromatase_Deficiency	ALL_MAPPINGS_CONSISTENT	ALL_MAPPINGS_CONSISTENT	0.5	0.9	0.168428446471	0.620176492642	576	256	False
Aromatase_Excess_Syndrome	ALL_MAPPINGS_CONSISTENT	ALL_MAPPINGS_CONSISTENT	0.5	0.9	0.168428446471	0.620176492642	576	256	False
Arrhythmogenic_Right_Ventricular_Cardiomyopathy	ALL_MAPPINGS_CONSISTENT	ALL_MAPPINGS_CONSISTENT	0.5	0.9	0.187142718301	0.689084991825	288	128	False
Arterial_Dissection_Lentiginosis_Syndrome	ALL_MAPPINGS_CONSISTENT	ALL_MAPPINGS_CONSISTENT	0.5	0.9	0.189880301238	0.729183781178	144	64	False
Arts_syndrome	ALL_MAPPINGS_CONSISTENT	ALL_MAPPINGS_CONSISTENT	0.5	0.9	0.177293101549	0.652817360676	288	128	False
Asparagine_Synthetase_Deficiency	ALL_MAPPINGS_CONSISTENT	ALL_MAPPINGS_CONSISTENT	0.5	0.9	0.199874001304	0.767561874924	72	32	False
Ataxia_Telangiectasia	ALL_MAPPINGS_CONSISTENT	ALL_MAPPINGS_CONSISTENT	0.5	0.9	0.168428446471	0.620176492642	576	256	False
Ataxia_With_Oculomotor_Apraxia_Type_1	ALL_MAPPINGS_CONSISTENT	ALL_MAPPINGS_CONSISTENT	0.5	0.9	0.177293101549	0.652817360676	288	128	False
Atelosteogenesis_Type_I	ALL_MAPPINGS_CONSISTENT	ALL_MAPPINGS_CONSISTENT	0.5	0.9	0.180386286176	0.692724592119	288	128	False
Atelosteogenesis_Type_II	ALL_MAPPINGS_CONSISTENT	ALL_MAPPINGS_CONSISTENT	0.5	0.9	0.189880301238	0.729183781178	144	64	False
Atelosteogenesis_Type_III	ALL_MAPPINGS_CONSISTENT	ALL_MAPPINGS_CONSISTENT	0.5	0.9	0.180386286176	0.692724592119	288	128	False
Atransferrinemia	ALL_MAPPINGS_CONSISTENT	ALL_MAPPINGS_CONSISTENT	0.5	0.9	0.168428446471	0.620176492642	576	256	False
Atypical_Hemolytic_Uremic_Syndrome	ALL_MAPPINGS_CONSISTENT	ALL_MAPPINGS_CONSISTENT	0.5	0.9	0.177293101549	0.652817360676	288	128	False
Auriculocondylar_Syndrome	ALL_MAPPINGS_CONSISTENT	ALL_MAPPINGS_CONSISTENT	0.5	0.9	0.186624317419	0.687176169133	144	64	False
Autism_Spectrum_Disorder-Epilepsy-Arthrogryposis_Syndrome	ALL_MAPPINGS_CONSISTENT	ALL_MAPPINGS_CONSISTENT	0.5	0.9	0.196446649915	0.723343335929	72	32	False
Autoimmune_Polyendocrine_Syndrome_Type_1	ALL_MAPPINGS_CONSISTENT	ALL_MAPPINGS_CONSISTENT	0.5	0.9	0.177293101549	0.652817360676	288	128	False
Autoinflammation_Immune_Dysregulation_and_Eosinophilia	ALL_MAPPINGS_CONSISTENT	ALL_MAPPINGS_CONSISTENT	0.5	0.9	0.229762163644	0.846015597578	18	8	False
Autosomal_Dominant_Aplasia_And_Myelodysplasia	ALL_MAPPINGS_CONSISTENT	ALL_MAPPINGS_CONSISTENT	0.5	0.9	0.196446649915	0.723343335929	72	32	False
Autosomal_Dominant_Cerebellar_Ataxia	ALL_MAPPINGS_CONSISTENT	ALL_MAPPINGS_CONSISTENT	0.5	0.9	0.218274055461	0.803714817699	36	16	False
Autosomal_Dominant_Cerebellar_Ataxia_Type_I	ALL_MAPPINGS_CONSISTENT	ALL_MAPPINGS_CONSISTENT	0.5	0.95	0.233770761759	0.897733187046	18	8	False
Autosomal_Dominant_Cerebellar_Ataxia_Type_III	ALL_MAPPINGS_CONSISTENT	ALL_MAPPINGS_CONSISTENT	0.5	0.9	0.229762163644	0.846015597578	18	8	False
Autosomal_Dominant_Charcot-Marie-Tooth_Disease_Type_2W	ALL_MAPPINGS_CONSISTENT	ALL_MAPPINGS_CONSISTENT	0.5	0.9	0.186624317419	0.687176169133	144	64	False
Autosomal_Dominant_Epilepsy_with_Auditory_Features	ALL_MAPPINGS_CONSISTENT	ALL_MAPPINGS_CONSISTENT	0.5	0.9	0.189880301238	0.729183781178	144	64	False
Autosomal_Dominant_Hyper-IgE_Syndrome	RETRACTED	RETRACTED	0.5	0.5	0.086373562293	0.318039226996	864	384	False
Autosomal_Dominant_Hypercholesterolemia_3	ALL_MAPPINGS_CONSISTENT	ALL_MAPPINGS_CONSISTENT	0.5	0.9	0.218274055461	0.803714817699	36	16	False
Autosomal_Dominant_Hypocalcemia_1	ALL_MAPPINGS_CONSISTENT	ALL_MAPPINGS_CONSISTENT	0.5	0.9	0.218274055461	0.803714817699	36	16	False
Autosomal_Dominant_Nonsyndromic_Hearing_Loss_11	ALL_MAPPINGS_CONSISTENT	ALL_MAPPINGS_CONSISTENT	0.5	0.9	0.207360352688	0.763529076814	72	32	False
Autosomal_Dominant_Nonsyndromic_Hearing_Loss_12	ALL_MAPPINGS_CONSISTENT	ALL_MAPPINGS_CONSISTENT	0.5	0.9	0.207360352688	0.763529076814	72	32	False
Autosomal_Dominant_Nonsyndromic_Hearing_Loss_2B	ALL_MAPPINGS_CONSISTENT	ALL_MAPPINGS_CONSISTENT	0.5	0.9	0.207360352688	0.763529076814	72	32	False
Autosomal_Dominant_Nonsyndromic_Hearing_Loss_37	ALL_MAPPINGS_CONSISTENT	ALL_MAPPINGS_CONSISTENT	0.5	0.9	0.218274055461	0.803714817699	36	16	False
Autosomal_Dominant_Nonsyndromic_Hearing_Loss_3A	ALL_MAPPINGS_CONSISTENT	ALL_MAPPINGS_CONSISTENT	0.5	0.9	0.207360352688	0.763529076814	72	32	False
Autosomal_Dominant_Nonsyndromic_Hearing_Loss_41	ALL_MAPPINGS_CONSISTENT	ALL_MAPPINGS_CONSISTENT	0.5	0.9	0.207360352688	0.763529076814	72	32	False
Autosomal_Dominant_Nonsyndromic_Hearing_Loss_50	ALL_MAPPINGS_CONSISTENT	ALL_MAPPINGS_CONSISTENT	0.5	0.9	0.218274055461	0.803714817699	36	16	False
Autosomal_Dominant_Nonsyndromic_Hearing_Loss_7	ALL_MAPPINGS_CONSISTENT	ALL_MAPPINGS_CONSISTENT	0.5	0.9	0.207360352688	0.763529076814	72	32	False
Autosomal_Dominant_Optic_Atrophy_Plus	ALL_MAPPINGS_CONSISTENT	ALL_MAPPINGS_CONSISTENT	0.5	0.9	0.186624317419	0.687176169133	144	64	False
Autosomal_Dominant_Osteopetrosis_Type_I	ALL_MAPPINGS_CONSISTENT	ALL_MAPPINGS_CONSISTENT	0.5	0.9	0.177293101549	0.652817360676	288	128	False
Autosomal_Dominant_Osteopetrosis_Type_II	ALL_MAPPINGS_CONSISTENT	ALL_MAPPINGS_CONSISTENT	0.5	0.9	0.186624317419	0.687176169133	144	64	False
Autosomal_Dominant_Polycystic_Kidney_Disease	ALL_MAPPINGS_CONSISTENT	ALL_MAPPINGS_CONSISTENT	0.5	0.9	0.177785582386	0.654630742234	576	256	False
Autosomal_Dominant_Robinow_Syndrome_1	ALL_MAPPINGS_CONSISTENT	ALL_MAPPINGS_CONSISTENT	0.5	0.9	0.218274055461	0.803714817699	36	16	False
Autosomal_Dominant_Robinow_Syndrome_2	ALL_MAPPINGS_CONSISTENT	ALL_MAPPINGS_CONSISTENT	0.5	0.9	0.218274055461	0.803714817699	36	16	False
Autosomal_Dominant_Robinow_Syndrome_3	ALL_MAPPINGS_CONSISTENT	ALL_MAPPINGS_CONSISTENT	0.5	0.9	0.218274055461	0.803714817699	36	16	False
Autosomal_Dominant_Sensory_Ataxia_1	ALL_MAPPINGS_CONSISTENT	ALL_MAPPINGS_CONSISTENT	0.5	0.95	0.222082223671	0.852846527694	36	16	False
Autosomal_Dominant_Striatal_Neurodegeneration	ALL_MAPPINGS_CONSISTENT	ALL_MAPPINGS_CONSISTENT	0.5	0.9	0.199874001304	0.767561874924	72	32	False
Autosomal_Recessive_Ataxia_Beauce_Type	ALL_MAPPINGS_CONSISTENT	ALL_MAPPINGS_CONSISTENT	0.5	0.9	0.186624317419	0.687176169133	144	64	False
Autosomal_Recessive_Ataxia_Due_to_Ubiquinone_Deficiency	ALL_MAPPINGS_CONSISTENT	ALL_MAPPINGS_CONSISTENT	0.5	0.9	0.180386286176	0.692724592119	288	128	False
Autosomal_Recessive_Cerebellar_Ataxia_With_Late_Onset_Spasticity	ALL_MAPPINGS_CONSISTENT	ALL_MAPPINGS_CONSISTENT	0.5	0.9	0.210393685583	0.807959868341	36	16	False
Autosomal_Recessive_Cutis_Laxa_Type_2A	ALL_MAPPINGS_CONSISTENT	ALL_MAPPINGS_CONSISTENT	0.5	0.9	0.186624317419	0.687176169133	144	64	False
Autosomal_Recessive_Hypercholesterolemia	ALL_MAPPINGS_CONSISTENT	ALL_MAPPINGS_CONSISTENT	0.5	0.9	0.196992335054	0.725352622974	144	64	False
Autosomal_Recessive_Limb-Girdle_Muscular_Dystrophy	ALL_MAPPINGS_CONSISTENT	ALL_MAPPINGS_CONSISTENT	0.5	0.9	0.196992335054	0.725352622974	144	64	False
Autosomal_Recessive_Multiple_Pterygium_Syndrome	ALL_MAPPINGS_CONSISTENT	ALL_MAPPINGS_CONSISTENT	0.5	0.9	0.180386286176	0.692724592119	288	128	False
Autosomal_Recessive_Nonsyndromic_Hearing_Loss_103	ALL_MAPPINGS_CONSISTENT	ALL_MAPPINGS_CONSISTENT	0.5	0.9	0.218274055461	0.803714817699	36	16	False
Autosomal_Recessive_Nonsyndromic_Hearing_Loss_104	ALL_MAPPINGS_CONSISTENT	ALL_MAPPINGS_CONSISTENT	0.5	0.9	0.218274055461	0.803714817699	36	16	False
Autosomal_Recessive_Nonsyndromic_Hearing_Loss_26	ALL_MAPPINGS_CONSISTENT	ALL_MAPPINGS_CONSISTENT	0.5	0.9	0.207360352688	0.763529076814	72	32	False
Autosomal_Recessive_Nonsyndromic_Hearing_Loss_30	ALL_MAPPINGS_CONSISTENT	ALL_MAPPINGS_CONSISTENT	0.5	0.9	0.207360352688	0.763529076814	72	32	False
Autosomal_Recessive_Nonsyndromic_Hearing_Loss_48	ALL_MAPPINGS_CONSISTENT	ALL_MAPPINGS_CONSISTENT	0.5	0.9	0.207360352688	0.763529076814	72	32	False
Autosomal_Recessive_Nonsyndromic_Hearing_Loss_77	ALL_MAPPINGS_CONSISTENT	ALL_MAPPINGS_CONSISTENT	0.5	0.9	0.207360352688	0.763529076814	72	32	False
Autosomal_Recessive_Nonsyndromic_Hearing_Loss_93	ALL_MAPPINGS_CONSISTENT	ALL_MAPPINGS_CONSISTENT	0.5	0.9	0.218274055461	0.803714817699	36	16	False
Autosomal_Recessive_Nonsyndromic_Hearing_Loss_97	ALL_MAPPINGS_CONSISTENT	ALL_MAPPINGS_CONSISTENT	0.5	0.9	0.218274055461	0.803714817699	36	16	False
Autosomal_Recessive_Nonsyndromic_Hearing_Loss_98	ALL_MAPPINGS_CONSISTENT	ALL_MAPPINGS_CONSISTENT	0.5	0.9	0.218274055461	0.803714817699	36	16	False
Autosomal_Recessive_Osteopetrosis	ALL_MAPPINGS_CONSISTENT	ALL_MAPPINGS_CONSISTENT	0.5	0.9	0.207360352688	0.763529076814	72	32	False
Autosomal_Recessive_Progressive_External_Ophthalmoplegia_1	ALL_MAPPINGS_CONSISTENT	ALL_MAPPINGS_CONSISTENT	0.5	0.9	0.218274055461	0.803714817699	36	16	False
Autosomal_Recessive_Robinow_Syndrome	ALL_MAPPINGS_CONSISTENT	ALL_MAPPINGS_CONSISTENT	0.5	0.9	0.168428446471	0.620176492642	576	256	False
Autosomal_Recessive_Spastic_Ataxia_9	ALL_MAPPINGS_CONSISTENT	ALL_MAPPINGS_CONSISTENT	0.5	0.9	0.229762163644	0.846015597578	18	8	False
Autosomal_Recessive_Spinocerebellar_Ataxia_15	ALL_MAPPINGS_CONSISTENT	ALL_MAPPINGS_CONSISTENT	0.5	0.9	0.186624317419	0.687176169133	144	64	False
Autosomal_Recessive_Spinocerebellar_Ataxia_20	ALL_MAPPINGS_CONSISTENT	ALL_MAPPINGS_CONSISTENT	0.5	0.9	0.186624317419	0.687176169133	144	64	False
Autosomal_Recessive_Spondylometaphyseal_Dysplasia_Megarbane_Type	ALL_MAPPINGS_CONSISTENT	ALL_MAPPINGS_CONSISTENT	0.5	0.9	0.180386286176	0.692724592119	288	128	False
Avascular_Necrosis_Of_Femoral_Head_Primary_2	ALL_MAPPINGS_CONSISTENT	ALL_MAPPINGS_CONSISTENT	0.5	0.9	0.229762163644	0.846015597578	18	8	False
Ayme-Gripp_Syndrome	ALL_MAPPINGS_CONSISTENT	ALL_MAPPINGS_CONSISTENT	0.5	0.95	0.210978112487	0.810204201309	72	32	False
BBSome-Related_Retinitis_Pigmentosa	ALL_MAPPINGS_CONSISTENT	ALL_MAPPINGS_CONSISTENT	0.5	0.9	0.168428446471	0.620176492642	576	256	False
BCKDK_Deficiency	ALL_MAPPINGS_CONSISTENT	ALL_MAPPINGS_CONSISTENT	0.5	0.9	0.186624317419	0.687176169133	144	64	False
BEST1-Related_Dominant_Retinopathy	ALL_MAPPINGS_CONSISTENT	ALL_MAPPINGS_CONSISTENT	0.5	0.9	0.241854909098	0.890542734293	9	4	False
BLOC1S1-related_Complex_Neurodevelopmental_Disorder_with_Leukodystrophy	ALL_MAPPINGS_CONSISTENT	ALL_MAPPINGS_CONSISTENT	0.5	0.9	0.206785947279	0.76141403782	36	16	False
BMP2-Related_Short_Stature-Facial_Dysmorphism-Skeletal_Anomalies_Syndrome	ALL_MAPPINGS_CONSISTENT	ALL_MAPPINGS_CONSISTENT	0.5	0.9	0.218274055461	0.803714817699	36	16	False
BPTF-Related_Neurodevelopmental_Disorder	ALL_MAPPINGS_CONSISTENT	ALL_MAPPINGS_CONSISTENT	0.5	0.9	0.207360352688	0.763529076814	72	32	False
BRPF1-Related_Intellectual_Disability	ALL_MAPPINGS_CONSISTENT	ALL_MAPPINGS_CONSISTENT	0.5	0.95	0.222082223671	0.852846527694	36	16	False
Bachmann-Bupp_Syndrome	ALL_MAPPINGS_CONSISTENT	ALL_MAPPINGS_CONSISTENT	0.5	0.9	0.196446649915	0.723343335929	72	32	False
Bailey-Bloch_Congenital_Myopathy	ALL_MAPPINGS_CONSISTENT	ALL_MAPPINGS_CONSISTENT	0.5	0.9	0.177293101549	0.652817360676	288	128	False
Bainbridge-Ropers_Syndrome	ALL_MAPPINGS_CONSISTENT	ALL_MAPPINGS_CONSISTENT	0.5	0.9	0.189880301238	0.729183781178	144	64	False
Bannayan-Riley-Ruvalcaba_Syndrome	ALL_MAPPINGS_CONSISTENT	ALL_MAPPINGS_CONSISTENT	0.5	0.9	0.168428446471	0.620176492642	576	256	False
Bardet-Biedl_Syndrome	ALL_MAPPINGS_CONSISTENT	ALL_MAPPINGS_CONSISTENT	0.5	0.9	0.168428446471	0.620176492642	576	256	False
Basel-Vanagaite-Smirin-Yosef_Syndrome	ALL_MAPPINGS_CONSISTENT	ALL_MAPPINGS_CONSISTENT	0.5	0.9	0.196446649915	0.723343335929	72	32	False
Bazex_Dupre_Christol_Syndrome	RETRACTED	RETRACTED	0.5	0.5	0.090667684576	0.333850770429	216	96	False
Behr_Syndrome	ALL_MAPPINGS_CONSISTENT	ALL_MAPPINGS_CONSISTENT	0.5	0.9	0.168428446471	0.620176492642	576	256	False
Berardinelli_Seip_Congenital_Lipodystrophy	RETRACTED	RETRACTED	0.5	0.5	0.097374513456	0.373940400604	216	96	False
Beta-Ketothiolase_Deficiency	ALL_MAPPINGS_CONSISTENT	ALL_MAPPINGS_CONSISTENT	0.5	0.9	0.168428446471	0.620176492642	576	256	False
Beta_Thalassemia	TIMED_OUT	ALL_MAPPINGS_CONSISTENT	0.5	0.9	0.168896303267	0.621899205122	1152	512	False
Bietti_Crystalline_Dystrophy	ALL_MAPPINGS_CONSISTENT	ALL_MAPPINGS_CONSISTENT	0.5	0.9	0.168428446471	0.620176492642	576	256	False
Bilateral_Microtia-Deafness-Cleft_Palate_Syndrome	ALL_MAPPINGS_CONSISTENT	ALL_MAPPINGS_CONSISTENT	0.5	0.9	0.186624317419	0.687176169133	144	64	False
Bilateral_Striopallidodentate_Calcinosis	ALL_MAPPINGS_CONSISTENT	ALL_MAPPINGS_CONSISTENT	0.5	0.9	0.177293101549	0.652817360676	288	128	False
Birt-Hogg-Dube_Syndrome	ALL_MAPPINGS_CONSISTENT	ALL_MAPPINGS_CONSISTENT	0.5	0.9	0.241854909098	0.890542734293	9	4	False
Bjornstad_Syndrome	ALL_MAPPINGS_CONSISTENT	ALL_MAPPINGS_CONSISTENT	0.5	0.9	0.177293101549	0.652817360676	288	128	False
Bleeding_Disorder_Platelet-type_21	ALL_MAPPINGS_CONSISTENT	ALL_MAPPINGS_CONSISTENT	0.5	0.9	0.229762163644	0.846015597578	18	8	False
Blepharophimosis-Impaired_Intellectual_Development_Syndrome	ALL_MAPPINGS_CONSISTENT	ALL_MAPPINGS_CONSISTENT	0.5	0.9	0.186624317419	0.687176169133	144	64	False
Blepharophimosis_Intellectual_Disability_Syndrome_MKB_Type	ALL_MAPPINGS_CONSISTENT	ALL_MAPPINGS_CONSISTENT	0.5	0.9	0.196446649915	0.723343335929	72	32	False
Blepharophimosis_Ptosis_and_Epicanthus_Inversus_Syndrome	ALL_MAPPINGS_CONSISTENT	ALL_MAPPINGS_CONSISTENT	0.5	0.9	0.177293101549	0.652817360676	288	128	False
Bloom_Syndrome	TIMED_OUT	ALL_MAPPINGS_CONSISTENT	0.5	0.9	0.162798623274	0.625183944387	1152	512	False
Blue_Cone_Monochromacy	ALL_MAPPINGS_CONSISTENT	ALL_MAPPINGS_CONSISTENT	0.5	0.9	0.177293101549	0.652817360676	288	128	False
Bohring-Opitz_syndrome	ALL_MAPPINGS_CONSISTENT	ALL_MAPPINGS_CONSISTENT	0.5	0.9	0.180386286176	0.692724592119	288	128	False
Bone_Marrow_Failure_Syndrome_6	ALL_MAPPINGS_CONSISTENT	ALL_MAPPINGS_CONSISTENT	0.5	0.9	0.229762163644	0.846015597578	18	8	False
Borjeson-Forssman-Lehmann_syndrome	ALL_MAPPINGS_CONSISTENT	ALL_MAPPINGS_CONSISTENT	0.5	0.9	0.180386286176	0.692724592119	288	128	False
Bosch-Boonstra-Schaaf_Optic_Atrophy_Syndrome	ALL_MAPPINGS_CONSISTENT	ALL_MAPPINGS_CONSISTENT	0.5	0.9	0.189880301238	0.729183781178	144	64	False
Bosma_Arhinia_Microphthalmia_Syndrome	ALL_MAPPINGS_CONSISTENT	ALL_MAPPINGS_CONSISTENT	0.5	0.9	0.189880301238	0.729183781178	144	64	False
Boucher-Neuhauser_Syndrome	ALL_MAPPINGS_CONSISTENT	ALL_MAPPINGS_CONSISTENT	0.5	0.9	0.177293101549	0.652817360676	288	128	False
Brachydactyly_Type_A1	ALL_MAPPINGS_CONSISTENT	ALL_MAPPINGS_CONSISTENT	0.5	0.9	0.168428446471	0.620176492642	576	256	False
Brachydactyly_Type_A2	ALL_MAPPINGS_CONSISTENT	ALL_MAPPINGS_CONSISTENT	0.5	0.9	0.168428446471	0.620176492642	576	256	False
Brachydactyly_Type_B1	ALL_MAPPINGS_CONSISTENT	ALL_MAPPINGS_CONSISTENT	0.5	0.9	0.177293101549	0.652817360676	288	128	False
Brachydactyly_Type_B2	ALL_MAPPINGS_CONSISTENT	ALL_MAPPINGS_CONSISTENT	0.5	0.9	0.177293101549	0.652817360676	288	128	False
Brachydactyly_Type_C	ALL_MAPPINGS_CONSISTENT	ALL_MAPPINGS_CONSISTENT	0.5	0.9	0.168428446471	0.620176492642	576	256	False
Brachydactyly_Type_D	ALL_MAPPINGS_CONSISTENT	ALL_MAPPINGS_CONSISTENT	0.5	0.9	0.196992335054	0.725352622974	144	64	False
Brachydactyly_Type_E1	ALL_MAPPINGS_CONSISTENT	ALL_MAPPINGS_CONSISTENT	0.5	0.9	0.207360352688	0.763529076814	72	32	False
Brachyolmia-Amelogenesis_Imperfecta_Syndrome	ALL_MAPPINGS_CONSISTENT	ALL_MAPPINGS_CONSISTENT	0.5	0.9	0.186624317419	0.687176169133	144	64	False
Brachyphalangy_Polydactyly_Tibial_Aplasia_Syndrome	ALL_MAPPINGS_CONSISTENT	ALL_MAPPINGS_CONSISTENT	0.5	0.9	0.241854909098	0.890542734293	9	4	False
Brain_Abnormalities_Neurodegeneration_and_Dysosteosclerosis	ALL_MAPPINGS_CONSISTENT	ALL_MAPPINGS_CONSISTENT	0.5	0.9	0.229762163644	0.846015597578	18	8	False
Brain_Small_Vessel_Disease_1_With_Or_Without_Ocular_Anomalies	RETRACTED	RETRACTED	0.5	0.5	0.092505787783	0.355243380574	432	192	False
Brody_Myopathy	ALL_MAPPINGS_CONSISTENT	ALL_MAPPINGS_CONSISTENT	0.5	0.9	0.177293101549	0.652817360676	288	128	False
Bronchiectasis_And_Nasal_Polyposis	ALL_MAPPINGS_CONSISTENT	ALL_MAPPINGS_CONSISTENT	0.5	0.95	0.233770761759	0.897733187046	18	8	False
Bryant-Li-Bhoj_Neurodevelopmental_Syndrome_1	ALL_MAPPINGS_CONSISTENT	ALL_MAPPINGS_CONSISTENT	0.5	0.95	0.222082223671	0.852846527694	36	16	False
Bryant-Li-Bhoj_Neurodevelopmental_Syndrome_2	ALL_MAPPINGS_CONSISTENT	ALL_MAPPINGS_CONSISTENT	0.5	0.9	0.218274055461	0.803714817699	36	16	False
Burn-McKeown_Syndrome	ALL_MAPPINGS_CONSISTENT	ALL_MAPPINGS_CONSISTENT	0.5	0.9	0.177293101549	0.652817360676	288	128	False
CACNA1A_Related_Disorder	ALL_MAPPINGS_CONSISTENT	ALL_MAPPINGS_CONSISTENT	0.5	0.9	0.241854909098	0.890542734293	9	4	False
CACNA1E-Related_Developmental_and_Epileptic_Encephalopathy	ALL_MAPPINGS_CONSISTENT	ALL_MAPPINGS_CONSISTENT	0.5	0.9	0.218274055461	0.803714817699	36	16	False
CAGSSS_Syndrome	ALL_MAPPINGS_CONSISTENT	ALL_MAPPINGS_CONSISTENT	0.5	0.9	0.196446649915	0.723343335929	72	32	False
CALFAN_Syndrome	ALL_MAPPINGS_CONSISTENT	ALL_MAPPINGS_CONSISTENT	0.5	0.9	0.186624317419	0.687176169133	144	64	False
CANVAS	RETRACTED	RETRACTED	0.5	0.5	0.083255209005	0.319719042516	864	384	False
CAPN5-Related_Vitreoretinopathy	ALL_MAPPINGS_CONSISTENT	ALL_MAPPINGS_CONSISTENT	0.5	0.9	0.186624317419	0.687176169133	144	64	False
CAPOS_Syndrome	ALL_MAPPINGS_CONSISTENT	ALL_MAPPINGS_CONSISTENT	0.5	0.9	0.186624317419	0.687176169133	144	64	False
CAPRIN1_Related_Neurodevelopmental_Disorder	ALL_MAPPINGS_CONSISTENT	ALL_MAPPINGS_CONSISTENT	0.5	0.9	0.229762163644	0.846015597578	18	8	False
CATSHL_Syndrome	ALL_MAPPINGS_CONSISTENT	ALL_MAPPINGS_CONSISTENT	0.5	0.9	0.177293101549	0.652817360676	288	128	False
CBL-related_Disorder	ALL_MAPPINGS_CONSISTENT	ALL_MAPPINGS_CONSISTENT	0.5	0.9	0.196446649915	0.723343335929	72	32	False
CCDC115-CDG	ALL_MAPPINGS_CONSISTENT	ALL_MAPPINGS_CONSISTENT	0.5	0.9	0.186624317419	0.687176169133	144	64	False
CD16_Deficiency	ALL_MAPPINGS_CONSISTENT	ALL_MAPPINGS_CONSISTENT	0.5	0.9	0.186624317419	0.687176169133	144	64	False
CD27-related_lymphoproliferative_and_immune_disorder	ALL_MAPPINGS_CONSISTENT	ALL_MAPPINGS_CONSISTENT	0.5	0.9	0.186624317419	0.687176169133	144	64	False
CDH1-Related_Hereditary_Diffuse_Gastric_Cancer	ALL_MAPPINGS_CONSISTENT	ALL_MAPPINGS_CONSISTENT	0.5	0.9	0.229762163644	0.846015597578	18	8	False
CDH2-Related_ACOG_Syndrome	ALL_MAPPINGS_CONSISTENT	ALL_MAPPINGS_CONSISTENT	0.5	0.9	0.218274055461	0.803714817699	36	16	False
CDK19-Related_Disorder	ALL_MAPPINGS_CONSISTENT	ALL_MAPPINGS_CONSISTENT	0.5	0.9	0.218274055461	0.803714817699	36	16	False
CDK8-Related_Disorder	ALL_MAPPINGS_CONSISTENT	ALL_MAPPINGS_CONSISTENT	0.5	0.9	0.229762163644	0.846015597578	18	8	False
CDKL5_Deficiency_Disorder	ALL_MAPPINGS_CONSISTENT	ALL_MAPPINGS_CONSISTENT	0.5	0.95	0.246074486062	0.944982302154	9	4	False
CERKL-Related_Retinopathy	ALL_MAPPINGS_CONSISTENT	ALL_MAPPINGS_CONSISTENT	0.5	0.9	0.241854909098	0.890542734293	9	4	False
CFAP418-related_Retinal_Ciliopathy	ALL_MAPPINGS_CONSISTENT	ALL_MAPPINGS_CONSISTENT	0.5	0.9	0.241854909098	0.890542734293	9	4	False
CHARGE_Syndrome	ALL_MAPPINGS_CONSISTENT	ALL_MAPPINGS_CONSISTENT	0.5	0.9	0.171366971868	0.658088362513	576	256	False
CHD2-Related_Developmental_and_Epileptic_Encephalopathy	ALL_MAPPINGS_CONSISTENT	ALL_MAPPINGS_CONSISTENT	0.5	0.9	0.218274055461	0.803714817699	36	16	False
CHD8-Related_Neurodevelopmental_Disorder_with_Overgrowth	ALL_MAPPINGS_CONSISTENT	ALL_MAPPINGS_CONSISTENT	0.5	0.9	0.199874001304	0.767561874924	72	32	False
CHEK2-related_Cancer_Predisposition	ALL_MAPPINGS_CONSISTENT	ALL_MAPPINGS_CONSISTENT	0.5	0.9	0.241854909098	0.890542734293	9	4	False
CHILD_Syndrome	ALL_MAPPINGS_CONSISTENT	ALL_MAPPINGS_CONSISTENT	0.5	0.9	0.177293101549	0.652817360676	288	128	False
CHOPS_Syndrome	ALL_MAPPINGS_CONSISTENT	ALL_MAPPINGS_CONSISTENT	0.5	0.9	0.196446649915	0.723343335929	72	32	False
CHRNA1-associated_Fetal_Hypo-akinesia_Disorder_of_Prenatal_Onset	ALL_MAPPINGS_CONSISTENT	ALL_MAPPINGS_CONSISTENT	0.5	0.9	0.186624317419	0.687176169133	144	64	False
CHST3-Related_Skeletal_Dysplasia	ALL_MAPPINGS_CONSISTENT	ALL_MAPPINGS_CONSISTENT	0.5	0.9	0.177293101549	0.652817360676	288	128	False
CINCA_Syndrome	ALL_MAPPINGS_CONSISTENT	ALL_MAPPINGS_CONSISTENT	0.5	0.9	0.180386286176	0.692724592119	288	128	False
CLCN2-Related_Leukoencephalopathy	ALL_MAPPINGS_CONSISTENT	ALL_MAPPINGS_CONSISTENT	0.5	0.9	0.186624317419	0.687176169133	144	64	False
CN_Related_DEE	ALL_MAPPINGS_CONSISTENT	ALL_MAPPINGS_CONSISTENT	0.5	0.9	0.218274055461	0.803714817699	36	16	False
COA3-Related_COX_Deficiency	ALL_MAPPINGS_CONSISTENT	ALL_MAPPINGS_CONSISTENT	0.5	0.9	0.218274055461	0.803714817699	36	16	False
COA8-Related_COX_Deficiency	ALL_MAPPINGS_CONSISTENT	ALL_MAPPINGS_CONSISTENT	0.5	0.9	0.218274055461	0.803714817699	36	16	False
COG1-congenital_disorder_of_glycosylation	ALL_MAPPINGS_CONSISTENT	ALL_MAPPINGS_CONSISTENT	0.5	0.9	0.177293101549	0.652817360676	288	128	False
COG4-Congenital_Disorder_of_Glycosylation	ALL_MAPPINGS_CONSISTENT	ALL_MAPPINGS_CONSISTENT	0.5	0.9	0.186624317419	0.687176169133	144	64	False
COG7-Congenital_Disorder_of_Glycosylation	ALL_MAPPINGS_CONSISTENT	ALL_MAPPINGS_CONSISTENT	0.5	0.9	0.177293101549	0.652817360676	288	128	False
COL11A2_Skeletal_Spectrum	RETRACTED	RETRACTED	0.5	0.5	0.046625404746	0.171681094195	648	288	False
COPA_Syndrome	ALL_MAPPINGS_CONSISTENT	ALL_MAPPINGS_CONSISTENT	0.5	0.9	0.196446649915	0.723343335929	72	32	False
COQ4-Related_Neonatal_Encephalomyopathy	ALL_MAPPINGS_CONSISTENT	ALL_MAPPINGS_CONSISTENT	0.5	0.9	0.186624317419	0.687176169133	144	64	False
COX10-Related_COX_Deficiency	ALL_MAPPINGS_CONSISTENT	ALL_MAPPINGS_CONSISTENT	0.5	0.9	0.218274055461	0.803714817699	36	16	False
COX11-Related_COX_Deficiency	ALL_MAPPINGS_CONSISTENT	ALL_MAPPINGS_CONSISTENT	0.5	0.9	0.218274055461	0.803714817699	36	16	False
COX14-Related_COX_Deficiency	ALL_MAPPINGS_CONSISTENT	ALL_MAPPINGS_CONSISTENT	0.5	0.9	0.218274055461	0.803714817699	36	16	False
COX15-Related_COX_Deficiency	ALL_MAPPINGS_CONSISTENT	ALL_MAPPINGS_CONSISTENT	0.5	0.9	0.218274055461	0.803714817699	36	16	False
COX16-Related_COX_Deficiency	ALL_MAPPINGS_CONSISTENT	ALL_MAPPINGS_CONSISTENT	0.5	0.9	0.218274055461	0.803714817699	36	16	False
COX18-Related_COX_Deficiency	ALL_MAPPINGS_CONSISTENT	ALL_MAPPINGS_CONSISTENT	0.5	0.9	0.229762163644	0.846015597578	18	8	False
COX20-Related_COX_Deficiency	ALL_MAPPINGS_CONSISTENT	ALL_MAPPINGS_CONSISTENT	0.5	0.9	0.218274055461	0.803714817699	36	16	False
COX4I1-Related_COX_Deficiency	ALL_MAPPINGS_CONSISTENT	ALL_MAPPINGS_CONSISTENT	0.5	0.9	0.218274055461	0.803714817699	36	16	False
COX4I2-Related_Pancreatic_Insufficiency-Anemia-Hyperostosis_Syndrome	ALL_MAPPINGS_CONSISTENT	ALL_MAPPINGS_CONSISTENT	0.5	0.9	0.186624317419	0.687176169133	144	64	False
COX5A-Related_COX_Deficiency	ALL_MAPPINGS_CONSISTENT	ALL_MAPPINGS_CONSISTENT	0.5	0.9	0.218274055461	0.803714817699	36	16	False
COX6A2-Related_COX_Deficiency	ALL_MAPPINGS_CONSISTENT	ALL_MAPPINGS_CONSISTENT	0.5	0.9	0.218274055461	0.803714817699	36	16	False
COX6B1-Related_COX_Deficiency	ALL_MAPPINGS_CONSISTENT	ALL_MAPPINGS_CONSISTENT	0.5	0.9	0.218274055461	0.803714817699	36	16	False
COX8A-Related_COX_Deficiency	ALL_MAPPINGS_CONSISTENT	ALL_MAPPINGS_CONSISTENT	0.5	0.9	0.218274055461	0.803714817699	36	16	False
COXFA4-Related_COX_Deficiency	ALL_MAPPINGS_CONSISTENT	ALL_MAPPINGS_CONSISTENT	0.5	0.9	0.218274055461	0.803714817699	36	16	False
CPLX1-Related_DEE	ALL_MAPPINGS_CONSISTENT	ALL_MAPPINGS_CONSISTENT	0.5	0.9	0.218274055461	0.803714817699	36	16	False
CPT1C-Related_Hereditary_Spastic_Paraplegia	ALL_MAPPINGS_CONSISTENT	ALL_MAPPINGS_CONSISTENT	0.5	0.9	0.189880301238	0.729183781178	144	64	False
CRADD-Related_Thin_Lissencephaly	ALL_MAPPINGS_CONSISTENT	ALL_MAPPINGS_CONSISTENT	0.5	0.9	0.207360352688	0.763529076814	72	32	False
CRX_Related_Retinopathy	ALL_MAPPINGS_CONSISTENT	ALL_MAPPINGS_CONSISTENT	0.5	0.9	0.241854909098	0.890542734293	9	4	False
CTCF-related_Neurodevelopmental_Disorder	ALL_MAPPINGS_CONSISTENT	ALL_MAPPINGS_CONSISTENT	0.5	0.9	0.186624317419	0.687176169133	144	64	False
CTLA4_Haploinsufficiency	ALL_MAPPINGS_CONSISTENT	ALL_MAPPINGS_CONSISTENT	0.5	0.9	0.186624317419	0.687176169133	144	64	False
CTNNB1_Neurodevelopmental_Disorder	ALL_MAPPINGS_CONSISTENT	ALL_MAPPINGS_CONSISTENT	0.5	0.9	0.177293101549	0.652817360676	288	128	False
CYCS-Related_Thrombocytopenia	ALL_MAPPINGS_CONSISTENT	ALL_MAPPINGS_CONSISTENT	0.5	0.95	0.222082223671	0.852846527694	36	16	False
CYFIP2-Related_Developmental_and_Epileptic_Encephalopathy	ALL_MAPPINGS_CONSISTENT	ALL_MAPPINGS_CONSISTENT	0.5	0.9	0.218274055461	0.803714817699	36	16	False
Calvarial_Doughnut_Lesions-bone_Fragility_Syndrome	ALL_MAPPINGS_CONSISTENT	ALL_MAPPINGS_CONSISTENT	0.5	0.9	0.177293101549	0.652817360676	288	128	False
Camurati-Engelmann_Disease	ALL_MAPPINGS_CONSISTENT	ALL_MAPPINGS_CONSISTENT	0.5	0.9	0.187142718301	0.689084991825	288	128	False
Canavan_Disease	TIMED_OUT	ALL_MAPPINGS_CONSISTENT	0.5	0.9	0.162798623274	0.625183944387	1152	512	False
Carbonic_Anhydrase_VA_Deficiency	ALL_MAPPINGS_CONSISTENT	ALL_MAPPINGS_CONSISTENT	0.5	0.9	0.196446649915	0.723343335929	72	32	False
Cardiac_Facial_And_Digital_Anomalies_With_Developmental_Delay	ALL_MAPPINGS_CONSISTENT	ALL_MAPPINGS_CONSISTENT	0.5	0.9	0.189880301238	0.729183781178	144	64	False
Cardiac_Valvular_Ehlers-Danlos_Syndrome	ALL_MAPPINGS_CONSISTENT	ALL_MAPPINGS_CONSISTENT	0.5	0.9	0.168428446471	0.620176492642	576	256	False
Cardiofaciocutaneous_Syndrome	ALL_MAPPINGS_CONSISTENT	ALL_MAPPINGS_CONSISTENT	0.5	0.9	0.177293101549	0.652817360676	288	128	False
Cardiofacioneurodevelopmental_Syndrome	ALL_MAPPINGS_CONSISTENT	ALL_MAPPINGS_CONSISTENT	0.5	0.9	0.229762163644	0.846015597578	18	8	False
Cardiomyopathy-Hypotonia-Lactic_Acidosis_Syndrome	ALL_MAPPINGS_CONSISTENT	ALL_MAPPINGS_CONSISTENT	0.5	0.9	0.186624317419	0.687176169133	144	64	False
Cardiomyopathy_Dilated_2H	ALL_MAPPINGS_CONSISTENT	ALL_MAPPINGS_CONSISTENT	0.5	0.9	0.229762163644	0.846015597578	18	8	False
Cardiospondylocarpofacial_Syndrome	ALL_MAPPINGS_CONSISTENT	ALL_MAPPINGS_CONSISTENT	0.5	0.9	0.177293101549	0.652817360676	288	128	False
Carney_Complex	ALL_MAPPINGS_CONSISTENT	ALL_MAPPINGS_CONSISTENT	0.5	0.9	0.168428446471	0.620176492642	576	256	False
Carnitine_Palmitoyltransferase_1A_Deficiency	ALL_MAPPINGS_CONSISTENT	ALL_MAPPINGS_CONSISTENT	0.5	0.9	0.168428446471	0.620176492642	576	256	False
Central_Congenital_Hypothyroidism	ALL_MAPPINGS_CONSISTENT	ALL_MAPPINGS_CONSISTENT	0.5	0.9	0.207360352688	0.763529076814	72	32	False
Cerebellar_Ataxia-Hypogonadism_Syndrome	ALL_MAPPINGS_CONSISTENT	ALL_MAPPINGS_CONSISTENT	0.5	0.9	0.177293101549	0.652817360676	288	128	False
Cerebrocostomandibular_Syndrome	ALL_MAPPINGS_CONSISTENT	ALL_MAPPINGS_CONSISTENT	0.5	0.9	0.168428446471	0.620176492642	576	256	False
Cerebrotendinous_Xanthomatosis	TIMED_OUT	ALL_MAPPINGS_CONSISTENT	0.5	0.9	0.162798623274	0.625183944387	1152	512	False
Cernunnos-XLF_deficiency	ALL_MAPPINGS_CONSISTENT	ALL_MAPPINGS_CONSISTENT	0.5	0.9	0.177293101549	0.652817360676	288	128	False
Charcot-Marie-Tooth_Disease	ALL_MAPPINGS_CONSISTENT	ALL_MAPPINGS_CONSISTENT	0.5	0.9	0.196992335054	0.725352622974	144	64	False
Charcot-Marie-Tooth_Disease_Axonal_Type_2C	ALL_MAPPINGS_CONSISTENT	ALL_MAPPINGS_CONSISTENT	0.5	0.9	0.186624317419	0.687176169133	144	64	False
Charcot-Marie-Tooth_Disease_Axonal_Type_2JJ	ALL_MAPPINGS_CONSISTENT	ALL_MAPPINGS_CONSISTENT	0.5	0.9	0.218274055461	0.803714817699	36	16	False
Charcot-Marie-Tooth_Disease_Axonal_Type_2P	ALL_MAPPINGS_CONSISTENT	ALL_MAPPINGS_CONSISTENT	0.5	0.9	0.186624317419	0.687176169133	144	64	False
Charcot-Marie-Tooth_Disease_Axonal_Type_2T	ALL_MAPPINGS_CONSISTENT	ALL_MAPPINGS_CONSISTENT	0.5	0.9	0.206785947279	0.76141403782	36	16	False
Charcot-Marie-Tooth_Disease_Dominant_Intermediate_B	ALL_MAPPINGS_CONSISTENT	ALL_MAPPINGS_CONSISTENT	0.5	0.9	0.186624317419	0.687176169133	144	64	False
Charcot-Marie-Tooth_Disease_Dominant_Intermediate_E	ALL_MAPPINGS_CONSISTENT	ALL_MAPPINGS_CONSISTENT	0.5	0.9	0.186624317419	0.687176169133	144	64	False
Charcot-Marie-Tooth_Disease_Dominant_Intermediate_G	ALL_MAPPINGS_CONSISTENT	ALL_MAPPINGS_CONSISTENT	0.5	0.9	0.218274055461	0.803714817699	36	16	False
Charcot-Marie-Tooth_Disease_Recessive_Intermediate_D	ALL_MAPPINGS_CONSISTENT	ALL_MAPPINGS_CONSISTENT	0.5	0.9	0.186624317419	0.687176169133	144	64	False
Charcot-Marie-Tooth_Disease_Type_1	ALL_MAPPINGS_CONSISTENT	ALL_MAPPINGS_CONSISTENT	0.5	0.9	0.218274055461	0.803714817699	36	16	False
Charcot-Marie-Tooth_Disease_Type_4	ALL_MAPPINGS_CONSISTENT	ALL_MAPPINGS_CONSISTENT	0.5	0.9	0.218274055461	0.803714817699	36	16	False
Charcot-Marie-Tooth_Disease_Type_4B3	ALL_MAPPINGS_CONSISTENT	ALL_MAPPINGS_CONSISTENT	0.5	0.9	0.189880301238	0.729183781178	144	64	False
Charcot-Marie-Tooth_Disease_Type_4D	ALL_MAPPINGS_CONSISTENT	ALL_MAPPINGS_CONSISTENT	0.5	0.9	0.168428446471	0.620176492642	576	256	False
Charcot-Marie-Tooth_Disease_Type_4K	ALL_MAPPINGS_CONSISTENT	ALL_MAPPINGS_CONSISTENT	0.5	0.9	0.186624317419	0.687176169133	144	64	False
Charlevoix-Saguenay_spastic_ataxia	ALL_MAPPINGS_CONSISTENT	ALL_MAPPINGS_CONSISTENT	0.5	0.9	0.177293101549	0.652817360676	288	128	False
Cholesteryl_Ester_Storage_Disease	ALL_MAPPINGS_CONSISTENT	ALL_MAPPINGS_CONSISTENT	0.5	0.9	0.180386286176	0.692724592119	288	128	False
Chondrodysplasia_Blomstrand_Type	ALL_MAPPINGS_CONSISTENT	ALL_MAPPINGS_CONSISTENT	0.5	0.9	0.168428446471	0.620176492642	576	256	False
Chondrodysplasia_Punctata_Tibial-metacarpal_Type	ALL_MAPPINGS_CONSISTENT	ALL_MAPPINGS_CONSISTENT	0.5	0.9	0.177293101549	0.652817360676	288	128	False
Chondrodysplasia_With_Joint_Dislocations_gPAPP_Type	ALL_MAPPINGS_CONSISTENT	ALL_MAPPINGS_CONSISTENT	0.5	0.9	0.186624317419	0.687176169133	144	64	False
Chorea-acanthocytosis	ALL_MAPPINGS_CONSISTENT	ALL_MAPPINGS_CONSISTENT	0.5	0.9	0.186624317419	0.687176169133	144	64	False
Chromosome_17q12_Deletion_Syndrome	ALL_MAPPINGS_CONSISTENT	ALL_MAPPINGS_CONSISTENT	0.5	0.9	0.186624317419	0.687176169133	144	64	False
Chromosome_2q32-q33_Deletion_Syndrome	RETRACTED	RETRACTED	0.5	0.5	0.08182758533	0.301300320312	864	384	False
Chronic_Neurovisceral_Acid_Sphingomyelinase_Deficiency	ALL_MAPPINGS_CONSISTENT	ALL_MAPPINGS_CONSISTENT	0.5	0.9	0.199874001304	0.767561874924	72	32	False
Chung-Jansen_Syndrome	ALL_MAPPINGS_CONSISTENT	ALL_MAPPINGS_CONSISTENT	0.5	0.9	0.196446649915	0.723343335929	72	32	False
Chuvash_Polycythemia	ALL_MAPPINGS_CONSISTENT	ALL_MAPPINGS_CONSISTENT	0.5	0.9	0.177293101549	0.652817360676	288	128	False
Classic_Familial_Adenomatous_Polyposis	ALL_MAPPINGS_CONSISTENT	ALL_MAPPINGS_CONSISTENT	0.5	0.9	0.186624317419	0.687176169133	144	64	False
Cleidocranial_Dysplasia	ALL_MAPPINGS_CONSISTENT	ALL_MAPPINGS_CONSISTENT	0.5	0.9	0.168428446471	0.620176492642	576	256	False
Clouston_Syndrome	ALL_MAPPINGS_CONSISTENT	ALL_MAPPINGS_CONSISTENT	0.5	0.9	0.186624317419	0.687176169133	144	64	False
Colobomatous_Microphthalmia-Rhizomelic_Dysplasia_Syndrome	ALL_MAPPINGS_CONSISTENT	ALL_MAPPINGS_CONSISTENT	0.5	0.9	0.186624317419	0.687176169133	144	64	False
Combined_Immunodeficiency_Due_To_CD3gamma_Deficiency	RETRACTED	RETRACTED	0.5	0.5	0.095704778164	0.352398035453	216	96	False
Combined_Immunodeficiency_Due_To_CTPS1_Deficiency	ALL_MAPPINGS_CONSISTENT	ALL_MAPPINGS_CONSISTENT	0.5	0.9	0.186624317419	0.687176169133	144	64	False
Combined_Immunodeficiency_Due_To_GINS1_Deficiency	ALL_MAPPINGS_CONSISTENT	ALL_MAPPINGS_CONSISTENT	0.5	0.9	0.186624317419	0.687176169133	144	64	False
Combined_Malonic_and_Methylmalonic_Aciduria	ALL_MAPPINGS_CONSISTENT	ALL_MAPPINGS_CONSISTENT	0.5	0.9	0.177293101549	0.652817360676	288	128	False
Combined_Oxidative_Phosphorylation_Defect_Type_13	ALL_MAPPINGS_CONSISTENT	ALL_MAPPINGS_CONSISTENT	0.5	0.9	0.186624317419	0.687176169133	144	64	False
Combined_Oxidative_Phosphorylation_Defect_Type_21	ALL_MAPPINGS_CONSISTENT	ALL_MAPPINGS_CONSISTENT	0.5	0.9	0.189880301238	0.729183781178	144	64	False
Combined_Oxidative_Phosphorylation_Defect_Type_26	ALL_MAPPINGS_CONSISTENT	ALL_MAPPINGS_CONSISTENT	0.5	0.9	0.186624317419	0.687176169133	144	64	False
Combined_Oxidative_Phosphorylation_Defect_Type_30	ALL_MAPPINGS_CONSISTENT	ALL_MAPPINGS_CONSISTENT	0.5	0.9	0.186624317419	0.687176169133	144	64	False
Combined_Oxidative_Phosphorylation_Defect_Type_4	ALL_MAPPINGS_CONSISTENT	ALL_MAPPINGS_CONSISTENT	0.5	0.9	0.177293101549	0.652817360676	288	128	False
Combined_Oxidative_Phosphorylation_Defect_Type_7	ALL_MAPPINGS_CONSISTENT	ALL_MAPPINGS_CONSISTENT	0.5	0.9	0.189880301238	0.729183781178	144	64	False
Combined_Oxidative_Phosphorylation_Deficiency_42	ALL_MAPPINGS_CONSISTENT	ALL_MAPPINGS_CONSISTENT	0.5	0.9	0.218274055461	0.803714817699	36	16	False
Combined_Oxidative_Phosphorylation_Deficiency_51	ALL_MAPPINGS_CONSISTENT	ALL_MAPPINGS_CONSISTENT	0.5	0.95	0.222082223671	0.852846527694	36	16	False
Combined_Pituitary_Hormone_Deficiencies_Genetic_Form	ALL_MAPPINGS_CONSISTENT	ALL_MAPPINGS_CONSISTENT	0.5	0.9	0.229762163644	0.846015597578	18	8	False
Combined_Saposin_Deficiency	ALL_MAPPINGS_CONSISTENT	ALL_MAPPINGS_CONSISTENT	0.5	0.9	0.180386286176	0.692724592119	288	128	False
Complement_Component_2_Deficiency	ALL_MAPPINGS_CONSISTENT	ALL_MAPPINGS_CONSISTENT	0.5	0.9	0.207360352688	0.763529076814	72	32	False
Complex_Hereditary_Spastic_Paraplegia	ALL_MAPPINGS_CONSISTENT	ALL_MAPPINGS_CONSISTENT	0.5	0.9	0.229762163644	0.846015597578	18	8	False
Cone-rod_Dystrophy_And_Hearing_Loss_2	ALL_MAPPINGS_CONSISTENT	ALL_MAPPINGS_CONSISTENT	0.5	0.9	0.229762163644	0.846015597578	18	8	False
Congenital_Chloride_Diarrhea	ALL_MAPPINGS_CONSISTENT	ALL_MAPPINGS_CONSISTENT	0.5	0.9	0.177293101549	0.652817360676	288	128	False
Congenital_Disorder_Of_Glycosylation_Type_ICC	ALL_MAPPINGS_CONSISTENT	ALL_MAPPINGS_CONSISTENT	0.5	0.9	0.218274055461	0.803714817699	36	16	False
Congenital_Disorder_of_Glycosylation_Type_IIw	ALL_MAPPINGS_CONSISTENT	ALL_MAPPINGS_CONSISTENT	0.5	0.9	0.218274055461	0.803714817699	36	16	False
Congenital_Heart_Defects_Multiple_Types_2	ALL_MAPPINGS_CONSISTENT	ALL_MAPPINGS_CONSISTENT	0.5	0.9	0.229762163644	0.846015597578	18	8	False
Congenital_Heart_Defects_and_Skeletal_Malformations_Syndrome	ALL_MAPPINGS_CONSISTENT	ALL_MAPPINGS_CONSISTENT	0.5	0.9	0.196446649915	0.723343335929	72	32	False
Congenital_Myasthenic_Syndrome	ALL_MAPPINGS_CONSISTENT	ALL_MAPPINGS_CONSISTENT	0.5	0.9	0.177785582386	0.654630742234	576	256	False
Congenital_Myasthenic_Syndrome_15	ALL_MAPPINGS_CONSISTENT	ALL_MAPPINGS_CONSISTENT	0.5	0.9	0.218274055461	0.803714817699	36	16	False
Congenital_Myasthenic_Syndrome_6	ALL_MAPPINGS_CONSISTENT	ALL_MAPPINGS_CONSISTENT	0.5	0.9	0.196992335054	0.725352622974	144	64	False
Congenital_Sialidosis_Type_2	ALL_MAPPINGS_CONSISTENT	ALL_MAPPINGS_CONSISTENT	0.5	0.9	0.199874001304	0.767561874924	72	32	False
Congenital_Sodium_Diarrhea	ALL_MAPPINGS_CONSISTENT	ALL_MAPPINGS_CONSISTENT	0.5	0.9	0.206785947279	0.76141403782	36	16	False
Congenital_Thrombotic_Thrombocytopenic_Purpura	ALL_MAPPINGS_CONSISTENT	ALL_MAPPINGS_CONSISTENT	0.5	0.9	0.186624317419	0.687176169133	144	64	False
Congenital_Tufting_Enteropathy	ALL_MAPPINGS_CONSISTENT	ALL_MAPPINGS_CONSISTENT	0.5	0.9	0.168428446471	0.620176492642	576	256	False
Cooks_Syndrome	ALL_MAPPINGS_CONSISTENT	ALL_MAPPINGS_CONSISTENT	0.5	0.9	0.186624317419	0.687176169133	144	64	False
Cornelia_de_Lange_Syndrome_4	ALL_MAPPINGS_CONSISTENT	ALL_MAPPINGS_CONSISTENT	0.5	0.9	0.218274055461	0.803714817699	36	16	False
Cornelia_de_Lange_Syndrome_5	ALL_MAPPINGS_CONSISTENT	ALL_MAPPINGS_CONSISTENT	0.5	0.9	0.218274055461	0.803714817699	36	16	False
Corpus_Callosum_Agenesis-Intellectual_Disability-Coloboma-Micrognathia_Syndrome	ALL_MAPPINGS_CONSISTENT	ALL_MAPPINGS_CONSISTENT	0.5	0.9	0.180386286176	0.692724592119	288	128	False
Cortisone_Reductase_Deficiency	ALL_MAPPINGS_CONSISTENT	ALL_MAPPINGS_CONSISTENT	0.5	0.9	0.189880301238	0.729183781178	144	64	False
Cowden_Syndrome	ALL_MAPPINGS_CONSISTENT	ALL_MAPPINGS_CONSISTENT	0.5	0.9	0.177293101549	0.652817360676	288	128	False
Cranioectodermal_Dysplasia	ALL_MAPPINGS_CONSISTENT	ALL_MAPPINGS_CONSISTENT	0.5	0.9	0.177293101549	0.652817360676	288	128	False
Craniofacial-Deafness-Hand_Syndrome	ALL_MAPPINGS_CONSISTENT	ALL_MAPPINGS_CONSISTENT	0.5	0.9	0.171366971868	0.658088362513	576	256	False
Creatine_Transporter_Deficiency	ALL_MAPPINGS_CONSISTENT	ALL_MAPPINGS_CONSISTENT	0.5	0.9	0.168428446471	0.620176492642	576	256	False
Crouzon_Syndrome_with_Acanthosis_Nigricans	ALL_MAPPINGS_CONSISTENT	ALL_MAPPINGS_CONSISTENT	0.5	0.9	0.168428446471	0.620176492642	576	256	False
Cyanosis_Transient_Neonatal	ALL_MAPPINGS_CONSISTENT	ALL_MAPPINGS_CONSISTENT	0.5	0.9	0.10121630508	0.644168152211	448	128	False
Czech_Dysplasia	ALL_MAPPINGS_CONSISTENT	ALL_MAPPINGS_CONSISTENT	0.5	0.9	0.186624317419	0.687176169133	144	64	False
DECR_Deficiency	ALL_MAPPINGS_CONSISTENT	ALL_MAPPINGS_CONSISTENT	0.5	0.9	0.186624317419	0.687176169133	144	64	False
DEF6_Deficiency	ALL_MAPPINGS_CONSISTENT	ALL_MAPPINGS_CONSISTENT	0.5	0.9	0.218274055461	0.803714817699	36	16	False
DENND5A-Related_Developmental_and_Epileptic_Encephalopathy	ALL_MAPPINGS_CONSISTENT	ALL_MAPPINGS_CONSISTENT	0.5	0.9	0.218274055461	0.803714817699	36	16	False
DEPDC5-Related_Epilepsy	ALL_MAPPINGS_CONSISTENT	ALL_MAPPINGS_CONSISTENT	0.5	0.9	0.207360352688	0.763529076814	72	32	False
DGAT1_Deficiency	ALL_MAPPINGS_CONSISTENT	ALL_MAPPINGS_CONSISTENT	0.5	0.9	0.186624317419	0.687176169133	144	64	False
DHRSX-Congenital_Disorder_of_Glycosylation	ALL_MAPPINGS_CONSISTENT	ALL_MAPPINGS_CONSISTENT	0.5	0.9	0.229762163644	0.846015597578	18	8	False
DICER1_Tumor_Predisposition_Syndrome	ALL_MAPPINGS_CONSISTENT	ALL_MAPPINGS_CONSISTENT	0.5	0.9	0.186624317419	0.687176169133	144	64	False
DK1-congenital_disorder_of_glycosylation	ALL_MAPPINGS_CONSISTENT	ALL_MAPPINGS_CONSISTENT	0.5	0.9	0.177293101549	0.652817360676	288	128	False
DLG4-Related_Synaptopathy	ALL_MAPPINGS_CONSISTENT	ALL_MAPPINGS_CONSISTENT	0.5	0.9	0.207360352688	0.763529076814	72	32	False
DNM1_Encephalopathy	ALL_MAPPINGS_CONSISTENT	ALL_MAPPINGS_CONSISTENT	0.5	0.9	0.218274055461	0.803714817699	36	16	False
DOORS_Syndrome	ALL_MAPPINGS_CONSISTENT	ALL_MAPPINGS_CONSISTENT	0.5	0.9	0.177293101549	0.652817360676	288	128	False
DPM2-congenital_disorder_of_glycosylation	ALL_MAPPINGS_CONSISTENT	ALL_MAPPINGS_CONSISTENT	0.5	0.9	0.186624317419	0.687176169133	144	64	False
DTYMK-Related_Neurodegeneration	ALL_MAPPINGS_CONSISTENT	ALL_MAPPINGS_CONSISTENT	0.5	0.9	0.229762163644	0.846015597578	18	8	False
DYRK1A_Syndrome	ALL_MAPPINGS_CONSISTENT	ALL_MAPPINGS_CONSISTENT	0.5	0.9	0.186624317419	0.687176169133	144	64	False
Dacryocystitis-Osteopoikilosis_Syndrome	ALL_MAPPINGS_CONSISTENT	ALL_MAPPINGS_CONSISTENT	0.5	0.9	0.218274055461	0.803714817699	36	16	False
Deafness-Lymphedema-Leukemia_Syndrome	ALL_MAPPINGS_CONSISTENT	ALL_MAPPINGS_CONSISTENT	0.5	0.9	0.218274055461	0.803714817699	36	16	False
Deafness_Congenital_Heart_Defects_And_Posterior_Embryotoxon	ALL_MAPPINGS_CONSISTENT	ALL_MAPPINGS_CONSISTENT	0.5	0.95	0.222082223671	0.852846527694	36	16	False
Deeah_Syndrome	ALL_MAPPINGS_CONSISTENT	ALL_MAPPINGS_CONSISTENT	0.5	0.9	0.218274055461	0.803714817699	36	16	False
Deficiency_of_Adenosine_Deaminase_2	ALL_MAPPINGS_CONSISTENT	ALL_MAPPINGS_CONSISTENT	0.5	0.9	0.196446649915	0.723343335929	72	32	False
Delpire-McNeill_Syndrome	ALL_MAPPINGS_CONSISTENT	ALL_MAPPINGS_CONSISTENT	0.5	0.9	0.196446649915	0.723343335929	72	32	False
Dentatorubral-Pallidoluysian_Atrophy	ALL_MAPPINGS_CONSISTENT	ALL_MAPPINGS_CONSISTENT	0.5	0.9	0.177293101549	0.652817360676	288	128	False
Dentici-Novelli_neurodevelopmental_syndrome	ALL_MAPPINGS_CONSISTENT	ALL_MAPPINGS_CONSISTENT	0.5	0.9	0.229762163644	0.846015597578	18	8	False
Denys-Drash_Syndrome	ALL_MAPPINGS_CONSISTENT	ALL_MAPPINGS_CONSISTENT	0.5	0.9	0.177785582386	0.654630742234	576	256	False
Dermatosparaxis_Ehlers-Danlos_Syndrome	ALL_MAPPINGS_CONSISTENT	ALL_MAPPINGS_CONSISTENT	0.5	0.9	0.168428446471	0.620176492642	576	256	False
Developmental_And_Epileptic_Encephalopathy_116	ALL_MAPPINGS_CONSISTENT	ALL_MAPPINGS_CONSISTENT	0.5	0.95	0.222082223671	0.852846527694	36	16	False
Developmental_And_Epileptic_Encephalopathy_14	ALL_MAPPINGS_CONSISTENT	ALL_MAPPINGS_CONSISTENT	0.5	0.9	0.101497461483	0.645957508189	896	256	False
Developmental_And_Epileptic_Encephalopathy_19	ALL_MAPPINGS_CONSISTENT	ALL_MAPPINGS_CONSISTENT	0.5	0.95	0.210978112487	0.810204201309	72	32	False
Developmental_And_Epileptic_Encephalopathy_38	ALL_MAPPINGS_CONSISTENT	ALL_MAPPINGS_CONSISTENT	0.5	0.9	0.218274055461	0.803714817699	36	16	False
Developmental_And_Epileptic_Encephalopathy_46	ALL_MAPPINGS_CONSISTENT	ALL_MAPPINGS_CONSISTENT	0.5	0.95	0.222082223671	0.852846527694	36	16	False
Developmental_And_Epileptic_Encephalopathy_50	ALL_MAPPINGS_CONSISTENT	ALL_MAPPINGS_CONSISTENT	0.5	0.9	0.186624317419	0.687176169133	144	64	False
Developmental_And_Epileptic_Encephalopathy_80	ALL_MAPPINGS_CONSISTENT	ALL_MAPPINGS_CONSISTENT	0.5	0.9	0.218274055461	0.803714817699	36	16	False
Developmental_And_Epileptic_Encephalopathy_81	ALL_MAPPINGS_CONSISTENT	ALL_MAPPINGS_CONSISTENT	0.5	0.95	0.222082223671	0.852846527694	36	16	False
Developmental_And_Epileptic_Encephalopathy_89	ALL_MAPPINGS_CONSISTENT	ALL_MAPPINGS_CONSISTENT	0.5	0.95	0.222082223671	0.852846527694	36	16	False
Developmental_Delay_Hypotonia_Musculoskeletal_Defects_And_Behavioral_Abnormalities	ALL_MAPPINGS_CONSISTENT	ALL_MAPPINGS_CONSISTENT	0.5	0.9	0.229762163644	0.846015597578	18	8	False
Developmental_and_Epileptic_Encephalopathy_55	ALL_MAPPINGS_CONSISTENT	ALL_MAPPINGS_CONSISTENT	0.5	0.9	0.218274055461	0.803714817699	36	16	False
Diabetes_Deafness_Developmental_Delay_and_Short_Stature_Syndrome	ALL_MAPPINGS_CONSISTENT	ALL_MAPPINGS_CONSISTENT	0.5	0.9	0.229762163644	0.846015597578	18	8	False
Diamond-Blackfan_Anemia	ALL_MAPPINGS_CONSISTENT	ALL_MAPPINGS_CONSISTENT	0.5	0.9	0.177293101549	0.652817360676	288	128	False
Diaphyseal_Medullary_Stenosis_With_Malignant_Fibrous_Histiocytoma	ALL_MAPPINGS_CONSISTENT	ALL_MAPPINGS_CONSISTENT	0.5	0.9	0.180386286176	0.692724592119	288	128	False
Diffuse_Nonepidermolytic_Palmoplantar_Keratoderma	RETRACTED	RETRACTED	0.5	0.5	0.097374513456	0.373940400604	216	96	False
Dilated_Cardiomyopathy_1EE	ALL_MAPPINGS_CONSISTENT	ALL_MAPPINGS_CONSISTENT	0.5	0.9	0.207360352688	0.763529076814	72	32	False
Dilated_Cardiomyopathy_1GG	ALL_MAPPINGS_CONSISTENT	ALL_MAPPINGS_CONSISTENT	0.5	0.9	0.218274055461	0.803714817699	36	16	False
Dilated_Cardiomyopathy_1JJ	ALL_MAPPINGS_CONSISTENT	ALL_MAPPINGS_CONSISTENT	0.5	0.9	0.218274055461	0.803714817699	36	16	False
Dilated_Cardiomyopathy_1O	ALL_MAPPINGS_CONSISTENT	ALL_MAPPINGS_CONSISTENT	0.5	0.9	0.207360352688	0.763529076814	72	32	False
Dilated_Cardiomyopathy_1R	ALL_MAPPINGS_CONSISTENT	ALL_MAPPINGS_CONSISTENT	0.5	0.9	0.218274055461	0.803714817699	36	16	False
Dilated_Cardiomyopathy_1U	ALL_MAPPINGS_CONSISTENT	ALL_MAPPINGS_CONSISTENT	0.5	0.9	0.207360352688	0.763529076814	72	32	False
Dilated_Cardiomyopathy_1X	ALL_MAPPINGS_CONSISTENT	ALL_MAPPINGS_CONSISTENT	0.5	0.9	0.207360352688	0.763529076814	72	32	False
Dilated_Cardiomyopathy_1Y	ALL_MAPPINGS_CONSISTENT	ALL_MAPPINGS_CONSISTENT	0.5	0.9	0.207360352688	0.763529076814	72	32	False
Dimethylglycine_Dehydrogenase_Deficiency	ALL_MAPPINGS_CONSISTENT	ALL_MAPPINGS_CONSISTENT	0.5	0.9	0.180386286176	0.692724592119	288	128	False
Distal_Hereditary_Motor_Neuronopathy_Type_2A	ALL_MAPPINGS_CONSISTENT	ALL_MAPPINGS_CONSISTENT	0.5	0.9	0.218274055461	0.803714817699	36	16	False
Distal_Hereditary_Motor_Neuronopathy_Type_5B	ALL_MAPPINGS_CONSISTENT	ALL_MAPPINGS_CONSISTENT	0.5	0.9	0.218274055461	0.803714817699	36	16	False
Distal_Myopathy_6_Adult-Onset_Autosomal_Dominant	ALL_MAPPINGS_CONSISTENT	ALL_MAPPINGS_CONSISTENT	0.5	0.9	0.229762163644	0.846015597578	18	8	False
Dominant_Deafness-Onychodystrophy_Syndrome	ALL_MAPPINGS_CONSISTENT	ALL_MAPPINGS_CONSISTENT	0.5	0.9	0.186624317419	0.687176169133	144	64	False
Donnai-Barrow_syndrome	ALL_MAPPINGS_CONSISTENT	ALL_MAPPINGS_CONSISTENT	0.5	0.9	0.177293101549	0.652817360676	288	128	False
Dorfman_Chanarin_Disease	ALL_MAPPINGS_CONSISTENT	ALL_MAPPINGS_CONSISTENT	0.5	0.9	0.189880301238	0.729183781178	144	64	False
Du_Pan_Syndrome	ALL_MAPPINGS_CONSISTENT	ALL_MAPPINGS_CONSISTENT	0.5	0.9	0.177293101549	0.652817360676	288	128	False
Duane_Radial_Ray_Syndrome	RETRACTED	RETRACTED	0.5	0.5	0.086134300347	0.317158231907	432	192	False
Duane_Retraction_Syndrome	ALL_MAPPINGS_CONSISTENT	ALL_MAPPINGS_CONSISTENT	0.5	0.9	0.168428446471	0.620176492642	576	256	False
Duane_Retraction_Syndrome_3_With_Or_Without_Deafness	ALL_MAPPINGS_CONSISTENT	ALL_MAPPINGS_CONSISTENT	0.5	0.9	0.218274055461	0.803714817699	36	16	False
Dysostosis_Multiplex_Ain-Naz_Type	ALL_MAPPINGS_CONSISTENT	ALL_MAPPINGS_CONSISTENT	0.5	0.95	0.233770761759	0.897733187046	18	8	False
ECHS1_Deficiency	ALL_MAPPINGS_CONSISTENT	ALL_MAPPINGS_CONSISTENT	0.5	0.9	0.186624317419	0.687176169133	144	64	False
EFL1-related_Shwachman-Diamond_syndrome	ALL_MAPPINGS_CONSISTENT	ALL_MAPPINGS_CONSISTENT	0.5	0.9	0.229762163644	0.846015597578	18	8	False
EML1_Ribbon_Heterotopia	ALL_MAPPINGS_CONSISTENT	ALL_MAPPINGS_CONSISTENT	0.5	0.9	0.177293101549	0.652817360676	288	128	False
EVEN-PLUS_Syndrome	ALL_MAPPINGS_CONSISTENT	ALL_MAPPINGS_CONSISTENT	0.5	0.9	0.196446649915	0.723343335929	72	32	False
EYS_Related_Retinitis_Pigmentosa	ALL_MAPPINGS_CONSISTENT	ALL_MAPPINGS_CONSISTENT	0.5	0.9	0.207360352688	0.763529076814	72	32	False
Ectodermal_Dysplasia_and_Immunodeficiency_2	ALL_MAPPINGS_CONSISTENT	ALL_MAPPINGS_CONSISTENT	0.5	0.9	0.196992335054	0.725352622974	144	64	False
Elsahy-Waters_Syndrome	RETRACTED	RETRACTED	0.5	0.5	0.090919539256	0.33477813368	432	192	False
Enhanced_S-Cone_Syndrome	ALL_MAPPINGS_CONSISTENT	ALL_MAPPINGS_CONSISTENT	0.5	0.9	0.218274055461	0.803714817699	36	16	False
Epidermolysis_Bullosa	ALL_MAPPINGS_CONSISTENT	ALL_MAPPINGS_CONSISTENT	0.5	0.95	0.200429206863	0.769693991243	144	64	False
Erythropoietic_Protoporphyria	ALL_MAPPINGS_CONSISTENT	ALL_MAPPINGS_CONSISTENT	0.5	0.9	0.196992335054	0.725352622974	144	64	False
Ethylmalonic_Encephalopathy	ALL_MAPPINGS_CONSISTENT	ALL_MAPPINGS_CONSISTENT	0.5	0.9	0.171366971868	0.658088362513	576	256	False
FADD-related_Immunodeficiency	ALL_MAPPINGS_CONSISTENT	ALL_MAPPINGS_CONSISTENT	0.5	0.9	0.177293101549	0.652817360676	288	128	False
FAS-related_Autoimmune_Lymphoproliferative_Syndrome	ALL_MAPPINGS_CONSISTENT	ALL_MAPPINGS_CONSISTENT	0.5	0.9	0.241854909098	0.890542734293	9	4	False
FASTKD5-Related_COX_Deficiency	ALL_MAPPINGS_CONSISTENT	ALL_MAPPINGS_CONSISTENT	0.5	0.9	0.229762163644	0.846015597578	18	8	False
FGF12-Related_Developmental_and_Epileptic_Encephalopathy	ALL_MAPPINGS_CONSISTENT	ALL_MAPPINGS_CONSISTENT	0.5	0.9	0.218274055461	0.803714817699	36	16	False
FGFR1_Hypogonadotropic_Hypogonadism	ALL_MAPPINGS_CONSISTENT	ALL_MAPPINGS_CONSISTENT	0.5	0.9	0.218274055461	0.803714817699	36	16	False
FGFR2-Related_Bent_Bone_Dysplasia	ALL_MAPPINGS_CONSISTENT	ALL_MAPPINGS_CONSISTENT	0.5	0.9	0.186624317419	0.687176169133	144	64	False
FG_Syndrome_1	ALL_MAPPINGS_CONSISTENT	ALL_MAPPINGS_CONSISTENT	0.5	0.9	0.196446649915	0.723343335929	72	32	False
FG_Syndrome_4	ALL_MAPPINGS_CONSISTENT	ALL_MAPPINGS_CONSISTENT	0.5	0.9	0.229762163644	0.846015597578	18	8	False
FILS_Syndrome	ALL_MAPPINGS_CONSISTENT	ALL_MAPPINGS_CONSISTENT	0.5	0.9	0.196446649915	0.723343335929	72	32	False
FOLR1-Related_Cerebral_Folate_Transport_Deficiency	ALL_MAPPINGS_CONSISTENT	ALL_MAPPINGS_CONSISTENT	0.5	0.9	0.168428446471	0.620176492642	576	256	False
FOXE3_Anterior_Segment_Dysgenesis	RETRACTED	RETRACTED	0.5	0.5	0.106338642404	0.391553372725	108	48	False
FOXP1_Syndrome	ALL_MAPPINGS_CONSISTENT	ALL_MAPPINGS_CONSISTENT	0.5	0.9	0.186624317419	0.687176169133	144	64	False
Familial_Chylomicronemia_Syndrome	ALL_MAPPINGS_CONSISTENT	ALL_MAPPINGS_CONSISTENT	0.5	0.9	0.196446649915	0.723343335929	72	32	False
Familial_Congenital_Mirror_Movements	ALL_MAPPINGS_CONSISTENT	ALL_MAPPINGS_CONSISTENT	0.5	0.9	0.186624317419	0.687176169133	144	64	False
Familial_Defective_Apolipoprotein_B-100	ALL_MAPPINGS_CONSISTENT	ALL_MAPPINGS_CONSISTENT	0.5	0.9	0.229762163644	0.846015597578	18	8	False
Familial_Episodic_Pain_Syndrome_With_Predominantly_Lower_Limb_Involvement	ALL_MAPPINGS_CONSISTENT	ALL_MAPPINGS_CONSISTENT	0.5	0.9	0.177293101549	0.652817360676	288	128	False
Familial_Exudative_Vitreoretinopathy	ALL_MAPPINGS_CONSISTENT	ALL_MAPPINGS_CONSISTENT	0.5	0.9	0.186624317419	0.687176169133	144	64	False
Familial_Focal_Epilepsy_With_Variable_Foci	ALL_MAPPINGS_CONSISTENT	ALL_MAPPINGS_CONSISTENT	0.5	0.9	0.177293101549	0.652817360676	288	128	False
Familial_Hyperaldosteronism_Type_I	ALL_MAPPINGS_CONSISTENT	ALL_MAPPINGS_CONSISTENT	0.5	0.9	0.171366971868	0.658088362513	576	256	False
Familial_Hypocalciuric_Hypercalcemia_1	ALL_MAPPINGS_CONSISTENT	ALL_MAPPINGS_CONSISTENT	0.5	0.9	0.177293101549	0.652817360676	288	128	False
Familial_Isolated_Vitamin_E_Deficiency	ALL_MAPPINGS_CONSISTENT	ALL_MAPPINGS_CONSISTENT	0.5	0.9	0.177293101549	0.652817360676	288	128	False
Familial_Mediterranean_Fever	ALL_MAPPINGS_CONSISTENT	ALL_MAPPINGS_CONSISTENT	0.5	0.9	0.168428446471	0.620176492642	576	256	False
Familial_Progressive_Hyperpigmentation_With_Or_Without_Hypopigmentation	ALL_MAPPINGS_CONSISTENT	ALL_MAPPINGS_CONSISTENT	0.5	0.9	0.218274055461	0.803714817699	36	16	False
Familial_Visceral_Neuropathy_2	ALL_MAPPINGS_CONSISTENT	ALL_MAPPINGS_CONSISTENT	0.5	0.9	0.229762163644	0.846015597578	18	8	False
Fanconi-Bickel_Syndrome	ALL_MAPPINGS_CONSISTENT	ALL_MAPPINGS_CONSISTENT	0.5	0.9	0.177293101549	0.652817360676	288	128	False
Fanconi_Renotubular_Syndrome	ALL_MAPPINGS_CONSISTENT	ALL_MAPPINGS_CONSISTENT	0.5	0.9	0.196992335054	0.725352622974	144	64	False
Farber_Disease	ALL_MAPPINGS_CONSISTENT	ALL_MAPPINGS_CONSISTENT	0.5	0.9	0.171366971868	0.658088362513	576	256	False
Ferguson-Bonni_Neurodevelopmental_Syndrome	ALL_MAPPINGS_CONSISTENT	ALL_MAPPINGS_CONSISTENT	0.5	0.9	0.218274055461	0.803714817699	36	16	False
Fibrochondrogenesis	ALL_MAPPINGS_CONSISTENT	ALL_MAPPINGS_CONSISTENT	0.5	0.9	0.177293101549	0.652817360676	288	128	False
Filippi_Syndrome	ALL_MAPPINGS_CONSISTENT	ALL_MAPPINGS_CONSISTENT	0.5	0.9	0.171366971868	0.658088362513	576	256	False
Finnish_Type_Amyloidosis	ALL_MAPPINGS_CONSISTENT	ALL_MAPPINGS_CONSISTENT	0.5	0.9	0.177293101549	0.652817360676	288	128	False
Fountain_Syndrome	ALL_MAPPINGS_CONSISTENT	ALL_MAPPINGS_CONSISTENT	0.5	0.9	0.189880301238	0.729183781178	144	64	False
Fragile_X-Associated_Primary_Ovarian_Insufficiency	ALL_MAPPINGS_CONSISTENT	ALL_MAPPINGS_CONSISTENT	0.5	0.9	0.186624317419	0.687176169133	144	64	False
Fragile_X-Associated_Tremor_Ataxia_Syndrome	ALL_MAPPINGS_CONSISTENT	ALL_MAPPINGS_CONSISTENT	0.5	0.9	0.168428446471	0.620176492642	576	256	False
Frasier_Syndrome	ALL_MAPPINGS_CONSISTENT	ALL_MAPPINGS_CONSISTENT	0.5	0.9	0.177785582386	0.654630742234	576	256	False
Frias_Syndrome	ALL_MAPPINGS_CONSISTENT	ALL_MAPPINGS_CONSISTENT	0.5	0.9	0.186624317419	0.687176169133	144	64	False
Frontotemporal_Dementia_And_Or_Amyotrophic_Lateral_Sclerosis_2	ALL_MAPPINGS_CONSISTENT	ALL_MAPPINGS_CONSISTENT	0.5	0.9	0.218274055461	0.803714817699	36	16	False
Fuhrmann_Syndrome	ALL_MAPPINGS_CONSISTENT	ALL_MAPPINGS_CONSISTENT	0.5	0.9	0.177293101549	0.652817360676	288	128	False
G6PC3_Deficiency	ALL_MAPPINGS_CONSISTENT	ALL_MAPPINGS_CONSISTENT	0.5	0.9	0.189880301238	0.729183781178	144	64	False
GABRB3-Related_Developmental_and_Epileptic_Encephalopathy	ALL_MAPPINGS_CONSISTENT	ALL_MAPPINGS_CONSISTENT	0.5	0.95	0.222082223671	0.852846527694	36	16	False
GATA2_Deficiency	ALL_MAPPINGS_CONSISTENT	ALL_MAPPINGS_CONSISTENT	0.5	0.9	0.229762163644	0.846015597578	18	8	False
GFI1B-related_Platelet-type_Bleeding_Disorder	ALL_MAPPINGS_CONSISTENT	ALL_MAPPINGS_CONSISTENT	0.5	0.9	0.196992335054	0.725352622974	144	64	False
GJB2-GJB6_Digenic_Nonsyndromic_Hearing_Loss	ALL_MAPPINGS_CONSISTENT	ALL_MAPPINGS_CONSISTENT	0.5	0.9	0.196992335054	0.725352622974	144	64	False
GLUT1_Deficiency_Syndrome	ALL_MAPPINGS_CONSISTENT	ALL_MAPPINGS_CONSISTENT	0.5	0.9	0.168428446471	0.620176492642	576	256	False
GM1_Gangliosidosis_Type_1	ALL_MAPPINGS_CONSISTENT	ALL_MAPPINGS_CONSISTENT	0.5	0.9	0.180386286176	0.692724592119	288	128	False
GM1_Gangliosidosis_Type_2	ALL_MAPPINGS_CONSISTENT	ALL_MAPPINGS_CONSISTENT	0.5	0.9	0.180386286176	0.692724592119	288	128	False
GM1_Gangliosidosis_Type_3	ALL_MAPPINGS_CONSISTENT	ALL_MAPPINGS_CONSISTENT	0.5	0.9	0.180386286176	0.692724592119	288	128	False
GM3_Synthase_Deficiency	ALL_MAPPINGS_CONSISTENT	ALL_MAPPINGS_CONSISTENT	0.5	0.9	0.189880301238	0.729183781178	144	64	False
GNE_Myopathy	ALL_MAPPINGS_CONSISTENT	ALL_MAPPINGS_CONSISTENT	0.5	0.9	0.186624317419	0.687176169133	144	64	False
GNPTG-Mucolipidosis	ALL_MAPPINGS_CONSISTENT	ALL_MAPPINGS_CONSISTENT	0.5	0.9	0.171366971868	0.658088362513	576	256	False
GRIN1-Related_Neurodevelopmental_Disorder	ALL_MAPPINGS_CONSISTENT	ALL_MAPPINGS_CONSISTENT	0.5	0.95	0.246074486062	0.944982302154	9	4	False
GRIN2A-Related_Epileptic_Encephalopathy_and_Intellectual_Disability	ALL_MAPPINGS_CONSISTENT	ALL_MAPPINGS_CONSISTENT	0.5	0.9	0.186624317419	0.687176169133	144	64	False
GRIN2B-Related_Developmental_and_Epileptic_Encephalopathy	ALL_MAPPINGS_CONSISTENT	ALL_MAPPINGS_CONSISTENT	0.5	0.9	0.218274055461	0.803714817699	36	16	False
Gaucher_Disease_Due_To_Saposin_C_Deficiency	ALL_MAPPINGS_CONSISTENT	ALL_MAPPINGS_CONSISTENT	0.5	0.9	0.180386286176	0.692724592119	288	128	False
Generalized_Epilepsy_with_Febrile_Seizures_Plus	ALL_MAPPINGS_CONSISTENT	ALL_MAPPINGS_CONSISTENT	0.5	0.9	0.177293101549	0.652817360676	288	128	False
Generalized_Resistance_to_Thyroid_Hormone	ALL_MAPPINGS_CONSISTENT	ALL_MAPPINGS_CONSISTENT	0.5	0.95	0.246074486062	0.944982302154	9	4	False
Genitopatellar_Syndrome	ALL_MAPPINGS_CONSISTENT	ALL_MAPPINGS_CONSISTENT	0.5	0.9	0.186624317419	0.687176169133	144	64	False
Giant_Axonal_Neuropathy_1	ALL_MAPPINGS_CONSISTENT	ALL_MAPPINGS_CONSISTENT	0.5	0.9	0.189880301238	0.729183781178	144	64	False
Gilberts_Syndrome	ALL_MAPPINGS_CONSISTENT	ALL_MAPPINGS_CONSISTENT	0.5	0.9	0.177785582386	0.654630742234	576	256	False
Gitelman_Syndrome	ALL_MAPPINGS_CONSISTENT	ALL_MAPPINGS_CONSISTENT	0.5	0.9	0.171366971868	0.658088362513	576	256	False
Global_Developmental_Delay_Progressive_Ataxia_and_Elevated_Glutamine	ALL_MAPPINGS_CONSISTENT	ALL_MAPPINGS_CONSISTENT	0.5	0.9	0.229762163644	0.846015597578	18	8	False
Glucose-Galactose_Malabsorption	ALL_MAPPINGS_CONSISTENT	ALL_MAPPINGS_CONSISTENT	0.5	0.9	0.168428446471	0.620176492642	576	256	False
Glutaryl-CoA_Dehydrogenase_Deficiency	ALL_MAPPINGS_CONSISTENT	ALL_MAPPINGS_CONSISTENT	0.5	0.9	0.168428446471	0.620176492642	576	256	False
Glycogen_Storage_Disease_Due_To_Aldolase_A_Deficiency	ALL_MAPPINGS_CONSISTENT	ALL_MAPPINGS_CONSISTENT	0.5	0.9	0.177293101549	0.652817360676	288	128	False
Glycogen_Storage_Disease_Due_To_Lactate_Dehydrogenase_M-subunit_Deficiency	ALL_MAPPINGS_CONSISTENT	ALL_MAPPINGS_CONSISTENT	0.5	0.9	0.189880301238	0.729183781178	144	64	False
Glycogen_Storage_Disease_Due_to_Muscle_Beta-Enolase_Deficiency	ALL_MAPPINGS_CONSISTENT	ALL_MAPPINGS_CONSISTENT	0.5	0.9	0.180386286176	0.692724592119	288	128	False
Glycogen_Storage_Disease_Type_0b	ALL_MAPPINGS_CONSISTENT	ALL_MAPPINGS_CONSISTENT	0.5	0.9	0.189880301238	0.729183781178	144	64	False
Glycogen_Storage_Disease_Type_I	ALL_MAPPINGS_CONSISTENT	ALL_MAPPINGS_CONSISTENT	0.5	0.9	0.168428446471	0.620176492642	576	256	False
Glycogen_Storage_Disease_Type_VI	ALL_MAPPINGS_CONSISTENT	ALL_MAPPINGS_CONSISTENT	0.5	0.9	0.168428446471	0.620176492642	576	256	False
Glycogen_Storage_Disease_Type_VII	ALL_MAPPINGS_CONSISTENT	ALL_MAPPINGS_CONSISTENT	0.5	0.9	0.171366971868	0.658088362513	576	256	False
Glycogen_Storage_Disease_XV	ALL_MAPPINGS_CONSISTENT	ALL_MAPPINGS_CONSISTENT	0.5	0.9	0.186624317419	0.687176169133	144	64	False
Glycoprotein_Storage_Disease	ALL_MAPPINGS_CONSISTENT	ALL_MAPPINGS_CONSISTENT	0.5	0.95	0.222082223671	0.852846527694	36	16	False
Gnathodiaphyseal_Dysplasia	ALL_MAPPINGS_CONSISTENT	ALL_MAPPINGS_CONSISTENT	0.5	0.9	0.168428446471	0.620176492642	576	256	False
Gorlin_Syndrome	RETRACTED	RETRACTED	0.5	0.5	0.087880498394	0.337481211545	864	384	False
Greenberg_Dysplasia	ALL_MAPPINGS_CONSISTENT	ALL_MAPPINGS_CONSISTENT	0.5	0.9	0.171366971868	0.658088362513	576	256	False
Growth_Restriction_Hypoplastic_Kidneys_Alopecia_And_Distinctive_Facies	ALL_MAPPINGS_CONSISTENT	ALL_MAPPINGS_CONSISTENT	0.5	0.95	0.233770761759	0.897733187046	18	8	False
Guanidinoacetate_Methyltransferase_Deficiency	ALL_MAPPINGS_CONSISTENT	ALL_MAPPINGS_CONSISTENT	0.5	0.9	0.168428446471	0.620176492642	576	256	False
Guillouet-Gordon_Syndrome	ALL_MAPPINGS_CONSISTENT	ALL_MAPPINGS_CONSISTENT	0.5	0.9	0.229762163644	0.846015597578	18	8	False
HCN1-Related_Developmental_and_Epileptic_Encephalopathy	ALL_MAPPINGS_CONSISTENT	ALL_MAPPINGS_CONSISTENT	0.5	0.9	0.218274055461	0.803714817699	36	16	False
HFM1-related_gametogenic_failure	ALL_MAPPINGS_CONSISTENT	ALL_MAPPINGS_CONSISTENT	0.5	0.95	0.222082223671	0.852846527694	36	16	False
HHAT-Related_Chondrodysplasia_with_46XY_Disorder_of_Sex_Development	ALL_MAPPINGS_CONSISTENT	ALL_MAPPINGS_CONSISTENT	0.5	0.9	0.177293101549	0.652817360676	288	128	False
HNRNPU-Related_Developmental_and_Epileptic_Encephalopathy	ALL_MAPPINGS_CONSISTENT	ALL_MAPPINGS_CONSISTENT	0.5	0.9	0.218274055461	0.803714817699	36	16	False
HROB-related_gametogenic_failure	ALL_MAPPINGS_CONSISTENT	ALL_MAPPINGS_CONSISTENT	0.5	0.9	0.229762163644	0.846015597578	18	8	False
HSD10_Mitochondrial_Disease	RETRACTED	RETRACTED	0.5	0.5	0.090919539256	0.33477813368	432	192	False
Hallermann-Streiff_Syndrome	ALL_MAPPINGS_CONSISTENT	ALL_MAPPINGS_CONSISTENT	0.5	0.9	0.168428446471	0.620176492642	576	256	False
Hand-Foot-Genital_Syndrome	ALL_MAPPINGS_CONSISTENT	ALL_MAPPINGS_CONSISTENT	0.5	0.9	0.177293101549	0.652817360676	288	128	False
Hao-Fountain_syndrome	ALL_MAPPINGS_CONSISTENT	ALL_MAPPINGS_CONSISTENT	0.5	0.9	0.206785947279	0.76141403782	36	16	False
Harderoporphyria	ALL_MAPPINGS_CONSISTENT	ALL_MAPPINGS_CONSISTENT	0.5	0.9	0.177293101549	0.652817360676	288	128	False
Hartnup_Disease	ALL_MAPPINGS_CONSISTENT	ALL_MAPPINGS_CONSISTENT	0.5	0.9	0.168428446471	0.620176492642	576	256	False
Hartsfield_Syndrome	ALL_MAPPINGS_CONSISTENT	ALL_MAPPINGS_CONSISTENT	0.5	0.9	0.186624317419	0.687176169133	144	64	False
Hearing_Loss_Autosomal_Dominant_75	ALL_MAPPINGS_CONSISTENT	ALL_MAPPINGS_CONSISTENT	0.5	0.9	0.218274055461	0.803714817699	36	16	False
Hearing_Loss_Autosomal_Dominant_76	ALL_MAPPINGS_CONSISTENT	ALL_MAPPINGS_CONSISTENT	0.5	0.95	0.222082223671	0.852846527694	36	16	False
Hearing_Loss_Autosomal_Dominant_78	ALL_MAPPINGS_CONSISTENT	ALL_MAPPINGS_CONSISTENT	0.5	0.9	0.218274055461	0.803714817699	36	16	False
Hearing_Loss_Autosomal_Dominant_82	ALL_MAPPINGS_CONSISTENT	ALL_MAPPINGS_CONSISTENT	0.5	0.95	0.222082223671	0.852846527694	36	16	False
Hearing_Loss_Autosomal_Dominant_83	ALL_MAPPINGS_CONSISTENT	ALL_MAPPINGS_CONSISTENT	0.5	0.9	0.218274055461	0.803714817699	36	16	False
Hearing_Loss_Autosomal_Recessive_106	ALL_MAPPINGS_CONSISTENT	ALL_MAPPINGS_CONSISTENT	0.5	0.9	0.218274055461	0.803714817699	36	16	False
Hearing_Loss_Autosomal_Recessive_120	ALL_MAPPINGS_CONSISTENT	ALL_MAPPINGS_CONSISTENT	0.5	0.9	0.218274055461	0.803714817699	36	16	False
Heart_Defect_Tongue_Hamartoma_Polysyndactyly_Syndrome	ALL_MAPPINGS_CONSISTENT	ALL_MAPPINGS_CONSISTENT	0.5	0.9	0.180386286176	0.692724592119	288	128	False
Heme_Oxygenase_1_Deficiency	ALL_MAPPINGS_CONSISTENT	ALL_MAPPINGS_CONSISTENT	0.5	0.9	0.186624317419	0.687176169133	144	64	False
Hemophagocytic_Lymphohistiocytosis	ALL_MAPPINGS_CONSISTENT	ALL_MAPPINGS_CONSISTENT	0.5	0.9	0.206785947279	0.76141403782	36	16	False
Hennekam_Lymphangiectasia-Lymphedema_Syndrome_1	ALL_MAPPINGS_CONSISTENT	ALL_MAPPINGS_CONSISTENT	0.5	0.9	0.229762163644	0.846015597578	18	8	False
Hennekam_Lymphangiectasia-Lymphedema_Syndrome_2	ALL_MAPPINGS_CONSISTENT	ALL_MAPPINGS_CONSISTENT	0.5	0.9	0.229762163644	0.846015597578	18	8	False
Hepatic_Veno-occlusive_Disease-Immunodeficiency_Syndrome	ALL_MAPPINGS_CONSISTENT	ALL_MAPPINGS_CONSISTENT	0.5	0.9	0.168428446471	0.620176492642	576	256	False
Hereditary_Arterial_and_Articular_Multiple_Calcification_Syndrome	ALL_MAPPINGS_CONSISTENT	ALL_MAPPINGS_CONSISTENT	0.5	0.9	0.177293101549	0.652817360676	288	128	False
Hereditary_Congenital_Facial_Paresis_3	ALL_MAPPINGS_CONSISTENT	ALL_MAPPINGS_CONSISTENT	0.5	0.9	0.229762163644	0.846015597578	18	8	False
Hereditary_Diffuse_Leukoencephalopathy_with_Spheroids	ALL_MAPPINGS_CONSISTENT	ALL_MAPPINGS_CONSISTENT	0.5	0.9	0.168428446471	0.620176492642	576	256	False
Hereditary_Gingival_Fibromatosis	ALL_MAPPINGS_CONSISTENT	ALL_MAPPINGS_CONSISTENT	0.5	0.9	0.186624317419	0.687176169133	144	64	False
Hereditary_Hemorrhagic_Telangiectasia_4	ALL_MAPPINGS_CONSISTENT	ALL_MAPPINGS_CONSISTENT	0.5	0.95	0.222082223671	0.852846527694	36	16	False
Hereditary_Hemorrhagic_Telangiectasia_5	ALL_MAPPINGS_CONSISTENT	ALL_MAPPINGS_CONSISTENT	0.5	0.95	0.233770761759	0.897733187046	18	8	False
Hereditary_Hemorrhagic_Telangiectasia_Type_1	ALL_MAPPINGS_CONSISTENT	ALL_MAPPINGS_CONSISTENT	0.5	0.95	0.233770761759	0.897733187046	18	8	False
Hereditary_Hyperekplexia	ALL_MAPPINGS_CONSISTENT	ALL_MAPPINGS_CONSISTENT	0.5	0.9	0.186624317419	0.687176169133	144	64	False
Hereditary_Intrinsic_Factor_Deficiency	ALL_MAPPINGS_CONSISTENT	ALL_MAPPINGS_CONSISTENT	0.5	0.9	0.177293101549	0.652817360676	288	128	False
Hereditary_Leiomyomatosis_and_Renal_Cell_Cancer	ALL_MAPPINGS_CONSISTENT	ALL_MAPPINGS_CONSISTENT	0.5	0.9	0.168428446471	0.620176492642	576	256	False
Hereditary_Methemoglobinemia	ALL_MAPPINGS_CONSISTENT	ALL_MAPPINGS_CONSISTENT	0.5	0.9	0.171366971868	0.658088362513	576	256	False
Hereditary_Neuropathy_with_Liability_to_Pressure_Palsies	ALL_MAPPINGS_CONSISTENT	ALL_MAPPINGS_CONSISTENT	0.5	0.9	0.168428446471	0.620176492642	576	256	False
Hereditary_Orotic_Aciduria	ALL_MAPPINGS_CONSISTENT	ALL_MAPPINGS_CONSISTENT	0.5	0.9	0.171366971868	0.658088362513	576	256	False
Hereditary_Pancreatitis	ALL_MAPPINGS_CONSISTENT	ALL_MAPPINGS_CONSISTENT	0.5	0.9	0.168428446471	0.620176492642	576	256	False
Hereditary_Pheochromocytoma-Paraganglioma_Syndrome	ALL_MAPPINGS_CONSISTENT	ALL_MAPPINGS_CONSISTENT	0.5	0.9	0.150746955567	0.555070833571	288	128	False
Hereditary_Sensory_Neuropathy_Type_1D	ALL_MAPPINGS_CONSISTENT	ALL_MAPPINGS_CONSISTENT	0.5	0.9	0.218274055461	0.803714817699	36	16	False
Hereditary_Sensory_and_Autonomic_Neuropathy	ALL_MAPPINGS_CONSISTENT	ALL_MAPPINGS_CONSISTENT	0.5	0.9	0.187142718301	0.689084991825	288	128	False
Hereditary_Sensory_and_Autonomic_Neuropathy_Type_6	ALL_MAPPINGS_CONSISTENT	ALL_MAPPINGS_CONSISTENT	0.5	0.9	0.186624317419	0.687176169133	144	64	False
Hereditary_Spastic_Paraplegia_11	ALL_MAPPINGS_CONSISTENT	ALL_MAPPINGS_CONSISTENT	0.5	0.9	0.180386286176	0.692724592119	288	128	False
Hereditary_Spastic_Paraplegia_44	ALL_MAPPINGS_CONSISTENT	ALL_MAPPINGS_CONSISTENT	0.5	0.9	0.177293101549	0.652817360676	288	128	False
Hereditary_Spastic_Paraplegia_46	ALL_MAPPINGS_CONSISTENT	ALL_MAPPINGS_CONSISTENT	0.5	0.9	0.186624317419	0.687176169133	144	64	False
Hereditary_Spastic_Paraplegia_48	ALL_MAPPINGS_CONSISTENT	ALL_MAPPINGS_CONSISTENT	0.5	0.9	0.189880301238	0.729183781178	144	64	False
Hereditary_Spastic_Paraplegia_49	ALL_MAPPINGS_CONSISTENT	ALL_MAPPINGS_CONSISTENT	0.5	0.9	0.186624317419	0.687176169133	144	64	False
Hereditary_Spastic_Paraplegia_7	ALL_MAPPINGS_CONSISTENT	ALL_MAPPINGS_CONSISTENT	0.5	0.9	0.180386286176	0.692724592119	288	128	False
Heyn-Sproul-Jackson_syndrome	ALL_MAPPINGS_CONSISTENT	ALL_MAPPINGS_CONSISTENT	0.5	0.9	0.196446649915	0.723343335929	72	32	False
Holocarboxylase_Synthetase_Deficiency	ALL_MAPPINGS_CONSISTENT	ALL_MAPPINGS_CONSISTENT	0.5	0.9	0.168428446471	0.620176492642	576	256	False
Holoprosencephaly_12_With_or_Without_Pancreatic_Agenesis	ALL_MAPPINGS_CONSISTENT	ALL_MAPPINGS_CONSISTENT	0.5	0.9	0.218274055461	0.803714817699	36	16	False
Homocystinuria	ALL_MAPPINGS_CONSISTENT	ALL_MAPPINGS_CONSISTENT	0.5	0.9	0.196992335054	0.725352622974	144	64	False
Humeroradial_Synostosis	ALL_MAPPINGS_CONSISTENT	ALL_MAPPINGS_CONSISTENT	0.5	0.9	0.177293101549	0.652817360676	288	128	False
Huppke-Brendel_syndrome	ALL_MAPPINGS_CONSISTENT	ALL_MAPPINGS_CONSISTENT	0.5	0.9	0.196446649915	0.723343335929	72	32	False
Hurler_syndrome	ALL_MAPPINGS_CONSISTENT	ALL_MAPPINGS_CONSISTENT	0.5	0.9	0.180386286176	0.692724592119	288	128	False
Hutchinson-Gilford_Progeria_Syndrome	ALL_MAPPINGS_CONSISTENT	ALL_MAPPINGS_CONSISTENT	0.5	0.9	0.177293101549	0.652817360676	288	128	False
Hydrolethalus_Syndrome_2	ALL_MAPPINGS_CONSISTENT	ALL_MAPPINGS_CONSISTENT	0.5	0.9	0.218274055461	0.803714817699	36	16	False
Hypercatabolic_Hypoproteinemia	ALL_MAPPINGS_CONSISTENT	ALL_MAPPINGS_CONSISTENT	0.5	0.9	0.207360352688	0.763529076814	72	32	False
Hyperornithinemia_Hyperammonemia_Homocitrullinuria_Syndrome	ALL_MAPPINGS_CONSISTENT	ALL_MAPPINGS_CONSISTENT	0.5	0.9	0.171366971868	0.658088362513	576	256	False
Hyperostosis_Cranialis_Interna	ALL_MAPPINGS_CONSISTENT	ALL_MAPPINGS_CONSISTENT	0.5	0.9	0.189880301238	0.729183781178	144	64	False
Hypertrophic_Cardiomyopathy_17	ALL_MAPPINGS_CONSISTENT	ALL_MAPPINGS_CONSISTENT	0.5	0.9	0.218274055461	0.803714817699	36	16	False
Hypertrophic_Cardiomyopathy_20	ALL_MAPPINGS_CONSISTENT	ALL_MAPPINGS_CONSISTENT	0.5	0.9	0.218274055461	0.803714817699	36	16	False
Hypertrophic_Cardiomyopathy_21	ALL_MAPPINGS_CONSISTENT	ALL_MAPPINGS_CONSISTENT	0.5	0.95	0.222082223671	0.852846527694	36	16	False
Hypertrophic_Cardiomyopathy_30_Atrial	ALL_MAPPINGS_CONSISTENT	ALL_MAPPINGS_CONSISTENT	0.5	0.9	0.229762163644	0.846015597578	18	8	False
Hypertrophic_Cardiomyopathy_8	ALL_MAPPINGS_CONSISTENT	ALL_MAPPINGS_CONSISTENT	0.5	0.9	0.207360352688	0.763529076814	72	32	False
Hypochondrogenesis	ALL_MAPPINGS_CONSISTENT	ALL_MAPPINGS_CONSISTENT	0.5	0.9	0.177293101549	0.652817360676	288	128	False
Hypomyelinating_Leukodystrophy_10	ALL_MAPPINGS_CONSISTENT	ALL_MAPPINGS_CONSISTENT	0.5	0.9	0.189880301238	0.729183781178	144	64	False
Hypomyelinating_Leukodystrophy_15	ALL_MAPPINGS_CONSISTENT	ALL_MAPPINGS_CONSISTENT	0.5	0.9	0.218274055461	0.803714817699	36	16	False
Hypomyelinating_Leukodystrophy_7	ALL_MAPPINGS_CONSISTENT	ALL_MAPPINGS_CONSISTENT	0.5	0.9	0.218274055461	0.803714817699	36	16	False
Hypophosphatasia	ALL_MAPPINGS_CONSISTENT	ALL_MAPPINGS_CONSISTENT	0.5	0.9	0.168428446471	0.620176492642	576	256	False
Hypopigmentation_Organomegaly_And_Delayed_Myelination_And_Development	ALL_MAPPINGS_CONSISTENT	ALL_MAPPINGS_CONSISTENT	0.5	0.9	0.229762163644	0.846015597578	18	8	False
Hypoplasminogenemia	ALL_MAPPINGS_CONSISTENT	ALL_MAPPINGS_CONSISTENT	0.5	0.9	0.168428446471	0.620176492642	576	256	False
Hypotonia_Infantile_with_Psychomotor_Retardation_and_Characteristic_Facies_3	ALL_MAPPINGS_CONSISTENT	ALL_MAPPINGS_CONSISTENT	0.5	0.9	0.186624317419	0.687176169133	144	64	False
Hypotrichosis_4	ALL_MAPPINGS_CONSISTENT	ALL_MAPPINGS_CONSISTENT	0.5	0.9	0.207360352688	0.763529076814	72	32	False
IFAP_Syndrome_1	ALL_MAPPINGS_CONSISTENT	ALL_MAPPINGS_CONSISTENT	0.5	0.9	0.207360352688	0.763529076814	72	32	False
IFAP_Syndrome_2	ALL_MAPPINGS_CONSISTENT	ALL_MAPPINGS_CONSISTENT	0.5	0.9	0.229762163644	0.846015597578	18	8	False
IFNAR2_Deficiency	ALL_MAPPINGS_CONSISTENT	ALL_MAPPINGS_CONSISTENT	0.5	0.9	0.218274055461	0.803714817699	36	16	False
IGF1_Deficiency	ALL_MAPPINGS_CONSISTENT	ALL_MAPPINGS_CONSISTENT	0.5	0.9	0.186624317419	0.687176169133	144	64	False
IKBKG_Ectodermal_Dysplasia_with_Immunodeficiency	ALL_MAPPINGS_CONSISTENT	ALL_MAPPINGS_CONSISTENT	0.5	0.9	0.241854909098	0.890542734293	9	4	False
IKK2_Deficiency	ALL_MAPPINGS_CONSISTENT	ALL_MAPPINGS_CONSISTENT	0.5	0.9	0.186624317419	0.687176169133	144	64	False
IL21R_Deficiency	ALL_MAPPINGS_CONSISTENT	ALL_MAPPINGS_CONSISTENT	0.5	0.9	0.186624317419	0.687176169133	144	64	False
IL6ST-Related_Stuve-Wiedemann_Syndrome	ALL_MAPPINGS_CONSISTENT	ALL_MAPPINGS_CONSISTENT	0.5	0.9	0.229762163644	0.846015597578	18	8	False
IMAGe_Syndrome	ALL_MAPPINGS_CONSISTENT	ALL_MAPPINGS_CONSISTENT	0.5	0.9	0.168428446471	0.620176492642	576	256	False
IREB2-Related_Neurodegeneration	ALL_MAPPINGS_CONSISTENT	ALL_MAPPINGS_CONSISTENT	0.5	0.9	0.229762163644	0.846015597578	18	8	False
IRF1_Deficiency	ALL_MAPPINGS_CONSISTENT	ALL_MAPPINGS_CONSISTENT	0.5	0.9	0.186624317419	0.687176169133	144	64	False
IRF2BPL-Related_Neurodevelopmental_Disorder_with_Regression	ALL_MAPPINGS_CONSISTENT	ALL_MAPPINGS_CONSISTENT	0.5	0.9	0.189880301238	0.729183781178	144	64	False
IRIDA_Syndrome	ALL_MAPPINGS_CONSISTENT	ALL_MAPPINGS_CONSISTENT	0.5	0.9	0.186624317419	0.687176169133	144	64	False
IRX5-related_Craniofacial_Dysostosis_with_Osteopenia_Intellectual_Disability_and_Dental_Anomalies	ALL_MAPPINGS_CONSISTENT	ALL_MAPPINGS_CONSISTENT	0.5	0.9	0.189880301238	0.729183781178	144	64	False
Immunodeficiency_101_Varicella_Zoster_Virus-specific	ALL_MAPPINGS_CONSISTENT	ALL_MAPPINGS_CONSISTENT	0.5	0.9	0.218274055461	0.803714817699	36	16	False
Immunodeficiency_123_With_HPV-related_Verrucosis	ALL_MAPPINGS_CONSISTENT	ALL_MAPPINGS_CONSISTENT	0.5	0.95	0.222082223671	0.852846527694	36	16	False
Immunodeficiency_127	ALL_MAPPINGS_CONSISTENT	ALL_MAPPINGS_CONSISTENT	0.5	0.9	0.218274055461	0.803714817699	36	16	False
Immunodeficiency_131	ALL_MAPPINGS_CONSISTENT	ALL_MAPPINGS_CONSISTENT	0.5	0.9	0.218274055461	0.803714817699	36	16	False
Immunodeficiency_14B_Autosomal_Recessive	ALL_MAPPINGS_CONSISTENT	ALL_MAPPINGS_CONSISTENT	0.5	0.9	0.229762163644	0.846015597578	18	8	False
Immunodeficiency_15A	ALL_MAPPINGS_CONSISTENT	ALL_MAPPINGS_CONSISTENT	0.5	0.95	0.210978112487	0.810204201309	72	32	False
Immunodeficiency_25	RETRACTED	RETRACTED	0.5	0.5	0.106338642404	0.391553372725	108	48	False
Immunodeficiency_32B	ALL_MAPPINGS_CONSISTENT	ALL_MAPPINGS_CONSISTENT	0.5	0.9	0.186624317419	0.687176169133	144	64	False
Immunodeficiency_37	ALL_MAPPINGS_CONSISTENT	ALL_MAPPINGS_CONSISTENT	0.5	0.9	0.218274055461	0.803714817699	36	16	False
Immunodeficiency_60	ALL_MAPPINGS_CONSISTENT	ALL_MAPPINGS_CONSISTENT	0.5	0.9	0.218274055461	0.803714817699	36	16	False
Immunodeficiency_61	ALL_MAPPINGS_CONSISTENT	ALL_MAPPINGS_CONSISTENT	0.5	0.9	0.196992335054	0.725352622974	144	64	False
Immunodeficiency_63_with_Lymphoproliferation_and_Autoimmunity	ALL_MAPPINGS_CONSISTENT	ALL_MAPPINGS_CONSISTENT	0.5	0.9	0.218274055461	0.803714817699	36	16	False
Immunodeficiency_64	ALL_MAPPINGS_CONSISTENT	ALL_MAPPINGS_CONSISTENT	0.5	0.9	0.186624317419	0.687176169133	144	64	False
Immunodeficiency_65_IRF9_Deficiency	ALL_MAPPINGS_CONSISTENT	ALL_MAPPINGS_CONSISTENT	0.5	0.9	0.218274055461	0.803714817699	36	16	False
Immunodeficiency_69	ALL_MAPPINGS_CONSISTENT	ALL_MAPPINGS_CONSISTENT	0.5	0.9	0.186624317419	0.687176169133	144	64	False
Immunodeficiency_73B	ALL_MAPPINGS_CONSISTENT	ALL_MAPPINGS_CONSISTENT	0.5	0.9	0.218274055461	0.803714817699	36	16	False
Immunodeficiency_79	ALL_MAPPINGS_CONSISTENT	ALL_MAPPINGS_CONSISTENT	0.5	0.9	0.218274055461	0.803714817699	36	16	False
Immunodeficiency_80_with_or_without_Congenital_Cardiomyopathy	ALL_MAPPINGS_CONSISTENT	ALL_MAPPINGS_CONSISTENT	0.5	0.9	0.218274055461	0.803714817699	36	16	False
Immunodeficiency_81	ALL_MAPPINGS_CONSISTENT	ALL_MAPPINGS_CONSISTENT	0.5	0.9	0.218274055461	0.803714817699	36	16	False
Immunodeficiency_86	ALL_MAPPINGS_CONSISTENT	ALL_MAPPINGS_CONSISTENT	0.5	0.9	0.218274055461	0.803714817699	36	16	False
Immunodeficiency_88	ALL_MAPPINGS_CONSISTENT	ALL_MAPPINGS_CONSISTENT	0.5	0.9	0.218274055461	0.803714817699	36	16	False
Immunodeficiency_89_And_Autoimmunity	ALL_MAPPINGS_CONSISTENT	ALL_MAPPINGS_CONSISTENT	0.5	0.9	0.218274055461	0.803714817699	36	16	False
Immunodeficiency_91_And_Hyperinflammation	ALL_MAPPINGS_CONSISTENT	ALL_MAPPINGS_CONSISTENT	0.5	0.9	0.218274055461	0.803714817699	36	16	False
Immunodeficiency_92	ALL_MAPPINGS_CONSISTENT	ALL_MAPPINGS_CONSISTENT	0.5	0.9	0.186624317419	0.687176169133	144	64	False
Immunodeficiency_93_and_Hypertrophic_Cardiomyopathy	ALL_MAPPINGS_CONSISTENT	ALL_MAPPINGS_CONSISTENT	0.5	0.9	0.207360352688	0.763529076814	72	32	False
Immunodeficiency_96	ALL_MAPPINGS_CONSISTENT	ALL_MAPPINGS_CONSISTENT	0.5	0.9	0.218274055461	0.803714817699	36	16	False
Immunoskeletal_Dysplasia_with_Neurodevelopmental_Abnormalities	ALL_MAPPINGS_CONSISTENT	ALL_MAPPINGS_CONSISTENT	0.5	0.9	0.229762163644	0.846015597578	18	8	False
Inborn_Disorder_of_Cobalamin_Metabolism_and_Transport	ALL_MAPPINGS_CONSISTENT	ALL_MAPPINGS_CONSISTENT	0.5	0.9	0.207360352688	0.763529076814	72	32	False
Inclusion_Body_Myopathy_with_Paget_Disease_of_Bone_and_Frontotemporal_Dementia	ALL_MAPPINGS_CONSISTENT	ALL_MAPPINGS_CONSISTENT	0.5	0.9	0.189880301238	0.729183781178	144	64	False
Infantile-Onset_Pompe_Disease	ALL_MAPPINGS_CONSISTENT	ALL_MAPPINGS_CONSISTENT	0.5	0.9	0.186624317419	0.687176169133	144	64	False
Infantile_Cataract_Skin_Abnormalities_Glutamate_Excess_and_Impaired_Intellectual_Development	ALL_MAPPINGS_CONSISTENT	ALL_MAPPINGS_CONSISTENT	0.5	0.9	0.218274055461	0.803714817699	36	16	False
Infantile_Hypercalcemia	ALL_MAPPINGS_CONSISTENT	ALL_MAPPINGS_CONSISTENT	0.5	0.9	0.186624317419	0.687176169133	144	64	False
Infantile_Liver_Failure_Syndrome_1	ALL_MAPPINGS_CONSISTENT	ALL_MAPPINGS_CONSISTENT	0.5	0.9	0.186624317419	0.687176169133	144	64	False
Infantile_Parkinsonism-Dystonia	ALL_MAPPINGS_CONSISTENT	ALL_MAPPINGS_CONSISTENT	0.5	0.9	0.196446649915	0.723343335929	72	32	False
Inherited_Threoninemia	ALL_MAPPINGS_CONSISTENT	ALL_MAPPINGS_CONSISTENT	0.5	0.9	0.229762163644	0.846015597578	18	8	False
Intellectual_Developmental_Disorder_Autosomal_Dominant_72	ALL_MAPPINGS_CONSISTENT	ALL_MAPPINGS_CONSISTENT	0.5	0.9	0.186624317419	0.687176169133	144	64	False
Intellectual_Developmental_Disorder_Autosomal_Recessive_67	ALL_MAPPINGS_CONSISTENT	ALL_MAPPINGS_CONSISTENT	0.5	0.9	0.218274055461	0.803714817699	36	16	False
Intellectual_Disability_Anterior_Maxillary_Protrusion_and_Strabismus	ALL_MAPPINGS_CONSISTENT	ALL_MAPPINGS_CONSISTENT	0.5	0.9	0.218274055461	0.803714817699	36	16	False
Intellectual_Disability_Autosomal_Dominant_30	RETRACTED	RETRACTED	0.5	0.5	0.106338642404	0.391553372725	108	48	False
Intellectual_Disability_Autosomal_Dominant_34	ALL_MAPPINGS_CONSISTENT	ALL_MAPPINGS_CONSISTENT	0.5	0.9	0.218274055461	0.803714817699	36	16	False
Intellectual_Disability_Autosomal_Dominant_52	ALL_MAPPINGS_CONSISTENT	ALL_MAPPINGS_CONSISTENT	0.5	0.95	0.222082223671	0.852846527694	36	16	False
Intellectual_Disability_Autosomal_Dominant_6	ALL_MAPPINGS_CONSISTENT	ALL_MAPPINGS_CONSISTENT	0.5	0.9	0.186624317419	0.687176169133	144	64	False
Intermediate_Charcot-Marie-Tooth_Disease	ALL_MAPPINGS_CONSISTENT	ALL_MAPPINGS_CONSISTENT	0.5	0.9	0.207360352688	0.763529076814	72	32	False
Isobutyryl-CoA_Dehydrogenase_Deficiency	ALL_MAPPINGS_CONSISTENT	ALL_MAPPINGS_CONSISTENT	0.5	0.9	0.177293101549	0.652817360676	288	128	False
Isolated_Sedoheptulokinase_Deficiency	ALL_MAPPINGS_CONSISTENT	ALL_MAPPINGS_CONSISTENT	0.5	0.9	0.199874001304	0.767561874924	72	32	False
Isolated_Sulfite_Oxidase_Deficiency	ALL_MAPPINGS_CONSISTENT	ALL_MAPPINGS_CONSISTENT	0.5	0.9	0.171366971868	0.658088362513	576	256	False
Jackson-Weiss_Syndrome	ALL_MAPPINGS_CONSISTENT	ALL_MAPPINGS_CONSISTENT	0.5	0.9	0.168428446471	0.620176492642	576	256	False
Jervell_and_Lange-Nielsen_Syndrome_1	ALL_MAPPINGS_CONSISTENT	ALL_MAPPINGS_CONSISTENT	0.5	0.9	0.229762163644	0.846015597578	18	8	False
Jervell_and_Lange-Nielsen_Syndrome_2	ALL_MAPPINGS_CONSISTENT	ALL_MAPPINGS_CONSISTENT	0.5	0.95	0.222082223671	0.852846527694	36	16	False
Jeune_Asphyxiating_Thoracic_Dystrophy	ALL_MAPPINGS_CONSISTENT	ALL_MAPPINGS_CONSISTENT	0.5	0.9	0.168428446471	0.620176492642	576	256	False
Joint_Laxity_Short_Stature_and_Myopia	ALL_MAPPINGS_CONSISTENT	ALL_MAPPINGS_CONSISTENT	0.5	0.9	0.196446649915	0.723343335929	72	32	False
Junctional_Epidermolysis_Bullosa	ALL_MAPPINGS_CONSISTENT	ALL_MAPPINGS_CONSISTENT	0.5	0.95	0.19040774652	0.731209291681	288	128	False
Juvenile-Onset_Diabetes_Mellitus_with_Central_and_Peripheral_Neurodegeneration	ALL_MAPPINGS_CONSISTENT	ALL_MAPPINGS_CONSISTENT	0.5	0.9	0.196446649915	0.723343335929	72	32	False
Juvenile_Neuronal_Ceroid_Lipofuscinosis	ALL_MAPPINGS_CONSISTENT	ALL_MAPPINGS_CONSISTENT	0.5	0.9	0.229762163644	0.846015597578	18	8	False
Juvenile_Open_Angle_Glaucoma	ALL_MAPPINGS_CONSISTENT	ALL_MAPPINGS_CONSISTENT	0.5	0.9	0.196446649915	0.723343335929	72	32	False
Juvenile_Polyposis_Syndrome	ALL_MAPPINGS_CONSISTENT	ALL_MAPPINGS_CONSISTENT	0.5	0.9	0.180386286176	0.692724592119	288	128	False
Juvenile_Sialidosis_Type_2	ALL_MAPPINGS_CONSISTENT	ALL_MAPPINGS_CONSISTENT	0.5	0.9	0.199874001304	0.767561874924	72	32	False
KBG_Syndrome	ALL_MAPPINGS_CONSISTENT	ALL_MAPPINGS_CONSISTENT	0.5	0.9	0.168428446471	0.620176492642	576	256	False
KCNA2-Related_Developmental_and_Epileptic_Encephalopathy	ALL_MAPPINGS_CONSISTENT	ALL_MAPPINGS_CONSISTENT	0.5	0.9	0.218274055461	0.803714817699	36	16	False
KCNB1-Related_Developmental_and_Epileptic_Encephalopathy	ALL_MAPPINGS_CONSISTENT	ALL_MAPPINGS_CONSISTENT	0.5	0.95	0.222082223671	0.852846527694	36	16	False
KCNQ2_Developmental_and_Epileptic_Encephalopathy	ALL_MAPPINGS_CONSISTENT	ALL_MAPPINGS_CONSISTENT	0.5	0.9	0.189880301238	0.729183781178	144	64	False
KCNV2_Related_Retinopathy	ALL_MAPPINGS_CONSISTENT	ALL_MAPPINGS_CONSISTENT	0.5	0.9	0.241854909098	0.890542734293	9	4	False
KDM1A-Related_Neurodevelopmental_Disorder	ALL_MAPPINGS_CONSISTENT	ALL_MAPPINGS_CONSISTENT	0.5	0.9	0.199874001304	0.767561874924	72	32	False
KDM6B-Related_Neurodevelopmental_Disorder	ALL_MAPPINGS_CONSISTENT	ALL_MAPPINGS_CONSISTENT	0.5	0.9	0.218274055461	0.803714817699	36	16	False
KINSSHIP_Syndrome	ALL_MAPPINGS_CONSISTENT	ALL_MAPPINGS_CONSISTENT	0.5	0.9	0.218274055461	0.803714817699	36	16	False
KLC4-Related_Early-Childhood-Onset_Neurodegeneration	ALL_MAPPINGS_CONSISTENT	ALL_MAPPINGS_CONSISTENT	0.5	0.95	0.233770761759	0.897733187046	18	8	False
KLHL24-Related_Hypertrophic_Cardiomyopathy	ALL_MAPPINGS_CONSISTENT	ALL_MAPPINGS_CONSISTENT	0.5	0.9	0.229762163644	0.846015597578	18	8	False
KMT2B-Related_Dystonia	ALL_MAPPINGS_CONSISTENT	ALL_MAPPINGS_CONSISTENT	0.5	0.9	0.186624317419	0.687176169133	144	64	False
KRT1_Keratinopathies	ALL_MAPPINGS_CONSISTENT	ALL_MAPPINGS_CONSISTENT	0.5	0.9	0.207360352688	0.763529076814	72	32	False
Kanzaki_Disease	ALL_MAPPINGS_CONSISTENT	ALL_MAPPINGS_CONSISTENT	0.5	0.9	0.180386286176	0.692724592119	288	128	False
Karyomegalic_Interstitial_Nephritis	ALL_MAPPINGS_CONSISTENT	ALL_MAPPINGS_CONSISTENT	0.5	0.9	0.177293101549	0.652817360676	288	128	False
Keipert_syndrome	ALL_MAPPINGS_CONSISTENT	ALL_MAPPINGS_CONSISTENT	0.5	0.9	0.168428446471	0.620176492642	576	256	False
Kennedy_Disease	ALL_MAPPINGS_CONSISTENT	ALL_MAPPINGS_CONSISTENT	0.5	0.9	0.168428446471	0.620176492642	576	256	False
Keratitis-Ichthyosis-Deafness_Syndrome	ALL_MAPPINGS_CONSISTENT	ALL_MAPPINGS_CONSISTENT	0.5	0.9	0.218274055461	0.803714817699	36	16	False
Keratoderma_Hereditarium_Mutilans	ALL_MAPPINGS_CONSISTENT	ALL_MAPPINGS_CONSISTENT	0.5	0.9	0.177293101549	0.652817360676	288	128	False
Keratosis_Follicularis_Spinulosa_Decalvans	ALL_MAPPINGS_CONSISTENT	ALL_MAPPINGS_CONSISTENT	0.5	0.9	0.186624317419	0.687176169133	144	64	False
Keutel_Syndrome	ALL_MAPPINGS_CONSISTENT	ALL_MAPPINGS_CONSISTENT	0.5	0.9	0.180386286176	0.692724592119	288	128	False
Kilquist_Syndrome	ALL_MAPPINGS_CONSISTENT	ALL_MAPPINGS_CONSISTENT	0.5	0.9	0.199874001304	0.767561874924	72	32	False
Kindler_Epidermolysis_Bullosa	ALL_MAPPINGS_CONSISTENT	ALL_MAPPINGS_CONSISTENT	0.5	0.9	0.171366971868	0.658088362513	576	256	False
Koolen_de_Vries_syndrome	ALL_MAPPINGS_CONSISTENT	ALL_MAPPINGS_CONSISTENT	0.5	0.9	0.196446649915	0.723343335929	72	32	False
Krabbe_Disease_Due_To_Saposin_A_Deficiency	ALL_MAPPINGS_CONSISTENT	ALL_MAPPINGS_CONSISTENT	0.5	0.95	0.222082223671	0.852846527694	36	16	False
Kufor-Rakeb_syndrome	ALL_MAPPINGS_CONSISTENT	ALL_MAPPINGS_CONSISTENT	0.5	0.9	0.180386286176	0.692724592119	288	128	False
L-2-Hydroxyglutaric_Aciduria	ALL_MAPPINGS_CONSISTENT	ALL_MAPPINGS_CONSISTENT	0.5	0.9	0.177293101549	0.652817360676	288	128	False
L1_Syndrome	ALL_MAPPINGS_CONSISTENT	ALL_MAPPINGS_CONSISTENT	0.5	0.9	0.196446649915	0.723343335929	72	32	False
LAMA5-Related_Bent_Bone_Dysplasia	ALL_MAPPINGS_CONSISTENT	ALL_MAPPINGS_CONSISTENT	0.5	0.9	0.218274055461	0.803714817699	36	16	False
LAMB1-Related_Cobblestone_Lissencephaly	ALL_MAPPINGS_CONSISTENT	ALL_MAPPINGS_CONSISTENT	0.5	0.9	0.186624317419	0.687176169133	144	64	False
LCA5-Related_Retinopathy	ALL_MAPPINGS_CONSISTENT	ALL_MAPPINGS_CONSISTENT	0.5	0.9	0.241854909098	0.890542734293	9	4	False
LDLR-Related_Familial_Hypercholesterolemia	ALL_MAPPINGS_CONSISTENT	ALL_MAPPINGS_CONSISTENT	0.5	0.9	0.229762163644	0.846015597578	18	8	False
LIFR-Related_Stuve-Wiedemann_Syndrome	ALL_MAPPINGS_CONSISTENT	ALL_MAPPINGS_CONSISTENT	0.5	0.9	0.186624317419	0.687176169133	144	64	False
LRBA_Deficiency	ALL_MAPPINGS_CONSISTENT	ALL_MAPPINGS_CONSISTENT	0.5	0.9	0.177293101549	0.652817360676	288	128	False
LRRK2-Related_Parkinson_Disease	ALL_MAPPINGS_CONSISTENT	ALL_MAPPINGS_CONSISTENT	0.5	0.9	0.218274055461	0.803714817699	36	16	False
Landau-Kleffner_Syndrome	ALL_MAPPINGS_CONSISTENT	ALL_MAPPINGS_CONSISTENT	0.5	0.9	0.177785582386	0.654630742234	576	256	False
Langer_Mesomelic_Dysplasia	ALL_MAPPINGS_CONSISTENT	ALL_MAPPINGS_CONSISTENT	0.5	0.9	0.177293101549	0.652817360676	288	128	False
Larsen-like_Syndrome_B3GAT3_Type	ALL_MAPPINGS_CONSISTENT	ALL_MAPPINGS_CONSISTENT	0.5	0.9	0.177293101549	0.652817360676	288	128	False
Larsen_Syndrome	ALL_MAPPINGS_CONSISTENT	ALL_MAPPINGS_CONSISTENT	0.5	0.9	0.168428446471	0.620176492642	576	256	False
Late-Onset_Pompe_Disease	ALL_MAPPINGS_CONSISTENT	ALL_MAPPINGS_CONSISTENT	0.5	0.9	0.196446649915	0.723343335929	72	32	False
Leber-like_Hereditary_Optic_Neuropathy_Autosomal_Recessive_1	ALL_MAPPINGS_CONSISTENT	ALL_MAPPINGS_CONSISTENT	0.5	0.95	0.233770761759	0.897733187046	18	8	False
Leber_Congenital_Amaurosis_10	ALL_MAPPINGS_CONSISTENT	ALL_MAPPINGS_CONSISTENT	0.5	0.9	0.207360352688	0.763529076814	72	32	False
Leber_Congenital_Amaurosis_with_Early-Onset_Deafness	ALL_MAPPINGS_CONSISTENT	ALL_MAPPINGS_CONSISTENT	0.5	0.95	0.222082223671	0.852846527694	36	16	False
Leber_Optic_Atrophy_and_Dystonia	ALL_MAPPINGS_CONSISTENT	ALL_MAPPINGS_CONSISTENT	0.5	0.9	0.207360352688	0.763529076814	72	32	False
Lenz-Majewski_hyperostotic_dwarfism	ALL_MAPPINGS_CONSISTENT	ALL_MAPPINGS_CONSISTENT	0.5	0.9	0.168428446471	0.620176492642	576	256	False
Leri-Weill_Dyschondrosteosis	ALL_MAPPINGS_CONSISTENT	ALL_MAPPINGS_CONSISTENT	0.5	0.9	0.177293101549	0.652817360676	288	128	False
Lethal_Polymalformative_Syndrome_Boissel_Type	ALL_MAPPINGS_CONSISTENT	ALL_MAPPINGS_CONSISTENT	0.5	0.9	0.189880301238	0.729183781178	144	64	False
Leukocyte_Adhesion_Deficiency_Type_II	RETRACTED	RETRACTED	0.5	0.5	0.086373562293	0.318039226996	864	384	False
Li-Ghorbani-Weisz-Hubshman_Syndrome	ALL_MAPPINGS_CONSISTENT	ALL_MAPPINGS_CONSISTENT	0.5	0.9	0.229762163644	0.846015597578	18	8	False
Liberfarb_syndrome	ALL_MAPPINGS_CONSISTENT	ALL_MAPPINGS_CONSISTENT	0.5	0.9	0.196446649915	0.723343335929	72	32	False
Lichtenstein-Knorr_Syndrome	ALL_MAPPINGS_CONSISTENT	ALL_MAPPINGS_CONSISTENT	0.5	0.9	0.186624317419	0.687176169133	144	64	False
Liddle_Syndrome	ALL_MAPPINGS_CONSISTENT	ALL_MAPPINGS_CONSISTENT	0.5	0.9	0.180386286176	0.692724592119	288	128	False
Linear_Skin_Defects_with_Multiple_Congenital_Anomalies_1	ALL_MAPPINGS_CONSISTENT	ALL_MAPPINGS_CONSISTENT	0.5	0.95	0.222082223671	0.852846527694	36	16	False
Lipoic_Acid_Synthetase_Deficiency	ALL_MAPPINGS_CONSISTENT	ALL_MAPPINGS_CONSISTENT	0.5	0.9	0.196446649915	0.723343335929	72	32	False
Lipoyl_Transferase_1_Deficiency	ALL_MAPPINGS_CONSISTENT	ALL_MAPPINGS_CONSISTENT	0.5	0.9	0.196446649915	0.723343335929	72	32	False
Loeys-Dietz_Syndrome_4	ALL_MAPPINGS_CONSISTENT	ALL_MAPPINGS_CONSISTENT	0.5	0.95	0.222082223671	0.852846527694	36	16	False
Loeys-Dietz_Syndrome_6	ALL_MAPPINGS_CONSISTENT	ALL_MAPPINGS_CONSISTENT	0.5	0.95	0.222082223671	0.852846527694	36	16	False
Long-Chain_3-Hydroxyacyl-CoA_Dehydrogenase_Deficiency	ALL_MAPPINGS_CONSISTENT	ALL_MAPPINGS_CONSISTENT	0.5	0.9	0.168428446471	0.620176492642	576	256	False
Lymphatic_Malformation_6	ALL_MAPPINGS_CONSISTENT	ALL_MAPPINGS_CONSISTENT	0.5	0.9	0.196446649915	0.723343335929	72	32	False
Lysosomal_Acid_Phosphatase_Deficiency	ALL_MAPPINGS_CONSISTENT	ALL_MAPPINGS_CONSISTENT	0.5	0.9	0.189880301238	0.729183781178	144	64	False
MAN2C1-congenital_disorder_of_deglycosylation_2	ALL_MAPPINGS_CONSISTENT	ALL_MAPPINGS_CONSISTENT	0.5	0.9	0.218274055461	0.803714817699	36	16	False
MBD5_Haploinsufficiency_Syndrome	ALL_MAPPINGS_CONSISTENT	ALL_MAPPINGS_CONSISTENT	0.5	0.9	0.196992335054	0.725352622974	144	64	False
MCM3AP-Related_Peripheral_Neuropathy	ALL_MAPPINGS_CONSISTENT	ALL_MAPPINGS_CONSISTENT	0.5	0.9	0.229762163644	0.846015597578	18	8	False
MCM8-related_gametogenic_failure	ALL_MAPPINGS_CONSISTENT	ALL_MAPPINGS_CONSISTENT	0.5	0.9	0.218274055461	0.803714817699	36	16	False
MED11-Related_Disorder	ALL_MAPPINGS_CONSISTENT	ALL_MAPPINGS_CONSISTENT	0.5	0.9	0.229762163644	0.846015597578	18	8	False
MED13L_Syndrome	ALL_MAPPINGS_CONSISTENT	ALL_MAPPINGS_CONSISTENT	0.5	0.9	0.196446649915	0.723343335929	72	32	False
MED13_Syndrome	ALL_MAPPINGS_CONSISTENT	ALL_MAPPINGS_CONSISTENT	0.5	0.9	0.218274055461	0.803714817699	36	16	False
MED17-Related_Disorder	ALL_MAPPINGS_CONSISTENT	ALL_MAPPINGS_CONSISTENT	0.5	0.9	0.186624317419	0.687176169133	144	64	False
MED27-Related_Disorder	ALL_MAPPINGS_CONSISTENT	ALL_MAPPINGS_CONSISTENT	0.5	0.9	0.229762163644	0.846015597578	18	8	False
MEDNIK_syndrome	ALL_MAPPINGS_CONSISTENT	ALL_MAPPINGS_CONSISTENT	0.5	0.9	0.177293101549	0.652817360676	288	128	False
MEGF8-Related_Carpenter_Syndrome	ALL_MAPPINGS_CONSISTENT	ALL_MAPPINGS_CONSISTENT	0.5	0.95	0.222082223671	0.852846527694	36	16	False
MEND_Syndrome	ALL_MAPPINGS_CONSISTENT	ALL_MAPPINGS_CONSISTENT	0.5	0.9	0.186624317419	0.687176169133	144	64	False
MEPAN_Syndrome	ALL_MAPPINGS_CONSISTENT	ALL_MAPPINGS_CONSISTENT	0.5	0.9	0.186624317419	0.687176169133	144	64	False
MERTK-Related_Retinopathy	ALL_MAPPINGS_CONSISTENT	ALL_MAPPINGS_CONSISTENT	0.5	0.9	0.241854909098	0.890542734293	9	4	False
MGAT2-congenital_disorder_of_glycosylation	ALL_MAPPINGS_CONSISTENT	ALL_MAPPINGS_CONSISTENT	0.5	0.9	0.177293101549	0.652817360676	288	128	False
MICPCH_Syndrome	ALL_MAPPINGS_CONSISTENT	ALL_MAPPINGS_CONSISTENT	0.5	0.9	0.177293101549	0.652817360676	288	128	False
MMACHC-related_Methylmalonic_Aciduria_and_Homocystinuria_cblC_Type	ALL_MAPPINGS_CONSISTENT	ALL_MAPPINGS_CONSISTENT	0.5	0.9	0.177293101549	0.652817360676	288	128	False
MMADHC-related_Disorder_of_Cobalamin_Metabolism_cblD_Type	ALL_MAPPINGS_CONSISTENT	ALL_MAPPINGS_CONSISTENT	0.5	0.9	0.229762163644	0.846015597578	18	8	False
MPDU1-congenital_disorder_of_glycosylation	ALL_MAPPINGS_CONSISTENT	ALL_MAPPINGS_CONSISTENT	0.5	0.9	0.168428446471	0.620176492642	576	256	False
MPI-Congenital_Disorder_of_Glycosylation	ALL_MAPPINGS_CONSISTENT	ALL_MAPPINGS_CONSISTENT	0.5	0.9	0.168428446471	0.620176492642	576	256	False
MSMO1_Deficiency	ALL_MAPPINGS_CONSISTENT	ALL_MAPPINGS_CONSISTENT	0.5	0.9	0.196446649915	0.723343335929	72	32	False
MSTO1-Related_Mitochondrial_Myopathy	ALL_MAPPINGS_CONSISTENT	ALL_MAPPINGS_CONSISTENT	0.5	0.9	0.196446649915	0.723343335929	72	32	False
MT-ATP6_MT-ATP8-Related_Infantile_Hypertrophic_Cardiomyopathy	ALL_MAPPINGS_CONSISTENT	ALL_MAPPINGS_CONSISTENT	0.5	0.9	0.218274055461	0.803714817699	36	16	False
MTHFD1_Deficiency	ALL_MAPPINGS_CONSISTENT	ALL_MAPPINGS_CONSISTENT	0.5	0.9	0.196446649915	0.723343335929	72	32	False
MTO1_Deficiency	ALL_MAPPINGS_CONSISTENT	ALL_MAPPINGS_CONSISTENT	0.5	0.9	0.186624317419	0.687176169133	144	64	False
MUTYH-Associated_Polyposis	ALL_MAPPINGS_CONSISTENT	ALL_MAPPINGS_CONSISTENT	0.5	0.9	0.168428446471	0.620176492642	576	256	False
MYO6_Hearing_Loss	ALL_MAPPINGS_CONSISTENT	ALL_MAPPINGS_CONSISTENT	0.5	0.9	0.187142718301	0.689084991825	288	128	False
Malan_Syndrome	ALL_MAPPINGS_CONSISTENT	ALL_MAPPINGS_CONSISTENT	0.5	0.9	0.186624317419	0.687176169133	144	64	False
Mandibulofacial_Dysostosis_With_Alopecia	ALL_MAPPINGS_CONSISTENT	ALL_MAPPINGS_CONSISTENT	0.5	0.9	0.189880301238	0.729183781178	144	64	False
Mandibulofacial_Dysostosis_with_Microcephaly	ALL_MAPPINGS_CONSISTENT	ALL_MAPPINGS_CONSISTENT	0.5	0.9	0.177293101549	0.652817360676	288	128	False
Marden-Walker_Syndrome	ALL_MAPPINGS_CONSISTENT	ALL_MAPPINGS_CONSISTENT	0.5	0.9	0.177293101549	0.652817360676	288	128	False
Marfanoid_Progeroid_Lipodystrophy_Syndrome	ALL_MAPPINGS_CONSISTENT	ALL_MAPPINGS_CONSISTENT	0.5	0.9	0.196446649915	0.723343335929	72	32	False
Marinesco-Sjogren_Syndrome	ALL_MAPPINGS_CONSISTENT	ALL_MAPPINGS_CONSISTENT	0.5	0.9	0.186624317419	0.687176169133	144	64	False
Marshall-Smith_Syndrome	ALL_MAPPINGS_CONSISTENT	ALL_MAPPINGS_CONSISTENT	0.5	0.9	0.168428446471	0.620176492642	576	256	False
McKusick-Kaufman_Syndrome	ALL_MAPPINGS_CONSISTENT	ALL_MAPPINGS_CONSISTENT	0.5	0.9	0.180386286176	0.692724592119	288	128	False
McLeod_Neuroacanthocytosis_Syndrome	ALL_MAPPINGS_CONSISTENT	ALL_MAPPINGS_CONSISTENT	0.5	0.9	0.168428446471	0.620176492642	576	256	False
Meacham_syndrome	ALL_MAPPINGS_CONSISTENT	ALL_MAPPINGS_CONSISTENT	0.5	0.9	0.180386286176	0.692724592119	288	128	False
Meester-Loeys_Syndrome	ALL_MAPPINGS_CONSISTENT	ALL_MAPPINGS_CONSISTENT	0.5	0.9	0.207360352688	0.763529076814	72	32	False
Mendelian_Susceptibility_To_Mycobacterial_Diseases_Due_To_Complete_IL12B_Deficiency	ALL_MAPPINGS_CONSISTENT	ALL_MAPPINGS_CONSISTENT	0.5	0.9	0.186624317419	0.687176169133	144	64	False
Mendelian_Susceptibility_To_Mycobacterial_Diseases_Due_To_Partial_IRF8_Deficiency	ALL_MAPPINGS_CONSISTENT	ALL_MAPPINGS_CONSISTENT	0.5	0.9	0.186624317419	0.687176169133	144	64	False
Mesomelia-Synostoses_Syndrome	ALL_MAPPINGS_CONSISTENT	ALL_MAPPINGS_CONSISTENT	0.5	0.9	0.186624317419	0.687176169133	144	64	False
Mesomelic_Dysplasia_Kantaputra_Type	ALL_MAPPINGS_CONSISTENT	ALL_MAPPINGS_CONSISTENT	0.5	0.9	0.186624317419	0.687176169133	144	64	False
Mesomelic_Dysplasia_Savarirayan_Type	ALL_MAPPINGS_CONSISTENT	ALL_MAPPINGS_CONSISTENT	0.5	0.9	0.177293101549	0.652817360676	288	128	False
Metaphyseal_Chondrodysplasia_Schmid_Type	ALL_MAPPINGS_CONSISTENT	ALL_MAPPINGS_CONSISTENT	0.5	0.9	0.177293101549	0.652817360676	288	128	False
Metaphyseal_Dysplasia_Spahr_Type	ALL_MAPPINGS_CONSISTENT	ALL_MAPPINGS_CONSISTENT	0.5	0.9	0.177293101549	0.652817360676	288	128	False
Metaphyseal_Dysplasia_with_Maxillary_Hypoplasia_and_Brachydactyly	ALL_MAPPINGS_CONSISTENT	ALL_MAPPINGS_CONSISTENT	0.5	0.9	0.186624317419	0.687176169133	144	64	False
Metatropic_Dysplasia	ALL_MAPPINGS_CONSISTENT	ALL_MAPPINGS_CONSISTENT	0.5	0.9	0.168428446471	0.620176492642	576	256	False
Methylcobalamin_Deficiency_Type_cblE	RETRACTED	RETRACTED	0.5	0.5	0.086373562293	0.318039226996	864	384	False
Methylcobalamin_Deficiency_Type_cblG	RETRACTED	RETRACTED	0.5	0.5	0.095704778164	0.352398035453	216	96	False
Methylmalonate_Semialdehyde_Dehydrogenase_Deficiency	ALL_MAPPINGS_CONSISTENT	ALL_MAPPINGS_CONSISTENT	0.5	0.9	0.177293101549	0.652817360676	288	128	False
Methylmalonic_Acidemia	ALL_MAPPINGS_CONSISTENT	ALL_MAPPINGS_CONSISTENT	0.5	0.9	0.196992335054	0.725352622974	144	64	False
Methylmalonic_Acidemia_With_Homocystinuria_Type_cblJ	ALL_MAPPINGS_CONSISTENT	ALL_MAPPINGS_CONSISTENT	0.5	0.9	0.196446649915	0.723343335929	72	32	False
Methylmalonic_Aciduria_and_Homocystinuria_cblL_Type	ALL_MAPPINGS_CONSISTENT	ALL_MAPPINGS_CONSISTENT	0.5	0.9	0.229762163644	0.846015597578	18	8	False
Methylmalonic_Aciduria_cblA_Type	ALL_MAPPINGS_CONSISTENT	ALL_MAPPINGS_CONSISTENT	0.5	0.9	0.177293101549	0.652817360676	288	128	False
Mevalonate_Kinase_Deficiency	ALL_MAPPINGS_CONSISTENT	ALL_MAPPINGS_CONSISTENT	0.5	0.9	0.186624317419	0.687176169133	144	64	False
Microcephalic_Osteodysplastic_Primordial_Dwarfism_Type_II	ALL_MAPPINGS_CONSISTENT	ALL_MAPPINGS_CONSISTENT	0.5	0.9	0.177293101549	0.652817360676	288	128	False
Microcephaly-Capillary_Malformation_Syndrome	ALL_MAPPINGS_CONSISTENT	ALL_MAPPINGS_CONSISTENT	0.5	0.9	0.196446649915	0.723343335929	72	32	False
Microcephaly_Short_Stature_and_Impaired_Glucose_Metabolism_1	ALL_MAPPINGS_CONSISTENT	ALL_MAPPINGS_CONSISTENT	0.5	0.9	0.229762163644	0.846015597578	18	8	False
Microcephaly_Short_Stature_and_Impaired_Glucose_Metabolism_2	ALL_MAPPINGS_CONSISTENT	ALL_MAPPINGS_CONSISTENT	0.5	0.9	0.229762163644	0.846015597578	18	8	False
Microcytic_Anemia_With_Liver_Iron_Overload	ALL_MAPPINGS_CONSISTENT	ALL_MAPPINGS_CONSISTENT	0.5	0.9	0.199874001304	0.767561874924	72	32	False
Microphthalmia_with_Coloboma	ALL_MAPPINGS_CONSISTENT	ALL_MAPPINGS_CONSISTENT	0.5	0.9	0.186624317419	0.687176169133	144	64	False
Microvillus_Inclusion_Disease	ALL_MAPPINGS_CONSISTENT	ALL_MAPPINGS_CONSISTENT	0.5	0.9	0.177293101549	0.652817360676	288	128	False
Miller-Dieker_Lissencephaly_Syndrome	ALL_MAPPINGS_CONSISTENT	ALL_MAPPINGS_CONSISTENT	0.5	0.9	0.177293101549	0.652817360676	288	128	False
Mitochondrial_Complex_II_Deficiency_Nuclear_Type_1	ALL_MAPPINGS_CONSISTENT	ALL_MAPPINGS_CONSISTENT	0.5	0.9	0.177293101549	0.652817360676	288	128	False
Mitochondrial_Complex_I_Deficiency_Nuclear_Type_1	ALL_MAPPINGS_CONSISTENT	ALL_MAPPINGS_CONSISTENT	0.5	0.9	0.218274055461	0.803714817699	36	16	False
Mitochondrial_Complex_I_Deficiency_Nuclear_Type_12	ALL_MAPPINGS_CONSISTENT	ALL_MAPPINGS_CONSISTENT	0.5	0.9	0.218274055461	0.803714817699	36	16	False
Mitochondrial_Complex_I_Deficiency_Nuclear_Type_14	ALL_MAPPINGS_CONSISTENT	ALL_MAPPINGS_CONSISTENT	0.5	0.9	0.218274055461	0.803714817699	36	16	False
Mitochondrial_Complex_I_Deficiency_Nuclear_Type_2	ALL_MAPPINGS_CONSISTENT	ALL_MAPPINGS_CONSISTENT	0.5	0.95	0.222082223671	0.852846527694	36	16	False
Mitochondrial_Complex_I_Deficiency_Nuclear_Type_21	ALL_MAPPINGS_CONSISTENT	ALL_MAPPINGS_CONSISTENT	0.5	0.9	0.218274055461	0.803714817699	36	16	False
Mitochondrial_Complex_I_Deficiency_Nuclear_Type_23	ALL_MAPPINGS_CONSISTENT	ALL_MAPPINGS_CONSISTENT	0.5	0.9	0.218274055461	0.803714817699	36	16	False
Mitochondrial_Complex_I_Deficiency_Nuclear_Type_24	ALL_MAPPINGS_CONSISTENT	ALL_MAPPINGS_CONSISTENT	0.5	0.9	0.218274055461	0.803714817699	36	16	False
Mitochondrial_Complex_I_Deficiency_Nuclear_Type_3	ALL_MAPPINGS_CONSISTENT	ALL_MAPPINGS_CONSISTENT	0.5	0.95	0.222082223671	0.852846527694	36	16	False
Mitochondrial_Complex_I_Deficiency_Nuclear_Type_31	ALL_MAPPINGS_CONSISTENT	ALL_MAPPINGS_CONSISTENT	0.5	0.9	0.218274055461	0.803714817699	36	16	False
Mitochondrial_Complex_I_Deficiency_Nuclear_Type_34	ALL_MAPPINGS_CONSISTENT	ALL_MAPPINGS_CONSISTENT	0.5	0.9	0.218274055461	0.803714817699	36	16	False
Mitochondrial_Complex_I_Deficiency_Nuclear_Type_36	ALL_MAPPINGS_CONSISTENT	ALL_MAPPINGS_CONSISTENT	0.5	0.9	0.229762163644	0.846015597578	18	8	False
Mitochondrial_Complex_I_Deficiency_Nuclear_Type_39	ALL_MAPPINGS_CONSISTENT	ALL_MAPPINGS_CONSISTENT	0.5	0.9	0.229762163644	0.846015597578	18	8	False
Mitochondrial_Complex_I_Deficiency_Nuclear_Type_6	ALL_MAPPINGS_CONSISTENT	ALL_MAPPINGS_CONSISTENT	0.5	0.95	0.222082223671	0.852846527694	36	16	False
Mitochondrial_Complex_V_ATP_Synthase_Deficiency_Nuclear_Type_3	ALL_MAPPINGS_CONSISTENT	ALL_MAPPINGS_CONSISTENT	0.5	0.9	0.218274055461	0.803714817699	36	16	False
Mitochondrial_DNA_Depletion_Syndrome_14B	ALL_MAPPINGS_CONSISTENT	ALL_MAPPINGS_CONSISTENT	0.5	0.9	0.218274055461	0.803714817699	36	16	False
Mitochondrial_DNA_Depletion_Syndrome_7	ALL_MAPPINGS_CONSISTENT	ALL_MAPPINGS_CONSISTENT	0.5	0.9	0.177293101549	0.652817360676	288	128	False
Mitochondrial_Neurogastrointestinal_Encephalomyopathy	ALL_MAPPINGS_CONSISTENT	ALL_MAPPINGS_CONSISTENT	0.5	0.9	0.186624317419	0.687176169133	144	64	False
Mitochondrial_Trifunctional_Protein_Deficiency	ALL_MAPPINGS_CONSISTENT	ALL_MAPPINGS_CONSISTENT	0.5	0.9	0.168428446471	0.620176492642	576	256	False
Molybdenum_Cofactor_Deficiency_Type_A	ALL_MAPPINGS_CONSISTENT	ALL_MAPPINGS_CONSISTENT	0.5	0.9	0.177293101549	0.652817360676	288	128	False
Mosaic_Variegated_Aneuploidy_Syndrome	ALL_MAPPINGS_CONSISTENT	ALL_MAPPINGS_CONSISTENT	0.5	0.9	0.180386286176	0.692724592119	288	128	False
Muckle-Wells_Syndrome	ALL_MAPPINGS_CONSISTENT	ALL_MAPPINGS_CONSISTENT	0.5	0.9	0.171366971868	0.658088362513	576	256	False
Mucolipidosis_Type_II	ALL_MAPPINGS_CONSISTENT	ALL_MAPPINGS_CONSISTENT	0.5	0.9	0.171366971868	0.658088362513	576	256	False
Mucolipidosis_Type_III_Alpha_Beta	RETRACTED	RETRACTED	0.5	0.5	0.08763706211	0.336546360544	432	192	False
Mucolipidosis_Type_IV	ALL_MAPPINGS_CONSISTENT	ALL_MAPPINGS_CONSISTENT	0.5	0.9	0.171366971868	0.658088362513	576	256	False
Mucopolysaccharidosis	ALL_MAPPINGS_CONSISTENT	ALL_MAPPINGS_CONSISTENT	0.5	0.9	0.187142718301	0.689084991825	288	128	False
Mucopolysaccharidosis-Plus_Syndrome	ALL_MAPPINGS_CONSISTENT	ALL_MAPPINGS_CONSISTENT	0.5	0.9	0.199874001304	0.767561874924	72	32	False
Mucopolysaccharidosis_type_X	ALL_MAPPINGS_CONSISTENT	ALL_MAPPINGS_CONSISTENT	0.5	0.9	0.189880301238	0.729183781178	144	64	False
Muggenthaler-Chowdhury-Chioza_Syndrome	ALL_MAPPINGS_CONSISTENT	ALL_MAPPINGS_CONSISTENT	0.5	0.9	0.199874001304	0.767561874924	72	32	False
Mullegama-Klein-Martinez_Syndrome	ALL_MAPPINGS_CONSISTENT	ALL_MAPPINGS_CONSISTENT	0.5	0.9	0.218274055461	0.803714817699	36	16	False
Multiminicore_Disease	ALL_MAPPINGS_CONSISTENT	ALL_MAPPINGS_CONSISTENT	0.5	0.9	0.196446649915	0.723343335929	72	32	False
Multiple_Epiphyseal_Dysplasia_Al-Gazali_Type	ALL_MAPPINGS_CONSISTENT	ALL_MAPPINGS_CONSISTENT	0.5	0.9	0.177293101549	0.652817360676	288	128	False
Multiple_Epiphyseal_Dysplasia_Beighton_Type	ALL_MAPPINGS_CONSISTENT	ALL_MAPPINGS_CONSISTENT	0.5	0.9	0.196992335054	0.725352622974	144	64	False
Multiple_Synostoses_Syndrome	ALL_MAPPINGS_CONSISTENT	ALL_MAPPINGS_CONSISTENT	0.5	0.9	0.186624317419	0.687176169133	144	64	False
Multisystemic_Smooth_Muscle_Dysfunction_Syndrome	ALL_MAPPINGS_CONSISTENT	ALL_MAPPINGS_CONSISTENT	0.5	0.9	0.196446649915	0.723343335929	72	32	False
Muscular_Dystrophy_Limb-girdle_Autosomal_Recessive_28	ALL_MAPPINGS_CONSISTENT	ALL_MAPPINGS_CONSISTENT	0.5	0.9	0.186624317419	0.687176169133	144	64	False
Myhre_Syndrome	ALL_MAPPINGS_CONSISTENT	ALL_MAPPINGS_CONSISTENT	0.5	0.9	0.177293101549	0.652817360676	288	128	False
Myotonic_Dystrophy_Type_1	ALL_MAPPINGS_CONSISTENT	ALL_MAPPINGS_CONSISTENT	0.5	0.9	0.171366971868	0.658088362513	576	256	False
N-Acetylglutamate_Synthase_Deficiency	ALL_MAPPINGS_CONSISTENT	ALL_MAPPINGS_CONSISTENT	0.5	0.9	0.168428446471	0.620176492642	576	256	False
NAD_P_HX_Dehydratase_Deficiency	ALL_MAPPINGS_CONSISTENT	ALL_MAPPINGS_CONSISTENT	0.5	0.9	0.196446649915	0.723343335929	72	32	False
NAGA_Deficiency_Type_3	ALL_MAPPINGS_CONSISTENT	ALL_MAPPINGS_CONSISTENT	0.5	0.9	0.189880301238	0.729183781178	144	64	False
NARP_syndrome	ALL_MAPPINGS_CONSISTENT	ALL_MAPPINGS_CONSISTENT	0.5	0.9	0.168428446471	0.620176492642	576	256	False
NELABA	ALL_MAPPINGS_CONSISTENT	ALL_MAPPINGS_CONSISTENT	0.5	0.9	0.196446649915	0.723343335929	72	32	False
NEUROD2-Related_Developmental_and_Epileptic_Encephalopathy	ALL_MAPPINGS_CONSISTENT	ALL_MAPPINGS_CONSISTENT	0.5	0.9	0.218274055461	0.803714817699	36	16	False
NGLY1-congenital_disorder_of_deglycosylation	ALL_MAPPINGS_CONSISTENT	ALL_MAPPINGS_CONSISTENT	0.5	0.9	0.177293101549	0.652817360676	288	128	False
NR5A1_Related_Sex_Development_Disorder	ALL_MAPPINGS_CONSISTENT	ALL_MAPPINGS_CONSISTENT	0.5	0.9	0.1124625612	0.715742391345	224	64	False
NUP62-Related_Infantile_Bilateral_Striatal_Necrosis	ALL_MAPPINGS_CONSISTENT	ALL_MAPPINGS_CONSISTENT	0.5	0.9	0.218274055461	0.803714817699	36	16	False
Naxos_disease	ALL_MAPPINGS_CONSISTENT	ALL_MAPPINGS_CONSISTENT	0.5	0.9	0.168428446471	0.620176492642	576	256	False
Neonatal_Epileptic_Encephalopathy_Due_to_Glutaminase_Deficiency	ALL_MAPPINGS_CONSISTENT	ALL_MAPPINGS_CONSISTENT	0.5	0.9	0.186624317419	0.687176169133	144	64	False
Nestor-Guillermo_progeria_syndrome	ALL_MAPPINGS_CONSISTENT	ALL_MAPPINGS_CONSISTENT	0.5	0.9	0.186624317419	0.687176169133	144	64	False
Neurodegeneration_Childhood-onset_With_Cerebellar_Atrophy	ALL_MAPPINGS_CONSISTENT	ALL_MAPPINGS_CONSISTENT	0.5	0.9	0.229762163644	0.846015597578	18	8	False
Neurodevelopmental_Disorder_With_Absent_Speech_And_Movement_And_Behavioral_Abnormalities	ALL_MAPPINGS_CONSISTENT	ALL_MAPPINGS_CONSISTENT	0.5	0.95	0.233770761759	0.897733187046	18	8	False
Neurodevelopmental_Disorder_With_Dysmorphic_Facies_Sleep_Disturbance_And_Brain_Abnormalities	ALL_MAPPINGS_CONSISTENT	ALL_MAPPINGS_CONSISTENT	0.5	0.9	0.229762163644	0.846015597578	18	8	False
Neurodevelopmental_Disorder_With_or_Without_Autism_or_Seizures	ALL_MAPPINGS_CONSISTENT	ALL_MAPPINGS_CONSISTENT	0.5	0.95	0.222082223671	0.852846527694	36	16	False
Neurodevelopmental_Disorder_with_Central_Hypotonia_and_Dysmorphic_Facies	ALL_MAPPINGS_CONSISTENT	ALL_MAPPINGS_CONSISTENT	0.5	0.9	0.229762163644	0.846015597578	18	8	False
Neurodevelopmental_Disorder_with_Dysmorphic_Facies_and_Distal_Skeletal_Anomalies	ALL_MAPPINGS_CONSISTENT	ALL_MAPPINGS_CONSISTENT	0.5	0.9	0.229762163644	0.846015597578	18	8	False
Neurodevelopmental_Disorder_with_Early-Onset_Parkinsonism_and_Behavioral_Abnormalities	ALL_MAPPINGS_CONSISTENT	ALL_MAPPINGS_CONSISTENT	0.5	0.9	0.229762163644	0.846015597578	18	8	False
Neurodevelopmental_Disorder_with_Epilepsy_Spasticity_and_Brain_Atrophy	ALL_MAPPINGS_CONSISTENT	ALL_MAPPINGS_CONSISTENT	0.5	0.9	0.229762163644	0.846015597578	18	8	False
Neurodevelopmental_Disorder_with_Hearing_Loss_and_Spasticity	ALL_MAPPINGS_CONSISTENT	ALL_MAPPINGS_CONSISTENT	0.5	0.9	0.196446649915	0.723343335929	72	32	False
Neurodevelopmental_Disorder_with_Hypotonia_Feeding_Difficulties_Facial_Dysmorphism_and_Brain_Abnormalities	ALL_MAPPINGS_CONSISTENT	ALL_MAPPINGS_CONSISTENT	0.5	0.9	0.229762163644	0.846015597578	18	8	False
Neurodevelopmental_Disorder_with_Hypotonia_and_Speech_Delay	ALL_MAPPINGS_CONSISTENT	ALL_MAPPINGS_CONSISTENT	0.5	0.9	0.218274055461	0.803714817699	36	16	False
Neurodevelopmental_Disorder_with_Microcephaly_Hypotonia_and_Absent_Language	ALL_MAPPINGS_CONSISTENT	ALL_MAPPINGS_CONSISTENT	0.5	0.9	0.229762163644	0.846015597578	18	8	False
Neurodevelopmental_Disorder_with_Microcephaly_Impaired_Language_and_Gait_Abnormalities	ALL_MAPPINGS_CONSISTENT	ALL_MAPPINGS_CONSISTENT	0.5	0.9	0.229762163644	0.846015597578	18	8	False
Neurodevelopmental_Disorder_with_Microcephaly_Movement_Abnormalities_and_Seizures	ALL_MAPPINGS_CONSISTENT	ALL_MAPPINGS_CONSISTENT	0.5	0.9	0.229762163644	0.846015597578	18	8	False
Neurodevelopmental_Disorder_with_Microcephaly_Seizures_and_Cortical_Atrophy	ALL_MAPPINGS_CONSISTENT	ALL_MAPPINGS_CONSISTENT	0.5	0.9	0.229762163644	0.846015597578	18	8	False
Neurodevelopmental_Disorder_with_Neuromuscular_and_Skeletal_Abnormalities	ALL_MAPPINGS_CONSISTENT	ALL_MAPPINGS_CONSISTENT	0.5	0.9	0.229762163644	0.846015597578	18	8	False
Neurodevelopmental_Disorder_with_Severe_Motor_Impairment_and_Absent_Language	ALL_MAPPINGS_CONSISTENT	ALL_MAPPINGS_CONSISTENT	0.5	0.9	0.196446649915	0.723343335929	72	32	False
Neurodevelopmental_Disorder_with_or_without_Anomalies_of_the_Brain_Eye_or_Heart	ALL_MAPPINGS_CONSISTENT	ALL_MAPPINGS_CONSISTENT	0.5	0.9	0.196446649915	0.723343335929	72	32	False
Neuronal_Ceroid_Lipofuscinosis_1	ALL_MAPPINGS_CONSISTENT	ALL_MAPPINGS_CONSISTENT	0.5	0.9	0.196992335054	0.725352622974	144	64	False
Neuronal_Ceroid_Lipofuscinosis_2	ALL_MAPPINGS_CONSISTENT	ALL_MAPPINGS_CONSISTENT	0.5	0.9	0.196992335054	0.725352622974	144	64	False
Neuronal_Ceroid_Lipofuscinosis_3	ALL_MAPPINGS_CONSISTENT	ALL_MAPPINGS_CONSISTENT	0.5	0.9	0.196992335054	0.725352622974	144	64	False
Neuronal_Ceroid_Lipofuscinosis_7	ALL_MAPPINGS_CONSISTENT	ALL_MAPPINGS_CONSISTENT	0.5	0.9	0.196992335054	0.725352622974	144	64	False
Neurooculorenal_Syndrome	ALL_MAPPINGS_CONSISTENT	ALL_MAPPINGS_CONSISTENT	0.5	0.9	0.229762163644	0.846015597578	18	8	False
Neuropathy_Hereditary_Motor_And_Sensory_Type_VIc_With_Optic_Atrophy	ALL_MAPPINGS_CONSISTENT	ALL_MAPPINGS_CONSISTENT	0.5	0.9	0.229762163644	0.846015597578	18	8	False
Neutral_Lipid_Storage_Myopathy	ALL_MAPPINGS_CONSISTENT	ALL_MAPPINGS_CONSISTENT	0.5	0.9	0.189880301238	0.729183781178	144	64	False
Neutrophil_Immunodeficiency_Syndrome	ALL_MAPPINGS_CONSISTENT	ALL_MAPPINGS_CONSISTENT	0.5	0.9	0.168428446471	0.620176492642	576	256	False
Nicolaides-Baraitser_Syndrome	ALL_MAPPINGS_CONSISTENT	ALL_MAPPINGS_CONSISTENT	0.5	0.9	0.177293101549	0.652817360676	288	128	False
Niemann-Pick_Disease_Type_E	ALL_MAPPINGS_CONSISTENT	ALL_MAPPINGS_CONSISTENT	0.5	0.95	0.246074486062	0.944982302154	9	4	False
Nijmegen_Breakage_Syndrome-like_Disorder	ALL_MAPPINGS_CONSISTENT	ALL_MAPPINGS_CONSISTENT	0.5	0.9	0.168428446471	0.620176492642	576	256	False
Nizon-Isidor_Syndrome	ALL_MAPPINGS_CONSISTENT	ALL_MAPPINGS_CONSISTENT	0.5	0.9	0.229762163644	0.846015597578	18	8	False
Nonketotic_Hyperglycinemia	ALL_MAPPINGS_CONSISTENT	ALL_MAPPINGS_CONSISTENT	0.5	0.9	0.177293101549	0.652817360676	288	128	False
Noonan_Syndrome_6	ALL_MAPPINGS_CONSISTENT	ALL_MAPPINGS_CONSISTENT	0.5	0.95	0.200429206863	0.769693991243	144	64	False
North_Carolina_Macular_Dystrophy	ALL_MAPPINGS_CONSISTENT	ALL_MAPPINGS_CONSISTENT	0.5	0.9	0.168428446471	0.620176492642	576	256	False
Northern_Epilepsy	RETRACTED	RETRACTED	0.5	0.5	0.086134300347	0.317158231907	432	192	False
OPTN-related_Open_Angle_Glaucoma	ALL_MAPPINGS_CONSISTENT	ALL_MAPPINGS_CONSISTENT	0.5	0.9	0.229762163644	0.846015597578	18	8	False
ORAI1_Deficiency	ALL_MAPPINGS_CONSISTENT	ALL_MAPPINGS_CONSISTENT	0.5	0.9	0.168428446471	0.620176492642	576	256	False
OTUD6B-Related_Neurodevelopmental_Disorder	ALL_MAPPINGS_CONSISTENT	ALL_MAPPINGS_CONSISTENT	0.5	0.9	0.196446649915	0.723343335929	72	32	False
Ochoa_Syndrome	ALL_MAPPINGS_CONSISTENT	ALL_MAPPINGS_CONSISTENT	0.5	0.9	0.180386286176	0.692724592119	288	128	False
Oculocerebrodental_Syndrome	ALL_MAPPINGS_CONSISTENT	ALL_MAPPINGS_CONSISTENT	0.5	0.9	0.196446649915	0.723343335929	72	32	False
Oculodentodigital_Dysplasia	ALL_MAPPINGS_CONSISTENT	ALL_MAPPINGS_CONSISTENT	0.5	0.9	0.177293101549	0.652817360676	288	128	False
Oculofaciocardiodental_Syndrome	ALL_MAPPINGS_CONSISTENT	ALL_MAPPINGS_CONSISTENT	0.5	0.9	0.186624317419	0.687176169133	144	64	False
Oculogastrointestinal-Neurodevelopmental_Syndrome	ALL_MAPPINGS_CONSISTENT	ALL_MAPPINGS_CONSISTENT	0.5	0.9	0.196446649915	0.723343335929	72	32	False
Oculopharyngodistal_Myopathy	ALL_MAPPINGS_CONSISTENT	ALL_MAPPINGS_CONSISTENT	0.5	0.9	0.177293101549	0.652817360676	288	128	False
Odontochondrodysplasia	ALL_MAPPINGS_CONSISTENT	ALL_MAPPINGS_CONSISTENT	0.5	0.9	0.196446649915	0.723343335929	72	32	False
Ogden_syndrome	ALL_MAPPINGS_CONSISTENT	ALL_MAPPINGS_CONSISTENT	0.5	0.9	0.168428446471	0.620176492642	576	256	False
Okur_Chung_neurodevelopmental_syndrome	ALL_MAPPINGS_CONSISTENT	ALL_MAPPINGS_CONSISTENT	0.5	0.95	0.222082223671	0.852846527694	36	16	False
Opitz_GBBB_Syndrome	ALL_MAPPINGS_CONSISTENT	ALL_MAPPINGS_CONSISTENT	0.5	0.9	0.186624317419	0.687176169133	144	64	False
Opsismodysplasia	ALL_MAPPINGS_CONSISTENT	ALL_MAPPINGS_CONSISTENT	0.5	0.9	0.177293101549	0.652817360676	288	128	False
Optic_Atrophy_13_With_Retinal_And_Foveal_Abnormalities	ALL_MAPPINGS_CONSISTENT	ALL_MAPPINGS_CONSISTENT	0.5	0.9	0.218274055461	0.803714817699	36	16	False
Optic_Atrophy_14	ALL_MAPPINGS_CONSISTENT	ALL_MAPPINGS_CONSISTENT	0.5	0.9	0.229762163644	0.846015597578	18	8	False
Optic_Atrophy_3	ALL_MAPPINGS_CONSISTENT	ALL_MAPPINGS_CONSISTENT	0.5	0.9	0.177293101549	0.652817360676	288	128	False
Orofaciodigital_Syndrome_17	ALL_MAPPINGS_CONSISTENT	ALL_MAPPINGS_CONSISTENT	0.5	0.95	0.222082223671	0.852846527694	36	16	False
Orofaciodigital_Syndrome_Type_I	ALL_MAPPINGS_CONSISTENT	ALL_MAPPINGS_CONSISTENT	0.5	0.9	0.168428446471	0.620176492642	576	256	False
Osteogenesis_Imperfecta_Type_I	ALL_MAPPINGS_CONSISTENT	ALL_MAPPINGS_CONSISTENT	0.5	0.9	0.168428446471	0.620176492642	576	256	False
Osteogenesis_Imperfecta_Type_IX	ALL_MAPPINGS_CONSISTENT	ALL_MAPPINGS_CONSISTENT	0.5	0.9	0.207360352688	0.763529076814	72	32	False
Osteogenesis_Imperfecta_Type_V	ALL_MAPPINGS_CONSISTENT	ALL_MAPPINGS_CONSISTENT	0.5	0.9	0.168428446471	0.620176492642	576	256	False
Osteogenesis_Imperfecta_Type_VI	ALL_MAPPINGS_CONSISTENT	ALL_MAPPINGS_CONSISTENT	0.5	0.9	0.207360352688	0.763529076814	72	32	False
Osteogenesis_Imperfecta_Type_VII	ALL_MAPPINGS_CONSISTENT	ALL_MAPPINGS_CONSISTENT	0.5	0.9	0.218274055461	0.803714817699	36	16	False
Osteogenesis_Imperfecta_Type_VIII	ALL_MAPPINGS_CONSISTENT	ALL_MAPPINGS_CONSISTENT	0.5	0.9	0.207360352688	0.763529076814	72	32	False
Osteogenesis_Imperfecta_Type_X	ALL_MAPPINGS_CONSISTENT	ALL_MAPPINGS_CONSISTENT	0.5	0.9	0.218274055461	0.803714817699	36	16	False
Osteogenesis_Imperfecta_Type_XI	ALL_MAPPINGS_CONSISTENT	ALL_MAPPINGS_CONSISTENT	0.5	0.9	0.218274055461	0.803714817699	36	16	False
Osteogenesis_Imperfecta_Type_XII	ALL_MAPPINGS_CONSISTENT	ALL_MAPPINGS_CONSISTENT	0.5	0.9	0.218274055461	0.803714817699	36	16	False
Osteogenesis_Imperfecta_Type_XIII	ALL_MAPPINGS_CONSISTENT	ALL_MAPPINGS_CONSISTENT	0.5	0.9	0.218274055461	0.803714817699	36	16	False
Osteogenesis_Imperfecta_Type_XIV	ALL_MAPPINGS_CONSISTENT	ALL_MAPPINGS_CONSISTENT	0.5	0.9	0.218274055461	0.803714817699	36	16	False
Osteogenesis_Imperfecta_Type_XIX	ALL_MAPPINGS_CONSISTENT	ALL_MAPPINGS_CONSISTENT	0.5	0.9	0.218274055461	0.803714817699	36	16	False
Osteogenesis_Imperfecta_Type_XV	ALL_MAPPINGS_CONSISTENT	ALL_MAPPINGS_CONSISTENT	0.5	0.9	0.218274055461	0.803714817699	36	16	False
Osteogenesis_Imperfecta_Type_XVI	ALL_MAPPINGS_CONSISTENT	ALL_MAPPINGS_CONSISTENT	0.5	0.9	0.218274055461	0.803714817699	36	16	False
Osteogenesis_Imperfecta_Type_XVII	ALL_MAPPINGS_CONSISTENT	ALL_MAPPINGS_CONSISTENT	0.5	0.9	0.218274055461	0.803714817699	36	16	False
Osteogenesis_Imperfecta_Type_XVIII	ALL_MAPPINGS_CONSISTENT	ALL_MAPPINGS_CONSISTENT	0.5	0.9	0.218274055461	0.803714817699	36	16	False
Osteogenesis_Imperfecta_Type_XX	ALL_MAPPINGS_CONSISTENT	ALL_MAPPINGS_CONSISTENT	0.5	0.9	0.218274055461	0.803714817699	36	16	False
Osteogenesis_Imperfecta_Type_XXI	ALL_MAPPINGS_CONSISTENT	ALL_MAPPINGS_CONSISTENT	0.5	0.9	0.218274055461	0.803714817699	36	16	False
Osteogenesis_Imperfecta_Type_XXII	ALL_MAPPINGS_CONSISTENT	ALL_MAPPINGS_CONSISTENT	0.5	0.9	0.229762163644	0.846015597578	18	8	False
Osteogenesis_Imperfecta_Type_XXIII	ALL_MAPPINGS_CONSISTENT	ALL_MAPPINGS_CONSISTENT	0.5	0.9	0.229762163644	0.846015597578	18	8	False
Osteoglophonic_Dysplasia	ALL_MAPPINGS_CONSISTENT	ALL_MAPPINGS_CONSISTENT	0.5	0.9	0.168428446471	0.620176492642	576	256	False
Osteopetrosis	TIMED_OUT	ALL_MAPPINGS_CONSISTENT	0.5	0.9	0.168896303267	0.621899205122	1152	512	False
Otofacial_Neurodevelopmental_Syndrome	ALL_MAPPINGS_CONSISTENT	ALL_MAPPINGS_CONSISTENT	0.5	0.9	0.229762163644	0.846015597578	18	8	False
PACS2-Related_Developmental_and_Epileptic_Encephalopathy	ALL_MAPPINGS_CONSISTENT	ALL_MAPPINGS_CONSISTENT	0.5	0.9	0.218274055461	0.803714817699	36	16	False
PAICS_Deficiency	ALL_MAPPINGS_CONSISTENT	ALL_MAPPINGS_CONSISTENT	0.5	0.9	0.206785947279	0.76141403782	36	16	False
PARK7-Related_Early-Onset_Parkinson_Disease	ALL_MAPPINGS_CONSISTENT	ALL_MAPPINGS_CONSISTENT	0.5	0.9	0.207360352688	0.763529076814	72	32	False
PAX1-Related_Otofaciocervical_Syndrome	ALL_MAPPINGS_CONSISTENT	ALL_MAPPINGS_CONSISTENT	0.5	0.9	0.229762163644	0.846015597578	18	8	False
PCDH19_Clustering_Epilepsy	ALL_MAPPINGS_CONSISTENT	ALL_MAPPINGS_CONSISTENT	0.5	0.9	0.180386286176	0.692724592119	288	128	False
PCWH_syndrome	ALL_MAPPINGS_CONSISTENT	ALL_MAPPINGS_CONSISTENT	0.5	0.9	0.177293101549	0.652817360676	288	128	False
PDE6A-Related_Retinopathy	ALL_MAPPINGS_CONSISTENT	ALL_MAPPINGS_CONSISTENT	0.5	0.9	0.241854909098	0.890542734293	9	4	False
PET100-Related_COX_Deficiency	ALL_MAPPINGS_CONSISTENT	ALL_MAPPINGS_CONSISTENT	0.5	0.9	0.218274055461	0.803714817699	36	16	False
PET117-Related_COX_Deficiency	ALL_MAPPINGS_CONSISTENT	ALL_MAPPINGS_CONSISTENT	0.5	0.9	0.218274055461	0.803714817699	36	16	False
PGM1-Congenital_Disorder_of_Glycosylation	ALL_MAPPINGS_CONSISTENT	ALL_MAPPINGS_CONSISTENT	0.5	0.9	0.168428446471	0.620176492642	576	256	False
PGM2L1_Deficiency	ALL_MAPPINGS_CONSISTENT	ALL_MAPPINGS_CONSISTENT	0.5	0.9	0.218274055461	0.803714817699	36	16	False
PHARC_syndrome	ALL_MAPPINGS_CONSISTENT	ALL_MAPPINGS_CONSISTENT	0.5	0.9	0.177293101549	0.652817360676	288	128	False
PHF21A_Related_Neurodevelopmental_Disorder	ALL_MAPPINGS_CONSISTENT	ALL_MAPPINGS_CONSISTENT	0.5	0.9	0.229762163644	0.846015597578	18	8	False
PNPO_Deficiency	RETRACTED	RETRACTED	0.5	0.5	0.087880498394	0.337481211545	864	384	False
POT1_Tumor_Predisposition_Syndrome	ALL_MAPPINGS_CONSISTENT	ALL_MAPPINGS_CONSISTENT	0.5	0.9	0.229762163644	0.846015597578	18	8	False
PPP2R3C-Related_Gonadal_Dysgenesis_Syndrome	ALL_MAPPINGS_CONSISTENT	ALL_MAPPINGS_CONSISTENT	0.5	0.9	0.229762163644	0.846015597578	18	8	False
PRKN-Related_Juvenile_Parkinson_Disease	ALL_MAPPINGS_CONSISTENT	ALL_MAPPINGS_CONSISTENT	0.5	0.9	0.218274055461	0.803714817699	36	16	False
PRMT7-Related_Short_Stature-Brachydactyly_Syndrome	ALL_MAPPINGS_CONSISTENT	ALL_MAPPINGS_CONSISTENT	0.5	0.9	0.196446649915	0.723343335929	72	32	False
PRPF31-Related_Retinopathy	ALL_MAPPINGS_CONSISTENT	ALL_MAPPINGS_CONSISTENT	0.5	0.9	0.241854909098	0.890542734293	9	4	False
PRR12-Related_Neuroocular_Syndrome	ALL_MAPPINGS_CONSISTENT	ALL_MAPPINGS_CONSISTENT	0.5	0.9	0.196446649915	0.723343335929	72	32	False
PTCH1-related_Nevoid_Basal_Cell_Carcinoma_Syndrome	ALL_MAPPINGS_CONSISTENT	ALL_MAPPINGS_CONSISTENT	0.5	0.9	0.229762163644	0.846015597578	18	8	False
PUS3-Related_Neurodevelopmental_Disorder	ALL_MAPPINGS_CONSISTENT	ALL_MAPPINGS_CONSISTENT	0.5	0.9	0.196446649915	0.723343335929	72	32	False
PUS7-Related_Neurodevelopmental_Disorder	ALL_MAPPINGS_CONSISTENT	ALL_MAPPINGS_CONSISTENT	0.5	0.9	0.218274055461	0.803714817699	36	16	False
Pancreatic_Agenesis	ALL_MAPPINGS_CONSISTENT	ALL_MAPPINGS_CONSISTENT	0.5	0.9	0.177293101549	0.652817360676	288	128	False
Pancytopenia-Developmental_Delay_Syndrome	ALL_MAPPINGS_CONSISTENT	ALL_MAPPINGS_CONSISTENT	0.5	0.9	0.196446649915	0.723343335929	72	32	False
Pantothenate_Kinase-Associated_Neurodegeneration	ALL_MAPPINGS_CONSISTENT	ALL_MAPPINGS_CONSISTENT	0.5	0.95	0.180887359194	0.694648827097	576	256	False
Parenti-Mignot_Neurodevelopmental_Syndrome	ALL_MAPPINGS_CONSISTENT	ALL_MAPPINGS_CONSISTENT	0.5	0.9	0.229762163644	0.846015597578	18	8	False
Parkinson_Disease_Mitochondrial	ALL_MAPPINGS_CONSISTENT	ALL_MAPPINGS_CONSISTENT	0.5	0.9	0.218274055461	0.803714817699	36	16	False
Patent_Ductus_Arteriosus_3	ALL_MAPPINGS_CONSISTENT	ALL_MAPPINGS_CONSISTENT	0.5	0.9	0.229762163644	0.846015597578	18	8	False
Pearson_Syndrome	ALL_MAPPINGS_CONSISTENT	ALL_MAPPINGS_CONSISTENT	0.5	0.9	0.171366971868	0.658088362513	576	256	False
Peeling_Skin_Syndrome	ALL_MAPPINGS_CONSISTENT	ALL_MAPPINGS_CONSISTENT	0.5	0.9	0.207360352688	0.763529076814	72	32	False
Pentanucleotide_Repeat_Familial_Adult_Myoclonus_Epilepsy	ALL_MAPPINGS_CONSISTENT	ALL_MAPPINGS_CONSISTENT	0.5	0.7	0.179717345716	0.551020054467	72	32	False
Periodic_Fever_Immunodeficiency_and_Thrombocytopenia_Syndrome	ALL_MAPPINGS_CONSISTENT	ALL_MAPPINGS_CONSISTENT	0.5	0.9	0.186624317419	0.687176169133	144	64	False
Peroxisome_Biogenesis_Disorder_11A_Zellweger	ALL_MAPPINGS_CONSISTENT	ALL_MAPPINGS_CONSISTENT	0.5	0.9	0.218274055461	0.803714817699	36	16	False
Peroxisome_Biogenesis_Disorder_11B	ALL_MAPPINGS_CONSISTENT	ALL_MAPPINGS_CONSISTENT	0.5	0.9	0.218274055461	0.803714817699	36	16	False
Peroxisome_Biogenesis_Disorder_1B	ALL_MAPPINGS_CONSISTENT	ALL_MAPPINGS_CONSISTENT	0.5	0.9	0.207360352688	0.763529076814	72	32	False
Peroxisome_Biogenesis_Disorder_2B	ALL_MAPPINGS_CONSISTENT	ALL_MAPPINGS_CONSISTENT	0.5	0.9	0.207360352688	0.763529076814	72	32	False
Peroxisome_Biogenesis_Disorder_3A_Zellweger	ALL_MAPPINGS_CONSISTENT	ALL_MAPPINGS_CONSISTENT	0.5	0.9	0.196992335054	0.725352622974	144	64	False
Peroxisome_Biogenesis_Disorder_4A_Zellweger	ALL_MAPPINGS_CONSISTENT	ALL_MAPPINGS_CONSISTENT	0.5	0.9	0.196992335054	0.725352622974	144	64	False
Peroxisome_Biogenesis_Disorder_4B	ALL_MAPPINGS_CONSISTENT	ALL_MAPPINGS_CONSISTENT	0.5	0.9	0.168428446471	0.620176492642	576	256	False
Perrault_Syndrome	ALL_MAPPINGS_CONSISTENT	ALL_MAPPINGS_CONSISTENT	0.5	0.9	0.186624317419	0.687176169133	144	64	False
Peters_Plus_Syndrome	ALL_MAPPINGS_CONSISTENT	ALL_MAPPINGS_CONSISTENT	0.5	0.9	0.168428446471	0.620176492642	576	256	False
Pfeiffer_Syndrome	ALL_MAPPINGS_CONSISTENT	ALL_MAPPINGS_CONSISTENT	0.5	0.9	0.168428446471	0.620176492642	576	256	False
Phelan-McDermid_Syndrome	ALL_MAPPINGS_CONSISTENT	ALL_MAPPINGS_CONSISTENT	0.5	0.9	0.168428446471	0.620176492642	576	256	False
Pilarowski-Bjornsson_syndrome	ALL_MAPPINGS_CONSISTENT	ALL_MAPPINGS_CONSISTENT	0.5	0.9	0.196446649915	0.723343335929	72	32	False
Platelet-type_Bleeding_Disorder_12	ALL_MAPPINGS_CONSISTENT	ALL_MAPPINGS_CONSISTENT	0.5	0.9	0.207360352688	0.763529076814	72	32	False
Platelet-type_Bleeding_Disorder_15	ALL_MAPPINGS_CONSISTENT	ALL_MAPPINGS_CONSISTENT	0.5	0.9	0.218274055461	0.803714817699	36	16	False
Platelet-type_Bleeding_Disorder_18	ALL_MAPPINGS_CONSISTENT	ALL_MAPPINGS_CONSISTENT	0.5	0.9	0.186624317419	0.687176169133	144	64	False
Platelet-type_Bleeding_Disorder_19	ALL_MAPPINGS_CONSISTENT	ALL_MAPPINGS_CONSISTENT	0.5	0.9	0.186624317419	0.687176169133	144	64	False
Platelet-type_Bleeding_Disorder_20	ALL_MAPPINGS_CONSISTENT	ALL_MAPPINGS_CONSISTENT	0.5	0.9	0.186624317419	0.687176169133	144	64	False
Platelet-type_Bleeding_Disorder_8	ALL_MAPPINGS_CONSISTENT	ALL_MAPPINGS_CONSISTENT	0.5	0.9	0.177293101549	0.652817360676	288	128	False
Polycystic_Kidney_Disease_2	ALL_MAPPINGS_CONSISTENT	ALL_MAPPINGS_CONSISTENT	0.5	0.9	0.207360352688	0.763529076814	72	32	False
Polycystic_Kidney_Disease_3	ALL_MAPPINGS_CONSISTENT	ALL_MAPPINGS_CONSISTENT	0.5	0.95	0.222082223671	0.852846527694	36	16	False
Polymicrogyria_Perisylvian_With_Cerebellar_Hypoplasia_And_Arthrogryposis	ALL_MAPPINGS_CONSISTENT	ALL_MAPPINGS_CONSISTENT	0.5	0.95	0.233770761759	0.897733187046	18	8	False
Porphyria-Related_Leukoencephalopathy	ALL_MAPPINGS_CONSISTENT	ALL_MAPPINGS_CONSISTENT	0.5	0.9	0.229762163644	0.846015597578	18	8	False
Porphyria_due_to_ALA_Dehydratase_Deficiency	ALL_MAPPINGS_CONSISTENT	ALL_MAPPINGS_CONSISTENT	0.5	0.9	0.177293101549	0.652817360676	288	128	False
Portal_Hypertension_Noncirrhotic_2	ALL_MAPPINGS_CONSISTENT	ALL_MAPPINGS_CONSISTENT	0.5	0.9	0.229762163644	0.846015597578	18	8	False
Posterior_Polymorphous_Corneal_Dystrophy	ALL_MAPPINGS_CONSISTENT	ALL_MAPPINGS_CONSISTENT	0.5	0.9	0.186624317419	0.687176169133	144	64	False
Primary_Bile_Acid_Malabsorption	ALL_MAPPINGS_CONSISTENT	ALL_MAPPINGS_CONSISTENT	0.5	0.9	0.218274055461	0.803714817699	36	16	False
Primary_Erythermalgia	ALL_MAPPINGS_CONSISTENT	ALL_MAPPINGS_CONSISTENT	0.5	0.9	0.177293101549	0.652817360676	288	128	False
Primary_Pigmented_Nodular_Adrenocortical_Disease	ALL_MAPPINGS_CONSISTENT	ALL_MAPPINGS_CONSISTENT	0.5	0.9	0.207360352688	0.763529076814	72	32	False
Primary_Triglyceride_Deposit_Cardiomyovasculopathy	ALL_MAPPINGS_CONSISTENT	ALL_MAPPINGS_CONSISTENT	0.5	0.9	0.210393685583	0.807959868341	36	16	False
Primrose_Syndrome	ALL_MAPPINGS_CONSISTENT	ALL_MAPPINGS_CONSISTENT	0.5	0.9	0.186624317419	0.687176169133	144	64	False
Progressive_Myoclonic_Epilepsy_Type_8	ALL_MAPPINGS_CONSISTENT	ALL_MAPPINGS_CONSISTENT	0.5	0.9	0.186624317419	0.687176169133	144	64	False
Progressive_Pseudorheumatoid_Arthropathy_Of_Childhood	ALL_MAPPINGS_CONSISTENT	ALL_MAPPINGS_CONSISTENT	0.5	0.9	0.168428446471	0.620176492642	576	256	False
Proteasome_Associated_Autoinflammatory_Syndrome	RETRACTED	RETRACTED	0.5	0.5	0.095704778164	0.352398035453	216	96	False
Protein_S_Deficiency	ALL_MAPPINGS_CONSISTENT	ALL_MAPPINGS_CONSISTENT	0.5	0.9	0.177293101549	0.652817360676	288	128	False
Proximal_Tubulopathy-Diabetes_Mellitus-Cerebellar_Ataxia_Syndrome	ALL_MAPPINGS_CONSISTENT	ALL_MAPPINGS_CONSISTENT	0.5	0.9	0.218274055461	0.803714817699	36	16	False
Pseudoxanthoma_Elasticum	ALL_MAPPINGS_CONSISTENT	ALL_MAPPINGS_CONSISTENT	0.5	0.9	0.241854909098	0.890542734293	9	4	False
Pyridoxine-Dependent_Epilepsy	ALL_MAPPINGS_CONSISTENT	ALL_MAPPINGS_CONSISTENT	0.5	0.95	0.222082223671	0.852846527694	36	16	False
Pyruvate_Kinase_Deficiency	ALL_MAPPINGS_CONSISTENT	ALL_MAPPINGS_CONSISTENT	0.5	0.9	0.168428446471	0.620176492642	576	256	False
RAB23-Related_Carpenter_Syndrome	ALL_MAPPINGS_CONSISTENT	ALL_MAPPINGS_CONSISTENT	0.5	0.95	0.222082223671	0.852846527694	36	16	False
RAB33B-Related_Smith-McCort_Dysplasia_2	ALL_MAPPINGS_CONSISTENT	ALL_MAPPINGS_CONSISTENT	0.5	0.9	0.218274055461	0.803714817699	36	16	False
RARB-related_syndromic_microphthalmia	ALL_MAPPINGS_CONSISTENT	ALL_MAPPINGS_CONSISTENT	0.5	0.9	0.207360352688	0.763529076814	72	32	False
RCBTB1-Related_Retinopathy	ALL_MAPPINGS_CONSISTENT	ALL_MAPPINGS_CONSISTENT	0.5	0.95	0.233770761759	0.897733187046	18	8	False
RDH5-Related_Retinopathy	ALL_MAPPINGS_CONSISTENT	ALL_MAPPINGS_CONSISTENT	0.5	0.9	0.241854909098	0.890542734293	9	4	False
RFT1-congenital_disorder_of_glycosylation	ALL_MAPPINGS_CONSISTENT	ALL_MAPPINGS_CONSISTENT	0.5	0.9	0.177293101549	0.652817360676	288	128	False
RHOBTB2-Related_Developmental_and_Epileptic_Encephalopathy	ALL_MAPPINGS_CONSISTENT	ALL_MAPPINGS_CONSISTENT	0.5	0.9	0.218274055461	0.803714817699	36	16	False
RHYNS_Syndrome	ALL_MAPPINGS_CONSISTENT	ALL_MAPPINGS_CONSISTENT	0.5	0.9	0.186624317419	0.687176169133	144	64	False
RLBP1-Related_Retinopathy	ALL_MAPPINGS_CONSISTENT	ALL_MAPPINGS_CONSISTENT	0.5	0.9	0.229762163644	0.846015597578	18	8	False
RP2-Related_Retinopathy	ALL_MAPPINGS_CONSISTENT	ALL_MAPPINGS_CONSISTENT	0.5	0.9	0.241854909098	0.890542734293	9	4	False
RTN4IP1-Related_Optic_Atrophy	ALL_MAPPINGS_CONSISTENT	ALL_MAPPINGS_CONSISTENT	0.5	0.9	0.218274055461	0.803714817699	36	16	False
RUNX1_Familial_Platelet_Disorder	ALL_MAPPINGS_CONSISTENT	ALL_MAPPINGS_CONSISTENT	0.5	0.9	0.218274055461	0.803714817699	36	16	False
RYR1-Related_Myopathy	ALL_MAPPINGS_CONSISTENT	ALL_MAPPINGS_CONSISTENT	0.5	0.95	0.233770761759	0.897733187046	18	8	False
Raine_Syndrome	RETRACTED	RETRACTED	0.5	0.5	0.090919539256	0.33477813368	432	192	False
Rajab_Interstitial_Lung_Disease_With_Brain_Calcifications_1	ALL_MAPPINGS_CONSISTENT	ALL_MAPPINGS_CONSISTENT	0.5	0.9	0.196446649915	0.723343335929	72	32	False
ReNU_Syndrome	ALL_MAPPINGS_CONSISTENT	ALL_MAPPINGS_CONSISTENT	0.5	0.9	0.207360352688	0.763529076814	72	32	False
Reelin_Pathway_Lissencephaly	ALL_MAPPINGS_CONSISTENT	ALL_MAPPINGS_CONSISTENT	0.5	0.9	0.218274055461	0.803714817699	36	16	False
Renal_Tubular_Acidosis_Distal_2_With_Progressive_Sensorineural_Hearing_Loss	ALL_MAPPINGS_CONSISTENT	ALL_MAPPINGS_CONSISTENT	0.5	0.9	0.218274055461	0.803714817699	36	16	False
Renal_Tubular_Acidosis_Distal_3_With_Or_Without_Sensorineural_Hearing_Loss	ALL_MAPPINGS_CONSISTENT	ALL_MAPPINGS_CONSISTENT	0.5	0.9	0.218274055461	0.803714817699	36	16	False
Renal_Tubular_Acidosis_Distal_4_with_Hemolytic_Anemia	ALL_MAPPINGS_CONSISTENT	ALL_MAPPINGS_CONSISTENT	0.5	0.9	0.196446649915	0.723343335929	72	32	False
Retinal_Arterial_Tortuosity	ALL_MAPPINGS_CONSISTENT	ALL_MAPPINGS_CONSISTENT	0.5	0.9	0.186624317419	0.687176169133	144	64	False
Retinitis_Pigmentosa_With_or_Without_Situs_Inversus	ALL_MAPPINGS_CONSISTENT	ALL_MAPPINGS_CONSISTENT	0.5	0.9	0.218274055461	0.803714817699	36	16	False
Reversible_Infantile_Cytochrome_c_Oxidase_Deficiency	ALL_MAPPINGS_CONSISTENT	ALL_MAPPINGS_CONSISTENT	0.5	0.9	0.229762163644	0.846015597578	18	8	False
Revesz_Syndrome	ALL_MAPPINGS_CONSISTENT	ALL_MAPPINGS_CONSISTENT	0.5	0.9	0.168428446471	0.620176492642	576	256	False
Rh_Deficiency_Syndrome	ALL_MAPPINGS_CONSISTENT	ALL_MAPPINGS_CONSISTENT	0.5	0.9	0.168428446471	0.620176492642	576	256	False
Rhabdoid_Tumor_Predisposition_Syndrome_1	ALL_MAPPINGS_CONSISTENT	ALL_MAPPINGS_CONSISTENT	0.5	0.9	0.196992335054	0.725352622974	144	64	False
Rhabdoid_Tumor_Predisposition_Syndrome_2	ALL_MAPPINGS_CONSISTENT	ALL_MAPPINGS_CONSISTENT	0.5	0.9	0.196992335054	0.725352622974	144	64	False
Rhizomelic_Chondrodysplasia_Punctata_Type_1	ALL_MAPPINGS_CONSISTENT	ALL_MAPPINGS_CONSISTENT	0.5	0.9	0.177293101549	0.652817360676	288	128	False
Rhizomelic_Chondrodysplasia_Punctata_Type_5	ALL_MAPPINGS_CONSISTENT	ALL_MAPPINGS_CONSISTENT	0.5	0.9	0.189880301238	0.729183781178	144	64	False
Rienhoff_Syndrome	ALL_MAPPINGS_CONSISTENT	ALL_MAPPINGS_CONSISTENT	0.5	0.95	0.222082223671	0.852846527694	36	16	False
Ritscher-Schinzel_Syndrome_1	ALL_MAPPINGS_CONSISTENT	ALL_MAPPINGS_CONSISTENT	0.5	0.9	0.218274055461	0.803714817699	36	16	False
Robinow_Syndrome_Autosomal_Recessive_2	ALL_MAPPINGS_CONSISTENT	ALL_MAPPINGS_CONSISTENT	0.5	0.9	0.218274055461	0.803714817699	36	16	False
Rothmund-Thomson_Syndrome	ALL_MAPPINGS_CONSISTENT	ALL_MAPPINGS_CONSISTENT	0.5	0.9	0.171366971868	0.658088362513	576	256	False
Rotor_Syndrome	ALL_MAPPINGS_CONSISTENT	ALL_MAPPINGS_CONSISTENT	0.5	0.9	0.186624317419	0.687176169133	144	64	False
SADDAN	ALL_MAPPINGS_CONSISTENT	ALL_MAPPINGS_CONSISTENT	0.5	0.9	0.186624317419	0.687176169133	144	64	False
SARS1-Related_Neurodevelopmental_Disorder	ALL_MAPPINGS_CONSISTENT	ALL_MAPPINGS_CONSISTENT	0.5	0.9	0.229762163644	0.846015597578	18	8	False
SCN1B-Related_Developmental_and_Epileptic_Encephalopathy	ALL_MAPPINGS_CONSISTENT	ALL_MAPPINGS_CONSISTENT	0.5	0.9	0.218274055461	0.803714817699	36	16	False
SCO1-Related_COX_Deficiency	ALL_MAPPINGS_CONSISTENT	ALL_MAPPINGS_CONSISTENT	0.5	0.9	0.218274055461	0.803714817699	36	16	False
SCO2-Related_Fatal_Infantile_Cardioencephalomyopathy	ALL_MAPPINGS_CONSISTENT	ALL_MAPPINGS_CONSISTENT	0.5	0.9	0.218274055461	0.803714817699	36	16	False
SCUBE3-Related_Short_Stature_Syndrome	ALL_MAPPINGS_CONSISTENT	ALL_MAPPINGS_CONSISTENT	0.5	0.9	0.218274055461	0.803714817699	36	16	False
SDHA-Related_Neurodegeneration_With_Ataxia_And_Optic_Atrophy	ALL_MAPPINGS_CONSISTENT	ALL_MAPPINGS_CONSISTENT	0.5	0.9	0.229762163644	0.846015597578	18	8	False
SETBP1_Disorder	ALL_MAPPINGS_CONSISTENT	ALL_MAPPINGS_CONSISTENT	0.5	0.9	0.218274055461	0.803714817699	36	16	False
SETD1A-Related_Early-Onset_Epilepsy	ALL_MAPPINGS_CONSISTENT	ALL_MAPPINGS_CONSISTENT	0.5	0.9	0.218274055461	0.803714817699	36	16	False
SETD1B-Related_Neurodevelopmental_Disorder	ALL_MAPPINGS_CONSISTENT	ALL_MAPPINGS_CONSISTENT	0.5	0.95	0.233770761759	0.897733187046	18	8	False
SETD5_Haploinsufficiency_Syndrome	ALL_MAPPINGS_CONSISTENT	ALL_MAPPINGS_CONSISTENT	0.5	0.95	0.222082223671	0.852846527694	36	16	False
SHORT_Syndrome	ALL_MAPPINGS_CONSISTENT	ALL_MAPPINGS_CONSISTENT	0.5	0.9	0.171366971868	0.658088362513	576	256	False
SLC12A5-Related_Developmental_and_Epileptic_Encephalopathy	ALL_MAPPINGS_CONSISTENT	ALL_MAPPINGS_CONSISTENT	0.5	0.9	0.218274055461	0.803714817699	36	16	False
SLC13A5_Citrate_Transporter_Disorder	ALL_MAPPINGS_CONSISTENT	ALL_MAPPINGS_CONSISTENT	0.5	0.9	0.218274055461	0.803714817699	36	16	False
SLC25A12-Related_Developmental_and_Epileptic_Encephalopathy	ALL_MAPPINGS_CONSISTENT	ALL_MAPPINGS_CONSISTENT	0.5	0.9	0.177293101549	0.652817360676	288	128	False
SLC35A2-CDG	ALL_MAPPINGS_CONSISTENT	ALL_MAPPINGS_CONSISTENT	0.5	0.9	0.186624317419	0.687176169133	144	64	False
SLC44A1-Related_Childhood-Onset_Neurodegeneration	ALL_MAPPINGS_CONSISTENT	ALL_MAPPINGS_CONSISTENT	0.5	0.9	0.229762163644	0.846015597578	18	8	False
SLC45A1-Related_Neuronal_Glucose_Transporter_Deficiency	ALL_MAPPINGS_CONSISTENT	ALL_MAPPINGS_CONSISTENT	0.5	0.9	0.229762163644	0.846015597578	18	8	False
SLC6A1-Related_Disorder	ALL_MAPPINGS_CONSISTENT	ALL_MAPPINGS_CONSISTENT	0.5	0.9	0.180386286176	0.692724592119	288	128	False
SMAD6-related_Craniosynostosis	ALL_MAPPINGS_CONSISTENT	ALL_MAPPINGS_CONSISTENT	0.5	0.9	0.218274055461	0.803714817699	36	16	False
SNAP25_Encephalopathy	ALL_MAPPINGS_CONSISTENT	ALL_MAPPINGS_CONSISTENT	0.5	0.9	0.218274055461	0.803714817699	36	16	False
SNF8-Related_Neurodevelopmental_Disorder	ALL_MAPPINGS_CONSISTENT	ALL_MAPPINGS_CONSISTENT	0.5	0.9	0.229762163644	0.846015597578	18	8	False
SNIP1-Related_Neurodevelopmental_Disorder	ALL_MAPPINGS_CONSISTENT	ALL_MAPPINGS_CONSISTENT	0.5	0.9	0.229762163644	0.846015597578	18	8	False
SOCS1_Haploinsufficiency	ALL_MAPPINGS_CONSISTENT	ALL_MAPPINGS_CONSISTENT	0.5	0.9	0.229762163644	0.846015597578	18	8	False
SOX11-Related_Neurodevelopmental_Disorder	ALL_MAPPINGS_CONSISTENT	ALL_MAPPINGS_CONSISTENT	0.5	0.9	0.218274055461	0.803714817699	36	16	False
SPTAN1-Related_Developmental_and_Epileptic_Encephalopathy	ALL_MAPPINGS_CONSISTENT	ALL_MAPPINGS_CONSISTENT	0.5	0.9	0.218274055461	0.803714817699	36	16	False
SPTBN4-Related_Neurodevelopmental_Disorder	ALL_MAPPINGS_CONSISTENT	ALL_MAPPINGS_CONSISTENT	0.5	0.9	0.229762163644	0.846015597578	18	8	False
SRD5A3-Congenital_Disorder_of_Glycosylation	ALL_MAPPINGS_CONSISTENT	ALL_MAPPINGS_CONSISTENT	0.5	0.9	0.189880301238	0.729183781178	144	64	False
STAG3-related_gametogenic_failure	ALL_MAPPINGS_CONSISTENT	ALL_MAPPINGS_CONSISTENT	0.5	0.9	0.218274055461	0.803714817699	36	16	False
STAT2_Deficiency	ALL_MAPPINGS_CONSISTENT	ALL_MAPPINGS_CONSISTENT	0.5	0.9	0.186624317419	0.687176169133	144	64	False
STAT6_Gain_of_Function_Disease	ALL_MAPPINGS_CONSISTENT	ALL_MAPPINGS_CONSISTENT	0.5	0.9	0.229762163644	0.846015597578	18	8	False
STING_Associated_Vasculopathy_with_Onset_in_Infancy	ALL_MAPPINGS_CONSISTENT	ALL_MAPPINGS_CONSISTENT	0.5	0.9	0.186624317419	0.687176169133	144	64	False
STK4_Deficiency	ALL_MAPPINGS_CONSISTENT	ALL_MAPPINGS_CONSISTENT	0.5	0.9	0.196446649915	0.723343335929	72	32	False
STRA6-related_syndromic_microphthalmia	ALL_MAPPINGS_CONSISTENT	ALL_MAPPINGS_CONSISTENT	0.5	0.9	0.177293101549	0.652817360676	288	128	False
STX1B-Related_Epilepsy	ALL_MAPPINGS_CONSISTENT	ALL_MAPPINGS_CONSISTENT	0.5	0.9	0.218274055461	0.803714817699	36	16	False
STXBP1_Encephalopathy	ALL_MAPPINGS_CONSISTENT	ALL_MAPPINGS_CONSISTENT	0.5	0.9	0.168428446471	0.620176492642	576	256	False
SUFU-related_Nevoid_Basal_Cell_Carcinoma_Syndrome	ALL_MAPPINGS_CONSISTENT	ALL_MAPPINGS_CONSISTENT	0.5	0.9	0.218274055461	0.803714817699	36	16	False
SURF1-Related_Leigh_Syndrome	ALL_MAPPINGS_CONSISTENT	ALL_MAPPINGS_CONSISTENT	0.5	0.9	0.218274055461	0.803714817699	36	16	False
SYCE1_Related_Gametogenic_Failure	ALL_MAPPINGS_CONSISTENT	ALL_MAPPINGS_CONSISTENT	0.5	0.9	0.241854909098	0.890542734293	9	4	False
SYCP2-related_spermatogenic_failure	ALL_MAPPINGS_CONSISTENT	ALL_MAPPINGS_CONSISTENT	0.5	0.9	0.207360352688	0.763529076814	72	32	False
SYCP3-related_spermatogenic_failure	ALL_MAPPINGS_CONSISTENT	ALL_MAPPINGS_CONSISTENT	0.5	0.9	0.207360352688	0.763529076814	72	32	False
SYN1-Related_Disorder	ALL_MAPPINGS_CONSISTENT	ALL_MAPPINGS_CONSISTENT	0.5	0.9	0.177293101549	0.652817360676	288	128	False
SYNGAP1-Related_Developmental_and_Epileptic_Encephalopathy	ALL_MAPPINGS_CONSISTENT	ALL_MAPPINGS_CONSISTENT	0.5	0.9	0.180386286176	0.692724592119	288	128	False
SYT1_Baker-Gordon_Syndrome	ALL_MAPPINGS_CONSISTENT	ALL_MAPPINGS_CONSISTENT	0.5	0.9	0.196446649915	0.723343335929	72	32	False
SZT2-Related_Developmental_and_Epileptic_Encephalopathy	ALL_MAPPINGS_CONSISTENT	ALL_MAPPINGS_CONSISTENT	0.5	0.9	0.218274055461	0.803714817699	36	16	False
Saethre-Chotzen_Syndrome	ALL_MAPPINGS_CONSISTENT	ALL_MAPPINGS_CONSISTENT	0.5	0.9	0.168428446471	0.620176492642	576	256	False
Salla_Disease	ALL_MAPPINGS_CONSISTENT	ALL_MAPPINGS_CONSISTENT	0.5	0.9	0.186624317419	0.687176169133	144	64	False
Sanjad-Sakati_Syndrome	ALL_MAPPINGS_CONSISTENT	ALL_MAPPINGS_CONSISTENT	0.5	0.9	0.168428446471	0.620176492642	576	256	False
Saul-Wilson_Syndrome	ALL_MAPPINGS_CONSISTENT	ALL_MAPPINGS_CONSISTENT	0.5	0.9	0.177293101549	0.652817360676	288	128	False
Say-Barber-Biesecker-Young-Simpson_Syndrome	ALL_MAPPINGS_CONSISTENT	ALL_MAPPINGS_CONSISTENT	0.5	0.9	0.177293101549	0.652817360676	288	128	False
Scapuloperoneal_Spinal_Muscular_Atrophy	ALL_MAPPINGS_CONSISTENT	ALL_MAPPINGS_CONSISTENT	0.5	0.9	0.186624317419	0.687176169133	144	64	False
Schaaf-Yang_Syndrome	ALL_MAPPINGS_CONSISTENT	ALL_MAPPINGS_CONSISTENT	0.5	0.9	0.177293101549	0.652817360676	288	128	False
Schindler_Disease	ALL_MAPPINGS_CONSISTENT	ALL_MAPPINGS_CONSISTENT	0.5	0.9	0.180386286176	0.692724592119	288	128	False
Schneckenbecken_Dysplasia	ALL_MAPPINGS_CONSISTENT	ALL_MAPPINGS_CONSISTENT	0.5	0.9	0.168428446471	0.620176492642	576	256	False
Schnyder_Corneal_Dystrophy	ALL_MAPPINGS_CONSISTENT	ALL_MAPPINGS_CONSISTENT	0.5	0.9	0.177293101549	0.652817360676	288	128	False
Schwartz-Jampel_Syndrome	ALL_MAPPINGS_CONSISTENT	ALL_MAPPINGS_CONSISTENT	0.5	0.9	0.159563791394	0.587535624609	576	256	False
Scott_Syndrome	ALL_MAPPINGS_CONSISTENT	ALL_MAPPINGS_CONSISTENT	0.5	0.9	0.168428446471	0.620176492642	576	256	False
Sea-Blue_Histiocyte_Syndrome	ALL_MAPPINGS_CONSISTENT	ALL_MAPPINGS_CONSISTENT	0.5	0.95	0.200429206863	0.769693991243	144	64	False
Seckel_Syndrome	ALL_MAPPINGS_CONSISTENT	ALL_MAPPINGS_CONSISTENT	0.5	0.9	0.177293101549	0.652817360676	288	128	False
Seizures-scoliosis-macrocephaly_Syndrome	ALL_MAPPINGS_CONSISTENT	ALL_MAPPINGS_CONSISTENT	0.5	0.9	0.196446649915	0.723343335929	72	32	False
Sengers_syndrome	ALL_MAPPINGS_CONSISTENT	ALL_MAPPINGS_CONSISTENT	0.5	0.9	0.168428446471	0.620176492642	576	256	False
Sensory_Ataxic_Neuropathy_Dysarthria_Ophthalmoparesis	RETRACTED	RETRACTED	0.5	0.5	0.086134300347	0.317158231907	432	192	False
Severe_Combined_Immunodeficiency_Due_To_CARD11_Deficiency	ALL_MAPPINGS_CONSISTENT	ALL_MAPPINGS_CONSISTENT	0.5	0.9	0.186624317419	0.687176169133	144	64	False
Shashi-Pena_Syndrome	ALL_MAPPINGS_CONSISTENT	ALL_MAPPINGS_CONSISTENT	0.5	0.9	0.218274055461	0.803714817699	36	16	False
Shashi_X-Linked_Intellectual_Disability_Syndrome	ALL_MAPPINGS_CONSISTENT	ALL_MAPPINGS_CONSISTENT	0.5	0.9	0.177293101549	0.652817360676	288	128	False
Short-Rib_Thoracic_Dysplasia_6_With_Or_Without_Polydactyly	ALL_MAPPINGS_CONSISTENT	ALL_MAPPINGS_CONSISTENT	0.5	0.9	0.207360352688	0.763529076814	72	32	False
Short-rib_Thoracic_Dysplasia_21_Without_Polydactyly	ALL_MAPPINGS_CONSISTENT	ALL_MAPPINGS_CONSISTENT	0.5	0.9	0.229762163644	0.846015597578	18	8	False
Short_Stature_Amelogenesis_Imperfecta_And_Skeletal_Dysplasia_With_Scoliosis	ALL_MAPPINGS_CONSISTENT	ALL_MAPPINGS_CONSISTENT	0.5	0.9	0.229762163644	0.846015597578	18	8	False
Short_Stature_Dauber-Argente_Type	ALL_MAPPINGS_CONSISTENT	ALL_MAPPINGS_CONSISTENT	0.5	0.9	0.229762163644	0.846015597578	18	8	False
Short_Stature_Microcephaly_and_Endocrine_Dysfunction	ALL_MAPPINGS_CONSISTENT	ALL_MAPPINGS_CONSISTENT	0.5	0.9	0.229762163644	0.846015597578	18	8	False
Shprintzen-Goldberg_Syndrome	ALL_MAPPINGS_CONSISTENT	ALL_MAPPINGS_CONSISTENT	0.5	0.9	0.186624317419	0.687176169133	144	64	False
Sialidosis_Type_1	ALL_MAPPINGS_CONSISTENT	ALL_MAPPINGS_CONSISTENT	0.5	0.9	0.199874001304	0.767561874924	72	32	False
Sialuria	ALL_MAPPINGS_CONSISTENT	ALL_MAPPINGS_CONSISTENT	0.5	0.9	0.177293101549	0.652817360676	288	128	False
Sick_Sinus_Syndrome_2_Autosomal_Dominant	ALL_MAPPINGS_CONSISTENT	ALL_MAPPINGS_CONSISTENT	0.5	0.9	0.218274055461	0.803714817699	36	16	False
Siddiqi_Syndrome	ALL_MAPPINGS_CONSISTENT	ALL_MAPPINGS_CONSISTENT	0.5	0.9	0.218274055461	0.803714817699	36	16	False
Sideroblastic_Anemia_3	ALL_MAPPINGS_CONSISTENT	ALL_MAPPINGS_CONSISTENT	0.5	0.9	0.189880301238	0.729183781178	144	64	False
Sifrim-Hitz-Weiss_Syndrome	ALL_MAPPINGS_CONSISTENT	ALL_MAPPINGS_CONSISTENT	0.5	0.9	0.186624317419	0.687176169133	144	64	False
Silver_Russell_Syndrome	ALL_MAPPINGS_CONSISTENT	ALL_MAPPINGS_CONSISTENT	0.5	0.9	0.168428446471	0.620176492642	576	256	False
Simpson-Golabi-Behmel_Syndrome_Type_1	ALL_MAPPINGS_CONSISTENT	ALL_MAPPINGS_CONSISTENT	0.5	0.9	0.218274055461	0.803714817699	36	16	False
Sinoatrial_Node_Dysfunction_and_Deafness	ALL_MAPPINGS_CONSISTENT	ALL_MAPPINGS_CONSISTENT	0.5	0.9	0.199874001304	0.767561874924	72	32	False
Sitosterolemia	ALL_MAPPINGS_CONSISTENT	ALL_MAPPINGS_CONSISTENT	0.5	0.9	0.180386286176	0.692724592119	288	128	False
Skraban-Deardorff_Syndrome	ALL_MAPPINGS_CONSISTENT	ALL_MAPPINGS_CONSISTENT	0.5	0.9	0.196446649915	0.723343335929	72	32	False
Snijders_Blok-Campeau_Syndrome	ALL_MAPPINGS_CONSISTENT	ALL_MAPPINGS_CONSISTENT	0.5	0.9	0.186624317419	0.687176169133	144	64	False
Snyder-Robinson_Syndrome	ALL_MAPPINGS_CONSISTENT	ALL_MAPPINGS_CONSISTENT	0.5	0.9	0.177293101549	0.652817360676	288	128	False
Spastic_Paraparesis-cataracts-speech_Delay_Syndrome	ALL_MAPPINGS_CONSISTENT	ALL_MAPPINGS_CONSISTENT	0.5	0.9	0.199874001304	0.767561874924	72	32	False
Spastic_Paraplegia_81	ALL_MAPPINGS_CONSISTENT	ALL_MAPPINGS_CONSISTENT	0.5	0.9	0.229762163644	0.846015597578	18	8	False
Spastic_Paraplegia_89_Autosomal_Recessive	ALL_MAPPINGS_CONSISTENT	ALL_MAPPINGS_CONSISTENT	0.5	0.9	0.218274055461	0.803714817699	36	16	False
Spastic_Paraplegia_90A_Autosomal_Dominant	ALL_MAPPINGS_CONSISTENT	ALL_MAPPINGS_CONSISTENT	0.5	0.9	0.218274055461	0.803714817699	36	16	False
Spermatogenic_Failure_18	ALL_MAPPINGS_CONSISTENT	ALL_MAPPINGS_CONSISTENT	0.5	0.9	0.218274055461	0.803714817699	36	16	False
Spermatogenic_Failure_43	ALL_MAPPINGS_CONSISTENT	ALL_MAPPINGS_CONSISTENT	0.5	0.9	0.218274055461	0.803714817699	36	16	False
Spermatogenic_Failure_98	ALL_MAPPINGS_CONSISTENT	ALL_MAPPINGS_CONSISTENT	0.5	0.9	0.229762163644	0.846015597578	18	8	False
Spinal_Muscular_Atrophy_Progressive_Myoclonic_Epilepsy	ALL_MAPPINGS_CONSISTENT	ALL_MAPPINGS_CONSISTENT	0.5	0.9	0.180386286176	0.692724592119	288	128	False
Spinal_Muscular_Atrophy_with_Respiratory_Distress_Type_1	ALL_MAPPINGS_CONSISTENT	ALL_MAPPINGS_CONSISTENT	0.5	0.9	0.177293101549	0.652817360676	288	128	False
Spinocerebellar_Ataxia_27B	ALL_MAPPINGS_CONSISTENT	ALL_MAPPINGS_CONSISTENT	0.5	0.9	0.207360352688	0.763529076814	72	32	False
Spinocerebellar_Ataxia_43	ALL_MAPPINGS_CONSISTENT	ALL_MAPPINGS_CONSISTENT	0.5	0.9	0.186624317419	0.687176169133	144	64	False
Spinocerebellar_Ataxia_48	ALL_MAPPINGS_CONSISTENT	ALL_MAPPINGS_CONSISTENT	0.5	0.9	0.186624317419	0.687176169133	144	64	False
Spinocerebellar_Ataxia_Autosomal_Recessive_31	ALL_MAPPINGS_CONSISTENT	ALL_MAPPINGS_CONSISTENT	0.5	0.9	0.218274055461	0.803714817699	36	16	False
Spinocerebellar_Ataxia_Autosomal_Recessive_32	ALL_MAPPINGS_CONSISTENT	ALL_MAPPINGS_CONSISTENT	0.5	0.9	0.218274055461	0.803714817699	36	16	False
Spinocerebellar_Ataxia_Type_1	ALL_MAPPINGS_CONSISTENT	ALL_MAPPINGS_CONSISTENT	0.5	0.9	0.171366971868	0.658088362513	576	256	False
Spinocerebellar_Ataxia_Type_15_16	ALL_MAPPINGS_CONSISTENT	ALL_MAPPINGS_CONSISTENT	0.5	0.9	0.168428446471	0.620176492642	576	256	False
Spinocerebellar_Ataxia_Type_2	RETRACTED	RETRACTED	0.5	0.5	0.086373562293	0.318039226996	864	384	False
Spinocerebellar_Ataxia_Type_23	ALL_MAPPINGS_CONSISTENT	ALL_MAPPINGS_CONSISTENT	0.5	0.9	0.168428446471	0.620176492642	576	256	False
Spinocerebellar_Ataxia_Type_36	ALL_MAPPINGS_CONSISTENT	ALL_MAPPINGS_CONSISTENT	0.5	0.9	0.168428446471	0.620176492642	576	256	False
Spinocerebellar_Ataxia_Type_8	ALL_MAPPINGS_CONSISTENT	ALL_MAPPINGS_CONSISTENT	0.5	0.9	0.177293101549	0.652817360676	288	128	False
Spondylo-megaepiphyseal-metaphyseal_Dysplasia	ALL_MAPPINGS_CONSISTENT	ALL_MAPPINGS_CONSISTENT	0.5	0.9	0.186624317419	0.687176169133	144	64	False
Spondylocarpotarsal_Synostosis_Syndrome	ALL_MAPPINGS_CONSISTENT	ALL_MAPPINGS_CONSISTENT	0.5	0.9	0.177293101549	0.652817360676	288	128	False
Spondyloenchondrodysplasia	ALL_MAPPINGS_CONSISTENT	ALL_MAPPINGS_CONSISTENT	0.5	0.9	0.186624317419	0.687176169133	144	64	False
Spondyloepimetaphyseal_Dysplasia_Aggrecan_Type	ALL_MAPPINGS_CONSISTENT	ALL_MAPPINGS_CONSISTENT	0.5	0.9	0.177293101549	0.652817360676	288	128	False
Spondyloepimetaphyseal_Dysplasia_Bieganski_Type	RETRACTED	RETRACTED	0.5	0.5	0.090919539256	0.33477813368	432	192	False
Spondyloepimetaphyseal_Dysplasia_Faden-Alkuraya_Type	ALL_MAPPINGS_CONSISTENT	ALL_MAPPINGS_CONSISTENT	0.5	0.9	0.199874001304	0.767561874924	72	32	False
Spondyloepimetaphyseal_Dysplasia_Guo-Campeau_Type	ALL_MAPPINGS_CONSISTENT	ALL_MAPPINGS_CONSISTENT	0.5	0.9	0.229762163644	0.846015597578	18	8	False
Spondyloepimetaphyseal_Dysplasia_Maroteaux_Type	ALL_MAPPINGS_CONSISTENT	ALL_MAPPINGS_CONSISTENT	0.5	0.9	0.186624317419	0.687176169133	144	64	False
Spondyloepimetaphyseal_Dysplasia_Short_Limb_Abnormal_Calcification_Syndrome	ALL_MAPPINGS_CONSISTENT	ALL_MAPPINGS_CONSISTENT	0.5	0.9	0.177293101549	0.652817360676	288	128	False
Spondyloepimetaphyseal_Dysplasia_Strudwick_Type	ALL_MAPPINGS_CONSISTENT	ALL_MAPPINGS_CONSISTENT	0.5	0.9	0.186624317419	0.687176169133	144	64	False
Spondyloepiphyseal_Dysplasia_Congenita	ALL_MAPPINGS_CONSISTENT	ALL_MAPPINGS_CONSISTENT	0.5	0.9	0.177293101549	0.652817360676	288	128	False
Spondyloepiphyseal_Dysplasia_Nishimura_Type	ALL_MAPPINGS_CONSISTENT	ALL_MAPPINGS_CONSISTENT	0.5	0.9	0.207360352688	0.763529076814	72	32	False
Spondylometaphyseal_Dysplasia_Corner_Fracture_Type	ALL_MAPPINGS_CONSISTENT	ALL_MAPPINGS_CONSISTENT	0.5	0.9	0.168428446471	0.620176492642	576	256	False
Spondylometaphyseal_Dysplasia_Kozlowski_Type	ALL_MAPPINGS_CONSISTENT	ALL_MAPPINGS_CONSISTENT	0.5	0.9	0.168428446471	0.620176492642	576	256	False
Spondylometaphyseal_Dysplasia_with_Cone-Rod_Dystrophy	ALL_MAPPINGS_CONSISTENT	ALL_MAPPINGS_CONSISTENT	0.5	0.9	0.177293101549	0.652817360676	288	128	False
Spondylometaphyseal_Dysplasia_with_Corneal_Dystrophy	ALL_MAPPINGS_CONSISTENT	ALL_MAPPINGS_CONSISTENT	0.5	0.9	0.186624317419	0.687176169133	144	64	False
Stankiewicz_Isidor_syndrome	ALL_MAPPINGS_CONSISTENT	ALL_MAPPINGS_CONSISTENT	0.5	0.9	0.229762163644	0.846015597578	18	8	False
Stromme_Syndrome	RETRACTED	RETRACTED	0.5	0.5	0.08182758533	0.301300320312	864	384	False
Succinic_Semialdehyde_Dehydrogenase_Deficiency	ALL_MAPPINGS_CONSISTENT	ALL_MAPPINGS_CONSISTENT	0.5	0.9	0.180386286176	0.692724592119	288	128	False
Sweeney-Cox_Syndrome	ALL_MAPPINGS_CONSISTENT	ALL_MAPPINGS_CONSISTENT	0.5	0.9	0.218274055461	0.803714817699	36	16	False
Syndromic_X-linked_Intellectual_Disability_94	ALL_MAPPINGS_CONSISTENT	ALL_MAPPINGS_CONSISTENT	0.5	0.9	0.177293101549	0.652817360676	288	128	False
TACO1-Related_COX_Deficiency	ALL_MAPPINGS_CONSISTENT	ALL_MAPPINGS_CONSISTENT	0.5	0.9	0.218274055461	0.803714817699	36	16	False
TANGO2_Deficiency_Disorder	ALL_MAPPINGS_CONSISTENT	ALL_MAPPINGS_CONSISTENT	0.5	0.9	0.186624317419	0.687176169133	144	64	False
TARP_syndrome	ALL_MAPPINGS_CONSISTENT	ALL_MAPPINGS_CONSISTENT	0.5	0.9	0.177293101549	0.652817360676	288	128	False
TBX6-Associated_Congenital_Scoliosis	ALL_MAPPINGS_CONSISTENT	ALL_MAPPINGS_CONSISTENT	0.5	0.9	0.218274055461	0.803714817699	36	16	False
TCF20-Associated_Neurodevelopmental_Disorder	ALL_MAPPINGS_CONSISTENT	ALL_MAPPINGS_CONSISTENT	0.5	0.9	0.229762163644	0.846015597578	18	8	False
TEX11-related_spermatogenic_failure	ALL_MAPPINGS_CONSISTENT	ALL_MAPPINGS_CONSISTENT	0.5	0.9	0.218274055461	0.803714817699	36	16	False
TFRC-Related_Combined_Immunodeficiency	ALL_MAPPINGS_CONSISTENT	ALL_MAPPINGS_CONSISTENT	0.5	0.9	0.189880301238	0.729183781178	144	64	False
THG1L-Related_Disorder	ALL_MAPPINGS_CONSISTENT	ALL_MAPPINGS_CONSISTENT	0.5	0.95	0.222082223671	0.852846527694	36	16	False
THOC2-Related_Intellectual_Disability	ALL_MAPPINGS_CONSISTENT	ALL_MAPPINGS_CONSISTENT	0.5	0.9	0.186624317419	0.687176169133	144	64	False
THOC6-Related_Developmental_Delay-Microcephaly-Facial_Dysmorphism_Syndrome	ALL_MAPPINGS_CONSISTENT	ALL_MAPPINGS_CONSISTENT	0.5	0.9	0.196446649915	0.723343335929	72	32	False
THUMPD1-Related_Neurodevelopmental_Disorder	ALL_MAPPINGS_CONSISTENT	ALL_MAPPINGS_CONSISTENT	0.5	0.9	0.229762163644	0.846015597578	18	8	False
TLR3_Deficiency	ALL_MAPPINGS_CONSISTENT	ALL_MAPPINGS_CONSISTENT	0.5	0.9	0.229762163644	0.846015597578	18	8	False
TMEM199-CDG	ALL_MAPPINGS_CONSISTENT	ALL_MAPPINGS_CONSISTENT	0.5	0.9	0.186624317419	0.687176169133	144	64	False
TRAF3_Haploinsufficiency	ALL_MAPPINGS_CONSISTENT	ALL_MAPPINGS_CONSISTENT	0.5	0.9	0.241854909098	0.890542734293	9	4	False
TRAPPC12-Related_Encephalopathy	ALL_MAPPINGS_CONSISTENT	ALL_MAPPINGS_CONSISTENT	0.5	0.9	0.196446649915	0.723343335929	72	32	False
TRMU-Related_Acute_Infantile_Liver_Failure	ALL_MAPPINGS_CONSISTENT	ALL_MAPPINGS_CONSISTENT	0.5	0.9	0.186624317419	0.687176169133	144	64	False
TTC19-related_Mitochondrial_Complex_III_Deficiency	ALL_MAPPINGS_CONSISTENT	ALL_MAPPINGS_CONSISTENT	0.5	0.9	0.218274055461	0.803714817699	36	16	False
TTN_Related_Myopathy_Dominant_Negative_TTNsv	ALL_MAPPINGS_CONSISTENT	ALL_MAPPINGS_CONSISTENT	0.5	0.7	0.22125865893	0.678387263117	9	4	False
TUBA1A-related_Tubulinopathy	ALL_MAPPINGS_CONSISTENT	ALL_MAPPINGS_CONSISTENT	0.5	0.9	0.177293101549	0.652817360676	288	128	False
TUBA4A-related_Disorder	ALL_MAPPINGS_CONSISTENT	ALL_MAPPINGS_CONSISTENT	0.5	0.9	0.218274055461	0.803714817699	36	16	False
TUBA8-related_Polymicrogyria_with_Optic_Nerve_Hypoplasia	ALL_MAPPINGS_CONSISTENT	ALL_MAPPINGS_CONSISTENT	0.5	0.9	0.196446649915	0.723343335929	72	32	False
TUBB1-related_Macrothrombocytopenia	ALL_MAPPINGS_CONSISTENT	ALL_MAPPINGS_CONSISTENT	0.5	0.9	0.207360352688	0.763529076814	72	32	False
TUBB3-related_Tubulinopathy	ALL_MAPPINGS_CONSISTENT	ALL_MAPPINGS_CONSISTENT	0.5	0.9	0.241854909098	0.890542734293	9	4	False
TUBB8-related_Oocyte_Maturation_Defect	ALL_MAPPINGS_CONSISTENT	ALL_MAPPINGS_CONSISTENT	0.5	0.9	0.229762163644	0.846015597578	18	8	False
TUBB_TUBB5-related_Microcephaly	ALL_MAPPINGS_CONSISTENT	ALL_MAPPINGS_CONSISTENT	0.5	0.9	0.218274055461	0.803714817699	36	16	False
TUBG1-related_Tubulinopathy	ALL_MAPPINGS_CONSISTENT	ALL_MAPPINGS_CONSISTENT	0.5	0.9	0.218274055461	0.803714817699	36	16	False
TUBGCP2-related_Lissencephaly_Spectrum_Disorder	ALL_MAPPINGS_CONSISTENT	ALL_MAPPINGS_CONSISTENT	0.5	0.9	0.218274055461	0.803714817699	36	16	False
TUBGCP4-related_Microcephaly_and_Chorioretinopathy	ALL_MAPPINGS_CONSISTENT	ALL_MAPPINGS_CONSISTENT	0.5	0.9	0.218274055461	0.803714817699	36	16	False
TUBGCP6-related_Microcephaly_and_Chorioretinopathy	ALL_MAPPINGS_CONSISTENT	ALL_MAPPINGS_CONSISTENT	0.5	0.9	0.177293101549	0.652817360676	288	128	False
Tangier_Disease	ALL_MAPPINGS_CONSISTENT	ALL_MAPPINGS_CONSISTENT	0.5	0.9	0.168428446471	0.620176492642	576	256	False
Tatton-Brown-Rahman_overgrowth_syndrome	ALL_MAPPINGS_CONSISTENT	ALL_MAPPINGS_CONSISTENT	0.5	0.9	0.186624317419	0.687176169133	144	64	False
Taurine_Transporter_Deficiency	ALL_MAPPINGS_CONSISTENT	ALL_MAPPINGS_CONSISTENT	0.5	0.95	0.222082223671	0.852846527694	36	16	False
Taurodontism	ALL_MAPPINGS_CONSISTENT	ALL_MAPPINGS_CONSISTENT	0.5	0.9	0.207360352688	0.763529076814	72	32	False
Tay-Sachs_Disease_AB_Variant	ALL_MAPPINGS_CONSISTENT	ALL_MAPPINGS_CONSISTENT	0.5	0.9	0.171366971868	0.658088362513	576	256	False
Temple-Baraitser_Syndrome	ALL_MAPPINGS_CONSISTENT	ALL_MAPPINGS_CONSISTENT	0.5	0.9	0.189880301238	0.729183781178	144	64	False
Temtamy_Preaxial_Brachydactyly_Syndrome	ALL_MAPPINGS_CONSISTENT	ALL_MAPPINGS_CONSISTENT	0.5	0.9	0.177293101549	0.652817360676	288	128	False
Temtamy_Syndrome	ALL_MAPPINGS_CONSISTENT	ALL_MAPPINGS_CONSISTENT	0.5	0.9	0.168428446471	0.620176492642	576	256	False
Thanatophoric_Dysplasia_Type_1	ALL_MAPPINGS_CONSISTENT	ALL_MAPPINGS_CONSISTENT	0.5	0.9	0.186624317419	0.687176169133	144	64	False
Thanatophoric_Dysplasia_Type_2	ALL_MAPPINGS_CONSISTENT	ALL_MAPPINGS_CONSISTENT	0.5	0.9	0.177293101549	0.652817360676	288	128	False
Thiopurine_S-methyltransferase_Deficiency	RETRACTED	RETRACTED	0.5	0.5	0.097644998215	0.374979123939	432	192	False
Thyroid_Dyshormonogenesis_5	ALL_MAPPINGS_CONSISTENT	ALL_MAPPINGS_CONSISTENT	0.5	0.9	0.207360352688	0.763529076814	72	32	False
Timothy_Syndrome	ALL_MAPPINGS_CONSISTENT	ALL_MAPPINGS_CONSISTENT	0.5	0.9	0.168428446471	0.620176492642	576	256	False
Transaldolase_Deficiency	ALL_MAPPINGS_CONSISTENT	ALL_MAPPINGS_CONSISTENT	0.5	0.9	0.180386286176	0.692724592119	288	128	False
Transketolase_Deficiency	ALL_MAPPINGS_CONSISTENT	ALL_MAPPINGS_CONSISTENT	0.5	0.9	0.199874001304	0.767561874924	72	32	False
Trehalase_Deficiency	ALL_MAPPINGS_CONSISTENT	ALL_MAPPINGS_CONSISTENT	0.5	0.9	0.177293101549	0.652817360676	288	128	False
Triglyceride_Storage_Disease_Type_1	ALL_MAPPINGS_CONSISTENT	ALL_MAPPINGS_CONSISTENT	0.5	0.95	0.222082223671	0.852846527694	36	16	False
Triglyceride_Storage_Disease_Type_2	ALL_MAPPINGS_CONSISTENT	ALL_MAPPINGS_CONSISTENT	0.5	0.95	0.222082223671	0.852846527694	36	16	False
Trimethylaminuria	ALL_MAPPINGS_CONSISTENT	ALL_MAPPINGS_CONSISTENT	0.5	0.9	0.180386286176	0.692724592119	288	128	False
Triosephosphate_Isomerase_Deficiency	ALL_MAPPINGS_CONSISTENT	ALL_MAPPINGS_CONSISTENT	0.5	0.9	0.171366971868	0.658088362513	576	256	False
Tyrosinemia_Type_I	ALL_MAPPINGS_CONSISTENT	ALL_MAPPINGS_CONSISTENT	0.5	0.9	0.168428446471	0.620176492642	576	256	False
Tyrosinemia_Type_II	ALL_MAPPINGS_CONSISTENT	ALL_MAPPINGS_CONSISTENT	0.5	0.9	0.171366971868	0.658088362513	576	256	False
Tyrosinemia_Type_III	ALL_MAPPINGS_CONSISTENT	ALL_MAPPINGS_CONSISTENT	0.5	0.9	0.189880301238	0.729183781178	144	64	False
UBA5-Related_Developmental_and_Epileptic_Encephalopathy	ALL_MAPPINGS_CONSISTENT	ALL_MAPPINGS_CONSISTENT	0.5	0.9	0.218274055461	0.803714817699	36	16	False
UCHL1-Related_Neurodegeneration_with_Optic_Atrophy_and_Spastic_Paraplegia	ALL_MAPPINGS_CONSISTENT	ALL_MAPPINGS_CONSISTENT	0.5	0.9	0.186624317419	0.687176169133	144	64	False
UGDH-Related_Developmental_and_Epileptic_Encephalopathy_84	ALL_MAPPINGS_CONSISTENT	ALL_MAPPINGS_CONSISTENT	0.5	0.9	0.218274055461	0.803714817699	36	16	False
UGGT1-congenital_disorder_of_glycosylation	ALL_MAPPINGS_CONSISTENT	ALL_MAPPINGS_CONSISTENT	0.5	0.9	0.229762163644	0.846015597578	18	8	False
UGP2-Related_Developmental_and_Epileptic_Encephalopathy_83	ALL_MAPPINGS_CONSISTENT	ALL_MAPPINGS_CONSISTENT	0.5	0.9	0.218274055461	0.803714817699	36	16	False
UNC13A_Congenital_NDD_with_Epilepsy	ALL_MAPPINGS_CONSISTENT	ALL_MAPPINGS_CONSISTENT	0.5	0.9	0.218274055461	0.803714817699	36	16	False
UNC13A_NDD_with_Seizures_and_Movement_Disorder	ALL_MAPPINGS_CONSISTENT	ALL_MAPPINGS_CONSISTENT	0.5	0.9	0.218274055461	0.803714817699	36	16	False
Ulnar-Mammary_Syndrome	ALL_MAPPINGS_CONSISTENT	ALL_MAPPINGS_CONSISTENT	0.5	0.9	0.168428446471	0.620176492642	576	256	False
Uner_Tan_Syndrome	ALL_MAPPINGS_CONSISTENT	ALL_MAPPINGS_CONSISTENT	0.5	0.9	0.241854909098	0.890542734293	9	4	False
Unverricht-Lundborg_Disease	RETRACTED	RETRACTED	0.5	0.5	0.090919539256	0.33477813368	432	192	False
Urea_Cycle_Disorder	ALL_MAPPINGS_CONSISTENT	ALL_MAPPINGS_CONSISTENT	0.5	0.9	0.187142718301	0.689084991825	288	128	False
Usher_Syndrome_Type_4	ALL_MAPPINGS_CONSISTENT	ALL_MAPPINGS_CONSISTENT	0.5	0.9	0.229762163644	0.846015597578	18	8	False
Uveal_Coloboma-Cleft_Lip_and_Palate-Intellectual_Disability_Syndrome	ALL_MAPPINGS_CONSISTENT	ALL_MAPPINGS_CONSISTENT	0.5	0.9	0.180386286176	0.692724592119	288	128	False
VAMP2-Related_Disorder	ALL_MAPPINGS_CONSISTENT	ALL_MAPPINGS_CONSISTENT	0.5	0.9	0.229762163644	0.846015597578	18	8	False
VCP-associated_Multisystem_Proteinopathy	ALL_MAPPINGS_CONSISTENT	ALL_MAPPINGS_CONSISTENT	0.5	0.9	0.196992335054	0.725352622974	144	64	False
VPS4A-Related_Neurodevelopmental_Syndrome	ALL_MAPPINGS_CONSISTENT	ALL_MAPPINGS_CONSISTENT	0.5	0.9	0.196446649915	0.723343335929	72	32	False
VPS51-Related_Pontocerebellar_Hypoplasia-CDG	ALL_MAPPINGS_CONSISTENT	ALL_MAPPINGS_CONSISTENT	0.5	0.9	0.186624317419	0.687176169133	144	64	False
VPS53-Related_Pontocerebellar_Hypoplasia_Type_2E	ALL_MAPPINGS_CONSISTENT	ALL_MAPPINGS_CONSISTENT	0.5	0.9	0.218274055461	0.803714817699	36	16	False
Van_Buchem_Disease	ALL_MAPPINGS_CONSISTENT	ALL_MAPPINGS_CONSISTENT	0.5	0.9	0.168428446471	0.620176492642	576	256	False
Vascular_Ehlers-Danlos_Syndrome	ALL_MAPPINGS_CONSISTENT	ALL_MAPPINGS_CONSISTENT	0.5	0.9	0.186624317419	0.687176169133	144	64	False
Vici_Syndrome	ALL_MAPPINGS_CONSISTENT	ALL_MAPPINGS_CONSISTENT	0.5	0.9	0.168428446471	0.620176492642	576	256	False
Visceral_Heterotaxy_9	ALL_MAPPINGS_CONSISTENT	ALL_MAPPINGS_CONSISTENT	0.5	0.95	0.222082223671	0.852846527694	36	16	False
Vitamin_D-Dependent_Rickets_Type_1A	ALL_MAPPINGS_CONSISTENT	ALL_MAPPINGS_CONSISTENT	0.5	0.9	0.218274055461	0.803714817699	36	16	False
Vitamin_D-Dependent_Rickets_Type_1B	ALL_MAPPINGS_CONSISTENT	ALL_MAPPINGS_CONSISTENT	0.5	0.9	0.196992335054	0.725352622974	144	64	False
Vitamin_D-Dependent_Rickets_Type_2A	ALL_MAPPINGS_CONSISTENT	ALL_MAPPINGS_CONSISTENT	0.5	0.9	0.196992335054	0.725352622974	144	64	False
Vitamin_D-Dependent_Rickets_Type_3	ALL_MAPPINGS_CONSISTENT	ALL_MAPPINGS_CONSISTENT	0.5	0.9	0.229762163644	0.846015597578	18	8	False
WWOX-Related_Developmental_and_Epileptic_Encephalopathy	ALL_MAPPINGS_CONSISTENT	ALL_MAPPINGS_CONSISTENT	0.5	0.9	0.218274055461	0.803714817699	36	16	False
Warburg_Cinotti_Syndrome	ALL_MAPPINGS_CONSISTENT	ALL_MAPPINGS_CONSISTENT	0.5	0.9	0.229762163644	0.846015597578	18	8	False
Warsaw_breakage_syndrome	ALL_MAPPINGS_CONSISTENT	ALL_MAPPINGS_CONSISTENT	0.5	0.9	0.168428446471	0.620176492642	576	256	False
Weiss-Kruszka_Syndrome	ALL_MAPPINGS_CONSISTENT	ALL_MAPPINGS_CONSISTENT	0.5	0.9	0.196446649915	0.723343335929	72	32	False
White-Sutton_Syndrome	ALL_MAPPINGS_CONSISTENT	ALL_MAPPINGS_CONSISTENT	0.5	0.9	0.186624317419	0.687176169133	144	64	False
Wiedemann-Rautenstrauch_Syndrome	ALL_MAPPINGS_CONSISTENT	ALL_MAPPINGS_CONSISTENT	0.5	0.9	0.168428446471	0.620176492642	576	256	False
Wiedemann-Steiner_Syndrome	ALL_MAPPINGS_CONSISTENT	ALL_MAPPINGS_CONSISTENT	0.5	0.9	0.186624317419	0.687176169133	144	64	False
Wolman_Disease	RETRACTED	RETRACTED	0.5	0.5	0.086373562293	0.318039226996	864	384	False
Woodhouse-Sakati_Syndrome	ALL_MAPPINGS_CONSISTENT	ALL_MAPPINGS_CONSISTENT	0.5	0.9	0.168428446471	0.620176492642	576	256	False
X-Linked_Hypophosphatemia	ALL_MAPPINGS_CONSISTENT	ALL_MAPPINGS_CONSISTENT	0.5	0.9	0.177293101549	0.652817360676	288	128	False
X-Linked_Infantile_Spinal_Muscular_Atrophy	ALL_MAPPINGS_CONSISTENT	ALL_MAPPINGS_CONSISTENT	0.5	0.9	0.177293101549	0.652817360676	288	128	False
X-Linked_Spondyloepiphyseal_Dysplasia_Tarda	ALL_MAPPINGS_CONSISTENT	ALL_MAPPINGS_CONSISTENT	0.5	0.9	0.207360352688	0.763529076814	72	32	False
X-linked_Agammaglobulinemia	ALL_MAPPINGS_CONSISTENT	ALL_MAPPINGS_CONSISTENT	0.5	0.9	0.168428446471	0.620176492642	576	256	False
X-linked_Chondrodysplasia_Punctata_1	ALL_MAPPINGS_CONSISTENT	ALL_MAPPINGS_CONSISTENT	0.5	0.9	0.199874001304	0.767561874924	72	32	False
X-linked_Chondrodysplasia_Punctata_2	ALL_MAPPINGS_CONSISTENT	ALL_MAPPINGS_CONSISTENT	0.5	0.9	0.189880301238	0.729183781178	144	64	False
X-linked_Dilated_Cardiomyopathy	ALL_MAPPINGS_CONSISTENT	ALL_MAPPINGS_CONSISTENT	0.5	0.9	0.207360352688	0.763529076814	72	32	False
X-linked_Dystonia-Parkinsonism	ALL_MAPPINGS_CONSISTENT	ALL_MAPPINGS_CONSISTENT	0.5	0.9	0.168428446471	0.620176492642	576	256	False
X-linked_Mendelian_Susceptibility_to_Mycobacterial_Diseases_due_to_CYBB_Deficiency	ALL_MAPPINGS_CONSISTENT	ALL_MAPPINGS_CONSISTENT	0.5	0.9	0.207360352688	0.763529076814	72	32	False
X-linked_Retinoschisis	ALL_MAPPINGS_CONSISTENT	ALL_MAPPINGS_CONSISTENT	0.5	0.9	0.168428446471	0.620176492642	576	256	False
XFE_Progeroid_Syndrome	ALL_MAPPINGS_CONSISTENT	ALL_MAPPINGS_CONSISTENT	0.5	0.9	0.196992335054	0.725352622974	144	64	False
YWHAG_Syndrome	ALL_MAPPINGS_CONSISTENT	ALL_MAPPINGS_CONSISTENT	0.5	0.9	0.218274055461	0.803714817699	36	16	False
You-Hoover-Fong_Syndrome	ALL_MAPPINGS_CONSISTENT	ALL_MAPPINGS_CONSISTENT	0.5	0.9	0.199874001304	0.767561874924	72	32	False
ZNF407-Related_Neurodevelopmental_Disorder	ALL_MAPPINGS_CONSISTENT	ALL_MAPPINGS_CONSISTENT	0.5	0.9	0.229762163644	0.846015597578	18	8	False
ZTTK_syndrome	ALL_MAPPINGS_CONSISTENT	ALL_MAPPINGS_CONSISTENT	0.5	0.9	0.186624317419	0.687176169133	144	64	False
Zlotogora-Ogur_Syndrome	ALL_MAPPINGS_CONSISTENT	ALL_MAPPINGS_CONSISTENT	0.5	0.9	0.177293101549	0.652817360676	288	128	False
aceruloplasminemia	ALL_MAPPINGS_CONSISTENT	ALL_MAPPINGS_CONSISTENT	0.5	0.9	0.186624317419	0.687176169133	144	64	False
alpha-Methylacyl-CoA_Racemase_Deficiency	ALL_MAPPINGS_CONSISTENT	ALL_MAPPINGS_CONSISTENT	0.5	0.9	0.196992335054	0.725352622974	144	64	False
neuroferritinopathy	ALL_MAPPINGS_CONSISTENT	ALL_MAPPINGS_CONSISTENT	0.5	0.9	0.177293101549	0.652817360676	288	128	False
ornithine_aminotransferase_deficiency	ALL_MAPPINGS_CONSISTENT	ALL_MAPPINGS_CONSISTENT	0.5	0.9	0.168428446471	0.620176492642	576	256	False
